Time (s),P_PCC (pu),P_down (pu),P_up (pu)
-1.0,-0.5,-0.52,-0.48
-0.9988998899889989,-0.5,-0.52,-0.48
-0.9977997799779978,-0.5,-0.52,-0.48
-0.9966996699669967,-0.5,-0.52,-0.48
-0.9955995599559956,-0.5,-0.52,-0.48
-0.9944994499449945,-0.5,-0.52,-0.48
-0.9933993399339934,-0.5,-0.52,-0.48
-0.9922992299229924,-0.5,-0.52,-0.48
-0.9911991199119912,-0.5,-0.52,-0.48
-0.9900990099009901,-0.5,-0.52,-0.48
-0.988998899889989,-0.5,-0.52,-0.48
-0.9878987898789879,-0.5,-0.52,-0.48
-0.9867986798679867,-0.5,-0.52,-0.48
-0.9856985698569857,-0.5,-0.52,-0.48
-0.9845984598459846,-0.5,-0.52,-0.48
-0.9834983498349835,-0.5,-0.52,-0.48
-0.9823982398239824,-0.5,-0.52,-0.48
-0.9812981298129813,-0.5,-0.52,-0.48
-0.9801980198019802,-0.5,-0.52,-0.48
-0.9790979097909791,-0.5,-0.52,-0.48
-0.977997799779978,-0.5,-0.52,-0.48
-0.976897689768977,-0.5,-0.52,-0.48
-0.9757975797579758,-0.5,-0.52,-0.48
-0.9746974697469747,-0.5,-0.52,-0.48
-0.9735973597359736,-0.5,-0.52,-0.48
-0.9724972497249725,-0.5,-0.52,-0.48
-0.9713971397139713,-0.5,-0.52,-0.48
-0.9702970297029703,-0.5,-0.52,-0.48
-0.9691969196919692,-0.5,-0.52,-0.48
-0.9680968096809681,-0.5,-0.52,-0.48
-0.966996699669967,-0.5,-0.52,-0.48
-0.9658965896589659,-0.5,-0.52,-0.48
-0.9647964796479648,-0.5,-0.52,-0.48
-0.9636963696369637,-0.5,-0.52,-0.48
-0.9625962596259626,-0.5,-0.52,-0.48
-0.9614961496149615,-0.5,-0.52,-0.48
-0.9603960396039604,-0.5,-0.52,-0.48
-0.9592959295929593,-0.5,-0.52,-0.48
-0.9581958195819582,-0.5,-0.52,-0.48
-0.9570957095709571,-0.5,-0.52,-0.48
-0.955995599559956,-0.5,-0.52,-0.48
-0.9548954895489549,-0.5,-0.52,-0.48
-0.9537953795379538,-0.5,-0.52,-0.48
-0.9526952695269527,-0.5,-0.52,-0.48
-0.9515951595159516,-0.5,-0.52,-0.48
-0.9504950495049505,-0.5,-0.52,-0.48
-0.9493949394939494,-0.5,-0.52,-0.48
-0.9482948294829483,-0.5,-0.52,-0.48
-0.9471947194719472,-0.5,-0.52,-0.48
-0.9460946094609461,-0.5,-0.52,-0.48
-0.944994499449945,-0.5,-0.52,-0.48
-0.9438943894389439,-0.5,-0.52,-0.48
-0.9427942794279428,-0.5,-0.52,-0.48
-0.9416941694169417,-0.5,-0.52,-0.48
-0.9405940594059405,-0.5,-0.52,-0.48
-0.9394939493949395,-0.5,-0.52,-0.48
-0.9383938393839384,-0.5,-0.52,-0.48
-0.9372937293729373,-0.5,-0.52,-0.48
-0.9361936193619362,-0.5,-0.52,-0.48
-0.9350935093509352,-0.5,-0.52,-0.48
-0.933993399339934,-0.5,-0.52,-0.48
-0.9328932893289329,-0.5,-0.52,-0.48
-0.9317931793179318,-0.5,-0.52,-0.48
-0.9306930693069307,-0.5,-0.52,-0.48
-0.9295929592959296,-0.5,-0.52,-0.48
-0.9284928492849285,-0.5,-0.52,-0.48
-0.9273927392739274,-0.5,-0.52,-0.48
-0.9262926292629263,-0.5,-0.52,-0.48
-0.9251925192519252,-0.5,-0.52,-0.48
-0.9240924092409241,-0.5,-0.52,-0.48
-0.922992299229923,-0.5,-0.52,-0.48
-0.9218921892189219,-0.5,-0.52,-0.48
-0.9207920792079208,-0.5,-0.52,-0.48
-0.9196919691969196,-0.5,-0.52,-0.48
-0.9185918591859186,-0.5,-0.52,-0.48
-0.9174917491749175,-0.5,-0.52,-0.48
-0.9163916391639164,-0.5,-0.52,-0.48
-0.9152915291529153,-0.5,-0.52,-0.48
-0.9141914191419142,-0.5,-0.52,-0.48
-0.9130913091309131,-0.5,-0.52,-0.48
-0.911991199119912,-0.5,-0.52,-0.48
-0.9108910891089109,-0.5,-0.52,-0.48
-0.9097909790979097,-0.5,-0.52,-0.48
-0.9086908690869087,-0.5,-0.52,-0.48
-0.9075907590759076,-0.5,-0.52,-0.48
-0.9064906490649065,-0.5,-0.52,-0.48
-0.9053905390539054,-0.5,-0.52,-0.48
-0.9042904290429044,-0.5,-0.52,-0.48
-0.9031903190319032,-0.5,-0.52,-0.48
-0.9020902090209021,-0.5,-0.52,-0.48
-0.900990099009901,-0.5,-0.52,-0.48
-0.8998899889988999,-0.5,-0.52,-0.48
-0.8987898789878987,-0.5,-0.52,-0.48
-0.8976897689768977,-0.5,-0.52,-0.48
-0.8965896589658966,-0.5,-0.52,-0.48
-0.8954895489548955,-0.5,-0.52,-0.48
-0.8943894389438944,-0.5,-0.52,-0.48
-0.8932893289328933,-0.5,-0.52,-0.48
-0.8921892189218922,-0.5,-0.52,-0.48
-0.8910891089108911,-0.5,-0.52,-0.48
-0.88998899889989,-0.5,-0.52,-0.48
-0.8888888888888888,-0.5,-0.52,-0.48
-0.8877887788778878,-0.5,-0.52,-0.48
-0.8866886688668867,-0.5,-0.52,-0.48
-0.8855885588558856,-0.5,-0.52,-0.48
-0.8844884488448845,-0.5,-0.52,-0.48
-0.8833883388338833,-0.5,-0.52,-0.48
-0.8822882288228823,-0.5,-0.52,-0.48
-0.8811881188118812,-0.5,-0.52,-0.48
-0.8800880088008801,-0.5,-0.52,-0.48
-0.878987898789879,-0.5,-0.52,-0.48
-0.8778877887788779,-0.5,-0.52,-0.48
-0.8767876787678768,-0.5,-0.52,-0.48
-0.8756875687568757,-0.5,-0.52,-0.48
-0.8745874587458746,-0.5,-0.52,-0.48
-0.8734873487348735,-0.5,-0.52,-0.48
-0.8723872387238724,-0.5,-0.52,-0.48
-0.8712871287128713,-0.5,-0.52,-0.48
-0.8701870187018702,-0.5,-0.52,-0.48
-0.8690869086908691,-0.5,-0.52,-0.48
-0.8679867986798679,-0.5,-0.52,-0.48
-0.8668866886688669,-0.5,-0.52,-0.48
-0.8657865786578658,-0.5,-0.52,-0.48
-0.8646864686468647,-0.5,-0.52,-0.48
-0.8635863586358636,-0.5,-0.52,-0.48
-0.8624862486248626,-0.5,-0.52,-0.48
-0.8613861386138614,-0.5,-0.52,-0.48
-0.8602860286028603,-0.5,-0.52,-0.48
-0.8591859185918592,-0.5,-0.52,-0.48
-0.858085808580858,-0.5,-0.52,-0.48
-0.856985698569857,-0.5,-0.52,-0.48
-0.8558855885588559,-0.5,-0.52,-0.48
-0.8547854785478548,-0.5,-0.52,-0.48
-0.8536853685368537,-0.5,-0.52,-0.48
-0.8525852585258527,-0.5,-0.52,-0.48
-0.8514851485148515,-0.5,-0.52,-0.48
-0.8503850385038504,-0.5,-0.52,-0.48
-0.8492849284928493,-0.5,-0.52,-0.48
-0.8481848184818481,-0.5,-0.52,-0.48
-0.847084708470847,-0.5,-0.52,-0.48
-0.845984598459846,-0.5,-0.52,-0.48
-0.8448844884488449,-0.5,-0.52,-0.48
-0.8437843784378438,-0.5,-0.52,-0.48
-0.8426842684268427,-0.5,-0.52,-0.48
-0.8415841584158416,-0.5,-0.52,-0.48
-0.8404840484048405,-0.5,-0.52,-0.48
-0.8393839383938394,-0.5,-0.52,-0.48
-0.8382838283828383,-0.5,-0.52,-0.48
-0.8371837183718371,-0.5,-0.52,-0.48
-0.8360836083608361,-0.5,-0.52,-0.48
-0.834983498349835,-0.5,-0.52,-0.48
-0.8338833883388339,-0.5,-0.52,-0.48
-0.8327832783278328,-0.5,-0.52,-0.48
-0.8316831683168318,-0.5,-0.52,-0.48
-0.8305830583058306,-0.5,-0.52,-0.48
-0.8294829482948295,-0.5,-0.52,-0.48
-0.8283828382838284,-0.5,-0.52,-0.48
-0.8272827282728272,-0.5,-0.52,-0.48
-0.8261826182618262,-0.5,-0.52,-0.48
-0.8250825082508251,-0.5,-0.52,-0.48
-0.823982398239824,-0.5,-0.52,-0.48
-0.8228822882288229,-0.5,-0.52,-0.48
-0.8217821782178218,-0.5,-0.52,-0.48
-0.8206820682068207,-0.5,-0.52,-0.48
-0.8195819581958196,-0.5,-0.52,-0.48
-0.8184818481848185,-0.5,-0.52,-0.48
-0.8173817381738174,-0.5,-0.52,-0.48
-0.8162816281628162,-0.5,-0.52,-0.48
-0.8151815181518152,-0.5,-0.52,-0.48
-0.8140814081408141,-0.5,-0.52,-0.48
-0.812981298129813,-0.5,-0.52,-0.48
-0.8118811881188119,-0.5,-0.52,-0.48
-0.8107810781078109,-0.5,-0.52,-0.48
-0.8096809680968097,-0.5,-0.52,-0.48
-0.8085808580858086,-0.5,-0.52,-0.48
-0.8074807480748075,-0.5,-0.52,-0.48
-0.8063806380638063,-0.5,-0.52,-0.48
-0.8052805280528053,-0.5,-0.52,-0.48
-0.8041804180418042,-0.5,-0.52,-0.48
-0.8030803080308031,-0.5,-0.52,-0.48
-0.801980198019802,-0.5,-0.52,-0.48
-0.800880088008801,-0.5,-0.52,-0.48
-0.7997799779977998,-0.5,-0.52,-0.48
-0.7986798679867987,-0.5,-0.52,-0.48
-0.7975797579757976,-0.5,-0.52,-0.48
-0.7964796479647964,-0.5,-0.52,-0.48
-0.7953795379537953,-0.5,-0.52,-0.48
-0.7942794279427943,-0.5,-0.52,-0.48
-0.7931793179317932,-0.5,-0.52,-0.48
-0.7920792079207921,-0.5,-0.52,-0.48
-0.790979097909791,-0.5,-0.52,-0.48
-0.7898789878987899,-0.5,-0.52,-0.48
-0.7887788778877888,-0.5,-0.52,-0.48
-0.7876787678767877,-0.5,-0.52,-0.48
-0.7865786578657866,-0.5,-0.52,-0.48
-0.7854785478547854,-0.5,-0.52,-0.48
-0.7843784378437844,-0.5,-0.52,-0.48
-0.7832783278327833,-0.5,-0.52,-0.48
-0.7821782178217822,-0.5,-0.52,-0.48
-0.7810781078107811,-0.5,-0.52,-0.48
-0.77997799779978,-0.5,-0.52,-0.48
-0.7788778877887789,-0.5,-0.52,-0.48
-0.7777777777777778,-0.5,-0.52,-0.48
-0.7766776677667767,-0.5,-0.52,-0.48
-0.7755775577557755,-0.5,-0.52,-0.48
-0.7744774477447744,-0.5,-0.52,-0.48
-0.7733773377337734,-0.5,-0.52,-0.48
-0.7722772277227723,-0.5,-0.52,-0.48
-0.7711771177117712,-0.5,-0.52,-0.48
-0.7700770077007701,-0.5,-0.52,-0.48
-0.768976897689769,-0.5,-0.52,-0.48
-0.7678767876787679,-0.5,-0.52,-0.48
-0.7667766776677668,-0.5,-0.52,-0.48
-0.7656765676567657,-0.5,-0.52,-0.48
-0.7645764576457645,-0.5,-0.52,-0.48
-0.7634763476347635,-0.5,-0.52,-0.48
-0.7623762376237624,-0.5,-0.52,-0.48
-0.7612761276127613,-0.5,-0.52,-0.48
-0.7601760176017602,-0.5,-0.52,-0.48
-0.7590759075907592,-0.5,-0.52,-0.48
-0.757975797579758,-0.5,-0.52,-0.48
-0.7568756875687569,-0.5,-0.52,-0.48
-0.7557755775577558,-0.5,-0.52,-0.48
-0.7546754675467546,-0.5,-0.52,-0.48
-0.7535753575357536,-0.5,-0.52,-0.48
-0.7524752475247525,-0.5,-0.52,-0.48
-0.7513751375137514,-0.5,-0.52,-0.48
-0.7502750275027503,-0.5,-0.52,-0.48
-0.7491749174917492,-0.5,-0.52,-0.48
-0.7480748074807481,-0.5,-0.52,-0.48
-0.746974697469747,-0.5,-0.52,-0.48
-0.7458745874587459,-0.5,-0.52,-0.48
-0.7447744774477447,-0.5,-0.52,-0.48
-0.7436743674367436,-0.5,-0.52,-0.48
-0.7425742574257426,-0.5,-0.52,-0.48
-0.7414741474147415,-0.5,-0.52,-0.48
-0.7403740374037404,-0.5,-0.52,-0.48
-0.7392739273927393,-0.5,-0.52,-0.48
-0.7381738173817383,-0.5,-0.52,-0.48
-0.7370737073707371,-0.5,-0.52,-0.48
-0.735973597359736,-0.5,-0.52,-0.48
-0.7348734873487348,-0.5,-0.52,-0.48
-0.7337733773377337,-0.5,-0.52,-0.48
-0.7326732673267327,-0.5,-0.52,-0.48
-0.7315731573157316,-0.5,-0.52,-0.48
-0.7304730473047305,-0.5,-0.52,-0.48
-0.7293729372937294,-0.5,-0.52,-0.48
-0.7282728272827284,-0.5,-0.52,-0.48
-0.7271727172717272,-0.5,-0.52,-0.48
-0.7260726072607261,-0.5,-0.52,-0.48
-0.724972497249725,-0.5,-0.52,-0.48
-0.7238723872387238,-0.5,-0.52,-0.48
-0.7227722772277227,-0.5,-0.52,-0.48
-0.7216721672167217,-0.5,-0.52,-0.48
-0.7205720572057206,-0.5,-0.52,-0.48
-0.7194719471947195,-0.5,-0.52,-0.48
-0.7183718371837184,-0.5,-0.52,-0.48
-0.7172717271727174,-0.5,-0.52,-0.48
-0.7161716171617162,-0.5,-0.52,-0.48
-0.7150715071507151,-0.5,-0.52,-0.48
-0.7139713971397139,-0.5,-0.52,-0.48
-0.7128712871287128,-0.5,-0.52,-0.48
-0.7117711771177118,-0.5,-0.52,-0.48
-0.7106710671067107,-0.5,-0.52,-0.48
-0.7095709570957096,-0.5,-0.52,-0.48
-0.7084708470847085,-0.5,-0.52,-0.48
-0.7073707370737075,-0.5,-0.52,-0.48
-0.7062706270627063,-0.5,-0.52,-0.48
-0.7051705170517052,-0.5,-0.52,-0.48
-0.704070407040704,-0.5,-0.52,-0.48
-0.7029702970297029,-0.5,-0.52,-0.48
-0.7018701870187019,-0.5,-0.52,-0.48
-0.7007700770077008,-0.5,-0.52,-0.48
-0.6996699669966997,-0.5,-0.52,-0.48
-0.6985698569856986,-0.5,-0.52,-0.48
-0.6974697469746975,-0.5,-0.52,-0.48
-0.6963696369636964,-0.5,-0.52,-0.48
-0.6952695269526953,-0.5,-0.52,-0.48
-0.6941694169416942,-0.5,-0.52,-0.48
-0.693069306930693,-0.5,-0.52,-0.48
-0.6919691969196919,-0.5,-0.52,-0.48
-0.6908690869086909,-0.5,-0.52,-0.48
-0.6897689768976898,-0.5,-0.52,-0.48
-0.6886688668866887,-0.5,-0.52,-0.48
-0.6875687568756876,-0.5,-0.52,-0.48
-0.6864686468646866,-0.5,-0.52,-0.48
-0.6853685368536854,-0.5,-0.52,-0.48
-0.6842684268426843,-0.5,-0.52,-0.48
-0.6831683168316831,-0.5,-0.52,-0.48
-0.682068206820682,-0.5,-0.52,-0.48
-0.680968096809681,-0.5,-0.52,-0.48
-0.6798679867986799,-0.5,-0.52,-0.48
-0.6787678767876788,-0.5,-0.52,-0.48
-0.6776677667766777,-0.5,-0.52,-0.48
-0.6765676567656767,-0.5,-0.52,-0.48
-0.6754675467546755,-0.5,-0.52,-0.48
-0.6743674367436744,-0.5,-0.52,-0.48
-0.6732673267326733,-0.5,-0.52,-0.48
-0.6721672167216721,-0.5,-0.52,-0.48
-0.671067106710671,-0.5,-0.52,-0.48
-0.66996699669967,-0.5,-0.52,-0.48
-0.6688668866886689,-0.5,-0.52,-0.48
-0.6677667766776678,-0.5,-0.52,-0.48
-0.6666666666666667,-0.5,-0.52,-0.48
-0.6655665566556657,-0.5,-0.52,-0.48
-0.6644664466446645,-0.5,-0.52,-0.48
-0.6633663366336634,-0.5,-0.52,-0.48
-0.6622662266226622,-0.5,-0.52,-0.48
-0.6611661166116611,-0.5,-0.52,-0.48
-0.6600660066006601,-0.5,-0.52,-0.48
-0.658965896589659,-0.5,-0.52,-0.48
-0.6578657865786579,-0.5,-0.52,-0.48
-0.6567656765676568,-0.5,-0.52,-0.48
-0.6556655665566558,-0.5,-0.52,-0.48
-0.6545654565456546,-0.5,-0.52,-0.48
-0.6534653465346535,-0.5,-0.52,-0.48
-0.6523652365236523,-0.5,-0.52,-0.48
-0.6512651265126512,-0.5,-0.52,-0.48
-0.6501650165016502,-0.5,-0.52,-0.48
-0.6490649064906491,-0.5,-0.52,-0.48
-0.647964796479648,-0.5,-0.52,-0.48
-0.6468646864686469,-0.5,-0.52,-0.48
-0.6457645764576458,-0.5,-0.52,-0.48
-0.6446644664466447,-0.5,-0.52,-0.48
-0.6435643564356436,-0.5,-0.52,-0.48
-0.6424642464246425,-0.5,-0.52,-0.48
-0.6413641364136413,-0.5,-0.52,-0.48
-0.6402640264026402,-0.5,-0.52,-0.48
-0.6391639163916392,-0.5,-0.52,-0.48
-0.6380638063806381,-0.5,-0.52,-0.48
-0.636963696369637,-0.5,-0.52,-0.48
-0.6358635863586359,-0.5,-0.52,-0.48
-0.6347634763476349,-0.5,-0.52,-0.48
-0.6336633663366337,-0.5,-0.52,-0.48
-0.6325632563256326,-0.5,-0.52,-0.48
-0.6314631463146314,-0.5,-0.52,-0.48
-0.6303630363036303,-0.5,-0.52,-0.48
-0.6292629262926293,-0.5,-0.52,-0.48
-0.6281628162816282,-0.5,-0.52,-0.48
-0.6270627062706271,-0.5,-0.52,-0.48
-0.625962596259626,-0.5,-0.52,-0.48
-0.624862486248625,-0.5,-0.52,-0.48
-0.6237623762376238,-0.5,-0.52,-0.48
-0.6226622662266227,-0.5,-0.52,-0.48
-0.6215621562156216,-0.5,-0.52,-0.48
-0.6204620462046204,-0.5,-0.52,-0.48
-0.6193619361936193,-0.5,-0.52,-0.48
-0.6182618261826183,-0.5,-0.52,-0.48
-0.6171617161716172,-0.5,-0.52,-0.48
-0.6160616061606161,-0.5,-0.52,-0.48
-0.614961496149615,-0.5,-0.52,-0.48
-0.613861386138614,-0.5,-0.52,-0.48
-0.6127612761276128,-0.5,-0.52,-0.48
-0.6116611661166117,-0.5,-0.52,-0.48
-0.6105610561056105,-0.5,-0.52,-0.48
-0.6094609460946094,-0.5,-0.52,-0.48
-0.6083608360836084,-0.5,-0.52,-0.48
-0.6072607260726073,-0.5,-0.52,-0.48
-0.6061606160616062,-0.5,-0.52,-0.48
-0.6050605060506051,-0.5,-0.52,-0.48
-0.603960396039604,-0.5,-0.52,-0.48
-0.6028602860286029,-0.5,-0.52,-0.48
-0.6017601760176018,-0.5,-0.52,-0.48
-0.6006600660066006,-0.5,-0.52,-0.48
-0.5995599559955995,-0.5,-0.52,-0.48
-0.5984598459845984,-0.5,-0.52,-0.48
-0.5973597359735974,-0.5,-0.52,-0.48
-0.5962596259625963,-0.5,-0.52,-0.48
-0.5951595159515952,-0.5,-0.52,-0.48
-0.5940594059405941,-0.5,-0.52,-0.48
-0.592959295929593,-0.5,-0.52,-0.48
-0.5918591859185919,-0.5,-0.52,-0.48
-0.5907590759075908,-0.5,-0.52,-0.48
-0.5896589658965896,-0.5,-0.52,-0.48
-0.5885588558855885,-0.5,-0.52,-0.48
-0.5874587458745875,-0.5,-0.52,-0.48
-0.5863586358635864,-0.5,-0.52,-0.48
-0.5852585258525853,-0.5,-0.52,-0.48
-0.5841584158415842,-0.5,-0.52,-0.48
-0.5830583058305832,-0.5,-0.52,-0.48
-0.581958195819582,-0.5,-0.52,-0.48
-0.5808580858085809,-0.5,-0.52,-0.48
-0.5797579757975797,-0.5,-0.52,-0.48
-0.5786578657865786,-0.5,-0.52,-0.48
-0.5775577557755776,-0.5,-0.52,-0.48
-0.5764576457645765,-0.5,-0.52,-0.48
-0.5753575357535754,-0.5,-0.52,-0.48
-0.5742574257425743,-0.5,-0.52,-0.48
-0.5731573157315732,-0.5,-0.52,-0.48
-0.5720572057205721,-0.5,-0.52,-0.48
-0.570957095709571,-0.5,-0.52,-0.48
-0.5698569856985699,-0.5,-0.52,-0.48
-0.5687568756875687,-0.5,-0.52,-0.48
-0.5676567656765676,-0.5,-0.52,-0.48
-0.5665566556655666,-0.5,-0.52,-0.48
-0.5654565456545655,-0.5,-0.52,-0.48
-0.5643564356435644,-0.5,-0.52,-0.48
-0.5632563256325633,-0.5,-0.52,-0.48
-0.5621562156215623,-0.5,-0.52,-0.48
-0.5610561056105611,-0.5,-0.52,-0.48
-0.55995599559956,-0.5,-0.52,-0.48
-0.5588558855885588,-0.5,-0.52,-0.48
-0.5577557755775577,-0.5,-0.52,-0.48
-0.5566556655665567,-0.5,-0.52,-0.48
-0.5555555555555556,-0.5,-0.52,-0.48
-0.5544554455445545,-0.5,-0.52,-0.48
-0.5533553355335534,-0.5,-0.52,-0.48
-0.5522552255225524,-0.5,-0.52,-0.48
-0.5511551155115512,-0.5,-0.52,-0.48
-0.5500550055005501,-0.5,-0.52,-0.48
-0.5489548954895489,-0.5,-0.52,-0.48
-0.5478547854785478,-0.5,-0.52,-0.48
-0.5467546754675467,-0.5,-0.52,-0.48
-0.5456545654565457,-0.5,-0.52,-0.48
-0.5445544554455446,-0.5,-0.52,-0.48
-0.5434543454345435,-0.5,-0.52,-0.48
-0.5423542354235424,-0.5,-0.52,-0.48
-0.5412541254125413,-0.5,-0.52,-0.48
-0.5401540154015402,-0.5,-0.52,-0.48
-0.5390539053905391,-0.5,-0.52,-0.48
-0.5379537953795379,-0.5,-0.52,-0.48
-0.5368536853685368,-0.5,-0.52,-0.48
-0.5357535753575358,-0.5,-0.52,-0.48
-0.5346534653465347,-0.5,-0.52,-0.48
-0.5335533553355336,-0.5,-0.52,-0.48
-0.5324532453245325,-0.5,-0.52,-0.48
-0.5313531353135315,-0.5,-0.52,-0.48
-0.5302530253025303,-0.5,-0.52,-0.48
-0.5291529152915292,-0.5,-0.52,-0.48
-0.528052805280528,-0.5,-0.52,-0.48
-0.5269526952695269,-0.5,-0.52,-0.48
-0.5258525852585259,-0.5,-0.52,-0.48
-0.5247524752475248,-0.5,-0.52,-0.48
-0.5236523652365237,-0.5,-0.52,-0.48
-0.5225522552255226,-0.5,-0.52,-0.48
-0.5214521452145215,-0.5,-0.52,-0.48
-0.5203520352035204,-0.5,-0.52,-0.48
-0.5192519251925193,-0.5,-0.52,-0.48
-0.5181518151815182,-0.5,-0.52,-0.48
-0.517051705170517,-0.5,-0.52,-0.48
-0.5159515951595159,-0.5,-0.52,-0.48
-0.5148514851485149,-0.5,-0.52,-0.48
-0.5137513751375138,-0.5,-0.52,-0.48
-0.5126512651265127,-0.5,-0.52,-0.48
-0.5115511551155116,-0.5,-0.52,-0.48
-0.5104510451045106,-0.5,-0.52,-0.48
-0.5093509350935094,-0.5,-0.52,-0.48
-0.5082508250825083,-0.5,-0.52,-0.48
-0.5071507150715071,-0.5,-0.52,-0.48
-0.506050605060506,-0.5,-0.52,-0.48
-0.504950495049505,-0.5,-0.52,-0.48
-0.5038503850385039,-0.5,-0.52,-0.48
-0.5027502750275028,-0.5,-0.52,-0.48
-0.5016501650165017,-0.5,-0.52,-0.48
-0.5005500550055006,-0.5,-0.52,-0.48
-0.49944994499449946,-0.5,-0.52,-0.48
-0.4983498349834984,-0.5,-0.52,-0.48
-0.4972497249724973,-0.5,-0.52,-0.48
-0.4961496149614961,-0.5,-0.52,-0.48
-0.49504950495049505,-0.5,-0.52,-0.48
-0.49394939493949397,-0.5,-0.52,-0.48
-0.4928492849284929,-0.5,-0.52,-0.48
-0.4917491749174918,-0.5,-0.52,-0.48
-0.49064906490649063,-0.5,-0.52,-0.48
-0.48954895489548955,-0.5,-0.52,-0.48
-0.4884488448844885,-0.5,-0.52,-0.48
-0.4873487348734874,-0.5,-0.52,-0.48
-0.4862486248624863,-0.5,-0.52,-0.48
-0.48514851485148514,-0.5,-0.52,-0.48
-0.48404840484048406,-0.5,-0.52,-0.48
-0.482948294829483,-0.5,-0.52,-0.48
-0.4818481848184819,-0.5,-0.52,-0.48
-0.48074807480748083,-0.5,-0.52,-0.48
-0.47964796479647964,-0.5,-0.52,-0.48
-0.47854785478547857,-0.5,-0.52,-0.48
-0.4774477447744775,-0.5,-0.52,-0.48
-0.4763476347634764,-0.5,-0.52,-0.48
-0.4752475247524752,-0.5,-0.52,-0.48
-0.47414741474147415,-0.5,-0.52,-0.48
-0.4730473047304731,-0.5,-0.52,-0.48
-0.471947194719472,-0.5,-0.52,-0.48
-0.4708470847084709,-0.5,-0.52,-0.48
-0.46974697469746973,-0.5,-0.52,-0.48
-0.46864686468646866,-0.5,-0.52,-0.48
-0.4675467546754676,-0.5,-0.52,-0.48
-0.4664466446644665,-0.5,-0.52,-0.48
-0.4653465346534654,-0.5,-0.52,-0.48
-0.46424642464246424,-0.5,-0.52,-0.48
-0.46314631463146316,-0.5,-0.52,-0.48
-0.4620462046204621,-0.5,-0.52,-0.48
-0.460946094609461,-0.5,-0.52,-0.48
-0.4598459845984598,-0.5,-0.52,-0.48
-0.45874587458745875,-0.5,-0.52,-0.48
-0.45764576457645767,-0.5,-0.52,-0.48
-0.4565456545654566,-0.5,-0.52,-0.48
-0.4554455445544555,-0.5,-0.52,-0.48
-0.45434543454345433,-0.5,-0.52,-0.48
-0.45324532453245325,-0.5,-0.52,-0.48
-0.4521452145214522,-0.5,-0.52,-0.48
-0.4510451045104511,-0.5,-0.52,-0.48
-0.44994499449945,-0.5,-0.52,-0.48
-0.44884488448844884,-0.5,-0.52,-0.48
-0.44774477447744776,-0.5,-0.52,-0.48
-0.4466446644664467,-0.5,-0.52,-0.48
-0.4455445544554456,-0.5,-0.52,-0.48
-0.4444444444444444,-0.5,-0.52,-0.48
-0.44334433443344334,-0.5,-0.52,-0.48
-0.44224422442244227,-0.5,-0.52,-0.48
-0.4411441144114412,-0.5,-0.52,-0.48
-0.4400440044004401,-0.5,-0.52,-0.48
-0.4389438943894389,-0.5,-0.52,-0.48
-0.43784378437843785,-0.5,-0.52,-0.48
-0.4367436743674368,-0.5,-0.52,-0.48
-0.4356435643564357,-0.5,-0.52,-0.48
-0.4345434543454346,-0.5,-0.52,-0.48
-0.43344334433443343,-0.5,-0.52,-0.48
-0.43234323432343236,-0.5,-0.52,-0.48
-0.4312431243124313,-0.5,-0.52,-0.48
-0.4301430143014302,-0.5,-0.52,-0.48
-0.42904290429042913,-0.5,-0.52,-0.48
-0.42794279427942794,-0.5,-0.52,-0.48
-0.42684268426842686,-0.5,-0.52,-0.48
-0.4257425742574258,-0.5,-0.52,-0.48
-0.4246424642464247,-0.5,-0.52,-0.48
-0.4235423542354235,-0.5,-0.52,-0.48
-0.42244224422442245,-0.5,-0.52,-0.48
-0.42134213421342137,-0.5,-0.52,-0.48
-0.4202420242024203,-0.5,-0.52,-0.48
-0.4191419141914192,-0.5,-0.52,-0.48
-0.41804180418041803,-0.5,-0.52,-0.48
-0.41694169416941695,-0.5,-0.52,-0.48
-0.4158415841584159,-0.5,-0.52,-0.48
-0.4147414741474148,-0.5,-0.52,-0.48
-0.4136413641364137,-0.5,-0.52,-0.48
-0.41254125412541254,-0.5,-0.52,-0.48
-0.41144114411441146,-0.5,-0.52,-0.48
-0.4103410341034104,-0.5,-0.52,-0.48
-0.4092409240924093,-0.5,-0.52,-0.48
-0.4081408140814081,-0.5,-0.52,-0.48
-0.40704070407040704,-0.5,-0.52,-0.48
-0.40594059405940597,-0.5,-0.52,-0.48
-0.4048404840484049,-0.5,-0.52,-0.48
-0.4037403740374038,-0.5,-0.52,-0.48
-0.40264026402640263,-0.5,-0.52,-0.48
-0.40154015401540155,-0.5,-0.52,-0.48
-0.4004400440044005,-0.5,-0.52,-0.48
-0.3993399339933994,-0.5,-0.52,-0.48
-0.3982398239823983,-0.5,-0.52,-0.48
-0.39713971397139713,-0.5,-0.52,-0.48
-0.39603960396039606,-0.5,-0.52,-0.48
-0.394939493949395,-0.5,-0.52,-0.48
-0.3938393839383939,-0.5,-0.52,-0.48
-0.3927392739273927,-0.5,-0.52,-0.48
-0.39163916391639164,-0.5,-0.52,-0.48
-0.39053905390539057,-0.5,-0.52,-0.48
-0.3894389438943895,-0.5,-0.52,-0.48
-0.3883388338833884,-0.5,-0.52,-0.48
-0.3872387238723872,-0.5,-0.52,-0.48
-0.38613861386138615,-0.5,-0.52,-0.48
-0.38503850385038507,-0.5,-0.52,-0.48
-0.383938393839384,-0.5,-0.52,-0.48
-0.3828382838283829,-0.5,-0.52,-0.48
-0.38173817381738173,-0.5,-0.52,-0.48
-0.38063806380638066,-0.5,-0.52,-0.48
-0.3795379537953796,-0.5,-0.52,-0.48
-0.3784378437843785,-0.5,-0.52,-0.48
-0.3773377337733774,-0.5,-0.52,-0.48
-0.37623762376237624,-0.5,-0.52,-0.48
-0.37513751375137516,-0.5,-0.52,-0.48
-0.3740374037403741,-0.5,-0.52,-0.48
-0.372937293729373,-0.5,-0.52,-0.48
-0.3718371837183718,-0.5,-0.52,-0.48
-0.37073707370737075,-0.5,-0.52,-0.48
-0.36963696369636967,-0.5,-0.52,-0.48
-0.3685368536853686,-0.5,-0.52,-0.48
-0.3674367436743675,-0.5,-0.52,-0.48
-0.36633663366336633,-0.5,-0.52,-0.48
-0.36523652365236525,-0.5,-0.52,-0.48
-0.3641364136413642,-0.5,-0.52,-0.48
-0.3630363036303631,-0.5,-0.52,-0.48
-0.361936193619362,-0.5,-0.52,-0.48
-0.36083608360836084,-0.5,-0.52,-0.48
-0.35973597359735976,-0.5,-0.52,-0.48
-0.3586358635863587,-0.5,-0.52,-0.48
-0.3575357535753576,-0.5,-0.52,-0.48
-0.3564356435643564,-0.5,-0.52,-0.48
-0.35533553355335534,-0.5,-0.52,-0.48
-0.35423542354235427,-0.5,-0.52,-0.48
-0.3531353135313532,-0.5,-0.52,-0.48
-0.3520352035203521,-0.5,-0.52,-0.48
-0.3509350935093509,-0.5,-0.52,-0.48
-0.34983498349834985,-0.5,-0.52,-0.48
-0.3487348734873488,-0.5,-0.52,-0.48
-0.3476347634763477,-0.5,-0.52,-0.48
-0.3465346534653466,-0.5,-0.52,-0.48
-0.34543454345434543,-0.5,-0.52,-0.48
-0.34433443344334436,-0.5,-0.52,-0.48
-0.3432343234323433,-0.5,-0.52,-0.48
-0.3421342134213422,-0.5,-0.52,-0.48
-0.341034103410341,-0.5,-0.52,-0.48
-0.33993399339933994,-0.5,-0.52,-0.48
-0.33883388338833886,-0.5,-0.52,-0.48
-0.3377337733773378,-0.5,-0.52,-0.48
-0.3366336633663367,-0.5,-0.52,-0.48
-0.3355335533553355,-0.5,-0.52,-0.48
-0.33443344334433445,-0.5,-0.52,-0.48
-0.33333333333333337,-0.5,-0.52,-0.48
-0.3322332233223323,-0.5,-0.52,-0.48
-0.3311331133113312,-0.5,-0.52,-0.48
-0.33003300330033003,-0.5,-0.52,-0.48
-0.32893289328932895,-0.5,-0.52,-0.48
-0.3278327832783279,-0.5,-0.52,-0.48
-0.3267326732673268,-0.5,-0.52,-0.48
-0.3256325632563256,-0.5,-0.52,-0.48
-0.32453245324532454,-0.5,-0.52,-0.48
-0.32343234323432346,-0.5,-0.52,-0.48
-0.3223322332233224,-0.5,-0.52,-0.48
-0.3212321232123213,-0.5,-0.52,-0.48
-0.3201320132013201,-0.5,-0.52,-0.48
-0.31903190319031904,-0.5,-0.52,-0.48
-0.31793179317931797,-0.5,-0.52,-0.48
-0.3168316831683169,-0.5,-0.52,-0.48
-0.3157315731573158,-0.5,-0.52,-0.48
-0.3146314631463146,-0.5,-0.52,-0.48
-0.31353135313531355,-0.5,-0.52,-0.48
-0.3124312431243125,-0.5,-0.52,-0.48
-0.3113311331133114,-0.5,-0.52,-0.48
-0.3102310231023103,-0.5,-0.52,-0.48
-0.30913091309130913,-0.5,-0.52,-0.48
-0.30803080308030806,-0.5,-0.52,-0.48
-0.306930693069307,-0.5,-0.52,-0.48
-0.3058305830583059,-0.5,-0.52,-0.48
-0.3047304730473047,-0.5,-0.52,-0.48
-0.30363036303630364,-0.5,-0.52,-0.48
-0.30253025302530256,-0.5,-0.52,-0.48
-0.3014301430143015,-0.5,-0.52,-0.48
-0.3003300330033004,-0.5,-0.52,-0.48
-0.2992299229922992,-0.5,-0.52,-0.48
-0.29812981298129815,-0.5,-0.52,-0.48
-0.29702970297029707,-0.5,-0.52,-0.48
-0.295929592959296,-0.5,-0.52,-0.48
-0.2948294829482949,-0.5,-0.52,-0.48
-0.29372937293729373,-0.5,-0.52,-0.48
-0.29262926292629265,-0.5,-0.52,-0.48
-0.2915291529152916,-0.5,-0.52,-0.48
-0.2904290429042905,-0.5,-0.52,-0.48
-0.2893289328932893,-0.5,-0.52,-0.48
-0.28822882288228824,-0.5,-0.52,-0.48
-0.28712871287128716,-0.5,-0.52,-0.48
-0.2860286028602861,-0.5,-0.52,-0.48
-0.284928492849285,-0.5,-0.52,-0.48
-0.2838283828382838,-0.5,-0.52,-0.48
-0.28272827282728275,-0.5,-0.52,-0.48
-0.28162816281628167,-0.5,-0.52,-0.48
-0.2805280528052806,-0.5,-0.52,-0.48
-0.2794279427942795,-0.5,-0.52,-0.48
-0.27832783278327833,-0.5,-0.52,-0.48
-0.27722772277227725,-0.5,-0.52,-0.48
-0.2761276127612762,-0.5,-0.52,-0.48
-0.2750275027502751,-0.5,-0.52,-0.48
-0.2739273927392739,-0.5,-0.52,-0.48
-0.27282728272827284,-0.5,-0.52,-0.48
-0.27172717271727176,-0.5,-0.52,-0.48
-0.2706270627062707,-0.5,-0.52,-0.48
-0.2695269526952696,-0.5,-0.52,-0.48
-0.2684268426842684,-0.5,-0.52,-0.48
-0.26732673267326734,-0.5,-0.52,-0.48
-0.26622662266226627,-0.5,-0.52,-0.48
-0.2651265126512652,-0.5,-0.52,-0.48
-0.2640264026402641,-0.5,-0.52,-0.48
-0.2629262926292629,-0.5,-0.52,-0.48
-0.26182618261826185,-0.5,-0.52,-0.48
-0.2607260726072608,-0.5,-0.52,-0.48
-0.2596259625962597,-0.5,-0.52,-0.48
-0.2585258525852586,-0.5,-0.52,-0.48
-0.25742574257425743,-0.5,-0.52,-0.48
-0.25632563256325636,-0.5,-0.52,-0.48
-0.2552255225522553,-0.5,-0.52,-0.48
-0.2541254125412542,-0.5,-0.52,-0.48
-0.253025302530253,-0.5,-0.52,-0.48
-0.25192519251925194,-0.5,-0.52,-0.48
-0.25082508250825086,-0.5,-0.52,-0.48
-0.2497249724972498,-0.5,-0.52,-0.48
-0.2486248624862487,-0.5,-0.52,-0.48
-0.24752475247524752,-0.5,-0.52,-0.48
-0.24642464246424645,-0.5,-0.52,-0.48
-0.24532453245324537,-0.5,-0.52,-0.48
-0.2442244224422443,-0.5,-0.52,-0.48
-0.24312431243124322,-0.5,-0.52,-0.48
-0.24202420242024203,-0.5,-0.52,-0.48
-0.24092409240924095,-0.5,-0.52,-0.48
-0.23982398239823988,-0.5,-0.52,-0.48
-0.2387238723872388,-0.5,-0.52,-0.48
-0.2376237623762376,-0.5,-0.52,-0.48
-0.23652365236523654,-0.5,-0.52,-0.48
-0.23542354235423546,-0.5,-0.52,-0.48
-0.23432343234323438,-0.5,-0.52,-0.48
-0.2332233223322333,-0.5,-0.52,-0.48
-0.23212321232123212,-0.5,-0.52,-0.48
-0.23102310231023104,-0.5,-0.52,-0.48
-0.22992299229922997,-0.5,-0.52,-0.48
-0.2288228822882289,-0.5,-0.52,-0.48
-0.22772277227722781,-0.5,-0.52,-0.48
-0.22662266226622663,-0.5,-0.52,-0.48
-0.22552255225522555,-0.5,-0.52,-0.48
-0.22442244224422447,-0.5,-0.52,-0.48
-0.2233223322332234,-0.5,-0.52,-0.48
-0.2222222222222222,-0.5,-0.52,-0.48
-0.22112211221122113,-0.5,-0.52,-0.48
-0.22002200220022006,-0.5,-0.52,-0.48
-0.21892189218921898,-0.5,-0.52,-0.48
-0.2178217821782179,-0.5,-0.52,-0.48
-0.21672167216721672,-0.5,-0.52,-0.48
-0.21562156215621564,-0.5,-0.52,-0.48
-0.21452145214521456,-0.5,-0.52,-0.48
-0.2134213421342135,-0.5,-0.52,-0.48
-0.2123212321232124,-0.5,-0.52,-0.48
-0.21122112211221122,-0.5,-0.52,-0.48
-0.21012101210121015,-0.5,-0.52,-0.48
-0.20902090209020907,-0.5,-0.52,-0.48
-0.207920792079208,-0.5,-0.52,-0.48
-0.20682068206820692,-0.5,-0.52,-0.48
-0.20572057205720573,-0.5,-0.52,-0.48
-0.20462046204620465,-0.5,-0.52,-0.48
-0.20352035203520358,-0.5,-0.52,-0.48
-0.2024202420242025,-0.5,-0.52,-0.48
-0.20132013201320131,-0.5,-0.52,-0.48
-0.20022002200220024,-0.5,-0.52,-0.48
-0.19911991199119916,-0.5,-0.52,-0.48
-0.19801980198019808,-0.5,-0.52,-0.48
-0.196919691969197,-0.5,-0.52,-0.48
-0.19581958195819582,-0.5,-0.52,-0.48
-0.19471947194719474,-0.5,-0.52,-0.48
-0.19361936193619367,-0.5,-0.52,-0.48
-0.1925192519251926,-0.5,-0.52,-0.48
-0.19141914191419152,-0.5,-0.52,-0.48
-0.19031903190319033,-0.5,-0.52,-0.48
-0.18921892189218925,-0.5,-0.52,-0.48
-0.18811881188118817,-0.5,-0.52,-0.48
-0.1870187018701871,-0.5,-0.52,-0.48
-0.1859185918591859,-0.5,-0.52,-0.48
-0.18481848184818483,-0.5,-0.52,-0.48
-0.18371837183718376,-0.5,-0.52,-0.48
-0.18261826182618268,-0.5,-0.52,-0.48
-0.1815181518151816,-0.5,-0.52,-0.48
-0.18041804180418042,-0.5,-0.52,-0.48
-0.17931793179317934,-0.5,-0.52,-0.48
-0.17821782178217827,-0.5,-0.52,-0.48
-0.1771177117711772,-0.5,-0.52,-0.48
-0.1760176017601761,-0.5,-0.52,-0.48
-0.17491749174917492,-0.5,-0.52,-0.48
-0.17381738173817385,-0.5,-0.52,-0.48
-0.17271727172717277,-0.5,-0.52,-0.48
-0.1716171617161717,-0.5,-0.52,-0.48
-0.1705170517051705,-0.5,-0.52,-0.48
-0.16941694169416943,-0.5,-0.52,-0.48
-0.16831683168316836,-0.5,-0.52,-0.48
-0.16721672167216728,-0.5,-0.52,-0.48
-0.1661166116611662,-0.5,-0.52,-0.48
-0.16501650165016502,-0.5,-0.52,-0.48
-0.16391639163916394,-0.5,-0.52,-0.48
-0.16281628162816286,-0.5,-0.52,-0.48
-0.16171617161716179,-0.5,-0.52,-0.48
-0.1606160616061607,-0.5,-0.52,-0.48
-0.15951595159515952,-0.5,-0.52,-0.48
-0.15841584158415845,-0.5,-0.52,-0.48
-0.15731573157315737,-0.5,-0.52,-0.48
-0.1562156215621563,-0.5,-0.52,-0.48
-0.1551155115511551,-0.5,-0.52,-0.48
-0.15401540154015403,-0.5,-0.52,-0.48
-0.15291529152915295,-0.5,-0.52,-0.48
-0.15181518151815188,-0.5,-0.52,-0.48
-0.1507150715071508,-0.5,-0.52,-0.48
-0.1496149614961496,-0.5,-0.52,-0.48
-0.14851485148514854,-0.5,-0.52,-0.48
-0.14741474147414746,-0.5,-0.52,-0.48
-0.14631463146314638,-0.5,-0.52,-0.48
-0.1452145214521453,-0.5,-0.52,-0.48
-0.14411441144114412,-0.5,-0.52,-0.48
-0.14301430143014304,-0.5,-0.52,-0.48
-0.14191419141914197,-0.5,-0.52,-0.48
-0.1408140814081409,-0.5,-0.52,-0.48
-0.1397139713971398,-0.5,-0.52,-0.48
-0.13861386138613863,-0.5,-0.52,-0.48
-0.13751375137513755,-0.5,-0.52,-0.48
-0.13641364136413647,-0.5,-0.52,-0.48
-0.1353135313531354,-0.5,-0.52,-0.48
-0.1342134213421342,-0.5,-0.52,-0.48
-0.13311331133113313,-0.5,-0.52,-0.48
-0.13201320132013206,-0.5,-0.52,-0.48
-0.13091309130913098,-0.5,-0.52,-0.48
-0.1298129812981299,-0.5,-0.52,-0.48
-0.12871287128712872,-0.5,-0.52,-0.48
-0.12761276127612764,-0.5,-0.52,-0.48
-0.12651265126512656,-0.5,-0.52,-0.48
-0.1254125412541255,-0.5,-0.52,-0.48
-0.12431243124312441,-0.5,-0.52,-0.48
-0.12321232123212322,-0.5,-0.52,-0.48
-0.12211221122112215,-0.5,-0.52,-0.48
-0.12101210121012107,-0.5,-0.52,-0.48
-0.11991199119912,-0.5,-0.52,-0.48
-0.1188118811881188,-0.5,-0.52,-0.48
-0.11771177117711773,-0.5,-0.52,-0.48
-0.11661166116611665,-0.5,-0.52,-0.48
-0.11551155115511558,-0.5,-0.52,-0.48
-0.1144114411441145,-0.5,-0.52,-0.48
-0.11331133113311331,-0.5,-0.52,-0.48
-0.11221122112211224,-0.5,-0.52,-0.48
-0.11111111111111116,-0.5,-0.52,-0.48
-0.11001100110011008,-0.5,-0.52,-0.48
-0.10891089108910901,-0.5,-0.52,-0.48
-0.10781078107810782,-0.5,-0.52,-0.48
-0.10671067106710674,-0.5,-0.52,-0.48
-0.10561056105610567,-0.5,-0.52,-0.48
-0.10451045104510459,-0.5,-0.52,-0.48
-0.1034103410341034,-0.5,-0.52,-0.48
-0.10231023102310233,-0.5,-0.52,-0.48
-0.10121012101210125,-0.5,-0.52,-0.48
-0.10011001100110017,-0.5,-0.52,-0.48
-0.0990099009900991,-0.5,-0.52,-0.48
-0.09790979097909791,-0.5,-0.52,-0.48
-0.09680968096809683,-0.5,-0.52,-0.48
-0.09570957095709576,-0.5,-0.52,-0.48
-0.09460946094609468,-0.5,-0.52,-0.48
-0.0935093509350936,-0.5,-0.52,-0.48
-0.09240924092409242,-0.5,-0.52,-0.48
-0.09130913091309134,-0.5,-0.52,-0.48
-0.09020902090209026,-0.5,-0.52,-0.48
-0.08910891089108919,-0.5,-0.52,-0.48
-0.08800880088008811,-0.5,-0.52,-0.48
-0.08690869086908692,-0.5,-0.52,-0.48
-0.08580858085808585,-0.5,-0.52,-0.48
-0.08470847084708477,-0.5,-0.52,-0.48
-0.0836083608360837,-0.5,-0.52,-0.48
-0.08250825082508251,-0.5,-0.52,-0.48
-0.08140814081408143,-0.5,-0.52,-0.48
-0.08030803080308035,-0.5,-0.52,-0.48
-0.07920792079207928,-0.5,-0.52,-0.48
-0.0781078107810782,-0.5,-0.52,-0.48
-0.07700770077007701,-0.5,-0.52,-0.48
-0.07590759075907594,-0.5,-0.52,-0.48
-0.07480748074807486,-0.5,-0.52,-0.48
-0.07370737073707379,-0.5,-0.52,-0.48
-0.07260726072607271,-0.5,-0.52,-0.48
-0.07150715071507152,-0.5,-0.52,-0.48
-0.07040704070407044,-0.5,-0.52,-0.48
-0.06930693069306937,-0.5,-0.52,-0.48
-0.06820682068206829,-0.5,-0.52,-0.48
-0.0671067106710671,-0.5,-0.52,-0.48
-0.06600660066006603,-0.5,-0.52,-0.48
-0.06490649064906495,-0.5,-0.52,-0.48
-0.06380638063806388,-0.5,-0.52,-0.48
-0.0627062706270628,-0.5,-0.52,-0.48
-0.06160616061606161,-0.5,-0.52,-0.48
-0.060506050605060535,-0.5,-0.52,-0.48
-0.05940594059405946,-0.5,-0.52,-0.48
-0.05830583058305838,-0.5,-0.52,-0.48
-0.057205720572057306,-0.5,-0.52,-0.48
-0.05610561056105612,-0.5,-0.52,-0.48
-0.05500550055005504,-0.5,-0.52,-0.48
-0.053905390539053966,-0.5,-0.52,-0.48
-0.05280528052805289,-0.5,-0.52,-0.48
-0.0517051705170517,-0.5,-0.52,-0.48
-0.050605060506050625,-0.5,-0.52,-0.48
-0.04950495049504955,-0.5,-0.52,-0.48
-0.04840484048404847,-0.5,-0.52,-0.48
-0.047304730473047396,-0.5,-0.52,-0.48
-0.04620462046204621,-0.5,-0.52,-0.48
-0.04510451045104513,-0.5,-0.52,-0.48
-0.044004400440044056,-0.5,-0.52,-0.48
-0.04290429042904298,-0.5,-0.52,-0.48
-0.0418041804180419,-0.5,-0.52,-0.48
-0.040704070407040716,-0.5,-0.52,-0.48
-0.03960396039603964,-0.5,-0.52,-0.48
-0.03850385038503856,-0.5,-0.52,-0.48
-0.037403740374037486,-0.5,-0.52,-0.48
-0.03630363036303641,-0.5,-0.52,-0.48
-0.03520352035203522,-0.5,-0.52,-0.48
-0.034103410341034146,-0.5,-0.52,-0.48
-0.03300330033003307,-0.5,-0.52,-0.48
-0.03190319031903199,-0.5,-0.52,-0.48
-0.030803080308030806,-0.5,-0.52,-0.48
-0.02970297029702973,-0.5,-0.52,-0.48
-0.028602860286028653,-0.5,-0.52,-0.48
-0.027502750275027577,-0.5,-0.52,-0.48
-0.0264026402640265,-0.5,-0.52,-0.48
-0.025302530253025313,-0.5,-0.52,-0.48
-0.024202420242024236,-0.5,-0.52,-0.48
-0.02310231023102316,-0.5,-0.52,-0.48
-0.022002200220022083,-0.5,-0.52,-0.48
-0.020902090209021007,-0.5,-0.52,-0.48
-0.01980198019801982,-0.5,-0.52,-0.48
-0.018701870187018743,-0.5,-0.52,-0.48
-0.017601760176017667,-0.5,-0.52,-0.48
-0.01650165016501659,-0.5,-0.52,-0.48
-0.015401540154015403,-0.5,-0.52,-0.48
-0.014301430143014326,-0.5,-0.52,-0.48
-0.01320132013201325,-0.5,-0.52,-0.48
-0.012101210121012174,-0.5,-0.52,-0.48
-0.011001100110011097,-0.5,-0.52,-0.48
-0.00990099009900991,-0.5,-0.52,-0.48
-0.008800880088008833,-0.5,-0.52,-0.48
-0.007700770077007757,-0.5,-0.52,-0.48
-0.0066006600660066805,-0.5,-0.52,-0.48
-0.005500550055005604,-0.5,-0.52,-0.48
-0.004400440044004417,-0.5,-0.52,-0.48
-0.0033003300330033403,-0.5,-0.52,-0.48
-0.002200220022002264,-0.5,-0.52,-0.48
-0.0011001100110011874,-0.5,-0.52,-0.48
0.0,-0.5,-0.52,-0.48
0.0011001100110010764,-0.5,-0.52,-0.48
0.002200220022002153,-0.5,-0.52,-0.48
0.0033003300330032292,-0.5,-0.52,-0.48
0.004400440044004306,-0.5,-0.52,-0.48
0.005500550055005382,-0.5,-0.52,-0.48
0.0066006600660064585,-0.5,-0.52,-0.48
0.007700770077007757,-0.5,-0.52,-0.48
0.008800880088008833,-0.5,-0.52,-0.48
0.00990099009900991,-0.5,-0.52,-0.48
0.011001100110010986,-0.5,-0.52,-0.48
0.012101210121012063,-0.5,-0.52,-0.48
0.013201320132013139,-0.5,-0.52,-0.48
0.014301430143014215,-0.5,-0.52,-0.48
0.015401540154015292,-0.5,-0.52,-0.48
0.01650165016501637,-0.5,-0.52,-0.48
0.017601760176017445,-0.5,-0.52,-0.48
0.018701870187018743,-0.5,-0.52,-0.48
0.01980198019801982,-0.5,-0.52,-0.48
0.020902090209020896,-0.5000054269461816,-0.520007055429239,-0.48000379854087816
0.022002200220021972,-0.5000216863564185,-0.5200281984363323,-0.48001517549402073
0.02310231023102305,-0.5000487171620854,-0.5200633625207493,-0.48003407783594965
0.024202420242024125,-0.5000864240082746,-0.5201124435326256,-0.48006042314519837
0.0253025302530252,-0.5001346821067412,-0.5201753047350556,-0.4800941040743718
0.026402640264026278,-0.5001933415441555,-0.5202517813111524,-0.480134992300585
0.027502750275027354,-0.5002622311035939,-0.5203416843743937,-0.48018294201081957
0.028602860286028653,-0.500341161651129,-0.520444804534653,-0.48023779297275837
0.02970297029702973,-0.5004299291339434,-0.5205609150668465,-0.48029937323631067
0.030803080308030806,-0.50052831723152,-0.5206897747242174,-0.48036750150624896
0.03190319031903188,-0.5006360996971009,-0.5208311302338909,-0.4804419892220908
0.03300330033003296,-0.5007530424226985,-0.5209847185083936,-0.48052264237752196
0.034103410341034035,-0.5008789052574486,-0.5211502686033095,-0.4806092631082196
0.03520352035203511,-0.5010134436059566,-0.521327503448087,-0.4807016510738643
0.03630363036303619,-0.5011564098304864,-0.521516141374182,-0.48079960465737104
0.037403740374037264,-0.5013075544783273,-0.5217158974621913,-0.4809029220019144
0.03850385038503834,-0.501466627353424,-0.5219264847273606,-0.4810114019041144
0.03960396039603964,-0.5016333784493406,-0.5221476151608188,-0.48112484457977933
0.040704070407040716,-0.5018075587588273,-0.5223790006420719,-0.48124305231684084
0.04180418041804179,-0.5019889209736365,-0.5226203537366576,-0.48136583002853417
0.04290429042904287,-0.5021772200867991,-0.5228713883914031,-0.48149298571846755
0.044004400440043945,-0.5023722139082681,-0.5231318205384204,-0.48162433086796397
0.04510451045104502,-0.5025736635036797,-0.5234013686178014,-0.4817596807549249
0.0462046204620461,-0.5027813335649471,-0.5236797540279283,-0.4818988547124621
0.047304730473047174,-0.5029949927204707,-0.5239667015113737,-0.48204167633463524
0.04840484048404825,-0.5032144137919153,-0.5242619394835225,-0.4821879736358321
0.04950495049504955,-0.503439374003765,-0.5245652003102987,-0.4823375791696013
0.050605060506050625,-0.5036696551511952,-0.5248762205407004,-0.4824903301121084
0.0517051705170517,-0.5039050437312097,-0.5251947410992445,-0.4826460683148075
0.05280528052805278,-0.5041453310414528,-0.5255205074428835,-0.4828046403304056
0.053905390539053855,-0.5043903132506327,-0.5258532696864688,-0.48296589741574225
0.05500550055005493,-0.5046397914440638,-0.526192782700404,-0.4831296955147898
0.05610561056105601,-0.5048935716474521,-0.5265388061837414,-0.48329589522462146
0.057205720572057084,-0.5051514648317091,-0.5268911047156293,-0.48346436174686025
0.05830583058305816,-0.5054132869012711,-0.5272494477877059,-0.4836349648268373
0.05940594059405946,-0.5056788586681287,-0.5276136098197544,-0.4838075786824222
0.060506050605060535,-0.5059480058135274,-0.527983370160689,-0.48398208192425984
0.06160616061606161,-0.5062205588390811,-0.5283585130767161,-0.4841583574689421
0.06270627062706269,-0.5064963530088433,-0.5287388277283128,-0.4843362924464545
0.06380638063806376,-0.5067752282837096,-0.5291241081374914,-0.48451577810308055
0.06490649064906484,-0.5070570292493664,-0.5295141531466537,-0.4846967097007938
0.06600660066006592,-0.5073416050388638,-0.5299087663701989,-0.48487898641404403
0.067106710671067,-0.5076288092507624,-0.5303077561399192,-0.4850625112247239
0.06820682068206807,-0.5079184998636973,-0.530710935445103,-0.48524719081600287
0.06930693069306915,-0.5082105391480999,-0.531118121868165,-0.4854329354656234
0.07040704070407044,-0.5085047935757318,-0.5315291375165259,-0.4856196589391717
0.07150715071507152,-0.5088011337276048,-0.5319438089513906,-0.4858072783837689
0.0726072607260726,-0.5090994342007915,-0.5323619671139908,-0.4859957142225576
0.07370737073707367,-0.5093995735145668,-0.5327834472498014,-0.4861848900503092
0.07480748074807475,-0.5097014340162677,-0.5332080888311762,-0.4863747325304253
0.07590759075907583,-0.5100049017872064,-0.5336357354787967,-0.4865651712935608
0.0770077007700769,-0.5103098665489272,-0.5340662348822838,-0.48675613883806124
0.07810781078107798,-0.5106162215700607,-0.5344994387202778,-0.4869475704323697
0.07920792079207906,-0.5109238635739926,-0.5349352025802564,-0.48713940401953115
0.08030803080308035,-0.511232692647531,-0.5353733858783255,-0.48733158012389355
0.08140814081408143,-0.5115426121507338,-0.5358138517791914,-0.4875240417600841
0.08250825082508251,-0.5118535286280272,-0.536256467116492,-0.4877167343443173
0.08360836083608358,-0.51216535172073,-0.5367011023136444,-0.48790960560807384
0.08470847084708466,-0.512477994081074,-0.5371476313053453,-0.4881026055141774
0.08580858085808574,-0.5127913712878001,-0.5375959314598385,-0.4882956861752762
0.08690869086908681,-0.5131054017633884,-0.5380458835020532,-0.48848880177473397
0.08800880088008789,-0.5134200066929713,-0.5384973714376937,-0.48868190848991544
0.08910891089108897,-0.5137351099449657,-0.5389502824783587,-0.4888749644178517
0.09020902090209004,-0.5140506379934517,-0.5394045069677442,-0.4890679295032575
0.09130913091309134,-0.5143665198423119,-0.5398599383089859,-0.48926076546886854
0.09240924092409242,-0.5146826869511442,-0.5403164728931784,-0.489453435748064
0.0935093509350935,-0.5149990731629485,-0.5407740100291062,-0.48964590541972997
0.09460946094609457,-0.5153156146335839,-0.5412324518742108,-0.4898381411453221
0.09570957095709565,-0.5156322497629888,-0.541691703366814,-0.4900301111080785
0.09680968096809672,-0.5159489191281498,-0.5421516721596116,-0.49022178495433333
0.0979097909790978,-0.5162655654178032,-0.542612268554445,-0.49041313373688
0.09900990099009888,-0.5165821333688496,-0.5430734054383568,-0.49060412986033164
0.10011001100109995,-0.5168985697044564,-0.5435349982209298,-0.49079474702842474
0.10121012101210125,-0.5172148230738255,-0.5439969647729073,-0.4909849601932126
0.10231023102310233,-0.5175308439935986,-0.5444592253660898,-0.4911747455060934
0.1034103410341034,-0.5178465847908689,-0.5449217026144993,-0.4913640802706204
0.10451045104510448,-0.5181619995477726,-0.545384321416801,-0.4915529428970382
0.10561056105610556,-0.5184770440476271,-0.5458470088999701,-0.4917413128584931
0.10671067106710663,-0.5187916757225829,-0.5463096943641917,-0.4919291706488641
0.10781078107810771,-0.5191058536027601,-0.5467723092289768,-0.49211649774216204
0.10891089108910879,-0.5194195382668331,-0.5472347869804782,-0.49230327655344597
0.11001100110010986,-0.5197326917940318,-0.5476970631199908,-0.49248949040120626
0.11111111111111116,-0.5200452777175263,-0.5481590751136165,-0.4926751234711647
0.11221122112211224,-0.5203572609791608,-0.5486207623430758,-0.4928601607814429
0.11331133113311331,-0.5206686078855044,-0.549082066057647,-0.49304458814905394
0.11441144114411439,-0.5209792860651852,-0.5495429293272128,-0.4932283921576671
0.11551155115511547,-0.5212892644274748,-0.5500032969963948,-0.4934115601266056
0.11661166116611654,-0.5215985131220916,-0.5504631156397555,-0.4935940800810289
0.11771177117711762,-0.5219070035001904,-0.550922333518047,-0.49377594072326203
0.1188118811881187,-0.522214708076506,-0.5513809005354878,-0.4939571314052258
0.11991199119911977,-0.522521600492622,-0.5518387681980443,-0.49413764210193123
0.12101210121012085,-0.5228276554813305,-0.5522958895726995,-0.4943174633859987
0.12211221122112215,-0.5231328488320577,-0.5527522192476864,-0.49449658640316274
0.12321232123212322,-0.5234371573573208,-0.5532077132936675,-0.4946750028487281
0.1243124312431243,-0.5237405588601917,-0.5536623292258396,-0.4948527049449408
0.12541254125412538,-0.5240430321027362,-0.5541160259669435,-0.4950296854192392
0.12651265126512645,-0.5243445567754026,-0.5545687638111607,-0.4952059374833544
0.12761276127612753,-0.5246451134673331,-0.555020504388875,-0.49538145481322604
0.1287128712871286,-0.5249446836375704,-0.5554712106322837,-0.4955562315297034
0.12981298129812968,-0.525243249587134,-0.555920846741835,-0.49573026218000327
0.13091309130913076,-0.5255407944319425,-0.5563693781534773,-0.49590354171989326
0.13201320132013206,-0.5258373020765552,-0.5568167715066986,-0.496076065496576
0.13311331133113313,-0.5261327571887117,-0.5572629946133405,-0.4962478292322454
0.1342134213421342,-0.5264271451746431,-0.5577080164271682,-0.4964188290082896
0.13531353135313529,-0.5267204521551357,-0.5581518070141781,-0.4965890612501175
0.13641364136413636,-0.5270126649423221,-0.5585943375236291,-0.4967585227125815
0.13751375137513744,-0.52730377101718,-0.5590355801597761,-0.496927210465978
0.13861386138613851,-0.527593758507717,-0.5594755081542946,-0.4970951218825991
0.1397139713971396,-0.5278826161678224,-0.5599140957393759,-0.497262254623817
0.14081408140814067,-0.5281703333567638,-0.5603513181214803,-0.49742860662767985
0.14191419141914174,-0.5284569000193117,-0.5607871514557311,-0.4975941760969983
0.14301430143014304,-0.5287423066664722,-0.561221572820934,-0.4977589614879051
0.14411441144114412,-0.52902654435681,-0.5616545601952099,-0.4979229614988683
0.1452145214521452,-0.5293096046783441,-0.5620860924322234,-0.4980861750601412
0.14631463146314627,-0.5295914797309986,-0.562516149237994,-0.49824860132363147
0.14741474147414735,-0.529872162109593,-0.5629447111482768,-0.49841023965317344
0.14851485148514842,-0.5301516448873539,-0.5633717595064992,-0.4985710896151879
0.1496149614961495,-0.5304299215999356,-0.5637972764422386,-0.49873115096971365
0.15071507150715058,-0.5307069862299305,-0.5642212448502306,-0.49889042366179703
0.15181518151815165,-0.5309828331918578,-0.5646436483698934,-0.49904890781322586
0.15291529152915295,-0.5312574573176139,-0.5650644713653563,-0.4992066037145918
0.15401540154015403,-0.531530853842372,-0.5654836989059812,-0.49936351181767236
0.1551155115511551,-0.5318030183909166,-0.5659013167473635,-0.4995196327281157
0.15621562156215618,-0.5320739469643999,-0.5663173113128036,-0.49967496719841986
0.15731573157315726,-0.5323436359275072,-0.5667316696752335,-0.49982951612119253
0.15841584158415833,-0.5326120819960197,-0.5671443795395926,-0.4999832805226818
0.1595159515951594,-0.5328792822247616,-0.5675554292256387,-0.5001362615565661
0.1606160616061605,-0.5331452339959205,-0.5679648076511827,-0.500288460497994
0.16171617161716156,-0.53340993500773,-0.5683725043157414,-0.5004398787378644
0.16281628162816286,-0.5336733832635028,-0.5687785092845928,-0.5005905177773355
0.16391639163916394,-0.5339355770610036,-0.5691828131732287,-0.5007403792225563
0.16501650165016502,-0.5341965149821537,-0.5695854071321917,-0.5008894647796105
0.1661166116611661,-0.5344561958830536,-0.56998628283229,-0.501037776249664
0.16721672167216717,-0.5347146188843166,-0.5703854324501786,-0.5011853155243087
0.16831683168316824,-0.5349717833617035,-0.5707828486542995,-0.5013320845810955
0.16941694169416932,-0.5352276889370483,-0.5711785245911718,-0.5014780854792467
0.1705170517051704,-0.5354823354694673,-0.5715724538720229,-0.5016233203555439
0.17161716171617147,-0.5357357230468419,-0.5719646305597533,-0.5017677914203816
0.17271727172717255,-0.5359878519775678,-0.5723550491562259,-0.501911500953982
0.17381738173817385,-0.5362387227825609,-0.5727437045898727,-0.5020544513027627
0.17491749174917492,-0.5364883361875148,-0.5731305922036113,-0.5021966448758544
0.176017601760176,-0.536736693115399,-0.5735157077430634,-0.5023380841417581
0.17711771177117708,-0.5369837946791928,-0.5738990473450668,-0.5024787716251412
0.17821782178217815,-0.5372296421748469,-0.5742806075264769,-0.5026187099037632
0.17931793179317923,-0.5374742370744662,-0.5746603851732469,-0.5027579016055276
0.1804180418041803,-0.5377175810197052,-0.5750383775297827,-0.5028963494056548
0.18151815181518138,-0.5379596758153734,-0.5754145821885647,-0.5030340560239714
0.18261826182618246,-0.5382005234232394,-0.5757889970800301,-0.5031710242223114
0.18371837183718376,-0.538440125956032,-0.5761616204627096,-0.5033072568020227
0.18481848184818483,-0.5386784856716298,-0.5765324509136117,-0.5034427566015784
0.1859185918591859,-0.5389156049674336,-0.5769014873188503,-0.5035775264942868
0.187018701870187,-0.5391514863749176,-0.5772687288645061,-0.5037115693860945
0.18811881188118806,-0.5393861325543523,-0.5776341750277213,-0.503844888213483
0.18921892189218914,-0.5396195462896946,-0.5779978255680169,-0.5039774859414513
0.19031903190319022,-0.5398517304836397,-0.5783596805188301,-0.5041093655615825
0.1914191419141913,-0.5400826881528309,-0.578719740179266,-0.5042405300901918
0.19251925192519237,-0.5403124224232203,-0.5790780051060574,-0.5043709825665521
0.19361936193619345,-0.5405409365255782,-0.5794344761057292,-0.504500726051193
0.19471947194719474,-0.540768233791145,-0.5797891542269598,-0.5046297636242723
0.19581958195819582,-0.5409943176474216,-0.5801420407531388,-0.5047580983840156
0.1969196919691969,-0.5412191916140953,-0.5804931371951121,-0.504885733445222
0.19801980198019797,-0.5414428592990943,-0.5808424452841117,-0.505012671937833
0.19911991199119905,-0.5416653243947704,-0.5811899669648664,-0.5051389170055619
0.20022002200220013,-0.541886590674203,-0.581535704388887,-0.5052644718045822
0.2013201320132012,-0.5421066619876216,-0.5818796599079241,-0.5053893395022715
0.20242024202420228,-0.5423255422589446,-0.582221836067592,-0.5055135232760091
0.20352035203520336,-0.5425432354824286,-0.5825622356011562,-0.5056370263120257
0.20462046204620465,-0.542759745719426,-0.5829008614234795,-0.5057598518043023
0.20572057205720573,-0.5429750770952478,-0.5832377166251246,-0.5058820029535169
0.2068206820682068,-0.5431892337961278,-0.5835728044666063,-0.5060034829660371
0.20792079207920788,-0.5434022200662852,-0.5839061283727932,-0.5061242950529559
0.20902090209020896,-0.5436140402050824,-0.5842376919274519,-0.5062444424291699
0.21012101210121004,-0.5438246985642761,-0.5845674988679328,-0.5063639283124992
0.2112211221122111,-0.5440341995453571,-0.5848955530799929,-0.506482755922844
0.2123212321232122,-0.5442425475969781,-0.5852218585927519,-0.5066009284813797
0.21342134213421327,-0.5444497472124648,-0.5855464195737796,-0.506718449209788
0.21452145214521456,-0.5446558029274089,-0.5858692403243096,-0.5068353213295217
0.21562156215621564,-0.544860719317341,-0.586190325274578,-0.5069515480611027
0.21672167216721672,-0.545064500995479,-0.586509678979283,-0.5070671326234518
0.2178217821782178,-0.5452671526105517,-0.5868273061131623,-0.5071820782332488
0.21892189218921887,-0.5454686788446943,-0.5871432114666862,-0.5072963881043218
0.22002200220021995,-0.5456690844114136,-0.5874573999418634,-0.5074100654470639
0.22112211221122102,-0.5458683740536208,-0.5877698765481556,-0.5075231134678782
0.2222222222222221,-0.5460665525417301,-0.5880806463984994,-0.507635535368647
0.22332233223322318,-0.5462636246718212,-0.5883897147054336,-0.5077473343462269
0.22442244224422425,-0.5464595952638625,-0.5886970867773265,-0.5078585135919667
0.22552255225522555,-0.5466544691599948,-0.5890027680147034,-0.5079690762912487
0.22662266226622663,-0.5468482512228727,-0.589306763906672,-0.5080790256230524
0.2277227722772277,-0.5470409463340619,-0.5896090800274401,-0.5081883647595377
0.22882288228822878,-0.5472325593924907,-0.5899097220329265,-0.5082970968656494
0.22992299229922986,-0.547423095312955,-0.5902086956574626,-0.5084052250987412
0.23102310231023093,-0.5476125590246729,-0.5905060067105803,-0.508512752608217
0.232123212321232,-0.5478009554698905,-0.590801661073886,-0.5086196825351911
0.23322332233223309,-0.5479882896025339,-0.5910956646980177,-0.5087260180121653
0.23432343234323416,-0.5481745663869089,-0.5913880235996841,-0.5088317621627221
0.23542354235423546,-0.5483597907964449,-0.591678743858782,-0.5089369181012334
0.23652365236523654,-0.5485439678124833,-0.5919678316155921,-0.5090414889325852
0.2376237623762376,-0.5487271024231066,-0.5922552930680491,-0.5091454777519157
0.2387238723872387,-0.5489091996220105,-0.5925411344690871,-0.5092488876443678
0.23982398239823977,-0.5490902644074134,-0.5928253621240539,-0.509351721684855
0.24092409240924084,-0.5492703017810063,-0.5931079823881992,-0.5094539829378398
0.24202420242024192,-0.5494493167469389,-0.5933890016642269,-0.5095556744571242
0.243124312431243,-0.5496273143108416,-0.5936684263999177,-0.5096567992856528
0.24422442244224407,-0.5498042994788831,-0.5939462630858132,-0.5097573604553254
0.24532453245324515,-0.5499802772568616,-0.5942225182529667,-0.5098573609868225
0.24642464246424645,-0.5501552526493283,-0.5944971984707522,-0.50995680388944
0.24752475247524752,-0.5503292306587435,-0.594770310344737,-0.5100556921609332
0.2486248624862486,-0.5505022162846629,-0.5950418605146103,-0.5101540287873719
0.24972497249724968,-0.5506742145229538,-0.5953118556521707,-0.5102518167430037
0.25082508250825075,-0.5508452303650404,-0.5955803024593687,-0.5103490589901254
0.25192519251925183,-0.5510152687971768,-0.5958472076664039,-0.5104457584789642
0.2530253025302529,-0.5511843347997469,-0.5961125780298755,-0.5105419181475659
0.254125412541254,-0.5513524333465918,-0.596376420330984,-0.5106375409216912
0.25522552255225506,-0.5515195694043605,-0.5966387413737837,-0.5107326297147191
0.25632563256325636,-0.5516857479318871,-0.5968995479834844,-0.5108271874275578
0.25742574257425743,-0.5518509738795907,-0.5971588470048012,-0.5109212169485616
0.2585258525852585,-0.552015252188899,-0.5974166453003507,-0.5110147211534555
0.2596259625962596,-0.5521785877916945,-0.5976729497490929,-0.5111077029052643
0.26072607260726066,-0.5523409856097807,-0.5979277672448182,-0.5112001650542496
0.26182618261826174,-0.5525024505543719,-0.5981811046946768,-0.5112921104378506
0.2629262926292628,-0.5526629875256006,-0.5984329690177504,-0.511383541880632
0.2640264026402639,-0.5528226014120471,-0.5986833671436665,-0.5114744621942356
0.26512651265126497,-0.5529812970902857,-0.5989323060112511,-0.5115648741773385
0.26622662266226627,-0.5531390794244511,-0.5991797925672215,-0.5116547806156145
0.26732673267326734,-0.553295953265822,-0.599425833764917,-0.5117441842817011
0.2684268426842684,-0.5534519234524223,-0.5996704365630672,-0.5118330879351705
0.2695269526952695,-0.5536069948086381,-0.5999136079245958,-0.5119214943225048
0.27062706270627057,-0.5537611721448517,-0.600155354815461,-0.5120094061770755
0.27172717271727165,-0.5539144602570916,-0.600395684203529,-0.5120968262191264
0.2728272827282727,-0.5540668639266967,-0.6006346030574816,-0.5121837571557605
0.2739273927392738,-0.5542183879199961,-0.6008721183457573,-0.5122702016809295
0.2750275027502749,-0.5543690369880022,-0.6011082370355233,-0.5123561624754289
0.27612761276127595,-0.554518815866118,-0.6013429660916789,-0.512441642206893
0.27722772277227725,-0.5546677292738583,-0.6015763124758898,-0.5125266435297964
0.27832783278327833,-0.5548157819145828,-0.6018082831456509,-0.5126111690854552
0.2794279427942794,-0.5549629784752421,-0.6020388850533792,-0.5126952215020341
0.2805280528052805,-0.555109323626136,-0.6022681251455335,-0.5127788033945531
0.28162816281628156,-0.5552548220206829,-0.6024960103617621,-0.5128619173648994
0.28272827282728263,-0.5553994782952009,-0.6027225476340777,-0.51294456600184
0.2838283828382837,-0.5555432970687001,-0.6029477438860569,-0.5130267518810372
0.2849284928492848,-0.5556862829426845,-0.6031716060320662,-0.5131084775650665
0.28602860286028586,-0.5558284405009651,-0.6033941409765124,-0.5131897456034362
0.28712871287128716,-0.5559697743094825,-0.603615355613117,-0.5132705585326091
0.28822882288228824,-0.5561102889161389,-0.603835256824213,-0.5133509188760264
0.2893289328932893,-0.5562499888506398,-0.6040538514800672,-0.5134308291441331
0.2904290429042904,-0.5563888786243439,-0.6042711464382213,-0.5135102918344052
0.29152915291529147,-0.5565269627301227,-0.6044871485428577,-0.5135893094313788
0.29262926292629254,-0.5566642456422274,-0.6047018646241842,-0.5136678844066803
0.2937293729372936,-0.5568007318161644,-0.6049153014978406,-0.5137460192190584
0.2948294829482947,-0.556936425688579,-0.6051274659643249,-0.5138237163144174
0.2959295929592958,-0.5570713316771457,-0.6053383648084392,-0.5139009781258521
0.29702970297029685,-0.5572054541804666,-0.6055480047987536,-0.5139778070736837
0.29812981298129815,-0.5573387975779766,-0.6057563926870906,-0.5140542055654969
0.2992299229922992,-0.5574713662298552,-0.6059635352080257,-0.5141301759961782
0.3003300330033003,-0.5576031644769451,-0.6061694390784061,-0.5142057207479556
0.3014301430143014,-0.5577341966406778,-0.6063741109968878,-0.5142808421904387
0.30253025302530245,-0.5578644670230036,-0.6065775576434864,-0.5143555426806607
0.30363036303630353,-0.5579939799063297,-0.6067797856791479,-0.5144298245631199
0.3047304730473046,-0.5581227395534621,-0.6069808017453321,-0.5145036901698239
0.3058305830583057,-0.558250750207555,-0.607180612463613,-0.5145771418203329
0.30693069306930676,-0.5583780160920632,-0.6073792244352944,-0.5146501818218048
0.30803080308030806,-0.5585045414107018,-0.6075766442410386,-0.5147228124690408
0.30913091309130913,-0.55863033034741,-0.6077728784405113,-0.5147950360445323
0.3102310231023102,-0.5587553870663198,-0.6079679335720385,-0.514866854818506
0.3113311331133113,-0.5588797157117286,-0.608161816152278,-0.5149382710489737
0.31243124312431236,-0.5590033204080779,-0.6083545326759041,-0.5150092869817788
0.31353135313531344,-0.5591262052599347,-0.6085460896153037,-0.5150799048506454
0.3146314631463145,-0.5592483743519787,-0.6087364934202867,-0.5151501268772274
0.3157315731573156,-0.5593698317489912,-0.6089257505178073,-0.5152199552711585
0.31683168316831667,-0.5594905814958511,-0.6091138673116971,-0.5152893922301015
0.31793179317931797,-0.5596106276175311,-0.6093008501824103,-0.5153584399397994
0.31903190319031904,-0.5597299741191004,-0.6094867054867794,-0.5154271005741256
0.3201320132013201,-0.5598486249857294,-0.6096714395577822,-0.5154953762951358
0.3212321232123212,-0.5599665841826981,-0.6098550587043191,-0.5155632692531187
0.3223322332233223,-0.5600838556554077,-0.6100375692110007,-0.5156307815866483
0.32343234323432335,-0.5602004433293953,-0.6102189773379457,-0.5156979154226359
0.3245324532453244,-0.5603163511103519,-0.6103992893205882,-0.5157646728763822
0.3256325632563255,-0.5604315828841425,-0.6105785113694939,-0.5158310560516296
0.3267326732673266,-0.5605461425168301,-0.6107566496701876,-0.5158970670406159
0.32783278327832766,-0.5606600338547015,-0.6109337103829866,-0.5159627079241258
0.32893289328932895,-0.5607732607242959,-0.6111096996428457,-0.5160279807715451
0.33003300330033003,-0.5608858269324359,-0.6112846235592084,-0.5160928876409135
0.3311331133113311,-0.5609977362662618,-0.6114584882158681,-0.5161574305789778
0.3322332233223322,-0.5611089924932663,-0.6116312996708363,-0.5162216116212454
0.33333333333333326,-0.5612195993613331,-0.6118030639562182,-0.5162854327920379
0.33443344334433434,-0.5613295605987774,-0.6119737870780977,-0.5163488961045449
0.3355335533553354,-0.561438879914387,-0.6121434750164274,-0.5164120035608772
0.3366336633663365,-0.5615475609974675,-0.6123121337249278,-0.5164747571521211
0.33773377337733756,-0.5616556075178876,-0.6124797691309918,-0.5165371588583914
0.33883388338833886,-0.561763023126127,-0.6126463871355976,-0.5165992106488858
0.33993399339933994,-0.5618698114533263,-0.6128119936132264,-0.5166609144819383
0.341034103410341,-0.5619759761113375,-0.612976594411788,-0.5167222723050732
0.3421342134213421,-0.5620815206927775,-0.6131401953525519,-0.5167832860550586
0.34323432343234317,-0.5621864487710815,-0.6133028022300843,-0.5168439576579603
0.34433443344334425,-0.5622907639005594,-0.6134644208121912,-0.5169042890291955
0.3454345434543453,-0.5623944696164528,-0.6136250568398677,-0.5169642820735859
0.3465346534653464,-0.562497569434993,-0.6137847160272514,-0.5170239386854122
0.3476347634763475,-0.5626000668534613,-0.6139434040615828,-0.5170832607484667
0.3487348734873488,-0.5627019653502495,-0.6141011266031697,-0.5171422501361072
0.34983498349834985,-0.5628032683849223,-0.6142578892853575,-0.51720090871131
0.3509350935093509,-0.5629039793982802,-0.6144136977145036,-0.5172592383267236
0.352035203520352,-0.563004101812424,-0.6145685574699573,-0.5173172408247213
0.3531353135313531,-0.5631036390308201,-0.614722474104044,-0.5173749180374547
0.35423542354235416,-0.5632025944383662,-0.6148754531420538,-0.5174322717869063
0.35533553355335523,-0.5633009714014594,-0.6150275000822346,-0.5174893038849422
0.3564356435643563,-0.5633987732680633,-0.6151786203957894,-0.517546016133365
0.3575357535753574,-0.5634960033677774,-0.6153288195268778,-0.5176024103239665
0.35863586358635846,-0.5635926650119065,-0.615478102892621,-0.5176584882385793
0.35973597359735976,-0.563688761493531,-0.6156264758831113,-0.51771425164913
0.36083608360836084,-0.5637842960875781,-0.6157739438614254,-0.5177697023176906
0.3619361936193619,-0.5638792720508937,-0.61592051216364,-0.5178248419965308
0.363036303630363,-0.5639736926223144,-0.6160661860988529,-0.5178796724281696
0.36413641364136407,-0.5640675610227409,-0.6162109709492058,-0.517934195345427
0.36523652365236514,-0.5641608804552108,-0.6163548719699118,-0.517988412471475
0.3663366336633662,-0.5642536541049737,-0.6164978943892843,-0.5180423255198899
0.3674367436743673,-0.5643458851395647,-0.6166400434087709,-0.5180959361947024
0.36853685368536837,-0.5644375767088803,-0.6167813242029897,-0.5181492461904487
0.36963696369636967,-0.5645287319452529,-0.6169217419197672,-0.5182022571922217
0.37073707370737075,-0.5646193539635276,-0.617061301680181,-0.5182549708757211
0.3718371837183718,-0.5647094458611378,-0.617200008578604,-0.518307388907304
0.3729372937293729,-0.564799010718182,-0.6173378676827515,-0.5183595129440347
0.374037403740374,-0.5648880515975006,-0.6174748840337306,-0.5184113446337354
0.37513751375137505,-0.564976571544753,-0.6176110626460929,-0.5184628856150351
0.3762376237623761,-0.5650645735884957,-0.6177464085078885,-0.5185141375174198
0.3773377337733772,-0.565152060740259,-0.6178809265807229,-0.5185651019612817
0.3784378437843783,-0.5652390359946257,-0.6180146217998161,-0.5186157805579683
0.37953795379537936,-0.5653255023293088,-0.6181474990740637,-0.5186661749098315
0.38063806380638066,-0.5654114627052303,-0.6182795632861001,-0.5187162866102761
0.38173817381738173,-0.5654969200665994,-0.6184108192923635,-0.518766117243809
0.3828382838283828,-0.5655818773409909,-0.6185412719231635,-0.5188156683860868
0.3839383938393839,-0.5656663374394245,-0.6186709259827498,-0.5188649416039645
0.38503850385038496,-0.5657503032564433,-0.6187997862493829,-0.5189139384555428
0.38613861386138604,-0.5658337776701926,-0.6189278574754071,-0.5189626604902168
0.3872387238723871,-0.5659167635424998,-0.6190551443873239,-0.5190111092487225
0.3883388338833882,-0.565999263718952,-0.6191816516858686,-0.5190592862631848
0.38943894389438927,-0.5660812810289768,-0.6193073840460873,-0.5191071930571642
0.39053905390539057,-0.5661628182859201,-0.6194323461174154,-0.5191548311457038
0.39163916391639164,-0.5662438782871257,-0.6195565425237584,-0.5192022020353759
0.3927392739273927,-0.566324463814015,-0.6196799778635732,-0.5192493072243286
0.3938393839383938,-0.5664045776321649,-0.6198026567099515,-0.5192961482023317
0.39493949394939487,-0.5664842224913882,-0.6199245836107034,-0.5193427264508229
0.39603960396039595,-0.5665634011258117,-0.6200457630884431,-0.5193890434429536
0.397139713971397,-0.5666421162539558,-0.6201661996406758,-0.5194351006436343
0.3982398239823981,-0.5667203705788127,-0.6202858977398849,-0.5194808995095802
0.3993399339933992,-0.5667981667879263,-0.6204048618336214,-0.519526441489356
0.4004400440044005,-0.5668755075534696,-0.6205230963445935,-0.519571728023421
0.40154015401540155,-0.5669523955323245,-0.620640605670757,-0.5196167605441738
0.40264026402640263,-0.5670288333661595,-0.620757394185408,-0.5196615404759967
0.4037403740374037,-0.5671048236815088,-0.6208734662372747,-0.5197060692352997
0.4048404840484048,-0.56718036908985,-0.6209888261506114,-0.519750348230565
0.40594059405940586,-0.5672554721876825,-0.6211034782252925,-0.5197943788623904
0.40704070407040693,-0.567330135556605,-0.6212174267369085,-0.5198381625235332
0.408140814081408,-0.5674043617633944,-0.6213306759368604,-0.5198817005989532
0.4092409240924091,-0.5674781533600819,-0.6214432300524579,-0.5199249944658563
0.41034103410341016,-0.5675515128840319,-0.6215550932870155,-0.5199680454937369
0.41144114411441146,-0.5676244428580185,-0.6216662698199507,-0.520010855044421
0.41254125412541254,-0.5676969457903025,-0.6217767638068827,-0.5200534244721084
0.4136413641364136,-0.5677690241747089,-0.6218865793797315,-0.5200957551234155
0.4147414741474147,-0.5678406804907029,-0.6219957206468172,-0.5201378483374168
0.41584158415841577,-0.567911917203467,-0.6221041916929602,-0.5201797054456867
0.41694169416941684,-0.5679827367639768,-0.6222119965795819,-0.5202213277723415
0.4180418041804179,-0.5680531416090773,-0.6223191393448059,-0.5202627166340809
0.419141914191419,-0.5681231341615585,-0.6224256240035588,-0.5203038733402285
0.4202420242024201,-0.5681927168302311,-0.6225314545476729,-0.5203447991927737
0.42134213421342137,-0.568261892010002,-0.6226366349459878,-0.5203854954864114
0.42244224422442245,-0.5683306620819493,-0.6227411691444531,-0.5204259635085836
0.4235423542354235,-0.5683990294133967,-0.6228450610662315,-0.5204662045395192
0.4246424642464246,-0.5684669963579891,-0.6229483146118016,-0.520506219852274
0.4257425742574257,-0.568534565255766,-0.6230509336590615,-0.5205460107127707
0.42684268426842675,-0.5686017384332358,-0.6231529220634326,-0.5205855783798391
0.42794279427942783,-0.5686685182034501,-0.6232542836579632,-0.5206249241052548
0.4290429042904289,-0.5687349068660768,-0.6233550222534326,-0.5206640491337791
0.43014301430143,-0.5688009067074733,-0.6234551416384556,-0.5207029547031976
0.43124312431243106,-0.5688665200007602,-0.6235546455795866,-0.5207416420443595
0.43234323432343236,-0.568931749005893,-0.6236535378214244,-0.5207801123812158
0.43344334433443343,-0.5689965959697357,-0.6237518220867166,-0.5208183669308584
0.4345434543454345,-0.5690610631261318,-0.6238495020764646,-0.5208564069035574
0.4356435643564356,-0.5691251526959772,-0.6239465814700282,-0.5208942335028002
0.43674367436743666,-0.5691888668872912,-0.6240430639252307,-0.5209318479253283
0.43784378437843774,-0.5692522078952881,-0.6241389530784635,-0.5209692513611759
0.4389438943894388,-0.5693151779024478,-0.6242342525447914,-0.5210064449937064
0.4400440044004399,-0.5693777790785873,-0.6243289659180574,-0.5210434299996506
0.44114411441144097,-0.5694400135809303,-0.6244230967709877,-0.5210802075491425
0.44224422442244227,-0.5695018835541779,-0.6245166486552964,-0.5211167788057577
0.44334433443344334,-0.569563391130578,-0.624609625101791,-0.5211531449265483
0.4444444444444444,-0.569624538429995,-0.6247020296204764,-0.5211893070620808
0.4455445544554455,-0.5696853275599796,-0.6247938657006602,-0.5212252663564712
0.4466446644664466,-0.5697457606158365,-0.6248851368110574,-0.5212610239474218
0.44774477447744765,-0.5698058396806941,-0.6249758463998949,-0.5212965809662568
0.4488448844884487,-0.5698655668255722,-0.6250659978950159,-0.5213319385379577
0.4499449944994498,-0.5699249441094504,-0.6251555947039846,-0.521367097781199
0.4510451045104509,-0.5699839735793354,-0.6252446402141898,-0.5214020598083837
0.4521452145214522,-0.5700426572703287,-0.62533313779295,-0.5214368257256774
0.45324532453245325,-0.5701009972056934,-0.6254210907876161,-0.5214713966330443
0.45434543454345433,-0.5701589953969213,-0.6255085025256765,-0.5215057736242813
0.4554455445544554,-0.5702166538437989,-0.6255953763148597,-0.5215399577870524
0.4565456545654565,-0.570273974534474,-0.6256817154432386,-0.5215739502029233
0.45764576457645756,-0.5703309594455211,-0.6257675231793327,-0.5216077519473953
0.45874587458745864,-0.5703876105420074,-0.625852802772212,-0.5216413640899392
0.4598459845984597,-0.5704439297775572,-0.6259375574515997,-0.5216747876940294
0.4609460946094608,-0.5704999190944177,-0.6260217904279743,-0.521708023817177
0.46204620462046186,-0.570555580423523,-0.6261055048926728,-0.5217410735109631
0.46314631463146316,-0.5706109156845584,-0.6261887040179918,-0.5217739378210726
0.46424642464246424,-0.5706659267860245,-0.6262713909572901,-0.5218066177873266
0.4653465346534653,-0.5707206156253006,-0.6263535688450906,-0.5218391144437153
0.4664466446644664,-0.5707749840887084,-0.6264352407971808,-0.5218714288184311
0.46754675467546747,-0.5708290340515745,-0.6265164099107146,-0.5219035619339003
0.46864686468646855,-0.5708827673782934,-0.6265970792643125,-0.521935514806816
0.4697469746974696,-0.5709361859223896,-0.6266772519181631,-0.52196728844817
0.4708470847084707,-0.5709892915265802,-0.6267569309141227,-0.5219988838632845
0.4719471947194718,-0.5710420860228357,-0.626836119275815,-0.5220303020518444
0.4730473047304731,-0.5710945712324424,-0.6269148200087314,-0.522061544007928
0.47414741474147415,-0.5711467489660631,-0.6269930361003301,-0.5220926107200392
0.4752475247524752,-0.5711986210237975,-0.6270707705201349,-0.5221235031711384
0.4763476347634763,-0.5712501891952432,-0.6271480262198346,-0.5221542223386736
0.4774477447744774,-0.5713014552595558,-0.6272248061333806,-0.5221847691946108
0.47854785478547845,-0.5713524209855088,-0.6273011131770855,-0.5222151447054657
0.47964796479647953,-0.5714030881315526,-0.6273769502497206,-0.5222453498323332
0.4807480748074806,-0.5714534584458746,-0.6274523202326137,-0.5222753855309186
0.4818481848184817,-0.5715035336664575,-0.6275272259897453,-0.5223052527515669
0.48294829482948276,-0.571553315521138,-0.6276016703678464,-0.5223349524392938
0.48404840484048406,-0.5716028057276655,-0.6276756561964942,-0.5223644855338151
0.48514851485148514,-0.5716520059937598,-0.6277491862882085,-0.5223938529695759
0.4862486248624862,-0.5717009180171685,-0.6278222634385466,-0.5224230556757808
0.4873487348734873,-0.571749543485725,-0.6278948904262,-0.5224520945764236
0.48844884488448836,-0.5717978840774055,-0.6279670700130875,-0.5224809705903151
0.48954895489548944,-0.571845941460385,-0.6280388049444517,-0.5225096846311137
0.4906490649064905,-0.5718937172930951,-0.6281100979489518,-0.5225382376073531
0.4917491749174916,-0.5719412132242788,-0.628180951738758,-0.5225666304224718
0.49284928492849267,-0.5719884308930475,-0.6282513690096448,-0.5225948639748411
0.49394939493949397,-0.5720353719289359,-0.6283213524410846,-0.5226229391577941
0.49504950495049505,-0.5720820379519576,-0.6283909046963392,-0.5226508568596533
0.4961496149614961,-0.5721284305726598,-0.6284600284225534,-0.5226786179637588
0.4972497249724972,-0.5721745513921782,-0.6285287262508465,-0.5227062233484968
0.4983498349834983,-0.5722204020022916,-0.6285970007964033,-0.5227336738873267
0.49944994499449935,-0.5722659839854752,-0.6286648546585663,-0.522760970448809
0.5005500550055004,-0.5723112989149556,-0.6287322904209252,-0.5227881138966326
0.5016501650165015,-0.5723563483547628,-0.6287993106514083,-0.5228151050896425
0.5027502750275026,-0.572401133859785,-0.6288659179023723,-0.5228419448818664
0.5038503850385039,-0.5724456569758201,-0.6289321147106915,-0.5228686341225421
0.504950495049505,-0.5724899192396296,-0.6289979035978474,-0.5228951736561442
0.506050605060506,-0.5725339221789896,-0.6290632870700168,-0.522921564322411
0.5071507150715071,-0.5725776673127443,-0.6291282676181613,-0.5229478069563706
0.5082508250825082,-0.5726211561508563,-0.6291928477181143,-0.5229739023883676
0.5093509350935093,-0.5726643901944594,-0.6292570298306693,-0.5229998514440897
0.5104510451045103,-0.5727073709359086,-0.6293208164016664,-0.523025654944593
0.5115511551155114,-0.5727500998588323,-0.6293842098620794,-0.5230513137063286
0.5126512651265125,-0.5727925784381815,-0.6294472126281028,-0.5230768285411683
0.5137513751375136,-0.5728348081402814,-0.6295098271012365,-0.5231022002564303
0.5148514851485149,-0.5728767904228808,-0.6295720556683725,-0.5231274296549042
0.5159515951595159,-0.5729185267352016,-0.6296339007018793,-0.5231525175348772
0.517051705170517,-0.5729600185179893,-0.6296953645596873,-0.523177464690159
0.5181518151815181,-0.5730012672035615,-0.6297564495853729,-0.5232022719101066
0.5192519251925192,-0.5730422742158566,-0.6298171581082418,-0.5232269399796498
0.5203520352035202,-0.5730830409704837,-0.6298774924434137,-0.5232514696793154
0.5214521452145213,-0.5731235688747692,-0.6299374548919047,-0.5232758617852526
0.5225522552255224,-0.5731638593278069,-0.62999704774071,-0.5233001170692572
0.5236523652365235,-0.5732039137205044,-0.6300562732628866,-0.5233242362987958
0.5247524752475248,-0.5732437334356311,-0.6301151337176348,-0.5233482202370303
0.5258525852585259,-0.5732833198478661,-0.6301736313503801,-0.5233720696428422
0.5269526952695269,-0.5733226743238443,-0.6302317683928538,-0.5233957852708562
0.528052805280528,-0.5733617982222041,-0.6302895470631743,-0.5234193678714644
0.5291529152915291,-0.5734006928936335,-0.630346969565927,-0.52344281819085
0.5302530253025302,-0.573439359680916,-0.6304040380922438,-0.5234661369710106
0.5313531353135312,-0.5734777999189776,-0.6304607548198836,-0.5234893249497823
0.5324532453245323,-0.5735160149349317,-0.6305171219133103,-0.523512382860862
0.5335533553355334,-0.5735540060481247,-0.6305731415237724,-0.5235353114338319
0.5346534653465345,-0.5735917745701816,-0.6306288157893803,-0.5235581113941815
0.5357535753575358,-0.5736293218050509,-0.6306841468351848,-0.5235807834633313
0.5368536853685368,-0.5736666490490487,-0.6307391367732543,-0.5236033283586548
0.5379537953795379,-0.5737037575909044,-0.6307937877027522,-0.523625746793502
0.539053905390539,-0.5737406487118035,-0.6308481017100127,-0.5236480394772219
0.5401540154015401,-0.5737773236854324,-0.6309020808686182,-0.5236702071151843
0.5412541254125411,-0.5738137837780224,-0.630955727239474,-0.5236922504088025
0.5423542354235422,-0.5738500302483919,-0.6310090428708848,-0.5237141700555557
0.5434543454345433,-0.5738860643479912,-0.6310620297986286,-0.5237359667490107
0.5445544554455444,-0.5739218873209442,-0.6311146900460325,-0.523757641178844
0.5456545654565457,-0.5739575004040918,-0.631167025624046,-0.5237791940308639
0.5467546754675467,-0.5739929048270342,-0.6312190385313156,-0.5238006259870315
0.5478547854785478,-0.574028101812173,-0.6312707307542574,-0.5238219377254828
0.5489548954895489,-0.5740630925747535,-0.6313221042671313,-0.5238431299205503
0.55005500550055,-0.5740978783229063,-0.6313731610321125,-0.5238642032427836
0.551155115511551,-0.5741324602576883,-0.6314239029993645,-0.5238851583589715
0.5522552255225521,-0.574166839573125,-0.6314743321071106,-0.5239059959321625
0.5533553355335532,-0.5742010174562509,-0.6315244502817059,-0.5239267166216859
0.5544554455445543,-0.5742349950871501,-0.631574259437708,-0.5239473210831729
0.5555555555555556,-0.5742687736389978,-0.6316237614779474,-0.5239678099685768
0.5566556655665567,-0.5743023542780992,-0.6316729582935987,-0.5239881839261945
0.5577557755775577,-0.5743357381639309,-0.6317218517642498,-0.524008443600686
0.5588558855885588,-0.5743689264491804,-0.6317704437579718,-0.5240285896330955
0.5599559955995599,-0.5744019202797852,-0.6318187361313881,-0.5240486226608715
0.561056105610561,-0.5744347207949729,-0.631866730729743,-0.5240685433178869
0.562156215621562,-0.5744673291273004,-0.6319144293869706,-0.5240883522344589
0.5632563256325631,-0.574499746402692,-0.6319618339257624,-0.5241080500373696
0.5643564356435642,-0.574531973740479,-0.6320089461576351,-0.5241276373498847
0.5654565456545653,-0.5745640122534383,-0.6320557678829979,-0.5241471147917744
0.5665566556655666,-0.57459586304783,-0.6321023008912193,-0.5241664829793323
0.5676567656765676,-0.5746275272234357,-0.6321485469606938,-0.5241857425253951
0.5687568756875687,-0.5746590058735966,-0.6321945078589079,-0.5242048940393619
0.5698569856985698,-0.5746903000852512,-0.6322401853425059,-0.5242239381272136
0.5709570957095709,-0.5747214109389724,-0.6322855811573556,-0.5242428753915321
0.572057205720572,-0.5747523395090046,-0.6323306970386129,-0.5242617064315193
0.573157315731573,-0.5747830868633014,-0.6323755347107869,-0.5242804318430159
0.5742574257425741,-0.5748136540635612,-0.6324200958878038,-0.5242990522185204
0.5753575357535752,-0.5748440421652652,-0.6324643822730711,-0.524317568147208
0.5764576457645765,-0.5748742522177123,-0.6325083955595415,-0.524335980214949
0.5775577557755776,-0.5749042852640563,-0.6325521374297753,-0.5243542890043273
0.5786578657865786,-0.5749341423413415,-0.6325956095560041,-0.5243724950946593
0.5797579757975797,-0.5749638244805382,-0.632638813600193,-0.5243905990620117
0.5808580858085808,-0.5749933327065784,-0.6326817512141024,-0.5244086014792196
0.5819581958195819,-0.5750226680383911,-0.6327244240393506,-0.5244265029159054
0.5830583058305829,-0.5750518314889373,-0.6327668337074742,-0.5244443039384962
0.584158415841584,-0.5750808240652454,-0.6328089818399905,-0.5244620051102417
0.5852585258525851,-0.5751096467684449,-0.6328508700484566,-0.5244796069912323
0.5863586358635862,-0.5751383005938019,-0.6328924999345317,-0.524497110138417
0.5874587458745875,-0.5751667865307528,-0.6329338730900355,-0.5245145151056204
0.5885588558855885,-0.5751951055629387,-0.6329749910970086,-0.5245318224435607
0.5896589658965896,-0.5752232586682391,-0.6330158555277721,-0.5245490326998667
0.5907590759075907,-0.5752512468188055,-0.6330564679449862,-0.524566146419096
0.5918591859185918,-0.5752790709810953,-0.6330968299017088,-0.5245831641427513
0.5929592959295928,-0.5753067321159049,-0.6331369429414545,-0.5246000864092978
0.5940594059405939,-0.5753342311784028,-0.6331768085982515,-0.5246169137541804
0.595159515951595,-0.5753615691181623,-0.6332164283967006,-0.5246336467098406
0.5962596259625961,-0.5753887468791946,-0.6332558038520312,-0.5246502858057333
0.5973597359735974,-0.5754157653999813,-0.6332949364701591,-0.5246668315683434
0.5984598459845984,-0.5754426256135067,-0.6333338277477432,-0.5246832845212029
0.5995599559955995,-0.5754693284472897,-0.6333724791722412,-0.5246996451849071
0.6006600660066006,-0.575495874823416,-0.6334108922219661,-0.5247159140771309
0.6017601760176017,-0.5755222656585703,-0.633449068366142,-0.5247320917126458
0.6028602860286028,-0.575548501864067,-0.6334870090649589,-0.5247481786033353
0.6039603960396038,-0.5755745843458826,-0.6335247157696282,-0.5247641752582123
0.6050605060506049,-0.5756005140046858,-0.6335621899224371,-0.524780082183434
0.606160616061606,-0.57562629173587,-0.6335994329568031,-0.5247958998823186
0.6072607260726073,-0.575651918429583,-0.6336364462973282,-0.5248116288553609
0.6083608360836084,-0.575677394970758,-0.6336732313598523,-0.5248272696002487
0.6094609460946094,-0.5757027222391444,-0.633709789551507,-0.5248428226118779
0.6105610561056105,-0.5757279011093381,-0.6337461222707684,-0.5248582883823681
0.6116611661166116,-0.5757529324508113,-0.6337822309075102,-0.524873667401079
0.6127612761276127,-0.5757778171279426,-0.6338181168430558,-0.524888960154625
0.6138613861386137,-0.5758025560000473,-0.6338537814502307,-0.5249041671268913
0.6149614961496148,-0.5758271499214065,-0.6338892260934147,-0.5249192887990484
0.6160616061606159,-0.5758515997412966,-0.6339244521285926,-0.524934325649568
0.617161716171617,-0.5758759063040191,-0.6339594609034066,-0.5249492781542381
0.6182618261826183,-0.5759000704489288,-0.633994253757206,-0.5249641467861776
0.6193619361936193,-0.5759240930104639,-0.6340288320210988,-0.5249789320158519
0.6204620462046204,-0.5759479748181737,-0.634063197018002,-0.5249936343110869
0.6215621562156215,-0.5759717166967481,-0.6340973500626907,-0.525008254137085
0.6226622662266226,-0.5759953194660455,-0.6341312924618492,-0.5250227919564385
0.6237623762376237,-0.5760187839411214,-0.6341650255141195,-0.5250372482291455
0.6248624862486247,-0.576042110932256,-0.6341985505101507,-0.5250516234126233
0.6259625962596258,-0.576065301244983,-0.6342318687326481,-0.525065917961724
0.6270627062706269,-0.5760883556801166,-0.6342649814564216,-0.5250801323287477
0.6281628162816282,-0.5761112750337797,-0.634297889948434,-0.5250942669634578
0.6292629262926293,-0.5761340600974308,-0.6343305954678488,-0.5251083223130949
0.6303630363036303,-0.5761567116578921,-0.6343630992660784,-0.5251222988223908
0.6314631463146314,-0.5761792304973756,-0.634395402586831,-0.5251361969335825
0.6325632563256325,-0.5762016173935113,-0.6344275066661584,-0.5251500170864267
0.6336633663366336,-0.5762238731193728,-0.6344594127325023,-0.5251637597182133
0.6347634763476346,-0.5762459984435052,-0.6344911220067407,-0.5251774252637791
0.6358635863586357,-0.5762679941299504,-0.6345226357022351,-0.5251910141555219
0.6369636963696368,-0.5762898609382747,-0.6345539550248758,-0.5252045268234143
0.6380638063806379,-0.5763115996235937,-0.6345850811731276,-0.5252179636950168
0.6391639163916392,-0.5763332109365996,-0.6346160153380761,-0.5252313251954918
0.6402640264026402,-0.5763546956235864,-0.6346467587034718,-0.5252446117476164
0.6413641364136413,-0.5763760544264757,-0.6346773124457759,-0.5252578237717969
0.6424642464246424,-0.5763972880828424,-0.6347076777342044,-0.5252709616860809
0.6435643564356435,-0.5764183973259402,-0.634737855730773,-0.5252840259061712
0.6446644664466445,-0.5764393828847272,-0.6347678475903409,-0.5252970168454391
0.6457645764576456,-0.5764602454838901,-0.6347976544606546,-0.5253099349149366
0.6468646864686467,-0.5764809858438704,-0.6348272774823919,-0.5253227805234106
0.6479647964796478,-0.5765016046808884,-0.6348567177892047,-0.5253355540773149
0.6490649064906491,-0.5765221027069685,-0.6348859765077626,-0.5253482559808235
0.6501650165016502,-0.5765424806299632,-0.6349150547577953,-0.525360886635843
0.6512651265126512,-0.5765627391535779,-0.6349439536521355,-0.5253734464420261
0.6523652365236523,-0.5765828789773952,-0.634972674296761,-0.5253859357967834
0.6534653465346534,-0.5766029007968994,-0.6350012177908366,-0.5253983550952964
0.6545654565456545,-0.576622805303499,-0.6350295852267566,-0.5254107047305299
0.6556655665566555,-0.5766425931845528,-0.6350577776901851,-0.5254229850932443
0.6567656765676566,-0.5766622651233917,-0.6350857962600988,-0.5254351965720084
0.6578657865786577,-0.5766818217993435,-0.6351136420088268,-0.5254473395532114
0.658965896589659,-0.5767012638877557,-0.6351413160020919,-0.525459414421075
0.6600660066006601,-0.5767205920600189,-0.6351688192990512,-0.5254714215576656
0.6611661166116611,-0.5767398069835905,-0.6351961529523366,-0.5254833613429066
0.6622662266226622,-0.576758909322017,-0.635223318008094,-0.5254952341545904
0.6633663366336633,-0.5767778997349573,-0.6352503155060241,-0.5255070403683902
0.6644664466446644,-0.5767967788782054,-0.6352771464794215,-0.5255187803578719
0.6655665566556654,-0.5768155474037132,-0.635303811955214,-0.525530454494506
0.6666666666666665,-0.5768342059596128,-0.6353303129540021,-0.5255420631476793
0.6677667766776676,-0.5768527551902387,-0.6353566504900973,-0.5255536066847065
0.6688668866886687,-0.5768711957361506,-0.6353828255715609,-0.5255650854708421
0.66996699669967,-0.5768895282341551,-0.6354088392002428,-0.5255764998692919
0.671067106710671,-0.5769077533173277,-0.6354346923718193,-0.5255878502412241
0.6721672167216721,-0.5769258716150346,-0.6354603860758307,-0.5255991369457811
0.6732673267326732,-0.5769438837529549,-0.6354859212957197,-0.5256103603400907
0.6743674367436743,-0.5769617903531017,-0.6355112990088686,-0.5256215207792778
0.6754675467546754,-0.5769795920338434,-0.6355365201866363,-0.5256326186164749
0.6765676567656764,-0.576997289409926,-0.6355615857943955,-0.525643654202834
0.6776677667766775,-0.5770148830924933,-0.6355864967915694,-0.525654627887537
0.6787678767876786,-0.5770323736891083,-0.6356112541316687,-0.5256655400178077
0.6798679867986799,-0.5770497618037747,-0.6356358587623272,-0.5256763909389217
0.680968096809681,-0.5770670480369569,-0.6356603116253384,-0.5256871809942183
0.682068206820682,-0.5770842329856013,-0.6356846136566914,-0.5256979105251104
0.6831683168316831,-0.5771013172431569,-0.6357087657866065,-0.5257085798710963
0.6842684268426842,-0.5771183013995955,-0.6357327689395706,-0.5257191893697697
0.6853685368536853,-0.5771351860414325,-0.6357566240343726,-0.5257297393568308
0.6864686468646863,-0.5771519717517464,-0.6357803319841382,-0.5257402301660965
0.6875687568756874,-0.5771686591101999,-0.6358038936963648,-0.5257506621295116
0.6886688668866885,-0.5771852486930589,-0.6358273100729566,-0.5257610355771587
0.6897689768976898,-0.5772017410732134,-0.635850582010258,-0.5257713508372688
0.6908690869086909,-0.5772181368201966,-0.6358737103990889,-0.5257816082362321
0.6919691969196919,-0.5772344365002047,-0.635896696124778,-0.5257918080986075
0.693069306930693,-0.5772506406761166,-0.6359195400671964,-0.5258019507471338
0.6941694169416941,-0.5772667499075133,-0.635942243100792,-0.5258120365027392
0.6952695269526952,-0.5772827647506968,-0.6359648060946219,-0.5258220656845519
0.6963696369636962,-0.5772986857587104,-0.6359872299123863,-0.52583203860991
0.6974697469746973,-0.5773145134813561,-0.6360095154124611,-0.5258419555943713
0.6985698569856984,-0.5773302484652154,-0.6360316634479308,-0.5258518169517239
0.6996699669966995,-0.5773458912536669,-0.6360536748666208,-0.5258616229939956
0.7007700770077008,-0.5773614423869056,-0.6360755505111302,-0.5258713740314641
0.7018701870187019,-0.5773769024019613,-0.6360972912188634,-0.5258810703726663
0.7029702970297029,-0.5773922718327174,-0.6361188978220627,-0.5258907123244089
0.704070407040704,-0.5774075512099293,-0.6361403711478395,-0.5259003001917772
0.7051705170517051,-0.5774227410612424,-0.6361617120182061,-0.5259098342781456
0.7062706270627062,-0.5774378419112106,-0.6361829212501074,-0.5259193148851866
0.7073707370737072,-0.5774528542813148,-0.6362039996554514,-0.5259287423128803
0.7084708470847083,-0.5774677786899797,-0.6362249480411408,-0.5259381168595247
0.7095709570957094,-0.5774826156525931,-0.6362457672091035,-0.525947438821744
0.7106710671067107,-0.5774973656815229,-0.6362664579563234,-0.5259567084944988
0.7117711771177118,-0.5775120292861348,-0.6362870210748707,-0.5259659261710953
0.7128712871287128,-0.5775266069728102,-0.6363074573519321,-0.5259750921431942
0.7139713971397139,-0.5775410992449637,-0.6363277675698411,-0.5259842067008202
0.715071507150715,-0.5775555066030599,-0.6363479525061077,-0.5259932701323716
0.7161716171617161,-0.5775698295446313,-0.6363680129334479,-0.5260022827246286
0.7172717271727171,-0.5775840685642954,-0.6363879496198139,-0.5260112447627626
0.7183718371837182,-0.5775982241537716,-0.6364077633284226,-0.526020156530346
0.7194719471947193,-0.5776122968018981,-0.6364274548177852,-0.52602901830936
0.7205720572057204,-0.5776262869946489,-0.6364470248417362,-0.5260378303802045
0.7216721672167217,-0.5776401952151509,-0.6364664741494621,-0.5260465930217061
0.7227722772277227,-0.5776540219436999,-0.6364858034855299,-0.5260553065111279
0.7238723872387238,-0.5776677676577778,-0.6365050135899156,-0.5260639711241772
0.7249724972497249,-0.5776814328320689,-0.6365241051980329,-0.5260725871350156
0.726072607260726,-0.5776950179384759,-0.6365430790407607,-0.5260811548162658
0.727172717271727,-0.5777085234461369,-0.636561935844471,-0.5260896744390222
0.7282728272827281,-0.577721949821441,-0.6365806763310573,-0.5260981462728581
0.7293729372937292,-0.5777352975280446,-0.6365993012179619,-0.5261065705858347
0.7304730473047303,-0.5777485670268879,-0.6366178112182028,-0.5261149476445095
0.7315731573157316,-0.5777617587762099,-0.59776175877621,-0.5577617587762099
0.7326732673267327,-0.5777748732315647,-0.5977748732315648,-0.5577748732315647
0.7337733773377337,-0.5777879108458375,-0.5977879108458375,-0.5577879108458375
0.7348734873487348,-0.5778008720692598,-0.5978008720692598,-0.5578008720692598
0.7359735973597359,-0.5778137573494249,-0.5978137573494249,-0.5578137573494248
0.737073707370737,-0.577826567131304,-0.597826567131304,-0.557826567131304
0.738173817381738,-0.5778393018572607,-0.5978393018572608,-0.5578393018572607
0.7392739273927391,-0.5778519619670671,-0.5978519619670671,-0.5578519619670671
0.7403740374037402,-0.5778645478979182,-0.5978645478979182,-0.5578645478979182
0.7414741474147415,-0.5778770600844476,-0.5978770600844476,-0.5578770600844476
0.7425742574257426,-0.5778894989587424,-0.5978894989587424,-0.5578894989587424
0.7436743674367436,-0.5779018649503577,-0.5979018649503577,-0.5579018649503577
0.7447744774477447,-0.577914158486332,-0.597914158486332,-0.557914158486332
0.7458745874587458,-0.5779263799912014,-0.5979263799912015,-0.5579263799912014
0.7469746974697469,-0.577938529887015,-0.597938529887015,-0.557938529887015
0.748074807480748,-0.5779506085933488,-0.5979506085933488,-0.5579506085933488
0.749174917491749,-0.5779626165273201,-0.5979626165273201,-0.55796261652732
0.7502750275027501,-0.5779745541036028,-0.5979745541036028,-0.5579745541036027
0.7513751375137512,-0.5779864217344406,-0.5979864217344406,-0.5579864217344406
0.7524752475247525,-0.5779982198296622,-0.5979982198296622,-0.5579982198296621
0.7535753575357536,-0.5780099487966947,-0.5980099487966947,-0.5580099487966946
0.7546754675467546,-0.5780216090405782,-0.5980216090405782,-0.5580216090405782
0.7557755775577557,-0.5780332009639796,-0.5980332009639796,-0.5580332009639796
0.7568756875687568,-0.5780447249672063,-0.5980447249672063,-0.5580447249672063
0.7579757975797579,-0.5780561814482202,-0.5980561814482203,-0.5580561814482202
0.7590759075907589,-0.5780675708026518,-0.5980675708026518,-0.5580675708026518
0.76017601760176,-0.578078893423813,-0.598078893423813,-0.558078893423813
0.7612761276127611,-0.5780901497027117,-0.5980901497027117,-0.5580901497027116
0.7623762376237624,-0.5781013400280643,-0.5981013400280644,-0.5581013400280643
0.7634763476347635,-0.5781124647863102,-0.5981124647863102,-0.5581124647863102
0.7645764576457645,-0.578123524361624,-0.598123524361624,-0.5581235243616239
0.7656765676567656,-0.5781345191359295,-0.5981345191359295,-0.5581345191359295
0.7667766776677667,-0.578145449488913,-0.598145449488913,-0.558145449488913
0.7678767876787678,-0.5781563157980358,-0.5981563157980359,-0.5581563157980358
0.7689768976897688,-0.5781671184385477,-0.5981671184385478,-0.5581671184385477
0.7700770077007699,-0.5781778577834998,-0.5981778577834999,-0.5581778577834998
0.771177117711771,-0.5781885342037575,-0.5981885342037575,-0.5581885342037575
0.7722772277227721,-0.578199148068013,-0.598199148068013,-0.558199148068013
0.7733773377337734,-0.5782096997427985,-0.5982096997427985,-0.5582096997427984
0.7744774477447744,-0.5782201895924982,-0.5982201895924982,-0.5582201895924982
0.7755775577557755,-0.5782306179793618,-0.5982306179793618,-0.5582306179793618
0.7766776677667766,-0.5782409852635162,-0.5982409852635162,-0.5582409852635162
0.7777777777777777,-0.5782512918029783,-0.5982512918029783,-0.5582512918029783
0.7788778877887788,-0.5782615379536671,-0.5982615379536671,-0.5582615379536671
0.7799779977997798,-0.5782717240694165,-0.5982717240694165,-0.5582717240694165
0.7810781078107809,-0.578281850501987,-0.598281850501987,-0.558281850501987
0.782178217821782,-0.5782919176010781,-0.5982919176010781,-0.5582919176010781
0.7832783278327833,-0.5783019257143402,-0.5983019257143403,-0.5583019257143402
0.7843784378437844,-0.5783118751873872,-0.5983118751873873,-0.5583118751873872
0.7854785478547854,-0.5783217663638074,-0.5983217663638074,-0.5583217663638074
0.7865786578657865,-0.5783315995851761,-0.5983315995851761,-0.5583315995851761
0.7876787678767876,-0.5783413751910672,-0.5983413751910672,-0.5583413751910672
0.7887788778877887,-0.5783510935190653,-0.5983510935190653,-0.5583510935190653
0.7898789878987897,-0.5783607549047766,-0.5983607549047766,-0.5583607549047765
0.7909790979097908,-0.578370359681841,-0.598370359681841,-0.558370359681841
0.7920792079207919,-0.5783799081819436,-0.5983799081819436,-0.5583799081819436
0.7931793179317932,-0.578389400734826,-0.598389400734826,-0.558389400734826
0.7942794279427943,-0.5783988376682978,-0.5983988376682978,-0.5583988376682978
0.7953795379537953,-0.5784082193082479,-0.598408219308248,-0.5584082193082479
0.7964796479647964,-0.5784175459786557,-0.5984175459786557,-0.5584175459786557
0.7975797579757975,-0.5784268180016023,-0.5984268180016024,-0.5584268180016023
0.7986798679867986,-0.5784360356972819,-0.5984360356972819,-0.5584360356972818
0.7997799779977997,-0.578445199384012,-0.598445199384012,-0.5584451993840119
0.8008800880088007,-0.5784543093782456,-0.5984543093782456,-0.5584543093782456
0.8019801980198018,-0.5784633659945813,-0.5984633659945813,-0.5584633659945812
0.8030803080308029,-0.5784723695457743,-0.5984723695457743,-0.5584723695457743
0.8041804180418042,-0.5784813203427475,-0.5984813203427475,-0.5584813203427474
0.8052805280528053,-0.5784902186946017,-0.5984902186946017,-0.5584902186946017
0.8063806380638063,-0.578499064908627,-0.598499064908627,-0.558499064908627
0.8074807480748074,-0.5785078592903128,-0.5985078592903128,-0.5585078592903128
0.8085808580858085,-0.5785166021433584,-0.5985166021433584,-0.5585166021433584
0.8096809680968096,-0.578525293769684,-0.598525293769684,-0.558525293769684
0.8107810781078106,-0.5785339344694405,-0.5985339344694405,-0.5585339344694404
0.8118811881188117,-0.5785425245410202,-0.5985425245410202,-0.5585425245410202
0.8129812981298128,-0.5785510642810671,-0.5985510642810671,-0.558551064281067
0.8140814081408141,-0.578559553984487,-0.598559553984487,-0.558559553984487
0.8151815181518152,-0.5785679939444579,-0.5985679939444579,-0.5585679939444579
0.8162816281628162,-0.57857638445244,-0.59857638445244,-0.55857638445244
0.8173817381738173,-0.5785847257981854,-0.5985847257981854,-0.5585847257981854
0.8184818481848184,-0.5785930182697491,-0.5985930182697491,-0.558593018269749
0.8195819581958195,-0.5786012621534977,-0.5986012621534977,-0.5586012621534977
0.8206820682068205,-0.5786094577341203,-0.5986094577341203,-0.5586094577341203
0.8217821782178216,-0.5786176052946378,-0.5986176052946378,-0.5586176052946378
0.8228822882288227,-0.5786257051164126,-0.5986257051164127,-0.5586257051164126
0.8239823982398238,-0.5786337574791591,-0.5986337574791591,-0.5586337574791591
0.8250825082508251,-0.5786417626609521,-0.5986417626609521,-0.5586417626609521
0.8261826182618262,-0.5786497209382375,-0.5986497209382375,-0.5586497209382375
0.8272827282728272,-0.5786576325858412,-0.5986576325858413,-0.5586576325858412
0.8283828382838283,-0.5786654978769793,-0.5986654978769793,-0.5586654978769793
0.8294829482948294,-0.5786733170832664,-0.5986733170832664,-0.5586733170832664
0.8305830583058305,-0.578681090474726,-0.5986810904747261,-0.558681090474726
0.8316831683168315,-0.5786888183197996,-0.5986888183197996,-0.5586888183197996
0.8327832783278326,-0.5786965008853553,-0.5986965008853553,-0.5586965008853553
0.8338833883388337,-0.5787041384366981,-0.5987041384366981,-0.5587041384366981
0.834983498349835,-0.5787117312375784,-0.5987117312375784,-0.5587117312375783
0.8360836083608361,-0.578719279550201,-0.598719279550201,-0.558719279550201
0.8371837183718371,-0.5787267836352343,-0.5987267836352343,-0.5587267836352343
0.8382838283828382,-0.5787342437518199,-0.5987342437518199,-0.5587342437518199
0.8393839383938393,-0.5787416601575807,-0.5987416601575807,-0.5587416601575806
0.8404840484048404,-0.5787490331086297,-0.5987490331086297,-0.5587490331086297
0.8415841584158414,-0.5787563628595801,-0.5987563628595801,-0.5587563628595801
0.8426842684268425,-0.5787636496635525,-0.5987636496635526,-0.5587636496635525
0.8437843784378436,-0.578770893772185,-0.5987708937721851,-0.558770893772185
0.8448844884488449,-0.578778095435641,-0.598778095435641,-0.5587780954356409
0.845984598459846,-0.5787852549026179,-0.5987852549026179,-0.5587852549026179
0.847084708470847,-0.5787923724203564,-0.5987923724203564,-0.5587923724203564
0.8481848184818481,-0.5787994482346481,-0.5987994482346481,-0.5587994482346481
0.8492849284928492,-0.5788064825898449,-0.5988064825898449,-0.5588064825898449
0.8503850385038503,-0.5788134757288665,-0.5988134757288666,-0.5588134757288665
0.8514851485148514,-0.5788204278932098,-0.5988204278932098,-0.5588204278932097
0.8525852585258524,-0.578827339322956,-0.5988273393229561,-0.558827339322956
0.8536853685368535,-0.5788342102567804,-0.5988342102567804,-0.5588342102567804
0.8547854785478546,-0.5788410409319591,-0.5988410409319591,-0.5588410409319591
0.8558855885588559,-0.5788478315843786,-0.5988478315843786,-0.5588478315843786
0.856985698569857,-0.5788545824485427,-0.5988545824485427,-0.5588545824485427
0.858085808580858,-0.5788612937575817,-0.5988612937575817,-0.5588612937575816
0.8591859185918591,-0.5788679657432594,-0.5988679657432594,-0.5588679657432594
0.8602860286028602,-0.578874598635982,-0.598874598635982,-0.558874598635982
0.8613861386138613,-0.5788811926648056,-0.5988811926648057,-0.5588811926648056
0.8624862486248623,-0.5788877480574444,-0.5988877480574444,-0.5588877480574443
0.8635863586358634,-0.5788942650402779,-0.5988942650402779,-0.5588942650402778
0.8646864686468645,-0.5789007438383594,-0.5989007438383595,-0.5589007438383594
0.8657865786578658,-0.5789071846754238,-0.5989071846754238,-0.5589071846754238
0.8668866886688669,-0.5789135877738947,-0.5989135877738947,-0.5589135877738947
0.8679867986798679,-0.5789199533548928,-0.5989199533548928,-0.5589199533548928
0.869086908690869,-0.5789262816382428,-0.5989262816382428,-0.5589262816382428
0.8701870187018701,-0.5789325728424818,-0.5989325728424818,-0.5589325728424818
0.8712871287128712,-0.5789388271848662,-0.5989388271848662,-0.5589388271848662
0.8723872387238722,-0.5789450448813794,-0.5989450448813795,-0.5589450448813794
0.8734873487348733,-0.5789512261467396,-0.5989512261467396,-0.5589512261467395
0.8745874587458744,-0.5789573711944065,-0.5989573711944065,-0.5589573711944065
0.8756875687568755,-0.5789634802365892,-0.5989634802365892,-0.5589634802365891
0.8767876787678768,-0.5789695534842537,-0.5989695534842537,-0.5589695534842537
0.8778877887788779,-0.5789755911471295,-0.5989755911471295,-0.5589755911471295
0.8789878987898789,-0.5789815934337176,-0.5989815934337176,-0.5589815934337176
0.88008800880088,-0.5789875605512969,-0.5989875605512969,-0.5589875605512968
0.8811881188118811,-0.5789934927059323,-0.5989934927059323,-0.5589934927059322
0.8822882288228822,-0.5789993901024809,-0.5989993901024809,-0.5589993901024809
0.8833883388338832,-0.5790052529445997,-0.5990052529445997,-0.5590052529445997
0.8844884488448843,-0.5790110814347524,-0.5990110814347525,-0.5590110814347524
0.8855885588558854,-0.5790168757742163,-0.5990168757742164,-0.5590168757742163
0.8866886688668867,-0.5790226361630897,-0.5990226361630897,-0.5590226361630897
0.8877887788778878,-0.5790283628002978,-0.5990283628002978,-0.5590283628002978
0.8888888888888888,-0.5790340558836009,-0.5990340558836009,-0.5590340558836009
0.8899889988998899,-0.5790397156096003,-0.5990397156096003,-0.5590397156096003
0.891089108910891,-0.5790453421737455,-0.5990453421737455,-0.5590453421737455
0.8921892189218921,-0.5790509357703405,-0.5990509357703405,-0.5590509357703405
0.8932893289328931,-0.5790564965925511,-0.5990564965925511,-0.5590564965925511
0.8943894389438942,-0.5790620248324112,-0.5990620248324112,-0.5590620248324112
0.8954895489548953,-0.5790675206808296,-0.5990675206808296,-0.5590675206808295
0.8965896589658966,-0.5790729843275964,-0.5990729843275964,-0.5590729843275963
0.8976897689768977,-0.5790784159613896,-0.5990784159613897,-0.5590784159613896
0.8987898789878987,-0.579083815769782,-0.599083815769782,-0.5590838157697819
0.8998899889988998,-0.579089183939247,-0.599089183939247,-0.559089183939247
0.9009900990099009,-0.5790945206551656,-0.5990945206551657,-0.5590945206551656
0.902090209020902,-0.5790998261018327,-0.5990998261018328,-0.5590998261018327
0.903190319031903,-0.5791051004624631,-0.5991051004624631,-0.5591051004624631
0.9042904290429041,-0.5791103439191982,-0.5991103439191983,-0.5591103439191982
0.9053905390539052,-0.5791155566531123,-0.5991155566531123,-0.5591155566531123
0.9064906490649063,-0.5791207388442187,-0.5991207388442187,-0.5591207388442186
0.9075907590759076,-0.5791258906714757,-0.5991258906714757,-0.5591258906714757
0.9086908690869087,-0.5791310123127934,-0.5991310123127934,-0.5591310123127934
0.9097909790979097,-0.5791361039450393,-0.5991361039450394,-0.5591361039450393
0.9108910891089108,-0.5791411657440446,-0.5991411657440446,-0.5591411657440446
0.9119911991199119,-0.5791461978846103,-0.5991461978846103,-0.5591461978846103
0.913091309130913,-0.5791512005405131,-0.5991512005405131,-0.559151200540513
0.914191419141914,-0.5791561738845115,-0.5991561738845115,-0.5591561738845114
0.9152915291529151,-0.5791611180883518,-0.5991611180883518,-0.5591611180883518
0.9163916391639162,-0.5791660333227742,-0.5991660333227742,-0.5591660333227741
0.9174917491749175,-0.5791709197575181,-0.5991709197575181,-0.5591709197575181
0.9185918591859186,-0.5791757775613288,-0.5991757775613288,-0.5591757775613287
0.9196919691969196,-0.5791806069019623,-0.5991806069019623,-0.5591806069019623
0.9207920792079207,-0.5791854079461921,-0.5991854079461921,-0.5591854079461921
0.9218921892189218,-0.5791901808598146,-0.5991901808598146,-0.5591901808598145
0.9229922992299229,-0.5791949258076543,-0.5991949258076543,-0.5591949258076543
0.924092409240924,-0.5791996429535704,-0.5991996429535704,-0.5591996429535704
0.925192519251925,-0.5792043324604618,-0.5992043324604618,-0.5592043324604618
0.9262926292629261,-0.579208994490273,-0.599208994490273,-0.559208994490273
0.9273927392739272,-0.5792136292039994,-0.5992136292039995,-0.5592136292039994
0.9284928492849285,-0.5792182367616936,-0.5992182367616936,-0.5592182367616936
0.9295929592959296,-0.5792228173224698,-0.5992228173224698,-0.5592228173224698
0.9306930693069306,-0.5792273710445104,-0.5992273710445104,-0.5592273710445104
0.9317931793179317,-0.5792318980850706,-0.5992318980850706,-0.5592318980850706
0.9328932893289328,-0.5792363986004844,-0.5992363986004844,-0.5592363986004844
0.9339933993399339,-0.5792408727461698,-0.5992408727461698,-0.5592408727461697
0.9350935093509349,-0.579245320676634,-0.599245320676634,-0.559245320676634
0.936193619361936,-0.5792497425454791,-0.5992497425454791,-0.5592497425454791
0.9372937293729371,-0.5792541385054072,-0.5992541385054072,-0.5592541385054072
0.9383938393839384,-0.5792585087082255,-0.5992585087082255,-0.5592585087082255
0.9394939493949395,-0.5792628533048517,-0.5992628533048517,-0.5592628533048517
0.9405940594059405,-0.5792671724453197,-0.5992671724453197,-0.5592671724453196
0.9416941694169416,-0.5792714662787836,-0.5992714662787836,-0.5592714662787835
0.9427942794279427,-0.5792757349535241,-0.5992757349535242,-0.5592757349535241
0.9438943894389438,-0.5792799786169529,-0.5992799786169529,-0.5592799786169529
0.9449944994499448,-0.5792841974156181,-0.5992841974156181,-0.5592841974156181
0.9460946094609459,-0.5792883914952088,-0.5992883914952088,-0.5592883914952088
0.947194719471947,-0.5792925610005609,-0.5992925610005609,-0.5592925610005609
0.9482948294829483,-0.5792967060756613,-0.5992967060756613,-0.5592967060756613
0.9493949394939494,-0.5793008268636535,-0.5993008268636535,-0.5593008268636535
0.9504950495049505,-0.5793049235068422,-0.5993049235068422,-0.5593049235068421
0.9515951595159515,-0.5793089961466982,-0.5993089961466982,-0.5593089961466982
0.9526952695269526,-0.5793130449238635,-0.5993130449238635,-0.5593130449238635
0.9537953795379537,-0.5793170699781561,-0.5993170699781561,-0.5593170699781561
0.9548954895489548,-0.5793210714485746,-0.5993210714485746,-0.5593210714485746
0.9559955995599558,-0.5793250494733032,-0.5993250494733032,-0.5593250494733032
0.9570957095709569,-0.5793290041897166,-0.5993290041897166,-0.5593290041897165
0.958195819581958,-0.5793329357343844,-0.5993329357343844,-0.5593329357343844
0.9592959295929593,-0.5793368442430762,-0.5993368442430762,-0.5593368442430762
0.9603960396039604,-0.5793407298507658,-0.5993407298507658,-0.5593407298507658
0.9614961496149614,-0.5793445926916364,-0.5993445926916364,-0.5593445926916364
0.9625962596259625,-0.579348432899085,-0.599348432899085,-0.559348432899085
0.9636963696369636,-0.5793522506057267,-0.5993522506057267,-0.5593522506057267
0.9647964796479647,-0.5793560459433998,-0.5993560459433999,-0.5593560459433998
0.9658965896589657,-0.5793598190431704,-0.5993598190431704,-0.5593598190431703
0.9669966996699668,-0.5793635700353359,-0.5993635700353359,-0.5593635700353359
0.9680968096809679,-0.579367299049431,-0.599367299049431,-0.5593672990494309
0.9691969196919692,-0.579371006214231,-0.599371006214231,-0.559371006214231
0.9702970297029703,-0.5793746916577568,-0.5993746916577568,-0.5593746916577568
0.9713971397139713,-0.5793783555072791,-0.5993783555072791,-0.5593783555072791
0.9724972497249724,-0.5793819978893232,-0.5993819978893232,-0.5593819978893232
0.9735973597359735,-0.5793856189296726,-0.5993856189296726,-0.5593856189296725
0.9746974697469746,-0.579389218753374,-0.599389218753374,-0.559389218753374
0.9757975797579757,-0.5793927974847417,-0.5993927974847417,-0.5593927974847417
0.9768976897689767,-0.5793963552473611,-0.5993963552473611,-0.5593963552473611
0.9779977997799778,-0.5793998921640937,-0.5993998921640937,-0.5593998921640937
0.9790979097909789,-0.5794034083570814,-0.5994034083570814,-0.5594034083570814
0.9801980198019802,-0.5794069039477499,-0.5994069039477499,-0.5594069039477498
0.9812981298129813,-0.5794103790568139,-0.5994103790568139,-0.5594103790568139
0.9823982398239823,-0.5794138338042806,-0.5994138338042806,-0.5594138338042806
0.9834983498349834,-0.5794172683094541,-0.5994172683094541,-0.559417268309454
0.9845984598459845,-0.5794206826909392,-0.5994206826909392,-0.5594206826909391
0.9856985698569856,-0.5794240770666462,-0.5994240770666462,-0.5594240770666462
0.9867986798679866,-0.5794274515537944,-0.5994274515537944,-0.5594274515537944
0.9878987898789877,-0.5794308062689161,-0.5994308062689161,-0.5594308062689161
0.9889988998899888,-0.5794341413278609,-0.5994341413278609,-0.5594341413278608
0.9900990099009901,-0.5794374568457996,-0.5994374568457996,-0.5594374568457996
0.9911991199119912,-0.5794407529372282,-0.5994407529372282,-0.5594407529372282
0.9922992299229922,-0.5794440297159719,-0.5994440297159719,-0.5594440297159718
0.9933993399339933,-0.5794472872951889,-0.5994472872951889,-0.5594472872951889
0.9944994499449944,-0.5794505257873743,-0.5994505257873743,-0.5594505257873743
0.9955995599559955,-0.5794537453043643,-0.5994537453043643,-0.5594537453043643
0.9966996699669965,-0.5794569459573395,-0.5994569459573396,-0.5594569459573395
0.9977997799779976,-0.5794601278568293,-0.5994601278568293,-0.5594601278568293
0.9988998899889987,-0.5794632911127156,-0.5994632911127156,-0.5594632911127155
1.0,-0.5794664358342358,-0.5994664358342359,-0.5594664358342358
1.0011001100110009,-0.5794695621299882,-0.5994695621299883,-0.5594695621299882
1.0022002200220022,-0.579472670107934,-0.599472670107934,-0.559472670107934
1.003300330033003,-0.5794757598754025,-0.5994757598754025,-0.5594757598754024
1.0044004400440043,-0.5794788315390934,-0.5994788315390934,-0.5594788315390934
1.0055005500550056,-0.5794818852050818,-0.5994818852050818,-0.5594818852050818
1.0066006600660065,-0.579484920978821,-0.599484920978821,-0.559484920978821
1.0077007700770078,-0.5794879389651466,-0.5994879389651466,-0.5594879389651466
1.0088008800880086,-0.5794909392682797,-0.5994909392682797,-0.5594909392682796
1.00990099009901,-0.5794939219918309,-0.5994939219918309,-0.5594939219918309
1.0110011001100108,-0.5794968872388038,-0.5994968872388038,-0.5594968872388038
1.012101210121012,-0.5794998351115982,-0.5994998351115982,-0.5594998351115982
1.013201320132013,-0.5795027657120142,-0.5995027657120142,-0.5595027657120142
1.0143014301430142,-0.5795056791412553,-0.5995056791412553,-0.5595056791412553
1.0154015401540155,-0.579508575499932,-0.599508575499932,-0.5595085754999319
1.0165016501650164,-0.5795114548880653,-0.5995114548880653,-0.5595114548880653
1.0176017601760177,-0.5795143174050902,-0.5995143174050902,-0.5595143174050902
1.0187018701870185,-0.579517163149859,-0.599517163149859,-0.559517163149859
1.0198019801980198,-0.5795199922206449,-0.5995199922206449,-0.5595199922206449
1.0209020902090207,-0.5795228047151453,-0.5995228047151453,-0.5595228047151453
1.022002200220022,-0.579525600730485,-0.599525600730485,-0.559525600730485
1.0231023102310228,-0.5795283803632199,-0.5995283803632199,-0.5595283803632198
1.0242024202420241,-0.57953114370934,-0.59953114370934,-0.55953114370934
1.025302530253025,-0.579533890864273,-0.599533890864273,-0.559533890864273
1.0264026402640263,-0.5795366219228875,-0.5995366219228875,-0.5595366219228874
1.0275027502750276,-0.579539336979496,-0.599539336979496,-0.559539336979496
1.0286028602860284,-0.5795420361278587,-0.5995420361278587,-0.5595420361278587
1.0297029702970297,-0.5795447194611861,-0.5995447194611861,-0.5595447194611861
1.0308030803080306,-0.5795473870721429,-0.599547387072143,-0.5595473870721429
1.0319031903190319,-0.5795500390528507,-0.5995500390528508,-0.5595500390528507
1.0330033003300327,-0.5795526754948912,-0.5995526754948912,-0.5595526754948912
1.034103410341034,-0.5795552964893097,-0.5995552964893097,-0.5595552964893097
1.035203520352035,-0.5795579021266181,-0.5995579021266181,-0.559557902126618
1.0363036303630362,-0.5795604924967974,-0.5995604924967974,-0.5595604924967974
1.0374037403740375,-0.5795630676893023,-0.5995630676893023,-0.5595630676893023
1.0385038503850383,-0.5795656277930626,-0.5995656277930627,-0.5595656277930626
1.0396039603960396,-0.5795681728964874,-0.5995681728964875,-0.5595681728964874
1.0407040704070405,-0.5795707030874677,-0.5995707030874677,-0.5595707030874677
1.0418041804180418,-0.5795732184533795,-0.5995732184533795,-0.5595732184533795
1.0429042904290426,-0.5795757190810868,-0.5995757190810869,-0.5595757190810868
1.044004400440044,-0.5795782050569448,-0.5995782050569448,-0.5595782050569448
1.0451045104510448,-0.5795806764668026,-0.5995806764668026,-0.5595806764668025
1.046204620462046,-0.5795831333960062,-0.5995831333960062,-0.5595831333960062
1.0473047304730474,-0.5795855759294016,-0.5995855759294016,-0.5595855759294016
1.0484048404840483,-0.5795880041513379,-0.599588004151338,-0.5595880041513379
1.0495049504950495,-0.5795904181456698,-0.5995904181456698,-0.5595904181456698
1.0506050605060504,-0.5795928179957606,-0.5995928179957606,-0.5595928179957605
1.0517051705170517,-0.5795952037844849,-0.5995952037844849,-0.5595952037844849
1.0528052805280526,-0.5795975755942325,-0.5995975755942325,-0.5595975755942325
1.0539053905390539,-0.5795999335069097,-0.5995999335069098,-0.5595999335069097
1.0550055005500547,-0.5796022776039433,-0.5996022776039434,-0.5596022776039433
1.056105610561056,-0.5796046079662828,-0.5996046079662828,-0.5596046079662828
1.0572057205720573,-0.5796069246744033,-0.5996069246744034,-0.5596069246744033
1.0583058305830582,-0.5796092278083089,-0.5996092278083089,-0.5596092278083089
1.0594059405940595,-0.5796115174475343,-0.5996115174475343,-0.5596115174475342
1.0605060506050603,-0.5796137936711485,-0.5996137936711485,-0.5596137936711485
1.0616061606160616,-0.5796160565577572,-0.5996160565577572,-0.5596160565577571
1.0627062706270625,-0.5796183061855055,-0.5996183061855055,-0.5596183061855055
1.0638063806380638,-0.5796205426320806,-0.5996205426320806,-0.5596205426320806
1.0649064906490646,-0.5796227659747146,-0.5996227659747146,-0.5596227659747146
1.066006600660066,-0.5796249762901869,-0.599624976290187,-0.5596249762901869
1.0671067106710672,-0.5796271736548273,-0.5996271736548273,-0.5596271736548273
1.068206820682068,-0.579629358144518,-0.599629358144518,-0.559629358144518
1.0693069306930694,-0.5796315298346969,-0.5996315298346969,-0.5596315298346969
1.0704070407040702,-0.5796336888003598,-0.5996336888003598,-0.5596336888003598
1.0715071507150715,-0.579635835116063,-0.599635835116063,-0.559635835116063
1.0726072607260724,-0.5796379688559261,-0.5996379688559261,-0.5596379688559261
1.0737073707370737,-0.5796400900936342,-0.5996400900936342,-0.5596400900936341
1.0748074807480745,-0.5796421989024408,-0.5996421989024409,-0.5596421989024408
1.0759075907590758,-0.5796442953551703,-0.5996442953551703,-0.5596442953551702
1.0770077007700767,-0.5796463795242202,-0.5996463795242202,-0.5596463795242201
1.078107810781078,-0.5796484514815637,-0.5996484514815638,-0.5596484514815637
1.0792079207920793,-0.5796505112987529,-0.5996505112987529,-0.5596505112987529
1.0803080308030801,-0.5796525590469198,-0.5996525590469198,-0.5596525590469198
1.0814081408140814,-0.5796545947967802,-0.5996545947967802,-0.5596545947967801
1.0825082508250823,-0.5796566186186355,-0.5996566186186355,-0.5596566186186355
1.0836083608360836,-0.5796586305823749,-0.5996586305823749,-0.5596586305823749
1.0847084708470844,-0.5796606307574784,-0.5996606307574784,-0.5596606307574784
1.0858085808580857,-0.5796626192130188,-0.5996626192130188,-0.5596626192130187
1.0869086908690866,-0.5796645960176641,-0.5996645960176641,-0.559664596017664
1.088008800880088,-0.57966656123968,-0.59966656123968,-0.55966656123968
1.0891089108910892,-0.5796685149469323,-0.5996685149469323,-0.5596685149469323
1.09020902090209,-0.5796704572068891,-0.5996704572068892,-0.5596704572068891
1.0913091309130913,-0.5796723880866231,-0.5996723880866232,-0.5596723880866231
1.0924092409240922,-0.5796743076528142,-0.5996743076528143,-0.5596743076528142
1.0935093509350935,-0.5796762159717515,-0.5996762159717515,-0.5596762159717514
1.0946094609460943,-0.5796781131093355,-0.5996781131093355,-0.5596781131093355
1.0957095709570956,-0.5796799991310809,-0.5996799991310809,-0.5596799991310809
1.0968096809680965,-0.5796818741021184,-0.5996818741021184,-0.5596818741021183
1.0979097909790978,-0.5796837380871969,-0.5996837380871969,-0.5596837380871968
1.099009900990099,-0.5796855911506862,-0.5996855911506862,-0.5596855911506862
1.1001100110011,-0.5796874333565789,-0.5996874333565789,-0.5596874333565789
1.1012101210121013,-0.5796892647684925,-0.5996892647684925,-0.5596892647684925
1.102310231023102,-0.5796910854496717,-0.5996910854496718,-0.5596910854496717
1.1034103410341034,-0.579692895462991,-0.599692895462991,-0.559692895462991
1.1045104510451043,-0.579694694870956,-0.5996946948709561,-0.559694694870956
1.1056105610561056,-0.5796964837357066,-0.5996964837357066,-0.5596964837357066
1.1067106710671064,-0.579698262119018,-0.599698262119018,-0.559698262119018
1.1078107810781077,-0.5797000300823041,-0.5997000300823041,-0.5597000300823041
1.108910891089109,-0.5797017876866183,-0.5997017876866183,-0.5597017876866183
1.1100110011001099,-0.5797035349926568,-0.5997035349926568,-0.5597035349926568
1.1111111111111112,-0.5797052720607601,-0.5997052720607601,-0.55970527206076
1.112211221122112,-0.5797069989509146,-0.5997069989509146,-0.5597069989509146
1.1133113311331133,-0.5797087157227561,-0.5997087157227561,-0.559708715722756
1.1144114411441142,-0.5797104224355701,-0.5997104224355702,-0.5597104224355701
1.1155115511551155,-0.5797121191482953,-0.5997121191482954,-0.5597121191482953
1.1166116611661163,-0.5797138059195251,-0.5997138059195252,-0.5597138059195251
1.1177117711771176,-0.5797154828075092,-0.5997154828075092,-0.5597154828075092
1.118811881188119,-0.5797171498701562,-0.5997171498701562,-0.5597171498701562
1.1199119911991198,-0.5797188071650354,-0.5997188071650355,-0.5597188071650354
1.121012101210121,-0.5797204547493787,-0.5997204547493787,-0.5597204547493787
1.122112211221122,-0.579722092680083,-0.599722092680083,-0.559722092680083
1.1232123212321232,-0.5797237210137113,-0.5997237210137113,-0.5597237210137113
1.124312431243124,-0.5797253398064954,-0.5997253398064954,-0.5597253398064954
1.1254125412541254,-0.579726949114338,-0.599726949114338,-0.559726949114338
1.1265126512651262,-0.5797285489928137,-0.5997285489928137,-0.5597285489928137
1.1276127612761275,-0.5797301394971716,-0.5997301394971716,-0.5597301394971715
1.1287128712871284,-0.5797317206823374,-0.5997317206823374,-0.5597317206823373
1.1298129812981297,-0.5797332926029145,-0.5997332926029145,-0.5597332926029145
1.130913091309131,-0.5797348553131868,-0.5997348553131868,-0.5597348553131868
1.1320132013201318,-0.57973640886712,-0.59973640886712,-0.55973640886712
1.1331133113311331,-0.5797379533183633,-0.5997379533183633,-0.5597379533183633
1.134213421342134,-0.579739488720252,-0.5997394887202521,-0.559739488720252
1.1353135313531353,-0.5797410151258087,-0.5997410151258087,-0.5597410151258086
1.1364136413641361,-0.5797425325877453,-0.5997425325877453,-0.5597425325877453
1.1375137513751374,-0.5797440411584648,-0.5997440411584648,-0.5597440411584648
1.1386138613861383,-0.5797455408900632,-0.5997455408900633,-0.5597455408900632
1.1397139713971396,-0.5797470318343315,-0.5997470318343315,-0.5597470318343315
1.140814081408141,-0.5797485140427568,-0.5997485140427569,-0.5597485140427568
1.1419141914191417,-0.579749987566525,-0.599749987566525,-0.5597499875665249
1.143014301430143,-0.5797514524565215,-0.5997514524565215,-0.5597514524565215
1.144114411441144,-0.5797529087633342,-0.5997529087633342,-0.5597529087633342
1.1452145214521452,-0.579754356537254,-0.5997543565372541,-0.559754356537254
1.146314631463146,-0.5797557958282777,-0.5997557958282778,-0.5597557958282777
1.1474147414741473,-0.5797572266861086,-0.5997572266861086,-0.5597572266861086
1.1485148514851482,-0.5797586491601593,-0.5997586491601593,-0.5597586491601593
1.1496149614961495,-0.5797600632995524,-0.5997600632995524,-0.5597600632995524
1.1507150715071508,-0.579761469153123,-0.599761469153123,-0.559761469153123
1.1518151815181517,-0.5797628667694199,-0.5997628667694199,-0.5597628667694199
1.152915291529153,-0.5797642561967076,-0.5997642561967076,-0.5597642561967076
1.1540154015401538,-0.5797656374829676,-0.5997656374829676,-0.5597656374829676
1.155115511551155,-0.5797670106759005,-0.5997670106759005,-0.5597670106759005
1.156215621562156,-0.5797683758229272,-0.5997683758229272,-0.5597683758229272
1.1573157315731573,-0.5797697329711907,-0.5997697329711907,-0.5597697329711907
1.1584158415841581,-0.5797710821675581,-0.5997710821675581,-0.5597710821675581
1.1595159515951594,-0.5797724234586216,-0.5997724234586216,-0.5597724234586215
1.1606160616061607,-0.5797737568907004,-0.5997737568907004,-0.5597737568907004
1.1617161716171616,-0.5797750825098427,-0.5997750825098427,-0.5597750825098426
1.1628162816281629,-0.5797764003618263,-0.5997764003618263,-0.5597764003618263
1.1639163916391637,-0.5797777104921612,-0.5997777104921612,-0.5597777104921612
1.165016501650165,-0.5797790129460906,-0.5997790129460906,-0.5597790129460906
1.1661166116611659,-0.5797803077685926,-0.5997803077685926,-0.5597803077685926
1.1672167216721672,-0.5797815950043818,-0.5997815950043818,-0.5597815950043817
1.168316831683168,-0.5797828746979108,-0.5997828746979108,-0.5597828746979108
1.1694169416941693,-0.5797841468933717,-0.5997841468933717,-0.5597841468933716
1.1705170517051706,-0.5797854116346977,-0.5997854116346977,-0.5597854116346976
1.1716171617161715,-0.5797866689655645,-0.5997866689655645,-0.5597866689655645
1.1727172717271728,-0.5797879189293922,-0.5997879189293922,-0.5597879189293922
1.1738173817381736,-0.579789161569346,-0.599789161569346,-0.559789161569346
1.174917491749175,-0.5797903969283387,-0.5997903969283387,-0.5597903969283387
1.1760176017601758,-0.5797916250490311,-0.5997916250490312,-0.5597916250490311
1.177117711771177,-0.5797928459738346,-0.5997928459738346,-0.5597928459738346
1.178217821782178,-0.5797940597449117,-0.5997940597449117,-0.5597940597449117
1.1793179317931792,-0.5797952664041781,-0.5997952664041781,-0.5597952664041781
1.18041804180418,-0.5797964659933038,-0.5997964659933038,-0.5597964659933038
1.1815181518151814,-0.5797976585537147,-0.5997976585537147,-0.5597976585537147
1.1826182618261827,-0.5797988441265938,-0.5997988441265938,-0.5597988441265938
1.1837183718371835,-0.5798000227528829,-0.5998000227528829,-0.5598000227528829
1.1848184818481848,-0.579801194473284,-0.5998011944732841,-0.559801194473284
1.1859185918591857,-0.5798023593282606,-0.5998023593282606,-0.5598023593282606
1.187018701870187,-0.5798035173580391,-0.5998035173580392,-0.5598035173580391
1.1881188118811878,-0.57980466860261,-0.5998046686026101,-0.55980466860261
1.1892189218921891,-0.5798058131017298,-0.5998058131017299,-0.5598058131017298
1.19031903190319,-0.579806950894922,-0.599806950894922,-0.5598069508949219
1.1914191419141913,-0.5798080820214782,-0.5998080820214782,-0.5598080820214781
1.1925192519251926,-0.57980920652046,-0.59980920652046,-0.55980920652046
1.1936193619361934,-0.5798103244307002,-0.5998103244307003,-0.5598103244307002
1.1947194719471947,-0.5798114357908043,-0.5998114357908043,-0.5598114357908043
1.1958195819581956,-0.5798125406391509,-0.5998125406391509,-0.5598125406391509
1.196919691969197,-0.5798136390138944,-0.5998136390138944,-0.5598136390138944
1.1980198019801978,-0.5798147309529651,-0.5998147309529651,-0.5598147309529651
1.199119911991199,-0.5798158164940717,-0.5998158164940717,-0.5598158164940716
1.2002200220022,-0.5798168956747013,-0.5998168956747013,-0.5598168956747013
1.2013201320132012,-0.5798179685321218,-0.5998179685321218,-0.5598179685321217
1.2024202420242025,-0.5798190351033824,-0.5998190351033824,-0.5598190351033824
1.2035203520352034,-0.5798200954253157,-0.5998200954253157,-0.5598200954253156
1.2046204620462047,-0.5798211495345378,-0.5998211495345378,-0.5598211495345378
1.2057205720572055,-0.579822197467451,-0.599822197467451,-0.559822197467451
1.2068206820682068,-0.5798232392602437,-0.5998232392602437,-0.5598232392602437
1.2079207920792077,-0.5798242749488927,-0.5998242749488927,-0.5598242749488926
1.209020902090209,-0.5798253045691637,-0.5998253045691637,-0.5598253045691637
1.2101210121012098,-0.5798263281566131,-0.5998263281566131,-0.559826328156613
1.2112211221122111,-0.5798273457465886,-0.5998273457465886,-0.5598273457465885
1.2123212321232124,-0.5798283573742312,-0.5998283573742312,-0.5598283573742312
1.2134213421342133,-0.5798293630744757,-0.5998293630744758,-0.5598293630744757
1.2145214521452146,-0.5798303628820524,-0.5998303628820524,-0.5598303628820523
1.2156215621562154,-0.5798313568314879,-0.5998313568314879,-0.5598313568314879
1.2167216721672167,-0.5798323449571067,-0.5998323449571067,-0.5598323449571067
1.2178217821782176,-0.5798333272930322,-0.5998333272930322,-0.5598333272930321
1.2189218921892189,-0.5798343038731876,-0.5998343038731876,-0.5598343038731876
1.2200220022002197,-0.5798352747312976,-0.5998352747312976,-0.5598352747312976
1.221122112211221,-0.5798362399008892,-0.5998362399008892,-0.5598362399008892
1.2222222222222223,-0.5798371994152929,-0.5998371994152929,-0.5598371994152929
1.2233223322332232,-0.579838153307644,-0.599838153307644,-0.559838153307644
1.2244224422442245,-0.5798391016108836,-0.5998391016108836,-0.5598391016108836
1.2255225522552253,-0.5798400443577598,-0.5998400443577598,-0.5598400443577598
1.2266226622662266,-0.579840981580829,-0.599840981580829,-0.559840981580829
1.2277227722772275,-0.5798419133124564,-0.5998419133124564,-0.5598419133124564
1.2288228822882288,-0.5798428395848179,-0.5998428395848179,-0.5598428395848178
1.2299229922992296,-0.5798437604299009,-0.599843760429901,-0.5598437604299009
1.231023102310231,-0.5798446758795053,-0.5998446758795053,-0.5598446758795053
1.2321232123212318,-0.5798455859652445,-0.5998455859652445,-0.5598455859652445
1.233223322332233,-0.579846490718547,-0.599846490718547,-0.559846490718547
1.2343234323432344,-0.5798473901706569,-0.5998473901706569,-0.5598473901706569
1.2354235423542352,-0.5798482843526352,-0.5998482843526353,-0.5598482843526352
1.2365236523652365,-0.5798491732953612,-0.5998491732953612,-0.5598491732953612
1.2376237623762374,-0.5798500570295331,-0.5998500570295331,-0.559850057029533
1.2387238723872387,-0.579850935585669,-0.599850935585669,-0.559850935585669
1.2398239823982395,-0.5798518089941086,-0.5998518089941086,-0.5598518089941086
1.2409240924092408,-0.5798526772850136,-0.5998526772850136,-0.5598526772850135
1.2420242024202417,-0.5798535404883689,-0.5998535404883689,-0.5598535404883689
1.243124312431243,-0.5798543986339839,-0.5998543986339839,-0.5598543986339839
1.2442244224422443,-0.5798552517514933,-0.5998552517514933,-0.5598552517514933
1.2453245324532451,-0.5798560998703581,-0.5998560998703582,-0.5598560998703581
1.2464246424642464,-0.5798569430198667,-0.5998569430198667,-0.5598569430198667
1.2475247524752473,-0.5798577812291359,-0.5998577812291359,-0.5598577812291359
1.2486248624862486,-0.5798586145271117,-0.5998586145271118,-0.5598586145271117
1.2497249724972495,-0.579859442942571,-0.599859442942571,-0.559859442942571
1.2508250825082508,-0.5798602665041216,-0.5998602665041216,-0.5598602665041216
1.2519251925192516,-0.5798610852402039,-0.5998610852402039,-0.5598610852402038
1.253025302530253,-0.5798618991790915,-0.5998618991790915,-0.5598618991790915
1.2541254125412542,-0.5798627083488925,-0.5998627083488925,-0.5598627083488925
1.255225522552255,-0.5798635127775504,-0.5998635127775505,-0.5598635127775504
1.2563256325632564,-0.5798643124928449,-0.5998643124928449,-0.5598643124928449
1.2574257425742572,-0.5798651075223925,-0.5998651075223925,-0.5598651075223925
1.2585258525852585,-0.5798658978936485,-0.5998658978936485,-0.5598658978936485
1.2596259625962594,-0.579866683633907,-0.599866683633907,-0.559866683633907
1.2607260726072607,-0.5798674647703024,-0.5998674647703024,-0.5598674647703024
1.2618261826182615,-0.5798682413298097,-0.5998682413298098,-0.5598682413298097
1.2629262926292628,-0.5798690133392463,-0.5998690133392464,-0.5598690133392463
1.2640264026402641,-0.5798697808252724,-0.5998697808252724,-0.5598697808252724
1.265126512651265,-0.5798705438143916,-0.5998705438143916,-0.5598705438143916
1.2662266226622663,-0.5798713023329527,-0.5998713023329527,-0.5598713023329527
1.2673267326732671,-0.5798720564071498,-0.5998720564071498,-0.5598720564071498
1.2684268426842684,-0.5798728060630237,-0.5998728060630237,-0.5598728060630237
1.2695269526952693,-0.5798735513264625,-0.5998735513264625,-0.5598735513264624
1.2706270627062706,-0.5798742922232025,-0.5998742922232025,-0.5598742922232025
1.2717271727172714,-0.5798750287788297,-0.5998750287788297,-0.5598750287788297
1.2728272827282727,-0.5798757610187795,-0.5998757610187795,-0.5598757610187794
1.273927392739274,-0.5798764889683389,-0.5998764889683389,-0.5598764889683389
1.2750275027502749,-0.5798772126526461,-0.5998772126526462,-0.5598772126526461
1.2761276127612762,-0.5798779320966928,-0.5998779320966928,-0.5598779320966928
1.277227722772277,-0.5798786473253236,-0.5998786473253236,-0.5598786473253236
1.2783278327832783,-0.5798793583632376,-0.5998793583632376,-0.5598793583632375
1.2794279427942792,-0.5798800652349896,-0.5998800652349896,-0.5598800652349896
1.2805280528052805,-0.5798807679649901,-0.5998807679649901,-0.5598807679649901
1.2816281628162813,-0.5798814665775068,-0.5998814665775068,-0.5598814665775068
1.2827282728272826,-0.5798821610966651,-0.5998821610966651,-0.5598821610966651
1.2838283828382835,-0.5798828515464491,-0.5998828515464492,-0.5598828515464491
1.2849284928492848,-0.5798835379507026,-0.5998835379507026,-0.5598835379507026
1.286028602860286,-0.5798842203331289,-0.5998842203331289,-0.5598842203331289
1.287128712871287,-0.5798848987172935,-0.5998848987172936,-0.5598848987172935
1.2882288228822882,-0.579885573126623,-0.599885573126623,-0.559885573126623
1.289328932893289,-0.5798862435844071,-0.5998862435844071,-0.5598862435844071
1.2904290429042904,-0.579886910113799,-0.599886910113799,-0.559886910113799
1.2915291529152912,-0.5798875727378162,-0.5998875727378162,-0.5598875727378162
1.2926292629262925,-0.5798882314793412,-0.5998882314793412,-0.5598882314793412
1.2937293729372934,-0.5798888863611228,-0.5998888863611228,-0.5598888863611228
1.2948294829482947,-0.5798895374057761,-0.5998895374057761,-0.5598895374057761
1.295929592959296,-0.5798901846357839,-0.5998901846357839,-0.5598901846357839
1.2970297029702968,-0.5798908280734973,-0.5998908280734974,-0.5598908280734973
1.2981298129812981,-0.5798914677411363,-0.5998914677411363,-0.5598914677411363
1.299229922992299,-0.5798921036607908,-0.5998921036607908,-0.5598921036607908
1.3003300330033003,-0.5798927358544212,-0.5998927358544213,-0.5598927358544212
1.3014301430143012,-0.5798933643438594,-0.5998933643438594,-0.5598933643438594
1.3025302530253025,-0.5798939891508091,-0.5998939891508092,-0.5598939891508091
1.3036303630363033,-0.5798946102968472,-0.5998946102968472,-0.5598946102968472
1.3047304730473046,-0.5798952278034237,-0.5998952278034237,-0.5598952278034237
1.305830583058306,-0.5798958416918634,-0.5998958416918634,-0.5598958416918633
1.3069306930693068,-0.5798964519833658,-0.5998964519833658,-0.5598964519833658
1.308030803080308,-0.5798970586990064,-0.5998970586990064,-0.5598970586990064
1.309130913091309,-0.5798976618597371,-0.5998976618597371,-0.5598976618597371
1.3102310231023102,-0.5798982614863871,-0.5998982614863871,-0.5598982614863871
1.311331133113311,-0.5798988575996635,-0.5998988575996635,-0.5598988575996635
1.3124312431243124,-0.5798994502201521,-0.5998994502201521,-0.5598994502201521
1.3135313531353132,-0.5799000393683181,-0.5999000393683181,-0.5599000393683181
1.3146314631463145,-0.5799006250645068,-0.5999006250645068,-0.5599006250645068
1.3157315731573158,-0.5799012073289441,-0.5999012073289441,-0.5599012073289441
1.3168316831683167,-0.5799017861817378,-0.5999017861817378,-0.5599017861817378
1.317931793179318,-0.5799023616428775,-0.5999023616428775,-0.5599023616428774
1.3190319031903188,-0.5799029337322358,-0.5999029337322358,-0.5599029337322358
1.3201320132013201,-0.5799035024695689,-0.5999035024695689,-0.5599035024695689
1.321232123212321,-0.5799040678745171,-0.5999040678745171,-0.5599040678745171
1.3223322332233223,-0.579904629966606,-0.599904629966606,-0.559904629966606
1.3234323432343231,-0.5799051887652463,-0.5999051887652463,-0.5599051887652463
1.3245324532453244,-0.5799057442897353,-0.5999057442897353,-0.5599057442897353
1.3256325632563257,-0.5799062965592572,-0.5999062965592572,-0.5599062965592572
1.3267326732673266,-0.5799068455928835,-0.5999068455928835,-0.5599068455928835
1.3278327832783279,-0.5799073914095745,-0.5999073914095745,-0.5599073914095745
1.3289328932893287,-0.5799079340281788,-0.5999079340281788,-0.5599079340281787
1.33003300330033,-0.5799084734674349,-0.5999084734674349,-0.5599084734674349
1.3311331133113309,-0.5799090097459716,-0.5999090097459716,-0.5599090097459716
1.3322332233223322,-0.5799095428823083,-0.5999095428823084,-0.5599095428823083
1.333333333333333,-0.5799100728948561,-0.5999100728948561,-0.5599100728948561
1.3344334433443343,-0.5799105998019178,-0.5999105998019179,-0.5599105998019178
1.3355335533553352,-0.5799111236216897,-0.5999111236216897,-0.5599111236216897
1.3366336633663365,-0.5799116443722608,-0.5999116443722609,-0.5599116443722608
1.3377337733773378,-0.5799121620716144,-0.5999121620716145,-0.5599121620716144
1.3388338833883386,-0.5799126767376286,-0.5999126767376286,-0.5599126767376286
1.33993399339934,-0.5799131883880763,-0.5999131883880763,-0.5599131883880762
1.3410341034103408,-0.5799136970406266,-0.5999136970406266,-0.5599136970406265
1.342134213421342,-0.579914202712845,-0.599914202712845,-0.559914202712845
1.343234323432343,-0.579914705422194,-0.599914705422194,-0.559914705422194
1.3443344334433442,-0.579915205186034,-0.599915205186034,-0.559915205186034
1.345434543454345,-0.5799157020216233,-0.5999157020216234,-0.5599157020216233
1.3465346534653464,-0.5799161959461197,-0.5999161959461197,-0.5599161959461196
1.3476347634763477,-0.5799166869765795,-0.5999166869765795,-0.5599166869765795
1.3487348734873486,-0.5799171751299601,-0.5999171751299601,-0.5599171751299601
1.3498349834983498,-0.579917660423119,-0.599917660423119,-0.559917660423119
1.3509350935093507,-0.5799181428728148,-0.5999181428728149,-0.5599181428728148
1.352035203520352,-0.5799186224957084,-0.5999186224957084,-0.5599186224957083
1.3531353135313529,-0.5799190993083626,-0.5999190993083626,-0.5599190993083626
1.3542354235423542,-0.5799195733272433,-0.5999195733272433,-0.5599195733272433
1.355335533553355,-0.5799200445687203,-0.5999200445687203,-0.5599200445687202
1.3564356435643563,-0.5799205130490667,-0.5999205130490667,-0.5599205130490666
1.3575357535753576,-0.5799209787844609,-0.5999209787844609,-0.5599209787844609
1.3586358635863585,-0.5799214417909865,-0.5999214417909865,-0.5599214417909865
1.3597359735973598,-0.5799219020846325,-0.5999219020846325,-0.5599219020846324
1.3608360836083606,-0.5799223596812942,-0.5999223596812943,-0.5599223596812942
1.361936193619362,-0.5799228145967743,-0.5999228145967743,-0.5599228145967743
1.3630363036303628,-0.5799232668467824,-0.5999232668467824,-0.5599232668467824
1.364136413641364,-0.5799237164469363,-0.5999237164469363,-0.5599237164469363
1.365236523652365,-0.5799241634127621,-0.5999241634127621,-0.5599241634127621
1.3663366336633662,-0.579924607759695,-0.599924607759695,-0.559924607759695
1.3674367436743675,-0.57992504950308,-0.59992504950308,-0.55992504950308
1.3685368536853684,-0.5799254886581718,-0.5999254886581719,-0.5599254886581718
1.3696369636963697,-0.579925925240136,-0.599925925240136,-0.559925925240136
1.3707370737073705,-0.5799263592640492,-0.5999263592640492,-0.5599263592640492
1.3718371837183718,-0.5799267907448997,-0.5999267907448997,-0.5599267907448997
1.3729372937293727,-0.579927219697588,-0.599927219697588,-0.559927219697588
1.374037403740374,-0.5799276461369274,-0.5999276461369274,-0.5599276461369274
1.3751375137513748,-0.579928070077644,-0.599928070077644,-0.559928070077644
1.3762376237623761,-0.5799284915343782,-0.5999284915343782,-0.5599284915343782
1.3773377337733774,-0.5799289105216842,-0.5999289105216842,-0.5599289105216841
1.3784378437843783,-0.579929327054031,-0.599929327054031,-0.559929327054031
1.3795379537953796,-0.5799297411458029,-0.5999297411458029,-0.5599297411458029
1.3806380638063804,-0.5799301528112999,-0.5999301528112999,-0.5599301528112999
1.3817381738173817,-0.5799305620647381,-0.5999305620647382,-0.5599305620647381
1.3828382838283826,-0.5799309689202506,-0.5999309689202507,-0.5599309689202506
1.3839383938393839,-0.5799313733918874,-0.5999313733918874,-0.5599313733918874
1.3850385038503847,-0.5799317754936162,-0.5999317754936162,-0.5599317754936162
1.386138613861386,-0.5799321752393231,-0.5999321752393231,-0.559932175239323
1.387238723872387,-0.5799325726428124,-0.5999325726428124,-0.5599325726428124
1.3883388338833882,-0.5799329677178079,-0.5999329677178079,-0.5599329677178079
1.3894389438943895,-0.5799333604779529,-0.5999333604779529,-0.5599333604779528
1.3905390539053903,-0.5799337509368108,-0.5999337509368108,-0.5599337509368107
1.3916391639163916,-0.5799341391078653,-0.5999341391078653,-0.5599341391078653
1.3927392739273925,-0.5799345250045214,-0.5999345250045214,-0.5599345250045213
1.3938393839383938,-0.5799349086401053,-0.5999349086401053,-0.5599349086401053
1.3949394939493946,-0.5799352900278653,-0.5999352900278653,-0.5599352900278652
1.396039603960396,-0.579935669180972,-0.599935669180972,-0.5599356691809719
1.3971397139713968,-0.5799360461125187,-0.5999360461125187,-0.5599360461125187
1.398239823982398,-0.5799364208355223,-0.5999364208355223,-0.5599364208355223
1.3993399339933994,-0.5799367933629233,-0.5999367933629233,-0.5599367933629232
1.4004400440044003,-0.5799371637075861,-0.5999371637075861,-0.5599371637075861
1.4015401540154016,-0.5799375318823,-0.5999375318823,-0.5599375318823
1.4026402640264024,-0.5799378978997795,-0.5999378978997795,-0.5599378978997794
1.4037403740374037,-0.5799382617726642,-0.5999382617726642,-0.5599382617726641
1.4048404840484046,-0.5799386235135199,-0.5999386235135199,-0.5599386235135199
1.4059405940594059,-0.5799389831348387,-0.5999389831348387,-0.5599389831348387
1.4070407040704067,-0.5799393406490397,-0.5999393406490398,-0.5599393406490397
1.408140814081408,-0.5799396960684691,-0.5999396960684691,-0.559939696068469
1.4092409240924093,-0.5799400494054004,-0.5999400494054005,-0.5599400494054004
1.4103410341034102,-0.5799404006720359,-0.5999404006720359,-0.5599404006720359
1.4114411441144115,-0.5799407498805057,-0.5999407498805057,-0.5599407498805057
1.4125412541254123,-0.5799410970428693,-0.5999410970428694,-0.5599410970428693
1.4136413641364136,-0.5799414421711154,-0.5999414421711154,-0.5599414421711154
1.4147414741474145,-0.5799417852771624,-0.5999417852771625,-0.5599417852771624
1.4158415841584158,-0.579942126372859,-0.599942126372859,-0.559942126372859
1.4169416941694166,-0.5799424654699843,-0.5999424654699843,-0.5599424654699843
1.418041804180418,-0.5799428025802483,-0.5999428025802483,-0.5599428025802483
1.4191419141914192,-0.5799431377152928,-0.5999431377152928,-0.5599431377152928
1.42024202420242,-0.5799434708866912,-0.5999434708866912,-0.5599434708866912
1.4213421342134214,-0.5799438021059488,-0.5999438021059488,-0.5599438021059487
1.4224422442244222,-0.5799441313845037,-0.5999441313845038,-0.5599441313845037
1.4235423542354235,-0.5799444587337272,-0.5999444587337273,-0.5599444587337272
1.4246424642464244,-0.5799447841649237,-0.5999447841649237,-0.5599447841649237
1.4257425742574257,-0.5799451076893314,-0.5999451076893314,-0.5599451076893314
1.4268426842684265,-0.5799454293181228,-0.5999454293181228,-0.5599454293181227
1.4279427942794278,-0.5799457490624045,-0.5999457490624045,-0.5599457490624045
1.4290429042904291,-0.5799460669332187,-0.5999460669332187,-0.5599460669332187
1.43014301430143,-0.5799463829415424,-0.5999463829415425,-0.5599463829415424
1.4312431243124313,-0.5799466970982885,-0.5999466970982885,-0.5599466970982885
1.4323432343234321,-0.5799470094143059,-0.5999470094143059,-0.5599470094143059
1.4334433443344334,-0.5799473199003797,-0.5999473199003797,-0.5599473199003797
1.4345434543454343,-0.5799476285672324,-0.5999476285672324,-0.5599476285672323
1.4356435643564356,-0.579947935425523,-0.599947935425523,-0.559947935425523
1.4367436743674364,-0.5799482404858485,-0.5999482404858485,-0.5599482404858485
1.4378437843784377,-0.5799485437587435,-0.5999485437587435,-0.5599485437587435
1.4389438943894386,-0.5799488452546813,-0.5999488452546813,-0.5599488452546812
1.44004400440044,-0.5799491449840734,-0.5999491449840734,-0.5599491449840733
1.4411441144114412,-0.5799494429572705,-0.5999494429572705,-0.5599494429572704
1.442244224422442,-0.5799497391845625,-0.5999497391845625,-0.5599497391845625
1.4433443344334433,-0.5799500336761793,-0.5999500336761793,-0.5599500336761792
1.4444444444444442,-0.5799503264422906,-0.5999503264422906,-0.5599503264422906
1.4455445544554455,-0.5799506174930067,-0.5999506174930067,-0.5599506174930067
1.4466446644664464,-0.5799509068383784,-0.5999509068383784,-0.5599509068383783
1.4477447744774476,-0.5799511944883978,-0.5999511944883978,-0.5599511944883978
1.4488448844884485,-0.5799514804529986,-0.5999514804529986,-0.5599514804529986
1.4499449944994498,-0.579951764742056,-0.599951764742056,-0.559951764742056
1.451045104510451,-0.5799520473653874,-0.5999520473653874,-0.5599520473653874
1.452145214521452,-0.5799523283327528,-0.5999523283327528,-0.5599523283327528
1.4532453245324533,-0.5799526076538549,-0.5999526076538549,-0.5599526076538549
1.454345434543454,-0.5799528853383398,-0.5999528853383398,-0.5599528853383398
1.4554455445544554,-0.5799531613957966,-0.5999531613957966,-0.5599531613957965
1.4565456545654563,-0.5799534358357586,-0.5999534358357587,-0.5599534358357586
1.4576457645764576,-0.5799537086677032,-0.5999537086677033,-0.5599537086677032
1.4587458745874584,-0.5799539799010521,-0.5999539799010521,-0.5599539799010521
1.4598459845984597,-0.579954249545172,-0.5999542495451721,-0.559954249545172
1.460946094609461,-0.5799545176093747,-0.5999545176093747,-0.5599545176093746
1.4620462046204619,-0.5799547841029171,-0.5999547841029171,-0.5599547841029171
1.4631463146314632,-0.5799550490350023,-0.5999550490350023,-0.5599550490350023
1.464246424642464,-0.5799553124147792,-0.5999553124147792,-0.5599553124147791
1.4653465346534653,-0.5799555742513433,-0.5999555742513433,-0.5599555742513432
1.4664466446644662,-0.5799558345537367,-0.5999558345537367,-0.5599558345537367
1.4675467546754675,-0.5799560933309483,-0.5999560933309483,-0.5599560933309483
1.4686468646864683,-0.5799563505919149,-0.5999563505919149,-0.5599563505919148
1.4697469746974696,-0.5799566063455203,-0.5999566063455203,-0.5599566063455202
1.470847084708471,-0.5799568606005966,-0.5999568606005966,-0.5599568606005966
1.4719471947194718,-0.5799571133659241,-0.5999571133659242,-0.5599571133659241
1.473047304730473,-0.5799573646502318,-0.5999573646502319,-0.5599573646502318
1.474147414741474,-0.5799576144621972,-0.5999576144621972,-0.5599576144621972
1.4752475247524752,-0.5799578628104471,-0.5999578628104472,-0.5599578628104471
1.476347634763476,-0.5799581097035581,-0.5999581097035581,-0.5599581097035581
1.4774477447744774,-0.5799583551500559,-0.5999583551500559,-0.5599583551500559
1.4785478547854782,-0.5799585991584167,-0.5999585991584168,-0.5599585991584167
1.4796479647964795,-0.5799588417370671,-0.5999588417370672,-0.5599588417370671
1.4807480748074808,-0.579959082894384,-0.599959082894384,-0.559959082894384
1.4818481848184817,-0.5799593226386954,-0.5999593226386954,-0.5599593226386954
1.482948294829483,-0.5799595609782805,-0.5999595609782805,-0.5599595609782805
1.4840484048404838,-0.57995979792137,-0.59995979792137,-0.55995979792137
1.4851485148514851,-0.5799600334761462,-0.5999600334761462,-0.5599600334761462
1.486248624862486,-0.5799602676507438,-0.5999602676507438,-0.5599602676507438
1.4873487348734873,-0.5799605004532494,-0.5999605004532494,-0.5599605004532494
1.4884488448844881,-0.5799607318917027,-0.5999607318917027,-0.5599607318917027
1.4895489548954894,-0.579960961974096,-0.599960961974096,-0.559960961974096
1.4906490649064903,-0.5799611907083746,-0.5999611907083746,-0.5599611907083746
1.4917491749174916,-0.5799614181024377,-0.5999614181024377,-0.5599614181024377
1.492849284928493,-0.579961644164138,-0.599961644164138,-0.559961644164138
1.4939493949394937,-0.579961868901282,-0.599961868901282,-0.559961868901282
1.495049504950495,-0.5799620923216307,-0.5999620923216307,-0.5599620923216306
1.496149614961496,-0.5799623144328996,-0.5999623144328996,-0.5599623144328996
1.4972497249724972,-0.5799625352427589,-0.5999625352427589,-0.5599625352427589
1.498349834983498,-0.579962754758834,-0.599962754758834,-0.559962754758834
1.4994499449944994,-0.5799629729887054,-0.5999629729887054,-0.5599629729887053
1.5005500550055002,-0.5799631899399093,-0.5999631899399093,-0.5599631899399092
1.5016501650165015,-0.5799634056199379,-0.5999634056199379,-0.5599634056199378
1.5027502750275028,-0.5799636200362392,-0.5999636200362393,-0.5599636200362392
1.5038503850385037,-0.5799638331962179,-0.5999638331962179,-0.5599638331962179
1.504950495049505,-0.5799640451072351,-0.5999640451072351,-0.5599640451072351
1.5060506050605058,-0.5799642557766086,-0.5999642557766086,-0.5599642557766086
1.507150715071507,-0.5799644652116137,-0.5999644652116137,-0.5599644652116137
1.508250825082508,-0.5799646734194829,-0.5999646734194829,-0.5599646734194829
1.5093509350935093,-0.5799648804074062,-0.5999648804074063,-0.5599648804074062
1.5104510451045101,-0.5799650861825317,-0.5999650861825317,-0.5599650861825317
1.5115511551155114,-0.5799652907519655,-0.5999652907519655,-0.5599652907519654
1.5126512651265127,-0.579965494122772,-0.599965494122772,-0.559965494122772
1.5137513751375136,-0.5799656963019744,-0.5999656963019744,-0.5599656963019743
1.5148514851485149,-0.5799658972965545,-0.5999658972965545,-0.5599658972965544
1.5159515951595157,-0.5799660971134533,-0.5999660971134533,-0.5599660971134532
1.517051705170517,-0.5799662957595713,-0.5999662957595713,-0.5599662957595712
1.5181518151815179,-0.5799664932417683,-0.5999664932417683,-0.5599664932417683
1.5192519251925192,-0.579966689566864,-0.599966689566864,-0.559966689566864
1.52035203520352,-0.5799668847416384,-0.5999668847416384,-0.5599668847416384
1.5214521452145213,-0.5799670787728313,-0.5999670787728313,-0.5599670787728313
1.5225522552255226,-0.5799672716671433,-0.5999672716671434,-0.5599672716671433
1.5236523652365235,-0.5799674634312358,-0.5999674634312359,-0.5599674634312358
1.5247524752475248,-0.5799676540717309,-0.5999676540717309,-0.5599676540717309
1.5258525852585256,-0.5799678435952121,-0.5999678435952122,-0.5599678435952121
1.526952695269527,-0.5799680320082244,-0.5999680320082245,-0.5599680320082244
1.5280528052805278,-0.5799682193172743,-0.5999682193172743,-0.5599682193172743
1.529152915291529,-0.5799684055288301,-0.5999684055288301,-0.5599684055288301
1.53025302530253,-0.5799685906493224,-0.5999685906493224,-0.5599685906493224
1.5313531353135312,-0.5799687746851441,-0.5999687746851441,-0.559968774685144
1.5324532453245325,-0.5799689576426503,-0.5999689576426503,-0.5599689576426503
1.5335533553355334,-0.5799691395281594,-0.5999691395281594,-0.5599691395281594
1.5346534653465347,-0.5799693203479526,-0.5999693203479526,-0.5599693203479525
1.5357535753575355,-0.5799695001082739,-0.5999695001082739,-0.5599695001082738
1.5368536853685368,-0.5799696788153312,-0.5999696788153313,-0.5599696788153312
1.5379537953795377,-0.579969856475296,-0.599969856475296,-0.559969856475296
1.539053905390539,-0.5799700330943032,-0.5999700330943032,-0.5599700330943032
1.5401540154015398,-0.5799702086784522,-0.5999702086784522,-0.5599702086784522
1.5412541254125411,-0.5799703832338066,-0.5999703832338066,-0.5599703832338065
1.542354235423542,-0.5799705567663942,-0.5999705567663942,-0.5599705567663942
1.5434543454345433,-0.5799707292822078,-0.5999707292822078,-0.5599707292822078
1.5445544554455446,-0.579970900787205,-0.599970900787205,-0.559970900787205
1.5456545654565454,-0.5799710712873083,-0.5999710712873083,-0.5599710712873083
1.5467546754675467,-0.5799712407884057,-0.5999712407884057,-0.5599712407884057
1.5478547854785476,-0.5799714092963506,-0.5999714092963506,-0.5599714092963506
1.548954895489549,-0.5799715768169622,-0.5999715768169622,-0.5599715768169622
1.5500550055005498,-0.5799717433560256,-0.5999717433560257,-0.5599717433560256
1.551155115511551,-0.5799719089192918,-0.5999719089192919,-0.5599719089192918
1.552255225522552,-0.5799720735124785,-0.5999720735124785,-0.5599720735124785
1.5533553355335532,-0.5799722371412694,-0.5999722371412695,-0.5599722371412694
1.5544554455445545,-0.5799723998113154,-0.5999723998113154,-0.5599723998113154
1.5555555555555554,-0.5799725615282338,-0.5999725615282339,-0.5599725615282338
1.5566556655665567,-0.5799727222976093,-0.5999727222976093,-0.5599727222976093
1.5577557755775575,-0.579972882124994,-0.599972882124994,-0.559972882124994
1.5588558855885588,-0.579973041015907,-0.599973041015907,-0.559973041015907
1.5599559955995597,-0.5799731989758355,-0.5999731989758356,-0.5599731989758355
1.561056105610561,-0.5799733560102344,-0.5999733560102344,-0.5599733560102343
1.5621562156215618,-0.5799735121245265,-0.5999735121245265,-0.5599735121245265
1.5632563256325631,-0.579973667324103,-0.5999736673241031,-0.559973667324103
1.5643564356435644,-0.5799738216143236,-0.5999738216143237,-0.5599738216143236
1.5654565456545653,-0.5799739750005164,-0.5999739750005164,-0.5599739750005164
1.5665566556655666,-0.5799741274879782,-0.5999741274879782,-0.5599741274879781
1.5676567656765674,-0.579974279081975,-0.599974279081975,-0.559974279081975
1.5687568756875687,-0.5799744297877418,-0.5999744297877418,-0.5599744297877418
1.5698569856985696,-0.5799745796104832,-0.5999745796104832,-0.5599745796104831
1.5709570957095709,-0.5799747285553728,-0.5999747285553728,-0.5599747285553728
1.5720572057205717,-0.5799748766275543,-0.5999748766275543,-0.5599748766275543
1.573157315731573,-0.5799750238321412,-0.5999750238321412,-0.5599750238321411
1.5742574257425743,-0.5799751701742168,-0.5999751701742169,-0.5599751701742168
1.5753575357535752,-0.579975315658835,-0.599975315658835,-0.559975315658835
1.5764576457645765,-0.5799754602910197,-0.5999754602910197,-0.5599754602910196
1.5775577557755773,-0.5799756040757654,-0.5999756040757654,-0.5599756040757654
1.5786578657865786,-0.5799757470180379,-0.5999757470180379,-0.5599757470180379
1.5797579757975795,-0.5799758891227731,-0.5999758891227731,-0.5599758891227731
1.5808580858085808,-0.5799760303948784,-0.5999760303948785,-0.5599760303948784
1.5819581958195816,-0.5799761708392327,-0.5999761708392327,-0.5599761708392327
1.583058305830583,-0.5799763104606858,-0.5999763104606858,-0.5599763104606857
1.5841584158415842,-0.5799764492640591,-0.5999764492640591,-0.5599764492640591
1.585258525852585,-0.5799765872541464,-0.5999765872541464,-0.5599765872541463
1.5863586358635864,-0.5799767244357126,-0.5999767244357126,-0.5599767244357126
1.5874587458745872,-0.5799768608134951,-0.5999768608134951,-0.5599768608134951
1.5885588558855885,-0.5799769963922036,-0.5999769963922036,-0.5599769963922036
1.5896589658965894,-0.57997713117652,-0.5999771311765201,-0.55997713117652
1.5907590759075907,-0.5799772651710989,-0.599977265171099,-0.5599772651710989
1.5918591859185915,-0.5799773983805676,-0.5999773983805676,-0.5599773983805676
1.5929592959295928,-0.5799775308095263,-0.5999775308095263,-0.5599775308095263
1.5940594059405937,-0.5799776624625481,-0.5999776624625481,-0.5599776624625481
1.595159515951595,-0.5799777933441795,-0.5999777933441796,-0.5599777933441795
1.5962596259625963,-0.5799779234589403,-0.5999779234589403,-0.5599779234589403
1.5973597359735972,-0.5799780528113236,-0.5999780528113237,-0.5599780528113236
1.5984598459845984,-0.5799781814057967,-0.5999781814057967,-0.5599781814057967
1.5995599559955993,-0.5799783092468003,-0.5999783092468003,-0.5599783092468003
1.6006600660066006,-0.579978436338749,-0.599978436338749,-0.559978436338749
1.6017601760176015,-0.5799785626860319,-0.5999785626860319,-0.5599785626860319
1.6028602860286028,-0.5799786882930121,-0.5999786882930122,-0.5599786882930121
1.6039603960396036,-0.5799788131640273,-0.5999788131640273,-0.5599788131640273
1.605060506050605,-0.5799789373033897,-0.5999789373033897,-0.5599789373033897
1.6061606160616062,-0.5799790607153862,-0.5999790607153862,-0.5599790607153862
1.607260726072607,-0.5799791834042787,-0.5999791834042787,-0.5599791834042787
1.6083608360836084,-0.579979305374304,-0.599979305374304,-0.559979305374304
1.6094609460946092,-0.579979426629674,-0.5999794266296741,-0.559979426629674
1.6105610561056105,-0.5799795471745764,-0.5999795471745765,-0.5599795471745764
1.6116611661166114,-0.5799796670131739,-0.599979667013174,-0.5599796670131739
1.6127612761276127,-0.5799797861496048,-0.5999797861496048,-0.5599797861496048
1.6138613861386135,-0.5799799045879833,-0.5999799045879833,-0.5599799045879833
1.6149614961496148,-0.5799800223323996,-0.5999800223323997,-0.5599800223323996
1.6160616061606161,-0.5799801393869197,-0.5999801393869197,-0.5599801393869197
1.617161716171617,-0.579980255755586,-0.599980255755586,-0.559980255755586
1.6182618261826183,-0.579980371442417,-0.599980371442417,-0.559980371442417
1.6193619361936191,-0.5799804864514077,-0.5999804864514077,-0.5599804864514076
1.6204620462046204,-0.5799806007865299,-0.5999806007865299,-0.5599806007865299
1.6215621562156213,-0.5799807144517319,-0.599980714451732,-0.5599807144517319
1.6226622662266226,-0.5799808274509389,-0.599980827450939,-0.5599808274509389
1.6237623762376234,-0.5799809397880533,-0.5999809397880533,-0.5599809397880533
1.6248624862486247,-0.5799810514669543,-0.5999810514669544,-0.5599810514669543
1.625962596259626,-0.5799811624914987,-0.5999811624914987,-0.5599811624914987
1.6270627062706269,-0.5799812728655204,-0.5999812728655204,-0.5599812728655204
1.6281628162816282,-0.579981382592831,-0.5999813825928311,-0.559981382592831
1.629262926292629,-0.57998149167722,-0.59998149167722,-0.55998149167722
1.6303630363036303,-0.5799816001224541,-0.5999816001224542,-0.5599816001224541
1.6314631463146312,-0.5799817079322785,-0.5999817079322786,-0.5599817079322785
1.6325632563256325,-0.5799818151104162,-0.5999818151104163,-0.5599818151104162
1.6336633663366333,-0.5799819216605685,-0.5999819216605685,-0.5599819216605685
1.6347634763476346,-0.5799820275864147,-0.5999820275864147,-0.5599820275864147
1.635863586358636,-0.579982132891613,-0.5999821328916131,-0.559982132891613
1.6369636963696368,-0.5799822375797998,-0.5999822375797998,-0.5599822375797998
1.638063806380638,-0.5799823416545904,-0.5999823416545904,-0.5599823416545904
1.639163916391639,-0.5799824451195789,-0.5999824451195789,-0.5599824451195788
1.6402640264026402,-0.5799825479783383,-0.5999825479783383,-0.5599825479783382
1.641364136413641,-0.5799826502344204,-0.5999826502344204,-0.5599826502344204
1.6424642464246424,-0.5799827518913567,-0.5999827518913567,-0.5599827518913567
1.6435643564356432,-0.5799828529526578,-0.5999828529526579,-0.5599828529526578
1.6446644664466445,-0.5799829534218136,-0.5999829534218136,-0.5599829534218136
1.6457645764576458,-0.5799830533022936,-0.5999830533022936,-0.5599830533022936
1.6468646864686467,-0.5799831525975471,-0.5999831525975471,-0.559983152597547
1.647964796479648,-0.5799832513110029,-0.5999832513110029,-0.5599832513110029
1.6490649064906489,-0.5799833494460702,-0.5999833494460702,-0.5599833494460702
1.6501650165016502,-0.5799834470061377,-0.5999834470061377,-0.5599834470061377
1.651265126512651,-0.5799835439945745,-0.5999835439945745,-0.5599835439945745
1.6523652365236523,-0.5799836404147302,-0.5999836404147302,-0.5599836404147301
1.6534653465346532,-0.5799837362699342,-0.5999837362699342,-0.5599837362699341
1.6545654565456545,-0.5799838315634968,-0.5999838315634968,-0.5599838315634967
1.6556655665566553,-0.5799839262987088,-0.5999839262987088,-0.5599839262987087
1.6567656765676566,-0.5799840204788418,-0.5999840204788418,-0.5599840204788418
1.657865786578658,-0.579984114107148,-0.599984114107148,-0.559984114107148
1.6589658965896588,-0.579984207186861,-0.599984207186861,-0.5599842071868609
1.66006600660066,-0.5799842997211947,-0.5999842997211947,-0.5599842997211947
1.661166116611661,-0.579984391713345,-0.599984391713345,-0.559984391713345
1.6622662266226622,-0.5799844831664887,-0.5999844831664887,-0.5599844831664886
1.663366336633663,-0.5799845740837838,-0.5999845740837838,-0.5599845740837838
1.6644664466446644,-0.57998466446837,-0.5999846644683701,-0.55998466446837
1.6655665566556652,-0.5799847543233687,-0.5999847543233687,-0.5599847543233687
1.6666666666666665,-0.5799848436518827,-0.5999848436518828,-0.5599848436518827
1.6677667766776678,-0.5799849324569971,-0.5999849324569971,-0.5599849324569971
1.6688668866886687,-0.5799850207417785,-0.5999850207417785,-0.5599850207417785
1.66996699669967,-0.5799851085092755,-0.5999851085092756,-0.5599851085092755
1.6710671067106708,-0.5799851957625193,-0.5999851957625193,-0.5599851957625193
1.6721672167216721,-0.5799852825045229,-0.5999852825045229,-0.5599852825045228
1.673267326732673,-0.5799853687382817,-0.5999853687382817,-0.5599853687382816
1.6743674367436743,-0.5799854544667737,-0.5999854544667738,-0.5599854544667737
1.6754675467546751,-0.5799855396929596,-0.5999855396929596,-0.5599855396929596
1.6765676567656764,-0.5799856244197823,-0.5999856244197823,-0.5599856244197823
1.6776677667766777,-0.5799857086501679,-0.5999857086501679,-0.5599857086501678
1.6787678767876786,-0.579985792387025,-0.599985792387025,-0.559985792387025
1.6798679867986799,-0.5799858756332452,-0.5999858756332452,-0.5599858756332452
1.6809680968096807,-0.5799859583917036,-0.5999859583917037,-0.5599859583917036
1.682068206820682,-0.5799860406652579,-0.599986040665258,-0.5599860406652579
1.6831683168316829,-0.5799861224567494,-0.5999861224567494,-0.5599861224567494
1.6842684268426842,-0.5799862037690026,-0.5999862037690026,-0.5599862037690025
1.685368536853685,-0.5799862846048255,-0.5999862846048255,-0.5599862846048255
1.6864686468646863,-0.5799863649670095,-0.5999863649670095,-0.5599863649670095
1.6875687568756876,-0.5799864448583298,-0.5999864448583299,-0.5599864448583298
1.6886688668866885,-0.5799865242815456,-0.5999865242815456,-0.5599865242815456
1.6897689768976898,-0.5799866032393993,-0.5999866032393993,-0.5599866032393993
1.6908690869086906,-0.5799866817346179,-0.5999866817346179,-0.5599866817346179
1.691969196919692,-0.5799867597699118,-0.5999867597699118,-0.5599867597699117
1.6930693069306928,-0.579986837347976,-0.599986837347976,-0.5599868373479759
1.694169416941694,-0.5799869144714894,-0.5999869144714894,-0.5599869144714894
1.695269526952695,-0.5799869911431155,-0.5999869911431155,-0.5599869911431155
1.6963696369636962,-0.5799870673655019,-0.5999870673655019,-0.5599870673655019
1.6974697469746975,-0.5799871431412809,-0.5999871431412809,-0.5599871431412808
1.6985698569856984,-0.5799872184730692,-0.5999872184730692,-0.5599872184730692
1.6996699669966997,-0.5799872933634684,-0.5999872933634685,-0.5599872933634684
1.7007700770077006,-0.5799873678150647,-0.5999873678150647,-0.5599873678150646
1.7018701870187019,-0.5799874418304289,-0.599987441830429,-0.5599874418304289
1.7029702970297027,-0.5799875154121173,-0.5999875154121174,-0.5599875154121173
1.704070407040704,-0.579987588562671,-0.599987588562671,-0.559987588562671
1.7051705170517049,-0.5799876612846158,-0.5999876612846158,-0.5599876612846157
1.7062706270627062,-0.5799877335804631,-0.5999877335804631,-0.559987733580463
1.707370737073707,-0.5799878054527098,-0.5999878054527098,-0.5599878054527098
1.7084708470847083,-0.5799878769038376,-0.5999878769038376,-0.5599878769038376
1.7095709570957096,-0.579987947936314,-0.599987947936314,-0.559987947936314
1.7106710671067105,-0.5799880185525921,-0.5999880185525921,-0.5599880185525921
1.7117711771177118,-0.5799880887551104,-0.5999880887551104,-0.5599880887551104
1.7128712871287126,-0.5799881585462934,-0.5999881585462934,-0.5599881585462934
1.713971397139714,-0.5799882279285511,-0.5999882279285511,-0.5599882279285511
1.7150715071507148,-0.5799882969042794,-0.5999882969042795,-0.5599882969042794
1.716171617161716,-0.5799883654758605,-0.5999883654758605,-0.5599883654758605
1.717271727172717,-0.5799884336456623,-0.5999884336456623,-0.5599884336456623
1.7183718371837182,-0.5799885014160389,-0.5999885014160389,-0.5599885014160388
1.7194719471947195,-0.5799885687893306,-0.5999885687893306,-0.5599885687893306
1.7205720572057204,-0.5799886357678642,-0.5999886357678642,-0.5599886357678642
1.7216721672167217,-0.5799887023539525,-0.5999887023539525,-0.5599887023539525
1.7227722772277225,-0.579988768549895,-0.599988768549895,-0.559988768549895
1.7238723872387238,-0.5799888343579778,-0.5999888343579778,-0.5599888343579777
1.7249724972497247,-0.5799888997804732,-0.5999888997804732,-0.5599888997804732
1.726072607260726,-0.5799889648196408,-0.5999889648196408,-0.5599889648196408
1.7271727172717268,-0.5799890294777263,-0.5999890294777264,-0.5599890294777263
1.7282728272827281,-0.5799890937569628,-0.5999890937569629,-0.5599890937569628
1.7293729372937294,-0.57998915765957,-0.5999891576595701,-0.55998915765957
1.7304730473047303,-0.5799892211877546,-0.5999892211877547,-0.5599892211877546
1.7315731573157316,-0.5799892843437106,-0.5999892843437106,-0.5599892843437105
1.7326732673267324,-0.5799893471296188,-0.5999893471296188,-0.5599893471296188
1.7337733773377337,-0.5799894095476475,-0.5999894095476476,-0.5599894095476475
1.7348734873487346,-0.5799894715999523,-0.5999894715999523,-0.5599894715999523
1.7359735973597359,-0.5799895332886759,-0.5999895332886759,-0.5599895332886758
1.7370737073707367,-0.5799895946159487,-0.5999895946159487,-0.5599895946159487
1.738173817381738,-0.5799896555838886,-0.5999896555838886,-0.5599896555838886
1.7392739273927393,-0.5799897161946009,-0.599989716194601,-0.5599897161946009
1.7403740374037402,-0.5799897764501788,-0.5999897764501788,-0.5599897764501788
1.7414741474147415,-0.5799898363527031,-0.5999898363527031,-0.559989836352703
1.7425742574257423,-0.5799898959042423,-0.5999898959042423,-0.5599898959042423
1.7436743674367436,-0.5799899551068531,-0.5999899551068532,-0.5599899551068531
1.7447744774477445,-0.57999001396258,-0.59999001396258,-0.55999001396258
1.7458745874587458,-0.5799900724734552,-0.5999900724734553,-0.5599900724734552
1.7469746974697467,-0.5799901306414996,-0.5999901306414996,-0.5599901306414996
1.748074807480748,-0.5799901884687219,-0.5999901884687219,-0.5599901884687218
1.7491749174917492,-0.5799902459571188,-0.5999902459571188,-0.5599902459571188
1.75027502750275,-0.5799903031086758,-0.5999903031086758,-0.5599903031086758
1.7513751375137514,-0.5799903599253665,-0.5999903599253665,-0.5599903599253665
1.7524752475247523,-0.5799904164091529,-0.599990416409153,-0.5599904164091529
1.7535753575357536,-0.5799904725619857,-0.5999904725619857,-0.5599904725619856
1.7546754675467544,-0.5799905283858039,-0.5999905283858039,-0.5599905283858039
1.7557755775577557,-0.5799905838825354,-0.5999905838825355,-0.5599905838825354
1.7568756875687566,-0.5799906390540966,-0.5999906390540967,-0.5599906390540966
1.7579757975797579,-0.5799906939023929,-0.5999906939023929,-0.5599906939023929
1.7590759075907587,-0.5799907484293182,-0.5999907484293182,-0.5599907484293182
1.76017601760176,-0.5799908026367556,-0.5999908026367556,-0.5599908026367556
1.7612761276127613,-0.5799908565265771,-0.5999908565265771,-0.5599908565265771
1.7623762376237622,-0.5799909101006436,-0.5999909101006436,-0.5599909101006436
1.7634763476347635,-0.5799909633608054,-0.5999909633608054,-0.5599909633608053
1.7645764576457643,-0.5799910163089015,-0.5999910163089015,-0.5599910163089015
1.7656765676567656,-0.5799910689467604,-0.5999910689467605,-0.5599910689467604
1.7667766776677665,-0.5799911212762001,-0.5999911212762001,-0.5599911212762001
1.7678767876787678,-0.5799911732990275,-0.5999911732990275,-0.5599911732990275
1.7689768976897686,-0.5799912250170393,-0.5999912250170393,-0.5599912250170392
1.77007700770077,-0.5799912764320212,-0.5999912764320212,-0.5599912764320212
1.7711771177117712,-0.579991327545749,-0.599991327545749,-0.559991327545749
1.772277227722772,-0.5799913783599877,-0.5999913783599877,-0.5599913783599877
1.7733773377337734,-0.5799914288764921,-0.5999914288764921,-0.5599914288764921
1.7744774477447742,-0.5799914790970069,-0.5999914790970069,-0.5599914790970069
1.7755775577557755,-0.579991529023266,-0.599991529023266,-0.559991529023266
1.7766776677667764,-0.5799915786569939,-0.5999915786569939,-0.5599915786569939
1.7777777777777777,-0.5799916279999043,-0.5999916279999044,-0.5599916279999043
1.7788778877887785,-0.5799916770537015,-0.5999916770537015,-0.5599916770537015
1.7799779977997798,-0.5799917258200793,-0.5999917258200793,-0.5599917258200793
1.7810781078107811,-0.5799917743007217,-0.5999917743007217,-0.5599917743007217
1.782178217821782,-0.5799918224973031,-0.5999918224973031,-0.5599918224973031
1.7832783278327833,-0.5799918704114877,-0.5999918704114877,-0.5599918704114877
1.7843784378437841,-0.5799919180449302,-0.5999919180449302,-0.5599919180449302
1.7854785478547854,-0.5799919653992757,-0.5999919653992757,-0.5599919653992756
1.7865786578657863,-0.5799920124761593,-0.5999920124761593,-0.5599920124761593
1.7876787678767876,-0.5799920592772068,-0.5999920592772068,-0.5599920592772067
1.7887788778877884,-0.5799921058040344,-0.5999921058040344,-0.5599921058040344
1.7898789878987897,-0.5799921520582487,-0.5999921520582487,-0.5599921520582487
1.790979097909791,-0.5799921980414473,-0.5999921980414473,-0.5599921980414473
1.792079207920792,-0.5799922437552179,-0.5999922437552179,-0.5599922437552178
1.7931793179317932,-0.5799922892011393,-0.5999922892011393,-0.5599922892011393
1.794279427942794,-0.5799923343807808,-0.5999923343807808,-0.5599923343807808
1.7953795379537953,-0.5799923792957027,-0.5999923792957027,-0.5599923792957027
1.7964796479647962,-0.5799924239474559,-0.5999924239474559,-0.5599924239474559
1.7975797579757975,-0.5799924683375826,-0.5999924683375826,-0.5599924683375825
1.7986798679867984,-0.5799925124676155,-0.5999925124676155,-0.5599925124676155
1.7997799779977997,-0.5799925563390788,-0.5999925563390788,-0.5599925563390787
1.800880088008801,-0.5799925999534874,-0.5999925999534874,-0.5599925999534874
1.8019801980198018,-0.5799926433123473,-0.5999926433123474,-0.5599926433123473
1.803080308030803,-0.5799926864171562,-0.5999926864171562,-0.5599926864171562
1.804180418041804,-0.5799927292694024,-0.5999927292694024,-0.5599927292694024
1.8052805280528053,-0.5799927718705657,-0.5999927718705658,-0.5599927718705657
1.806380638063806,-0.5799928142221175,-0.5999928142221175,-0.5599928142221174
1.8074807480748074,-0.57999285632552,-0.59999285632552,-0.55999285632552
1.8085808580858083,-0.5799928981822274,-0.5999928981822275,-0.5599928981822274
1.8096809680968096,-0.5799929397936852,-0.5999929397936852,-0.5599929397936851
1.8107810781078104,-0.5799929811613302,-0.5999929811613303,-0.5599929811613302
1.8118811881188117,-0.5799930222865912,-0.5999930222865912,-0.5599930222865912
1.812981298129813,-0.5799930631708881,-0.5999930631708881,-0.559993063170888
1.8140814081408139,-0.579993103815633,-0.599993103815633,-0.5599931038156329
1.8151815181518152,-0.5799931442222294,-0.5999931442222294,-0.5599931442222293
1.816281628162816,-0.5799931843920727,-0.5999931843920727,-0.5599931843920727
1.8173817381738173,-0.5799932243265501,-0.5999932243265501,-0.5599932243265501
1.8184818481848182,-0.5799932640270407,-0.5999932640270407,-0.5599932640270406
1.8195819581958195,-0.5799933034949154,-0.5999933034949154,-0.5599933034949154
1.8206820682068203,-0.5799933427315372,-0.5999933427315373,-0.5599933427315372
1.8217821782178216,-0.5799933817382612,-0.5999933817382612,-0.5599933817382612
1.822882288228823,-0.5799934205164342,-0.5999934205164342,-0.5599934205164342
1.8239823982398238,-0.5799934590673956,-0.5999934590673957,-0.5599934590673956
1.825082508250825,-0.5799934973924765,-0.5999934973924765,-0.5599934973924765
1.826182618261826,-0.5799935354930005,-0.5999935354930005,-0.5599935354930005
1.8272827282728272,-0.5799935733702832,-0.5999935733702833,-0.5599935733702832
1.828382838283828,-0.5799936110256328,-0.5999936110256329,-0.5599936110256328
1.8294829482948294,-0.5799936484603496,-0.5999936484603496,-0.5599936484603496
1.8305830583058302,-0.5799936856757263,-0.5999936856757263,-0.5599936856757263
1.8316831683168315,-0.5799937226730482,-0.5999937226730482,-0.5599937226730481
1.8327832783278328,-0.5799937594535928,-0.5999937594535928,-0.5599937594535928
1.8338833883388337,-0.5799937960186302,-0.5999937960186302,-0.5599937960186302
1.834983498349835,-0.5799938323694234,-0.5999938323694234,-0.5599938323694233
1.8360836083608358,-0.5799938685072275,-0.5999938685072275,-0.5599938685072274
1.8371837183718371,-0.5799939044332904,-0.5999939044332904,-0.5599939044332903
1.838283828382838,-0.5799939401488529,-0.5999939401488529,-0.5599939401488528
1.8393839383938393,-0.5799939756551483,-0.5999939756551483,-0.5599939756551483
1.8404840484048401,-0.5799940109534029,-0.5999940109534029,-0.5599940109534028
1.8415841584158414,-0.5799940460448354,-0.5999940460448354,-0.5599940460448354
1.8426842684268427,-0.5799940809306579,-0.5999940809306579,-0.5599940809306578
1.8437843784378436,-0.5799941156120749,-0.5999941156120749,-0.5599941156120749
1.844884488448845,-0.5799941500902842,-0.5999941500902842,-0.5599941500902842
1.8459845984598457,-0.5799941843664764,-0.5999941843664764,-0.5599941843664764
1.847084708470847,-0.5799942184418352,-0.5999942184418352,-0.5599942184418352
1.848184818481848,-0.5799942523175373,-0.5999942523175373,-0.5599942523175373
1.8492849284928492,-0.5799942859947526,-0.5999942859947526,-0.5599942859947525
1.85038503850385,-0.579994319474644,-0.599994319474644,-0.559994319474644
1.8514851485148514,-0.5799943527583677,-0.5999943527583678,-0.5599943527583677
1.8525852585258527,-0.5799943858470732,-0.5999943858470732,-0.5599943858470732
1.8536853685368535,-0.579994418741903,-0.5999944187419031,-0.559994418741903
1.8547854785478548,-0.5799944514439933,-0.5999944514439933,-0.5599944514439933
1.8558855885588557,-0.5799944839544732,-0.5999944839544732,-0.5599944839544732
1.856985698569857,-0.5799945162744654,-0.5999945162744654,-0.5599945162744654
1.8580858085808578,-0.5799945484050861,-0.5999945484050861,-0.5599945484050861
1.859185918591859,-0.5799945803474449,-0.5999945803474449,-0.5599945803474449
1.86028602860286,-0.5799946121026449,-0.5999946121026449,-0.5599946121026449
1.8613861386138613,-0.5799946436717826,-0.5999946436717826,-0.5599946436717825
1.8624862486248621,-0.5799946750559483,-0.5999946750559483,-0.5599946750559482
1.8635863586358634,-0.5799947062562256,-0.5999947062562256,-0.5599947062562256
1.8646864686468647,-0.5799947372736922,-0.5999947372736922,-0.5599947372736922
1.8657865786578656,-0.5799947681094191,-0.5999947681094191,-0.5599947681094191
1.8668866886688669,-0.5799947987644712,-0.5999947987644713,-0.5599947987644712
1.8679867986798677,-0.5799948292399071,-0.5999948292399071,-0.5599948292399071
1.869086908690869,-0.5799948595367793,-0.5999948595367793,-0.5599948595367793
1.8701870187018699,-0.5799948896561339,-0.5999948896561339,-0.5599948896561339
1.8712871287128712,-0.5799949195990112,-0.5999949195990112,-0.5599949195990112
1.872387238723872,-0.5799949493664451,-0.5999949493664452,-0.5599949493664451
1.8734873487348733,-0.5799949789594636,-0.5999949789594636,-0.5599949789594636
1.8745874587458746,-0.5799950083790887,-0.5999950083790887,-0.5599950083790887
1.8756875687568755,-0.5799950376263362,-0.5999950376263362,-0.5599950376263362
1.8767876787678768,-0.5799950667022163,-0.5999950667022164,-0.5599950667022163
1.8778877887788776,-0.5799950956077331,-0.5999950956077331,-0.5599950956077331
1.878987898789879,-0.5799951243438846,-0.5999951243438846,-0.5599951243438845
1.8800880088008798,-0.5799951529116633,-0.5999951529116633,-0.5599951529116632
1.881188118811881,-0.5799951813120556,-0.5999951813120556,-0.5599951813120556
1.882288228822882,-0.5799952095460426,-0.5999952095460426,-0.5599952095460425
1.8833883388338832,-0.5799952376145989,-0.5999952376145989,-0.5599952376145989
1.8844884488448845,-0.5799952655186941,-0.5999952655186941,-0.559995265518694
1.8855885588558854,-0.5799952932592917,-0.5999952932592917,-0.5599952932592916
1.8866886688668867,-0.5799953208373496,-0.5999953208373496,-0.5599953208373496
1.8877887788778875,-0.5799953482538203,-0.5999953482538203,-0.5599953482538202
1.8888888888888888,-0.5799953755096505,-0.5999953755096505,-0.5599953755096505
1.8899889988998897,-0.5799954026057815,-0.5999954026057815,-0.5599954026057815
1.891089108910891,-0.5799954295431491,-0.5999954295431491,-0.5599954295431491
1.8921892189218918,-0.5799954563226832,-0.5999954563226833,-0.5599954563226832
1.8932893289328931,-0.579995482945309,-0.599995482945309,-0.559995482945309
1.8943894389438944,-0.5799955094119457,-0.5999955094119457,-0.5599955094119456
1.8954895489548953,-0.5799955357235071,-0.5999955357235072,-0.5599955357235071
1.8965896589658966,-0.5799955618809022,-0.5999955618809022,-0.5599955618809022
1.8976897689768975,-0.579995587885034,-0.599995587885034,-0.559995587885034
1.8987898789878987,-0.5799956137368005,-0.5999956137368005,-0.5599956137368005
1.8998899889988996,-0.5799956394370948,-0.5999956394370948,-0.5599956394370947
1.900990099009901,-0.579995664986804,-0.599995664986804,-0.559995664986804
1.9020902090209018,-0.5799956903868105,-0.5999956903868106,-0.5599956903868105
1.903190319031903,-0.5799957156379918,-0.5999957156379918,-0.5599957156379918
1.9042904290429044,-0.5799957407412194,-0.5999957407412194,-0.5599957407412194
1.9053905390539052,-0.5799957656973606,-0.5999957656973606,-0.5599957656973605
1.9064906490649065,-0.579995790507277,-0.599995790507277,-0.559995790507277
1.9075907590759074,-0.5799958151718255,-0.5999958151718255,-0.5599958151718255
1.9086908690869087,-0.5799958396918578,-0.5999958396918578,-0.5599958396918577
1.9097909790979095,-0.5799958640682206,-0.5999958640682206,-0.5599958640682206
1.9108910891089108,-0.5799958883017556,-0.5999958883017557,-0.5599958883017556
1.9119911991199117,-0.5799959123933,-0.5999959123933,-0.5599959123932999
1.913091309130913,-0.5799959363436855,-0.5999959363436855,-0.5599959363436855
1.9141914191419138,-0.5799959601537392,-0.5999959601537392,-0.5599959601537392
1.9152915291529151,-0.5799959838242835,-0.5999959838242835,-0.5599959838242835
1.9163916391639164,-0.5799960073561358,-0.5999960073561358,-0.5599960073561357
1.9174917491749173,-0.5799960307501085,-0.5999960307501085,-0.5599960307501085
1.9185918591859186,-0.5799960540070097,-0.5999960540070097,-0.5599960540070097
1.9196919691969194,-0.5799960771276425,-0.5999960771276425,-0.5599960771276424
1.9207920792079207,-0.5799961001128052,-0.5999961001128052,-0.5599961001128052
1.9218921892189216,-0.5799961229632917,-0.5999961229632917,-0.5599961229632917
1.9229922992299229,-0.5799961456798911,-0.5999961456798911,-0.5599961456798911
1.9240924092409237,-0.5799961682633878,-0.5999961682633879,-0.5599961682633878
1.925192519251925,-0.5799961907145618,-0.5999961907145618,-0.5599961907145617
1.9262926292629263,-0.5799962130341882,-0.5999962130341883,-0.5599962130341882
1.9273927392739272,-0.579996235223038,-0.599996235223038,-0.559996235223038
1.9284928492849285,-0.5799962572818774,-0.5999962572818774,-0.5599962572818774
1.9295929592959293,-0.5799962792114681,-0.5999962792114681,-0.5599962792114681
1.9306930693069306,-0.5799963010125675,-0.5999963010125675,-0.5599963010125675
1.9317931793179315,-0.5799963226859283,-0.5999963226859283,-0.5599963226859282
1.9328932893289328,-0.5799963442322991,-0.5999963442322991,-0.559996344232299
1.9339933993399336,-0.579996365652424,-0.599996365652424,-0.5599963656524239
1.935093509350935,-0.5799963869470425,-0.5999963869470425,-0.5599963869470425
1.9361936193619362,-0.5799964081168902,-0.5999964081168903,-0.5599964081168902
1.937293729372937,-0.579996429162698,-0.599996429162698,-0.559996429162698
1.9383938393839384,-0.5799964500851928,-0.5999964500851929,-0.5599964500851928
1.9394939493949392,-0.5799964708850972,-0.5999964708850972,-0.5599964708850972
1.9405940594059405,-0.5799964915631293,-0.5999964915631293,-0.5599964915631293
1.9416941694169414,-0.5799965121200031,-0.5999965121200032,-0.5599965121200031
1.9427942794279427,-0.5799965325564288,-0.5999965325564288,-0.5599965325564288
1.9438943894389435,-0.579996552873112,-0.599996552873112,-0.559996552873112
1.9449944994499448,-0.5799965730707543,-0.5999965730707543,-0.5599965730707542
1.9460946094609461,-0.5799965931500531,-0.5999965931500532,-0.5599965931500531
1.947194719471947,-0.579996613111702,-0.599996613111702,-0.559996613111702
1.9482948294829483,-0.5799966329563903,-0.5999966329563903,-0.5599966329563902
1.9493949394939492,-0.579996652684803,-0.5999966526848031,-0.559996652684803
1.9504950495049505,-0.5799966722976219,-0.5999966722976219,-0.5599966722976218
1.9515951595159513,-0.5799966917955238,-0.5999966917955238,-0.5599966917955238
1.9526952695269526,-0.5799967111791824,-0.5999967111791824,-0.5599967111791824
1.9537953795379535,-0.5799967304492668,-0.5999967304492668,-0.5599967304492668
1.9548954895489548,-0.5799967496064428,-0.5999967496064428,-0.5599967496064427
1.955995599559956,-0.5799967686513716,-0.5999967686513716,-0.5599967686513716
1.957095709570957,-0.5799967875847111,-0.5999967875847111,-0.559996787584711
1.9581958195819582,-0.579996806407115,-0.5999968064071151,-0.559996806407115
1.959295929592959,-0.5799968251192336,-0.5999968251192336,-0.5599968251192335
1.9603960396039604,-0.5799968437217127,-0.5999968437217127,-0.5599968437217127
1.9614961496149612,-0.5799968622151949,-0.5999968622151949,-0.5599968622151948
1.9625962596259625,-0.5799968806003187,-0.5999968806003187,-0.5599968806003187
1.9636963696369634,-0.5799968988777193,-0.5999968988777193,-0.5599968988777193
1.9647964796479647,-0.5799969170480277,-0.5999969170480277,-0.5599969170480277
1.9658965896589655,-0.5799969351118713,-0.5999969351118714,-0.5599969351118713
1.9669966996699668,-0.579996953069874,-0.599996953069874,-0.559996953069874
1.9680968096809681,-0.579996970922656,-0.599996970922656,-0.559996970922656
1.969196919691969,-0.5799969886708337,-0.5999969886708337,-0.5599969886708337
1.9702970297029703,-0.57999700631502,-0.5999970063150201,-0.55999700631502
1.9713971397139711,-0.5799970238558244,-0.5999970238558244,-0.5599970238558244
1.9724972497249724,-0.5799970412938524,-0.5999970412938525,-0.5599970412938524
1.9735973597359733,-0.5799970586297064,-0.5999970586297064,-0.5599970586297064
1.9746974697469746,-0.579997075863985,-0.599997075863985,-0.559997075863985
1.9757975797579754,-0.5799970929972833,-0.5999970929972833,-0.5599970929972833
1.9768976897689767,-0.5799971100301929,-0.599997110030193,-0.5599971100301929
1.977997799779978,-0.5799971269633023,-0.5999971269633023,-0.5599971269633023
1.9790979097909789,-0.5799971437971959,-0.5999971437971959,-0.5599971437971959
1.9801980198019802,-0.5799971605324553,-0.5999971605324553,-0.5599971605324553
1.981298129812981,-0.5799971771696583,-0.5999971771696583,-0.5599971771696582
1.9823982398239823,-0.5799971937093794,-0.5999971937093794,-0.5599971937093794
1.9834983498349832,-0.5799972101521899,-0.5999972101521899,-0.5599972101521898
1.9845984598459845,-0.5799972264986575,-0.5999972264986575,-0.5599972264986575
1.9856985698569853,-0.5799972427493467,-0.5999972427493467,-0.5599972427493467
1.9867986798679866,-0.5799972589048189,-0.5999972589048189,-0.5599972589048189
1.987898789878988,-0.5799972749656317,-0.5999972749656317,-0.5599972749656317
1.9889988998899888,-0.57999729093234,-0.59999729093234,-0.55999729093234
1.99009900990099,-0.579997306805495,-0.599997306805495,-0.559997306805495
1.991199119911991,-0.579997322585645,-0.599997322585645,-0.5599973225856449
1.9922992299229922,-0.5799973382733348,-0.5999973382733348,-0.5599973382733348
1.993399339933993,-0.5799973538691062,-0.5999973538691062,-0.5599973538691062
1.9944994499449944,-0.5799973693734979,-0.5999973693734979,-0.5599973693734979
1.9955995599559953,-0.579997384787045,-0.599997384787045,-0.559997384787045
1.9966996699669965,-0.5799974001102801,-0.5999974001102801,-0.5599974001102801
1.9977997799779978,-0.5799974153437323,-0.5999974153437323,-0.5599974153437323
1.9988998899889987,-0.5799974304879276,-0.5999974304879276,-0.5599974304879276
2.0,-0.579997445543389,-0.599997445543389,-0.5599974455433889
2.001100110011001,-0.5799974605106363,-0.5999974605106363,-0.5599974605106363
2.002200220022002,-0.5799974753901865,-0.5999974753901866,-0.5599974753901865
2.003300330033003,-0.5799974901825535,-0.5999974901825536,-0.5599974901825535
2.0044004400440043,-0.579997504888248,-0.599997504888248,-0.559997504888248
2.005500550055005,-0.5799975195077779,-0.5999975195077779,-0.5599975195077779
2.0066006600660065,-0.579997534041648,-0.599997534041648,-0.559997534041648
2.0077007700770078,-0.5799975484903603,-0.5999975484903604,-0.5599975484903603
2.0088008800880086,-0.5799975628544137,-0.5999975628544137,-0.5599975628544137
2.00990099009901,-0.5799975771343043,-0.5999975771343043,-0.5599975771343043
2.0110011001100108,-0.5799975913305252,-0.5999975913305252,-0.5599975913305252
2.012101210121012,-0.5799976054435665,-0.5999976054435665,-0.5599976054435665
2.013201320132013,-0.5799976194739158,-0.5999976194739158,-0.5599976194739158
2.014301430143014,-0.5799976334220576,-0.5999976334220576,-0.5599976334220576
2.015401540154015,-0.5799976472884734,-0.5999976472884734,-0.5599976472884733
2.0165016501650164,-0.579997661073642,-0.599997661073642,-0.559997661073642
2.0176017601760172,-0.5799976747780398,-0.5999976747780398,-0.5599976747780397
2.0187018701870185,-0.5799976884021397,-0.5999976884021397,-0.5599976884021397
2.01980198019802,-0.5799977019464124,-0.5999977019464124,-0.5599977019464124
2.0209020902090207,-0.5799977154113256,-0.5999977154113256,-0.5599977154113256
2.022002200220022,-0.5799977287973442,-0.5999977287973443,-0.5599977287973442
2.023102310231023,-0.5799977421049306,-0.5999977421049306,-0.5599977421049306
2.024202420242024,-0.5799977553345443,-0.5999977553345444,-0.5599977553345443
2.025302530253025,-0.5799977684866421,-0.5999977684866421,-0.5599977684866421
2.0264026402640263,-0.5799977815616781,-0.5999977815616782,-0.5599977815616781
2.027502750275027,-0.5799977945601041,-0.5999977945601042,-0.5599977945601041
2.0286028602860284,-0.5799978074823688,-0.5999978074823689,-0.5599978074823688
2.0297029702970297,-0.5799978203289184,-0.5999978203289185,-0.5599978203289184
2.0308030803080306,-0.5799978331001968,-0.5999978331001968,-0.5599978331001968
2.031903190319032,-0.5799978457966447,-0.5999978457966447,-0.5599978457966447
2.0330033003300327,-0.5799978584187008,-0.5999978584187008,-0.5599978584187008
2.034103410341034,-0.5799978709668008,-0.5999978709668008,-0.5599978709668008
2.035203520352035,-0.5799978834413781,-0.5999978834413782,-0.5599978834413781
2.036303630363036,-0.5799978958428635,-0.5999978958428636,-0.5599978958428635
2.037403740374037,-0.5799979081716854,-0.5999979081716854,-0.5599979081716854
2.0385038503850383,-0.5799979204282693,-0.5999979204282693,-0.5599979204282692
2.0396039603960396,-0.5799979326130386,-0.5999979326130386,-0.5599979326130385
2.0407040704070405,-0.5799979447264141,-0.5999979447264141,-0.5599979447264141
2.041804180418042,-0.579997956768814,-0.5999979567688141,-0.559997956768814
2.0429042904290426,-0.5799979687406542,-0.5999979687406543,-0.5599979687406542
2.044004400440044,-0.5799979806423483,-0.5999979806423483,-0.5599979806423483
2.045104510451045,-0.5799979924743072,-0.5999979924743072,-0.5599979924743071
2.046204620462046,-0.5799980042369395,-0.5999980042369395,-0.5599980042369395
2.047304730473047,-0.5799980159306513,-0.5999980159306513,-0.5599980159306512
2.0484048404840483,-0.5799980275558464,-0.5999980275558464,-0.5599980275558464
2.0495049504950495,-0.5799980391129265,-0.5999980391129265,-0.5599980391129264
2.0506050605060504,-0.5799980506022905,-0.5999980506022905,-0.5599980506022905
2.0517051705170517,-0.5799980620243352,-0.5999980620243353,-0.5599980620243352
2.0528052805280526,-0.5799980733794552,-0.5999980733794552,-0.5599980733794552
2.053905390539054,-0.5799980846680424,-0.5999980846680424,-0.5599980846680424
2.0550055005500547,-0.5799980958904868,-0.5999980958904868,-0.5599980958904868
2.056105610561056,-0.5799981070471758,-0.5999981070471758,-0.5599981070471758
2.057205720572057,-0.5799981181384948,-0.5999981181384948,-0.5599981181384948
2.058305830583058,-0.5799981291648268,-0.5999981291648269,-0.5599981291648268
2.0594059405940595,-0.5799981401265526,-0.5999981401265526,-0.5599981401265526
2.0605060506050603,-0.5799981510240506,-0.5999981510240506,-0.5599981510240506
2.0616061606160616,-0.5799981618576974,-0.5999981618576974,-0.5599981618576974
2.0627062706270625,-0.5799981726278668,-0.5999981726278668,-0.5599981726278668
2.0638063806380638,-0.5799981833349309,-0.5999981833349309,-0.5599981833349309
2.0649064906490646,-0.5799981939792594,-0.5999981939792595,-0.5599981939792594
2.066006600660066,-0.5799982045612201,-0.5999982045612201,-0.5599982045612201
2.0671067106710668,-0.5799982150811781,-0.5999982150811781,-0.5599982150811781
2.068206820682068,-0.5799982255394969,-0.5999982255394969,-0.5599982255394969
2.069306930693069,-0.5799982359365375,-0.5999982359365376,-0.5599982359365375
2.0704070407040702,-0.5799982462726592,-0.5999982462726592,-0.5599982462726592
2.0715071507150715,-0.5799982565482187,-0.5999982565482187,-0.5599982565482187
2.0726072607260724,-0.5799982667635709,-0.5999982667635709,-0.5599982667635709
2.0737073707370737,-0.5799982769190687,-0.5999982769190687,-0.5599982769190687
2.0748074807480745,-0.5799982870150626,-0.5999982870150626,-0.5599982870150626
2.075907590759076,-0.5799982970519014,-0.5999982970519014,-0.5599982970519014
2.0770077007700767,-0.5799983070299317,-0.5999983070299317,-0.5599983070299317
2.078107810781078,-0.5799983169494981,-0.5999983169494981,-0.5599983169494981
2.079207920792079,-0.579998326810943,-0.599998326810943,-0.559998326810943
2.08030803080308,-0.5799983366146071,-0.5999983366146071,-0.5599983366146071
2.0814081408140814,-0.5799983463608288,-0.5999983463608288,-0.5599983463608288
2.0825082508250823,-0.5799983560499449,-0.5999983560499449,-0.5599983560499449
2.0836083608360836,-0.5799983656822898,-0.5999983656822898,-0.5599983656822898
2.0847084708470844,-0.5799983752581962,-0.5999983752581962,-0.5599983752581962
2.0858085808580857,-0.5799983847779948,-0.5999983847779948,-0.5599983847779948
2.0869086908690866,-0.5799983942420144,-0.5999983942420144,-0.5599983942420144
2.088008800880088,-0.5799984036505816,-0.5999984036505817,-0.5599984036505816
2.0891089108910887,-0.5799984130040217,-0.5999984130040217,-0.5599984130040216
2.09020902090209,-0.5799984223026573,-0.5999984223026573,-0.5599984223026573
2.0913091309130913,-0.5799984315468099,-0.5999984315468099,-0.5599984315468098
2.092409240924092,-0.5799984407367983,-0.5999984407367983,-0.5599984407367983
2.0935093509350935,-0.5799984498729402,-0.5999984498729403,-0.5599984498729402
2.0946094609460943,-0.579998458955551,-0.599998458955551,-0.559998458955551
2.0957095709570956,-0.5799984679849444,-0.5999984679849444,-0.5599984679849443
2.0968096809680965,-0.579998476961432,-0.599998476961432,-0.559998476961432
2.097909790979098,-0.579998485885324,-0.599998485885324,-0.559998485885324
2.0990099009900987,-0.5799984947569286,-0.5999984947569286,-0.5599984947569285
2.1001100110011,-0.579998503576552,-0.599998503576552,-0.559998503576552
2.1012101210121013,-0.579998512344499,-0.599998512344499,-0.5599985123444989
2.102310231023102,-0.5799985210610721,-0.5999985210610721,-0.5599985210610721
2.1034103410341034,-0.5799985297265724,-0.5999985297265724,-0.5599985297265724
2.1045104510451043,-0.5799985383412993,-0.5999985383412993,-0.5599985383412993
2.1056105610561056,-0.5799985469055502,-0.5999985469055502,-0.5599985469055502
2.1067106710671064,-0.5799985554196209,-0.5999985554196209,-0.5599985554196208
2.1078107810781077,-0.5799985638838053,-0.5999985638838053,-0.5599985638838053
2.1089108910891086,-0.5799985722983958,-0.5999985722983958,-0.5599985722983958
2.11001100110011,-0.5799985806636829,-0.599998580663683,-0.5599985806636829
2.111111111111111,-0.5799985889799557,-0.5999985889799557,-0.5599985889799557
2.112211221122112,-0.579998597247501,-0.599998597247501,-0.559998597247501
2.1133113311331133,-0.5799986054666048,-0.5999986054666048,-0.5599986054666047
2.114411441144114,-0.5799986136375505,-0.5999986136375505,-0.5599986136375504
2.1155115511551155,-0.5799986217606203,-0.5999986217606204,-0.5599986217606203
2.1166116611661163,-0.5799986298360951,-0.5999986298360951,-0.559998629836095
2.1177117711771176,-0.5799986378642534,-0.5999986378642534,-0.5599986378642534
2.1188118811881185,-0.5799986458453725,-0.5999986458453725,-0.5599986458453725
2.1199119911991198,-0.5799986537797283,-0.5999986537797283,-0.5599986537797282
2.1210121012101206,-0.5799986616675944,-0.5999986616675944,-0.5599986616675944
2.122112211221122,-0.5799986695092434,-0.5999986695092434,-0.5599986695092434
2.1232123212321232,-0.5799986773049461,-0.5999986773049462,-0.5599986773049461
2.124312431243124,-0.5799986850549717,-0.5999986850549717,-0.5599986850549716
2.1254125412541254,-0.5799986927595877,-0.5999986927595877,-0.5599986927595877
2.1265126512651262,-0.5799987004190604,-0.5999987004190604,-0.5599987004190604
2.1276127612761275,-0.5799987080336542,-0.5999987080336542,-0.5599987080336541
2.1287128712871284,-0.579998715603632,-0.599998715603632,-0.559998715603632
2.1298129812981297,-0.5799987231292553,-0.5999987231292553,-0.5599987231292552
2.1309130913091305,-0.579998730610784,-0.599998730610784,-0.559998730610784
2.132013201320132,-0.5799987380484763,-0.5999987380484764,-0.5599987380484763
2.133113311331133,-0.5799987454425892,-0.5999987454425892,-0.5599987454425892
2.134213421342134,-0.5799987527933781,-0.5999987527933781,-0.5599987527933781
2.1353135313531353,-0.5799987601010966,-0.5999987601010967,-0.5599987601010966
2.136413641364136,-0.5799987673659973,-0.5999987673659973,-0.5599987673659973
2.1375137513751374,-0.579998774588331,-0.5999987745883311,-0.559998774588331
2.1386138613861383,-0.5799987817683471,-0.5999987817683471,-0.559998781768347
2.1397139713971396,-0.5799987889062935,-0.5999987889062935,-0.5599987889062935
2.1408140814081404,-0.5799987960024169,-0.5999987960024169,-0.5599987960024169
2.1419141914191417,-0.579998803056962,-0.5999988030569621,-0.559998803056962
2.143014301430143,-0.5799988100701727,-0.5999988100701728,-0.5599988100701727
2.144114411441144,-0.5799988170422913,-0.5999988170422913,-0.5599988170422913
2.145214521452145,-0.5799988239735582,-0.5999988239735582,-0.5599988239735582
2.146314631463146,-0.579998830864213,-0.599998830864213,-0.559998830864213
2.1474147414741473,-0.5799988377144936,-0.5999988377144936,-0.5599988377144935
2.148514851485148,-0.5799988445246365,-0.5999988445246365,-0.5599988445246364
2.1496149614961495,-0.5799988512948769,-0.599998851294877,-0.5599988512948769
2.1507150715071504,-0.5799988580254488,-0.5999988580254488,-0.5599988580254488
2.1518151815181517,-0.5799988647165845,-0.5999988647165845,-0.5599988647165844
2.152915291529153,-0.5799988713685149,-0.5999988713685149,-0.5599988713685149
2.154015401540154,-0.5799988779814699,-0.5999988779814699,-0.5599988779814699
2.155115511551155,-0.5799988845556778,-0.5999988845556778,-0.5599988845556778
2.156215621562156,-0.5799988910913657,-0.5999988910913657,-0.5599988910913657
2.1573157315731573,-0.5799988975887592,-0.5999988975887592,-0.5599988975887592
2.158415841584158,-0.5799989040480827,-0.5999989040480828,-0.5599989040480827
2.1595159515951594,-0.5799989104695594,-0.5999989104695594,-0.5599989104695594
2.1606160616061603,-0.5799989168534109,-0.5999989168534109,-0.5599989168534109
2.1617161716171616,-0.5799989231998577,-0.5999989231998577,-0.5599989231998577
2.162816281628163,-0.5799989295091189,-0.5999989295091189,-0.5599989295091189
2.1639163916391637,-0.5799989357814125,-0.5999989357814125,-0.5599989357814125
2.165016501650165,-0.579998942016955,-0.599998942016955,-0.559998942016955
2.166116611661166,-0.5799989482159618,-0.5999989482159618,-0.5599989482159617
2.167216721672167,-0.579998954378647,-0.599998954378647,-0.559998954378647
2.168316831683168,-0.5799989605052234,-0.5999989605052234,-0.5599989605052234
2.1694169416941693,-0.5799989665959024,-0.5999989665959025,-0.5599989665959024
2.17051705170517,-0.5799989726508946,-0.5999989726508946,-0.5599989726508946
2.1716171617161715,-0.579998978670409,-0.599998978670409,-0.5599989786704089
2.1727172717271723,-0.5799989846546533,-0.5999989846546533,-0.5599989846546533
2.1738173817381736,-0.5799989906038344,-0.5999989906038344,-0.5599989906038344
2.174917491749175,-0.5799989965181577,-0.5999989965181577,-0.5599989965181577
2.176017601760176,-0.5799990023978272,-0.5999990023978272,-0.5599990023978272
2.177117711771177,-0.5799990082430463,-0.5999990082430463,-0.5599990082430463
2.178217821782178,-0.5799990140540167,-0.5999990140540167,-0.5599990140540166
2.1793179317931792,-0.579999019830939,-0.5999990198309391,-0.559999019830939
2.18041804180418,-0.5799990255740128,-0.5999990255740129,-0.5599990255740128
2.1815181518151814,-0.5799990312834363,-0.5999990312834363,-0.5599990312834363
2.1826182618261822,-0.5799990369594069,-0.5999990369594069,-0.5599990369594069
2.1837183718371835,-0.5799990426021204,-0.5999990426021204,-0.5599990426021204
2.184818481848185,-0.5799990482117717,-0.5999990482117717,-0.5599990482117717
2.1859185918591857,-0.5799990537885545,-0.5999990537885546,-0.5599990537885545
2.187018701870187,-0.5799990593326616,-0.5999990593326616,-0.5599990593326616
2.188118811881188,-0.5799990648442841,-0.5999990648442841,-0.5599990648442841
2.189218921892189,-0.5799990703236126,-0.5999990703236127,-0.5599990703236126
2.19031903190319,-0.5799990757708363,-0.5999990757708363,-0.5599990757708363
2.1914191419141913,-0.5799990811861432,-0.5999990811861432,-0.5599990811861432
2.192519251925192,-0.5799990865697203,-0.5999990865697203,-0.5599990865697203
2.1936193619361934,-0.5799990919217537,-0.5999990919217537,-0.5599990919217537
2.1947194719471947,-0.579999097242428,-0.5999990972424281,-0.559999097242428
2.1958195819581956,-0.5799991025319271,-0.5999991025319271,-0.5599991025319271
2.196919691969197,-0.5799991077904336,-0.5999991077904336,-0.5599991077904336
2.1980198019801978,-0.5799991130181291,-0.5999991130181291,-0.5599991130181291
2.199119911991199,-0.5799991182151941,-0.5999991182151941,-0.5599991182151941
2.2002200220022,-0.5799991233818081,-0.5999991233818082,-0.5599991233818081
2.201320132013201,-0.5799991285181495,-0.5999991285181495,-0.5599991285181495
2.202420242024202,-0.5799991336243957,-0.5999991336243957,-0.5599991336243957
2.2035203520352034,-0.5799991387007231,-0.5999991387007231,-0.559999138700723
2.2046204620462047,-0.5799991437473069,-0.5999991437473069,-0.5599991437473069
2.2057205720572055,-0.5799991487643215,-0.5999991487643215,-0.5599991487643214
2.206820682068207,-0.5799991537519399,-0.5999991537519399,-0.5599991537519399
2.2079207920792077,-0.5799991587103346,-0.5999991587103346,-0.5599991587103346
2.209020902090209,-0.5799991636396766,-0.5999991636396766,-0.5599991636396766
2.21012101210121,-0.5799991685401364,-0.5999991685401365,-0.5599991685401364
2.211221122112211,-0.5799991734118831,-0.5999991734118831,-0.5599991734118831
2.212321232123212,-0.5799991782550848,-0.5999991782550849,-0.5599991782550848
2.2134213421342133,-0.579999183069909,-0.5999991830699091,-0.559999183069909
2.2145214521452146,-0.5799991878565218,-0.5999991878565218,-0.5599991878565218
2.2156215621562154,-0.5799991926150886,-0.5999991926150886,-0.5599991926150886
2.2167216721672167,-0.5799991973457737,-0.5999991973457737,-0.5599991973457736
2.2178217821782176,-0.5799992020487403,-0.5999992020487404,-0.5599992020487403
2.218921892189219,-0.5799992067241511,-0.5999992067241511,-0.559999206724151
2.2200220022002197,-0.5799992113721674,-0.5999992113721674,-0.5599992113721673
2.221122112211221,-0.5799992159929497,-0.5999992159929497,-0.5599992159929497
2.222222222222222,-0.5799992205866575,-0.5999992205866576,-0.5599992205866575
2.223322332233223,-0.5799992251534496,-0.5999992251534496,-0.5599992251534496
2.224422442244224,-0.5799992296934837,-0.5999992296934837,-0.5599992296934837
2.2255225522552253,-0.5799992342069165,-0.5999992342069165,-0.5599992342069164
2.2266226622662266,-0.5799992386939038,-0.5999992386939038,-0.5599992386939038
2.2277227722772275,-0.5799992431546007,-0.5999992431546007,-0.5599992431546007
2.228822882288229,-0.5799992475891611,-0.5999992475891611,-0.5599992475891611
2.2299229922992296,-0.5799992519977384,-0.5999992519977384,-0.5599992519977384
2.231023102310231,-0.5799992563804846,-0.5999992563804846,-0.5599992563804845
2.232123212321232,-0.5799992607375509,-0.5999992607375509,-0.5599992607375509
2.233223322332233,-0.5799992650690882,-0.5999992650690882,-0.5599992650690881
2.234323432343234,-0.5799992693752458,-0.5999992693752458,-0.5599992693752458
2.2354235423542352,-0.5799992736561724,-0.5999992736561724,-0.5599992736561724
2.2365236523652365,-0.579999277912016,-0.599999277912016,-0.559999277912016
2.2376237623762374,-0.5799992821429235,-0.5999992821429235,-0.5599992821429235
2.2387238723872387,-0.5799992863490409,-0.5999992863490409,-0.5599992863490408
2.2398239823982395,-0.5799992905305136,-0.5999992905305136,-0.5599992905305136
2.240924092409241,-0.5799992946874858,-0.5999992946874858,-0.5599992946874858
2.2420242024202417,-0.5799992988201013,-0.5999992988201013,-0.5599992988201012
2.243124312431243,-0.5799993029285027,-0.5999993029285027,-0.5599993029285026
2.244224422442244,-0.5799993070128318,-0.5999993070128318,-0.5599993070128317
2.245324532453245,-0.5799993110732297,-0.5999993110732297,-0.5599993110732296
2.2464246424642464,-0.5799993151098366,-0.5999993151098366,-0.5599993151098366
2.2475247524752473,-0.5799993191227921,-0.5999993191227921,-0.5599993191227921
2.2486248624862486,-0.5799993231122345,-0.5999993231122345,-0.5599993231122344
2.2497249724972495,-0.5799993270783017,-0.5999993270783017,-0.5599993270783017
2.2508250825082508,-0.5799993310211307,-0.5999993310211307,-0.5599993310211306
2.2519251925192516,-0.5799993349408575,-0.5999993349408576,-0.5599993349408575
2.253025302530253,-0.5799993388376177,-0.5999993388376177,-0.5599993388376177
2.2541254125412538,-0.5799993427115456,-0.5999993427115456,-0.5599993427115456
2.255225522552255,-0.5799993465627753,-0.5999993465627753,-0.5599993465627753
2.2563256325632564,-0.5799993503914395,-0.5999993503914395,-0.5599993503914394
2.257425742574257,-0.5799993541976705,-0.5999993541976705,-0.5599993541976704
2.2585258525852585,-0.5799993579815999,-0.5999993579815999,-0.5599993579815998
2.2596259625962594,-0.5799993617433581,-0.5999993617433581,-0.5599993617433581
2.2607260726072607,-0.5799993654830751,-0.5999993654830751,-0.559999365483075
2.2618261826182615,-0.5799993692008802,-0.5999993692008803,-0.5599993692008802
2.262926292629263,-0.5799993728969016,-0.5999993728969016,-0.5599993728969016
2.2640264026402637,-0.5799993765712672,-0.5999993765712672,-0.5599993765712672
2.265126512651265,-0.5799993802241036,-0.5999993802241036,-0.5599993802241036
2.2662266226622663,-0.579999383855537,-0.599999383855537,-0.5599993838555369
2.267326732673267,-0.5799993874656929,-0.5999993874656929,-0.5599993874656929
2.2684268426842684,-0.5799993910546959,-0.5999993910546959,-0.5599993910546959
2.2695269526952693,-0.57999939462267,-0.59999939462267,-0.55999939462267
2.2706270627062706,-0.5799993981697383,-0.5999993981697384,-0.5599993981697383
2.2717271727172714,-0.5799994016960235,-0.5999994016960235,-0.5599994016960235
2.2728272827282727,-0.5799994052016472,-0.5999994052016472,-0.5599994052016471
2.2739273927392736,-0.5799994086867305,-0.5999994086867305,-0.5599994086867305
2.275027502750275,-0.5799994121513937,-0.5999994121513937,-0.5599994121513937
2.2761276127612757,-0.5799994155957566,-0.5999994155957566,-0.5599994155957566
2.277227722772277,-0.579999419019938,-0.599999419019938,-0.559999419019938
2.2783278327832783,-0.5799994224240562,-0.5999994224240562,-0.5599994224240562
2.279427942794279,-0.5799994258082288,-0.5999994258082288,-0.5599994258082288
2.2805280528052805,-0.5799994291725726,-0.5999994291725727,-0.5599994291725726
2.2816281628162813,-0.5799994325172039,-0.5999994325172039,-0.5599994325172039
2.2827282728272826,-0.579999435842238,-0.599999435842238,-0.559999435842238
2.2838283828382835,-0.5799994391477898,-0.5999994391477899,-0.5599994391477898
2.284928492849285,-0.5799994424339736,-0.5999994424339736,-0.5599994424339736
2.2860286028602856,-0.5799994457009027,-0.5999994457009027,-0.5599994457009027
2.287128712871287,-0.5799994489486899,-0.59999944894869,-0.5599994489486899
2.2882288228822882,-0.5799994521774476,-0.5999994521774477,-0.5599994521774476
2.289328932893289,-0.579999455387287,-0.599999455387287,-0.559999455387287
2.2904290429042904,-0.5799994585783192,-0.5999994585783193,-0.5599994585783192
2.2915291529152912,-0.5799994617506543,-0.5999994617506543,-0.5599994617506543
2.2926292629262925,-0.5799994649044018,-0.5999994649044018,-0.5599994649044018
2.2937293729372934,-0.5799994680396705,-0.5999994680396705,-0.5599994680396705
2.2948294829482947,-0.579999471156569,-0.599999471156569,-0.559999471156569
2.2959295929592956,-0.5799994742552047,-0.5999994742552047,-0.5599994742552047
2.297029702970297,-0.5799994773356847,-0.5999994773356847,-0.5599994773356847
2.298129812981298,-0.5799994803981152,-0.5999994803981152,-0.5599994803981152
2.299229922992299,-0.5799994834426023,-0.5999994834426023,-0.5599994834426023
2.3003300330033003,-0.5799994864692508,-0.5999994864692508,-0.5599994864692508
2.301430143014301,-0.5799994894781654,-0.5999994894781654,-0.5599994894781654
2.3025302530253025,-0.5799994924694499,-0.59999949246945,-0.5599994924694499
2.3036303630363033,-0.5799994954432077,-0.5999994954432077,-0.5599994954432077
2.3047304730473046,-0.5799994983995415,-0.5999994983995415,-0.5599994983995414
2.3058305830583055,-0.5799995013385533,-0.5999995013385533,-0.5599995013385533
2.3069306930693068,-0.5799995042603446,-0.5999995042603447,-0.5599995042603446
2.308030803080308,-0.5799995071650165,-0.5999995071650165,-0.5599995071650165
2.309130913091309,-0.5799995100526689,-0.5999995100526689,-0.5599995100526689
2.31023102310231,-0.579999512923402,-0.599999512923402,-0.559999512923402
2.311331133113311,-0.5799995157773146,-0.5999995157773146,-0.5599995157773145
2.3124312431243124,-0.5799995186145054,-0.5999995186145054,-0.5599995186145054
2.313531353135313,-0.5799995214350723,-0.5999995214350723,-0.5599995214350723
2.3146314631463145,-0.5799995242391127,-0.5999995242391127,-0.5599995242391127
2.3157315731573154,-0.5799995270267235,-0.5999995270267235,-0.5599995270267235
2.3168316831683167,-0.579999529798001,-0.599999529798001,-0.5599995297980009
2.317931793179318,-0.5799995325530408,-0.5999995325530408,-0.5599995325530408
2.319031903190319,-0.579999535291938,-0.5999995352919381,-0.559999535291938
2.32013201320132,-0.5799995380147874,-0.5999995380147874,-0.5599995380147874
2.321232123212321,-0.5799995407216828,-0.5999995407216828,-0.5599995407216828
2.3223322332233223,-0.5799995434127179,-0.5999995434127179,-0.5599995434127178
2.323432343234323,-0.5799995460879854,-0.5999995460879854,-0.5599995460879854
2.3245324532453244,-0.5799995487475778,-0.5999995487475778,-0.5599995487475777
2.3256325632563253,-0.579999551391587,-0.599999551391587,-0.559999551391587
2.3267326732673266,-0.5799995540201042,-0.5999995540201042,-0.5599995540201042
2.3278327832783274,-0.5799995566332201,-0.5999995566332201,-0.5599995566332201
2.3289328932893287,-0.5799995592310252,-0.5999995592310252,-0.5599995592310252
2.33003300330033,-0.5799995618136089,-0.5999995618136089,-0.5599995618136089
2.331133113311331,-0.5799995643810607,-0.5999995643810607,-0.5599995643810607
2.332233223322332,-0.5799995669334691,-0.5999995669334691,-0.5599995669334691
2.333333333333333,-0.5799995694709222,-0.5999995694709223,-0.5599995694709222
2.3344334433443343,-0.5799995719935077,-0.5999995719935077,-0.5599995719935077
2.335533553355335,-0.5799995745013127,-0.5999995745013127,-0.5599995745013127
2.3366336633663365,-0.5799995769944237,-0.5999995769944237,-0.5599995769944237
2.3377337733773373,-0.579999579472927,-0.599999579472927,-0.559999579472927
2.3388338833883386,-0.5799995819369081,-0.5999995819369082,-0.5599995819369081
2.33993399339934,-0.579999584386452,-0.5999995843864521,-0.559999584386452
2.341034103410341,-0.5799995868216434,-0.5999995868216434,-0.5599995868216434
2.342134213421342,-0.5799995892425664,-0.5999995892425665,-0.5599995892425664
2.343234323432343,-0.5799995916493046,-0.5999995916493046,-0.5599995916493046
2.3443344334433442,-0.5799995940419409,-0.5999995940419409,-0.5599995940419409
2.345434543454345,-0.5799995964205582,-0.5999995964205582,-0.5599995964205582
2.3465346534653464,-0.5799995987852387,-0.5999995987852387,-0.5599995987852386
2.3476347634763473,-0.5799996011360636,-0.5999996011360637,-0.5599996011360636
2.3487348734873486,-0.5799996034731145,-0.5999996034731145,-0.5599996034731145
2.34983498349835,-0.5799996057964721,-0.5999996057964722,-0.5599996057964721
2.3509350935093507,-0.5799996081062164,-0.5999996081062164,-0.5599996081062164
2.352035203520352,-0.5799996104024274,-0.5999996104024274,-0.5599996104024274
2.353135313531353,-0.5799996126851842,-0.5999996126851842,-0.5599996126851842
2.354235423542354,-0.5799996149545658,-0.5999996149545658,-0.5599996149545657
2.355335533553355,-0.5799996172106503,-0.5999996172106503,-0.5599996172106503
2.3564356435643563,-0.579999619453516,-0.599999619453516,-0.559999619453516
2.357535753575357,-0.57999962168324,-0.5999996216832401,-0.55999962168324
2.3586358635863585,-0.5799996238998996,-0.5999996238998996,-0.5599996238998995
2.3597359735973598,-0.579999626103571,-0.599999626103571,-0.559999626103571
2.3608360836083606,-0.5799996282943306,-0.5999996282943306,-0.5599996282943306
2.361936193619362,-0.579999630472254,-0.599999630472254,-0.559999630472254
2.3630363036303628,-0.5799996326374163,-0.5999996326374163,-0.5599996326374163
2.364136413641364,-0.5799996347898924,-0.5999996347898924,-0.5599996347898923
2.365236523652365,-0.5799996369297564,-0.5999996369297564,-0.5599996369297564
2.366336633663366,-0.5799996390570825,-0.5999996390570825,-0.5599996390570825
2.367436743674367,-0.579999641171944,-0.599999641171944,-0.559999641171944
2.3685368536853684,-0.579999643274414,-0.599999643274414,-0.559999643274414
2.3696369636963697,-0.5799996453645649,-0.599999645364565,-0.5599996453645649
2.3707370737073705,-0.5799996474424692,-0.5999996474424693,-0.5599996474424692
2.371837183718372,-0.5799996495081985,-0.5999996495081985,-0.5599996495081985
2.3729372937293727,-0.5799996515618241,-0.5999996515618241,-0.5599996515618241
2.374037403740374,-0.579999653603417,-0.599999653603417,-0.559999653603417
2.375137513751375,-0.5799996556330476,-0.5999996556330476,-0.5599996556330475
2.376237623762376,-0.579999657650786,-0.599999657650786,-0.559999657650786
2.377337733773377,-0.5799996596567021,-0.5999996596567021,-0.5599996596567021
2.3784378437843783,-0.5799996616508648,-0.5999996616508648,-0.5599996616508648
2.3795379537953796,-0.5799996636333433,-0.5999996636333433,-0.5599996636333433
2.3806380638063804,-0.5799996656042059,-0.5999996656042059,-0.5599996656042059
2.3817381738173817,-0.5799996675635206,-0.5999996675635206,-0.5599996675635206
2.3828382838283826,-0.5799996695113553,-0.5999996695113553,-0.5599996695113553
2.383938393839384,-0.579999671447777,-0.599999671447777,-0.559999671447777
2.3850385038503847,-0.5799996733728527,-0.5999996733728528,-0.5599996733728527
2.386138613861386,-0.5799996752866489,-0.5999996752866489,-0.5599996752866488
2.387238723872387,-0.5799996771892316,-0.5999996771892316,-0.5599996771892316
2.388338833883388,-0.5799996790806666,-0.5999996790806666,-0.5599996790806666
2.389438943894389,-0.5799996809610192,-0.5999996809610192,-0.5599996809610192
2.3905390539053903,-0.5799996828303543,-0.5999996828303543,-0.5599996828303543
2.3916391639163916,-0.5799996846887364,-0.5999996846887364,-0.5599996846887364
2.3927392739273925,-0.5799996865362298,-0.5999996865362298,-0.5599996865362298
2.393839383938394,-0.5799996883728982,-0.5999996883728982,-0.5599996883728982
2.3949394939493946,-0.5799996901988052,-0.5999996901988052,-0.5599996901988051
2.396039603960396,-0.5799996920140135,-0.5999996920140135,-0.5599996920140135
2.397139713971397,-0.5799996938185861,-0.5999996938185861,-0.559999693818586
2.398239823982398,-0.5799996956125852,-0.5999996956125853,-0.5599996956125852
2.399339933993399,-0.5799996973960728,-0.5999996973960728,-0.5599996973960728
2.4004400440044003,-0.5799996991691105,-0.5999996991691106,-0.5599996991691105
2.4015401540154016,-0.5799997009317596,-0.5999997009317596,-0.5599997009317595
2.4026402640264024,-0.5799997026840806,-0.5999997026840806,-0.5599997026840806
2.4037403740374037,-0.5799997044261345,-0.5999997044261345,-0.5599997044261344
2.4048404840484046,-0.5799997061579811,-0.5999997061579811,-0.5599997061579811
2.405940594059406,-0.5799997078796805,-0.5999997078796805,-0.5599997078796805
2.4070407040704067,-0.5799997095912919,-0.5999997095912919,-0.5599997095912919
2.408140814081408,-0.5799997112928745,-0.5999997112928745,-0.5599997112928745
2.409240924092409,-0.579999712984487,-0.5999997129844871,-0.559999712984487
2.41034103410341,-0.579999714666188,-0.5999997146661881,-0.559999714666188
2.4114411441144115,-0.5799997163380355,-0.5999997163380355,-0.5599997163380355
2.4125412541254123,-0.5799997180000871,-0.5999997180000871,-0.5599997180000871
2.4136413641364136,-0.5799997196524004,-0.5999997196524004,-0.5599997196524004
2.4147414741474145,-0.5799997212950323,-0.5999997212950323,-0.5599997212950323
2.4158415841584158,-0.5799997229280395,-0.5999997229280395,-0.5599997229280395
2.4169416941694166,-0.5799997245514785,-0.5999997245514785,-0.5599997245514785
2.418041804180418,-0.5799997261654054,-0.5999997261654054,-0.5599997261654054
2.4191419141914188,-0.5799997277698759,-0.5999997277698759,-0.5599997277698758
2.42024202420242,-0.5799997293649453,-0.5999997293649453,-0.5599997293649452
2.4213421342134214,-0.5799997309506687,-0.5999997309506687,-0.5599997309506687
2.4224422442244222,-0.579999732527101,-0.599999732527101,-0.559999732527101
2.4235423542354235,-0.5799997340942966,-0.5999997340942966,-0.5599997340942966
2.4246424642464244,-0.5799997356523096,-0.5999997356523096,-0.5599997356523095
2.4257425742574257,-0.5799997372011937,-0.5999997372011937,-0.5599997372011937
2.4268426842684265,-0.5799997387410024,-0.5999997387410024,-0.5599997387410024
2.427942794279428,-0.579999740271789,-0.599999740271789,-0.559999740271789
2.4290429042904287,-0.5799997417936065,-0.5999997417936065,-0.5599997417936065
2.43014301430143,-0.579999743306507,-0.5999997433065071,-0.559999743306507
2.4312431243124313,-0.5799997448105432,-0.5999997448105432,-0.5599997448105432
2.432343234323432,-0.5799997463057667,-0.5999997463057667,-0.5599997463057667
2.4334433443344334,-0.5799997477922294,-0.5999997477922294,-0.5599997477922294
2.4345434543454343,-0.5799997492699824,-0.5999997492699825,-0.5599997492699824
2.4356435643564356,-0.579999750739077,-0.599999750739077,-0.5599997507390769
2.4367436743674364,-0.5799997521995637,-0.5999997521995637,-0.5599997521995637
2.4378437843784377,-0.5799997536514929,-0.5999997536514929,-0.5599997536514929
2.4389438943894386,-0.579999755094915,-0.599999755094915,-0.559999755094915
2.44004400440044,-0.5799997565298797,-0.5999997565298797,-0.5599997565298797
2.4411441144114407,-0.5799997579564365,-0.5999997579564366,-0.5599997579564365
2.442244224422442,-0.5799997593746348,-0.5999997593746348,-0.5599997593746348
2.4433443344334433,-0.5799997607845234,-0.5999997607845234,-0.5599997607845234
2.444444444444444,-0.5799997621861511,-0.5999997621861511,-0.5599997621861511
2.4455445544554455,-0.5799997635795664,-0.5999997635795664,-0.5599997635795664
2.4466446644664464,-0.5799997649648172,-0.5999997649648172,-0.5599997649648172
2.4477447744774476,-0.5799997663419514,-0.5999997663419514,-0.5599997663419514
2.4488448844884485,-0.5799997677110167,-0.5999997677110167,-0.5599997677110167
2.44994499449945,-0.5799997690720602,-0.5999997690720602,-0.5599997690720602
2.4510451045104507,-0.5799997704251291,-0.5999997704251291,-0.559999770425129
2.452145214521452,-0.5799997717702698,-0.5999997717702699,-0.5599997717702698
2.4532453245324533,-0.5799997731075291,-0.5999997731075292,-0.5599997731075291
2.454345434543454,-0.579999774436953,-0.5999997744369531,-0.559999774436953
2.4554455445544554,-0.5799997757585875,-0.5999997757585875,-0.5599997757585875
2.4565456545654563,-0.5799997770724782,-0.5999997770724782,-0.5599997770724782
2.4576457645764576,-0.5799997783786704,-0.5999997783786705,-0.5599997783786704
2.4587458745874584,-0.5799997796772094,-0.5999997796772094,-0.5599997796772094
2.4598459845984597,-0.5799997809681398,-0.5999997809681398,-0.5599997809681397
2.4609460946094606,-0.5799997822515063,-0.5999997822515063,-0.5599997822515063
2.462046204620462,-0.5799997835273532,-0.5999997835273532,-0.5599997835273531
2.463146314631463,-0.5799997847957246,-0.5999997847957246,-0.5599997847957245
2.464246424642464,-0.5799997860566641,-0.5999997860566642,-0.5599997860566641
2.4653465346534653,-0.5799997873102156,-0.5999997873102156,-0.5599997873102156
2.466446644664466,-0.5799997885564222,-0.5999997885564222,-0.5599997885564222
2.4675467546754675,-0.579999789795327,-0.599999789795327,-0.5599997897953269
2.4686468646864683,-0.5799997910269725,-0.5999997910269725,-0.5599997910269725
2.4697469746974696,-0.5799997922514016,-0.5999997922514017,-0.5599997922514016
2.4708470847084705,-0.5799997934686565,-0.5999997934686565,-0.5599997934686565
2.4719471947194718,-0.5799997946787792,-0.5999997946787792,-0.5599997946787791
2.473047304730473,-0.5799997958818113,-0.5999997958818113,-0.5599997958818113
2.474147414741474,-0.5799997970777946,-0.5999997970777946,-0.5599997970777946
2.4752475247524752,-0.5799997982667703,-0.5999997982667703,-0.5599997982667703
2.476347634763476,-0.5799997994487794,-0.5999997994487795,-0.5599997994487794
2.4774477447744774,-0.5799998006238629,-0.5999998006238629,-0.5599998006238629
2.4785478547854782,-0.5799998017920612,-0.5999998017920612,-0.5599998017920612
2.4796479647964795,-0.5799998029534148,-0.5999998029534148,-0.5599998029534148
2.4807480748074804,-0.5799998041079637,-0.5999998041079637,-0.5599998041079637
2.4818481848184817,-0.5799998052557478,-0.5999998052557478,-0.5599998052557478
2.482948294829483,-0.5799998063968066,-0.5999998063968066,-0.5599998063968066
2.484048404840484,-0.5799998075311797,-0.5999998075311798,-0.5599998075311797
2.485148514851485,-0.5799998086589062,-0.5999998086589062,-0.5599998086589062
2.486248624862486,-0.5799998097800251,-0.5999998097800251,-0.5599998097800251
2.4873487348734873,-0.579999810894575,-0.599999810894575,-0.559999810894575
2.488448844884488,-0.5799998120025944,-0.5999998120025944,-0.5599998120025944
2.4895489548954894,-0.5799998131041217,-0.5999998131041218,-0.5599998131041217
2.4906490649064903,-0.5799998141991949,-0.5999998141991949,-0.5599998141991949
2.4917491749174916,-0.5799998152878517,-0.5999998152878517,-0.5599998152878517
2.4928492849284924,-0.5799998163701299,-0.5999998163701299,-0.5599998163701299
2.4939493949394937,-0.5799998174460665,-0.5999998174460666,-0.5599998174460665
2.495049504950495,-0.579999818515699,-0.5999998185156991,-0.559999818515699
2.496149614961496,-0.5799998195790643,-0.5999998195790643,-0.5599998195790643
2.497249724972497,-0.579999820636199,-0.599999820636199,-0.559999820636199
2.498349834983498,-0.5799998216871397,-0.5999998216871397,-0.5599998216871397
2.4994499449944994,-0.5799998227319227,-0.5999998227319228,-0.5599998227319227
2.5005500550055,-0.579999823770584,-0.599999823770584,-0.559999823770584
2.5016501650165015,-0.5799998248031595,-0.5999998248031595,-0.5599998248031595
2.5027502750275024,-0.5799998258296848,-0.5999998258296848,-0.5599998258296848
2.5038503850385037,-0.5799998268501955,-0.5999998268501955,-0.5599998268501954
2.504950495049505,-0.5799998278647267,-0.5999998278647267,-0.5599998278647267
2.506050605060506,-0.5799998288733135,-0.5999998288733135,-0.5599998288733135
2.507150715071507,-0.5799998298759906,-0.5999998298759907,-0.5599998298759906
2.508250825082508,-0.5799998308727929,-0.599999830872793,-0.5599998308727929
2.5093509350935093,-0.5799998318637547,-0.5999998318637547,-0.5599998318637547
2.51045104510451,-0.5799998328489101,-0.5999998328489101,-0.5599998328489101
2.5115511551155114,-0.5799998338282932,-0.5999998338282932,-0.5599998338282932
2.5126512651265123,-0.5799998348019378,-0.5999998348019379,-0.5599998348019378
2.5137513751375136,-0.5799998357698777,-0.5999998357698777,-0.5599998357698777
2.514851485148515,-0.5799998367321461,-0.5999998367321461,-0.559999836732146
2.5159515951595157,-0.5799998376887763,-0.5999998376887763,-0.5599998376887763
2.517051705170517,-0.5799998386398013,-0.5999998386398013,-0.5599998386398013
2.518151815181518,-0.5799998395852541,-0.5999998395852542,-0.5599998395852541
2.519251925192519,-0.5799998405251672,-0.5999998405251672,-0.5599998405251672
2.52035203520352,-0.5799998414595731,-0.5999998414595731,-0.559999841459573
2.5214521452145213,-0.579999842388504,-0.599999842388504,-0.559999842388504
2.522552255225522,-0.5799998433119921,-0.5999998433119921,-0.559999843311992
2.5236523652365235,-0.5799998442300692,-0.5999998442300692,-0.5599998442300692
2.5247524752475248,-0.579999845142767,-0.599999845142767,-0.559999845142767
2.5258525852585256,-0.5799998460501172,-0.5999998460501172,-0.5599998460501172
2.526952695269527,-0.5799998469521509,-0.5999998469521509,-0.5599998469521509
2.528052805280528,-0.5799998478488994,-0.5999998478488994,-0.5599998478488993
2.529152915291529,-0.5799998487403935,-0.5999998487403935,-0.5599998487403934
2.53025302530253,-0.5799998496266642,-0.5999998496266642,-0.5599998496266642
2.5313531353135312,-0.5799998505077419,-0.599999850507742,-0.5599998505077419
2.532453245324532,-0.5799998513836573,-0.5999998513836573,-0.5599998513836573
2.5335533553355334,-0.5799998522544403,-0.5999998522544403,-0.5599998522544403
2.5346534653465347,-0.5799998531201213,-0.5999998531201213,-0.5599998531201212
2.5357535753575355,-0.5799998539807298,-0.5999998539807299,-0.5599998539807298
2.536853685368537,-0.579999854836296,-0.599999854836296,-0.559999854836296
2.5379537953795377,-0.5799998556868491,-0.5999998556868491,-0.5599998556868491
2.539053905390539,-0.5799998565324186,-0.5999998565324186,-0.5599998565324186
2.54015401540154,-0.5799998573730337,-0.5999998573730337,-0.5599998573730337
2.541254125412541,-0.5799998582087235,-0.5999998582087235,-0.5599998582087234
2.542354235423542,-0.5799998590395166,-0.5999998590395166,-0.5599998590395165
2.5434543454345433,-0.5799998598654419,-0.5999998598654419,-0.5599998598654419
2.544554455445544,-0.579999860686528,-0.599999860686528,-0.559999860686528
2.5456545654565454,-0.579999861502803,-0.599999861502803,-0.559999861502803
2.5467546754675467,-0.5799998623142952,-0.5999998623142953,-0.5599998623142952
2.5478547854785476,-0.5799998631210328,-0.5999998631210328,-0.5599998631210328
2.548954895489549,-0.5799998639230435,-0.5999998639230435,-0.5599998639230435
2.5500550055005498,-0.5799998647203548,-0.5999998647203548,-0.5599998647203548
2.551155115511551,-0.5799998655129947,-0.5999998655129947,-0.5599998655129946
2.552255225522552,-0.5799998663009901,-0.5999998663009901,-0.5599998663009901
2.553355335533553,-0.5799998670843686,-0.5999998670843686,-0.5599998670843686
2.554455445544554,-0.5799998678631569,-0.599999867863157,-0.5599998678631569
2.5555555555555554,-0.5799998686373822,-0.5999998686373822,-0.5599998686373822
2.5566556655665567,-0.579999869407071,-0.5999998694070711,-0.559999869407071
2.5577557755775575,-0.5799998701722501,-0.5999998701722501,-0.5599998701722501
2.558855885588559,-0.5799998709329457,-0.5999998709329457,-0.5599998709329457
2.5599559955995597,-0.5799998716891843,-0.5999998716891843,-0.5599998716891843
2.561056105610561,-0.5799998724409918,-0.5999998724409918,-0.5599998724409918
2.562156215621562,-0.5799998731883943,-0.5999998731883943,-0.5599998731883943
2.563256325632563,-0.5799998739314175,-0.5999998739314175,-0.5599998739314175
2.564356435643564,-0.5799998746700872,-0.5999998746700872,-0.5599998746700872
2.5654565456545653,-0.5799998754044289,-0.5999998754044289,-0.5599998754044289
2.5665566556655666,-0.5799998761344678,-0.5999998761344678,-0.5599998761344678
2.5676567656765674,-0.5799998768602291,-0.5999998768602292,-0.5599998768602291
2.5687568756875687,-0.5799998775817382,-0.5999998775817382,-0.5599998775817382
2.5698569856985696,-0.5799998782990197,-0.5999998782990197,-0.5599998782990196
2.570957095709571,-0.5799998790120984,-0.5999998790120984,-0.5599998790120984
2.5720572057205717,-0.579999879720999,-0.599999879720999,-0.559999879720999
2.573157315731573,-0.579999880425746,-0.599999880425746,-0.559999880425746
2.574257425742574,-0.5799998811263636,-0.5999998811263636,-0.5599998811263636
2.575357535753575,-0.5799998818228762,-0.5999998818228762,-0.5599998818228762
2.5764576457645765,-0.5799998825153077,-0.5999998825153077,-0.5599998825153076
2.5775577557755773,-0.5799998832036821,-0.5999998832036821,-0.5599998832036821
2.5786578657865786,-0.579999883888023,-0.5999998838880231,-0.559999883888023
2.5797579757975795,-0.5799998845683543,-0.5999998845683543,-0.5599998845683543
2.580858085808581,-0.5799998852446994,-0.5999998852446994,-0.5599998852446993
2.5819581958195816,-0.5799998859170815,-0.5999998859170815,-0.5599998859170815
2.583058305830583,-0.5799998865855239,-0.599999886585524,-0.5599998865855239
2.584158415841584,-0.5799998872500498,-0.5999998872500498,-0.5599998872500498
2.585258525852585,-0.579999887910682,-0.599999887910682,-0.559999887910682
2.5863586358635864,-0.5799998885674434,-0.5999998885674435,-0.5599998885674434
2.5874587458745872,-0.5799998892203567,-0.5999998892203567,-0.5599998892203567
2.5885588558855885,-0.5799998898694444,-0.5999998898694444,-0.5599998898694444
2.5896589658965894,-0.5799998905147289,-0.5999998905147289,-0.5599998905147289
2.5907590759075907,-0.5799998911562325,-0.5999998911562325,-0.5599998911562325
2.5918591859185915,-0.5799998917939774,-0.5999998917939774,-0.5599998917939774
2.592959295929593,-0.5799998924279856,-0.5999998924279856,-0.5599998924279855
2.5940594059405937,-0.5799998930582789,-0.5999998930582789,-0.5599998930582789
2.595159515951595,-0.5799998936848791,-0.5999998936848792,-0.5599998936848791
2.596259625962596,-0.579999894307808,-0.599999894307808,-0.5599998943078079
2.597359735973597,-0.5799998949270869,-0.5999998949270869,-0.5599998949270869
2.5984598459845984,-0.5799998955427373,-0.5999998955427374,-0.5599998955427373
2.5995599559955993,-0.5799998961547805,-0.5999998961547806,-0.5599998961547805
2.6006600660066006,-0.5799998967632376,-0.5999998967632376,-0.5599998967632376
2.6017601760176015,-0.5799998973681295,-0.5999998973681295,-0.5599998973681295
2.6028602860286028,-0.5799998979694772,-0.5999998979694772,-0.5599998979694771
2.6039603960396036,-0.5799998985673014,-0.5999998985673014,-0.5599998985673014
2.605060506050605,-0.5799998991616229,-0.5999998991616229,-0.5599998991616228
2.6061606160616058,-0.5799998997524619,-0.5999998997524619,-0.5599998997524619
2.607260726072607,-0.5799999003398392,-0.5999999003398392,-0.5599999003398392
2.6083608360836084,-0.5799999009237748,-0.5999999009237749,-0.5599999009237748
2.609460946094609,-0.579999901504289,-0.5999999015042891,-0.559999901504289
2.6105610561056105,-0.5799999020814018,-0.5999999020814019,-0.5599999020814018
2.6116611661166114,-0.5799999026551332,-0.5999999026551333,-0.5599999026551332
2.6127612761276127,-0.579999903225503,-0.599999903225503,-0.559999903225503
2.6138613861386135,-0.5799999037925307,-0.5999999037925308,-0.5599999037925307
2.614961496149615,-0.5799999043562362,-0.5999999043562362,-0.5599999043562361
2.6160616061606157,-0.5799999049166387,-0.5999999049166387,-0.5599999049166386
2.617161716171617,-0.5799999054737576,-0.5999999054737576,-0.5599999054737576
2.6182618261826183,-0.5799999060276122,-0.5999999060276122,-0.5599999060276122
2.619361936193619,-0.5799999065782218,-0.5999999065782218,-0.5599999065782217
2.6204620462046204,-0.579999907125605,-0.599999907125605,-0.559999907125605
2.6215621562156213,-0.579999907669781,-0.5999999076697811,-0.559999907669781
2.6226622662266226,-0.5799999082107685,-0.5999999082107685,-0.5599999082107685
2.6237623762376234,-0.5799999087485863,-0.5999999087485863,-0.5599999087485863
2.6248624862486247,-0.5799999092832528,-0.5999999092832529,-0.5599999092832528
2.6259625962596256,-0.5799999098147867,-0.5999999098147867,-0.5599999098147866
2.627062706270627,-0.5799999103432061,-0.5999999103432061,-0.5599999103432061
2.628162816281628,-0.5799999108685293,-0.5999999108685293,-0.5599999108685293
2.629262926292629,-0.5799999113907746,-0.5999999113907746,-0.5599999113907745
2.6303630363036303,-0.5799999119099597,-0.5999999119099597,-0.5599999119099597
2.631463146314631,-0.5799999124261029,-0.599999912426103,-0.5599999124261029
2.6325632563256325,-0.5799999129392219,-0.599999912939222,-0.5599999129392219
2.6336633663366333,-0.5799999134493344,-0.5999999134493345,-0.5599999134493344
2.6347634763476346,-0.579999913956458,-0.599999913956458,-0.559999913956458
2.6358635863586355,-0.5799999144606103,-0.5999999144606103,-0.5599999144606103
2.636963696369637,-0.5799999149618085,-0.5999999149618085,-0.5599999149618085
2.638063806380638,-0.5799999154600701,-0.5999999154600701,-0.5599999154600701
2.639163916391639,-0.5799999159554122,-0.5999999159554122,-0.5599999159554122
2.6402640264026402,-0.5799999164478521,-0.5999999164478521,-0.5599999164478521
2.641364136413641,-0.5799999169374066,-0.5999999169374066,-0.5599999169374066
2.6424642464246424,-0.5799999174240926,-0.5999999174240926,-0.5599999174240926
2.6435643564356432,-0.579999917907927,-0.5999999179079271,-0.559999917907927
2.6446644664466445,-0.5799999183889265,-0.5999999183889265,-0.5599999183889265
2.6457645764576454,-0.5799999188671077,-0.5999999188671077,-0.5599999188671076
2.6468646864686467,-0.5799999193424872,-0.5999999193424872,-0.5599999193424872
2.6479647964796476,-0.5799999198150811,-0.5999999198150812,-0.5599999198150811
2.649064906490649,-0.5799999202849061,-0.5999999202849061,-0.5599999202849061
2.65016501650165,-0.5799999207519783,-0.5999999207519783,-0.5599999207519782
2.651265126512651,-0.5799999212163137,-0.5999999212163137,-0.5599999212163137
2.6523652365236523,-0.5799999216779285,-0.5999999216779285,-0.5599999216779284
2.653465346534653,-0.5799999221368386,-0.5999999221368386,-0.5599999221368386
2.6545654565456545,-0.5799999225930598,-0.5999999225930598,-0.5599999225930598
2.6556655665566553,-0.5799999230466077,-0.5999999230466078,-0.5599999230466077
2.6567656765676566,-0.5799999234974984,-0.5999999234974984,-0.5599999234974984
2.6578657865786575,-0.5799999239457471,-0.5999999239457471,-0.559999923945747
2.6589658965896588,-0.5799999243913694,-0.5999999243913694,-0.5599999243913694
2.66006600660066,-0.5799999248343807,-0.5999999248343807,-0.5599999248343807
2.661166116611661,-0.5799999252747962,-0.5999999252747962,-0.5599999252747961
2.662266226622662,-0.5799999257126313,-0.5999999257126313,-0.5599999257126312
2.663366336633663,-0.5799999261479009,-0.5999999261479009,-0.5599999261479008
2.6644664466446644,-0.5799999265806202,-0.5999999265806202,-0.5599999265806201
2.665566556655665,-0.579999927010804,-0.5999999270108041,-0.559999927010804
2.6666666666666665,-0.5799999274384673,-0.5999999274384673,-0.5599999274384673
2.6677667766776674,-0.5799999278636249,-0.5999999278636249,-0.5599999278636248
2.6688668866886687,-0.5799999282862912,-0.5999999282862912,-0.5599999282862912
2.66996699669967,-0.5799999287064811,-0.5999999287064811,-0.5599999287064811
2.671067106710671,-0.579999929124209,-0.599999929124209,-0.5599999291242089
2.672167216721672,-0.5799999295394893,-0.5999999295394893,-0.5599999295394893
2.673267326732673,-0.5799999299523364,-0.5999999299523364,-0.5599999299523364
2.6743674367436743,-0.5799999303627644,-0.5999999303627644,-0.5599999303627644
2.675467546754675,-0.5799999307707877,-0.5999999307707877,-0.5599999307707877
2.6765676567656764,-0.5799999311764202,-0.5999999311764203,-0.5599999311764202
2.6776677667766773,-0.5799999315796761,-0.5999999315796761,-0.5599999315796761
2.6787678767876786,-0.5799999319805691,-0.5999999319805691,-0.5599999319805691
2.67986798679868,-0.5799999323791132,-0.5999999323791132,-0.5599999323791132
2.6809680968096807,-0.5799999327753221,-0.5999999327753222,-0.5599999327753221
2.682068206820682,-0.5799999331692096,-0.5999999331692096,-0.5599999331692096
2.683168316831683,-0.5799999335607892,-0.5999999335607892,-0.5599999335607891
2.684268426842684,-0.5799999339500743,-0.5999999339500743,-0.5599999339500743
2.685368536853685,-0.5799999343370786,-0.5999999343370787,-0.5599999343370786
2.6864686468646863,-0.5799999347218153,-0.5999999347218153,-0.5599999347218153
2.687568756875687,-0.5799999351042977,-0.5999999351042977,-0.5599999351042977
2.6886688668866885,-0.5799999354845391,-0.5999999354845391,-0.5599999354845391
2.68976897689769,-0.5799999358625525,-0.5999999358625525,-0.5599999358625525
2.6908690869086906,-0.579999936238351,-0.599999936238351,-0.559999936238351
2.691969196919692,-0.5799999366119476,-0.5999999366119476,-0.5599999366119476
2.693069306930693,-0.5799999369833553,-0.5999999369833553,-0.5599999369833553
2.694169416941694,-0.5799999373525867,-0.5999999373525867,-0.5599999373525867
2.695269526952695,-0.5799999377196547,-0.5999999377196548,-0.5599999377196547
2.6963696369636962,-0.579999938084572,-0.599999938084572,-0.5599999380845719
2.697469746974697,-0.5799999384473511,-0.5999999384473511,-0.5599999384473511
2.6985698569856984,-0.5799999388080046,-0.5999999388080046,-0.5599999388080046
2.6996699669966993,-0.5799999391665449,-0.5999999391665449,-0.5599999391665449
2.7007700770077006,-0.5799999395229845,-0.5999999395229845,-0.5599999395229844
2.701870187018702,-0.5799999398773356,-0.5999999398773356,-0.5599999398773355
2.7029702970297027,-0.5799999402296104,-0.5999999402296105,-0.5599999402296104
2.704070407040704,-0.5799999405798212,-0.5999999405798212,-0.5599999405798212
2.705170517051705,-0.57999994092798,-0.59999994092798,-0.55999994092798
2.706270627062706,-0.5799999412740988,-0.5999999412740988,-0.5599999412740988
2.707370737073707,-0.5799999416181897,-0.5999999416181897,-0.5599999416181897
2.7084708470847083,-0.5799999419602644,-0.5999999419602644,-0.5599999419602644
2.709570957095709,-0.5799999423003348,-0.5999999423003348,-0.5599999423003348
2.7106710671067105,-0.5799999426384126,-0.5999999426384126,-0.5599999426384126
2.7117711771177118,-0.5799999429745095,-0.5999999429745095,-0.5599999429745095
2.7128712871287126,-0.5799999433086371,-0.5999999433086372,-0.5599999433086371
2.713971397139714,-0.5799999436408071,-0.5999999436408071,-0.5599999436408071
2.7150715071507148,-0.5799999439710307,-0.5999999439710307,-0.5599999439710307
2.716171617161716,-0.5799999442993196,-0.5999999442993196,-0.5599999442993195
2.717271727172717,-0.5799999446256848,-0.5999999446256848,-0.5599999446256848
2.718371837183718,-0.5799999449501377,-0.5999999449501378,-0.5599999449501377
2.719471947194719,-0.5799999452726897,-0.5999999452726897,-0.5599999452726897
2.7205720572057204,-0.5799999455933517,-0.5999999455933517,-0.5599999455933516
2.7216721672167217,-0.5799999459121349,-0.5999999459121349,-0.5599999459121349
2.7227722772277225,-0.5799999462290502,-0.5999999462290502,-0.5599999462290501
2.723872387238724,-0.5799999465441086,-0.5999999465441086,-0.5599999465441086
2.7249724972497247,-0.579999946857321,-0.599999946857321,-0.559999946857321
2.726072607260726,-0.5799999471686983,-0.5999999471686983,-0.5599999471686983
2.727172717271727,-0.5799999474782511,-0.5999999474782511,-0.5599999474782511
2.728272827282728,-0.5799999477859901,-0.5999999477859901,-0.55999994778599
2.729372937293729,-0.579999948091926,-0.599999948091926,-0.559999948091926
2.7304730473047303,-0.5799999483960694,-0.5999999483960694,-0.5599999483960694
2.7315731573157316,-0.5799999486984306,-0.5999999486984307,-0.5599999486984306
2.7326732673267324,-0.5799999489990203,-0.5999999489990203,-0.5599999489990203
2.7337733773377337,-0.5799999492978488,-0.5999999492978488,-0.5599999492978488
2.7348734873487346,-0.5799999495949263,-0.5999999495949263,-0.5599999495949263
2.735973597359736,-0.5799999498902632,-0.5999999498902632,-0.5599999498902631
2.7370737073707367,-0.5799999501838695,-0.5999999501838695,-0.5599999501838695
2.738173817381738,-0.5799999504757557,-0.5999999504757557,-0.5599999504757557
2.739273927392739,-0.5799999507659315,-0.5999999507659315,-0.5599999507659315
2.74037403740374,-0.5799999510544072,-0.5999999510544072,-0.5599999510544071
2.7414741474147415,-0.5799999513411925,-0.5999999513411926,-0.5599999513411925
2.7425742574257423,-0.5799999516262975,-0.5999999516262975,-0.5599999516262975
2.7436743674367436,-0.5799999519097321,-0.5999999519097321,-0.5599999519097321
2.7447744774477445,-0.5799999521915058,-0.5999999521915058,-0.5599999521915058
2.745874587458746,-0.5799999524716286,-0.5999999524716286,-0.5599999524716286
2.7469746974697467,-0.5799999527501102,-0.5999999527501102,-0.5599999527501102
2.748074807480748,-0.57999995302696,-0.59999995302696,-0.5599999530269599
2.749174917491749,-0.5799999533021876,-0.5999999533021876,-0.5599999533021875
2.75027502750275,-0.5799999535758026,-0.5999999535758026,-0.5599999535758026
2.751375137513751,-0.5799999538478144,-0.5999999538478145,-0.5599999538478144
2.7524752475247523,-0.5799999541182325,-0.5999999541182325,-0.5599999541182324
2.7535753575357536,-0.5799999543870661,-0.5999999543870661,-0.5599999543870661
2.7546754675467544,-0.5799999546543245,-0.5999999546543245,-0.5599999546543245
2.7557755775577557,-0.579999954920017,-0.599999954920017,-0.559999954920017
2.7568756875687566,-0.5799999551841528,-0.5999999551841528,-0.5599999551841528
2.757975797579758,-0.5799999554467409,-0.5999999554467409,-0.5599999554467409
2.7590759075907587,-0.5799999557077904,-0.5999999557077904,-0.5599999557077904
2.76017601760176,-0.5799999559673104,-0.5999999559673104,-0.5599999559673103
2.761276127612761,-0.5799999562253096,-0.5999999562253097,-0.5599999562253096
2.762376237623762,-0.5799999564817974,-0.5999999564817974,-0.5599999564817973
2.7634763476347635,-0.5799999567367822,-0.5999999567367822,-0.5599999567367822
2.7645764576457643,-0.579999956990273,-0.599999956990273,-0.5599999569902729
2.7656765676567656,-0.5799999572422785,-0.5999999572422785,-0.5599999572422785
2.7667766776677665,-0.5799999574928075,-0.5999999574928075,-0.5599999574928075
2.7678767876787678,-0.5799999577418685,-0.5999999577418685,-0.5599999577418685
2.7689768976897686,-0.5799999579894703,-0.5999999579894704,-0.5599999579894703
2.77007700770077,-0.5799999582356212,-0.5999999582356212,-0.5599999582356212
2.7711771177117708,-0.5799999584803299,-0.5999999584803299,-0.5599999584803299
2.772277227722772,-0.5799999587236049,-0.5999999587236049,-0.5599999587236049
2.7733773377337734,-0.5799999589654543,-0.5999999589654543,-0.5599999589654543
2.7744774477447742,-0.5799999592058868,-0.5999999592058868,-0.5599999592058867
2.7755775577557755,-0.5799999594449105,-0.5999999594449105,-0.5599999594449104
2.7766776677667764,-0.5799999596825336,-0.5999999596825336,-0.5599999596825336
2.7777777777777777,-0.5799999599187645,-0.5999999599187645,-0.5599999599187645
2.7788778877887785,-0.5799999601536112,-0.5999999601536112,-0.5599999601536112
2.77997799779978,-0.5799999603870819,-0.5999999603870819,-0.5599999603870819
2.7810781078107807,-0.5799999606191846,-0.5999999606191846,-0.5599999606191846
2.782178217821782,-0.5799999608499274,-0.5999999608499275,-0.5599999608499274
2.7832783278327833,-0.5799999610793182,-0.5999999610793182,-0.5599999610793182
2.784378437843784,-0.579999961307365,-0.599999961307365,-0.559999961307365
2.7854785478547854,-0.5799999615340754,-0.5999999615340754,-0.5599999615340754
2.7865786578657863,-0.5799999617594577,-0.5999999617594577,-0.5599999617594577
2.7876787678767876,-0.5799999619835192,-0.5999999619835192,-0.5599999619835192
2.7887788778877884,-0.579999962206268,-0.5999999622062681,-0.559999962206268
2.7898789878987897,-0.5799999624277117,-0.5999999624277117,-0.5599999624277117
2.7909790979097906,-0.5799999626478578,-0.5999999626478578,-0.5599999626478578
2.792079207920792,-0.5799999628667141,-0.5999999628667141,-0.559999962866714
2.793179317931793,-0.5799999630842879,-0.5999999630842879,-0.5599999630842879
2.794279427942794,-0.579999963300587,-0.599999963300587,-0.559999963300587
2.7953795379537953,-0.5799999635156187,-0.5999999635156187,-0.5599999635156186
2.796479647964796,-0.5799999637293904,-0.5999999637293905,-0.5599999637293904
2.7975797579757975,-0.5799999639419098,-0.5999999639419098,-0.5599999639419098
2.7986798679867984,-0.5799999641531838,-0.5999999641531838,-0.5599999641531838
2.7997799779977997,-0.5799999643632199,-0.5999999643632199,-0.5599999643632199
2.8008800880088005,-0.5799999645720254,-0.5999999645720254,-0.5599999645720254
2.801980198019802,-0.5799999647796074,-0.5999999647796074,-0.5599999647796073
2.8030803080308027,-0.5799999649859731,-0.5999999649859731,-0.559999964985973
2.804180418041804,-0.5799999651911297,-0.5999999651911297,-0.5599999651911297
2.8052805280528053,-0.5799999653950842,-0.5999999653950843,-0.5599999653950842
2.806380638063806,-0.5799999655978437,-0.5999999655978437,-0.5599999655978437
2.8074807480748074,-0.5799999657994152,-0.5999999657994152,-0.5599999657994151
2.8085808580858083,-0.5799999659998056,-0.5999999659998057,-0.5599999659998056
2.8096809680968096,-0.5799999661990218,-0.5999999661990219,-0.5599999661990218
2.8107810781078104,-0.5799999663970709,-0.5999999663970709,-0.5599999663970708
2.8118811881188117,-0.5799999665939595,-0.5999999665939595,-0.5599999665939595
2.8129812981298126,-0.5799999667896945,-0.5999999667896945,-0.5599999667896944
2.814081408140814,-0.5799999669842826,-0.5999999669842826,-0.5599999669842826
2.815181518151815,-0.5799999671777305,-0.5999999671777305,-0.5599999671777305
2.816281628162816,-0.579999967370045,-0.599999967370045,-0.559999967370045
2.8173817381738173,-0.5799999675612326,-0.5999999675612326,-0.5599999675612326
2.818481848184818,-0.5799999677513001,-0.5999999677513002,-0.5599999677513001
2.8195819581958195,-0.5799999679402539,-0.5999999679402539,-0.5599999679402539
2.8206820682068203,-0.5799999681281005,-0.5999999681281005,-0.5599999681281005
2.8217821782178216,-0.5799999683148466,-0.5999999683148466,-0.5599999683148466
2.8228822882288225,-0.5799999685004984,-0.5999999685004984,-0.5599999685004984
2.8239823982398238,-0.5799999686850624,-0.5999999686850624,-0.5599999686850624
2.825082508250825,-0.5799999688685451,-0.5999999688685451,-0.5599999688685451
2.826182618261826,-0.5799999690509526,-0.5999999690509527,-0.5599999690509526
2.8272827282728272,-0.5799999692322915,-0.5999999692322915,-0.5599999692322915
2.828382838283828,-0.5799999694125677,-0.5999999694125677,-0.5599999694125677
2.8294829482948294,-0.5799999695917877,-0.5999999695917877,-0.5599999695917877
2.8305830583058302,-0.5799999697699576,-0.5999999697699576,-0.5599999697699576
2.8316831683168315,-0.5799999699470835,-0.5999999699470835,-0.5599999699470835
2.8327832783278324,-0.5799999701231716,-0.5999999701231716,-0.5599999701231716
2.8338833883388337,-0.5799999702982279,-0.5999999702982279,-0.5599999702982279
2.834983498349835,-0.5799999704722586,-0.5999999704722586,-0.5599999704722586
2.836083608360836,-0.5799999706452695,-0.5999999706452696,-0.5599999706452695
2.837183718371837,-0.5799999708172668,-0.5999999708172669,-0.5599999708172668
2.838283828382838,-0.5799999709882563,-0.5999999709882563,-0.5599999709882563
2.8393839383938393,-0.5799999711582439,-0.5999999711582439,-0.5599999711582438
2.84048404840484,-0.5799999713272355,-0.5999999713272355,-0.5599999713272354
2.8415841584158414,-0.579999971495237,-0.599999971495237,-0.559999971495237
2.8426842684268423,-0.579999971662254,-0.599999971662254,-0.559999971662254
2.8437843784378436,-0.5799999718282924,-0.5999999718282925,-0.5599999718282924
2.844884488448845,-0.5799999719933581,-0.5999999719933581,-0.559999971993358
2.8459845984598457,-0.5799999721574565,-0.5999999721574565,-0.5599999721574564
2.847084708470847,-0.5799999723205934,-0.5999999723205934,-0.5599999723205934
2.848184818481848,-0.5799999724827745,-0.5999999724827745,-0.5599999724827744
2.849284928492849,-0.5799999726440053,-0.5999999726440053,-0.5599999726440053
2.85038503850385,-0.5799999728042915,-0.5999999728042915,-0.5599999728042915
2.8514851485148514,-0.5799999729636384,-0.5999999729636384,-0.5599999729636383
2.852585258525852,-0.5799999731220518,-0.5999999731220518,-0.5599999731220517
2.8536853685368535,-0.5799999732795368,-0.5999999732795368,-0.5599999732795368
2.8547854785478544,-0.5799999734360992,-0.5999999734360992,-0.5599999734360992
2.8558855885588557,-0.5799999735917443,-0.5999999735917443,-0.5599999735917442
2.856985698569857,-0.5799999737464773,-0.5999999737464773,-0.5599999737464773
2.858085808580858,-0.5799999739003038,-0.5999999739003038,-0.5599999739003038
2.859185918591859,-0.5799999740532289,-0.5999999740532289,-0.5599999740532289
2.86028602860286,-0.579999974205258,-0.599999974205258,-0.5599999742052579
2.8613861386138613,-0.5799999743563963,-0.5999999743563963,-0.5599999743563963
2.862486248624862,-0.5799999745066491,-0.5999999745066491,-0.5599999745066491
2.8635863586358634,-0.5799999746560214,-0.5999999746560214,-0.5599999746560214
2.8646864686468643,-0.5799999748045186,-0.5999999748045186,-0.5599999748045186
2.8657865786578656,-0.5799999749521457,-0.5999999749521457,-0.5599999749521457
2.866886688668867,-0.5799999750989078,-0.5999999750989078,-0.5599999750989078
2.8679867986798677,-0.57999997524481,-0.59999997524481,-0.5599999752448099
2.869086908690869,-0.5799999753898573,-0.5999999753898573,-0.5599999753898572
2.87018701870187,-0.5799999755340548,-0.5999999755340548,-0.5599999755340548
2.871287128712871,-0.5799999756774072,-0.5999999756774073,-0.5599999756774072
2.872387238723872,-0.5799999758199199,-0.5999999758199199,-0.5599999758199199
2.8734873487348733,-0.5799999759615975,-0.5999999759615975,-0.5599999759615975
2.874587458745874,-0.5799999761024449,-0.5999999761024449,-0.5599999761024449
2.8756875687568755,-0.5799999762424671,-0.5999999762424671,-0.5599999762424671
2.8767876787678768,-0.5799999763816689,-0.5999999763816689,-0.5599999763816689
2.8778877887788776,-0.579999976520055,-0.599999976520055,-0.559999976520055
2.878987898789879,-0.5799999766576304,-0.5999999766576304,-0.5599999766576303
2.88008800880088,-0.5799999767943995,-0.5999999767943995,-0.5599999767943995
2.881188118811881,-0.5799999769303674,-0.5999999769303674,-0.5599999769303674
2.882288228822882,-0.5799999770655386,-0.5999999770655386,-0.5599999770655386
2.8833883388338832,-0.5799999771999177,-0.5999999771999177,-0.5599999771999177
2.884488448844884,-0.5799999773335095,-0.5999999773335095,-0.5599999773335095
2.8855885588558854,-0.5799999774663186,-0.5999999774663186,-0.5599999774663186
2.8866886688668867,-0.5799999775983495,-0.5999999775983496,-0.5599999775983495
2.8877887788778875,-0.5799999777296068,-0.5999999777296068,-0.5599999777296067
2.888888888888889,-0.579999977860095,-0.5999999778600951,-0.559999977860095
2.8899889988998897,-0.5799999779898186,-0.5999999779898186,-0.5599999779898186
2.891089108910891,-0.5799999781187822,-0.5999999781187823,-0.5599999781187822
2.892189218921892,-0.5799999782469901,-0.5999999782469901,-0.5599999782469901
2.893289328932893,-0.5799999783744468,-0.5999999783744469,-0.5599999783744468
2.894389438943894,-0.5799999785011568,-0.5999999785011568,-0.5599999785011568
2.8954895489548953,-0.5799999786271243,-0.5999999786271243,-0.5599999786271243
2.8965896589658966,-0.5799999787523538,-0.5999999787523538,-0.5599999787523537
2.8976897689768975,-0.5799999788768494,-0.5999999788768494,-0.5599999788768494
2.8987898789878987,-0.5799999790006156,-0.5999999790006156,-0.5599999790006156
2.8998899889988996,-0.5799999791236566,-0.5999999791236567,-0.5599999791236566
2.900990099009901,-0.5799999792459767,-0.5999999792459767,-0.5599999792459767
2.9020902090209018,-0.5799999793675801,-0.5999999793675801,-0.5599999793675801
2.903190319031903,-0.579999979488471,-0.5999999794884711,-0.559999979488471
2.904290429042904,-0.5799999796086536,-0.5999999796086536,-0.5599999796086536
2.905390539053905,-0.5799999797281319,-0.5999999797281319,-0.5599999797281319
2.906490649064906,-0.5799999798469102,-0.5999999798469102,-0.5599999798469102
2.9075907590759074,-0.5799999799649926,-0.5999999799649927,-0.5599999799649926
2.9086908690869087,-0.5799999800823831,-0.5999999800823831,-0.559999980082383
2.9097909790979095,-0.5799999801990858,-0.5999999801990858,-0.5599999801990858
2.910891089108911,-0.5799999803151047,-0.5999999803151047,-0.5599999803151047
2.9119911991199117,-0.5799999804304438,-0.5999999804304438,-0.5599999804304437
2.913091309130913,-0.579999980545107,-0.5999999805451071,-0.559999980545107
2.914191419141914,-0.5799999806590985,-0.5999999806590985,-0.5599999806590985
2.915291529152915,-0.579999980772422,-0.599999980772422,-0.559999980772422
2.916391639163916,-0.5799999808850815,-0.5999999808850816,-0.5599999808850815
2.9174917491749173,-0.579999980997081,-0.5999999809970811,-0.559999980997081
2.9185918591859186,-0.5799999811084242,-0.5999999811084242,-0.5599999811084242
2.9196919691969194,-0.579999981219115,-0.599999981219115,-0.559999981219115
2.9207920792079207,-0.5799999813291573,-0.5999999813291573,-0.5599999813291573
2.9218921892189216,-0.5799999814385548,-0.5999999814385548,-0.5599999814385548
2.922992299229923,-0.5799999815473112,-0.5999999815473113,-0.5599999815473112
2.9240924092409237,-0.5799999816554305,-0.5999999816554306,-0.5599999816554305
2.925192519251925,-0.5799999817629162,-0.5999999817629162,-0.5599999817629162
2.926292629262926,-0.5799999818697722,-0.5999999818697722,-0.5599999818697722
2.927392739273927,-0.5799999819760021,-0.5999999819760021,-0.5599999819760021
2.9284928492849285,-0.5799999820816095,-0.5999999820816095,-0.5599999820816095
2.9295929592959293,-0.5799999821865982,-0.5999999821865982,-0.5599999821865982
2.9306930693069306,-0.5799999822909717,-0.5999999822909717,-0.5599999822909717
2.9317931793179315,-0.5799999823947337,-0.5999999823947337,-0.5599999823947337
2.932893289328933,-0.5799999824978876,-0.5999999824978877,-0.5599999824978876
2.9339933993399336,-0.5799999826004373,-0.5999999826004373,-0.5599999826004373
2.935093509350935,-0.579999982702386,-0.599999982702386,-0.5599999827023859
2.936193619361936,-0.5799999828037373,-0.5999999828037373,-0.5599999828037373
2.937293729372937,-0.5799999829044948,-0.5999999829044949,-0.5599999829044948
2.9383938393839384,-0.579999983004662,-0.5999999830046621,-0.559999983004662
2.9394939493949392,-0.5799999831042423,-0.5999999831042423,-0.5599999831042423
2.9405940594059405,-0.579999983203239,-0.599999983203239,-0.559999983203239
2.9416941694169414,-0.5799999833016558,-0.5999999833016558,-0.5599999833016558
2.9427942794279427,-0.5799999833994959,-0.5999999833994959,-0.5599999833994959
2.9438943894389435,-0.5799999834967626,-0.5999999834967626,-0.5599999834967626
2.944994499449945,-0.5799999835934595,-0.5999999835934595,-0.5599999835934595
2.9460946094609457,-0.5799999836895899,-0.59999998368959,-0.5599999836895899
2.947194719471947,-0.5799999837851569,-0.599999983785157,-0.5599999837851569
2.9482948294829483,-0.579999983880164,-0.5999999838801641,-0.559999983880164
2.949394939493949,-0.5799999839746145,-0.5999999839746145,-0.5599999839746145
2.9504950495049505,-0.5799999840685116,-0.5999999840685116,-0.5599999840685116
2.9515951595159513,-0.5799999841618584,-0.5999999841618584,-0.5599999841618584
2.9526952695269526,-0.5799999842546584,-0.5999999842546584,-0.5599999842546584
2.9537953795379535,-0.5799999843469146,-0.5999999843469146,-0.5599999843469146
2.9548954895489548,-0.5799999844386302,-0.5999999844386302,-0.5599999844386302
2.9559955995599556,-0.5799999845298084,-0.5999999845298084,-0.5599999845298084
2.957095709570957,-0.5799999846204524,-0.5999999846204525,-0.5599999846204524
2.9581958195819578,-0.5799999847105654,-0.5999999847105654,-0.5599999847105653
2.959295929592959,-0.5799999848001502,-0.5999999848001503,-0.5599999848001502
2.9603960396039604,-0.5799999848892102,-0.5999999848892102,-0.5599999848892102
2.961496149614961,-0.5799999849777484,-0.5999999849777484,-0.5599999849777484
2.9625962596259625,-0.5799999850657678,-0.5999999850657678,-0.5599999850657678
2.9636963696369634,-0.5799999851532714,-0.5999999851532715,-0.5599999851532714
2.9647964796479647,-0.5799999852402624,-0.5999999852402624,-0.5599999852402624
2.9658965896589655,-0.5799999853267437,-0.5999999853267437,-0.5599999853267437
2.966996699669967,-0.5799999854127182,-0.5999999854127183,-0.5599999854127182
2.9680968096809677,-0.5799999854981891,-0.5999999854981891,-0.5599999854981891
2.969196919691969,-0.5799999855831591,-0.5999999855831591,-0.5599999855831591
2.9702970297029703,-0.5799999856676312,-0.5999999856676312,-0.5599999856676312
2.971397139713971,-0.5799999857516084,-0.5999999857516084,-0.5599999857516084
2.9724972497249724,-0.5799999858350936,-0.5999999858350936,-0.5599999858350936
2.9735973597359733,-0.5799999859180895,-0.5999999859180896,-0.5599999859180895
2.9746974697469746,-0.5799999860005993,-0.5999999860005993,-0.5599999860005993
2.9757975797579754,-0.5799999860826255,-0.5999999860826255,-0.5599999860826255
2.9768976897689767,-0.5799999861641711,-0.5999999861641712,-0.5599999861641711
2.9779977997799776,-0.579999986245239,-0.599999986245239,-0.559999986245239
2.979097909790979,-0.5799999863258318,-0.5999999863258318,-0.5599999863258318
2.98019801980198,-0.5799999864059524,-0.5999999864059524,-0.5599999864059524
2.981298129812981,-0.5799999864856036,-0.5999999864856036,-0.5599999864856036
2.9823982398239823,-0.5799999865647881,-0.5999999865647881,-0.5599999865647881
2.983498349834983,-0.5799999866435086,-0.5999999866435086,-0.5599999866435086
2.9845984598459845,-0.5799999867217679,-0.5999999867217679,-0.5599999867217679
2.9856985698569853,-0.5799999867995687,-0.5999999867995687,-0.5599999867995686
2.9867986798679866,-0.5799999868769135,-0.5999999868769135,-0.5599999868769134
2.9878987898789875,-0.5799999869538052,-0.5999999869538052,-0.5599999869538052
2.988998899889989,-0.5799999870302464,-0.5999999870302464,-0.5599999870302463
2.99009900990099,-0.5799999871062396,-0.5999999871062396,-0.5599999871062395
2.991199119911991,-0.5799999871817876,-0.5999999871817876,-0.5599999871817876
2.9922992299229922,-0.579999987256893,-0.599999987256893,-0.5599999872568929
2.993399339933993,-0.5799999873315582,-0.5999999873315582,-0.5599999873315582
2.9944994499449944,-0.5799999874057861,-0.5999999874057861,-0.559999987405786
2.9955995599559953,-0.5799999874795789,-0.599999987479579,-0.5599999874795789
2.9966996699669965,-0.5799999875529395,-0.5999999875529395,-0.5599999875529394
2.9977997799779974,-0.5799999876258701,-0.5999999876258701,-0.5599999876258701
2.9988998899889987,-0.5799999876983735,-0.5999999876983735,-0.5599999876983734
3.0,-0.579999987770452,-0.599999987770452,-0.559999987770452
3.0011001100110013,-0.5799999878421083,-0.5999999878421083,-0.5599999878421082
3.0022002200220017,-0.5799999879133446,-0.5999999879133446,-0.5599999879133446
3.003300330033003,-0.5799999879841635,-0.5999999879841635,-0.5599999879841635
3.0044004400440043,-0.5799999880545675,-0.5999999880545676,-0.5599999880545675
3.0055005500550056,-0.579999988124559,-0.599999988124559,-0.559999988124559
3.006600660066006,-0.5799999881941404,-0.5999999881941405,-0.5599999881941404
3.0077007700770073,-0.5799999882633141,-0.5999999882633141,-0.5599999882633141
3.0088008800880086,-0.5799999883320826,-0.5999999883320826,-0.5599999883320825
3.00990099009901,-0.579999988400448,-0.599999988400448,-0.559999988400448
3.011001100110011,-0.5799999884684128,-0.5999999884684128,-0.5599999884684128
3.0121012101210116,-0.5799999885359796,-0.5999999885359796,-0.5599999885359795
3.013201320132013,-0.5799999886031503,-0.5999999886031503,-0.5599999886031503
3.014301430143014,-0.5799999886699275,-0.5999999886699275,-0.5599999886699275
3.0154015401540155,-0.5799999887363134,-0.5999999887363134,-0.5599999887363134
3.016501650165016,-0.5799999888023104,-0.5999999888023104,-0.5599999888023104
3.0176017601760172,-0.5799999888679207,-0.5999999888679207,-0.5599999888679207
3.0187018701870185,-0.5799999889331465,-0.5999999889331465,-0.5599999889331465
3.01980198019802,-0.5799999889979902,-0.5999999889979902,-0.5599999889979902
3.020902090209021,-0.5799945621162723,-0.599999988400448,-0.5275961892818691
3.0220022002200215,-0.5799783027701214,-0.599999988400448,-0.5275848123970321
3.023102310231023,-0.579951272028165,-0.599999988400448,-0.5275659101230256
3.024202420242024,-0.5799135652453131,-0.599999988400448,-0.5275395648813184
3.0253025302530254,-0.5798653072098127,-0.599999988400448,-0.5275058840193075
3.026402640264026,-0.5798066478349955,-0.599999988400448,-0.5274649958598802
3.027502750275027,-0.5797377583377875,-0.599999988400448,-0.5274170462160568
3.0286028602860284,-0.5796588278521183,-0.599999988400448,-0.5273621953201566
3.0297029702970297,-0.5795700604308072,-0.599999988400448,-0.5273006151222726
3.030803080308031,-0.5794716723943734,-0.599999988400448,-0.5272324869176342
3.0319031903190314,-0.5793638899895772,-0.599999988400448,-0.527157999266726
3.0330033003300327,-0.5792469473244082,-0.599999988400448,-0.5270773461758644
3.034103410341034,-0.5791210845497324,-0.599999988400448,-0.5269907255093739
3.0352035203520353,-0.5789865462609469,-0.599999988400448,-0.5268983376075763
3.0363036303630357,-0.5788435800957897,-0.599999988400448,-0.5268003840875586
3.037403740374037,-0.5786924355069735,-0.599999988400448,-0.5266970668061479
3.0385038503850383,-0.5785333626905557,-0.599999988400448,-0.5265885869667266
3.0396039603960396,-0.5783666116529739,-0.599999988400448,-0.5264751443534882
3.04070407040704,-0.5781924314014804,-0.599999988400448,-0.526356936678503
3.0418041804180413,-0.5780110692443248,-0.599999988400448,-0.526234159028538
3.0429042904290426,-0.5778227701884776,-0.599999988400448,-0.5261070033999864
3.044004400440044,-0.5776277764239883,-0.599999988400448,-0.5259756583115276
3.0451045104510452,-0.5774263268852227,-0.599999988400448,-0.5258403084852619
3.0462046204620457,-0.5772186568802694,-0.599999988400448,-0.5257011345880795
3.047304730473047,-0.5770049977807298,-0.599999988400448,-0.5255583130259226
3.0484048404840483,-0.5767855767649411,-0.599999988400448,-0.5254120157844052
3.0495049504950495,-0.5765606166084214,-0.599999988400448,-0.5252624103099809
3.05060506050605,-0.5763303355159968,-0.599999988400448,-0.5251096594264856
3.0517051705170513,-0.5760949469906659,-0.599999988400448,-0.5249539212824677
3.0528052805280526,-0.5758546597347858,-0.599999988400448,-0.5247953493252212
3.053905390539054,-0.5756096775796504,-0.599999988400448,-0.524634092297909
3.055005500550055,-0.5753601994399471,-0.599999988400448,-0.5244702942565603
3.0561056105610556,-0.5751064192899719,-0.599999988400448,-0.5243040946041042
3.057205720572057,-0.5748485261588149,-0.599999988400448,-0.5241356281389189
3.058305830583058,-0.5745867041420418,-0.599999988400448,-0.5239650251156751
3.0594059405940595,-0.5743211324276639,-0.599999988400448,-0.5237924113165056
3.06050605060506,-0.5740519853344375,-0.599999988400448,-0.5236179081307667
3.061606160616061,-0.5737794323607501,-0.599999988400448,-0.5234416326418686
3.0627062706270625,-0.5735036382425504,-0.599999988400448,-0.5232636977198273
3.0638063806380638,-0.5732247630189446,-0.599999988400448,-0.5230842121183613
3.064906490649065,-0.5729429621042478,-0.599999988400448,-0.5229032805754986
3.0660066006600655,-0.572658386365412,-0.599999988400448,-0.5227210039167914
3.0671067106710668,-0.572371182203878,-0.599999988400448,-0.5225374791603485
3.068206820682068,-0.5720814916410126,-0.599999988400448,-0.5223527996230023
3.0693069306930694,-0.5717894524063862,-0.599999988400448,-0.5221670550270121
3.07040704070407,-0.5714951980282391,-0.599999988400448,-0.5219803316067934
3.071507150715071,-0.5711988579255605,-0.599999988400448,-0.5217927122152264
3.0726072607260724,-0.5709005575012801,-0.599999988400448,-0.5216042764291706
3.0737073707370737,-0.5706004182361246,-0.599999988400448,-0.5214151006538559
3.074807480748075,-0.5702985577827585,-0.599999988400448,-0.5212252582258827
3.0759075907590754,-0.5699950900598717,-0.599999988400448,-0.5210348195145977
3.0770077007700767,-0.5696901253459211,-0.599999988400448,-0.5208438520216568
3.078107810781078,-0.5693837703722777,-0.599999988400448,-0.5206524204786187
3.0792079207920793,-0.5690761284155579,-0.599999988400448,-0.5204605869424401
3.0803080308030797,-0.568767299388955,-0.599999988400448,-0.5202684108887746
3.081408140814081,-0.5684573799324125,-0.599999988400448,-0.5200759493029964
3.0825082508250823,-0.5681464635015059,-0.599999988400448,-0.5198832567688929
3.0836083608360836,-0.5678346404549183,-0.599999988400448,-0.5196903855549847
3.084708470847085,-0.5675219981404193,-0.599999988400448,-0.5194973856984499
3.0858085808580853,-0.5672086209792697,-0.599999988400448,-0.519304305086642
3.0869086908690866,-0.5668945905489906,-0.599999988400448,-0.5191111895361986
3.088008800880088,-0.5665799856644516,-0.599999988400448,-0.5189180828697565
3.089108910891089,-0.5662648824572369,-0.599999988400448,-0.5187250269902861
3.0902090209020896,-0.5659493544532688,-0.599999988400448,-0.5185320619530747
3.091309130913091,-0.5656334726486653,-0.599999988400448,-0.5183392260353873
3.092409240924092,-0.5653173055838303,-0.599999988400448,-0.5181465558038468
3.0935093509350935,-0.5650009194157655,-0.599999988400448,-0.5179540861795685
3.094609460946095,-0.5646843779886133,-0.599999988400448,-0.5177618505010982
3.095709570957095,-0.5643677429024371,-0.599999988400448,-0.5175698805851994
3.0968096809680965,-0.5640510735802513,-0.599999988400448,-0.5173782067855393
3.097909790979098,-0.5637344273333211,-0.599999988400448,-0.5171868580493258
3.099009900990099,-0.5634178594247479,-0.599999988400448,-0.5169958619719477
3.1001100110010995,-0.5631014231313657,-0.599999988400448,-0.5168052448496697
3.101210121012101,-0.5627851698039732,-0.599999988400448,-0.5166150317304399
3.102310231023102,-0.562469148925931,-0.599999988400448,-0.5164252464628615
3.1034103410341034,-0.562153408170147,-0.599999988400448,-0.5162359117433828
3.1045104510451047,-0.5618379934544865,-0.599999988400448,-0.5160470491617606
3.105610561056105,-0.5615229489956339,-0.599999988400448,-0.5158586792448502
3.1067106710671064,-0.5612083173614394,-0.599999988400448,-0.5156708214987737
3.1078107810781077,-0.5608941395217847,-0.599999988400448,-0.5154834944495218
3.108910891089109,-0.5605804548979968,-0.599999988400448,-0.5152967156820368
3.1100110011001094,-0.5602673014108475,-0.599999988400448,-0.5151105018778299
3.1111111111111107,-0.5599547155271674,-0.599999988400448,-0.5149248688511806
3.112211221122112,-0.559642732305114,-0.599999988400448,-0.5147398315839684
3.1133113311331133,-0.5593313854381194,-0.599999988400448,-0.5145554042591819
3.1144114411441146,-0.5590207072975574,-0.599999988400448,-0.5143716002931529
3.115511551155115,-0.5587107289741574,-0.599999988400448,-0.5141884323665601
3.1166116611661163,-0.5584014803182021,-0.599999988400448,-0.5140059124542445
3.1177117711771176,-0.5580929899785383,-0.599999988400448,-0.5138240518538831
3.118811881188119,-0.5577852854404325,-0.599999988400448,-0.5136428612135562
3.1199119911991193,-0.5574783930623028,-0.599999988400448,-0.5134623505582541
3.1210121012101206,-0.5571723381113577,-0.599999988400448,-0.5132825293153578
3.122112211221122,-0.5568671447981727,-0.599999988400448,-0.5131034063391338
3.1232123212321232,-0.5565628363102316,-0.599999988400448,-0.5129249899342788
3.1243124312431245,-0.5562594348444642,-0.599999988400448,-0.5127472878785482
3.125412541254125,-0.555956961638806,-0.599999988400448,-0.5125703074445049
3.1265126512651262,-0.5556554370028095,-0.599999988400448,-0.5123940554204189
3.1276127612761275,-0.5553548803473339,-0.599999988400448,-0.512218538130352
3.128712871287129,-0.5550553102133382,-0.599999988400448,-0.512043761453456
3.1298129812981292,-0.5547567442998039,-0.599999988400448,-0.5118697308425156
3.1309130913091305,-0.5544591994908136,-0.599999988400448,-0.5116964513417642
3.132013201320132,-0.5541626918818089,-0.599999988400448,-0.5115239276040006
3.133113311331133,-0.553867236805052,-0.599999988400448,-0.511352163907032
3.1342134213421344,-0.5535728488543127,-0.599999988400448,-0.5111811641694713
3.135313531353135,-0.5532795419088061,-0.599999988400448,-0.5110109319659114
3.136413641364136,-0.5529873291564007,-0.599999988400448,-0.5108414705415005
3.1375137513751374,-0.55269622311612,-0.599999988400448,-0.5106727828259437
3.1386138613861387,-0.5524062356599575,-0.599999988400448,-0.5105048714469501
3.139713971397139,-0.5521173780340253,-0.5996859003757378,-0.5103377387431487
3.1408140814081404,-0.5518296608790568,-0.5992486780175975,-0.5101713867764923
3.1419141914191417,-0.5515430942502828,-0.5988128447071632,-0.5100058173441716
3.143014301430143,-0.5512576876366982,-0.5983784233656299,-0.5098410319900551
3.1441144114411435,-0.5509734499797396,-0.5979454360148774,-0.5096770320156758
3.1452145214521448,-0.5506903896913894,-0.5975139038012426,-0.5095138184907818
3.146314631463146,-0.550408514671724,-0.5970838470187062,-0.5093513922634662
3.1474147414741473,-0.5501278323259255,-0.5966552851315141,-0.5091897539698959
3.1485148514851486,-0.5498483495807683,-0.5962282367962402,-0.5090289040436513
3.149614961496149,-0.5495700729005997,-0.595802719883308,-0.508868842724695
3.1507150715071504,-0.5492930083028275,-0.5953787514979821,-0.5087095700679813
3.1518151815181517,-0.5490171613729342,-0.5949563480008457,-0.5085510859517239
3.152915291529153,-0.5487425372790244,-0.5945355250277702,-0.508393390085332
3.1540154015401534,-0.548469140785926,-0.5941162975093947,-0.5082364820170294
3.1551155115511547,-0.5481969762688558,-0.5936986796901246,-0.5080803611411691
3.156215621562156,-0.5479260477266623,-0.5932826851466603,-0.5079250267052537
3.1573157315731573,-0.5476563587946615,-0.5928683268060705,-0.5077704778166771
3.1584158415841586,-0.5473879127570731,-0.5924556169634165,-0.5076167134491919
3.159515951595159,-0.5471207125590745,-0.5920445672989424,-0.5074637324491211
3.1606160616061603,-0.5468547608184783,-0.5916351888948367,-0.5073115335413169
3.1617161716171616,-0.5465900598370526,-0.5912274922515842,-0.5071601153348816
3.162816281628163,-0.5463266116114857,-0.5908214873039075,-0.5070094763286581
3.1639163916391633,-0.5460644178440138,-0.5904171834363161,-0.5068596149164986
3.1650165016501646,-0.5458034799527165,-0.5900145894982675,-0.50671052939232
3.166116611661166,-0.5455437990814945,-0.5896137138189543,-0.5065622179549578
3.167216721672167,-0.5452853761097355,-0.5892145642217228,-0.5064146787128209
3.1683168316831685,-0.5450282116616798,-0.5888171480381316,-0.5062679096883597
3.169416941694169,-0.5447723061154944,-0.5884214721216625,-0.5061219088223528
3.17051705170517,-0.5445176596120639,-0.5880275428610886,-0.5059766739780194
3.1716171617161715,-0.5442642720635078,-0.5876353661935103,-0.5058322029449662
3.1727172717271728,-0.5440121431614318,-0.5872449476170655,-0.5056884934429722
3.173817381738173,-0.5437612723849208,-0.5868562922033234,-0.5055455431256206
3.1749174917491745,-0.5435116590082818,-0.586469404609366,-0.5054033495837817
3.176017601760176,-0.5432633021085467,-0.5860842890895734,-0.5052619103489554
3.177117711771177,-0.543016200572737,-0.585700949507108,-0.5051212228964752
3.1782178217821784,-0.5427703531049031,-0.5853193893451155,-0.504981284648583
3.179317931793179,-0.5425257582329411,-0.5849396117176436,-0.5048420929773761
3.18041804180418,-0.5422824143151972,-0.5845616193802867,-0.504703645207635
3.1815181518151814,-0.542040319546863,-0.5841854147405652,-0.5045659386195337
3.1826182618261827,-0.541799471966171,-0.5838109998680427,-0.5044289704512398
3.183718371837183,-0.5415598694603931,-0.5834383765041896,-0.5042927379014062
3.1848184818481844,-0.5413215097716518,-0.5830675460719973,-0.5041572381315603
3.1859185918591857,-0.541084390502547,-0.5826985096853534,-0.5040224682683953
3.187018701870187,-0.5408485091216054,-0.5823312681581774,-0.5038884254059651
3.1881188118811883,-0.5406138629685577,-0.5819658220133279,-0.5037551066077892
3.1892189218921887,-0.5403804492594482,-0.5816021714912851,-0.50362250890887
3.19031903190319,-0.5401482650915818,-0.5812403165586119,-0.5034906293176248
3.1914191419141913,-0.5399173074483165,-0.5808802569162039,-0.5033594648177394
3.1925192519251926,-0.5396875732037011,-0.5805219920073293,-0.5032290123699419
3.193619361936193,-0.5394590591269663,-0.5801655210254643,-0.5030992689137037
3.1947194719471943,-0.5392317618868725,-0.5798108429219302,-0.5029702313688676
3.1958195819581956,-0.5390056780559195,-0.5794579564133384,-0.5028418966372091
3.196919691969197,-0.5387808041144211,-0.5791068599888439,-0.5027142616039301
3.198019801980198,-0.5385571364544498,-0.5787575519172153,-0.5025873231390897
3.1991199119911986,-0.5383346713836549,-0.5784100302537247,-0.5024610780989758
3.2002200220022,-0.5381134051289577,-0.5780642928468614,-0.5023355233274155
3.201320132013201,-0.5378933338401294,-0.5777203373448757,-0.5022106556570322
3.2024202420242025,-0.5376744535932527,-0.5773781612021541,-0.5020864719104473
3.203520352035203,-0.537456760394072,-0.5770377616854321,-0.5019629689014313
3.204620462046204,-0.5372402501812352,-0.5766991358798468,-0.5018401434360037
3.2057205720572055,-0.5370249188294325,-0.5763622806948363,-0.5017179923134875
3.206820682068207,-0.5368107621524307,-0.5760271928698866,-0.5015965123275159
3.207920792079208,-0.5365977759060118,-0.5756938689801298,-0.5014757002669971
3.2090209020902085,-0.5363859557908142,-0.5753623054418,-0.5013555529170346
3.21012101210121,-0.5361752974550815,-0.5750324985175471,-0.5012360670598097
3.211221122112211,-0.5359657964973241,-0.5747044443216149,-0.501117239475423
3.2123212321232124,-0.5357574484688901,-0.5743781388248842,-0.5009990669426996
3.213421342134213,-0.5355502488764547,-0.5740535778597863,-0.500881546239959
3.214521452145214,-0.5353441931844266,-0.5737307571250876,-0.5007646741457489
3.2156215621562154,-0.5351392768172762,-0.5734096721905527,-0.5006484474395484
3.2167216721672167,-0.5349354951617865,-0.5730903185014844,-0.5005328629024373
3.217821782178218,-0.5347328435692295,-0.5727726913831451,-0.5004179173177368
3.2189218921892184,-0.5345313173574706,-0.5724567860450657,-0.5003036074716197
3.2200220022002197,-0.5343309118130039,-0.5721425975852374,-0.5001899301536934
3.221122112211221,-0.5341316221929189,-0.5718301209941995,-0.5000768821575555
3.2222222222222223,-0.533933443726802,-0.5715193511590159,-0.4999644602813248
3.2233223322332227,-0.5337363716185747,-0.5712102828671486,-0.49985266132814554
3.224422442244224,-0.5335404010482689,-0.5709029108102295,-0.49974148210666947
3.2255225522552253,-0.5333455271737447,-0.5705972295877338,-0.49963091943151494
3.2266226622662266,-0.5331517451323484,-0.5702932337105547,-0.49952097012370344
3.227722772277228,-0.532959050042515,-0.5699909176044852,-0.4994116310110758
3.2288228822882283,-0.5327674370053168,-0.5696902756136066,-0.49930289892868784
3.2299229922992296,-0.5325769011059588,-0.569391302003588,-0.4991947707191867
3.231023102310231,-0.5323874374152233,-0.5690939909648982,-0.49908724323316933
3.2321232123212322,-0.5321990409908653,-0.5687983366159316,-0.498980313329522
3.2332233223322326,-0.5320117068789595,-0.5685043330060506,-0.49887397787574383
3.234323432343234,-0.5318254301152003,-0.568211974118547,-0.49876823374825296
3.2354235423542352,-0.5316402057261593,-0.5679212538735242,-0.49866307783267805
3.2365236523652365,-0.5314560287304959,-0.5676321661307027,-0.49855850702413407
3.237623762376238,-0.5312728941401281,-0.5673447046921477,-0.49845451822748343
3.2387238723872382,-0.5310907969613613,-0.5670588633049265,-0.4983511083575841
3.2398239823982395,-0.5309097321959774,-0.5667746356636907,-0.498248274339523
3.240924092409241,-0.530729694842286,-0.566492015413192,-0.49814601310883855
3.242024202420242,-0.5305506798961385,-0.5662109961507265,-0.4980443216117293
3.2431243124312426,-0.5303726823519049,-0.5659315714285146,-0.4979431968052518
3.244224422442244,-0.5301956972034172,-0.5656537347560144,-0.4978426356575064
3.245324532453245,-0.530019719444878,-0.565377479602174,-0.49774263514781336
3.2464246424642464,-0.5298447440717368,-0.5651027993976192,-0.4976431922668778
3.247524752475247,-0.5296707660815336,-0.5648296875367835,-0.49754430401694494
3.248624862486248,-0.529497780474714,-0.5645581373799784,-0.49744596741194547
3.2497249724972495,-0.5293257822554107,-0.5642881422554055,-0.49734817947763277
3.2508250825082508,-0.5291547664322005,-0.5640196954611147,-0.49725093725171055
3.251925192519252,-0.52898472801883,-0.5637527902669072,-0.4971542377839523
3.2530253025302525,-0.5288156620349157,-0.5634874199161842,-0.497058078136313
3.2541254125412538,-0.5286475635066173,-0.5632235776277457,-0.4969624553830324
3.255225522552255,-0.5284804274672865,-0.5629612565975377,-0.4968673666107324
3.2563256325632564,-0.5283142489580898,-0.5627004500003512,-0.49677280891850517
3.2574257425742568,-0.5281490230286087,-0.5624411509914712,-0.4966787794179973
3.258525852585258,-0.5279847447374161,-0.5621833527082821,-0.4965852752334845
3.2596259625962594,-0.5278214091526302,-0.5619270482718237,-0.49649229350194224
3.2607260726072607,-0.527659011352448,-0.5616722307883065,-0.49639983137311006
3.261826182618262,-0.5274975464256559,-0.5614188933505808,-0.4963078860095489
3.2629262926292624,-0.527337009472122,-0.5611670290395654,-0.49621645458669517
3.2640264026402637,-0.5271773956032667,-0.5609166309256328,-0.4961255342929072
3.265126512651265,-0.5270186999425162,-0.5606676920699579,-0.49603512232950875
3.2662266226622663,-0.5268609176257364,-0.5604202055258237,-0.49594521591082685
3.2673267326732667,-0.5267040438016491,-0.5601741643398916,-0.4958558122642245
3.268426842684268,-0.5265480736322313,-0.5599295615534322,-0.49576690863013007
3.2695269526952693,-0.5263930022930974,-0.559686390203522,-0.4956785022620619
3.2706270627062706,-0.5262388249738655,-0.5594446433242036,-0.4955905904266492
3.271727172717272,-0.5260855368785078,-0.5592043139476113,-0.4955031704036489
3.2728272827282723,-0.5259331332256859,-0.5589653951050637,-0.4954162394859587
3.2739273927392736,-0.5257816092490715,-0.5587278798281224,-0.49532979497962715
3.275027502750275,-0.5256309601976527,-0.5584917611496211,-0.49524383420385965
3.276127612761276,-0.5254811813360268,-0.5582570321046605,-0.4951583544910222
3.2772277227722766,-0.5253322679446799,-0.5580236857315759,-0.49507335318664125
3.278327832783278,-0.5251842153202527,-0.5577917150728722,-0.4949888276494008
3.279427942794279,-0.5250370187757952,-0.557561113176133,-0.4949047752511371
3.2805280528052805,-0.5248906736410083,-0.5573318730949002,-0.4948211933768304
3.281628162816282,-0.5247451752624739,-0.5571039878895254,-0.49473807942459425
3.282728272827282,-0.5246005190038746,-0.5568774506279972,-0.4946554308056623
3.2838283828382835,-0.524456700246201,-0.5566522543867385,-0.4945732449443727
3.284928492849285,-0.5243137143879492,-0.5564283922513836,-0.4944915192781505
3.286028602860286,-0.5241715568453091,-0.556205857317526,-0.49441025125748816
3.2871287128712865,-0.5240302230523407,-0.5559846426914451,-0.49432943834592324
3.288228822882288,-0.523889708461142,-0.5557647414908075,-0.49424907802001516
3.289328932893289,-0.5237500085420083,-0.5555461468453472,-0.4941691677693194
3.2904290429042904,-0.5236111187835814,-0.5553288518975229,-0.4940897050963605
3.2915291529152917,-0.5234730346929901,-0.5551128498031526,-0.49401068751660304
3.292629262926292,-0.5233357517959842,-0.5548981337320291,-0.4939321125584212
3.2937293729372934,-0.5231992656370574,-0.5546846968685125,-0.4938539777630667
3.2948294829482947,-0.5230635717795651,-0.5544725324121054,-0.49377628068463575
3.295929592959296,-0.5229286658058332,-0.5542616335780064,-0.4936990188900342
3.2970297029702964,-0.5227945433172603,-0.5540519935976453,-0.49362218995894136
3.2981298129812977,-0.5226611999344117,-0.5538436057192003,-0.4935457914837731
3.299229922992299,-0.5225286312971088,-0.5536364632080962,-0.4934698210696432
3.3003300330033003,-0.5223968330645089,-0.553430559347486,-0.4933942763343244
3.3014301430143016,-0.5222658009151815,-0.5532258874387144,-0.49331915490820755
3.302530253025302,-0.5221355305471767,-0.553022440801766,-0.4932444544342601
3.3036303630363033,-0.5220060176780875,-0.552820212775695,-0.493170172567984
3.3047304730473046,-0.5218772580451085,-0.5526191967190424,-0.4930963069773725
3.305830583058306,-0.5217492474050863,-0.552419386010234,-0.4930228553428657
3.3069306930693063,-0.5216219815345664,-0.552220774047967,-0.4929498153573063
3.3080308030803076,-0.5214954562298341,-0.5520233542515789,-0.49287718472589326
3.309130913091309,-0.5213696673069504,-0.5518271200614047,-0.49280496116613626
3.31023102310231,-0.5212446106017844,-0.5516320649391184,-0.49273314240780863
3.3113311331133115,-0.5211202819700388,-0.551438182368063,-0.49266172619289916
3.312431243124312,-0.5209966772872727,-0.5512454658535645,-0.49259071027556534
3.313531353135313,-0.5208737924489194,-0.5510539089232359,-0.49252009242208306
3.3146314631463145,-0.5207516233702999,-0.550863505127268,-0.492449870410799
3.315731573157316,-0.520630165986633,-0.550674248038707,-0.4923800420320802
3.3168316831683162,-0.5205094162530409,-0.5504861312537216,-0.4923106050882641
3.3179317931793175,-0.5203893701445508,-0.5502991483918577,-0.4922415573936082
3.319031903190319,-0.520270023656094,-0.5501132930962833,-0.4921728967742396
3.32013201320132,-0.5201513728025007,-0.549928559034021,-0.49210462106810315
3.3212321232123214,-0.5200334136184913,-0.5497449398961707,-0.4920367281249106
3.322332233223322,-0.5199161421586652,-0.5495624293981223,-0.4919692158060883
3.323432343234323,-0.5197995544974854,-0.549381021279757,-0.4919020819847256
3.3245324532453244,-0.5196836467292618,-0.5492007093056414,-0.49183532454552215
3.3256325632563257,-0.5195684149681294,-0.5490214872652097,-0.4917689413847359
3.326732673267326,-0.5194538553480259,-0.5488433489729382,-0.4917029304101299
3.3278327832783274,-0.5193399640226649,-0.5486662882685092,-0.49163728954091945
3.3289328932893287,-0.5192267371655077,-0.5484902990169684,-0.49157201670771933
3.33003300330033,-0.5191141709697318,-0.5483153751088727,-0.49150710985249046
3.3311331133113313,-0.5190022616481976,-0.548141510460429,-0.4914425669284864
3.3322332233223317,-0.5188910054334129,-0.5479686990136264,-0.4913783859002002
3.333333333333333,-0.5187803985774943,-0.5477969347363595,-0.4913145647433105
3.3344334433443343,-0.5186704373521269,-0.547626211622545,-0.49125110144462836
3.3355335533553356,-0.5185611180485235,-0.5474565236922304,-0.4911879940020434
3.336633663366336,-0.518452436977379,-0.547287864991696,-0.4911252404244698
3.3377337733773373,-0.5183443904688249,-0.5471202295935486,-0.4910628387317931
3.3388338833883386,-0.5182369748723817,-0.5469536115968106,-0.49100078695481597
3.33993399339934,-0.5181301865569097,-0.546788005127001,-0.49093908313520507
3.3410341034103412,-0.518024021910557,-0.5466234043362104,-0.49087772532543616
3.3421342134213416,-0.5179184773407073,-0.5464598034031697,-0.49081671158874196
3.343234323432343,-0.5178135492739256,-0.5462971965333128,-0.4907560399990568
3.3443344334433442,-0.5177092341559025,-0.5461355779588338,-0.4906957086409641
3.3454345434543455,-0.5176055284513968,-0.5459749419387384,-0.49063571560964225
3.346534653465346,-0.5175024286441777,-0.545815282758889,-0.49057605901081147
3.3476347634763473,-0.517399931236964,-0.5456565947320454,-0.49051673696067954
3.3487348734873486,-0.5172980327513645,-0.5454988721979,-0.4904577475858891
3.34983498349835,-0.5171967297278148,-0.545342109523108,-0.4903990890234642
3.3509350935093503,-0.5170960187255149,-0.545186301101312,-0.49034075942075683
3.3520352035203516,-0.5169958963223644,-0.5450314413531632,-0.49028275693539414
3.353135313531353,-0.5168963591148972,-0.5448775247263362,-0.4902250797352249
3.354235423542354,-0.5167974037182157,-0.5447245456955413,-0.49016772599826697
3.3553355335533555,-0.5166990267659235,-0.5445724987625308,-0.4901106939126546
3.356435643564356,-0.5166012249100574,-0.5444213784561023,-0.49005398167658576
3.357535753575357,-0.5165039948210183,-0.5442711793320961,-0.4899975874982688
3.3586358635863585,-0.5164073331875015,-0.5441218959733916,-0.4899415095958717
3.3597359735973598,-0.5163112367164272,-0.5439735229898962,-0.48988574619746816
3.36083608360836,-0.5162157021328684,-0.5438260550185342,-0.48983029554098656
3.3619361936193615,-0.5161207261799797,-0.5436794867232286,-0.48977515587415765
3.3630363036303628,-0.5160263056189247,-0.5435338127948822,-0.48972032545446276
3.364136413641364,-0.5159324372288033,-0.5433890279513534,-0.4896658025490823
3.3652365236523654,-0.515839117806578,-0.5432451269374293,-0.4896115854348445
3.3663366336633658,-0.5157463441669998,-0.5431021045247971,-0.4895576723981736
3.367436743674367,-0.5156541131425337,-0.542959955512009,-0.48950406173503935
3.3685368536853684,-0.5155624215832838,-0.5428186747244476,-0.4894507517509057
3.3696369636963697,-0.5154712663569179,-0.5426782570142863,-0.4893977407606802
3.37073707370737,-0.5153806443485913,-0.5425386972604479,-0.48934502708866356
3.3718371837183714,-0.5152905524608709,-0.5423999903685597,-0.48929260906849903
3.3729372937293727,-0.5152009876136585,-0.5422621312709068,-0.48924048504312245
3.374037403740374,-0.5151119467441141,-0.542125114926382,-0.4891886533647124
3.3751375137513753,-0.5150234268065784,-0.5419889363204344,-0.48913711239464
3.3762376237623757,-0.5149354247724958,-0.5418535904650139,-0.4890858605034195
3.377337733773377,-0.5148479376303359,-0.5417190723985152,-0.4890348960706593
3.3784378437843783,-0.5147609623855164,-0.5415853771857186,-0.4889842174850121
3.3795379537953796,-0.5146744960603243,-0.5414524999177289,-0.4889338231441265
3.38063806380638,-0.5145885356938384,-0.5413204357119119,-0.48888371145459764
3.3817381738173813,-0.5145030783418497,-0.5411891797118293,-0.48883388083191937
3.3828382838283826,-0.5144181210767835,-0.5410587270871721,-0.4887843297004354
3.383938393839384,-0.5143336609876206,-0.5409290730336905,-0.48873505649329096
3.385038503850385,-0.5142496951798182,-0.5408002127731245,-0.48868605965238565
3.3861386138613856,-0.5141662207752312,-0.5406721415531303,-0.48863733762832484
3.387238723872387,-0.5140832349120328,-0.5405448546472059,-0.4885888888803728
3.388338833883388,-0.5140007347446357,-0.5404183473546168,-0.4885407118764048
3.3894389438943895,-0.5139187174436132,-0.540292615000317,-0.48849280509286097
3.39053905390539,-0.5138371801956194,-0.5401676529348715,-0.4884451670146984
3.391639163916391,-0.5137561202033109,-0.5400434565343745,-0.48839779613534506
3.3927392739273925,-0.5136755346852666,-0.5399200212003695,-0.4883506909566533
3.393839383938394,-0.5135954208759097,-0.5397973423597654,-0.4883038499888537
3.394939493949395,-0.513515776025428,-0.5396754154647521,-0.4882572717505086
3.3960396039603955,-0.5134365973996948,-0.5395542359927156,-0.4882109547684672
3.397139713971397,-0.5133578822801903,-0.5394337994461509,-0.488164897577819
3.398239823982398,-0.5132796279639221,-0.5393141013525747,-0.48811909872184955
3.3993399339933994,-0.5132018317633471,-0.5391951372644365,-0.48807355675199404
3.4004400440044,-0.5131244910062923,-0.5390769027590282,-0.4880282702277938
3.401540154015401,-0.5130476030358763,-0.5389593934383939,-0.48798323771685037
3.4026402640264024,-0.5129711652104304,-0.5388426049292383,-0.48793845779478195
3.4037403740374037,-0.5128951749034212,-0.538726532882833,-0.4878939290451787
3.404840484048405,-0.5128196295033713,-0.538611172974924,-0.4878496500595586
3.4059405940594054,-0.5127445264137817,-0.538496520905637,-0.48780561943732437
3.4070407040704067,-0.5126698630530534,-0.538382572399382,-0.48776183578571897
3.408140814081408,-0.5125956368544105,-0.538269323204758,-0.4877182977197827
3.4092409240924093,-0.5125218452658216,-0.5381567690944554,-0.48767500386231033
3.4103410341034097,-0.5124484857499227,-0.5380449058651603,-0.48763195284380756
3.411441144114411,-0.5123755557839402,-0.5379337293374551,-0.48758914330244874
3.4125412541254123,-0.5123030528596133,-0.5378232353557206,-0.487546573884034
3.4136413641364136,-0.5122309744831175,-0.5377134197880373,-0.48750424324194774
3.414741474147415,-0.5121593181749875,-0.5376042785260854,-0.4874621500371157
3.4158415841584153,-0.5120880814700416,-0.5374958074850444,-0.4874202929379635
3.4169416941694166,-0.512017261917304,-0.5373880026034932,-0.4873786706203752
3.418041804180418,-0.5119468570799303,-0.5372808598433085,-0.48733728176765156
3.419141914191419,-0.5118768645351306,-0.5371743751895638,-0.48729612507046904
3.4202420242024196,-0.5118072818740944,-0.5370685446504271,-0.4872551992268388
3.421342134213421,-0.5117381067019152,-0.5369633642570588,-0.4872145029420658
3.4224422442244222,-0.5116693366375151,-0.5368588300635095,-0.4871740349287087
3.4235423542354235,-0.5116009693135706,-0.5367549381466169,-0.48713379390653877
3.424642464246425,-0.5115330023764373,-0.5366516846059024,-0.4870937786025006
3.4257425742574252,-0.5114654334860758,-0.5365490655634682,-0.4870539877506713
3.4268426842684265,-0.5113982603159779,-0.536447077163893,-0.48701442009222196
3.427942794279428,-0.5113314805530922,-0.5363457155741287,-0.4869750743753769
3.429042904290429,-0.5112650918977514,-0.5362449769833962,-0.4869359493553752
3.4301430143014295,-0.5111990920635978,-0.536144857603081,-0.48689704379443144
3.431243124312431,-0.5111334787775116,-0.5360453536666286,-0.48685835646169684
3.432343234323432,-0.5110682497795371,-0.5359464614294406,-0.48681988613322036
3.4334433443344334,-0.511003402822811,-0.5358481771687695,-0.4867816315919108
3.4345434543454347,-0.5109389356734897,-0.5357504971836141,-0.4867435916274979
3.435643564356435,-0.5108748461106777,-0.5356534177946148,-0.4867057650364949
3.4367436743674364,-0.5108111319263557,-0.5355569353439484,-0.4866681506221602
3.4378437843784377,-0.5107477909253101,-0.5354610461952238,-0.4866307471944602
3.438943894389439,-0.5106848209250607,-0.5353657467333762,-0.4865935535700314
3.4400440044004394,-0.5106222197557913,-0.5352710333645629,-0.4865565685721438
3.4411441144114407,-0.5105599852602779,-0.5351769025160579,-0.4865197910306629
3.442244224422442,-0.51049811529382,-0.535083350636147,-0.48648321978201403
3.4433443344334433,-0.5104366077241698,-0.5349903741940233,-0.486446853669145
3.4444444444444446,-0.510375460431463,-0.5348979696796817,-0.48641069154148975
3.445544554455445,-0.5103146713081496,-0.534806133603815,-0.48637473225493233
3.4466446644664464,-0.5102542382589246,-0.5347148624977082,-0.4863389746717707
3.4477447744774476,-0.51019415920066,-0.5346241529131346,-0.4863034176606811
3.448844884488449,-0.5101344320623363,-0.5345340014222512,-0.486268060096682
3.4499449944994494,-0.5100750547849743,-0.5344444046174941,-0.48623290086109927
3.4510451045104507,-0.5100160253215671,-0.5343553591114744,-0.4861979388415304
3.452145214521452,-0.5099573416370138,-0.534266861536874,-0.48616317293180966
3.4532453245324533,-0.5098990017080512,-0.5341789085463419,-0.4861286020319733
3.4543454345434537,-0.509841003523188,-0.53409149681239,-0.4860942250482245
3.455445544554455,-0.5097833450826378,-0.53400462302729,-0.4860600408928998
3.4565456545654563,-0.5097260243982529,-0.5339182839029691,-0.4860260484844334
3.4576457645764576,-0.5096690394934592,-0.533832476170908,-0.48599224674732444
3.458745874587459,-0.5096123884031898,-0.5337471965820367,-0.4859586346121021
3.4598459845984593,-0.5095560691738203,-0.5336624419066325,-0.4859252110152925
3.4609460946094606,-0.509500079863104,-0.5335782089342166,-0.48589197489938474
3.462046204620462,-0.5094444185401068,-0.5334944944734527,-0.4858589252127977
3.463146314631463,-0.5093890832851439,-0.5334112953520438,-0.48582606090984704
3.4642464246424636,-0.5093340721897146,-0.5333286084166313,-0.4857933809507117
3.465346534653465,-0.5092793833564399,-0.5332464305326929,-0.48576088430140163
3.466446644664466,-0.5092250148989983,-0.533164758584441,-0.48572856993372493
3.4675467546754675,-0.5091709649420635,-0.5330835894747218,-0.4856964368252552
3.4686468646864688,-0.5091172316212411,-0.5330029201249148,-0.48566448395929973
3.469746974697469,-0.509063813083007,-0.5329227474748317,-0.4856327103248669
3.4708470847084705,-0.509010707484644,-0.5328430684826165,-0.4856011149166347
3.4719471947194718,-0.5089579129941819,-0.5327638801246456,-0.4855696967349187
3.473047304730473,-0.5089054277903348,-0.5326851793954275,-0.4855384547856404
3.4741474147414735,-0.50885325006244,-0.5326069633075043,-0.48550738808029636
3.475247524752475,-0.5088013780103978,-0.5325292288913523,-0.48547649563592643
3.476347634763476,-0.508749809844611,-0.5324519731952829,-0.4854457764750828
3.4774477447744774,-0.5086985437859242,-0.5323751932853448,-0.4854152296257995
3.4785478547854787,-0.508647578065564,-0.5322988862452255,-0.4853848541215613
3.479647964796479,-0.5085969109250803,-0.5322230491761539,-0.48535464900127334
3.4807480748074804,-0.5085465406162857,-0.5321476791968025,-0.4853246133092306
3.4818481848184817,-0.5084964654011979,-0.5320727734431906,-0.48529474609508816
3.482948294829483,-0.5084466835519801,-0.5319983290685875,-0.4852650464138306
3.4840484048404834,-0.5083971933508835,-0.531924343243416,-0.48523551332574255
3.4851485148514847,-0.5083479930901883,-0.5318508131551568,-0.4852061458963789
3.486248624862486,-0.5082990810721469,-0.5317777360082522,-0.48517694319653504
3.4873487348734873,-0.5082504556089262,-0.5317051090240115,-0.48514790430221777
3.4884488448844886,-0.5082021150225505,-0.5316329294405152,-0.4851190282946163
3.489548954895489,-0.5081540576448446,-0.5315611945125216,-0.48509031426007243
3.4906490649064903,-0.5081062818173773,-0.5314899015113712,-0.48506176129005274
3.4917491749174916,-0.5080587858914054,-0.5314190477248941,-0.4850333684811188
3.492849284928493,-0.5080115682278182,-0.5313486304573157,-0.4850051349348994
3.4939493949394933,-0.5079646271970809,-0.5312786470291642,-0.48497705975806205
3.4950495049504946,-0.5079179611791801,-0.5312090947771774,-0.4849491420622841
3.496149614961496,-0.5078715685635689,-0.5311399710542107,-0.48492138096422577
3.497249724972497,-0.5078254477491114,-0.5310712732291453,-0.48489377558550095
3.4983498349834985,-0.5077795971440295,-0.5310029986867961,-0.4848663250526505
3.499449944994499,-0.5077340151658478,-0.5309351448278212,-0.48483902849711424
3.5005500550055,-0.5076887002413402,-0.5308677090686307,-0.48481188505520323
3.5016501650165015,-0.5076436508064763,-0.5308006888412962,-0.4847848938680728
3.502750275027503,-0.5075988653063688,-0.5307340815934615,-0.48475805408169537
3.503850385038503,-0.5075543421952193,-0.5306678847882523,-0.4847313648468333
3.5049504950495045,-0.507510079936267,-0.5306020959041873,-0.48470482531901216
3.506050605060506,-0.5074660770017355,-0.5305367124350896,-0.48467843465849414
3.507150715071507,-0.5074223318727813,-0.5304717318899979,-0.4846521920302509
3.5082508250825084,-0.5073788430394415,-0.5304071517930787,-0.4846260966039382
3.509350935093509,-0.5073356090005827,-0.5303429696835391,-0.4846001475538686
3.51045104510451,-0.5072926282638498,-0.5302791831155387,-0.48457434405898603
3.5115511551155114,-0.507249899345615,-0.5302157896581038,-0.48454868530283957
3.5126512651265127,-0.5072074207709271,-0.5301527868950402,-0.48452317047355764
3.513751375137513,-0.5071651910734613,-0.530090172424848,-0.4844977987638225
3.5148514851485144,-0.5071232087954689,-0.5300279438606356,-0.48447256937084415
3.5159515951595157,-0.507081472487728,-0.529966098830034,-0.484447481496336
3.517051705170517,-0.5070399807094932,-0.5299046349751134,-0.4844225343464884
3.5181518151815183,-0.5069987320284475,-0.5298435499522974,-0.4843977271319445
3.5192519251925187,-0.5069577250206522,-0.5297828414322805,-0.48437305906777484
3.52035203520352,-0.5069169582704987,-0.529722507099943,-0.4843485293734524
3.5214521452145213,-0.5068764303706603,-0.5296625446542688,-0.4843241372728284
3.5225522552255226,-0.5068361399220439,-0.5296029518082629,-0.48429988199410734
3.523652365236523,-0.5067960855337419,-0.5295437262888686,-0.48427576276982265
3.5247524752475243,-0.5067562658229847,-0.5294848658368855,-0.4842517788368125
3.5258525852585256,-0.5067166794150937,-0.5294263682068882,-0.48422792943619564
3.526952695269527,-0.506677324943434,-0.5293682311671454,-0.48420421381334755
3.5280528052805282,-0.5066382010493673,-0.5293104524995391,-0.48418063121787636
3.5291529152915286,-0.5065993063822061,-0.529253029999484,-0.48415718090359894
3.53025302530253,-0.5065606395991665,-0.5291959614758479,-0.4841338621285177
3.5313531353135312,-0.5065221993653231,-0.5291392447508724,-0.48411067415479714
3.5324532453245325,-0.5064839843535625,-0.5290828776600933,-0.48408761624873997
3.533553355335533,-0.5064459932445384,-0.5290268580522628,-0.4840646876807646
3.5346534653465342,-0.5064082247266259,-0.5289711837892702,-0.4840418877253815
3.5357535753575355,-0.5063706774958769,-0.5289158527460649,-0.48401921566117034
3.536853685368537,-0.506333350255975,-0.5288608628105784,-0.4839966707707578
3.537953795379538,-0.5062962417181914,-0.5288062118836477,-0.48397425234079383
3.5390539053905385,-0.5062593506013406,-0.5287518978789386,-0.48395195966192994
3.54015401540154,-0.5062226756317361,-0.5286979187228688,-0.48392979202879627
3.541254125412541,-0.5061862155431471,-0.5286442723545328,-0.48390774873997977
3.5423542354235424,-0.5061499690767549,-0.5285909567256265,-0.48388582909800126
3.543454345434543,-0.5061139349811099,-0.5285379698003716,-0.4838640324092942
3.544554455445544,-0.5060781120120879,-0.5284853095554414,-0.4838423579841822
3.5456545654565454,-0.5060424989328481,-0.5284329739798862,-0.4838208051368571
3.5467546754675467,-0.5060070945137908,-0.5283809610750598,-0.48379937318535804
3.547854785478548,-0.5059718975325143,-0.528329268854546,-0.4837780614515489
3.5489548954895485,-0.5059369067737733,-0.5282778953440853,-0.48375686926109784
3.5500550055005498,-0.5059021210294379,-0.5282268385815024,-0.48373579594345484
3.551155115511551,-0.5058675390984506,-0.5281760966166339,-0.48371484083183147
3.5522552255225524,-0.5058331597867864,-0.5281256675112564,-0.4836940032631796
3.5533553355335528,-0.5057989819074111,-0.5280755493390152,-0.48367328257816966
3.554455445544554,-0.5057650042802402,-0.5280257401853529,-0.48365267812117096
3.5555555555555554,-0.5057312257320993,-0.5279762381474385,-0.48363218924023
3.5566556655665567,-0.5056976450966828,-0.5279270413340982,-0.48361181528705044
3.557755775577558,-0.5056642612145144,-0.5278781478657436,-0.483591555616972
3.5588558855885584,-0.5056310729329068,-0.5278295558743041,-0.48357140958895084
3.5599559955995597,-0.5055980791059225,-0.5277812635031562,-0.4835513765655386
3.561056105610561,-0.5055652785943339,-0.5277332689070556,-0.4835314559128625
3.5621562156215623,-0.5055326702655847,-0.5276855702520684,-0.48351164700060534
3.5632563256325627,-0.5055002529937505,-0.5276381657155033,-0.48349194920198557
3.564356435643564,-0.5054680256594997,-0.5275910534858433,-0.4834723618937371
3.5654565456545653,-0.5054359871500561,-0.5275442317626798,-0.48345288445609014
3.5665566556655666,-0.5054041363591596,-0.5274976987566441,-0.4834335162727511
3.567656765676567,-0.5053724721870285,-0.5274514526893419,-0.4834142567308837
3.5687568756875683,-0.5053409935403218,-0.5274054917932866,-0.48339510522108864
3.5698569856985696,-0.5053096993321012,-0.527359814311834,-0.4833760611373852
3.570957095709571,-0.5052785884817939,-0.5273144184991165,-0.48335712387719165
3.572057205720572,-0.5052476599151555,-0.5272693026199783,-0.48333829284130647
3.5731573157315726,-0.5052169125642328,-0.5272244649499104,-0.4833195674338888
3.574257425742574,-0.5051863453673272,-0.5271799037749865,-0.4833009470624404
3.575357535753575,-0.5051559572689578,-0.5271356173917993,-0.483282431137786
3.5764576457645765,-0.5051257472198257,-0.5270916041073962,-0.4832640190740557
3.577557755775577,-0.5050957141767772,-0.5270478622392168,-0.4832457102886655
3.578657865786578,-0.5050658571027684,-0.5270043901150299,-0.4832275042022993
3.5797579757975795,-0.5050361749668288,-0.5269611860728703,-0.4832094002388906
3.580858085808581,-0.5050066667440267,-0.5269182484609776,-0.48319139782560405
3.581958195819582,-0.5049773314154331,-0.5268755756377338,-0.4831734963928177
3.5830583058305825,-0.5049481679680871,-0.526833165971602,-0.4831556953741045
3.584158415841584,-0.5049191753949605,-0.5267910178410655,-0.48313799420621484
3.585258525852585,-0.5048903526949237,-0.5267491296345667,-0.48312039232905835
3.5863586358635864,-0.5048616988727109,-0.526707499750447,-0.48310288918568633
3.587458745874587,-0.5048332129388858,-0.5266661265968865,-0.48308548422227426
3.588558855885588,-0.5048048939098075,-0.5266250085918446,-0.483068176888104
3.5896589658965894,-0.5047767408075965,-0.5265841441630005,-0.4830509666355468
3.5907590759075907,-0.5047487526601013,-0.5265435317476939,-0.4830338529200453
3.591859185918592,-0.5047209285008647,-0.5265031697928669,-0.483016835200097
3.5929592959295924,-0.5046932673690904,-0.5264630567550054,-0.48299991293723665
3.5940594059405937,-0.5046657683096101,-0.5264231911000806,-0.48298308559601955
3.595159515951595,-0.5046384303728505,-0.5263835713034924,-0.4829663526440042
3.5962596259625963,-0.5046112526148004,-0.5263441958500112,-0.4829497135517361
3.5973597359735967,-0.5045842340969785,-0.5263050632337214,-0.48293316779273
3.598459845984598,-0.5045573738864007,-0.526266171957964,-0.48291671484345433
3.5995599559955993,-0.5045306710555478,-0.5262275205352814,-0.482900354183314
3.6006600660066006,-0.5045041246823344,-0.5261891074873606,-0.482884085294634
3.601760176017602,-0.5044777338500761,-0.5261509313449777,-0.4828679076626432
3.6028602860286023,-0.5044514976474583,-0.5261129906479428,-0.48285182077545774
3.6039603960396036,-0.5044254151685049,-0.5260752839450445,-0.48283582412406534
3.605060506050605,-0.504399485512547,-0.5260378097939956,-0.48281991720230866
3.606160616061606,-0.5043737077841914,-0.5260005667613789,-0.48280409950686964
3.6072607260726066,-0.5043480810932907,-0.5259635534225922,-0.48278837053725343
3.608360836083608,-0.5043226045549113,-0.5259267683617957,-0.48277272979577257
3.609460946094609,-0.504297277289304,-0.5258902101718581,-0.4827571767875314
3.6105610561056105,-0.5042720984218733,-0.5258538774543031,-0.48274171102040997
3.611661166116612,-0.5042470670831469,-0.5258177688192572,-0.4827263320050491
3.612761276127612,-0.5042221824087463,-0.5257818828853972,-0.48271103925483416
3.6138613861386135,-0.5041974435393561,-0.5257462182798973,-0.48269583228588053
3.614961496149615,-0.5041728496206958,-0.5257107736383781,-0.48268071061701734
3.616061606160616,-0.5041483998034886,-0.5256755476048546,-0.4826656737697732
3.6171617161716165,-0.5041240932434333,-0.5256405388316849,-0.48265072126836017
3.618261826182618,-0.5040999291011752,-0.5256057459795197,-0.48263585263965936
3.619361936193619,-0.5040759065422762,-0.5255711677172508,-0.48262106741320576
3.6204620462046204,-0.504052024737187,-0.5255368027219617,-0.4826063651211733
3.6215621562156217,-0.5040282828612178,-0.5255026496788769,-0.4825917452983599
3.622662266226622,-0.5040046800945104,-0.5254687072813127,-0.48257720748217303
3.6237623762376234,-0.5039812156220094,-0.5254349742306267,-0.48256275121261505
3.6248624862486247,-0.5039578886334345,-0.52540144923617,-0.4825483760322685
3.625962596259626,-0.5039346983232522,-0.5253681310152375,-0.48253408148628174
3.6270627062706264,-0.5039116438906485,-0.5253350182930192,-0.4825198671223543
3.6281628162816277,-0.5038887245395004,-0.5253021098025524,-0.48250573249072304
3.629262926292629,-0.5038659394783495,-0.5252694042846737,-0.48249167714414753
3.6303630363036303,-0.5038432879203739,-0.5252369004879708,-0.4824777006378962
3.6314631463146316,-0.5038207690833614,-0.5252045971687352,-0.48246380252973187
3.632563256325632,-0.5037983821896823,-0.5251724930909156,-0.4824499823798981
3.6336633663366333,-0.5037761264662629,-0.5251405870260704,-0.48243623975110506
3.6347634763476346,-0.5037540011445585,-0.5251088777533212,-0.4824225742085161
3.635863586358636,-0.5037320054605268,-0.5250773640593068,-0.4824089853197332
3.6369636963696363,-0.5037101386546021,-0.5250460447381371,-0.4823954726547842
3.6380638063806376,-0.5036883999716685,-0.5250149185913471,-0.4823820357861086
3.639163916391639,-0.503666788661034,-0.5249839844278515,-0.48236867428854424
3.6402640264026402,-0.5036453039764048,-0.5249532410638997,-0.48235538773931375
3.6413641364136415,-0.5036239451758593,-0.5249226873230307,-0.4823421757180113
3.642464246424642,-0.5036027115218227,-0.5248923220360282,-0.4823290378065891
3.6435643564356432,-0.5035816022810412,-0.5248621440408769,-0.4823159735893445
3.6446644664466445,-0.5035606167245571,-0.5248321521827177,-0.4823029826529065
3.645764576457646,-0.5035397541276834,-0.5248023453138039,-0.4822900645862228
3.6468646864686463,-0.503519013769979,-0.5247727222934578,-0.4822772189805469
3.6479647964796476,-0.5034983949352235,-0.5247432819880278,-0.48226444542942504
3.649064906490649,-0.5034778969113928,-0.524714023270844,-0.4822517435286834
3.65016501650165,-0.5034575189906343,-0.524684945022177,-0.4822391128764151
3.6512651265126514,-0.5034372604692425,-0.524656046129194,-0.4822265530729679
3.652365236523652,-0.5034171206476351,-0.5246273254859175,-0.4822140637209311
3.653465346534653,-0.5033970988303281,-0.5245987819931824,-0.4822016444251235
3.6545654565456545,-0.5033771943259127,-0.5245704145585948,-0.4821892947925801
3.6556655665566558,-0.5033574064470302,-0.5245422220964903,-0.4821770144325406
3.656765676567656,-0.5033377345103499,-0.5245142035278926,-0.4821648029564365
3.6578657865786575,-0.5033181778365442,-0.5244863577804724,-0.4821526599778785
3.6589658965896588,-0.5032987357502654,-0.524458683788507,-0.48214058511264524
3.66006600660066,-0.5032794075801231,-0.5244311804928393,-0.48212857797867015
3.6611661166116614,-0.5032601926586601,-0.5244038468408377,-0.4821166381960299
3.6622662266226618,-0.5032410903223297,-0.5243766817863562,-0.48210476538693237
3.663366336633663,-0.5032220999114733,-0.5243496842896941,-0.48209295917570427
3.6644664466446644,-0.5032032207702968,-0.5243228533175568,-0.4820812191887799
3.6655665566556657,-0.5031844522468485,-0.5242961878430166,-0.4820695450546888
3.666666666666666,-0.5031657936929965,-0.5242696868454731,-0.48205793640404426
3.6677667766776674,-0.503147244464406,-0.5242433493106149,-0.48204639286953155
3.6688668866886687,-0.5031288039205175,-0.5242171742303806,-0.48203491408589627
3.66996699669967,-0.5031104714245247,-0.5241911606029204,-0.48202349968993286
3.6710671067106704,-0.503092246343352,-0.5241653074325582,-0.4820121493204731
3.6721672167216717,-0.5030741280476333,-0.5241396137297536,-0.4820008626183747
3.673267326732673,-0.5030561159116895,-0.5241140785110637,-0.48198963922650984
3.6743674367436743,-0.5030382093135077,-0.5240887007991067,-0.48197847878975375
3.6754675467546756,-0.5030204076347193,-0.5240634796225235,-0.48196738095497405
3.676567656765676,-0.5030027102605787,-0.5240384140159416,-0.48195634537101895
3.6776677667766773,-0.5029851165799422,-0.5240135030199377,-0.4819453716887062
3.6787678767876786,-0.5029676259852464,-0.5239887456810011,-0.4819344595608125
3.67986798679868,-0.502950237872488,-0.5239641410514981,-0.4819236086420621
3.6809680968096803,-0.5029329516412028,-0.5239396881896353,-0.48191281858911594
3.6820682068206816,-0.502915766694444,-0.5239153861594237,-0.481902089060561
3.683168316831683,-0.5028986824387631,-0.5238912340306429,-0.4818914197168992
3.684268426842684,-0.5028816982841882,-0.523867230878806,-0.48188081022053686
3.6853685368536855,-0.502864813644204,-0.5238433757851245,-0.48187026023577384
3.686468646864686,-0.502848027935732,-0.5238196678364725,-0.48185976942879327
3.687568756875687,-0.5028313405791098,-0.5237961061253523,-0.4818493374676506
3.6886688668866885,-0.5028147509980712,-0.5237726897498604,-0.4818389640222631
3.68976897689769,-0.5027982586197264,-0.5237494178136519,-0.4818286487643999
3.69086908690869,-0.5027818628745423,-0.5237262894259072,-0.48181839136767113
3.6919691969196915,-0.5027655631963228,-0.5237033037012977,-0.4818081915075174
3.693069306930693,-0.502749359022189,-0.523680459759952,-0.4817980488612005
3.694169416941694,-0.5027332497925601,-0.5236577567274228,-0.48178796310779204
3.6952695269526954,-0.5027172349511339,-0.5236351937346525,-0.4817779339281639
3.696369636963696,-0.5027013139448675,-0.5236127699179413,-0.4817679610049783
3.697469746974697,-0.5026854862239585,-0.5235904844189131,-0.4817580440226772
3.6985698569856984,-0.5026697512418258,-0.5235683363844836,-0.48174818266747255
3.6996699669966997,-0.5026541084550908,-0.5235463249668273,-0.4817383766273369
3.7007700770077,-0.5026385573235587,-0.5235244493233454,-0.4817286255919926
3.7018701870187014,-0.5026230973101995,-0.5235027086166332,-0.4817189292529025
3.7029702970297027,-0.5026077278811298,-0.5234811020144486,-0.48170928730326024
3.704070407040704,-0.5025924485055946,-0.5234596286896804,-0.4816996994379803
3.7051705170517053,-0.5025772586559484,-0.523438287820316,-0.4816901653536887
3.7062706270627057,-0.5025621578076371,-0.5234170785894108,-0.48168068474871295
3.707370737073707,-0.5025471454391803,-0.5233960001850567,-0.4816712573230727
3.7084708470847083,-0.5025322210321531,-0.5233750518003512,-0.48166188277847033
3.7095709570957096,-0.5025173840711677,-0.5233542326333662,-0.48165256081828167
3.71067106710671,-0.5025026340438565,-0.5233335418871181,-0.481643291147546
3.7117711771177113,-0.5024879704408537,-0.5233129787695366,-0.4816340734729575
3.7128712871287126,-0.5024733927557778,-0.5232925424934349,-0.48162490750285525
3.713971397139714,-0.5024589004852148,-0.5232722322764799,-0.48161579294721446
3.715071507150715,-0.5024444931286995,-0.5232520473411613,-0.4816067295176374
3.7161716171617156,-0.5024301701886998,-0.5232319869147631,-0.48159771692734366
3.717271727172717,-0.5024159311705981,-0.5232120502293335,-0.4815887548911618
3.718371837183718,-0.5024017755826753,-0.5231922365216554,-0.4815798431255197
3.7194719471947195,-0.5023877029360931,-0.5231725450332175,-0.481570981348436
3.72057205720572,-0.5023737127448774,-0.5231529750101857,-0.4815621692795111
3.7216721672167212,-0.5023598045259017,-0.5231335257033732,-0.4815534066399182
3.7227722772277225,-0.5023459777988698,-0.5231141963682132,-0.48154469315239445
3.723872387238724,-0.5023322320863003,-0.5230949862647296,-0.48153602854123234
3.724972497249725,-0.5023185669135087,-0.523075894657509,-0.48152741253227094
3.7260726072607255,-0.5023049818085925,-0.5230569208156725,-0.4815188448528869
3.727172717271727,-0.5022914763024136,-0.5230380640128477,-0.48151032523198634
3.728272827282728,-0.5022780499285827,-0.5230193235271414,-0.48150185339999596
3.7293729372937294,-0.5022647022234437,-0.5230006986411116,-0.4814934290888544
3.73047304730473,-0.5022514327260564,-0.5229821886417401,-0.4814850520320043
3.731573157315731,-0.502238240978182,-0.5229637928204052,-0.48147672196438307
3.7326732673267324,-0.5022251265242663,-0.5229455104728551,-0.4814684386224153
3.7337733773377337,-0.5022120889114242,-0.5229273408991804,-0.4814602017440037
3.734873487348735,-0.5021991276894242,-0.5229092834037877,-0.4814520110685214
3.7359735973597354,-0.5021862424106731,-0.5228913372953727,-0.4814438663368036
3.7370737073707367,-0.5021734326301996,-0.5228735018868944,-0.4814357672911387
3.738173817381738,-0.5021606979056403,-0.522855776495548,-0.48142771367526116
3.7392739273927393,-0.5021480377972232,-0.5228381604427395,-0.48141970523434274
3.7403740374037397,-0.5021354518677531,-0.5228206530540591,-0.4814117417149846
3.741474147414741,-0.5021229396825966,-0.5228032536592564,-0.4814038228652091
3.7425742574257423,-0.5021105008096668,-0.5227859615922137,-0.48139594843445255
3.7436743674367436,-0.5020981348194085,-0.5227687761909213,-0.4813881181735561
3.744774477447745,-0.5020858412847833,-0.5227516967974517,-0.4813803318347588
3.7458745874587454,-0.5020736197812549,-0.5227347227579349,-0.4813725891716897
3.7469746974697467,-0.5020614698867745,-0.5227178534225327,-0.4813648899393592
3.748074807480748,-0.5020493911817663,-0.522701088145415,-0.48135723389415264
3.7491749174917492,-0.5020373832491125,-0.522684426284734,-0.48134962079382115
3.7502750275027497,-0.5020254456741399,-0.5226678672026002,-0.48134205039747535
3.751375137513751,-0.5020135780446042,-0.5226514102650576,-0.4813345224655766
3.7524752475247523,-0.5020017799506773,-0.5226350548420602,-0.48132703675993016
3.7535753575357536,-0.5019900509849319,-0.5226188003074473,-0.4813195930436772
3.754675467546755,-0.5019783907423278,-0.5226026460389196,-0.48131219108128764
3.7557755775577553,-0.5019667988201985,-0.5225865914180158,-0.48130483063855256
3.7568756875687566,-0.5019552748182363,-0.5225706358300883,-0.4812975114825767
3.757975797579758,-0.5019438183384796,-0.5225547786642805,-0.48129023338177124
3.759075907590759,-0.5019324289852978,-0.5225390193135026,-0.48128299610584635
3.7601760176017596,-0.501921106365379,-0.522523357174409,-0.481275799425804
3.761276127612761,-0.5019098500877155,-0.522507791647375,-0.4812686431139306
3.762376237623762,-0.5018986597635908,-0.5224923221364742,-0.4812615269437899
3.7634763476347635,-0.5018875350065657,-0.5224769480494548,-0.4812544506902159
3.7645764576457648,-0.5018764754324656,-0.5224616687977179,-0.4812474141293056
3.765676567656765,-0.5018654806593664,-0.5224464837962947,-0.4812404170384117
3.7667766776677665,-0.5018545503075824,-0.5224313924638239,-0.481233459196136
3.7678767876787678,-0.501843683999652,-0.5224163942225296,-0.4812265403823224
3.768976897689769,-0.5018328813603254,-0.5224014884981995,-0.4812196603780491
3.7700770077007695,-0.5018221420165517,-0.5223866747201624,-0.48121281896562285
3.7711771177117708,-0.5018114655974657,-0.5223719523212668,-0.48120601592857115
3.772277227722772,-0.5018008517343748,-0.5223573207378587,-0.4811992510516362
3.7733773377337734,-0.5017903000607473,-0.522342779409761,-0.4811925241207671
3.774477447744774,-0.5017798102121985,-0.5223283277802511,-0.48118583492311395
3.775577557755775,-0.5017693818264793,-0.5223139652960397,-0.4811791832470207
3.7766776677667764,-0.5017590145434625,-0.5222996914072504,-0.4811725688820184
3.7777777777777777,-0.5017487080051315,-0.522285505567398,-0.4811659916188191
3.778877887788779,-0.5017384618555669,-0.5222714072333675,-0.4811594512493085
3.7799779977997794,-0.5017282757409354,-0.5222573958653939,-0.48115294756653937
3.7810781078107807,-0.501718149309476,-0.522243470927041,-0.48114648036472596
3.782178217821782,-0.5017080822114897,-0.5222296318851815,-0.4811400494392364
3.7832783278327833,-0.5016980740993257,-0.5222158782099756,-0.48113365458658663
3.7843784378437837,-0.5016881246273704,-0.5222022093748518,-0.48112729560443435
3.785478547854785,-0.5016782334520358,-0.5221886248564864,-0.4811209722915718
3.7865786578657863,-0.5016684002317461,-0.5221751241347828,-0.48111468444792016
3.7876787678767876,-0.5016586246269276,-0.5221617066928528,-0.4811084318745229
3.788778877887789,-0.5016489062999959,-0.5221483720169957,-0.48110221437353917
3.7898789878987893,-0.5016392449153448,-0.5221351195966797,-0.48109603174823845
3.7909790979097906,-0.5016296401393343,-0.5221219489245211,-0.481089883802993
3.792079207920792,-0.5016200916402795,-0.5221088594962664,-0.4810837703432731
3.793179317931793,-0.5016105990884387,-0.5220958508107716,-0.4810776911756398
3.7942794279427936,-0.5016011621560025,-0.5220829223699839,-0.4810716461077392
3.795379537953795,-0.5015917805170819,-0.5220700736789223,-0.48106563494829657
3.796479647964796,-0.5015824538476975,-0.5220573042456589,-0.48105965750711
3.7975797579757975,-0.5015731818257683,-0.5220451363734988,-0.48105371359504445
3.798679867986799,-0.5015639641311003,-0.5220331533704304,-0.48104780302402583
3.799779977997799,-0.5015548004453757,-0.5220212405789885,-0.48104192560703485
3.8008800880088005,-0.5015456904521418,-0.5220093975877844,-0.4810360811581016
3.801980198019802,-0.5015366338367999,-0.5219976239878399,-0.481030269492299
3.803080308030803,-0.5015276302865949,-0.5219859193725733,-0.48102449042573736
3.8041804180418035,-0.5015186794906039,-0.5219742833377851,-0.48101874377555864
3.805280528052805,-0.501509781139726,-0.5219627154816439,-0.4810130293599304
3.806380638063806,-0.5015009349266715,-0.5219512154046729,-0.48100734699803993
3.8074807480748074,-0.5014921405459507,-0.521939782709736,-0.48100169651008917
3.8085808580858087,-0.5014833976938644,-0.5219284170020239,-0.48099607771728825
3.809680968096809,-0.5014747060684926,-0.5219171178890405,-0.48099049044185027
3.8107810781078104,-0.5014660653696844,-0.5219058849805897,-0.48098493450698576
3.8118811881188117,-0.5014574752990473,-0.5218947178887615,-0.4809794097368968
3.812981298129813,-0.5014489355599374,-0.5218836162279187,-0.4809739159567713
3.8140814081408134,-0.5014404458574491,-0.5218725796146839,-0.48096845299277824
3.8151815181518147,-0.5014320058984043,-0.5218616076679257,-0.4809630206720613
3.816281628162816,-0.5014236153913431,-0.521850700008746,-0.4809576188227338
3.8173817381738173,-0.5014152740465129,-0.5218398562604667,-0.4809522472738734
3.8184818481848186,-0.5014069815758592,-0.521829076048617,-0.48094690585551636
3.819581958195819,-0.5013987376930151,-0.5218183590009198,-0.48094159439865247
3.8206820682068203,-0.5013905421132919,-0.5218077047472794,-0.4809363127352192
3.8217821782178216,-0.5013823945536685,-0.521797112919769,-0.480931060698097
3.822882288228823,-0.5013742947327824,-0.5217865831526172,-0.4809258381211039
3.8239823982398233,-0.5013662423709196,-0.5217761150821956,-0.48092064483898966
3.8250825082508246,-0.501358237190005,-0.5217657083470065,-0.4809154806874314
3.826182618261826,-0.501350278913593,-0.5217553625876709,-0.4809103455030276
3.8272827282728272,-0.5013423672668573,-0.5217450774469145,-0.4809052391232935
3.8283828382838285,-0.5013345019765824,-0.5217348525695571,-0.4809001613866558
3.829482948294829,-0.5013266827711532,-0.5217246876024992,-0.4808951121324474
3.8305830583058302,-0.5013189093805466,-0.5217145821947107,-0.48089009120090265
3.8316831683168315,-0.5013111815363211,-0.5217045359972174,-0.48088509843315164
3.832783278327833,-0.5013034989716084,-0.521694548663091,-0.48088013367121596
3.8338833883388332,-0.5012958614211036,-0.5216846198474347,-0.4808751967580034
3.8349834983498345,-0.5012882686210566,-0.5216747492073736,-0.48087028753730254
3.836083608360836,-0.5012807203092623,-0.521664936402041,-0.48086540585377846
3.837183718371837,-0.5012732162250523,-0.521655181092568,-0.4808605515529677
3.8382838283828384,-0.5012657561092853,-0.5216454829420709,-0.4808557244812728
3.839383938393839,-0.5012583397043385,-0.52163584161564,-0.48085092448595823
3.84048404840484,-0.5012509667540984,-0.521626256780328,-0.4808461514151452
3.8415841584158414,-0.5012436370039525,-0.5216167281051381,-0.4808414051178066
3.8426842684268427,-0.5012363502007795,-0.5216072552610134,-0.48083668544376257
3.843784378437843,-0.5012291060929419,-0.5215978379208245,-0.4808319922436758
3.8448844884488445,-0.5012219044302763,-0.5215884757593592,-0.4808273253690464
3.8459845984598457,-0.5012147449640849,-0.5215791684533104,-0.4808226846722078
3.847084708470847,-0.5012076274471275,-0.5215699156812658,-0.48081807000632126
3.8481848184818483,-0.5012005516336122,-0.5215607171236959,-0.48081348122537226
3.8492849284928488,-0.5011935172791874,-0.5215515724629436,-0.4808089181841648
3.85038503850385,-0.501186524140933,-0.521542481383213,-0.48080438073831766
3.8514851485148514,-0.5011795719773527,-0.5215334435705585,-0.4807998687442594
3.8525852585258527,-0.5011726605483648,-0.5215244587128743,-0.4807953820592239
3.853685368536853,-0.5011657896152946,-0.5215155264998829,-0.4807909205412457
3.8547854785478544,-0.5011589589408653,-0.5215066466231248,-0.480786484049156
3.8558855885588557,-0.5011521682891911,-0.5214978187759484,-0.48078207244257753
3.856985698569857,-0.5011454174257677,-0.5214890426534979,-0.4807776855819208
3.8580858085808583,-0.5011387061174652,-0.5214803179527048,-0.48077332332837874
3.8591859185918587,-0.5011320341325196,-0.5214716443722756,-0.48076898554392355
3.86028602860286,-0.5011254012405248,-0.5214630216126823,-0.48076467209130114
3.8613861386138613,-0.5011188072124247,-0.5214544493761522,-0.48076038283402767
3.8624862486248626,-0.5011122518205053,-0.521445927366657,-0.4807561176363846
3.863586358635863,-0.501105734838387,-0.5214374552899032,-0.480751876363415
3.8646864686468643,-0.5010992560410163,-0.5214290328533213,-0.48074765888091864
3.8657865786578656,-0.5010928152046588,-0.5214206597660564,-0.48074346505544807
3.866886688668867,-0.5010864121068905,-0.5214123357389576,-0.48073929475430477
3.867986798679868,-0.501080046526591,-0.5214040604845682,-0.48073514784553395
3.8690869086908686,-0.5010737182439353,-0.521395833717116,-0.4807310241979216
3.87018701870187,-0.5010674270403866,-0.5213876551525026,-0.48072692368098935
3.871287128712871,-0.5010611726986886,-0.5213795245082952,-0.4807228461649907
3.8723872387238725,-0.5010549550028576,-0.5213714415037148,-0.48071879152090724
3.873487348734873,-0.5010487737381758,-0.5213634058596285,-0.48071475962044397
3.874587458745874,-0.5010426286911832,-0.5213554172985382,-0.4807107503360256
3.8756875687568755,-0.5010365196496708,-0.5213474755445721,-0.48070676354079256
3.8767876787678768,-0.5010304464026728,-0.5213395803234746,-0.4807027991085968
3.877887788778877,-0.5010244087404595,-0.5213317313625974,-0.48069885691399783
3.8789878987898785,-0.5010184064545301,-0.5213239283908891,-0.4806949368322587
3.88008800880088,-0.5010124393376055,-0.5213161711388872,-0.4806910387393424
3.881188118811881,-0.501006507183621,-0.5213084593387074,-0.4806871625119076
3.8822882288228824,-0.5010006097877195,-0.5213007927240355,-0.4806833080273045
3.883388338833883,-0.5009947469462441,-0.5212931710301174,-0.4806794504667088
3.884488448844884,-0.500988918456731,-0.5212855939937503,-0.4806752592094622
3.8855885588558854,-0.5009831241179028,-0.5212780613532737,-0.48067109380636286
3.8866886688668867,-0.5009773637296617,-0.5212705728485603,-0.4806669540979279
3.887788778877887,-0.5009716370930819,-0.5212631282210065,-0.4806628399256584
3.8888888888888884,-0.5009659440104035,-0.5212557272135246,-0.48065875113203316
3.8899889988998897,-0.5009602842850251,-0.5212483695705327,-0.48065468756050245
3.891089108910891,-0.5009546577214974,-0.5212410550379467,-0.48065064905548216
3.8921892189218923,-0.5009490641255162,-0.521233783363171,-0.4806466354623482
3.8932893289328927,-0.5009435033039158,-0.5212265542950906,-0.48064264662743006
3.894389438943894,-0.5009379750646623,-0.5212193675840611,-0.4806386823980052
3.8954895489548953,-0.500932479216847,-0.5212122229819012,-0.480634742622293
3.8965896589658966,-0.5009270155706798,-0.5212051202418838,-0.48063082714944927
3.897689768976897,-0.5009215839374825,-0.5211980591187274,-0.4806269358295603
3.8987898789878983,-0.5009161841296828,-0.5211910393685876,-0.4806230685136368
3.8998899889988996,-0.5009108159608068,-0.5211840607490489,-0.480619225053609
3.900990099009901,-0.5009054792454738,-0.5211771230191159,-0.48061540530232016
3.902090209020902,-0.5009001737993889,-0.5211702259392056,-0.4806116091135213
3.9031903190319026,-0.5008948994393373,-0.5211633692711385,-0.48060783634186577
3.904290429042904,-0.5008896559831775,-0.5211565527781308,-0.4806040868429031
3.905390539053905,-0.5008844432498354,-0.5211497762247861,-0.4806003604730744
3.9064906490649065,-0.5008792610592978,-0.5211430393770871,-0.4805966570897058
3.907590759075907,-0.500874109232606,-0.5211363420023879,-0.48059297655100386
3.908690869086908,-0.5008689875918503,-0.5211296838694054,-0.4805893187160496
3.9097909790979095,-0.5008638959601631,-0.5211230647482121,-0.48058568344479335
3.910891089108911,-0.5008588341617133,-0.5211164844102273,-0.48058207059804936
3.911991199119912,-0.5008538020216998,-0.5211099426282098,-0.4805784800374904
3.9130913091309125,-0.500848799366346,-0.5211034391762498,-0.4805749116256426
3.914191419141914,-0.5008438260228933,-0.5210969738297614,-0.48057136522587984
3.915291529152915,-0.5008388818195955,-0.5210905463654741,-0.4805678407024192
3.9163916391639164,-0.5008339665857124,-0.5210841565614263,-0.48056433792031505
3.917491749174917,-0.5008290801515047,-0.5210778041969562,-0.4805608567454541
3.918591859185918,-0.5008242223482272,-0.5210714890526954,-0.4805573970445506
3.9196919691969194,-0.5008193930081236,-0.5210652109105607,-0.4805539586851406
3.9207920792079207,-0.5008145919644206,-0.5210589695537469,-0.48055054153557786
3.921892189218922,-0.5008098190513219,-0.5210527647667186,-0.4805471454650275
3.9229922992299224,-0.5008050741040029,-0.5210465963352038,-0.4805437703434622
3.9240924092409237,-0.5008003569586044,-0.5210404640461858,-0.4805404160416563
3.925192519251925,-0.5007956674522276,-0.5210343676878958,-0.4805370824311819
3.9262926292629263,-0.500791005422928,-0.5210283070498064,-0.4805337693844025
3.9273927392739267,-0.50078637070971,-0.521022281922623,-0.4805304767744696
3.928492849284928,-0.5007817631525214,-0.5210162920982779,-0.4805272044753168
3.9295929592959293,-0.5007771825922478,-0.5210103373699222,-0.48052395236165557
3.9306930693069306,-0.5007726288707071,-0.5210044175319192,-0.48052072030896986
3.931793179317932,-0.5007681018306436,-0.5209985323798366,-0.48051750819351213
3.9328932893289323,-0.5007636013157236,-0.5209926817104408,-0.480514315892298
3.9339933993399336,-0.5007591271705292,-0.520986865321688,-0.4805111432831015
3.935093509350935,-0.5007546792405531,-0.520981083012719,-0.4805079902444511
3.9361936193619362,-0.5007502573721931,-0.5209753345838511,-0.48050485665562415
3.9372937293729366,-0.5007458614127476,-0.5209696198365718,-0.4805017423966428
3.938393839383938,-0.5007414912104088,-0.5209639385735314,-0.4804986473482694
3.9394939493949392,-0.5007371466142593,-0.520958290598537,-0.4804955713920016
3.9405940594059405,-0.5007328274742653,-0.5209526757165449,-0.48049251441006835
3.941694169416942,-0.5007285336412726,-0.5209470937336543,-0.4804894762854247
3.9427942794279423,-0.5007242649670004,-0.5209415444571005,-0.48048645690174796
3.9438943894389435,-0.5007200213040373,-0.5209360276952484,-0.4804834561434329
3.944994499449945,-0.500715802505835,-0.5209305432575856,-0.48048047389558746
3.946094609460946,-0.5007116084267045,-0.5209250909547158,-0.48047751004402817
3.9471947194719466,-0.50070743892181,-0.520919670598353,-0.48047456447527603
3.948294829482948,-0.5007032938471644,-0.5209142820013137,-0.48047163707655205
3.949394939493949,-0.5006991730596244,-0.5209089249775117,-0.48046872773577265
3.9504950495049505,-0.5006950764168853,-0.5209035993419509,-0.48046583634154605
3.9515951595159517,-0.5006910037774762,-0.5208983049107191,-0.48046296278316725
3.952695269526952,-0.5006869550007551,-0.5208930415009817,-0.4804601069506145
3.9537953795379535,-0.5006829299469042,-0.5208878089309755,-0.4804572687345442
3.9548954895489548,-0.5006789284769249,-0.5208826070200023,-0.4804544480262878
3.955995599559956,-0.5006749504526327,-0.5208774355884226,-0.48045164471784685
3.9570957095709565,-0.5006709957366533,-0.5208722944576493,-0.4804488587018888
3.9581958195819578,-0.5006670641924169,-0.5208671834501419,-0.48044608987174364
3.959295929592959,-0.500663155684154,-0.5208621023894002,-0.48044333812139917
3.9603960396039604,-0.5006592700768908,-0.5208570510999581,-0.4804406033454972
3.9614961496149617,-0.5006554072364441,-0.5208520294073773,-0.4804378854393292
3.962596259625962,-0.5006515670294169,-0.520847037138242,-0.4804351842988328
3.9636963696369634,-0.5006477493231941,-0.5208420741201524,-0.48043249982058756
3.9647964796479647,-0.5006439539859374,-0.5208371401817187,-0.48042983190181077
3.965896589658966,-0.5006401808865809,-0.5208322351525553,-0.48042718044035393
3.9669966996699664,-0.5006364298948269,-0.5208273588632751,-0.4804245453346986
3.9680968096809677,-0.5006327008811411,-0.5208225111454835,-0.48042192648395254
3.969196919691969,-0.5006289937167478,-0.5208176918317723,-0.4804193237878458
3.9702970297029703,-0.5006253082736265,-0.5208129007557145,-0.48041673714672717
3.9713971397139716,-0.5006216444245062,-0.5208081377518581,-0.4804141664615599
3.972497249724972,-0.5006180020428619,-0.5208034026557204,-0.4804116116339183
3.9735973597359733,-0.5006143810029098,-0.5207986953037828,-0.48040907256598386
3.9746974697469746,-0.5006107811796033,-0.5207940155334844,-0.48040654916054115
3.975797579757976,-0.5006072024486284,-0.520789363183217,-0.4804040413209749
3.9768976897689763,-0.5006036446863995,-0.5207847380923193,-0.48040154895126563
3.9779977997799776,-0.5006001077700549,-0.5207801401010714,-0.48039907195598586
3.979097909790979,-0.5005965915774531,-0.5207755690506891,-0.4803966102402971
3.98019801980198,-0.5005930959871682,-0.5207710247833186,-0.4803941637099459
3.9812981298129806,-0.5005896208784855,-0.5207665071420311,-0.4803917322712601
3.982398239823982,-0.500586166131398,-0.5207620159708173,-0.4803893158311452
3.983498349834983,-0.5005827316266014,-0.5207575511145818,-0.48038691429708125
3.9845984598459845,-0.5005793172454909,-0.5207531124191381,-0.4803845275771188
3.985698569856986,-0.5005759228701562,-0.5207486997312031,-0.48038215557987585
3.986798679867986,-0.5005725483833784,-0.5207443128983918,-0.4803797982145339
3.9878987898789875,-0.5005691936686248,-0.5207399517692123,-0.48037745539083454
3.988998899889989,-0.500565858610046,-0.5207356161930599,-0.4803751270190765
3.99009900990099,-0.5005625430924712,-0.5207313060202124,-0.4803728130101116
3.9911991199119905,-0.5005592470014042,-0.5207271285306969,-0.4803705132753414
3.992299229922992,-0.50055597022302,-0.5207230498656397,-0.4803682277267144
3.993399339933993,-0.5005527126441605,-0.5207189940789428,-0.4803659562767221
3.9944994499449944,-0.5005494741523304,-0.5207149610422755,-0.48036369883839547
3.9955995599559957,-0.5005462546356938,-0.5207109506280264,-0.4803614553253025
3.996699669966996,-0.5005430539830698,-0.5207069627093002,-0.480359225651544
3.9977997799779974,-0.500539872083929,-0.5207029971599131,-0.48035700973175055
3.9988998899889987,-0.5005367088283901,-0.5206990538543894,-0.48035480748107984
4.0,-0.5005335641072148,-0.5206951326679572,-0.4803526188152123
4.001100110011,-0.5005304378118055,-0.5206912334765443,-0.48035044365034896
4.002200220022002,-0.5005273298342007,-0.5206873561567745,-0.48034828190320755
4.003300330033003,-0.5005242400670713,-0.5206835005859639,-0.4803461334910195
4.004400440044004,-0.5005211684037174,-0.5206796666421164,-0.48034399833152697
4.005500550055006,-0.5005181147380642,-0.5206758542039205,-0.4803418763429794
4.006600660066006,-0.5005150789646581,-0.5206720631507449,-0.48033976744413076
4.007700770077007,-0.5005120609786636,-0.5206682933626353,-0.4803376715542357
4.008800880088009,-0.5005090606758598,-0.5206645447203099,-0.48033558859304726
4.00990099009901,-0.5005060779526358,-0.5206608171051561,-0.48033351848081374
4.01100110011001,-0.5005031127059884,-0.5206571103992269,-0.48033146113827485
4.012101210121012,-0.5005001648335174,-0.5206534244852365,-0.4803294164866597
4.013201320132013,-0.500497234233423,-0.5206497592465573,-0.48032738444768297
4.014301430143014,-0.5004943208045016,-0.5206461145672155,-0.4803253649435425
4.0154015401540155,-0.5004914244461427,-0.5206424903318885,-0.48032335789691594
4.016501650165016,-0.5004885450583254,-0.5206388864258998,-0.48032136323095775
4.017601760176017,-0.5004856825416146,-0.5206353027352167,-0.4803193808692968
4.0187018701870185,-0.5004828367971581,-0.5206317391464459,-0.48031741073603273
4.01980198019802,-0.5004800077266827,-0.5206281955468303,-0.4803154527557335
4.02090209020902,-0.5004771952324909,-0.520624671824245,-0.48031350685343244
4.0220022002200215,-0.500474399217458,-0.5206211678671945,-0.4803115729546251
4.023102310231023,-0.5004716195850282,-0.5206176835648082,-0.4803096509852669
4.024202420242024,-0.5004688562392112,-0.5206142188068378,-0.48030774087176986
4.025302530253025,-0.5004661090845797,-0.5206107734836533,-0.48030584254099984
4.026402640264026,-0.5004633780262648,-0.5206073474862394,-0.4803039559202741
4.027502750275027,-0.5004606629699543,-0.5206039407061926,-0.48030208093735804
4.028602860286028,-0.5004579638218878,-0.5206005530357176,-0.4803002175204627
4.02970297029703,-0.5004552804888548,-0.5205971843676234,-0.4802983655982418
4.03080308030803,-0.5004526128781907,-0.5205938345953202,-0.4802965250997896
4.031903190319031,-0.5004499608977739,-0.5205905036128164,-0.48029469595463725
4.033003300330033,-0.5004473244560227,-0.5205871913147149,-0.4802928780927509
4.034103410341034,-0.5004447034618917,-0.5205838975962096,-0.48029107144452865
4.035203520352035,-0.5004420978248695,-0.5205806223530826,-0.48028927594079784
4.036303630363036,-0.5004395074549742,-0.5205773654817001,-0.4802874915128127
4.037403740374037,-0.500436932262752,-0.5205741268790101,-0.4802857180922513
4.038503850385038,-0.5004343721592726,-0.5205709064425383,-0.4802839556112133
4.03960396039604,-0.500431827056127,-0.5205677040703857,-0.4802822040022171
4.04070407040704,-0.5004292968654244,-0.5205645196612242,-0.4802804631981975
4.041804180418041,-0.5004267814997886,-0.5205613531142944,-0.480278733132503
4.042904290429043,-0.5004242808723557,-0.5205582043294024,-0.4802770137388932
4.044004400440044,-0.5004217948967705,-0.5205550732069157,-0.48027530495153625
4.045104510451045,-0.500419323487184,-0.5205519596477612,-0.4802736067050064
4.046204620462046,-0.50041686655825,-0.5205488635534212,-0.48027191893428156
4.047304730473047,-0.5004144240251225,-0.5205457848259307,-0.48027024157474074
4.048404840484048,-0.5004119958034526,-0.5205427233678743,-0.4802685745621613
4.0495049504950495,-0.5004095818093857,-0.5205396790823831,-0.48026691783271735
4.05060506050605,-0.5004071819595584,-0.5205366518731311,-0.48026527132297614
4.051705170517051,-0.5004047961710957,-0.5205336416443332,-0.4802636349698963
4.052805280528053,-0.5004024243616084,-0.5205306483007414,-0.4802620087108258
4.053905390539054,-0.5004000664491899,-0.5205276717476417,-0.4802603924834985
4.055005500550055,-0.5003977223524136,-0.5205247118908516,-0.4802587862260326
4.056105610561056,-0.5003953919903299,-0.5205217686367171,-0.4802571898769281
4.057205720572057,-0.5003930752824635,-0.5205188418921091,-0.48025560337506434
4.058305830583058,-0.5003907721488107,-0.520515931564421,-0.4802540266596975
4.0594059405940595,-0.5003884825098366,-0.5205130375615661,-0.4802524596704587
4.06050605060506,-0.5003862062864721,-0.5205101597919737,-0.48025090234735135
4.061606160616061,-0.5003839434001117,-0.5205072981645869,-0.480249354630749
4.0627062706270625,-0.5003816937726102,-0.5205044525888597,-0.4802478164613929
4.063806380638064,-0.5003794573262805,-0.5205016229747538,-0.4802462877803899
4.064906490649065,-0.5003772339838906,-0.5204988092327362,-0.48024476852921016
4.0660066006600655,-0.5003750236686608,-0.5204960112737758,-0.480243258649685
4.067106710671067,-0.5003728263042615,-0.5204932290093411,-0.48024175808400427
4.068206820682068,-0.5003706418148105,-0.5204904623513973,-0.48024026677471465
4.069306930693069,-0.50036847012487,-0.5204877112124032,-0.48023878466471714
4.07040704070407,-0.500366311159444,-0.5204849755053087,-0.48023731169726513
4.071507150715071,-0.5003641648439763,-0.520482255143552,-0.48023584781596174
4.072607260726072,-0.5003620311043473,-0.5204795500410567,-0.48023439296475834
4.073707370737074,-0.500359909866872,-0.5204768601122297,-0.4802329470879517
4.074807480748075,-0.5003578010582967,-0.5204741852719575,-0.4802315101301825
4.075907590759075,-0.5003557046057974,-0.5204715254356044,-0.4802300820364326
4.077007700770077,-0.5003536204369762,-0.520468880519009,-0.4802286627520236
4.078107810781078,-0.5003515484798599,-0.5204662504384824,-0.480227252222614
4.079207920792079,-0.5003494886628969,-0.520463635110805,-0.48022585039419785
4.08030803080308,-0.5003474409149546,-0.5204610344532239,-0.48022445721310214
4.081408140814081,-0.5003454051653176,-0.5204584483834506,-0.48022307262598507
4.082508250825082,-0.5003433813436844,-0.5204558768196579,-0.4802216965798338
4.083608360836084,-0.5003413693801657,-0.5204533196804779,-0.48022032902196254
4.084708470847084,-0.5003393692052818,-0.5204507768849989,-0.48021896990001056
4.085808580858085,-0.5003373807499596,-0.5204482483527629,-0.48021761916193983
4.086908690869087,-0.5003354039455312,-0.5204457340037638,-0.48021627675603373
4.088008800880088,-0.5003334387237309,-0.5204432337584438,-0.48021494263089437
4.089108910891089,-0.500331485016693,-0.5204407475376912,-0.48021361673544105
4.09020902090209,-0.5003295427569493,-0.5204382752628386,-0.48021229901890816
4.091309130913091,-0.5003276118774271,-0.5204358168556595,-0.48021098943084317
4.092409240924092,-0.5003256923114467,-0.5204333722383663,-0.48020968792110474
4.0935093509350935,-0.5003237839927188,-0.5204309413336076,-0.4802083944398611
4.094609460946094,-0.500321886855343,-0.5204285240644662,-0.48020710893758756
4.095709570957095,-0.5003200008338046,-0.520426120354456,-0.480205831365065
4.0968096809680965,-0.5003181258629729,-0.5204237301275201,-0.480204561673378
4.097909790979098,-0.5003162618780989,-0.5204213533080283,-0.48020329981391285
4.099009900990099,-0.5003144088148128,-0.5204189898207744,-0.4802020457383557
4.1001100110010995,-0.5003125666091224,-0.5204166395909743,-0.48020079939869065
4.101210121012101,-0.5003107351974098,-0.5204143025442632,-0.48019956074719816
4.102310231023102,-0.5003089145164303,-0.5204119786066936,-0.48019832973645293
4.103410341034103,-0.5003071045033096,-0.5204096677047326,-0.48019710631932233
4.104510451045104,-0.500305305095542,-0.52040736976526,-0.4801958904489644
4.105610561056105,-0.5003035162309879,-0.5204050847155655,-0.4801946820788259
4.106710671067106,-0.5003017378478716,-0.5204028124833467,-0.48019348116264104
4.107810781078108,-0.5002999698847794,-0.520400552996707,-0.48019228765442956
4.108910891089109,-0.5002982122806581,-0.5203983061841528,-0.4801911015084944
4.110011001100109,-0.5002964649748113,-0.5203960719745918,-0.48018992267942084
4.111111111111111,-0.5002947279068988,-0.5203938502973302,-0.48018875112207393
4.112211221122112,-0.5002930010169336,-0.5203916410820708,-0.48018758679159723
4.113311331133113,-0.5002912842452806,-0.520389444258911,-0.4801864296434112
4.114411441144114,-0.5002895775326538,-0.5203872597583399,-0.4801852796332111
4.115511551155115,-0.5002878808201147,-0.5203850875112367,-0.4801841367169656
4.116611661166116,-0.50028619404907,-0.5203829274488684,-0.4801830008509148
4.117711771177118,-0.50028451716127,-0.5203807795028874,-0.48018187199156903
4.118811881188119,-0.5002828500988059,-0.5203786436053296,-0.4801807500957066
4.119911991199119,-0.5002811928041087,-0.520376519688612,-0.48017963512037265
4.121012101210121,-0.500279545219946,-0.5203744076855307,-0.4801785270228771
4.122112211221122,-0.5002779072894216,-0.5203723075292589,-0.48017742576079336
4.123212321232123,-0.5002762789559719,-0.5203702191533445,-0.4801763312919566
4.124312431243124,-0.5002746601633654,-0.5203681424917084,-0.48017524357446184
4.125412541254125,-0.5002730508556994,-0.5203660774786417,-0.4801741625666628
4.126512651265126,-0.5002714509773993,-0.5203640240488044,-0.4801730882271701
4.1276127612761275,-0.5002698604732159,-0.5203619821372233,-0.48017202051484953
4.128712871287129,-0.5002682792882237,-0.520359951679289,-0.4801709593888207
4.129812981298129,-0.500266707367819,-0.5203579326107548,-0.48016990480845556
4.1309130913091305,-0.5002651446577182,-0.5203559248677345,-0.4801688567333764
4.132013201320132,-0.5002635911039555,-0.5203539283867001,-0.48016781512345474
4.133113311331133,-0.5002620466528817,-0.5203519431044802,-0.4801667799388095
4.1342134213421335,-0.5002605112511613,-0.5203499689582574,-0.480165751139806
4.135313531353135,-0.5002589848457721,-0.5203480058855667,-0.4801647286870534
4.136413641364136,-0.5002574673840021,-0.5203460538242939,-0.48016371254140444
4.137513751375137,-0.5002559588134482,-0.5203441127126727,-0.480162702663953
4.138613861386139,-0.5002544590820143,-0.5203421824892834,-0.4801616990160332
4.139713971397139,-0.5002529681379096,-0.520340263093051,-0.48016070155921753
4.1408140814081404,-0.500251485929647,-0.5203383544632431,-0.48015971025531534
4.141914191419142,-0.5002500124060405,-0.5203364565394677,-0.480158725066372
4.143014301430143,-0.5002485475162047,-0.5203345692616717,-0.48015774595466665
4.1441144114411435,-0.5002470912095519,-0.5203326925701388,-0.4801567728827112
4.145214521452145,-0.5002456434357909,-0.520330826405488,-0.480155805813249
4.146314631463146,-0.5002442041449251,-0.5203289707086708,-0.48015484470925285
4.147414741474147,-0.5002427732872512,-0.5203271254209704,-0.48015388953392435
4.148514851485149,-0.5002413508133566,-0.5203252904839991,-0.4801529402506919
4.149614961496149,-0.5002399366741187,-0.5203234658396968,-0.4801519968232094
4.15071507150715,-0.5002385308207024,-0.5203216514303292,-0.48015105921535506
4.151815181518152,-0.5002371332045588,-0.5203198471984856,-0.4801501273912301
4.152915291529153,-0.5002357437774236,-0.5203180530870773,-0.4801492013151568
4.154015401540153,-0.5002343624913151,-0.5203162690393364,-0.48014828095167783
4.155115511551155,-0.500232989298533,-0.5203144949988125,-0.48014736626555443
4.156215621562156,-0.5002316241516561,-0.5203127309093728,-0.4801464572217652
4.157315731573157,-0.5002302670035415,-0.5203109767151987,-0.48014555378550494
4.158415841584159,-0.5002289178073221,-0.520309232360785,-0.48014465592218303
4.159515951595159,-0.5002275765164059,-0.5203074977909375,-0.48014376359742217
4.16061606160616,-0.5002262430844733,-0.5203057729507722,-0.48014287677705725
4.161716171617162,-0.5002249174654765,-0.5203040577857125,-0.48014199542713387
4.162816281628163,-0.5002235996136375,-0.520302352241488,-0.4801411195139069
4.163916391639163,-0.5002222894834464,-0.5203006562641329,-0.4801402490038398
4.165016501650165,-0.5002209870296599,-0.5202989697999838,-0.48013938386360233
4.166116611661166,-0.5002196922073,-0.5202972927956787,-0.4801385240600703
4.167216721672167,-0.500218404971652,-0.5202956251981545,-0.48013766956032367
4.1683168316831685,-0.5002171252782636,-0.5202939669546462,-0.4801368203316456
4.169416941694169,-0.5002158530829423,-0.5202923180126844,-0.48013597634152083
4.17051705170517,-0.500214588341755,-0.5202906783200941,-0.48013513755763493
4.1716171617161715,-0.500213331011026,-0.5202890478249932,-0.4801343039478726
4.172717271727173,-0.5002120810473356,-0.5202874264757902,-0.4801334754803168
4.173817381738173,-0.5002108384075181,-0.5202858142211835,-0.4801326521232472
4.1749174917491745,-0.5002096030486611,-0.5202842110101588,-0.48013183384513947
4.176017601760176,-0.5002083749281033,-0.5202826167919881,-0.4801310206146632
4.177117711771177,-0.5002071540034339,-0.5202810315162281,-0.4801302124006819
4.178217821782178,-0.5002059402324899,-0.5202794551327184,-0.48012940917225055
4.179317931793179,-0.5002047335733559,-0.5202778875915799,-0.48012861089861536
4.18041804180418,-0.5002035339843618,-0.5202763288432131,-0.4801278175492123
4.181518151815181,-0.5002023414240819,-0.5202747788382971,-0.48012702909366556
4.182618261826183,-0.500201155851333,-0.5202732375277874,-0.48012624550178695
4.183718371837183,-0.5001999772251731,-0.5202717048629147,-0.4801254667435745
4.184818481848184,-0.5001988055049006,-0.5202701807951833,-0.4801246927892112
4.185918591859186,-0.5001976406500518,-0.5202686652763693,-0.4801239236090641
4.187018701870187,-0.5001964826204004,-0.5202671582585195,-0.48012315917368276
4.188118811881187,-0.5001953313759557,-0.5202656596939498,-0.48012239945379875
4.189218921892189,-0.5001941868769615,-0.5202641695352431,-0.4801216444203241
4.19031903190319,-0.5001930490838943,-0.520262687735249,-0.4801208940443502
4.191419141914191,-0.5001919179574622,-0.5202612142470807,-0.48012014829714666
4.192519251925193,-0.5001907934586037,-0.5202597490241153,-0.48011940715016055
4.193619361936193,-0.5001896755484861,-0.5202582920199907,-0.4801186705750149
4.194719471947194,-0.5001885641885041,-0.5202568431886053,-0.4801179385435079
4.195819581958196,-0.5001874593402786,-0.5202554024841158,-0.48011721102761173
4.196919691969197,-0.5001863609656558,-0.5202539698609364,-0.48011648799947115
4.198019801980197,-0.5001852690267048,-0.5202525452737367,-0.4801157694314032
4.199119911991199,-0.5001841834857175,-0.5202511286774406,-0.4801150552958954
4.2002200220022,-0.5001831043052062,-0.520249720027225,-0.48011434556560506
4.201320132013201,-0.5001820314479035,-0.520248319278518,-0.4801136402133581
4.2024202420242025,-0.5001809648767599,-0.5202469263869981,-0.48011293921214815
4.203520352035203,-0.500179904554943,-0.5202455413085919,-0.4801122425351355
4.204620462046204,-0.5001788504458364,-0.5202441639994737,-0.48011155015564566
4.2057205720572055,-0.5001778025130383,-0.5202427944160632,-0.48011086204716913
4.206820682068207,-0.5001767607203599,-0.520241432515025,-0.48011017818335977
4.207920792079207,-0.5001757250318245,-0.5202400782532663,-0.48010949853803364
4.2090209020902085,-0.5001746954116665,-0.5202387315879365,-0.4801088230851689
4.21012101210121,-0.5001736718243295,-0.5202373924764251,-0.48010815179890376
4.211221122112211,-0.5001726542344656,-0.5202360608763604,-0.48010748465353614
4.212321232123212,-0.500171642606934,-0.5202347367456089,-0.4801068216235226
4.213421342134213,-0.5001706369067999,-0.520233420042273,-0.48010616268347706
4.214521452145214,-0.5001696370993329,-0.5202321107246904,-0.4801055078081702
4.215621562156215,-0.5001686431500065,-0.5202308087514322,-0.48010485697252814
4.216721672167217,-0.500167655024496,-0.5202295140813022,-0.48010421015163196
4.217821782178217,-0.5001666726886784,-0.5202282266733351,-0.48010356732071613
4.218921892189218,-0.5001656961086302,-0.5202269464867953,-0.4801029284551682
4.22002200220022,-0.5001647252506267,-0.520225673481176,-0.48010229353052736
4.221122112211221,-0.500163760081141,-0.5202244076161973,-0.48010166252248365
4.222222222222222,-0.5001628005668426,-0.5202231488518054,-0.4801010354068772
4.223322332233223,-0.5001618466745962,-0.5202218971481711,-0.4801004121596971
4.224422442244224,-0.5001608983714606,-0.5202206524656888,-0.4800997927570806
4.225522552255225,-0.5001599556246878,-0.5202194147649748,-0.48009917717531214
4.226622662266227,-0.5001590184017215,-0.5202181840068665,-0.4800985653908223
4.227722772277227,-0.5001580866701963,-0.5202169601524209,-0.48009795738018735
4.228822882288228,-0.5001571603979365,-0.5202157431629133,-0.4800973531201278
4.22992299229923,-0.5001562395529545,-0.5202145329998366,-0.48009675258750784
4.231023102310231,-0.5001553241034506,-0.5202133296248992,-0.4800961557593343
4.232123212321232,-0.5001544140178112,-0.5202121330000248,-0.4800955626127561
4.233223322332233,-0.500153509264608,-0.5202109430873502,-0.4800949731250629
4.234323432343234,-0.5001526098125969,-0.520209759849225,-0.48009438727368436
4.235423542354235,-0.5001517156307166,-0.5202085832482097,-0.4800938050361896
4.2365236523652365,-0.5001508266880882,-0.520207413247075,-0.48009322639028607
4.237623762376237,-0.5001499429540133,-0.5202062498088003,-0.4800926513138186
4.238723872387238,-0.5001490643979738,-0.5202050928965727,-0.48009207978476875
4.2398239823982395,-0.50014819098963,-0.5202039424737857,-0.480091511781254
4.240924092409241,-0.5001473226988203,-0.5202027985040384,-0.4800909472815267
4.242024202420242,-0.5001464594955597,-0.5202016609511338,-0.48009038626397327
4.2431243124312426,-0.5001456013500388,-0.5202005297790782,-0.4800898287071136
4.244224422442244,-0.500144748232623,-0.5201994049520794,-0.48008927458960016
4.245324532453245,-0.5001439001138513,-0.5201982864345465,-0.48008872389021695
4.2464246424642464,-0.5001430569644353,-0.5201971741910878,-0.48008817658787883
4.247524752475247,-0.5001422187552581,-0.5201960681865102,-0.4800876326616309
4.248624862486248,-0.5001413854573736,-0.5201949683858184,-0.48008709209064726
4.2497249724972495,-0.5001405570420053,-0.5201938747542127,-0.4800865548542307
4.250825082508251,-0.5001397334805451,-0.5201927872570893,-0.4800860209318115
4.251925192519252,-0.5001389147445527,-0.520191705860038,-0.4800854903029471
4.2530253025302525,-0.5001381008057544,-0.520190630528842,-0.48008496294732084
4.254125412541254,-0.500137291636042,-0.520189561229476,-0.4800844388447413
4.255225522552255,-0.5001364872074724,-0.520188497928106,-0.4800839179751418
4.256325632563256,-0.5001356874922658,-0.5201874405910875,-0.48008340031857943
4.257425742574257,-0.5001348924628054,-0.5201863891849647,-0.4800828858552342
4.258525852585258,-0.5001341020916361,-0.5201853436764697,-0.48008237456540837
4.259625962596259,-0.5001333163514639,-0.5201843040325211,-0.48008186642952577
4.260726072607261,-0.5001325352151542,-0.520183270220223,-0.48008136142813107
4.261826182618262,-0.5001317586557321,-0.520182242206864,-0.48008085954188884
4.262926292629262,-0.5001309866463801,-0.5201812199599163,-0.4800803607515829
4.264026402640264,-0.5001302191604383,-0.5201802034470345,-0.4800798650381156
4.265126512651265,-0.5001294561714028,-0.5201791926360546,-0.4800793723825073
4.266226622662266,-0.5001286976529249,-0.5201781874949931,-0.48007888276589517
4.267326732673267,-0.5001279435788106,-0.5201771879920458,-0.48007839616953296
4.268426842684268,-0.500127193923019,-0.5201761940955871,-0.4800779125747898
4.269526952695269,-0.500126448659662,-0.5201752057741685,-0.48007743196315
4.270627062706271,-0.5001257077630032,-0.520174222996518,-0.480076954316212
4.271727172717272,-0.5001249712074569,-0.5201732457315393,-0.48007647961568767
4.272827282728272,-0.5001242389675874,-0.5201722739483102,-0.48007600784340176
4.273927392739274,-0.5001235110181079,-0.5201713076160821,-0.4800755389812912
4.275027502750275,-0.50012278733388,-0.5201703467042786,-0.4800750730114042
4.276127612761276,-0.5001220678899123,-0.5201693911824953,-0.4800746099158998
4.277227722772277,-0.5001213526613602,-0.520168441020498,-0.4800741496770471
4.278327832783278,-0.5001206416235241,-0.5201674961882221,-0.48007369227722463
4.279427942794279,-0.5001199347518497,-0.5201665566557717,-0.4800732376989194
4.2805280528052805,-0.5001192320219262,-0.5201656223934189,-0.4800727859247267
4.281628162816282,-0.5001185334094862,-0.520164693371602,-0.48007233693734896
4.282728272827282,-0.5001178388904041,-0.5201637695609254,-0.48007189071959566
4.2838283828382835,-0.5001171484406958,-0.5201628509321583,-0.4800714472543818
4.284928492849285,-0.5001164620365178,-0.5201619374562342,-0.4800710065247282
4.286028602860286,-0.5001157796541662,-0.5201610291042492,-0.4800705685137604
4.2871287128712865,-0.5001151012700762,-0.5201601258474617,-0.4800701332047077
4.288228822882288,-0.5001144268608206,-0.5201592276572915,-0.48006970058090315
4.289328932893289,-0.5001137564031101,-0.5201583345053183,-0.48006927062578253
4.29042904290429,-0.5001130898737913,-0.5201574463632817,-0.4800688433228838
4.291529152915292,-0.5001124272498468,-0.5201565632030792,-0.4800684186558465
4.292629262926292,-0.5001117685083941,-0.5201556849967668,-0.48006799660841093
4.293729372937293,-0.5001111136266844,-0.5201548117165564,-0.48006757716441784
4.294829482948295,-0.5001104625821026,-0.5201539433348162,-0.4800671603078077
4.295929592959296,-0.5001098153521657,-0.5201530798240696,-0.48006674602262
4.297029702970296,-0.500109171914523,-0.5201522211569934,-0.4800663342929925
4.298129812981298,-0.5001085322469542,-0.5201513673064184,-0.48006592510316115
4.299229922992299,-0.5001078963273694,-0.5201505182453275,-0.4800655184374589
4.3003300330033,-0.5001072641338083,-0.5201496739468552,-0.4800651142803153
4.301430143014301,-0.5001066356444391,-0.5201488343842864,-0.48006471261625616
4.302530253025302,-0.500106010837558,-0.5201479995310564,-0.48006431342990263
4.303630363036303,-0.5001053896915881,-0.520147169360749,-0.4800639167059707
4.304730473047305,-0.5001047721850793,-0.5201463438470966,-0.48006352242927064
4.305830583058306,-0.500104158296707,-0.5201455229639785,-0.4800631305847066
4.306930693069306,-0.5001035480052716,-0.5201447066854209,-0.48006274115727554
4.308030803080308,-0.5001029412896976,-0.5201438949855955,-0.4800623541320671
4.309130913091309,-0.500102338129033,-0.520143087838819,-0.48006196949426305
4.31023102310231,-0.5001017385024489,-0.5201422852195521,-0.4800615872291365
4.311331133113311,-0.5001011423892379,-0.5201414871023986,-0.48006120732205115
4.312431243124312,-0.5001005497688142,-0.520140693462105,-0.4800608297584613
4.313531353135313,-0.5000999606207129,-0.5201399042735593,-0.4800604545239109
4.3146314631463145,-0.5000993749245886,-0.5201391195117904,-0.4800600816040329
4.315731573157316,-0.5000987926602151,-0.5201383391519674,-0.48005971098454914
4.316831683168316,-0.500098213807485,-0.5201375631693985,-0.48005934265126926
4.3179317931793175,-0.5000976383464084,-0.5201367915395304,-0.4800589765900908
4.319031903190319,-0.5000970662571129,-0.5201360242379477,-0.4800586127869978
4.32013201320132,-0.5000964975198422,-0.5201352612403719,-0.48005825122806123
4.3212321232123205,-0.500095932114956,-0.5201345025226605,-0.4800578918994378
4.322332233223322,-0.5000953700229288,-0.5201337480608066,-0.48005753478736946
4.323432343234323,-0.5000948112243497,-0.5201329978309379,-0.4800571798781832
4.324532453245324,-0.5000942556999217,-0.5201322518093161,-0.48005682715829034
4.325632563256326,-0.5000937034304604,-0.5201315099723359,-0.48005647661418605
4.326732673267326,-0.5000931543968944,-0.5201307722965246,-0.4800561282324486
4.327832783278327,-0.5000926085802634,-0.5201300387585409,-0.4800557819997394
4.328932893289329,-0.5000920659617186,-0.5201293093351746,-0.4800554379028019
4.33003300330033,-0.5000915265225216,-0.5201285840033458,-0.4800550959284613
4.33113311331133,-0.5000909902440438,-0.5201278627401038,-0.48005475606362424
4.332233223322332,-0.5000904571077656,-0.520127145522627,-0.48005441829527795
4.333333333333333,-0.500089927095276,-0.5201264323282212,-0.4800540826104901
4.334433443344334,-0.5000894001882721,-0.5201257231343202,-0.48005374899640785
4.335533553355336,-0.5000888763685577,-0.5201250179184839,-0.4800534174402581
4.336633663366336,-0.5000883556180437,-0.5201243166583984,-0.4800530879293462
4.337733773377337,-0.5000878379187468,-0.5201236193318746,-0.4800527604510558
4.338833883388339,-0.5000873232527892,-0.5201229259168482,-0.48005243499284855
4.33993399339934,-0.5000868116023977,-0.5201222363913784,-0.48005211154226335
4.34103410341034,-0.5000863029499032,-0.5201215507336479,-0.480051790086916
4.342134213421342,-0.5000857972777403,-0.5201208689219611,-0.4800514706144986
4.343234323432343,-0.5000852945684464,-0.5201201909347446,-0.48005115311277935
4.344334433443344,-0.5000847948046613,-0.520119516750546,-0.48005083756960165
4.3454345434543455,-0.5000842979691263,-0.5201188463480331,-0.48005052397288417
4.346534653465346,-0.5000838040446843,-0.5201181797059933,-0.48005021231061995
4.347634763476347,-0.5000833130142783,-0.5201175168033331,-0.4800499025708761
4.3487348734873486,-0.5000828248609512,-0.5201168576190772,-0.4800495947417933
4.34983498349835,-0.5000823395678456,-0.5201162021323682,-0.4800492888115855
4.35093509350935,-0.5000818571182027,-0.5201155503224655,-0.4800489847685393
4.352035203520352,-0.5000813774953619,-0.5201149021687448,-0.48004868260101363
4.353135313531353,-0.50008090068276,-0.5201142576506976,-0.48004838229743896
4.354235423542354,-0.5000804266639312,-0.5201136167479304,-0.4800480838463175
4.3553355335533555,-0.500079955422506,-0.5201129794401641,-0.4800477872362221
4.356435643564356,-0.500079486942211,-0.5201123457072334,-0.48004749245579625
4.357535753575357,-0.5000790212068679,-0.520111715529086,-0.4800471994937534
4.3586358635863585,-0.5000785582003932,-0.5201110888857821,-0.48004690833887675
4.35973597359736,-0.5000780979067977,-0.5201104657574938,-0.48004661898001844
4.36083608360836,-0.5000776403101861,-0.5201098461245044,-0.48004633140609976
4.3619361936193615,-0.5000771853947559,-0.5201092299672079,-0.4800460456061101
4.363036303630363,-0.5000767331447974,-0.5201086172661081,-0.4800457615691066
4.364136413641364,-0.5000762835446929,-0.5201080080018182,-0.48004547928421437
4.365236523652365,-0.5000758365789162,-0.5201074021550602,-0.4800451987406251
4.366336633663366,-0.500075392232032,-0.5201067997066644,-0.48004491992759757
4.367436743674367,-0.5000749504886954,-0.5201062006375682,-0.48004464283445647
4.368536853685368,-0.5000745113336519,-0.5201056049288163,-0.48004436745059265
4.36963696369637,-0.5000740747517356,-0.5201050125615595,-0.4800440937654622
4.37073707370737,-0.5000736407278701,-0.5201044235170545,-0.4800438217685862
4.371837183718371,-0.5000732092470669,-0.5201038377766631,-0.4800435514495507
4.372937293729373,-0.5000727802944256,-0.5201032553218516,-0.48004328279800557
4.374037403740374,-0.500072353855133,-0.5201026761341903,-0.48004301580366493
4.375137513751375,-0.5000719299144629,-0.5201021001953526,-0.48004275045630596
4.376237623762376,-0.500071508457775,-0.5201015274871154,-0.4800424867457691
4.377337733773377,-0.500071089470515,-0.5201009579913569,-0.48004222466195756
4.378437843784378,-0.500070672938214,-0.5201003916900578,-0.4800419641948367
4.37953795379538,-0.5000702588464874,-0.5200998285652992,-0.4800417053344337
4.38063806380638,-0.5000698471810356,-0.5200992685992633,-0.4800414480708374
4.381738173817381,-0.5000694379276422,-0.5200987117742316,-0.48004119239419785
4.382838283828383,-0.5000690310721744,-0.5200981580725856,-0.4800409382947255
4.383938393839384,-0.500068626600582,-0.5200976074768053,-0.48004068576269165
4.385038503850385,-0.5000682244988973,-0.520097059969469,-0.4800404347884274
4.386138613861386,-0.5000678247532344,-0.5200965155332529,-0.4800401853623234
4.387238723872387,-0.5000674273497887,-0.52009597415093,-0.48003993747482965
4.388338833883388,-0.5000670322748365,-0.5200954358053703,-0.48003969111645506
4.3894389438943895,-0.5000666395147346,-0.5200949004795399,-0.4800394462777672
4.39053905390539,-0.5000662490559196,-0.5200943681565,-0.48003920294939173
4.391639163916391,-0.5000658608849077,-0.5200938388194073,-0.48003896112201205
4.3927392739273925,-0.5000654749882939,-0.5200933124515128,-0.4800387207863691
4.393839383938394,-0.500065091352752,-0.5200927890361614,-0.48003848193326104
4.394939493949395,-0.5000647099650339,-0.5200922685567916,-0.4800382445535427
4.3960396039603955,-0.5000643308119689,-0.5200917509969344,-0.4800380086381253
4.397139713971397,-0.5000639538804634,-0.5200912363402137,-0.4800377741779761
4.398239823982398,-0.500063579157501,-0.5200907245703448,-0.4800375411641181
4.399339933993399,-0.5000632066301409,-0.5200902156711348,-0.4800373095876299
4.4004400440044,-0.5000628362855187,-0.520089709626481,-0.4800370794396448
4.401540154015401,-0.5000624681108452,-0.5200892064203719,-0.48003685071135094
4.402640264026402,-0.500062102093406,-0.520088706036885,-0.4800366233939908
4.403740374037404,-0.5000617382205612,-0.5200882084601873,-0.48003639747886084
4.404840484048404,-0.5000613764797451,-0.5200877136745351,-0.4800361729573114
4.405940594059405,-0.5000610168584657,-0.5200872216642725,-0.48003594982074593
4.407040704070407,-0.5000606593443039,-0.5200867324138314,-0.4800357280606211
4.408140814081408,-0.5000603039249136,-0.5200862459077316,-0.48003550766844616
4.409240924092409,-0.500059950588021,-0.5200857621305789,-0.4800352886357827
4.41034103410341,-0.5000595993214241,-0.5200852810670661,-0.4800350709542446
4.411441144114411,-0.5000592501129926,-0.5200848027019715,-0.4800348546154971
4.412541254125412,-0.500058902950667,-0.5200843270201593,-0.48003463961125725
4.413641364136414,-0.5000585578224588,-0.5200838540065778,-0.4800344259332928
4.414741474147414,-0.5000582147164495,-0.5200833836462603,-0.4800342135734227
4.415841584158415,-0.5000578736207903,-0.5200829159243239,-0.480034002523516
4.416941694169417,-0.5000575345237024,-0.5200824508259693,-0.4800337927754922
4.418041804180418,-0.5000571974134752,-0.52008198833648,-0.48003358432132026
4.419141914191419,-0.5000568622784675,-0.5200815284412221,-0.4800333771530192
4.42024202420242,-0.5000565291071057,-0.5200810711256441,-0.48003317126265677
4.421342134213421,-0.5000561978878846,-0.5200806163752755,-0.48003296664235007
4.422442244224422,-0.5000558686093657,-0.5200801641757276,-0.4800327632842645
4.4235423542354235,-0.500055541260178,-0.520079714512692,-0.480032561180614
4.424642464246424,-0.5000552158290174,-0.5200792673719407,-0.48003236032366037
4.425742574257425,-0.5000548923046451,-0.5200788227393256,-0.4800321607057133
4.4268426842684265,-0.5000545706758891,-0.5200783806007778,-0.4800319623191298
4.427942794279428,-0.5000542509316424,-0.5200779409423074,-0.4800317651563142
4.429042904290429,-0.5000539330608631,-0.5200775037500031,-0.48003156920971735
4.4301430143014295,-0.500053617052574,-0.5200770690100313,-0.4800313744718371
4.431243124312431,-0.5000533028958624,-0.5200766367086361,-0.48003118093521724
4.432343234323432,-0.5000529905798794,-0.5200762068321392,-0.48003098859244764
4.433443344334433,-0.5000526800938395,-0.5200757793669384,-0.48003079743616406
4.434543454345434,-0.5000523714270207,-0.5200753542995082,-0.48003060745904746
4.435643564356435,-0.5000520645687638,-0.5200749316163987,-0.480030418653824
4.436743674367436,-0.5000517595084718,-0.5200745113042358,-0.4800302310132647
4.437843784378438,-0.50005145623561,-0.52007409334972,-0.4800300445301853
4.438943894389439,-0.5000511547397054,-0.5200736777396266,-0.4800298591974458
4.4400440044004394,-0.5000508550103462,-0.5200732644608054,-0.48002967500795013
4.441144114411441,-0.5000505570371818,-0.5200728535001793,-0.48002949195464606
4.442244224422442,-0.5000502608099222,-0.520072444844745,-0.48002931003052485
4.443344334433443,-0.5000499663183378,-0.5200720384815721,-0.4800291292286212
4.444444444444444,-0.5000496735522586,-0.5200716343978027,-0.48002894954201236
4.445544554455445,-0.5000493825015745,-0.5200712325806508,-0.4800287709638188
4.446644664466446,-0.5000490931562345,-0.5200708330174025,-0.48002859348720284
4.447744774477448,-0.5000488055062466,-0.5200704356954151,-0.4800284171053695
4.448844884488449,-0.5000485195416772,-0.5200700406021165,-0.48002824181156545
4.449944994499449,-0.5000482352526511,-0.5200696477250055,-0.480028067599079
4.451045104510451,-0.5000479526293506,-0.520069257051651,-0.48002789446123995
4.452145214521452,-0.500047671662016,-0.5200688685696913,-0.48002772239141933
4.453245324532453,-0.5000473923409445,-0.5200684822668343,-0.4800275513830289
4.454345434543454,-0.5000471146564902,-0.5200680981308571,-0.48002738142952106
4.455445544554455,-0.5000468385990637,-0.5200677161496047,-0.48002721252438885
4.456545654565456,-0.5000465641591318,-0.5200673363109908,-0.48002704466116497
4.457645764576458,-0.5000462913272171,-0.5200669586029968,-0.48002687783342257
4.458745874587459,-0.500046020093898,-0.5200665830136714,-0.480026712034774
4.459845984598459,-0.5000457504498076,-0.5200662095311304,-0.4800265472588713
4.460946094609461,-0.5000454823856345,-0.5200658381435563,-0.4800263834994054
4.462046204620462,-0.5000452158921213,-0.5200654688391978,-0.4800262207501065
4.463146314631463,-0.5000449509600652,-0.5200651016063697,-0.48002605900474327
4.464246424642464,-0.5000446875803171,-0.520064736433452,-0.4800258982571226
4.465346534653465,-0.5000444257437817,-0.5200643733088902,-0.4800257385010901
4.466446644664466,-0.5000441654414169,-0.5200640122211946,-0.48002557973052884
4.4675467546754675,-0.5000439066642337,-0.5200636531589397,-0.48002542193936004
4.468646864686469,-0.5000436494032954,-0.5200632961107643,-0.480025265121542
4.469746974697469,-0.5000433936497181,-0.5200629410653709,-0.48002510927107067
4.4708470847084705,-0.5000431393946696,-0.5200625880115253,-0.4800249543819788
4.471947194719472,-0.5000428866293698,-0.5200622369380564,-0.48002480044833606
4.473047304730473,-0.5000426353450897,-0.5200618878338557,-0.48002464746424867
4.4741474147414735,-0.5000423855331517,-0.520061540687877,-0.48002449542385917
4.475247524752475,-0.500042137184929,-0.5200611954891361,-0.4800243443213462
4.476347634763476,-0.5000418902918452,-0.5200608522267105,-0.48002419415092457
4.477447744774477,-0.5000416448453743,-0.5200605108897387,-0.48002404490684436
4.478547854785479,-0.5000414008370402,-0.5200601714674205,-0.4800238965833915
4.479647964796479,-0.5000411582584164,-0.5200598339490159,-0.4800237491748869
4.48074807480748,-0.5000409171011261,-0.5200594983238453,-0.48002360267568667
4.481848184818482,-0.5000406773568409,-0.5200591645812893,-0.48002345708018157
4.482948294829483,-0.500040439017282,-0.5200588327107876,-0.4800233123827973
4.484048404840483,-0.5000402020742185,-0.5200585027018392,-0.48002316857799343
4.485148514851485,-0.5000399665194681,-0.5200581745440024,-0.4800230256602642
4.486248624862486,-0.5000397323448963,-0.5200578482268936,-0.4800228836241375
4.487348734873487,-0.5000394995424161,-0.5200575237401878,-0.480022742464175
4.488448844884489,-0.5000392681039882,-0.5200572010736175,-0.48002260217497217
4.489548954895489,-0.5000390380216203,-0.5200568802169735,-0.48002246275115756
4.49064906490649,-0.5000388092873667,-0.520056561160103,-0.4800223241873929
4.491749174917492,-0.5000385818933285,-0.5200562438929108,-0.4800221864783729
4.492849284928493,-0.5000383558316531,-0.5200559284053581,-0.480022049618825
4.493949394939493,-0.5000381310945338,-0.5200556146874622,-0.4800219136035091
4.495049504950495,-0.5000379076742096,-0.5200553027292968,-0.4800217784272176
4.496149614961496,-0.5000376855629651,-0.5200549925209911,-0.48002164408477477
4.497249724972497,-0.50003746475313,-0.5200546840527296,-0.4800215105710369
4.4983498349834985,-0.500037245237079,-0.5200543773147518,-0.48002137788089216
4.499449944994499,-0.5000370270072316,-0.5200540722973522,-0.48002124600926
4.5005500550055,-0.5000368100560515,-0.5200537689908796,-0.48002111495109145
4.5016501650165015,-0.5000365943760465,-0.520053467385737,-0.48002098470136856
4.502750275027503,-0.5000363799597687,-0.520053167472381,-0.4800208552551044
4.503850385038503,-0.5000361667998134,-0.5200528692413219,-0.4800207266073425
4.5049504950495045,-0.5000359548888196,-0.5200525726831233,-0.4800205987531576
4.506050605060506,-0.5000357442194691,-0.5200522777884017,-0.48002047168765416
4.507150715071507,-0.5000355347844869,-0.5200519845478262,-0.48002034540596716
4.5082508250825075,-0.5000353265766406,-0.5200516929521182,-0.4800202199032616
4.509350935093509,-0.50003511958874,-0.5200514029920511,-0.4800200951747322
4.51045104510451,-0.5000349138136371,-0.5200511146584503,-0.48001997121560347
4.511551155115511,-0.5000347092442258,-0.5200508279421924,-0.4800198480211293
4.512651265126513,-0.5000345058734416,-0.5200505428342053,-0.48001972558659267
4.513751375137513,-0.5000343036942614,-0.5200502593254678,-0.4800196039073059
4.514851485148514,-0.5000341026997034,-0.5200499774070091,-0.4800194829786103
4.515951595159516,-0.5000339028828265,-0.5200496970699091,-0.48001936279587565
4.517051705170517,-0.5000337042367303,-0.5200494183052975,-0.4800192433545003
4.518151815181517,-0.5000335067545549,-0.5200491411043536,-0.48001912464991137
4.519251925192519,-0.5000333104294807,-0.5200488654583065,-0.4800190066775636
4.52035203520352,-0.5000331152547277,-0.5200485913584344,-0.48001888943294035
4.521452145214521,-0.5000329212235561,-0.5200483187960643,-0.4800187729115525
4.522552255225523,-0.5000327283292653,-0.5200480477625719,-0.48001865710893865
4.523652365236523,-0.5000325365651939,-0.5200477782493812,-0.48001854202066496
4.524752475247524,-0.5000323459247197,-0.5200475102479647,-0.48001842764232505
4.525852585258526,-0.5000321564012592,-0.5200472437498421,-0.48001831396953953
4.526952695269527,-0.5000319679882677,-0.5200469787465813,-0.4800182009979561
4.528052805280527,-0.5000317806792383,-0.5200467152297972,-0.48001808872324947
4.529152915291529,-0.500031594467703,-0.5200464531911515,-0.4800179771411207
4.53025302530253,-0.500031409347231,-0.5200461926223531,-0.4800178662472977
4.531353135313531,-0.5000312253114295,-0.520045933515157,-0.4800177560375345
4.5324532453245325,-0.5000310423539434,-0.5200456758613651,-0.4800176465076115
4.533553355335533,-0.5000308604684541,-0.5200454196528244,-0.4800175376533349
4.534653465346534,-0.5000306796486809,-0.5200451648814284,-0.48001742947053694
4.5357535753575355,-0.5000304998883793,-0.5200449115391155,-0.4800173219550756
4.536853685368537,-0.5000303211813415,-0.5200446596178697,-0.48001721510283435
4.537953795379537,-0.5000301435213963,-0.5200444091097199,-0.48001710890972193
4.5390539053905385,-0.5000299669024084,-0.5200441600067397,-0.48001700337167263
4.54015401540154,-0.5000297913182787,-0.520043912301047,-0.48001689848464546
4.541254125412541,-0.5000296167629434,-0.520043665984804,-0.4800167942446245
4.542354235423542,-0.5000294432303749,-0.5200434210502168,-0.48001669064761887
4.543454345434543,-0.5000292707145801,-0.5200431774895357,-0.4800165876896618
4.544554455445544,-0.5000290992096019,-0.5200429352950536,-0.4800164853668114
4.5456545654565454,-0.5000289287095173,-0.5200426944591076,-0.48001638367514987
4.546754675467547,-0.5000287592084385,-0.5200424549740769,-0.4800162826107838
4.547854785478547,-0.500028590700512,-0.5200422168323839,-0.48001618216984343
4.5489548954895485,-0.5000284231799188,-0.5200419800264936,-0.48001608234848325
4.55005500550055,-0.5000282566408737,-0.520041744548913,-0.4800159831428813
4.551155115511551,-0.5000280910776256,-0.5200415103921914,-0.48001588454923916
4.552255225522552,-0.500027926484457,-0.5200412775489195,-0.48001578656378197
4.553355335533553,-0.5000277628556841,-0.52004104601173,-0.48001568918275794
4.554455445544554,-0.500027600185656,-0.5200408157732966,-0.48001559240243874
4.555555555555555,-0.5000274384687553,-0.5200405868263343,-0.48001549621911876
4.556655665566557,-0.5000272776993974,-0.5200403591635988,-0.4800154006291154
4.557755775577557,-0.5000271178720304,-0.5200401327778865,-0.4800153056287687
4.558855885588558,-0.5000269589811347,-0.5200399076620343,-0.48001521121444124
4.55995599559956,-0.5000268010212235,-0.5200396838089193,-0.48001511738251823
4.561056105610561,-0.5000266439868419,-0.5200394612114583,-0.4800150241294069
4.562156215621562,-0.500026487872567,-0.5200392398626079,-0.48001493145153695
4.563256325632563,-0.5000263326730074,-0.5200390197553646,-0.4800148393453598
4.564356435643564,-0.5000261783828037,-0.5200388008827637,-0.480014747807349
4.565456545654565,-0.5000260249966278,-0.5200385832378797,-0.4800146568339997
4.566556655665567,-0.5000258725091827,-0.520038366813826,-0.4800145664218288
4.567656765676567,-0.5000257209152026,-0.5200381516037547,-0.4800144765673745
4.568756875687568,-0.5000255702094523,-0.5200379376008563,-0.4800143872671966
4.56985698569857,-0.5000254203867274,-0.5200377247983593,-0.4800142985178759
4.570957095709571,-0.500025271441854,-0.5200375131895303,-0.48001421031601443
4.572057205720572,-0.5000251233696889,-0.5200373027676739,-0.4800141226582352
4.573157315731573,-0.5000249761651181,-0.5200370935261318,-0.4800140355411817
4.574257425742574,-0.5000248298230585,-0.5200368854582834,-0.4800139489615187
4.575357535753575,-0.5000246843384564,-0.5200366785575451,-0.4800138629159312
4.5764576457645765,-0.5000245397062876,-0.5200364728173703,-0.4800137774011246
4.577557755775577,-0.5000243959215576,-0.520036268231249,-0.48001369241382486
4.578657865786578,-0.5000242529793009,-0.5200360647927079,-0.48001360795077785
4.5797579757975795,-0.5000241108745812,-0.5200358624953099,-0.48001352400874975
4.580858085808581,-0.5000239696024913,-0.5200356613326539,-0.48001344058452655
4.581958195819582,-0.5000238291581525,-0.5200354612983749,-0.48001335767491415
4.5830583058305825,-0.5000236895367147,-0.5200352623861435,-0.4800132752767382
4.584158415841584,-0.5000235507333566,-0.5200350645896658,-0.4800131933868437
4.585258525852585,-0.5000234127432845,-0.5200348679026833,-0.4800131120020954
4.586358635863586,-0.5000232755617334,-0.5200346723189724,-0.4800130311193771
4.587458745874587,-0.5000231391839658,-0.5200344778323447,-0.48001295073559214
4.588558855885588,-0.5000230036052722,-0.5200342844366462,-0.48001287084766275
4.589658965896589,-0.5000228688209705,-0.5200340921257578,-0.4800127914525302
4.590759075907591,-0.5000227348264062,-0.5200339008935944,-0.4800127125471545
4.591859185918592,-0.5000226016169522,-0.5200337107341049,-0.4800126341285147
4.592959295929592,-0.5000224691880081,-0.5200335216412727,-0.4800125561936083
4.594059405940594,-0.5000223375350008,-0.5200333336091145,-0.4800124787394512
4.595159515951595,-0.5000222066533837,-0.5200331466316807,-0.480012401763078
4.596259625962596,-0.5000220765386372,-0.520032960703055,-0.48001232526154136
4.597359735973597,-0.500021947186268,-0.5200327758173544,-0.4800122492319122
4.598459845984598,-0.500021818591809,-0.5200325919687289,-0.4800121736712796
4.599559955995599,-0.5000216907508195,-0.5200324091513612,-0.4800120985767504
4.600660066006601,-0.5000215636588847,-0.5200322273594665,-0.4800120239454495
4.601760176017602,-0.5000214373116157,-0.520032046587293,-0.48001194977451933
4.602860286028602,-0.5000213117046493,-0.5200318668291206,-0.48001187606112006
4.603960396039604,-0.5000211868336478,-0.5200316880792615,-0.4800118028024294
4.605060506050605,-0.500021062694299,-0.5200315103320597,-0.48001172999564246
4.606160616061606,-0.5000209392823161,-0.5200313335818912,-0.4800116576379716
4.607260726072607,-0.5000208165934371,-0.5200311578231633,-0.4800115857266464
4.608360836083608,-0.5000206946234251,-0.5200309830503148,-0.4800115142589134
4.609460946094609,-0.5000205733680684,-0.5200308092578154,-0.4800114432320365
4.6105610561056105,-0.5000204528231792,-0.5200306364401663,-0.4800113726432961
4.611661166116611,-0.5000203329845949,-0.5200304645918992,-0.48001130248998947
4.612761276127612,-0.5000202138481771,-0.5200302937075765,-0.4800112327694306
4.6138613861386135,-0.5000200954098115,-0.5200301237817913,-0.4800111634789501
4.614961496149615,-0.5000199776654082,-0.5200299548091668,-0.4800110946158951
4.616061606160616,-0.500019860610901,-0.5200297867843564,-0.4800110261776288
4.6171617161716165,-0.5000197442422475,-0.5200296197020438,-0.48001095816153083
4.618261826182618,-0.5000196285554291,-0.520029453556942,-0.48001089056499713
4.619361936193619,-0.500019513546451,-0.520029288343794,-0.48001082338543954
4.62046204620462,-0.5000193992113414,-0.5200291240573723,-0.4800107566202859
4.621562156215621,-0.5000192855461518,-0.5200289606924786,-0.48001069026697984
4.622662266226622,-0.5000191725469572,-0.5200287982439439,-0.4800106243229809
4.623762376237623,-0.5000190602098552,-0.5200286367066278,-0.48001055878576426
4.624862486248625,-0.5000189485309664,-0.5200284760754191,-0.48001049365282067
4.625962596259626,-0.5000188375064343,-0.5200283163452355,-0.48001042892165613
4.627062706270626,-0.5000187271324247,-0.5200281575110226,-0.4800103645897924
4.628162816281628,-0.500018617405126,-0.5200279995677547,-0.48001030065476635
4.629262926292629,-0.500018508320749,-0.5200278425104343,-0.48001023711413005
4.63036303630363,-0.5000183998755268,-0.5200276863340918,-0.48001017396545054
4.631463146314631,-0.5000182920657141,-0.5200275310337857,-0.4800101112063101
4.632563256325632,-0.5000181848875882,-0.520027376604602,-0.48001004883430587
4.633663366336633,-0.5000180783374477,-0.5200272230416542,-0.48000998684704954
4.634763476347635,-0.5000179724116132,-0.5200270703400834,-0.480009925242168
4.635863586358636,-0.5000178671064264,-0.5200269184950581,-0.4800098640173025
4.636963696369636,-0.5000177624182511,-0.5200267675017735,-0.48000980317010866
4.638063806380638,-0.5000176583434719,-0.520026617355452,-0.480009742698257
4.639163916391639,-0.5000175548784948,-0.5200264680513427,-0.4800096825994321
4.64026402640264,-0.5000174520197468,-0.5200263195847215,-0.480009622871333
4.641364136413641,-0.5000173497636757,-0.5200261719508906,-0.4800095635116727
4.642464246424642,-0.5000172481067505,-0.5200260251451787,-0.48000950451817836
4.643564356435643,-0.5000171470454605,-0.5200258791629406,-0.4800094458885915
4.6446644664466445,-0.5000170465763158,-0.5200257339995574,-0.48000938762066725
4.645764576457646,-0.5000169466958467,-0.5200255896504357,-0.4800093297121746
4.646864686468646,-0.5000168474006043,-0.5200254461110081,-0.4800092721608963
4.6479647964796476,-0.5000167486871592,-0.5200253033767329,-0.480009214964629
4.649064906490649,-0.5000166505521028,-0.5200251614430937,-0.4800091581211826
4.65016501650165,-0.500016552992046,-0.5200250203055996,-0.48000910162838084
4.651265126512651,-0.5000164560036197,-0.5200248799597847,-0.48000904548406076
4.652365236523652,-0.5000163595834747,-0.5200247404012083,-0.48000898968607253
4.653465346534653,-0.5000162637282812,-0.5200246016254546,-0.48000893423227986
4.6545654565456545,-0.5000161684347291,-0.5200244636281324,-0.48000887912055956
4.655665566556656,-0.5000160736995274,-0.5200243264048754,-0.48000882434880143
4.656765676567656,-0.5000159795194048,-0.5200241899513416,-0.4800087699149086
4.6578657865786575,-0.5000158858911088,-0.5200240542632134,-0.4800087158167967
4.658965896589659,-0.5000157928114061,-0.5200239193361975,-0.48000866205239445
4.66006600660066,-0.5000157002770824,-0.5200237851660245,-0.48000860861964345
4.6611661166116605,-0.5000156082849422,-0.5200236517484492,-0.4800085555164978
4.662266226622662,-0.5000155168318086,-0.5200235190792499,-0.4800085027409243
4.663366336633663,-0.5000154259145235,-0.5200233871542288,-0.48000845029090233
4.664466446644664,-0.5000153355299471,-0.5200232559692117,-0.48000839816442364
4.665566556655666,-0.5000152456749584,-0.5200231255200477,-0.4800083463594924
4.666666666666666,-0.5000151563464541,-0.520022995802609,-0.4800082948741252
4.667766776677667,-0.5000150675413495,-0.5200228668127914,-0.48000824370635065
4.668866886688669,-0.5000149792565778,-0.5200227385465134,-0.4800081928542098
4.66996699669967,-0.5000148914890904,-0.5200226109997164,-0.4800081423157555
4.67106710671067,-0.5000148042358562,-0.5200224841683646,-0.4800080920890528
4.672167216721672,-0.5000147174938622,-0.520022358048445,-0.48000804217217863
4.673267326732673,-0.5000146312601128,-0.5200222326359668,-0.4800079925632218
4.674367436743674,-0.50001454553163,-0.520022107926962,-0.48000794326028273
4.675467546754676,-0.5000144603054536,-0.5200219839174844,-0.48000789426147406
4.676567656765676,-0.5000143755786401,-0.5200218606036104,-0.4800078455649194
4.677667766776677,-0.5000142913482639,-0.5200217379814379,-0.4800077971687544
4.678767876787679,-0.500014207611416,-0.5200216160470872,-0.4800077490711261
4.67986798679868,-0.5000141243652049,-0.5200214947966999,-0.4800077012701929
4.68096809680968,-0.5000140416067556,-0.5200213742264397,-0.4800076537641246
4.682068206820682,-0.5000139593332102,-0.5200212543324914,-0.4800076065511023
4.683168316831683,-0.5000138775417278,-0.5200211351110613,-0.4800075596293183
4.684268426842684,-0.5000137962294835,-0.5200210165583772,-0.4800075129969762
4.6853685368536855,-0.5000137153936696,-0.5200208986706879,-0.4800074666522903
4.686468646864686,-0.5000136350314943,-0.5200207814442633,-0.48000742059348644
4.687568756875687,-0.5000135551401826,-0.5200206648753942,-0.48000737481880096
4.6886688668866885,-0.5000134757169756,-0.5200205489603921,-0.48000732932648127
4.68976897689769,-0.5000133967591306,-0.5200204336955893,-0.48000728411478555
4.69086908690869,-0.5000133182639207,-0.5200203190773386,-0.48000723918198285
4.6919691969196915,-0.5000132402286354,-0.5200202051020134,-0.48000719452635265
4.693069306930693,-0.5000131626505797,-0.5200200917660074,-0.4800071501461852
4.694169416941694,-0.5000130855270747,-0.5200199790657343,-0.4800071060397815
4.695269526952695,-0.5000130088554571,-0.5200198669976283,-0.4800070622054524
4.696369636963696,-0.5000129326330789,-0.5200197555581432,-0.48000701864151996
4.697469746974697,-0.5000128568573082,-0.5200196447437531,-0.4800069753463161
4.698569856985698,-0.5000127815255282,-0.5200195345509515,-0.48000693231818303
4.6996699669967,-0.5000127066351372,-0.5200194249762519,-0.48000688955547344
4.7007700770077,-0.5000126321835492,-0.520019316016187,-0.48000684705654995
4.701870187018701,-0.500012558168193,-0.5200192076673092,-0.4800068048197853
4.702970297029703,-0.5000124845865126,-0.5200190999261903,-0.4800067628435625
4.704070407040704,-0.5000124114359671,-0.5200189927894211,-0.4800067211262743
4.705170517051705,-0.5000123387140303,-0.5200188862536117,-0.4800066796663235
4.706270627062706,-0.5000122664181909,-0.5200187803153912,-0.48000663846212255
4.707370737073707,-0.5000121945459521,-0.5200186749714074,-0.48000659751209385
4.708470847084708,-0.5000121230948321,-0.5200185702183271,-0.48000655681466964
4.70957095709571,-0.5000120520623635,-0.5200184660528359,-0.4800065163682916
4.71067106710671,-0.5000119814460932,-0.5200183624716377,-0.48000647617141123
4.711771177117711,-0.5000119112435825,-0.5200182594714551,-0.4800064362224893
4.712871287128713,-0.5000118414524072,-0.520018157049029,-0.48000639651999644
4.713971397139714,-0.5000117720701571,-0.5200180552011187,-0.48000635706241235
4.715071507150714,-0.5000117030944363,-0.5200179539245015,-0.48000631784822645
4.716171617161716,-0.5000116345228628,-0.5200178532159727,-0.4800062788759373
4.717271727172717,-0.5000115663530684,-0.520017753072346,-0.4800062401440526
4.718371837183718,-0.5000114985826993,-0.5200176534904526,-0.4800062016510894
4.7194719471947195,-0.500011431209415,-0.5200175544671416,-0.480006163395574
4.72057205720572,-0.5000113642308888,-0.5200174559992797,-0.4800061253760417
4.721672167216721,-0.5000112976448078,-0.5200173580837513,-0.4800060875910368
4.7227722772277225,-0.5000112314488725,-0.5200172607174581,-0.48000605003911245
4.723872387238724,-0.5000111656407971,-0.5200171638973194,-0.4800060127188309
4.724972497249724,-0.5000111002183087,-0.5200170676202718,-0.48000597562876346
4.7260726072607255,-0.5000110351791484,-0.5200169718832687,-0.48000593876748976
4.727172717271727,-0.5000109705210698,-0.5200168766832809,-0.4800059021335986
4.728272827282728,-0.5000109062418404,-0.5200167820172962,-0.4800058657256874
4.729372937293729,-0.5000108423392402,-0.5200166878823191,-0.48000582954236193
4.73047304730473,-0.5000107788110626,-0.5200165942753712,-0.48000579358223716
4.731573157315731,-0.5000107156551136,-0.5200165011934905,-0.48000575784393595
4.732673267326732,-0.5000106528692122,-0.5200164086337319,-0.4800057223260902
4.733773377337734,-0.5000105904511903,-0.5200163165931666,-0.4800056870273398
4.734873487348734,-0.5000105283988924,-0.5200162250688822,-0.4800056519463334
4.735973597359735,-0.5000104667101756,-0.520016134057983,-0.48000561708172773
4.737073707370737,-0.5000104053829095,-0.5200160435575889,-0.4800055824321878
4.738173817381738,-0.5000103444149763,-0.5200159535648367,-0.4800055479963873
4.739273927392739,-0.5000102838042706,-0.5200158640768786,-0.4800055137730074
4.74037403740374,-0.5000102235486994,-0.5200157750908833,-0.48000547976073793
4.741474147414741,-0.5000101636461817,-0.520015686604035,-0.48000544595827666
4.742574257425742,-0.500010104094649,-0.520015598613534,-0.48000541236432914
4.743674367436744,-0.5000100448920446,-0.5200155111165959,-0.4800053789776094
4.744774477447744,-0.5000099860363243,-0.5200154241104525,-0.48000534579683907
4.745874587458745,-0.5000099275254554,-0.5200153375923505,-0.48000531282074776
4.746974697469747,-0.5000098693574173,-0.5200152515595526,-0.48000528004807275
4.748074807480748,-0.5000098115302015,-0.5200151660093364,-0.48000524747755924
4.749174917491749,-0.5000097540418108,-0.520015080938995,-0.48000521510796035
4.75027502750275,-0.5000096968902601,-0.5200149963458367,-0.4800051829380366
4.751375137513751,-0.5000096400735756,-0.5200149122271848,-0.48000515096655627
4.752475247524752,-0.5000095835897954,-0.5200148285803777,-0.48000511919229527
4.7535753575357536,-0.5000095274369688,-0.5200147454027687,-0.48000508761403704
4.754675467546754,-0.5000094716131568,-0.5200146626917259,-0.48000505623057255
4.755775577557755,-0.5000094161164313,-0.5200145804446322,-0.4800050250407001
4.756875687568757,-0.5000093609448761,-0.5200144986588852,-0.4800049940432256
4.757975797579758,-0.500009306096586,-0.5200144173318971,-0.48000496323696207
4.759075907590759,-0.5000092515696666,-0.5200143364610945,-0.4800049326207302
4.76017601760176,-0.5000091973622351,-0.5200142560439187,-0.4800049021933577
4.761276127612761,-0.5000091434724195,-0.5200141760778251,-0.48000487195367947
4.762376237623762,-0.5000090898983589,-0.5200140965602833,-0.4800048419005378
4.7634763476347635,-0.5000090366382031,-0.5200140174887775,-0.4800048120327819
4.764576457645764,-0.5000089836901127,-0.5200139388608056,-0.48000478234926847
4.765676567656765,-0.5000089310522595,-0.5200138606738798,-0.4800047528488607
4.7667766776677665,-0.5000088787228256,-0.520013782925526,-0.4800047235304291
4.767876787678768,-0.5000088267000039,-0.5200137056132843,-0.4800046943928514
4.768976897689769,-0.5000087749819979,-0.5200136287347084,-0.48000466543501175
4.7700770077007695,-0.5000087235670215,-0.5200135522873656,-0.4800046366558015
4.771177117711771,-0.5000086724532994,-0.5200134762688371,-0.4800046080541187
4.772277227722772,-0.5000086216390662,-0.5200134006767175,-0.4800045796288682
4.773377337733773,-0.5000085711225674,-0.5200133255086151,-0.4800045513789619
4.774477447744774,-0.5000085209020582,-0.5200132507621513,-0.480004523303318
4.775577557755775,-0.5000084709758044,-0.5200131764349613,-0.48000449540086154
4.776677667766776,-0.500008421342082,-0.5200131025246928,-0.4800044676705242
4.777777777777778,-0.5000083719991769,-0.5200130290290076,-0.4800044401112442
4.778877887788779,-0.5000083229453852,-0.52001295594558,-0.4800044127219665
4.779977997799779,-0.5000082741790128,-0.5200128832720975,-0.48000438550164237
4.781078107810781,-0.5000082256983757,-0.5200128110062607,-0.4800043584492295
4.782178217821782,-0.5000081775017996,-0.5200127391457829,-0.48000433156369227
4.783278327832783,-0.5000081295876202,-0.5200126676883906,-0.48000430484400114
4.784378437843784,-0.5000080819541829,-0.5200125966318224,-0.48000427828913317
4.785478547854785,-0.5000080345998427,-0.5200125259738302,-0.4800042518980716
4.786578657865786,-0.5000079875229643,-0.5200124557121782,-0.48000422566980605
4.787678767876788,-0.5000079407219219,-0.5200123858446433,-0.4800041996033322
4.788778877887789,-0.5000078941950994,-0.5200123163690147,-0.4800041736976519
4.789878987898789,-0.50000784794089,-0.520012247283094,-0.4800041479517736
4.790979097909791,-0.5000078019576966,-0.5200121785846955,-0.48000412236471124
4.792079207920792,-0.500007756243931,-0.5200121102716453,-0.4800040969354854
4.793179317931793,-0.5000077107980146,-0.5200120423417819,-0.4800040716631222
4.794279427942794,-0.5000076656183781,-0.5200119747929558,-0.4800040465466542
4.795379537953795,-0.5000076207034612,-0.5200119076230298,-0.4800040215851197
4.796479647964796,-0.5000075760517128,-0.5200118408298785,-0.480003996777563
4.7975797579757975,-0.5000075316615911,-0.5200117744113885,-0.48000397212303414
4.798679867986799,-0.5000074875315629,-0.5200117083654581,-0.4800039476205893
4.799779977997799,-0.5000074436601044,-0.5200116426899977,-0.4800039232692903
4.8008800880088005,-0.5000074000457007,-0.520011577382929,-0.48000389906820473
4.801980198019802,-0.5000073566868454,-0.5200115124421858,-0.48000387501640607
4.803080308030803,-0.5000073135820413,-0.5200114478657131,-0.4800038511129733
4.8041804180418035,-0.5000072707297998,-0.5200113836514678,-0.4800038273569913
4.805280528052805,-0.5000072281286411,-0.5200113197974179,-0.4800038037475505
4.806380638063806,-0.500007185777094,-0.5200112563015431,-0.4800037802837469
4.807480748074807,-0.500007143673696,-0.5200111931618341,-0.4800037569646822
4.808580858085809,-0.5000071018169933,-0.5200111303762933,-0.4800037337894636
4.809680968096809,-0.5000070602055401,-0.520011067942934,-0.4800037107572036
4.81078107810781,-0.5000070188378996,-0.5200110058597806,-0.4800036878670205
4.811881188118812,-0.5000069777126431,-0.5200109441248687,-0.4800036651180377
4.812981298129813,-0.5000069368283507,-0.5200108827362452,-0.48000364250938443
4.814081408140813,-0.5000068961836103,-0.5200108216919673,-0.4800036200401949
4.815181518151815,-0.5000068557770183,-0.5200107609901037,-0.4800035977096089
4.816281628162816,-0.5000068156071794,-0.5200107006287337,-0.4800035755167713
4.817381738173817,-0.5000067756727065,-0.5200106406059473,-0.48000355346083257
4.818481848184818,-0.5000067359722202,-0.5200105809198452,-0.480003531540948
4.819581958195819,-0.5000066965043498,-0.520010521568539,-0.4800035097562786
4.82068206820682,-0.5000066572677323,-0.5200104625501507,-0.48000348810599014
4.821782178217822,-0.5000066182610126,-0.5200104038628129,-0.48000346658925364
4.822882288228823,-0.5000065794828438,-0.5200103455046686,-0.4800034452052453
4.823982398239823,-0.5000065409318867,-0.5200102874738713,-0.48000342395314644
4.825082508250825,-0.5000065026068099,-0.5200102297685848,-0.48000340283214327
4.826182618261826,-0.5000064645062902,-0.5200101723869832,-0.4800033818414272
4.827282728272827,-0.5000064266290116,-0.5200101153272508,-0.48000336098019447
4.828382838283828,-0.5000063889736661,-0.5200100585875823,-0.48000334024764635
4.829482948294829,-0.5000063515389535,-0.5200100021661823,-0.48000331964298903
4.83058305830583,-0.5000063143235808,-0.5200099460612655,-0.4800032991654337
4.8316831683168315,-0.500006277326263,-0.5200098902710567,-0.48000327881419624
4.832783278327833,-0.5000062405457225,-0.5200098347937907,-0.48000325858849746
4.833883388338833,-0.500006203980689,-0.520009779627712,-0.480003238487563
4.8349834983498345,-0.5000061676298999,-0.520009724771075,-0.4800032185106231
4.836083608360836,-0.5000061314920997,-0.5200096702221441,-0.4800031986569131
4.837183718371837,-0.5000060955660407,-0.5200096159791933,-0.4800031789256727
4.8382838283828375,-0.5000060598504822,-0.5200095620405061,-0.48000315931614645
4.839383938393839,-0.5000060243441906,-0.520009508404376,-0.48000313982758347
4.84048404840484,-0.50000598904594,-0.5200094550691058,-0.48000312045923776
4.841584158415841,-0.5000059539545112,-0.5200094020330078,-0.4800031012103677
4.842684268426843,-0.5000059190686926,-0.520009349294404,-0.4800030820802361
4.843784378437843,-0.5000058843872794,-0.5200092968516256,-0.4800030630681108
4.8448844884488445,-0.5000058499090739,-0.5200092447030132,-0.48000304417326367
4.845984598459846,-0.5000058156328855,-0.5200091928469169,-0.4800030253949714
4.847084708470847,-0.5000057815575304,-0.5200091412816957,-0.48000300673251484
4.8481848184818475,-0.500005747681832,-0.5200090900057182,-0.4800029881851796
4.849284928492849,-0.5000057140046205,-0.5200090390173617,-0.4800029697522554
4.85038503850385,-0.5000056805247327,-0.5200089883150131,-0.48000295143303673
4.851485148514851,-0.5000056472410126,-0.520008937897068,-0.48000293322682186
4.852585258525853,-0.5000056141523108,-0.5200088877619311,-0.48000291513291393
4.853685368536853,-0.5000055812574845,-0.520008837908016,-0.48000289715062017
4.854785478547854,-0.5000055485553979,-0.5200087883337453,-0.480002879279252
4.855885588558856,-0.5000055160449215,-0.5200087390375504,-0.4800028615181251
4.856985698569857,-0.5000054837249328,-0.5200086900178715,-0.48000284386655956
4.858085808580857,-0.5000054515943156,-0.5200086412731575,-0.4800028263238795
4.859185918591859,-0.5000054196519603,-0.5200085928018662,-0.48000280888941327
4.86028602860286,-0.5000053878967639,-0.5200085446024637,-0.48000279156249326
4.861386138613861,-0.5000053563276297,-0.520008496673425,-0.4800027743424562
4.862486248624863,-0.5000053249434675,-0.5200084490132335,-0.4800027572286426
4.863586358635863,-0.5000052937431935,-0.5200084016203812,-0.48000274022039735
4.864686468646864,-0.5000052627257303,-0.5200083544933686,-0.4800027233170693
4.865786578657866,-0.5000052318900068,-0.5200083076307043,-0.4800027065180109
4.866886688668867,-0.5000052012349581,-0.5200082610309057,-0.48000268982257943
4.867986798679867,-0.5000051707595254,-0.5200082146924984,-0.48000267323013535
4.869086908690869,-0.5000051404626566,-0.5200081686140159,-0.4800026567400434
4.87018701870187,-0.5000051103433053,-0.5200081227940004,-0.4800026403516723
4.871287128712871,-0.5000050804004313,-0.5200080772310021,-0.48000262406439453
4.8723872387238725,-0.5000050506330007,-0.5200080319235791,-0.4800026078775864
4.873487348734873,-0.5000050210399855,-0.520007986870298,-0.4800025917906283
4.874587458745874,-0.5000049916203636,-0.5200079420697333,-0.4800025758029043
4.8756875687568755,-0.5000049623731192,-0.5200078975204674,-0.48000255991380214
4.876787678767877,-0.5000049332972423,-0.5200078532210906,-0.4800025441227136
4.877887788778877,-0.5000049043917287,-0.5200078091702012,-0.4800025284290339
4.8789878987898785,-0.5000048756555804,-0.5200077653664055,-0.48000251283216233
4.88008800880088,-0.5000048470878049,-0.5200077218083173,-0.4800024973315016
4.881188118811881,-0.5000048186874155,-0.5200076784945586,-0.48000248192645834
4.882288228822882,-0.5000047904534318,-0.5200076354237587,-0.4800024666164425
4.883388338833883,-0.5000047623848785,-0.5200075925945549,-0.4800024514008683
4.884488448844884,-0.5000047344807864,-0.5200075500055918,-0.48000243627915273
4.885588558855885,-0.5000047067401918,-0.5200075076555221,-0.480002421250717
4.886688668866887,-0.500004679162137,-0.5200074655430056,-0.4800024063149858
4.887788778877887,-0.5000046517456692,-0.5200074236667098,-0.4800023914713871
4.888888888888888,-0.500004624489842,-0.5200073820253098,-0.48000237671935264
4.88998899889989,-0.500004597393714,-0.520007340617488,-0.4800023620583176
4.891089108910891,-0.5000045704563494,-0.520007299441934,-0.48000234748772075
4.892189218921892,-0.5000045436768181,-0.5200072584973451,-0.480002333007004
4.893289328932893,-0.5000045170541952,-0.5200072177824258,-0.48000231861561304
4.894389438943894,-0.5000044905875616,-0.5200071772958876,-0.48000230431299684
4.895489548954895,-0.500004464276003,-0.5200071370364497,-0.48000229009860784
4.896589658965897,-0.5000044381186108,-0.5200070970028381,-0.4800022759719017
4.897689768976897,-0.5000044121144819,-0.5200070571937861,-0.48000226193233764
4.898789878987898,-0.5000043862627181,-0.5200070176080341,-0.48000224797937796
4.8998899889989,-0.5000043605624268,-0.5200069782443295,-0.48000223411248855
4.900990099009901,-0.5000043350127203,-0.5200069391014269,-0.4800022203311385
4.902090209020902,-0.5000043096127165,-0.5200069001780876,-0.4800022066348001
4.903190319031903,-0.5000042843615381,-0.5200068614730801,-0.480002193022949
4.904290429042904,-0.5000042592583132,-0.5200068229851796,-0.48000217949506396
4.905390539053905,-0.5000042343021748,-0.5200067847131684,-0.48000216605062695
4.9064906490649065,-0.5000042094922611,-0.5200067466558356,-0.4800021526891235
4.907590759075907,-0.5000041848277152,-0.5200067088119769,-0.48000213941004166
4.908690869086908,-0.5000041603076858,-0.5200066711803948,-0.4800021262128733
4.9097909790979095,-0.5000041359313256,-0.5200066337598986,-0.48000211309711294
4.910891089108911,-0.5000041116977931,-0.5200065965493044,-0.4800021000622585
4.911991199119912,-0.5000040876062515,-0.5200065595474347,-0.480002087107811
4.9130913091309125,-0.5000040636558686,-0.5200065227531188,-0.48000207423327423
4.914191419141914,-0.5000040398458174,-0.5200064861651923,-0.4800020614381554
4.915291529152915,-0.5000040161752758,-0.5200064497824975,-0.4800020487219645
4.916391639163916,-0.5000039926434261,-0.5200064136038834,-0.48000203608421466
4.917491749174917,-0.500003969249456,-0.5200063776282053,-0.4800020235244222
4.918591859185918,-0.5000039459925574,-0.5200063418543246,-0.48000201104210605
4.919691969196919,-0.5000039228719271,-0.5200063062811094,-0.4800019986367883
4.920792079207921,-0.5000038998867669,-0.5200062709074343,-0.48000198630799407
4.921892189218921,-0.5000038770362829,-0.52000623573218,-0.48000197405525113
4.922992299229922,-0.500003854319686,-0.5200062007542333,-0.48000196187809063
4.924092409240924,-0.5000038317361917,-0.5200061659724877,-0.48000194977604616
4.925192519251925,-0.5000038092850203,-0.5200061313858425,-0.4800019377486543
4.926292629262926,-0.5000037869653962,-0.5200060969932033,-0.48000192579545475
4.927392739273927,-0.5000037647765488,-0.5200060627934819,-0.4800019139159897
4.928492849284928,-0.5000037427177119,-0.5200060287855963,-0.4800019021098042
4.929592959295929,-0.5000037207881236,-0.5200059949684703,-0.48000189037644647
4.930693069306931,-0.5000036989870267,-0.5200059613410338,-0.4800018787154672
4.931793179317931,-0.5000036773136681,-0.5200059279022231,-0.4800018671264198
4.932893289328932,-0.5000036557672998,-0.5200058946509798,-0.48000185560886055
4.933993399339934,-0.5000036343471772,-0.520005861586252,-0.4800018441623486
4.935093509350935,-0.500003613052561,-0.5200058287069933,-0.4800018327864456
4.936193619361936,-0.5000035918827157,-0.5200057960121636,-0.48000182148071613
4.937293729372937,-0.5000035708369102,-0.5200057635007281,-0.4800018102447271
4.938393839383938,-0.5000035499144176,-0.5200057311716583,-0.4800017990780484
4.939493949394939,-0.5000035291145156,-0.5200056990239312,-0.4800017879802525
4.9405940594059405,-0.5000035084364858,-0.5200056670565295,-0.4800017769509145
4.941694169416941,-0.5000034878796141,-0.5200056352684419,-0.4800017659896121
4.942794279427942,-0.5000034674431907,-0.5200056036586626,-0.4800017550959256
4.9438943894389435,-0.5000034471265097,-0.520005572226191,-0.48000174426943787
4.944994499449945,-0.5000034269288697,-0.520005540970033,-0.4800017335097345
4.946094609460946,-0.500003406849573,-0.5200055098891995,-0.4800017228164034
4.9471947194719466,-0.5000033868879263,-0.5200054789827069,-0.4800017121890353
4.948294829482948,-0.5000033670432403,-0.5200054482495773,-0.4800017016272231
4.949394939493949,-0.5000033473148296,-0.5200054176888385,-0.48000169113056257
4.9504950495049505,-0.5000033277020131,-0.5200053872995232,-0.4800016806986517
4.951595159515951,-0.5000033082041132,-0.52000535708067,-0.4800016703310912
4.952695269526952,-0.5000032888204567,-0.5200053270313227,-0.480001660027484
4.9537953795379535,-0.5000032695503743,-0.5200052971505306,-0.48000164978743565
4.954895489548955,-0.5000032503932006,-0.520005267437348,-0.4800016396105541
4.955995599559956,-0.5000032313482738,-0.5200052378908349,-0.48000162949644964
4.9570957095709565,-0.5000032124149364,-0.5200052085100564,-0.4800016194447352
4.958195819581958,-0.5000031935925345,-0.5200051792940827,-0.48000160945502557
4.959295929592959,-0.5000031748804181,-0.5200051502419896,-0.48000159952693866
4.96039603960396,-0.500003156277941,-0.5200051213528577,-0.4800015896600941
4.961496149614961,-0.5000031377844608,-0.5200050926257729,-0.48000157985411407
4.962596259625962,-0.500003119399339,-0.5200050640598263,-0.4800015701086233
4.963696369636963,-0.5000031011219404,-0.5200050356541139,-0.4800015604232487
4.964796479647965,-0.500003082951634,-0.5200050074077371,-0.4800015507976192
4.965896589658966,-0.5000030648877924,-0.520004979319802,-0.4800015412313664
4.966996699669966,-0.5000030469297916,-0.5200049513894199,-0.48000153172412396
4.968096809680968,-0.5000030290770117,-0.5200049236157072,-0.48000152227552795
4.969196919691969,-0.5000030113288358,-0.5200048959977848,-0.48000151288521653
4.97029702970297,-0.5000029936846514,-0.5200048685347789,-0.4800015035528302
4.971397139713971,-0.500002976143849,-0.5200048412258207,-0.48000149427801175
4.972497249724972,-0.5000029587058229,-0.520004814070046,-0.48000148506040585
4.973597359735973,-0.5000029413699708,-0.5200047870665954,-0.4800014758996598
4.974697469746975,-0.5000029241356941,-0.5200047602146147,-0.48000146679542266
4.975797579757976,-0.5000029070023977,-0.5200047335132543,-0.4800014577473459
4.976897689768976,-0.5000028899694899,-0.5200047069616691,-0.4800014487550832
4.977997799779978,-0.5000028730363825,-0.5200046805590192,-0.48000143981829013
4.979097909790979,-0.5000028562024906,-0.520004654304469,-0.4800014309366246
4.98019801980198,-0.5000028394672331,-0.5200046281971877,-0.4800014221097465
4.981298129812981,-0.500002822830032,-0.5200046022363495,-0.48000141333731794
4.982398239823982,-0.5000028062903127,-0.5200045764211328,-0.480001404619003
4.983498349834983,-0.500002789847504,-0.5200045507507208,-0.4800013959544678
4.9845984598459845,-0.5000027735010382,-0.5200045252243013,-0.4800013873433807
4.985698569856986,-0.5000027572503507,-0.5200044998410664,-0.48000137878541205
4.986798679867986,-0.5000027410948803,-0.5200044746002133,-0.48000137028023404
4.9878987898789875,-0.5000027250340693,-0.5200044495009429,-0.48000136182752107
4.988998899889989,-0.5000027090673627,-0.5200044245424613,-0.4800013534269495
4.99009900990099,-0.5000026931942094,-0.5200043997239788,-0.4800013450781977
4.9911991199119905,-0.5000026774140612,-0.5200043750447101,-0.48000133678094614
4.992299229922992,-0.5000026617263731,-0.5200043505038741,-0.48000132853487687
4.993399339933993,-0.5000026461306034,-0.5200043261006945,-0.48000132033967446
4.994499449944994,-0.5000026306262135,-0.520004301834399,-0.48000131219502484
4.995599559955996,-0.500002615212668,-0.52000427770422,-0.4800013041006165
4.996699669966996,-0.5000025998894345,-0.5200042537093938,-0.48000129605613917
4.997799779977997,-0.5000025846559841,-0.5200042298491612,-0.48000128806128506
4.998899889988999,-0.5000025695117905,-0.5200042061227672,-0.48000128011574805
5.0,-0.5000025544563308,-0.5200041825294612,-0.48000127221922395
5.001100110011,-0.500002539489085,-0.5200041590684965,-0.4800012643714102
5.002200220022002,-0.5000025246095364,-0.520004135739131,-0.48000125657200665
5.003300330033003,-0.5000025098171711,-0.5200041125406262,-0.4800012488207145
5.004400440044004,-0.5000024951114782,-0.5200040894722483,-0.48000124111723685
5.005500550055006,-0.50000248049195,-0.5200040665332673,-0.480001233461279
5.006600660066006,-0.5000024659580814,-0.5200040437229573,-0.4800012258525477
5.007700770077007,-0.5000024515093706,-0.5200040210405967,-0.4800012182907516
5.008800880088009,-0.5000024371453188,-0.5200039984854677,-0.4800012107756012
5.00990099009901,-0.5000024228654298,-0.5200039760568568,-0.48000120330680884
5.01100110011001,-0.5000024086692105,-0.5200039537540541,-0.4800011958840884
5.012101210121012,-0.5000023945561707,-0.5200039315763539,-0.4800011885071558
5.013201320132013,-0.5000023805258229,-0.5200039095230546,-0.48000118117572854
5.014301430143014,-0.5000023665776828,-0.5200038875934584,-0.4800011738895259
5.0154015401540155,-0.5000023527112685,-0.5200038657868714,-0.4800011666482691
5.016501650165016,-0.5000023389261014,-0.5200038441026036,-0.48000115945168054
5.017601760176017,-0.5000023252217051,-0.5200038225399688,-0.4800011522994849
5.0187018701870185,-0.5000023115976067,-0.5200038010982847,-0.48000114519140846
5.01980198019802,-0.5000022980533354,-0.5200037797768731,-0.4800011381271788
5.02090209020902,-0.5000022845884237,-0.520003758575059,-0.48000113110652554
5.0220022002200215,-0.5000022712024065,-0.5200037374921719,-0.48000112412917995
5.023102310231023,-0.5000022578948216,-0.5200037165275445,-0.4800011171948747
5.024202420242024,-0.5000022446652094,-0.5200036956805134,-0.4800011103033446
5.025302530253025,-0.5000022315131131,-0.5200036749504192,-0.48000110345432545
5.026402640264026,-0.5000022184380783,-0.5200036543366058,-0.4800010966475553
5.027502750275027,-0.5000022054396538,-0.520003633838421,-0.48000108988277335
5.028602860286028,-0.5000021925173905,-0.5200036134552161,-0.48000108315972057
5.02970297029703,-0.5000021796708423,-0.5200035931863463,-0.4800010764781397
5.03080308030803,-0.5000021668995654,-0.5200035730311702,-0.4800010698377749
5.031903190319031,-0.5000021542031189,-0.52000355298905,-0.4800010632383718
5.033003300330033,-0.5000021415810643,-0.5200035330593517,-0.48000105667967774
5.034103410341034,-0.5000021290329656,-0.5200035132414444,-0.4800010501614417
5.0352035203520344,-0.5000021165583897,-0.5200034935347014,-0.480001043683414
5.036303630363036,-0.5000021041569056,-0.520003473938499,-0.4800010372453468
5.037403740374037,-0.5000020918280851,-0.520003454452217,-0.4800010308469934
5.038503850385038,-0.5000020795715026,-0.520003435075239,-0.4800010244881089
5.03960396039604,-0.5000020673867346,-0.5200034158069519,-0.48000101816844987
5.04070407040704,-0.5000020552733604,-0.5200033966467458,-0.4800010118877742
5.041804180418041,-0.5000020432309618,-0.5200033775940146,-0.4800010056458416
5.042904290429043,-0.5000020312591228,-0.5200033586481556,-0.4800009994424129
5.044004400440044,-0.50000201935743,-0.520003339808569,-0.48000099327725076
5.045104510451044,-0.5000020075254725,-0.520003321074659,-0.4800009871501191
5.046204620462046,-0.5000019957628415,-0.5200033024458326,-0.48000098106078315
5.047304730473047,-0.5000019840691311,-0.5200032839215004,-0.48000097500900996
5.048404840484048,-0.5000019724439372,-0.5200032655010763,-0.4800009689945678
5.0495049504950495,-0.5000019608868583,-0.5200032471839776,-0.48000096301722617
5.05060506050605,-0.5000019493974955,-0.5200032289696245,-0.4800009570767565
5.051705170517051,-0.5000019379754521,-0.5200032108574406,-0.4800009511729313
5.052805280528053,-0.5000019266203334,-0.5200031928468531,-0.4800009453055243
5.053905390539054,-0.5000019153317474,-0.520003174937292,-0.480000939474311
5.055005500550054,-0.5000019041093042,-0.5200031571281905,-0.48000093367906826
5.056105610561056,-0.5000018929526164,-0.5200031394189852,-0.48000092791957394
5.057205720572057,-0.5000018818612987,-0.5200031218091157,-0.48000092219560775
5.058305830583058,-0.5000018708349678,-0.5200031042980249,-0.4800009165069503
5.0594059405940595,-0.5000018598732433,-0.5200030868851586,-0.48000091085338403
5.06050605060506,-0.5000018489757465,-0.5200030695699659,-0.4800009052346923
5.061606160616061,-0.500001838142101,-0.5200030523518989,-0.48000089965066006
5.0627062706270625,-0.5000018273719327,-0.5200030352304128,-0.4800008941010735
5.063806380638064,-0.5000018166648698,-0.5200030182049659,-0.4800008885857201
5.064906490649064,-0.5000018060205423,-0.5200030012750193,-0.4800008831043887
5.0660066006600655,-0.5000017954385829,-0.5200029844400376,-0.4800008776568695
5.067106710671067,-0.500001784918626,-0.5200029676994878,-0.48000087224295385
5.068206820682068,-0.5000017744603085,-0.5200029510528406,-0.4800008668624345
5.069306930693069,-0.5000017640632689,-0.5200029344995689,-0.48000086151510535
5.07040704070407,-0.5000017537271484,-0.5200029180391491,-0.4800008562007618
5.071507150715071,-0.50000174345159,-0.5200029016710603,-0.4800008509192004
5.072607260726072,-0.5000017332362389,-0.5200028853947848,-0.48000084567021883
5.073707370737074,-0.5000017230807423,-0.5200028692098073,-0.480000840453616
5.074807480748074,-0.5000017129847494,-0.5200028531156159,-0.48000083526919246
5.075907590759075,-0.5000017029479117,-0.5200028371117011,-0.48000083011674954
5.077007700770077,-0.5000016929698825,-0.5200028211975569,-0.48000082499609
5.078107810781078,-0.5000016830503172,-0.5200028053726794,-0.4800008199070177
5.079207920792079,-0.5000016731888735,-0.5200027896365681,-0.4800008148493379
5.08030803080308,-0.5000016633852105,-0.520002773988725,-0.48000080982285687
5.081408140814081,-0.5000016536389897,-0.5200027584286548,-0.48000080482738217
5.082508250825082,-0.5000016439498747,-0.5200027429558656,-0.4800007998627227
5.083608360836084,-0.5000016343175309,-0.5200027275698674,-0.4800007949286881
5.084708470847084,-0.5000016247416255,-0.5200027122701735,-0.48000079002508966
5.085808580858085,-0.500001615221828,-0.5200026970562999,-0.4800007851517396
5.086908690869087,-0.5000016057578094,-0.5200026819277651,-0.4800007803084513
5.088008800880088,-0.5000015963492431,-0.5200026668840905,-0.48000077549503917
5.089108910891089,-0.5000015869958042,-0.5200026519247999,-0.4800007707113192
5.09020902090209,-0.5000015776971696,-0.5200026370494201,-0.48000076595710806
5.091309130913091,-0.5000015684530181,-0.5200026222574805,-0.4800007612322238
5.092409240924092,-0.5000015592630306,-0.520002607548513,-0.48000075653648533
5.0935093509350935,-0.5000015501268897,-0.5200025929220521,-0.48000075186971314
5.094609460946094,-0.50000154104428,-0.5200025783776351,-0.48000074723172836
5.095709570957095,-0.5000015320148876,-0.5200025639148017,-0.4800007426223535
5.0968096809680965,-0.5000015230384008,-0.5200025495330944,-0.48000073804141197
5.097909790979098,-0.5000015141145098,-0.5200025352320581,-0.4800007334887284
5.099009900990099,-0.5000015052429062,-0.5200025210112402,-0.4800007289641286
5.1001100110010995,-0.5000014964232837,-0.5200025068701908,-0.48000072446743924
5.101210121012101,-0.5000014876553378,-0.5200024928084626,-0.48000071999848826
5.102310231023102,-0.5000014789387657,-0.5200024788256103,-0.48000071555710433
5.103410341034103,-0.5000014702732662,-0.5200024649211918,-0.4800007111431176
5.104510451045104,-0.5000014616585403,-0.5200024510947671,-0.480000706756359
5.105610561056105,-0.5000014530942903,-0.5200024373458985,-0.4800007023966605
5.106710671067106,-0.5000014445802206,-0.5200024236741512,-0.48000069806385526
5.107810781078108,-0.5000014361160371,-0.5200024100790924,-0.48000069375777743
5.108910891089109,-0.5000014277014475,-0.5200023965602921,-0.480000689478262
5.110011001100109,-0.5000014193361613,-0.5200023831173226,-0.48000068522514516
5.111111111111111,-0.5000014110198895,-0.5200023697497583,-0.4800006809982642
5.112211221122112,-0.500001402752345,-0.5200023564571764,-0.48000067679745717
5.113311331133113,-0.5000013945332422,-0.5200023432391563,-0.4800006726225632
5.114411441144114,-0.5000013863622974,-0.5200023300952797,-0.4800006684734226
5.115511551155115,-0.5000013782392284,-0.5200023170251308,-0.4800006643498763
5.116611661166116,-0.5000013701637546,-0.520002304028296,-0.48000066025176646
5.117711771177118,-0.5000013621355971,-0.5200022911043639,-0.4800006561789364
5.118811881188119,-0.5000013541544788,-0.5200022782529258,-0.4800006521312299
5.119911991199119,-0.500001346220124,-0.520002265473575,-0.4800006481084921
5.121012101210121,-0.5000013383322588,-0.5200022527659071,-0.480000644110569
5.122112211221122,-0.5000013304906106,-0.5200022401295199,-0.48000064013730737
5.123212321232123,-0.5000013226949087,-0.5200022275640138,-0.48000063618855526
5.124312431243124,-0.5000013149448841,-0.5200022150689911,-0.48000063226416156
5.125412541254125,-0.5000013072402688,-0.5200022026440564,-0.4800006283639757
5.126512651265126,-0.500001299580797,-0.5200021902888167,-0.48000062448784864
5.1276127612761275,-0.500001291966204,-0.5200021780028808,-0.48000062063563187
5.128712871287129,-0.500001284396227,-0.5200021657858602,-0.48000061680717787
5.129812981298129,-0.5000012768706046,-0.5200021536373682,-0.4800006130023401
5.1309130913091305,-0.5000012693890767,-0.5200021415570205,-0.48000060922097276
5.132013201320132,-0.5000012619513852,-0.5200021295444349,-0.48000060546293133
5.133113311331133,-0.5000012545572732,-0.5200021175992311,-0.4800006017280716
5.1342134213421335,-0.5000012472064851,-0.5200021057210312,-0.48000059801625083
5.135313531353135,-0.5000012398987673,-0.5200020939094595,-0.4800005943273268
5.136413641364136,-0.5000012326338674,-0.5200020821641422,-0.4800005906611582
5.137513751375137,-0.5000012254115346,-0.5200020704847076,-0.48000058701760484
5.138613861386138,-0.5000012182315192,-0.5200020588707861,-0.48000058339652696
5.139713971397139,-0.5000012110935735,-0.5200020473220104,-0.4800005797977862
5.1408140814081404,-0.5000012039974511,-0.520002035838015,-0.4800005762212446
5.141914191419142,-0.5000011969429066,-0.5200020244184363,-0.4800005726667652
5.143014301430143,-0.5000011899296967,-0.5200020130629134,-0.4800005691342121
5.1441144114411435,-0.500001182957579,-0.5200020017710867,-0.48000056562344984
5.145214521452145,-0.5000011760263128,-0.520001990542599,-0.48000056213434406
5.146314631463146,-0.5000011691356587,-0.5200019793770949,-0.48000055866676117
5.147414741474147,-0.5000011622853789,-0.5200019682742213,-0.4800005552205685
5.148514851485148,-0.5000011554752367,-0.5200019572336267,-0.48000055179563395
5.149614961496149,-0.500001148704997,-0.520001946254962,-0.4800005483918265
5.15071507150715,-0.5000011419744259,-0.5200019353378795,-0.4800005450090157
5.151815181518152,-0.5000011352832909,-0.5200019244820341,-0.4800005416470722
5.152915291529153,-0.5000011286313613,-0.5200019136870819,-0.4800005383058672
5.154015401540153,-0.500001122018407,-0.5200019029526818,-0.4800005349852726
5.155115511551155,-0.5000011154441998,-0.5200018922784939,-0.48000053168516166
5.156215621562156,-0.5000011089085127,-0.5200018816641804,-0.48000052840540763
5.157315731573157,-0.5000011024111198,-0.5200018711094054,-0.4800005251458851
5.158415841584158,-0.500001095951797,-0.5200018606138352,-0.48000052190646936
5.159515951595159,-0.5000010895303211,-0.5200018501771376,-0.4800005186870362
5.16061606160616,-0.5000010831464703,-0.5200018397989823,-0.4800005154874625
5.161716171617162,-0.5000010768000243,-0.520001829479041,-0.48000051230762564
5.162816281628163,-0.5000010704907637,-0.5200018192169868,-0.480000509147404
5.163916391639163,-0.5000010642184708,-0.5200018090124956,-0.48000050600667643
5.165016501650165,-0.5000010579829289,-0.5200017988652441,-0.4800005028853228
5.166116611661166,-0.5000010517839227,-0.5200017887749114,-0.48000049978322357
5.167216721672167,-0.5000010456212383,-0.5200017787411781,-0.4800004967002599
5.168316831683168,-0.5000010394946626,-0.5200017687637268,-0.4800004936363139
5.169416941694169,-0.5000010334039842,-0.5200017588422419,-0.48000049059126804
5.17051705170517,-0.5000010273489927,-0.5200017489764093,-0.4800004875650059
5.1716171617161715,-0.500001021329479,-0.5200017391659167,-0.4800004845574116
5.172717271727173,-0.5000010153452353,-0.5200017294104541,-0.48000048156836994
5.173817381738173,-0.5000010093960549,-0.5200017197097124,-0.4800004785977665
5.1749174917491745,-0.5000010034817323,-0.520001710063385,-0.48000047564548753
5.176017601760176,-0.5000009976020633,-0.5200017004711665,-0.48000047271142
5.177117711771177,-0.5000009917568449,-0.5200016909327534,-0.4800004697954515
5.1782178217821775,-0.5000009859458752,-0.5200016814478438,-0.48000046689747045
5.179317931793179,-0.5000009801689534,-0.5200016720161378,-0.48000046401736596
5.18041804180418,-0.5000009744258803,-0.5200016626373367,-0.4800004611550277
5.181518151815181,-0.5000009687164573,-0.520001653311144,-0.480000458310346
5.182618261826183,-0.5000009630404875,-0.5200016440372645,-0.480000455483212
5.183718371837183,-0.5000009573977746,-0.5200016348154047,-0.48000045267351754
5.184818481848184,-0.5000009517881239,-0.520001625645273,-0.48000044988115487
5.185918591859186,-0.5000009462113416,-0.520001616526579,-0.4800004471060172
5.187018701870187,-0.5000009406672352,-0.5200016074590342,-0.48000044434799827
5.188118811881187,-0.5000009351556133,-0.5200015984423518,-0.4800004416069925
5.189218921892189,-0.5000009296762853,-0.5200015894762465,-0.4800004388828948
5.19031903190319,-0.5000009242290623,-0.5200015805604347,-0.48000043617560106
5.191419141914191,-0.500000918813756,-0.5200015716946339,-0.48000043348500754
5.192519251925193,-0.5000009134301794,-0.520001562878564,-0.4800004308110112
5.193619361936193,-0.5000009080781467,-0.5200015541119458,-0.48000042815350963
5.194719471947194,-0.5000009027574729,-0.520001545394502,-0.4800004255124012
5.195819581958196,-0.5000008974679744,-0.5200015367259568,-0.4800004228875847
5.196919691969197,-0.5000008922094685,-0.5200015281060358,-0.4800004202789596
5.198019801980197,-0.5000008869817736,-0.5200015195344664,-0.4800004176864261
5.199119911991199,-0.5000008817847091,-0.5200015110109772,-0.4800004151098849
5.2002200220022,-0.5000008766180957,-0.5200015025352988,-0.4800004125492374
5.201320132013201,-0.5000008714817549,-0.5200014941071627,-0.4800004100043854
5.2024202420242025,-0.5000008663755092,-0.5200014857263023,-0.48000040747523165
5.203520352035203,-0.5000008612991824,-0.5200014773924525,-0.4800004049616793
5.204620462046204,-0.5000008562525992,-0.5200014691053496,-0.48000040246363196
5.2057205720572055,-0.5000008512355851,-0.5200014608647313,-0.4800003999809942
5.206820682068207,-0.5000008462479673,-0.5200014526703369,-0.48000039751367074
5.207920792079207,-0.5000008412895731,-0.5200014445219072,-0.4800003950615672
5.2090209020902085,-0.5000008363602315,-0.5200014364191843,-0.4800003926245898
5.21012101210121,-0.5000008314597724,-0.5200014283619118,-0.48000039020264507
5.211221122112211,-0.5000008265880262,-0.5200014203498347,-0.48000038779564036
5.212321232123212,-0.500000821744825,-0.5200014123826996,-0.48000038540348355
5.213421342134213,-0.5000008169300013,-0.5200014044602543,-0.48000038302608294
5.214521452145214,-0.500000812143389,-0.5200013965822483,-0.4800003806633476
5.215621562156215,-0.5000008073848228,-0.5200013887484322,-0.48000037831518705
5.216721672167217,-0.5000008026541383,-0.5200013809585581,-0.48000037598151135
5.217821782178217,-0.5000007979511721,-0.5200013732123796,-0.48000037366223114
5.218921892189218,-0.5000007932757619,-0.5200013655096515,-0.4800003713572577
5.22002200220022,-0.5000007886277461,-0.5200013578501301,-0.4800003690665027
5.221122112211221,-0.5000007840069643,-0.5200013502335732,-0.48000036678987845
5.222222222222222,-0.5000007794132569,-0.5200013426597395,-0.4800003645272978
5.223322332233223,-0.5000007748464653,-0.5200013351283896,-0.48000036227867404
5.224422442244224,-0.5000007703064318,-0.5200013276392852,-0.4800003600439212
5.225522552255225,-0.5000007657929996,-0.5200013201921893,-0.4800003578229537
5.226622662266227,-0.5000007613060127,-0.5200013127868661,-0.48000035561568644
5.227722772277227,-0.5000007568453163,-0.5200013054230814,-0.48000035342203484
5.228822882288228,-0.5000007524107563,-0.5200012981006024,-0.4800003512419151
5.22992299229923,-0.5000007480021795,-0.520001290819197,-0.4800003490752437
5.231023102310231,-0.5000007436194339,-0.5200012835786351,-0.4800003469219375
5.232123212321232,-0.500000739262368,-0.5200012763786874,-0.4800003447819142
5.233223322332233,-0.5000007349308312,-0.5200012692191263,-0.48000034265509195
5.234323432343234,-0.500000730624674,-0.5200012620997252,-0.4800003405413892
5.235423542354235,-0.5000007263437478,-0.5200012550202587,-0.480000338440725
5.2365236523652365,-0.5000007220879047,-0.520001247980503,-0.480000336353019
5.237623762376237,-0.5000007178569977,-0.520001240980235,-0.4800003342781912
5.238723872387238,-0.5000007136508808,-0.5200012340192337,-0.4800003322161621
5.2398239823982395,-0.5000007094694086,-0.5200012270972785,-0.48000033016685295
5.240924092409241,-0.5000007053124368,-0.5200012202141504,-0.4800003281301852
5.242024202420241,-0.5000007011798218,-0.5200012133696317,-0.4800003261060808
5.2431243124312426,-0.5000006970714209,-0.5200012065635058,-0.48000032409446225
5.244224422442244,-0.5000006929870923,-0.5200011997955574,-0.48000032209525256
5.245324532453245,-0.5000006889266947,-0.5200011930655722,-0.48000032010837523
5.2464246424642464,-0.5000006848900882,-0.5200011863733374,-0.4800003181337542
5.247524752475247,-0.5000006808771332,-0.5200011797186412,-0.4800003161713138
5.248624862486248,-0.5000006768876912,-0.520001173101273,-0.4800003142209789
5.2497249724972495,-0.5000006729216244,-0.5200011665210235,-0.4800003122826748
5.250825082508251,-0.5000006689787959,-0.5200011599776844,-0.4800003103563274
5.251925192519251,-0.5000006650590695,-0.5200011534710487,-0.4800003084418628
5.2530253025302525,-0.5000006611623098,-0.5200011470009105,-0.4800003065392079
5.254125412541254,-0.5000006572883822,-0.5200011405670651,-0.4800003046482896
5.255225522552255,-0.500000653437153,-0.520001134169309,-0.4800003027690356
5.256325632563256,-0.5000006496084892,-0.5200011278074397,-0.480000300901374
5.257425742574257,-0.5000006458022587,-0.5200011214812558,-0.48000029904523334
5.258525852585258,-0.5000006420183297,-0.5200011151905571,-0.4800002972005424
5.259625962596259,-0.5000006382565719,-0.5200011089351448,-0.48000029536723066
5.260726072607261,-0.5000006345168553,-0.5200011027148209,-0.4800002935452278
5.261826182618261,-0.5000006307990505,-0.5200010965293884,-0.48000029173446424
5.262926292629262,-0.5000006271030295,-0.5200010903786518,-0.48000028993487054
5.264026402640264,-0.5000006234286645,-0.5200010842624163,-0.48000028814637785
5.265126512651265,-0.5000006197758284,-0.5200010781804886,-0.48000028636891756
5.266226622662266,-0.5000006161443954,-0.520001072132676,-0.48000028460242183
5.267326732673267,-0.5000006125342399,-0.5200010661187873,-0.48000028284682283
5.268426842684268,-0.5000006089452373,-0.520001060138632,-0.4800002811020534
5.269526952695269,-0.5000006053772635,-0.5200010541920213,-0.4800002793680468
5.270627062706271,-0.5000006018301956,-0.5200010482787666,-0.48000027764473663
5.271727172717271,-0.5000005983039109,-0.520001042398681,-0.48000027593205685
5.272827282728272,-0.5000005947982875,-0.5200010365515785,-0.48000027422994185
5.273927392739274,-0.5000005913132046,-0.520001030737274,-0.48000027253832656
5.275027502750275,-0.5000005878485417,-0.5200010249555834,-0.48000027085714625
5.276127612761276,-0.5000005844041793,-0.5200010192063241,-0.4800002691863363
5.277227722772277,-0.5000005809799982,-0.5200010134893139,-0.480000267525833
5.278327832783278,-0.5000005775758803,-0.520001007804372,-0.48000026587557276
5.279427942794279,-0.5000005741917082,-0.5200010021513185,-0.48000026423549225
5.2805280528052805,-0.5000005708273647,-0.5200009965299746,-0.48000026260552875
5.281628162816281,-0.5000005674827339,-0.5200009909401623,-0.4800002609856199
5.282728272827282,-0.5000005641577001,-0.5200009853817048,-0.48000025937570345
5.2838283828382835,-0.5000005608521486,-0.5200009798544263,-0.4800002577757181
5.284928492849285,-0.5000005575659653,-0.5200009743581517,-0.4800002561856024
5.286028602860286,-0.5000005542990364,-0.5200009688927074,-0.4800002546052954
5.2871287128712865,-0.5000005510512496,-0.5200009634579201,-0.4800002530347368
5.288228822882288,-0.5000005478224923,-0.5200009580536182,-0.48000025147386627
5.289328932893289,-0.5000005446126532,-0.5200009526796304,-0.48000024992262413
5.29042904290429,-0.5000005414216214,-0.520000947335787,-0.480000248380951
5.291529152915291,-0.5000005382492867,-0.5200009420219184,-0.48000024684878795
5.292629262926292,-0.5000005350955395,-0.520000936737857,-0.480000245326076
5.293729372937293,-0.500000531960271,-0.5200009314834352,-0.4800002438127572
5.294829482948295,-0.500000528843373,-0.5200009262584869,-0.48000024230877336
5.295929592959296,-0.5000005257447376,-0.5200009210628469,-0.4800002408140671
5.297029702970296,-0.500000522664258,-0.5200009158963506,-0.48000023932858105
5.298129812981298,-0.5000005196018277,-0.5200009107588346,-0.4800002378522583
5.299229922992299,-0.500000516557341,-0.5200009056501363,-0.4800002363850425
5.3003300330033,-0.5000005135306929,-0.5200009005700943,-0.4800002349268774
5.301430143014301,-0.5000005105217786,-0.5200008955185476,-0.48000023347770704
5.302530253025302,-0.5000005075304944,-0.5200008904953363,-0.480000232037476
5.303630363036303,-0.5000005045567368,-0.5200008855003015,-0.4800002306061293
5.304730473047305,-0.5000005016004034,-0.5200008805332855,-0.48000022918361185
5.305830583058306,-0.500000498661392,-0.5200008755941307,-0.4800002277698695
5.306930693069306,-0.5000004957396009,-0.5200008706826811,-0.48000022636484785
5.308030803080308,-0.5000004928349295,-0.520000865798781,-0.48000022496849326
5.309130913091309,-0.5000004899472773,-0.5200008609422762,-0.4800002235807522
5.31023102310231,-0.5000004870765445,-0.5200008561130128,-0.4800002222015717
5.311331133113311,-0.5000004842226323,-0.5200008513108382,-0.48000022083089866
5.312431243124312,-0.5000004813854418,-0.5200008465356002,-0.4800002194686809
5.313531353135313,-0.5000004785648753,-0.5200008417871478,-0.48000021811486593
5.3146314631463145,-0.5000004757608351,-0.5200008370653308,-0.4800002167694022
5.315731573157316,-0.5000004729732246,-0.5200008323699999,-0.48000021543223814
5.316831683168316,-0.5000004702019474,-0.5200008277010063,-0.4800002141033225
5.3179317931793175,-0.500000467446908,-0.5200008230582024,-0.4800002127826043
5.319031903190319,-0.500000464708011,-0.5200008184414413,-0.48000021147003324
5.32013201320132,-0.5000004619851619,-0.5200008138505768,-0.4800002101655588
5.3212321232123205,-0.5000004592782668,-0.5200008092854639,-0.4800002088691312
5.322332233223322,-0.500000456587232,-0.5200008047459579,-0.4800002075807007
5.323432343234323,-0.5000004539119648,-0.5200008002319152,-0.480000206300218
5.324532453245324,-0.5000004512523727,-0.520000795743193,-0.4800002050276342
5.325632563256326,-0.5000004486083638,-0.5200007912796494,-0.4800002037629003
5.326732673267326,-0.5000004459798469,-0.5200007868411429,-0.4800002025059682
5.327832783278327,-0.5000004433667312,-0.5200007824275333,-0.48000020125678955
5.328932893289329,-0.5000004407689265,-0.5200007780386808,-0.4800002000153165
5.33003300330033,-0.500000438186343,-0.5200007736744466,-0.4800001987815018
5.33113311331133,-0.5000004356188915,-0.5200007693346927,-0.4800001975552979
5.332233223322332,-0.5000004330664835,-0.5200007650192816,-0.4800001963366579
5.333333333333333,-0.5000004305290305,-0.5200007607280769,-0.48000019512553527
5.334433443344334,-0.5000004280064454,-0.5200007564609427,-0.48000019392188353
5.335533553355336,-0.5000004254986407,-0.520000752217744,-0.48000019272565675
5.336633663366336,-0.5000004230055298,-0.5200007479983466,-0.48000019153680884
5.337733773377337,-0.5000004205270268,-0.520000743802617,-0.4800001903552946
5.338833883388339,-0.500000418063046,-0.5200007396304224,-0.48000018918106857
5.33993399339934,-0.5000004156135023,-0.5200007354816307,-0.48000018801408595
5.34103410341034,-0.5000004131783112,-0.5200007313561108,-0.4800001868543019
5.342134213421342,-0.5000004107573885,-0.520000727253732,-0.48000018570167213
5.343234323432343,-0.5000004083506506,-0.5200007231743647,-0.48000018455615256
5.344334433443344,-0.5000004059580145,-0.5200007191178797,-0.4800001834176991
5.345434543454345,-0.5000004035793975,-0.5200007150841486,-0.4800001822862684
5.346534653465346,-0.5000004012147173,-0.5200007110730438,-0.4800001811618171
5.347634763476347,-0.5000003988638926,-0.5200007070844385,-0.4800001800443019
5.3487348734873486,-0.5000003965268419,-0.5200007031182062,-0.4800001789336804
5.34983498349835,-0.5000003942034846,-0.5200006991742216,-0.4800001778299098
5.35093509350935,-0.5000003918937406,-0.5200006952523601,-0.4800001767329479
5.352035203520352,-0.5000003895975299,-0.5200006913524973,-0.48000017564275277
5.353135313531353,-0.5000003873147733,-0.5200006874745099,-0.48000017455928257
5.354235423542354,-0.500000385045392,-0.5200006836182752,-0.4800001734824958
5.355335533553355,-0.5000003827893077,-0.5200006797836713,-0.4800001724123514
5.356435643564356,-0.5000003805464422,-0.5200006759705765,-0.48000017134880835
5.357535753575357,-0.5000003783167185,-0.5200006721788706,-0.48000017029182573
5.3586358635863585,-0.5000003761000592,-0.5200006684084334,-0.48000016924136335
5.35973597359736,-0.500000373896388,-0.5200006646591456,-0.4800001681973808
5.36083608360836,-0.5000003717056286,-0.5200006609308886,-0.48000016715983806
5.3619361936193615,-0.5000003695277054,-0.5200006572235445,-0.48000016612869567
5.363036303630363,-0.5000003673625434,-0.5200006535369958,-0.48000016510391386
5.364136413641364,-0.5000003652100676,-0.520000649871126,-0.48000016408545365
5.3652365236523645,-0.5000003630702037,-0.5200006462258191,-0.48000016307327587
5.366336633663366,-0.5000003609428779,-0.5200006426009598,-0.48000016206734175
5.367436743674367,-0.5000003588280166,-0.5200006389964332,-0.4800001610676129
5.368536853685368,-0.5000003567255469,-0.5200006354121255,-0.4800001600740509
5.36963696369637,-0.5000003546353962,-0.5200006318479231,-0.48000015908661786
5.37073707370737,-0.5000003525574921,-0.5200006283037133,-0.48000015810527585
5.371837183718371,-0.5000003504917631,-0.520000624779384,-0.48000015712998734
5.372937293729373,-0.5000003484381377,-0.5200006212748236,-0.4800001561607151
5.374037403740374,-0.500000346396545,-0.5200006177899213,-0.4800001551974218
5.375137513751374,-0.5000003443669147,-0.5200006143245668,-0.4800001542400707
5.376237623762376,-0.5000003423491763,-0.5200006108786503,-0.4800001532886252
5.377337733773377,-0.5000003403432606,-0.520000607452063,-0.4800001523430487
5.378437843784378,-0.5000003383490981,-0.5200006040446964,-0.4800001514033051
5.37953795379538,-0.5000003363666198,-0.5200006006564426,-0.4800001504693584
5.38063806380638,-0.5000003343957574,-0.5200005972871944,-0.48000014954117287
5.381738173817381,-0.5000003324364428,-0.5200005939368454,-0.480000148618713
5.382838283828383,-0.5000003304886085,-0.5200005906052892,-0.4800001477019433
5.383938393839384,-0.500000328552187,-0.5200005872924208,-0.4800001467908289
5.385038503850384,-0.5000003266271115,-0.5200005839981352,-0.4800001458853347
5.386138613861386,-0.5000003247133155,-0.5200005807223281,-0.4800001449854262
5.387238723872387,-0.5000003228107329,-0.520000577464896,-0.48000014409106884
5.388338833883388,-0.5000003209192981,-0.5200005742257356,-0.4800001432022285
5.3894389438943895,-0.5000003190389458,-0.5200005710047446,-0.4800001423188709
5.39053905390539,-0.5000003171696109,-0.5200005678018211,-0.4800001414409625
5.391639163916391,-0.500000315311229,-0.5200005646168636,-0.4800001405684695
5.3927392739273925,-0.5000003134637359,-0.5200005614497715,-0.4800001397013587
5.393839383938394,-0.5000003116270676,-0.5200005583004444,-0.4800001388395966
5.394939493949394,-0.500000309801161,-0.5200005551687827,-0.48000013798315044
5.3960396039603955,-0.5000003079859527,-0.5200005520546875,-0.4800001371319873
5.397139713971397,-0.5000003061813802,-0.52000054895806,-0.48000013628607474
5.398239823982398,-0.5000003043873813,-0.5200005458788024,-0.4800001354453802
5.399339933993399,-0.5000003026038939,-0.5200005428168173,-0.4800001346098717
5.4004400440044,-0.5000003008308564,-0.5200005397720076,-0.480000133779517
5.401540154015401,-0.5000002990682076,-0.520000536744277,-0.48000013295428445
5.402640264026402,-0.5000002973158867,-0.52000053373353,-0.4800001321341424
5.403740374037404,-0.5000002955738331,-0.520000530739671,-0.4800001313190595
5.404840484048404,-0.5000002938419866,-0.5200005277626054,-0.4800001305090045
5.405940594059405,-0.5000002921202875,-0.5200005248022389,-0.48000012970394645
5.407040704070407,-0.5000002904086762,-0.520000521858478,-0.48000012890385446
5.408140814081408,-0.5000002887070938,-0.5200005189312294,-0.48000012810869797
5.409240924092409,-0.5000002870154814,-0.5200005160204006,-0.48000012731844643
5.41034103410341,-0.5000002853337806,-0.5200005131258995,-0.48000012653306967
5.411441144114411,-0.5000002836619334,-0.5200005102476344,-0.4800001257525375
5.412541254125412,-0.5000002819998819,-0.5200005073855143,-0.4800001249768202
5.413641364136414,-0.5000002803475688,-0.5200005045394486,-0.480000124205888
5.414741474147414,-0.5000002787049371,-0.5200005017093472,-0.4800001234397113
5.415841584158415,-0.5000002770719301,-0.5200004988951207,-0.48000012267826087
5.416941694169417,-0.5000002754484912,-0.52000049609668,-0.48000012192150754
5.418041804180418,-0.5000002738345646,-0.5200004933139365,-0.48000012116942237
5.419141914191419,-0.5000002722300942,-0.5200004905468022,-0.4800001204219765
5.42024202420242,-0.5000002706350251,-0.5200004877951895,-0.48000011967914125
5.421342134213421,-0.5000002690493017,-0.5200004850590113,-0.48000011894088834
5.422442244224422,-0.5000002674728696,-0.5200004823381812,-0.48000011820718935
5.4235423542354235,-0.5000002659056743,-0.5200004796326129,-0.4800001174780163
5.424642464246424,-0.5000002643476614,-0.5200004769422208,-0.4800001167533412
5.425742574257425,-0.5000002627987775,-0.5200004742669201,-0.4800001160331363
5.4268426842684265,-0.5000002612589689,-0.5200004716066257,-0.4800001153173741
5.427942794279428,-0.5000002597281824,-0.5200004689612537,-0.4800001146060272
5.429042904290429,-0.5000002582063653,-0.5200004663307203,-0.48000011389906827
5.4301430143014295,-0.5000002566934648,-0.5200004637149424,-0.4800001131964703
5.431243124312431,-0.5000002551894288,-0.5200004611138369,-0.4800001124982063
5.432343234323432,-0.5000002536942054,-0.5200004585273219,-0.48000011180424973
5.433443344334433,-0.5000002522077429,-0.5200004559553153,-0.48000011111457386
5.434543454345434,-0.5000002507299901,-0.5200004533977358,-0.48000011042915225
5.435643564356435,-0.5000002492608957,-0.5200004508545025,-0.4800001097479588
5.436743674367436,-0.5000002478004092,-0.5200004483255348,-0.48000010907096735
5.437843784378438,-0.5000002463484801,-0.5200004458107529,-0.480000108398152
5.438943894389439,-0.5000002449050581,-0.5200004433100771,-0.480000107729487
5.4400440044004394,-0.5000002434700936,-0.5200004408234283,-0.48000010706494667
5.441144114411441,-0.5000002420435369,-0.5200004383507277,-0.48000010640450563
5.442244224422442,-0.5000002406253389,-0.5200004358918973,-0.4800001057481387
5.443344334433443,-0.5000002392154503,-0.520000433446859,-0.4800001050958205
5.444444444444444,-0.5000002378138227,-0.5200004310155357,-0.4800001044475263
5.445544554455445,-0.5000002364204077,-0.5200004285978503,-0.4800001038032311
5.446644664466446,-0.5000002350351571,-0.5200004261937264,-0.4800001031629103
5.447744774477448,-0.5000002336580229,-0.520000423803088,-0.48000010252653935
5.448844884488448,-0.5000002322889578,-0.5200004214258592,-0.48000010189409403
5.449944994499449,-0.5000002309279145,-0.5200004190619649,-0.4800001012655499
5.451045104510451,-0.5000002295748458,-0.5200004167113305,-0.48000010064088305
5.452145214521452,-0.5000002282297051,-0.5200004143738813,-0.48000010002006954
5.453245324532453,-0.5000002268924459,-0.5200004120495436,-0.48000009940308563
5.454345434543454,-0.5000002255630221,-0.5200004097382438,-0.48000009878990757
5.455445544554455,-0.5000002242413878,-0.5200004074399086,-0.4800000981805119
5.456545654565456,-0.5000002229274974,-0.5200004051544654,-0.4800000975748755
5.457645764576458,-0.5000002216213052,-0.520000402881842,-0.48000009697297497
5.458745874587458,-0.5000002203227665,-0.5200004006219664,-0.48000009637478724
5.459845984598459,-0.5000002190318362,-0.5200003983747669,-0.48000009578028957
5.460946094609461,-0.5000002177484698,-0.5200003961401727,-0.4800000951894592
5.462046204620462,-0.500000216472623,-0.5200003939181128,-0.48000009460227333
5.463146314631463,-0.5000002152042519,-0.5200003917085172,-0.4800000940187096
5.464246424642464,-0.5000002139433123,-0.5200003895113158,-0.4800000934387456
5.465346534653465,-0.500000212689761,-0.520000387326439,-0.48000009286235923
5.466446644664466,-0.5000002114435546,-0.520000385153818,-0.4800000922895282
5.4675467546754675,-0.50000021020465,-0.5200003829933836,-0.48000009172023095
5.468646864686468,-0.5000002089730045,-0.5200003808450678,-0.4800000911544454
5.469746974697469,-0.5000002077485756,-0.5200003787088024,-0.4800000905921499
5.4708470847084705,-0.5000002065313208,-0.52000037658452,-0.480000090033323
5.471947194719472,-0.5000002053211984,-0.5200003744721533,-0.48000008947794326
5.473047304730473,-0.5000002041181664,-0.5200003723716354,-0.48000008892598955
5.4741474147414735,-0.5000002029221832,-0.5200003702828999,-0.48000008837744046
5.475247524752475,-0.5000002017332076,-0.5200003682058807,-0.4800000878322753
5.476347634763476,-0.5000002005511985,-0.520000366140512,-0.48000008729047294
5.477447744774477,-0.5000001993761152,-0.5200003640867287,-0.4800000867520128
5.478547854785478,-0.500000198207917,-0.5200003620444655,-0.4800000862168742
5.479647964796479,-0.5000001970465635,-0.5200003600136579,-0.4800000856850366
5.48074807480748,-0.5000001958920148,-0.5200003579942417,-0.48000008515647974
5.481848184818482,-0.5000001947442309,-0.520000355986153,-0.4800000846311834
5.482948294829483,-0.5000001936031722,-0.5200003539893282,-0.4800000841091273
5.484048404840483,-0.5000001924687991,-0.5200003520037042,-0.48000008359029156
5.485148514851485,-0.5000001913410728,-0.5200003500292181,-0.48000008307465636
5.486248624862486,-0.500000190219954,-0.5200003480658073,-0.48000008256220195
5.487348734873487,-0.5000001891054042,-0.52000034611341,-0.48000008205290856
5.488448844884488,-0.5000001879973849,-0.5200003441719641,-0.4800000815467569
5.489548954895489,-0.5000001868958577,-0.5200003422414083,-0.4800000810437274
5.49064906490649,-0.5000001858007846,-0.5200003403216816,-0.48000008054380094
5.491749174917492,-0.500000184712128,-0.5200003384127232,-0.48000008004695827
5.492849284928493,-0.50000018362985,-0.5200003365144726,-0.48000007955318047
5.493949394939493,-0.5000001825539134,-0.5200003346268698,-0.48000007906244857
5.495049504950495,-0.500000181484281,-0.5200003327498551,-0.4800000785747439
5.496149614961496,-0.5000001804209159,-0.5200003308833692,-0.4800000780900475
5.497249724972497,-0.5000001793637813,-0.5200003290273528,-0.4800000776083412
5.498349834983498,-0.5000001783128407,-0.5200003271817474,-0.48000007712960624
5.499449944994499,-0.5000001772680579,-0.5200003253464944,-0.4800000766538244
5.5005500550055,-0.5000001762293967,-0.520000323521536,-0.4800000761809775
5.5016501650165015,-0.5000001751968213,-0.5200003217068142,-0.4800000757110474
5.502750275027503,-0.5000001741702961,-0.5200003199022717,-0.4800000752440161
5.503850385038503,-0.5000001731497855,-0.5200003181078514,-0.4800000747798657
5.5049504950495045,-0.5000001721352545,-0.5200003163234964,-0.4800000743185785
5.506050605060506,-0.5000001711266677,-0.5200003145491505,-0.48000007386013677
5.507150715071507,-0.5000001701239907,-0.5200003127847572,-0.480000073404523
5.5082508250825075,-0.5000001691271885,-0.5200003110302611,-0.48000007295171976
5.509350935093509,-0.5000001681362269,-0.5200003092856063,-0.48000007250170973
5.51045104510451,-0.5000001671510715,-0.5200003075507378,-0.4800000720544755
5.511551155115511,-0.5000001661716885,-0.5200003058256006,-0.48000007161000013
5.512651265126513,-0.500000165198044,-0.5200003041101402,-0.4800000711682666
5.513751375137513,-0.5000001642301043,-0.5200003024043023,-0.4800000707292579
5.514851485148514,-0.500000163267836,-0.5200003007080329,-0.4800000702929573
5.515951595159516,-0.5000001623112059,-0.5200002990212784,-0.48000006985934807
5.517051705170517,-0.500000161360181,-0.5200002973439853,-0.48000006942841356
5.518151815181517,-0.5000001604147283,-0.5200002956761007,-0.48000006900013725
5.519251925192519,-0.5000001594748154,-0.5200002940175716,-0.48000006857450295
5.52035203520352,-0.5000001585404096,-0.5200002923683458,-0.4800000681514942
5.521452145214521,-0.5000001576114788,-0.5200002907283708,-0.4800000677310947
5.522552255225523,-0.5000001566879907,-0.520000289097595,-0.4800000673132886
5.523652365236523,-0.5000001557699137,-0.5200002874759666,-0.48000006689805974
5.524752475247524,-0.5000001548572159,-0.5200002858634344,-0.4800000664853923
5.525852585258526,-0.500000153949866,-0.5200002842599474,-0.48000006607527035
5.526952695269527,-0.5000001530478323,-0.5200002826654546,-0.4800000656676783
5.528052805280527,-0.500000152151084,-0.5200002810799059,-0.48000006526260053
5.529152915291529,-0.5000001512595899,-0.520000279503251,-0.48000006486002156
5.53025302530253,-0.5000001503733194,-0.5200002779354399,-0.48000006445992593
5.531353135313531,-0.5000001494922417,-0.5200002763764232,-0.48000006406229834
5.5324532453245325,-0.5000001486163265,-0.5200002748261514,-0.48000006366712356
5.533553355335533,-0.5000001477455435,-0.5200002732845754,-0.4800000632743864
5.534653465346534,-0.5000001468798627,-0.5200002717516468,-0.48000006288407193
5.5357535753575355,-0.5000001460192541,-0.5200002702273165,-0.4800000624961651
5.536853685368537,-0.5000001451636881,-0.5200002687115368,-0.48000006211065116
5.537953795379537,-0.500000144313135,-0.5200002672042595,-0.4800000617275153
5.5390539053905385,-0.5000001434675656,-0.5200002657054369,-0.4800000613467429
5.54015401540154,-0.5000001426269506,-0.5200002642150215,-0.48000006096831926
5.541254125412541,-0.5000001417912611,-0.5200002627329664,-0.48000006059223
5.542354235423542,-0.500000140960468,-0.5200002612592245,-0.48000006021846064
5.543454345434543,-0.5000001401345426,-0.5200002597937493,-0.4800000598469969
5.544554455445544,-0.5000001393134568,-0.5200002583364943,-0.48000005947782465
5.5456545654565454,-0.5000001384971818,-0.5200002568874135,-0.4800000591109296
5.546754675467547,-0.5000001376856896,-0.5200002554464609,-0.4800000587462978
5.547854785478547,-0.5000001368789522,-0.5200002540135911,-0.48000005838391535
5.5489548954895485,-0.5000001360769416,-0.5200002525887585,-0.4800000580237682
5.55005500550055,-0.5000001352796303,-0.5200002511719183,-0.48000005766584264
5.551155115511551,-0.5000001344869907,-0.5200002497630255,-0.4800000573101251
5.5522552255225515,-0.5000001336989952,-0.5200002483620356,-0.48000005695660175
5.553355335533553,-0.5000001329156168,-0.5200002469689042,-0.48000005660525913
5.554455445544554,-0.5000001321368286,-0.5200002455835874,-0.4800000562560839
5.555555555555555,-0.5000001313626035,-0.5200002442060411,-0.4800000559090625
5.556655665566557,-0.5000001305929146,-0.5200002428362219,-0.4800000555641818
5.557755775577557,-0.5000001298277357,-0.5200002414740863,-0.4800000552214284
5.558855885588558,-0.5000001290670402,-0.5200002401195915,-0.48000005488078945
5.55995599559956,-0.5000001283108017,-0.5200002387726942,-0.4800000545422517
5.561056105610561,-0.5000001275589943,-0.5200002374333521,-0.4800000542058023
5.562156215621561,-0.5000001268115918,-0.5200002361015228,-0.4800000538714283
5.563256325632563,-0.5000001260685686,-0.520000234777164,-0.4800000535391169
5.564356435643564,-0.500000125329899,-0.5200002334602339,-0.4800000532088554
5.565456545654565,-0.5000001245955574,-0.5200002321506909,-0.4800000528806312
5.566556655665567,-0.5000001238655186,-0.5200002308484934,-0.4800000525544317
5.567656765676567,-0.5000001231397573,-0.5200002295536004,-0.4800000522302442
5.568756875687568,-0.5000001224182484,-0.5200002282659708,-0.4800000519080567
5.56985698569857,-0.500000121700967,-0.5200002269855638,-0.48000005158785664
5.570957095709571,-0.5000001209878884,-0.5200002257123391,-0.48000005126963163
5.572057205720571,-0.5000001202789878,-0.520000224446256,-0.48000005095336973
5.573157315731573,-0.500000119574241,-0.5200002231872749,-0.4800000506390587
5.574257425742574,-0.5000001188736233,-0.5200002219353558,-0.48000005032668647
5.575357535753575,-0.5000001181771109,-0.5200002206904589,-0.48000005001624124
5.5764576457645765,-0.5000001174846794,-0.5200002194525452,-0.48000004970771093
5.577557755775577,-0.5000001167963051,-0.5200002182215752,-0.4800000494010839
5.578657865786578,-0.5000001161119642,-0.52000021699751,-0.4800000490963482
5.5797579757975795,-0.500000115431633,-0.5200002157803109,-0.48000004879349245
5.580858085808581,-0.500000114755288,-0.5200002145699394,-0.48000004849250477
5.581958195819581,-0.500000114082906,-0.5200002133663573,-0.48000004819337383
5.5830583058305825,-0.5000001134144636,-0.5200002121695264,-0.4800000478960881
5.584158415841584,-0.5000001127499378,-0.5200002109794089,-0.4800000476006362
5.585258525852585,-0.5000001120893056,-0.520000209795967,-0.48000004730700685
5.586358635863586,-0.5000001114325443,-0.5200002086191633,-0.48000004701518884
5.587458745874587,-0.5000001107796311,-0.5200002074489607,-0.4800000467251708
5.588558855885588,-0.5000001101305435,-0.5200002062853222,-0.48000004643694183
5.589658965896589,-0.5000001094852591,-0.5200002051282108,-0.48000004615049086
5.590759075907591,-0.5000001088437556,-0.5200002039775898,-0.4800000458658069
5.591859185918591,-0.5000001082060107,-0.5200002028334231,-0.480000045582879
5.592959295929592,-0.5000001075720026,-0.5200002016956744,-0.4800000453016964
5.594059405940594,-0.5000001069417094,-0.5200002005643075,-0.48000004502224825
5.595159515951595,-0.5000001063151092,-0.5200001994392869,-0.48000004474452396
5.596259625962596,-0.5000001056921805,-0.5200001983205766,-0.48000004446851274
5.597359735973597,-0.5000001050729015,-0.5200001972081417,-0.48000004419420417
5.598459845984598,-0.5000001044572512,-0.5200001961019467,-0.4800000439215878
5.599559955995599,-0.5000001038452081,-0.5200001950019567,-0.48000004365065296
5.600660066006601,-0.5000001032367511,-0.5200001939081368,-0.48000004338138946
5.601760176017601,-0.5000001026318592,-0.5200001928204524,-0.48000004311378697
5.602860286028602,-0.5000001020305116,-0.5200001917388691,-0.48000004284783526
5.603960396039604,-0.5000001014326875,-0.5200001906633528,-0.480000042583524
5.605060506050605,-0.5000001008383661,-0.5200001895938693,-0.48000004232084315
5.606160616061606,-0.5000001002475271,-0.5200001885303849,-0.48000004205978275
5.607260726072607,-0.5000000996601499,-0.5200001874728658,-0.48000004180033273
5.608360836083608,-0.5000000990762143,-0.5200001864212785,-0.4800000415424831
5.609460946094609,-0.5000000984957002,-0.5200001853755901,-0.4800000412862241
5.6105610561056105,-0.5000000979185873,-0.5200001843357671,-0.4800000410315458
5.611661166116611,-0.5000000973448561,-0.5200001833017768,-0.4800000407784385
5.612761276127612,-0.5000000967744864,-0.5200001822735865,-0.4800000405268926
5.6138613861386135,-0.5000000962074587,-0.5200001812511634,-0.48000004027689835
5.614961496149615,-0.5000000956437534,-0.5200001802344756,-0.4800000400284462
5.616061606160616,-0.500000095083351,-0.5200001792234905,-0.4800000397815266
5.6171617161716165,-0.5000000945262321,-0.5200001782181763,-0.48000003953613024
5.618261826182618,-0.5000000939723774,-0.5200001772185013,-0.48000003929224766
5.619361936193619,-0.5000000934217681,-0.5200001762244337,-0.48000003904986943
5.62046204620462,-0.5000000928743848,-0.5200001752359422,-0.48000003880898634
5.621562156215621,-0.5000000923302088,-0.5200001742529953,-0.48000003856958917
5.622662266226622,-0.5000000917892213,-0.520000173275562,-0.4800000383316687
5.623762376237623,-0.5000000912514037,-0.5200001723036115,-0.48000003809521585
5.624862486248625,-0.5000000907167372,-0.5200001713371128,-0.4800000378602217
5.625962596259626,-0.5000000901852034,-0.5200001703760356,-0.4800000376266771
5.627062706270626,-0.5000000896567841,-0.5200001694203493,-0.4800000373945731
5.628162816281628,-0.500000089131461,-0.5200001684700237,-0.48000003716390083
5.629262926292629,-0.5000000886092157,-0.5200001675250288,-0.48000003693465154
5.63036303630363,-0.5000000880900306,-0.5200001665853345,-0.48000003670681635
5.631463146314631,-0.5000000875738875,-0.5200001656509113,-0.4800000364803867
5.632563256325632,-0.5000000870607685,-0.5200001647217295,-0.4800000362553537
5.633663366336633,-0.5000000865506561,-0.5200001637977598,-0.4800000360317088
5.634763476347635,-0.5000000860435325,-0.5200001628789728,-0.4800000358094436
5.635863586358636,-0.5000000855393804,-0.5200001619653396,-0.4800000355885494
5.636963696369636,-0.5000000850381822,-0.5200001610568312,-0.4800000353690178
5.638063806380638,-0.5000000845399206,-0.5200001601534189,-0.48000003515084044
5.639163916391639,-0.5000000840445785,-0.520000159255074,-0.4800000349340089
5.64026402640264,-0.5000000835521388,-0.5200001583617683,-0.48000003471851493
5.641364136413641,-0.5000000830625844,-0.5200001574734734,-0.48000003450435025
5.642464246424642,-0.5000000825758983,-0.5200001565901611,-0.4800000342915066
5.643564356435643,-0.500000082092064,-0.5200001557118036,-0.48000003407997593
5.6446644664466445,-0.5000000816110646,-0.520000154838373,-0.4800000338697502
5.645764576457646,-0.5000000811328834,-0.5200001539698417,-0.4800000336608212
5.646864686468646,-0.500000080657504,-0.5200001531061823,-0.480000033453181
5.6479647964796476,-0.50000008018491,-0.5200001522473674,-0.4800000332468216
5.649064906490649,-0.5000000797150851,-0.5200001513933697,-0.4800000330417352
5.65016501650165,-0.500000079248013,-0.5200001505441625,-0.4800000328379139
5.651265126512651,-0.5000000787836776,-0.5200001496997186,-0.48000003263534996
5.652365236523652,-0.500000078322063,-0.5200001488600114,-0.48000003243403544
5.653465346534653,-0.5000000778631529,-0.5200001480250145,-0.4800000322339628
5.6545654565456545,-0.5000000774069318,-0.5200001471947012,-0.4800000320351243
5.655665566556655,-0.5000000769533838,-0.5200001463690455,-0.4800000318375124
5.656765676567656,-0.5000000765024932,-0.520000145548021,-0.4800000316411195
5.6578657865786575,-0.5000000760542446,-0.5200001447316019,-0.48000003144593806
5.658965896589659,-0.5000000756086224,-0.5200001439197623,-0.48000003125196056
5.66006600660066,-0.5000000751656111,-0.5200001431124766,-0.48000003105917965
5.6611661166116605,-0.5000000747251956,-0.5200001423097191,-0.4800000308675879
5.662266226622662,-0.5000000742873606,-0.5200001415114646,-0.4800000306771781
5.663366336633663,-0.500000073852091,-0.5200001407176875,-0.4800000304879428
5.664466446644664,-0.5000000734193718,-0.5200001399283631,-0.4800000302998748
5.665566556655665,-0.500000072989188,-0.5200001391434662,-0.480000030112967
5.666666666666666,-0.5000000725615247,-0.5200001383629721,-0.480000029927212
5.667766776677667,-0.5000000721363672,-0.5200001375868559,-0.48000002974260303
5.668866886688669,-0.5000000717137009,-0.5200001368150932,-0.4800000295591328
5.66996699669967,-0.5000000712935111,-0.5200001360476594,-0.4800000293767942
5.67106710671067,-0.5000000708757832,-0.5200001352845305,-0.4800000291955805
5.672167216721672,-0.500000070460503,-0.5200001345256822,-0.48000002901548455
5.673267326732673,-0.500000070047656,-0.5200001337710903,-0.4800000288364996
5.674367436743674,-0.500000069637228,-0.5200001330207313,-0.4800000286586187
5.675467546754675,-0.5000000692292047,-0.5200001322745812,-0.4800000284818351
5.676567656765676,-0.5000000688235722,-0.5200001315326166,-0.48000002830614197
5.677667766776677,-0.5000000684203164,-0.5200001307948137,-0.48000002813153275
5.678767876787679,-0.5000000680194234,-0.5200001300611494,-0.48000002795800045
5.67986798679868,-0.5000000676208793,-0.5200001293316004,-0.48000002778553874
5.68096809680968,-0.5000000672246705,-0.5200001286061438,-0.48000002761414073
5.682068206820682,-0.500000066830783,-0.5200001278847562,-0.4800000274438001
5.683168316831683,-0.5000000664392036,-0.5200001271674153,-0.4800000272745103
5.684268426842684,-0.5000000660499184,-0.5200001264540981,-0.48000002710626466
5.685368536853685,-0.5000000656629142,-0.5200001257447822,-0.48000002693905697
5.686468646864686,-0.5000000652781775,-0.5200001250394448,-0.4800000267728807
5.687568756875687,-0.5000000648956952,-0.520000124338064,-0.48000002660772945
5.6886688668866885,-0.5000000645154539,-0.5200001236406174,-0.48000002644359696
5.68976897689769,-0.5000000641374405,-0.520000122947083,-0.4800000262804769
5.69086908690869,-0.500000063761642,-0.5200001222574387,-0.4800000261183631
5.6919691969196915,-0.5000000633880454,-0.520000121571663,-0.48000002595724933
5.693069306930693,-0.5000000630166378,-0.5200001208897339,-0.4800000257971294
5.694169416941694,-0.5000000626474064,-0.52000012021163,-0.48000002563799715
5.6952695269526945,-0.5000000622803384,-0.5200001195373297,-0.48000002547984655
5.696369636963696,-0.5000000619154212,-0.5200001188668117,-0.4800000253226716
5.697469746974697,-0.5000000615526421,-0.5200001182000549,-0.4800000251664661
5.698569856985698,-0.5000000611919887,-0.5200001175370381,-0.4800000250112242
5.6996699669967,-0.5000000608334484,-0.5200001168777404,-0.48000002485693993
5.7007700770077,-0.5000000604770088,-0.5200001162221408,-0.48000002470360736
5.701870187018701,-0.5000000601226579,-0.5200001155702186,-0.4800000245512206
5.702970297029703,-0.500000059770383,-0.5200001149219533,-0.48000002439977396
5.704070407040704,-0.5000000594201723,-0.5200001142773243,-0.48000002424926147
5.705170517051704,-0.5000000590720135,-0.5200001136363112,-0.48000002409967735
5.706270627062706,-0.5000000587258948,-0.5200001129988937,-0.48000002395101604
5.707370737073707,-0.500000058381804,-0.5200001123650516,-0.4800000238032718
5.708470847084708,-0.5000000580397292,-0.5200001117347649,-0.4800000236564389
5.70957095709571,-0.5000000576996589,-0.5200001111080137,-0.48000002351051174
5.71067106710671,-0.5000000573615812,-0.5200001104847781,-0.48000002336548475
5.711771177117711,-0.5000000570254842,-0.5200001098650385,-0.4800000232213524
5.712871287128713,-0.5000000566913566,-0.520000109248775,-0.4800000230781092
5.713971397139714,-0.5000000563591867,-0.5200001086359685,-0.4800000229357495
5.715071507150714,-0.5000000560289631,-0.5200001080265994,-0.480000022794268
5.716171617161716,-0.5000000557006743,-0.5200001074206483,-0.48000002265365915
5.717271727172717,-0.5000000553743091,-0.520000106818096,-0.4800000225139178
5.718371837183718,-0.5000000550498562,-0.5200001062189239,-0.48000002237503847
5.7194719471947195,-0.5000000547273042,-0.5200001056231125,-0.48000002223701577
5.72057205720572,-0.5000000544066423,-0.5200001050306433,-0.4800000220998444
5.721672167216721,-0.5000000540878592,-0.5200001044414974,-0.4800000219635193
5.7227722772277225,-0.5000000537709439,-0.5200001038556561,-0.48000002182803503
5.723872387238724,-0.5000000534558855,-0.520000103273101,-0.4800000216933866
5.724972497249724,-0.5000000531426732,-0.5200001026938136,-0.4800000215595688
5.7260726072607255,-0.5000000528312959,-0.5200001021177756,-0.4800000214265764
5.727172717271727,-0.5000000525217432,-0.5200001015449688,-0.48000002129440433
5.728272827282728,-0.5000000522140041,-0.520000100975375,-0.48000002116304763
5.729372937293729,-0.5000000519080683,-0.5200001004089762,-0.4800000210325013
5.73047304730473,-0.5000000516039249,-0.5200000998457543,-0.48000002090276017
5.731573157315731,-0.5000000513015637,-0.5200000992856919,-0.4800000207738193
5.732673267326732,-0.5000000510009741,-0.5200000987287711,-0.48000002064567393
5.733773377337734,-0.5000000507021457,-0.5200000981749741,-0.4800000205183189
5.734873487348734,-0.5000000504050681,-0.5200000976242835,-0.4800000203917496
5.735973597359735,-0.5000000501097314,-0.5200000970766818,-0.480000020265961
5.737073707370737,-0.500000049816125,-0.5200000965321518,-0.48000002014094845
5.738173817381738,-0.5000000495242389,-0.5200000959906763,-0.48000002001670694
5.739273927392739,-0.500000049234063,-0.5200000954522381,-0.4800000198932318
5.74037403740374,-0.5000000489455875,-0.5200000949168201,-0.4800000197705184
5.741474147414741,-0.5000000486588021,-0.5200000943844054,-0.480000019648562
5.742574257425742,-0.5000000483736972,-0.5200000938549771,-0.4800000195273578
5.743674367436744,-0.5000000480902627,-0.5200000933285186,-0.4800000194069013
5.744774477447744,-0.500000047808489,-0.5200000928050131,-0.48000001928718783
5.745874587458745,-0.5000000475283661,-0.5200000922844442,-0.4800000191682129
5.746974697469747,-0.5000000472498847,-0.5200000917667952,-0.4800000190499718
5.748074807480748,-0.5000000469730349,-0.5200000912520498,-0.48000001893246014
5.749174917491749,-0.5000000466978073,-0.5200000907401918,-0.48000001881567333
5.75027502750275,-0.5000000464241923,-0.5200000902312051,-0.48000001869960696
5.751375137513751,-0.5000000461521805,-0.5200000897250733,-0.48000001858425645
5.752475247524752,-0.5000000458817625,-0.5200000892217805,-0.4800000184696176
5.7535753575357536,-0.5000000456129289,-0.5200000887213109,-0.48000001835568595
5.754675467546754,-0.5000000453456704,-0.5200000882236485,-0.48000001824245697
5.755775577557755,-0.500000045079978,-0.5200000877287776,-0.48000001812992654
5.756875687568757,-0.5000000448158424,-0.5200000872366827,-0.4800000180180902
5.757975797579758,-0.5000000445532543,-0.520000086747348,-0.4800000179069438
5.759075907590759,-0.5000000442922048,-0.5200000862607581,-0.48000001779648305
5.76017601760176,-0.5000000440326848,-0.5200000857768976,-0.48000001768670364
5.761276127612761,-0.5000000437746855,-0.5200000852957513,-0.48000001757760136
5.762376237623762,-0.5000000435181979,-0.5200000848173039,-0.4800000174691722
5.7634763476347635,-0.5000000432632131,-0.5200000843415401,-0.48000001736141185
5.764576457645764,-0.5000000430097223,-0.5200000838684451,-0.4800000172543162
5.765676567656765,-0.5000000427577168,-0.5200000833980037,-0.4800000171478812
5.7667766776677665,-0.5000000425071879,-0.5200000829302013,-0.4800000170421027
5.767876787678768,-0.5000000422581268,-0.5200000824650228,-0.4800000169369768
5.768976897689768,-0.5000000420105251,-0.5200000820024537,-0.48000001683249927
5.7700770077007695,-0.5000000417643742,-0.5200000815424793,-0.4800000167286663
5.771177117711771,-0.5000000415196655,-0.520000081085085,-0.48000001662547387
5.772277227722772,-0.5000000412763906,-0.5200000806302563,-0.4800000165229179
5.773377337733773,-0.5000000410345411,-0.5200000801779789,-0.48000001642099466
5.774477447744774,-0.5000000407941088,-0.5200000797282385,-0.4800000163197
5.775577557755775,-0.5000000405550851,-0.5200000792810207,-0.4800000162190303
5.776677667766776,-0.5000000403174619,-0.5200000788363115,-0.4800000161189816
5.777777777777778,-0.5000000400812311,-0.5200000783940968,-0.48000001601955
5.778877887788778,-0.5000000398463844,-0.5200000779543626,-0.4800000159207317
5.779977997799779,-0.5000000396129137,-0.5200000775170951,-0.48000001582252316
5.781078107810781,-0.5000000393808111,-0.5200000770822802,-0.48000001572492024
5.782178217821782,-0.5000000391500683,-0.5200000766499044,-0.4800000156279195
5.783278327832783,-0.5000000389206776,-0.5200000762199539,-0.48000001553151705
5.784378437843784,-0.5000000386926309,-0.5200000757924151,-0.48000001543570936
5.785478547854785,-0.5000000384659203,-0.5200000753672744,-0.48000001534049264
5.786578657865786,-0.5000000382405382,-0.5200000749445186,-0.4800000152458632
5.787678767876788,-0.5000000380164765,-0.5200000745241341,-0.48000001515181756
5.788778877887788,-0.5000000377937278,-0.5200000741061076,-0.480000015058352
5.789878987898789,-0.5000000375722842,-0.5200000736904259,-0.4800000149654631
5.790979097909791,-0.5000000373521382,-0.520000073277076,-0.48000001487314703
5.792079207920792,-0.5000000371332819,-0.5200000728660445,-0.48000001478140053
5.793179317931793,-0.500000036915708,-0.5200000724573187,-0.48000001469022
5.794279427942794,-0.500000036699409,-0.5200000720508856,-0.48000001459960184
5.795379537953795,-0.5000000364843773,-0.5200000716467322,-0.48000001450954277
5.796479647964796,-0.5000000362706055,-0.5200000712448459,-0.48000001442003914
5.7975797579757975,-0.5000000360580863,-0.5200000708452139,-0.48000001433108763
5.798679867986798,-0.5000000358468123,-0.5200000704478235,-0.4800000142426849
5.799779977997799,-0.5000000356367762,-0.5200000700526621,-0.4800000141548274
5.8008800880088005,-0.5000000354279708,-0.5200000696597173,-0.4800000140675119
5.801980198019802,-0.5000000352203888,-0.5200000692689768,-0.4800000139807351
5.803080308030803,-0.500000035014023,-0.5200000688804279,-0.48000001389449354
5.8041804180418035,-0.5000000348088665,-0.5200000684940586,-0.4800000138087839
5.805280528052805,-0.5000000346049119,-0.5200000681098564,-0.480000013723603
5.806380638063806,-0.5000000344021525,-0.5200000677278094,-0.4800000136389475
5.807480748074807,-0.500000034200581,-0.5200000673479054,-0.48000001355481436
5.808580858085808,-0.5000000340001907,-0.5200000669701323,-0.4800000134712
5.809680968096809,-0.5000000338009745,-0.5200000665944784,-0.4800000133881016
5.81078107810781,-0.5000000336029254,-0.5200000662209315,-0.4800000133055158
5.811881188118812,-0.5000000334060368,-0.52000006584948,-0.4800000132234393
5.812981298129813,-0.500000033210302,-0.520000065480112,-0.48000001314186913
5.814081408140813,-0.5000000330157138,-0.5200000651128159,-0.4800000130608022
5.815181518151815,-0.5000000328222659,-0.5200000647475802,-0.4800000129802353
5.816281628162816,-0.5000000326299514,-0.5200000643843931,-0.4800000129001655
5.817381738173817,-0.5000000324387638,-0.5200000640232432,-0.48000001282058946
5.818481848184818,-0.5000000322486964,-0.5200000636641191,-0.4800000127415044
5.819581958195819,-0.5000000320597426,-0.5200000633070095,-0.48000001266290704
5.82068206820682,-0.5000000318718959,-0.5200000629519029,-0.48000001258479463
5.821782178217822,-0.50000003168515,-0.5200000625987883,-0.48000001250716406
5.822882288228823,-0.5000000314994981,-0.5200000622476544,-0.48000001243001233
5.823982398239823,-0.5000000313149341,-0.5200000618984901,-0.48000001235333656
5.825082508250825,-0.5000000311314515,-0.5200000615512843,-0.48000001227713374
5.826182618261826,-0.500000030949044,-0.5200000612060262,-0.480000012201401
5.827282728272827,-0.5000000307677053,-0.5200000608627047,-0.4800000121261354
5.828382838283828,-0.5000000305874289,-0.5200000605213089,-0.48000001205133414
5.829482948294829,-0.5000000304082091,-0.5200000601818281,-0.48000001197699427
5.83058305830583,-0.5000000302300391,-0.5200000598442516,-0.4800000119031129
5.8316831683168315,-0.5000000300529133,-0.5200000595085686,-0.4800000118296873
5.832783278327833,-0.5000000298768251,-0.5200000591747687,-0.4800000117567147
5.833883388338833,-0.5000000297017688,-0.520000058842841,-0.48000001168419226
5.8349834983498345,-0.5000000295277381,-0.5200000585127752,-0.48000001161211714
5.836083608360836,-0.5000000293547272,-0.5200000581845609,-0.48000001154048655
5.837183718371837,-0.50000002918273,-0.5200000578581876,-0.48000001146929794
5.8382838283828375,-0.5000000290117406,-0.520000057533645,-0.4800000113985484
5.839383938393839,-0.500000028841753,-0.5200000572109229,-0.48000001132823533
5.84048404840484,-0.5000000286727614,-0.5200000568900109,-0.4800000112583559
5.841584158415841,-0.50000002850476,-0.5200000565708992,-0.48000001118890756
5.842684268426843,-0.5000000283377429,-0.5200000562535774,-0.48000001111988766
5.843784378437843,-0.5000000281717044,-0.5200000559380354,-0.48000001105129353
5.8448844884488445,-0.5000000280066389,-0.5200000556242635,-0.4800000109831225
5.845984598459846,-0.5000000278425405,-0.5200000553122517,-0.48000001091537203
5.847084708470847,-0.5000000276794035,-0.52000005500199,-0.48000001084803945
5.8481848184818475,-0.5000000275172225,-0.5200000546934685,-0.4800000107811222
5.849284928492849,-0.5000000273559917,-0.5200000543866777,-0.48000001071461773
5.85038503850385,-0.5000000271957056,-0.5200000540816079,-0.4800000106485235
5.851485148514851,-0.5000000270363586,-0.5200000537782492,-0.48000001058283703
5.852585258525853,-0.5000000268779453,-0.5200000534765921,-0.4800000105175557
5.853685368536853,-0.5000000267204603,-0.5200000531766271,-0.48000001045267715
5.854785478547854,-0.5000000265638979,-0.5200000528783447,-0.48000001038819873
5.855885588558856,-0.5000000264082529,-0.5200000525817354,-0.4800000103241181
5.856985698569857,-0.5000000262535198,-0.5200000522867899,-0.4800000102604327
5.858085808580857,-0.5000000260996934,-0.5200000519934989,-0.4800000101971401
5.859185918591859,-0.5000000259467683,-0.5200000517018529,-0.4800000101342381
5.86028602860286,-0.5000000257947392,-0.5200000514118429,-0.480000010071724
5.861386138613861,-0.5000000256436009,-0.5200000511234597,-0.4800000100095956
5.862486248624863,-0.5000000254933481,-0.5200000508366941,-0.4800000099478503
5.863586358635863,-0.5000000253439758,-0.520000050551537,-0.48000000988648595
5.864686468646864,-0.5000000251954786,-0.5200000502679795,-0.4800000098255002
5.865786578657866,-0.5000000250478516,-0.5200000499860125,-0.48000000976489055
5.866886688668867,-0.5000000249010894,-0.5200000497056271,-0.48000000970465484
5.867986798679867,-0.5000000247551872,-0.5200000494268144,-0.4800000096447907
5.869086908690869,-0.50000002461014,-0.5200000491495658,-0.4800000095852959
5.87018701870187,-0.5000000244659426,-0.5200000488738723,-0.48000000952616795
5.871287128712871,-0.50000002432259,-0.5200000485997252,-0.48000000946740484
5.872387238723872,-0.5000000241800775,-0.5200000483271159,-0.4800000094090042
5.873487348734873,-0.5000000240383999,-0.5200000480560357,-0.48000000935096376
5.874587458745874,-0.5000000238975525,-0.5200000477864761,-0.48000000929328146
5.8756875687568755,-0.5000000237575303,-0.5200000475184285,-0.48000000923595487
5.876787678767877,-0.5000000236183285,-0.5200000472518845,-0.480000009178982
5.877887788778877,-0.5000000234799424,-0.5200000469868357,-0.4800000091223604
5.8789878987898785,-0.5000000233423672,-0.5200000467232735,-0.4800000090660883
5.88008800880088,-0.5000000232055979,-0.5200000464611898,-0.48000000901016315
5.881188118811881,-0.5000000230696301,-0.520000046200576,-0.48000000895458306
5.8822882288228815,-0.5000000229344589,-0.5200000459414242,-0.4800000088993458
5.883388338833883,-0.5000000228000798,-0.5200000456837262,-0.48000000884444927
5.884488448844884,-0.500000022666488,-0.5200000454274735,-0.48000000878989135
5.885588558855885,-0.5000000225336789,-0.5200000451726582,-0.48000000873567006
5.886688668866887,-0.5000000224016481,-0.5200000449192723,-0.48000000868178316
5.887788778877887,-0.5000000222703908,-0.5200000446673076,-0.4800000086282288
5.888888888888888,-0.5000000221399026,-0.5200000444167564,-0.4800000085750046
5.88998899889989,-0.5000000220101789,-0.5200000441676105,-0.4800000085221089
5.891089108910891,-0.5000000218812154,-0.5200000439198621,-0.4800000084695394
5.892189218921891,-0.5000000217530075,-0.5200000436735035,-0.48000000841729407
5.893289328932893,-0.5000000216255508,-0.5200000434285268,-0.48000000836537116
5.894389438943894,-0.5000000214988408,-0.5200000431849241,-0.48000000831376854
5.895489548954895,-0.5000000213728734,-0.520000042942688,-0.48000000826248423
5.896589658965897,-0.500000021247644,-0.5200000427018105,-0.4800000082115162
5.897689768976897,-0.5000000211231483,-0.5200000424622843,-0.48000000816086263
5.898789878987898,-0.5000000209993821,-0.5200000422241016,-0.48000000811052157
5.8998899889989,-0.5000000208763411,-0.5200000419872549,-0.48000000806049103
5.900990099009901,-0.500000020754021,-0.5200000417517368,-0.48000000801076903
5.902090209020901,-0.5000000206324177,-0.5200000415175398,-0.4800000079613538
5.903190319031903,-0.5000000205115267,-0.5200000412846564,-0.4800000079122434
5.904290429042904,-0.5000000203913442,-0.5200000410530793,-0.4800000078634359
5.905390539053905,-0.5000000202718659,-0.5200000408228012,-0.48000000781492946
5.9064906490649065,-0.5000000201530875,-0.5200000405938149,-0.48000000776672225
5.907590759075907,-0.5000000200350052,-0.5200000403661129,-0.48000000771881246
5.908690869086908,-0.5000000199176147,-0.5200000401396883,-0.4800000076711982
5.9097909790979095,-0.500000019800912,-0.5200000399145336,-0.4800000076238776
5.910891089108911,-0.5000000196848932,-0.5200000396906419,-0.4800000075768489
5.911991199119911,-0.5000000195695541,-0.5200000394680061,-0.4800000075301104
5.9130913091309125,-0.5000000194548908,-0.5200000392466192,-0.4800000074836601
5.914191419141914,-0.5000000193408994,-0.5200000390264741,-0.4800000074374964
5.915291529152915,-0.5000000192275759,-0.5200000388075637,-0.4800000073916175
5.916391639163916,-0.5000000191149163,-0.5200000385898814,-0.48000000734602155
5.917491749174917,-0.5000000190029169,-0.5200000383734201,-0.4800000073007069
5.918591859185918,-0.5000000188915737,-0.520000038158173,-0.4800000072556717
5.919691969196919,-0.500000018780883,-0.5200000379441332,-0.4800000072109144
5.920792079207921,-0.5000000186708407,-0.5200000377312941,-0.4800000071664331
5.921892189218921,-0.5000000185614433,-0.5200000375196489,-0.48000000712222624
5.922992299229922,-0.5000000184526867,-0.5200000373091908,-0.48000000707829205
5.924092409240924,-0.5000000183445675,-0.5200000370999132,-0.48000000703462886
5.925192519251925,-0.5000000182370817,-0.5200000368918095,-0.480000006991235
5.926292629262926,-0.5000000181302258,-0.5200000366848732,-0.48000000694810896
5.927392739273927,-0.5000000180239959,-0.5200000364790975,-0.4800000069052488
5.928492849284928,-0.5000000179183884,-0.5200000362744761,-0.4800000068626531
5.929592959295929,-0.5000000178133999,-0.5200000360710025,-0.48000000682032007
5.930693069306931,-0.5000000177090264,-0.5200000358686704,-0.4800000067782483
5.931793179317931,-0.5000000176052644,-0.520000035667473,-0.48000000673643595
5.932893289328932,-0.5000000175021104,-0.5200000354674044,-0.4800000066948815
5.933993399339934,-0.5000000173995609,-0.5200000352684578,-0.48000000665358344
5.935093509350935,-0.5000000172976121,-0.5200000350706273,-0.48000000661254016
5.936193619361936,-0.5000000171962609,-0.5200000348739064,-0.48000000657175
5.937293729372937,-0.5000000170955032,-0.520000034678289,-0.48000000653121155
5.938393839383938,-0.5000000169953361,-0.520000034483769,-0.4800000064909231
5.939493949394939,-0.5000000168957559,-0.5200000342903399,-0.48000000645088314
5.9405940594059405,-0.5000000167967591,-0.520000034097996,-0.4800000064110903
5.941694169416941,-0.5000000166983424,-0.5200000339067309,-0.48000000637154283
5.942794279427942,-0.5000000166005023,-0.5200000337165387,-0.48000000633223927
5.9438943894389435,-0.5000000165032356,-0.5200000335274132,-0.4800000062931782
5.944994499449945,-0.5000000164065387,-0.5200000333393487,-0.4800000062543581
5.946094609460946,-0.5000000163104084,-0.5200000331523391,-0.48000000621577743
5.9471947194719466,-0.5000000162148412,-0.5200000329663784,-0.48000000617743477
5.948294829482948,-0.5000000161198341,-0.5200000327814609,-0.4800000061393287
5.949394939493949,-0.5000000160253837,-0.5200000325975807,-0.48000000610145765
5.9504950495049505,-0.5000000159314867,-0.5200000324147318,-0.4800000060638201
5.951595159515951,-0.5000000158381398,-0.5200000322329086,-0.4800000060264149
5.952695269526952,-0.5000000157453399,-0.5200000320521053,-0.4800000059892403
5.9537953795379535,-0.5000000156530837,-0.5200000318723161,-0.4800000059522951
5.954895489548955,-0.5000000155613681,-0.5200000316935355,-0.4800000059155777
5.955995599559956,-0.5000000154701899,-0.5200000315157577,-0.48000000587908687
5.9570957095709565,-0.5000000153795459,-0.5200000313389771,-0.4800000058428211
5.958195819581958,-0.500000015289433,-0.5200000311631882,-0.48000000580677915
5.959295929592959,-0.500000015199848,-0.5200000309883852,-0.48000000577095936
5.96039603960396,-0.5000000151107882,-0.5200000308145627,-0.4800000057353606
5.961496149614961,-0.5000000150222499,-0.5200000306417154,-0.48000000569998147
5.962596259625962,-0.5000000149342305,-0.5200000304698374,-0.4800000056648206
5.963696369636963,-0.5000000148467268,-0.5200000302989237,-0.48000000562987655
5.964796479647965,-0.5000000147597359,-0.5200000301289687,-0.4800000055951481
5.965896589658966,-0.5000000146732546,-0.520000029959967,-0.4800000055606338
5.966996699669966,-0.5000000145872802,-0.5200000297919132,-0.4800000055263325
5.968096809680968,-0.5000000145018093,-0.5200000296248022,-0.48000000549224275
5.969196919691969,-0.5000000144168393,-0.5200000294586284,-0.4800000054583633
5.97029702970297,-0.5000000143323672,-0.5200000292933868,-0.4800000054246928
5.971397139713971,-0.50000001424839,-0.5200000291290722,-0.4800000053912301
5.972497249724972,-0.5000000141649049,-0.5200000289656791,-0.4800000053579737
5.973597359735973,-0.5000000140819089,-0.5200000288032026,-0.4800000053249225
5.974697469746975,-0.5000000139993992,-0.5200000286416375,-0.4800000052920752
5.975797579757975,-0.5000000139173729,-0.5200000284809786,-0.48000000525943054
5.976897689768976,-0.5000000138358274,-0.5200000283212209,-0.48000000522698716
5.977997799779978,-0.5000000137547596,-0.5200000281623594,-0.48000000519474395
5.979097909790979,-0.5000000136741667,-0.5200000280043889,-0.4800000051626997
5.98019801980198,-0.5000000135940461,-0.5200000278473046,-0.48000000513085295
5.981298129812981,-0.5000000135143949,-0.5200000276911013,-0.4800000050992028
5.982398239823982,-0.5000000134352104,-0.5200000275357742,-0.48000000506774787
5.983498349834983,-0.5000000133564899,-0.5200000273813185,-0.480000005036487
5.9845984598459845,-0.5000000132782306,-0.5200000272277291,-0.48000000500541884
5.985698569856985,-0.50000001320043,-0.5200000270750013,-0.4800000049745424
5.986798679867986,-0.5000000131230851,-0.5200000269231301,-0.4800000049438564
5.9878987898789875,-0.5000000130461933,-0.5200000267721108,-0.4800000049133598
5.988998899889989,-0.5000000129697523,-0.5200000266219386,-0.48000000488305117
5.99009900990099,-0.500000012893759,-0.5200000264726088,-0.4800000048529296
5.9911991199119905,-0.5000000128182109,-0.5200000263241166,-0.4800000048229939
5.992299229922992,-0.5000000127431057,-0.5200000261764574,-0.4800000047932427
5.993399339933993,-0.5000000126684404,-0.5200000260296264,-0.4800000047636751
5.994499449944994,-0.5000000125942126,-0.5200000258836189,-0.48000000473428983
5.995599559955995,-0.5000000125204197,-0.5200000257384306,-0.48000000470508597
5.996699669966996,-0.5000000124470592,-0.5200000255940567,-0.4800000046760621
5.997799779977997,-0.5000000123741285,-0.5200000254504925,-0.48000000464721737
5.998899889988999,-0.5000000123016252,-0.5200000253077336,-0.4800000046185505
6.0,-0.5000000122295467,-0.5200000251657756,-0.48000000459006054
6.001100110011,-0.5000000121578905,-0.5200000250246137,-0.4800000045617463
6.002200220022002,-0.5000000120866541,-0.5200000248842438,-0.4800000045336067
6.003300330033003,-0.5000000120158352,-0.5200000247446611,-0.4800000045056406
6.004400440044004,-0.5000000119454312,-0.5200000246058615,-0.4800000044778472
6.005500550055005,-0.5000000118754396,-0.5200000244678404,-0.48000000445022506
6.006600660066006,-0.5000000118058583,-0.5200000243305936,-0.48000000442277346
6.007700770077007,-0.5000000117366846,-0.5200000241941165,-0.4800000043954912
6.008800880088009,-0.5000000116679162,-0.5200000240584051,-0.4800000043683771
6.00990099009901,-0.5000000115995508,-0.5200000239234548,-0.4800000043414303
6.01100110011001,-0.5000000115315859,-0.5200000237892616,-0.48000000431464973
6.012101210121012,-0.5000000114640192,-0.520000023655821,-0.48000000428803435
6.013201320132013,-0.5000000113968485,-0.5200000235231289,-0.4800000042615832
6.014301430143014,-0.5000000113300712,-0.5200000233911812,-0.4800000042352952
6.015401540154015,-0.5000000112636853,-0.5200000232599736,-0.48000000420916933
6.016501650165016,-0.5000000111976883,-0.520000023129502,-0.48000000418320465
6.017601760176017,-0.500000011132078,-0.5200000229997622,-0.4800000041574002
6.0187018701870185,-0.5000000110668522,-0.5200000228707502,-0.4800000041317548
6.01980198019802,-0.5000000110020086,-0.5200000227424618,-0.48000000410626764
6.02090209020902,-0.5000000109375449,-0.5200000226148931,-0.4800000040809377
6.0220022002200215,-0.5000000108734588,-0.5200000224880398,-0.48000000405576404
6.023102310231023,-0.5000000108097483,-0.5200000223618982,-0.4800000040307456
6.024202420242024,-0.5000000107464111,-0.5200000222364641,-0.4800000040058816
6.0253025302530245,-0.500000010683445,-0.5200000221117337,-0.48000000398117093
6.026402640264026,-0.5000000106208479,-0.5200000219877028,-0.4800000039566127
6.027502750275027,-0.5000000105586174,-0.5200000218643677,-0.4800000039322059
6.028602860286028,-0.5000000104967517,-0.5200000217417244,-0.4800000039079496
6.02970297029703,-0.5000000104352483,-0.5200000216197691,-0.4800000038838431
6.03080308030803,-0.5000000103741055,-0.5200000214984978,-0.48000000385988517
6.031903190319031,-0.5000000103133208,-0.5200000213779068,-0.4800000038360751
6.033003300330033,-0.5000000102528923,-0.5200000212579922,-0.4800000038124119
6.034103410341034,-0.5000000101928178,-0.5200000211387502,-0.4800000037888946
6.0352035203520344,-0.5000000101330954,-0.5200000210201772,-0.48000000376552243
6.036303630363036,-0.5000000100737229,-0.5200000209022692,-0.48000000374229446
6.037403740374037,-0.5000000100146982,-0.5200000207850226,-0.4800000037192097
6.038503850385038,-0.5000000099560193,-0.5200000206684336,-0.4800000036962674
6.03960396039604,-0.5000000098976844,-0.5200000205524986,-0.4800000036734666
6.04070407040704,-0.5000000098396912,-0.520000020437214,-0.4800000036508064
6.041804180418041,-0.5000000097820378,-0.520000020322576,-0.4800000036282861
6.042904290429043,-0.5000000097247222,-0.520000020208581,-0.48000000360590467
6.044004400440044,-0.5000000096677425,-0.5200000200952255,-0.48000000358366124
6.045104510451044,-0.5000000096110966,-0.5200000199825059,-0.48000000356155503
6.046204620462046,-0.5000000095547825,-0.5200000198704184,-0.4800000035395853
6.047304730473047,-0.5000000094987985,-0.5200000197589598,-0.48000000351775096
6.048404840484048,-0.5000000094431425,-0.5200000196481264,-0.4800000034960513
6.0495049504950495,-0.5000000093878126,-0.5200000195379145,-0.48000000347448557
6.05060506050605,-0.5000000093328069,-0.520000019428321,-0.4800000034530528
6.051705170517051,-0.5000000092781235,-0.5200000193193421,-0.4800000034317523
6.052805280528053,-0.5000000092237604,-0.5200000192109746,-0.48000000341058324
6.053905390539054,-0.500000009169716,-0.5200000191032149,-0.48000000338954474
6.055005500550054,-0.5000000091159882,-0.5200000189960597,-0.480000003368636
6.056105610561056,-0.5000000090625751,-0.5200000188895055,-0.4800000033478562
6.057205720572057,-0.500000009009475,-0.5200000187835491,-0.4800000033272046
6.058305830583058,-0.5000000089566861,-0.520000018678187,-0.48000000330668036
6.0594059405940595,-0.5000000089042065,-0.5200000185734159,-0.4800000032862828
6.06050605060506,-0.5000000088520343,-0.5200000184692325,-0.480000003266011
6.061606160616061,-0.5000000088001679,-0.5200000183656334,-0.48000000324586434
6.0627062706270625,-0.5000000087486054,-0.5200000182626154,-0.4800000032258419
6.063806380638064,-0.500000008697345,-0.5200000181601754,-0.48000000320594294
6.064906490649064,-0.5000000086463848,-0.52000001805831,-0.48000000318616676
6.0660066006600655,-0.5000000085957234,-0.5200000179570159,-0.4800000031665126
6.067106710671067,-0.5000000085453586,-0.52000001785629,-0.48000000314697966
6.068206820682068,-0.5000000084952891,-0.5200000177561293,-0.4800000031275672
6.069306930693069,-0.500000008445513,-0.5200000176565301,-0.4800000031082744
6.07040704070407,-0.5000000083960284,-0.5200000175574898,-0.48000000308910074
6.071507150715071,-0.5000000083468339,-0.5200000174590049,-0.4800000030700453
6.072607260726072,-0.5000000082979275,-0.5200000173610726,-0.48000000305110735
6.073707370737074,-0.5000000082493077,-0.5200000172636895,-0.4800000030322863
6.074807480748074,-0.5000000082009728,-0.5200000171668527,-0.48000000301358137
6.075907590759075,-0.5000000081529211,-0.5200000170705591,-0.4800000029949918
6.077007700770077,-0.500000008105151,-0.5200000169748056,-0.4800000029765169
6.078107810781078,-0.5000000080576606,-0.5200000168795892,-0.4800000029581559
6.079207920792078,-0.5000000080104487,-0.5200000167849069,-0.4800000029399082
6.08030803080308,-0.5000000079635133,-0.5200000166907558,-0.48000000292177314
6.081408140814081,-0.500000007916853,-0.5200000165971327,-0.4800000029037499
6.082508250825082,-0.5000000078704661,-0.5200000165040348,-0.4800000028858378
6.083608360836084,-0.5000000078243508,-0.5200000164114591,-0.48000000286803624
6.084708470847084,-0.5000000077785058,-0.5200000163194027,-0.4800000028503444
6.085808580858085,-0.5000000077329295,-0.5200000162278626,-0.4800000028327618
6.086908690869087,-0.5000000076876202,-0.5200000161368361,-0.48000000281528765
6.088008800880088,-0.5000000076425763,-0.5200000160463201,-0.4800000027979212
6.089108910891088,-0.5000000075977964,-0.5200000159563118,-0.480000002780662
6.09020902090209,-0.5000000075532789,-0.5200000158668084,-0.4800000027635092
6.091309130913091,-0.5000000075090223,-0.5200000157778072,-0.48000000274646215
6.092409240924092,-0.5000000074650248,-0.5200000156893051,-0.48000000272952037
6.0935093509350935,-0.5000000074212853,-0.5200000156012994,-0.48000000271268306
6.094609460946094,-0.5000000073778019,-0.5200000155137874,-0.48000000269594956
6.095709570957095,-0.5000000073345734,-0.5200000154267663,-0.4800000026793193
6.0968096809680965,-0.5000000072915982,-0.5200000153402333,-0.48000000266279164
6.097909790979098,-0.5000000072488748,-0.5200000152541857,-0.480000002646366
6.099009900990098,-0.5000000072064017,-0.5200000151686207,-0.4800000026300416
6.1001100110010995,-0.5000000071641775,-0.5200000150835358,-0.4800000026138179
6.101210121012101,-0.5000000071222006,-0.520000014998928,-0.48000000259769426
6.102310231023102,-0.5000000070804697,-0.5200000149147949,-0.4800000025816702
6.103410341034103,-0.5000000070389833,-0.5200000148311337,-0.4800000025657448
6.104510451045104,-0.50000000699774,-0.5200000147479418,-0.4800000025499178
6.105610561056105,-0.5000000069567384,-0.5200000146652165,-0.4800000025341884
6.106710671067106,-0.500000006915977,-0.5200000145829552,-0.480000002518556
6.107810781078108,-0.5000000068754544,-0.5200000145011554,-0.48000000250302
6.108910891089108,-0.5000000068351693,-0.5200000144198144,-0.4800000024875799
6.110011001100109,-0.5000000067951202,-0.5200000143389296,-0.48000000247223495
6.111111111111111,-0.5000000067553058,-0.5200000142584986,-0.4800000024569847
6.112211221122112,-0.5000000067157246,-0.5200000141785188,-0.4800000024418286
6.113311331133113,-0.5000000066763753,-0.5200000140989876,-0.4800000024267659
6.114411441144114,-0.5000000066372567,-0.5200000140199024,-0.4800000024117962
6.115511551155115,-0.5000000065983672,-0.5200000139412609,-0.48000000239691876
6.116611661166116,-0.5000000065597057,-0.5200000138630605,-0.48000000238213314
6.117711771177118,-0.5000000065212705,-0.5200000137852988,-0.48000000236743867
6.118811881188118,-0.5000000064830606,-0.5200000137079732,-0.4800000023528349
6.119911991199119,-0.5000000064450747,-0.5200000136310814,-0.4800000023383212
6.121012101210121,-0.5000000064073112,-0.5200000135546209,-0.48000000232389706
6.122112211221122,-0.5000000063697692,-0.5200000134785893,-0.48000000230956186
6.123212321232123,-0.5000000063324469,-0.5200000134029842,-0.48000000229531503
6.124312431243124,-0.5000000062953434,-0.5200000133278031,-0.48000000228115625
6.125412541254125,-0.5000000062584573,-0.5200000132530438,-0.4800000022670846
6.126512651265126,-0.5000000062217873,-0.5200000131787038,-0.4800000022530999
6.1276127612761275,-0.5000000061853322,-0.5200000131047808,-0.4800000022392015
6.128712871287128,-0.5000000061490907,-0.5200000130312724,-0.48000000222538874
6.129812981298129,-0.5000000061130615,-0.5200000129581764,-0.48000000221166117
6.1309130913091305,-0.5000000060772434,-0.5200000128854905,-0.4800000021980183
6.132013201320132,-0.5000000060416352,-0.5200000128132122,-0.4800000021844596
6.133113311331133,-0.5000000060062356,-0.5200000127413393,-0.4800000021709846
6.1342134213421335,-0.5000000059710435,-0.5200000126698696,-0.48000000215759264
6.135313531353135,-0.5000000059360575,-0.5200000125988008,-0.4800000021442833
6.136413641364136,-0.5000000059012766,-0.5200000125281307,-0.4800000021310561
6.137513751375137,-0.5000000058666995,-0.5200000124578569,-0.4800000021179104
6.138613861386138,-0.5000000058323248,-0.5200000123879773,-0.48000000210484584
6.139713971397139,-0.5000000057981517,-0.5200000123184897,-0.4800000020918619
6.1408140814081404,-0.5000000057641788,-0.520000012249392,-0.480000002078958
6.141914191419142,-0.5000000057304049,-0.5200000121806817,-0.4800000020661338
6.143014301430143,-0.5000000056968289,-0.5200000121123569,-0.48000000205338866
6.1441144114411435,-0.5000000056634497,-0.5200000120444154,-0.48000000204072213
6.145214521452145,-0.500000005630266,-0.5200000119768549,-0.48000000202813364
6.146314631463146,-0.5000000055972768,-0.5200000119096734,-0.4800000020156229
6.147414741474147,-0.5000000055644809,-0.5200000118428687,-0.4800000020031894
6.148514851485148,-0.5000000055318771,-0.5200000117764388,-0.4800000019908325
6.149614961496149,-0.5000000054994643,-0.5200000117103815,-0.48000000197855186
6.15071507150715,-0.5000000054672414,-0.5200000116446947,-0.48000000196634696
6.151815181518152,-0.5000000054352074,-0.5200000115793764,-0.4800000019542173
6.152915291529153,-0.5000000054033611,-0.5200000115144244,-0.4800000019421625
6.154015401540153,-0.5000000053717013,-0.5200000114498369,-0.4800000019301821
6.155115511551155,-0.5000000053402271,-0.5200000113856116,-0.4800000019182755
6.156215621562156,-0.5000000053089373,-0.5200000113217466,-0.48000000190644254
6.157315731573157,-0.5000000052778307,-0.5200000112582397,-0.4800000018946824
6.158415841584158,-0.5000000052469066,-0.5200000111950892,-0.48000000188299485
6.159515951595159,-0.5000000052161635,-0.5200000111322928,-0.4800000018713795
6.16061606160616,-0.5000000051856006,-0.5200000110698487,-0.4800000018598356
6.161716171617162,-0.5000000051552168,-0.5200000110077548,-0.480000001848363
6.162816281628163,-0.500000005125011,-0.5200000109460093,-0.48000000183696123
6.163916391639163,-0.5000000050949822,-0.5200000108846101,-0.48000000182562974
6.165016501650165,-0.5000000050651293,-0.5200000108235553,-0.4800000018143682
6.166116611661166,-0.5000000050354514,-0.520000010762843,-0.48000000180317604
6.167216721672167,-0.5000000050059473,-0.5200000107024713,-0.48000000179205293
6.168316831683168,-0.5000000049766161,-0.5200000106424382,-0.48000000178099855
6.169416941694169,-0.5000000049474568,-0.5200000105827417,-0.48000000177001223
6.17051705170517,-0.5000000049184683,-0.5200000105233802,-0.48000000175909374
6.1716171617161715,-0.5000000048896497,-0.5200000104643516,-0.48000000174824264
6.172717271727173,-0.5000000048609999,-0.5200000104056542,-0.4800000017374584
6.173817381738173,-0.5000000048325179,-0.520000010347286,-0.48000000172674073
6.1749174917491745,-0.5000000048042029,-0.5200000102892453,-0.48000000171608914
6.176017601760176,-0.5000000047760539,-0.52000001023153,-0.4800000017055033
6.177117711771177,-0.5000000047480697,-0.5200000101741385,-0.4800000016949827
6.1782178217821775,-0.5000000047202494,-0.520000010117069,-0.48000000168452706
6.179317931793179,-0.5000000046925922,-0.5200000100603196,-0.4800000016741358
6.18041804180418,-0.5000000046650971,-0.5200000100038884,-0.48000000166380874
6.181518151815181,-0.5000000046377631,-0.5200000099477738,-0.4800000016535454
6.182618261826182,-0.5000000046105891,-0.520000009891974,-0.48000000164334533
6.183718371837183,-0.5000000045835744,-0.5200000098364872,-0.4800000016332082
6.184818481848184,-0.500000004556718,-0.5200000097813117,-0.4800000016231336
6.185918591859186,-0.500000004530019,-0.5200000097264456,-0.48000000161312106
6.187018701870187,-0.5000000045034764,-0.5200000096718872,-0.48000000160317036
6.188118811881187,-0.5000000044770894,-0.5200000096176349,-0.48000000159328104
6.189218921892189,-0.5000000044508569,-0.520000009563687,-0.4800000015834528
6.19031903190319,-0.5000000044247781,-0.5200000095100417,-0.48000000157368505
6.191419141914191,-0.5000000043988522,-0.5200000094566971,-0.4800000015639776
6.192519251925192,-0.5000000043730781,-0.5200000094036519,-0.4800000015543301
6.193619361936193,-0.5000000043474551,-0.5200000093509043,-0.4800000015447421
6.194719471947194,-0.5000000043219821,-0.5200000092984525,-0.48000000153521316
6.195819581958196,-0.5000000042966585,-0.5200000092462949,-0.48000000152574307
6.196919691969197,-0.5000000042714832,-0.5200000091944298,-0.4800000015163314
6.198019801980197,-0.5000000042464554,-0.5200000091428557,-0.48000000150697764
6.199119911991199,-0.5000000042215743,-0.520000009091571,-0.48000000149768174
6.2002200220022,-0.500000004196839,-0.5200000090405738,-0.48000000148844313
6.201320132013201,-0.5000000041722485,-0.5200000089898626,-0.4800000014792615
6.202420242024202,-0.5000000041478022,-0.5200000089394361,-0.48000000147013655
6.203520352035203,-0.5000000041234991,-0.5200000088892923,-0.4800000014610678
6.204620462046204,-0.5000000040993384,-0.5200000088394298,-0.4800000014520551
6.2057205720572055,-0.5000000040753193,-0.520000008789847,-0.48000000144309796
6.206820682068207,-0.500000004051441,-0.5200000087405423,-0.4800000014341961
6.207920792079207,-0.5000000040277025,-0.5200000086915142,-0.48000000142534904
6.2090209020902085,-0.500000004004103,-0.5200000086427611,-0.48000000141655663
6.21012101210121,-0.500000003980642,-0.5200000085942814,-0.4800000014078185
6.211221122112211,-0.5000000039573184,-0.5200000085460738,-0.48000000139913424
6.2123212321232115,-0.5000000039341314,-0.5200000084981364,-0.4800000013905035
6.213421342134213,-0.5000000039110802,-0.520000008450468,-0.480000001381926
6.214521452145214,-0.5000000038881641,-0.520000008403067,-0.4800000013734015
6.215621562156215,-0.5000000038653823,-0.520000008355932,-0.4800000013649295
6.216721672167217,-0.500000003842734,-0.5200000083090612,-0.4800000013565098
6.217821782178217,-0.5000000038202184,-0.5200000082624533,-0.480000001348142
6.218921892189218,-0.5000000037978347,-0.5200000082161069,-0.4800000013398259
6.22002200220022,-0.5000000037755822,-0.5200000081700206,-0.48000000133156107
6.221122112211221,-0.50000000375346,-0.5200000081241927,-0.4800000013233472
6.222222222222221,-0.5000000037314675,-0.5200000080786218,-0.48000000131518394
6.223322332233223,-0.5000000037096038,-0.5200000080333066,-0.4800000013070711
6.224422442244224,-0.5000000036878682,-0.5200000079882455,-0.4800000012990083
6.225522552255225,-0.5000000036662601,-0.5200000079434373,-0.4800000012909953
6.226622662266227,-0.5000000036447785,-0.5200000078988803,-0.48000000128303166
6.227722772277227,-0.5000000036234227,-0.5200000078545733,-0.4800000012751171
6.228822882288228,-0.5000000036021921,-0.5200000078105148,-0.4800000012672514
6.22992299229923,-0.5000000035810859,-0.5200000077667035,-0.4800000012594343
6.231023102310231,-0.5000000035601033,-0.5200000077231379,-0.4800000012516653
6.232123212321231,-0.5000000035392438,-0.5200000076798167,-0.48000000124394426
6.233223322332233,-0.5000000035185064,-0.5200000076367385,-0.48000000123627085
6.234323432343234,-0.5000000034978905,-0.5200000075939019,-0.48000000122864483
6.235423542354235,-0.5000000034773955,-0.5200000075513056,-0.4800000012210658
6.2365236523652365,-0.5000000034570204,-0.5200000075089483,-0.4800000012135336
6.237623762376237,-0.5000000034367649,-0.5200000074668285,-0.4800000012060477
6.238723872387238,-0.5000000034166279,-0.520000007424945,-0.4800000011986081
6.2398239823982395,-0.500000003396609,-0.5200000073832964,-0.48000000119121433
6.240924092409241,-0.5000000033767074,-0.5200000073418815,-0.4800000011838662
6.242024202420241,-0.5000000033569223,-0.5200000073006988,-0.4800000011765635
6.2431243124312426,-0.5000000033372531,-0.5200000072597472,-0.48000000116930575
6.244224422442244,-0.5000000033176993,-0.5200000072190253,-0.48000000116209274
6.245324532453245,-0.50000000329826,-0.5200000071785317,-0.48000000115492425
6.2464246424642464,-0.5000000032789346,-0.5200000071382653,-0.48000000114779995
6.247524752475247,-0.5000000032597225,-0.5200000070982248,-0.4800000011407196
6.248624862486248,-0.5000000032406229,-0.520000007058409,-0.480000001133683
6.2497249724972495,-0.5000000032216352,-0.5200000070188164,-0.4800000011266897
6.250825082508251,-0.5000000032027587,-0.5200000069794459,-0.4800000011197396
6.251925192519251,-0.500000003183993,-0.5200000069402962,-0.4800000011128325
6.2530253025302525,-0.5000000031653371,-0.5200000069013663,-0.48000000110596786
6.254125412541254,-0.5000000031467905,-0.5200000068626546,-0.48000000109914553
6.255225522552255,-0.5000000031283526,-0.52000000682416,-0.4800000010923653
6.256325632563256,-0.5000000031100228,-0.5200000067858814,-0.480000001085627
6.257425742574257,-0.5000000030918003,-0.5200000067478175,-0.48000000107893015
6.258525852585258,-0.5000000030736846,-0.5200000067099672,-0.4800000010722747
6.259625962596259,-0.500000003055675,-0.520000006672329,-0.4800000010656602
6.260726072607261,-0.500000003037771,-0.5200000066349022,-0.4800000010590866
6.261826182618261,-0.5000000030199719,-0.5200000065976852,-0.4800000010525536
6.262926292629262,-0.5000000030022771,-0.5200000065606769,-0.4800000010460608
6.264026402640264,-0.5000000029846859,-0.5200000065238762,-0.48000000103960805
6.265126512651265,-0.5000000029671979,-0.5200000064872821,-0.48000000103319507
6.266226622662266,-0.5000000029498123,-0.5200000064508931,-0.4800000010268217
6.267326732673267,-0.5000000029325286,-0.5200000064147082,-0.4800000010204877
6.268426842684268,-0.5000000029153461,-0.5200000063787263,-0.4800000010141927
6.269526952695269,-0.5000000028982643,-0.5200000063429463,-0.4800000010079365
6.270627062706271,-0.5000000028812825,-0.520000006307367,-0.480000001001719
6.271727172717271,-0.5000000028644004,-0.5200000062719872,-0.48000000099553974
6.272827282728272,-0.500000002847617,-0.5200000062368059,-0.48000000098939866
6.273927392739274,-0.5000000028309322,-0.520000006201822,-0.4800000009832954
6.275027502750275,-0.5000000028143449,-0.5200000061670342,-0.48000000097722995
6.276127612761276,-0.500000002797855,-0.5200000061324416,-0.48000000097120177
6.277227722772277,-0.5000000027814615,-0.520000006098043,-0.4800000009652108
6.278327832783278,-0.5000000027651642,-0.5200000060638374,-0.48000000095925677
6.279427942794279,-0.5000000027489624,-0.5200000060298237,-0.4800000009533395
6.2805280528052805,-0.5000000027328555,-0.5200000059960007,-0.48000000094745876
6.281628162816281,-0.500000002716843,-0.5200000059623675,-0.4800000009416142
6.282728272827282,-0.5000000027009242,-0.5200000059289229,-0.48000000093580586
6.2838283828382835,-0.5000000026850988,-0.520000005895666,-0.48000000093003325
6.284928492849285,-0.5000000026693661,-0.5200000058625955,-0.4800000009242962
6.286028602860285,-0.5000000026537255,-0.5200000058297106,-0.4800000009185946
6.2871287128712865,-0.5000000026381766,-0.5200000057970101,-0.48000000091292816
6.288228822882288,-0.5000000026227188,-0.5200000057644931,-0.48000000090729666
6.289328932893289,-0.5000000026073517,-0.5200000057321585,-0.4800000009016999
6.29042904290429,-0.5000000025920744,-0.5200000057000053,-0.4800000008961377
6.291529152915291,-0.5000000025768868,-0.5200000056680324,-0.4800000008906098
6.292629262926292,-0.5000000025617881,-0.5200000056362388,-0.48000000088511596
6.293729372937293,-0.5000000025467779,-0.5200000056046236,-0.480000000879656
6.294829482948295,-0.5000000025318556,-0.5200000055731857,-0.4800000008742298
6.295929592959295,-0.5000000025170208,-0.5200000055419242,-0.480000000868837
6.297029702970296,-0.5000000025022729,-0.5200000055108379,-0.4800000008634775
6.298129812981298,-0.5000000024876115,-0.5200000054799261,-0.4800000008581511
6.299229922992299,-0.5000000024730359,-0.5200000054491877,-0.48000000085285743
6.3003300330033,-0.5000000024585457,-0.5200000054186217,-0.48000000084759653
6.301430143014301,-0.5000000024441404,-0.5200000053882271,-0.48000000084236805
6.302530253025302,-0.5000000024298196,-0.5200000053580031,-0.48000000083717176
6.303630363036303,-0.5000000024155825,-0.5200000053279485,-0.48000000083200767
6.304730473047305,-0.5000000024014291,-0.5200000052980627,-0.48000000082687533
6.305830583058305,-0.5000000023873584,-0.5200000052683443,-0.48000000082177463
6.306930693069306,-0.5000000023733702,-0.5200000052387928,-0.48000000081670546
6.308030803080308,-0.500000002359464,-0.5200000052094069,-0.4800000008116675
6.309130913091309,-0.5000000023456392,-0.5200000051801859,-0.4800000008066606
6.31023102310231,-0.5000000023318956,-0.5200000051511288,-0.4800000008016847
6.311331133113311,-0.5000000023182324,-0.5200000051222347,-0.48000000079673943
6.312431243124312,-0.5000000023046491,-0.5200000050935026,-0.4800000007918246
6.313531353135313,-0.5000000022911456,-0.5200000050649318,-0.48000000078694016
6.3146314631463145,-0.5000000022777212,-0.5200000050365212,-0.4800000007820858
6.315731573157315,-0.5000000022643754,-0.5200000050082699,-0.48000000077726146
6.316831683168316,-0.5000000022511079,-0.5200000049801772,-0.48000000077246685
6.3179317931793175,-0.500000002237918,-0.520000004952242,-0.4800000007677018
6.319031903190319,-0.5000000022248055,-0.5200000049244635,-0.4800000007629661
6.32013201320132,-0.5000000022117697,-0.5200000048968408,-0.48000000075825977
6.3212321232123205,-0.5000000021988104,-0.520000004869373,-0.4800000007535823
6.322332233223322,-0.5000000021859269,-0.5200000048420594,-0.4800000007489338
6.323432343234323,-0.500000002173119,-0.5200000048148989,-0.4800000007443139
6.324532453245324,-0.5000000021603861,-0.5200000047878909,-0.4800000007397225
6.325632563256325,-0.5000000021477278,-0.5200000047610343,-0.48000000073515947
6.326732673267326,-0.5000000021351437,-0.5200000047343283,-0.48000000073062454
6.327832783278327,-0.5000000021226333,-0.5200000047077722,-0.4800000007261176
6.328932893289329,-0.5000000021101962,-0.520000004681365,-0.4800000007216385
6.33003300330033,-0.500000002097832,-0.5200000046551059,-0.48000000071718707
6.33113311331133,-0.5000000020855403,-0.5200000046289941,-0.48000000071276294
6.332233223322332,-0.5000000020733205,-0.5200000046030288,-0.48000000070836624
6.333333333333333,-0.5000000020611723,-0.5200000045772092,-0.4800000007039966
6.334433443344334,-0.5000000020490954,-0.5200000045515343,-0.4800000006996539
6.335533553355335,-0.5000000020370893,-0.5200000045260035,-0.480000000695338
6.336633663366336,-0.5000000020251534,-0.5200000045006159,-0.48000000069104876
6.337733773377337,-0.5000000020132874,-0.5200000044753706,-0.48000000068678594
6.338833883388339,-0.5000000020014911,-0.5200000044502671,-0.48000000068254944
6.33993399339934,-0.5000000019897638,-0.5200000044253044,-0.48000000067833903
6.34103410341034,-0.5000000019781052,-0.5200000044004816,-0.4800000006741547
6.342134213421342,-0.500000001966515,-0.5200000043757981,-0.48000000066999604
6.343234323432343,-0.5000000019549926,-0.5200000043512529,-0.4800000006658631
6.344334433443344,-0.5000000019435378,-0.5200000043268456,-0.48000000066175574
6.345434543454345,-0.5000000019321501,-0.5200000043025751,-0.48000000065767356
6.346534653465346,-0.5000000019208292,-0.5200000042784408,-0.4800000006536167
6.347634763476347,-0.5000000019095745,-0.5200000042544418,-0.4800000006495848
6.3487348734873486,-0.5000000018983858,-0.5200000042305775,-0.4800000006455778
6.34983498349835,-0.5000000018872626,-0.520000004206847,-0.4800000006415954
6.35093509350935,-0.5000000018762046,-0.5200000041832497,-0.4800000006376377
6.352035203520352,-0.5000000018652114,-0.5200000041597846,-0.4800000006337044
6.353135313531353,-0.5000000018542826,-0.5200000041364513,-0.4800000006297953
6.354235423542354,-0.5000000018434179,-0.5200000041132488,-0.4800000006259103
6.355335533553355,-0.5000000018326168,-0.5200000040901764,-0.4800000006220493
6.356435643564356,-0.5000000018218791,-0.5200000040672335,-0.48000000061821213
6.357535753575357,-0.5000000018112042,-0.5200000040444193,-0.4800000006143986
6.3586358635863585,-0.5000000018005919,-0.520000004021733,-0.48000000061060866
6.35973597359736,-0.5000000017900417,-0.520000003999174,-0.4800000006068421
6.36083608360836,-0.5000000017795534,-0.5200000039767415,-0.48000000060309866
6.3619361936193615,-0.5000000017691265,-0.5200000039544348,-0.4800000005993784
6.363036303630363,-0.5000000017587607,-0.5200000039322533,-0.48000000059568104
6.364136413641364,-0.5000000017484556,-0.5200000039101963,-0.48000000059200654
6.3652365236523645,-0.5000000017382109,-0.5200000038882628,-0.4800000005883547
6.366336633663366,-0.5000000017280263,-0.5200000038664525,-0.48000000058472536
6.367436743674367,-0.5000000017179014,-0.5200000038447645,-0.48000000058111847
6.368536853685368,-0.5000000017078357,-0.5200000038231982,-0.4800000005775338
6.36963696369637,-0.500000001697829,-0.5200000038017528,-0.4800000005739712
6.37073707370737,-0.500000001687881,-0.5200000037804277,-0.4800000005704306
6.371837183718371,-0.5000000016779913,-0.5200000037592223,-0.48000000056691183
6.372937293729373,-0.5000000016681594,-0.5200000037381357,-0.48000000056341474
6.374037403740374,-0.5000000016583852,-0.5200000037171675,-0.4800000005599393
6.375137513751374,-0.5000000016486683,-0.5200000036963168,-0.4800000005564853
6.376237623762376,-0.5000000016390084,-0.5200000036755832,-0.4800000005530525
6.377337733773377,-0.5000000016294049,-0.5200000036549658,-0.480000000549641
6.378437843784378,-0.5000000016198578,-0.5200000036344641,-0.48000000054625047
6.37953795379538,-0.5000000016103666,-0.5200000036140774,-0.48000000054288083
6.38063806380638,-0.500000001600931,-0.520000003593805,-0.48000000053953207
6.381738173817381,-0.5000000015915508,-0.5200000035736464,-0.48000000053620384
6.382838283828383,-0.5000000015822255,-0.5200000035536009,-0.48000000053289626
6.383938393839384,-0.5000000015729548,-0.5200000035336677,-0.480000000529609
6.385038503850384,-0.5000000015637385,-0.5200000035138465,-0.48000000052634206
6.386138613861386,-0.500000001554576,-0.5200000034941362,-0.4800000005230952
6.387238723872387,-0.5000000015454674,-0.5200000034745367,-0.48000000051986846
6.388338833883388,-0.5000000015364121,-0.520000003455047,-0.4800000005166617
6.389438943894389,-0.5000000015274099,-0.5200000034356668,-0.4800000005134746
6.39053905390539,-0.5000000015184604,-0.5200000034163951,-0.4800000005103071
6.391639163916391,-0.5000000015095633,-0.5200000033972316,-0.4800000005071593
6.3927392739273925,-0.5000000015007183,-0.5200000033781756,-0.4800000005040308
6.393839383938394,-0.5000000014919253,-0.5200000033592265,-0.4800000005009216
6.394939493949394,-0.5000000014831836,-0.5200000033403837,-0.48000000049783165
6.3960396039603955,-0.5000000014744932,-0.5200000033216465,-0.48000000049476077
6.397139713971397,-0.5000000014658538,-0.5200000033030145,-0.48000000049170877
6.398239823982398,-0.500000001457265,-0.5200000032844869,-0.48000000048867564
6.3993399339933985,-0.5000000014487265,-0.5200000032660634,-0.48000000048566116
6.4004400440044,-0.5000000014402379,-0.5200000032477431,-0.48000000048266533
6.401540154015401,-0.5000000014317992,-0.5200000032295257,-0.48000000047968794
6.402640264026402,-0.50000000142341,-0.5200000032114103,-0.48000000047672886
6.403740374037404,-0.5000000014150698,-0.5200000031933967,-0.4800000004737882
6.404840484048404,-0.5000000014067785,-0.520000003175484,-0.48000000047086555
6.405940594059405,-0.5000000013985358,-0.5200000031576718,-0.480000000467961
6.407040704070407,-0.5000000013903414,-0.5200000031399595,-0.4800000004650743
6.408140814081408,-0.500000001382195,-0.5200000031223466,-0.4800000004622055
6.409240924092408,-0.5000000013740964,-0.5200000031048325,-0.4800000004593543
6.41034103410341,-0.5000000013660452,-0.5200000030874167,-0.4800000004565207
6.411441144114411,-0.5000000013580411,-0.5200000030700985,-0.4800000004537046
6.412541254125412,-0.500000001350084,-0.5200000030528775,-0.48000000045090585
6.413641364136414,-0.5000000013421735,-0.520000003035753,-0.4800000004481244
6.414741474147414,-0.5000000013343093,-0.5200000030187246,-0.4800000004453602
6.415841584158415,-0.5000000013264914,-0.5200000030017918,-0.48000000044261293
6.416941694169417,-0.500000001318719,-0.520000002984954,-0.48000000043988256
6.418041804180418,-0.5000000013109923,-0.5200000029682105,-0.48000000043716917
6.419141914191418,-0.5000000013033108,-0.520000002951561,-0.48000000043447244
6.42024202420242,-0.5000000012956745,-0.5200000029350049,-0.48000000043179236
6.421342134213421,-0.5000000012880828,-0.5200000029185416,-0.4800000004291287
6.422442244224422,-0.5000000012805355,-0.5200000029021707,-0.4800000004264816
6.4235423542354235,-0.5000000012730325,-0.5200000028858917,-0.4800000004238508
6.424642464246424,-0.5000000012655734,-0.5200000028697038,-0.48000000042123625
6.425742574257425,-0.5000000012581581,-0.5200000028536069,-0.4800000004186379
6.4268426842684265,-0.5000000012507863,-0.5200000028376003,-0.4800000004160554
6.427942794279428,-0.5000000012434576,-0.5200000028216833,-0.4800000004134889
6.429042904290428,-0.5000000012361717,-0.5200000028058558,-0.48000000041093827
6.4301430143014295,-0.5000000012289287,-0.5200000027901169,-0.4800000004084034
6.431243124312431,-0.500000001221728,-0.5200000027744665,-0.4800000004058841
6.432343234323432,-0.5000000012145697,-0.5200000027589037,-0.4800000004033804
6.433443344334433,-0.5000000012074531,-0.5200000027434282,-0.4800000004008921
6.434543454345434,-0.5000000012003784,-0.5200000027280396,-0.48000000039841917
6.435643564356435,-0.500000001193345,-0.5200000027127372,-0.48000000039596147
6.436743674367436,-0.5000000011863529,-0.5200000026975207,-0.48000000039351887
6.437843784378438,-0.5000000011794017,-0.5200000026823896,-0.4800000003910915
6.438943894389438,-0.5000000011724913,-0.5200000026673434,-0.48000000038867896
6.4400440044004394,-0.5000000011656214,-0.5200000026523814,-0.4800000003862813
6.441144114411441,-0.5000000011587917,-0.5200000026375035,-0.48000000038389856
6.442244224422442,-0.500000001152002,-0.520000002622709,-0.48000000038153046
6.443344334433443,-0.5000000011452521,-0.5200000026079975,-0.4800000003791769
6.444444444444444,-0.5000000011385418,-0.5200000025933685,-0.4800000003768379
6.445544554455445,-0.5000000011318707,-0.5200000025788216,-0.4800000003745134
6.446644664466446,-0.5000000011252388,-0.5200000025643563,-0.48000000037220314
6.447744774477448,-0.5000000011186457,-0.5200000025499721,-0.4800000003699072
6.448844884488448,-0.5000000011120913,-0.5200000025356686,-0.48000000036762536
6.449944994499449,-0.5000000011055753,-0.5200000025214454,-0.4800000003653576
6.451045104510451,-0.5000000010990974,-0.5200000025073018,-0.48000000036310386
6.452145214521452,-0.5000000010926575,-0.5200000024932377,-0.480000000360864
6.453245324532453,-0.5000000010862553,-0.5200000024792525,-0.480000000358638
6.454345434543454,-0.5000000010798906,-0.5200000024653456,-0.48000000035642565
6.455445544554455,-0.5000000010735632,-0.5200000024515168,-0.4800000003542271
6.456545654565456,-0.5000000010672729,-0.5200000024377656,-0.48000000035204193
6.457645764576458,-0.5000000010610195,-0.5200000024240915,-0.48000000034987034
6.458745874587458,-0.5000000010548027,-0.520000002410494,-0.4800000003477122
6.459845984598459,-0.5000000010486224,-0.520000002396973,-0.4800000003455672
6.460946094609461,-0.5000000010424782,-0.5200000023835276,-0.4800000003434356
6.462046204620462,-0.5000000010363701,-0.5200000023701578,-0.48000000034131707
6.463146314631463,-0.5000000010302976,-0.520000002356863,-0.48000000033921164
6.464246424642464,-0.5000000010242609,-0.5200000023436426,-0.4800000003371192
6.465346534653465,-0.5000000010182595,-0.5200000023304965,-0.48000000033503964
6.466446644664466,-0.5000000010122932,-0.5200000023174242,-0.48000000033297285
6.4675467546754675,-0.5000000010063619,-0.520000002304425,-0.48000000033091894
6.468646864686468,-0.5000000010004654,-0.5200000022914989,-0.4800000003288776
6.469746974697469,-0.5000000009946034,-0.5200000022786452,-0.48000000032684886
6.4708470847084705,-0.5000000009887757,-0.5200000022658636,-0.4800000003248327
6.471947194719472,-0.5000000009829823,-0.5200000022531538,-0.48000000032282897
6.473047304730473,-0.5000000009772226,-0.5200000022405152,-0.48000000032083756
6.4741474147414735,-0.5000000009714969,-0.5200000022279476,-0.48000000031885837
6.475247524752475,-0.5000000009658045,-0.5200000022154504,-0.4800000003168915
6.476347634763476,-0.5000000009601457,-0.5200000022030233,-0.4800000003149367
6.477447744774477,-0.5000000009545199,-0.520000002190666,-0.48000000031299395
6.478547854785478,-0.5000000009489272,-0.5200000021783779,-0.48000000031106327
6.479647964796479,-0.5000000009433672,-0.5200000021661588,-0.48000000030914447
6.48074807480748,-0.5000000009378397,-0.5200000021540082,-0.48000000030723744
6.481848184818482,-0.5000000009323446,-0.5200000021419258,-0.4800000003053422
6.482948294829483,-0.5000000009268818,-0.5200000021299112,-0.4800000003034587
6.484048404840483,-0.5000000009214509,-0.5200000021179638,-0.48000000030158674
6.485148514851485,-0.5000000009160519,-0.5200000021060837,-0.48000000029972645
6.486248624862486,-0.5000000009106845,-0.52000000209427,-0.4800000002978775
6.487348734873487,-0.5000000009053486,-0.5200000020825227,-0.48000000029604006
6.488448844884488,-0.5000000009000439,-0.5200000020708412,-0.48000000029421386
6.489548954895489,-0.5000000008947703,-0.5200000020592254,-0.480000000292399
6.49064906490649,-0.5000000008895276,-0.5200000020476745,-0.4800000002905953
6.491749174917492,-0.5000000008843156,-0.5200000020361886,-0.48000000028880274
6.492849284928492,-0.5000000008791341,-0.520000002024767,-0.48000000028702117
6.493949394939493,-0.5000000008739831,-0.5200000020134096,-0.4800000002852507
6.495049504950495,-0.5000000008688622,-0.5200000020021158,-0.4800000002834911
6.496149614961496,-0.5000000008637713,-0.5200000019908854,-0.4800000002817424
6.497249724972497,-0.5000000008587102,-0.520000001979718,-0.48000000028000434
6.498349834983498,-0.5000000008536788,-0.5200000019686132,-0.48000000027827716
6.499449944994499,-0.5000000008486769,-0.5200000019575707,-0.48000000027656053
6.5005500550055,-0.5000000008437042,-0.5200000019465901,-0.48000000027485457
6.5016501650165015,-0.5000000008387607,-0.5200000019356712,-0.48000000027315914
6.502750275027502,-0.5000000008338462,-0.5200000019248134,-0.48000000027147405
6.503850385038503,-0.5000000008289605,-0.5200000019140166,-0.4800000002697995
6.5049504950495045,-0.5000000008241033,-0.5200000019032803,-0.48000000026813516
6.506050605060506,-0.5000000008192748,-0.5200000018926043,-0.48000000026648115
6.507150715071507,-0.5000000008144744,-0.5200000018819881,-0.48000000026483736
6.5082508250825075,-0.5000000008097022,-0.5200000018714316,-0.48000000026320366
6.509350935093509,-0.5000000008049579,-0.5200000018609342,-0.4800000002615801
6.51045104510451,-0.5000000008002414,-0.5200000018504958,-0.4800000002599665
6.511551155115511,-0.5000000007955526,-0.5200000018401157,-0.48000000025836287
6.512651265126512,-0.5000000007908912,-0.5200000018297941,-0.48000000025676914
6.513751375137513,-0.5000000007862573,-0.5200000018195302,-0.4800000002551852
6.514851485148514,-0.5000000007816503,-0.520000001809324,-0.4800000002536111
6.515951595159516,-0.5000000007770704,-0.5200000017991749,-0.4800000002520467
6.517051705170517,-0.5000000007725174,-0.5200000017890829,-0.48000000025049194
6.518151815181517,-0.500000000767991,-0.5200000017790475,-0.48000000024894673
6.519251925192519,-0.500000000763491,-0.5200000017690684,-0.4800000002474111
6.52035203520352,-0.5000000007590176,-0.5200000017591451,-0.48000000024588485
6.521452145214521,-0.5000000007545703,-0.5200000017492775,-0.48000000024436806
6.522552255225522,-0.500000000750149,-0.5200000017394654,-0.4800000002428607
6.523652365236523,-0.5000000007457538,-0.5200000017297083,-0.4800000002413626
6.524752475247524,-0.5000000007413842,-0.5200000017200058,-0.48000000023987377
6.525852585258526,-0.5000000007370402,-0.5200000017103579,-0.48000000023839406
6.526952695269527,-0.5000000007327217,-0.520000001700764,-0.48000000023692346
6.528052805280527,-0.5000000007284285,-0.520000001691224,-0.48000000023546197
6.529152915291529,-0.5000000007241604,-0.5200000016817374,-0.48000000023400957
6.53025302530253,-0.5000000007199173,-0.5200000016723041,-0.48000000023256595
6.531353135313531,-0.5000000007156992,-0.5200000016629236,-0.48000000023113143
6.532453245324532,-0.5000000007115057,-0.5200000016535958,-0.4800000002297057
6.533553355335533,-0.5000000007073369,-0.5200000016443204,-0.4800000002282887
6.534653465346534,-0.5000000007031924,-0.5200000016350969,-0.4800000002268805
6.5357535753575355,-0.5000000006990721,-0.5200000016259252,-0.48000000022548095
6.536853685368537,-0.5000000006949761,-0.5200000016168049,-0.48000000022409006
6.537953795379537,-0.500000000690904,-0.5200000016077359,-0.4800000002227077
6.5390539053905385,-0.5000000006868559,-0.5200000015987176,-0.48000000022133393
6.54015401540154,-0.5000000006828313,-0.5200000015897499,-0.4800000002199686
6.541254125412541,-0.5000000006788305,-0.5200000015808326,-0.48000000021861167
6.5423542354235416,-0.5000000006748531,-0.5200000015719652,-0.4800000002172632
6.543454345434543,-0.5000000006708989,-0.5200000015631477,-0.48000000021592293
6.544554455445544,-0.5000000006669679,-0.5200000015543795,-0.480000000214591
6.5456545654565454,-0.5000000006630599,-0.5200000015456606,-0.4800000002132673
6.546754675467547,-0.5000000006591749,-0.5200000015369906,-0.48000000021195166
6.547854785478547,-0.5000000006553127,-0.5200000015283692,-0.48000000021064426
6.5489548954895485,-0.500000000651473,-0.5200000015197961,-0.48000000020934486
6.55005500550055,-0.5000000006476558,-0.5200000015112711,-0.48000000020805356
6.551155115511551,-0.5000000006438611,-0.520000001502794,-0.48000000020677014
6.5522552255225515,-0.5000000006400885,-0.5200000014943644,-0.4800000002054946
6.553355335533553,-0.5000000006363381,-0.5200000014859821,-0.48000000020422706
6.554455445544554,-0.5000000006326095,-0.5200000014776468,-0.4800000002029672
6.555555555555555,-0.5000000006289029,-0.5200000014693583,-0.4800000002017152
6.556655665566557,-0.500000000625218,-0.5200000014611162,-0.48000000020047096
6.557755775577557,-0.5000000006215547,-0.5200000014529205,-0.4800000001992343
6.558855885588558,-0.5000000006179128,-0.5200000014447707,-0.48000000019800526
6.55995599559956,-0.5000000006142923,-0.5200000014366666,-0.4800000001967839
6.561056105610561,-0.500000000610693,-0.5200000014286079,-0.48000000019557
6.562156215621561,-0.5000000006071148,-0.5200000014205944,-0.4800000001943636
6.563256325632563,-0.5000000006035575,-0.5200000014126259,-0.4800000001931647
6.564356435643564,-0.5000000006000211,-0.5200000014047022,-0.4800000001919731
6.565456545654565,-0.5000000005965055,-0.5200000013968228,-0.4800000001907889
6.566556655665567,-0.5000000005930104,-0.5200000013889876,-0.480000000189612
6.567656765676567,-0.5000000005895358,-0.5200000013811964,-0.48000000018844236
6.568756875687568,-0.5000000005860815,-0.5200000013734488,-0.48000000018727995
6.56985698569857,-0.5000000005826475,-0.5200000013657448,-0.48000000018612465
6.570957095709571,-0.5000000005792337,-0.520000001358084,-0.48000000018497657
6.572057205720571,-0.5000000005758397,-0.5200000013504661,-0.4800000001838355
6.573157315731573,-0.5000000005724657,-0.5200000013428909,-0.4800000001827015
6.574257425742574,-0.5000000005691115,-0.5200000013353583,-0.4800000001815744
6.575357535753575,-0.500000000565777,-0.520000001327868,-0.4800000001804544
6.5764576457645765,-0.5000000005624619,-0.5200000013204196,-0.4800000001793413
6.577557755775577,-0.5000000005591663,-0.5200000013130129,-0.48000000017823496
6.578657865786578,-0.50000000055589,-0.5200000013056478,-0.4800000001771355
6.5797579757975795,-0.5000000005526328,-0.5200000012983241,-0.48000000017604283
6.580858085808581,-0.5000000005493949,-0.5200000012910415,-0.4800000001749569
6.581958195819581,-0.5000000005461758,-0.5200000012837996,-0.4800000001738777
6.5830583058305825,-0.5000000005429757,-0.5200000012765985,-0.4800000001728051
6.584158415841584,-0.5000000005397942,-0.5200000012694377,-0.48000000017173905
6.585258525852585,-0.5000000005366314,-0.520000001262317,-0.4800000001706797
6.586358635863586,-0.5000000005334871,-0.5200000012552364,-0.48000000016962685
6.587458745874587,-0.5000000005303613,-0.5200000012481953,-0.48000000016858047
6.588558855885588,-0.5000000005272537,-0.5200000012411939,-0.48000000016754063
6.589658965896589,-0.5000000005241644,-0.5200000012342317,-0.4800000001665071
6.590759075907591,-0.5000000005210932,-0.5200000012273086,-0.48000000016547995
6.591859185918591,-0.5000000005180399,-0.5200000012204242,-0.4800000001644592
6.592959295929592,-0.5000000005150046,-0.5200000012135786,-0.4800000001634447
6.594059405940594,-0.5000000005119871,-0.5200000012067713,-0.4800000001624365
6.595159515951595,-0.5000000005089872,-0.5200000012000022,-0.4800000001614345
6.596259625962596,-0.5000000005060049,-0.520000001193271,-0.48000000016043864
6.597359735973597,-0.50000000050304,-0.5200000011865776,-0.480000000159449
6.598459845984598,-0.5000000005000926,-0.5200000011799218,-0.48000000015846545
6.599559955995599,-0.5000000004971624,-0.5200000011733033,-0.4800000001574879
6.600660066006601,-0.5000000004942494,-0.5200000011667218,-0.48000000015651645
6.601760176017601,-0.5000000004913535,-0.5200000011601774,-0.4800000001555509
6.602860286028602,-0.5000000004884746,-0.5200000011536696,-0.48000000015459143
6.603960396039604,-0.5000000004856124,-0.5200000011471985,-0.48000000015363775
6.605060506050605,-0.5000000004827672,-0.5200000011407635,-0.48000000015269007
6.606160616061605,-0.5000000004799384,-0.5200000011343646,-0.48000000015174815
6.607260726072607,-0.5000000004771263,-0.5200000011280016,-0.4800000001508121
6.608360836083608,-0.5000000004743308,-0.5200000011216743,-0.48000000014988176
6.609460946094609,-0.5000000004715515,-0.5200000011153826,-0.4800000001489573
6.6105610561056105,-0.5000000004687886,-0.5200000011091261,-0.48000000014803834
6.611661166116611,-0.5000000004660418,-0.5200000011029047,-0.4800000001471252
6.612761276127612,-0.5000000004633112,-0.5200000010967182,-0.4800000001462176
6.6138613861386135,-0.5000000004605964,-0.5200000010905664,-0.48000000014531563
6.614961496149615,-0.5000000004578977,-0.5200000010844491,-0.48000000014441924
6.616061606160615,-0.5000000004552148,-0.5200000010783662,-0.4800000001435284
6.6171617161716165,-0.5000000004525476,-0.5200000010723173,-0.480000000142643
6.618261826182618,-0.5000000004498959,-0.5200000010663024,-0.48000000014176314
6.619361936193619,-0.5000000004472599,-0.5200000010603212,-0.4800000001408886
6.62046204620462,-0.5000000004446392,-0.5200000010543736,-0.48000000014001953
6.621562156215621,-0.500000000442034,-0.5200000010484592,-0.4800000001391558
6.622662266226622,-0.500000000439444,-0.5200000010425782,-0.48000000013829747
6.623762376237623,-0.5000000004368692,-0.52000000103673,-0.48000000013744437
6.624862486248625,-0.5000000004343095,-0.5200000010309148,-0.4800000001365965
6.625962596259625,-0.5000000004317647,-0.5200000010251321,-0.48000000013575383
6.627062706270626,-0.5000000004292349,-0.5200000010193818,-0.4800000001349165
6.628162816281628,-0.5000000004267199,-0.5200000010136638,-0.48000000013408417
6.629262926292629,-0.5000000004242197,-0.5200000010079779,-0.48000000013325717
6.63036303630363,-0.500000000421734,-0.5200000010023239,-0.48000000013243505
6.631463146314631,-0.500000000419263,-0.5200000009967016,-0.48000000013161814
6.632563256325632,-0.5000000004168064,-0.5200000009911108,-0.48000000013080624
6.633663366336633,-0.5000000004143642,-0.5200000009855514,-0.4800000001299993
6.634763476347635,-0.5000000004119364,-0.5200000009800232,-0.4800000001291974
6.635863586358635,-0.5000000004095226,-0.5200000009745259,-0.4800000001284005
6.636963696369636,-0.5000000004071232,-0.5200000009690595,-0.48000000012760846
6.638063806380638,-0.5000000004047378,-0.5200000009636239,-0.4800000001268213
6.639163916391639,-0.5000000004023663,-0.5200000009582186,-0.48000000012603894
6.64026402640264,-0.5000000004000087,-0.5200000009528437,-0.48000000012526145
6.641364136413641,-0.500000000397665,-0.520000000947499,-0.48000000012448873
6.642464246424642,-0.5000000003953349,-0.5200000009421841,-0.4800000001237209
6.643564356435643,-0.5000000003930185,-0.5200000009368991,-0.4800000001229576
6.6446644664466445,-0.5000000003907158,-0.5200000009316439,-0.48000000012219923
6.645764576457645,-0.5000000003884264,-0.520000000926418,-0.4800000001214454
6.646864686468646,-0.5000000003861506,-0.5200000009212215,-0.4800000001206962
6.6479647964796476,-0.500000000383888,-0.520000000916054,-0.4800000001199517
6.649064906490649,-0.5000000003816387,-0.5200000009109157,-0.48000000011921184
6.65016501650165,-0.5000000003794025,-0.5200000009058061,-0.48000000011847643
6.651265126512651,-0.5000000003771795,-0.5200000009007252,-0.4800000001177456
6.652365236523652,-0.5000000003749695,-0.5200000008956728,-0.48000000011701927
6.653465346534653,-0.5000000003727725,-0.5200000008906487,-0.4800000001162974
6.6545654565456545,-0.5000000003705883,-0.5200000008856528,-0.4800000001155801
6.655665566556655,-0.500000000368417,-0.5200000008806849,-0.4800000001148671
6.656765676567656,-0.5000000003662582,-0.5200000008757449,-0.48000000011415844
6.6578657865786575,-0.5000000003641123,-0.5200000008708326,-0.48000000011345434
6.658965896589659,-0.5000000003619789,-0.5200000008659479,-0.48000000011275445
6.66006600660066,-0.5000000003598579,-0.5200000008610905,-0.4800000001120589
6.6611661166116605,-0.5000000003577494,-0.5200000008562604,-0.4800000001113677
6.662266226622662,-0.5000000003556533,-0.5200000008514575,-0.48000000011068067
6.663366336633663,-0.5000000003535694,-0.5200000008466814,-0.4800000001099979
6.664466446644664,-0.5000000003514977,-0.5200000008419321,-0.4800000001093194
6.665566556655665,-0.5000000003494383,-0.5200000008372094,-0.4800000001086451
6.666666666666666,-0.5000000003473908,-0.5200000008325133,-0.48000000010797483
6.667766776677667,-0.5000000003453553,-0.5200000008278436,-0.4800000001073088
6.668866886688669,-0.5000000003433318,-0.5200000008232,-0.4800000001066469
6.66996699669967,-0.5000000003413201,-0.5200000008185823,-0.480000000105989
6.67106710671067,-0.5000000003393202,-0.5200000008139908,-0.48000000010533517
6.672167216721672,-0.500000000337332,-0.5200000008094249,-0.48000000010468546
6.673267326732673,-0.5000000003353555,-0.5200000008048845,-0.48000000010403965
6.674367436743674,-0.5000000003333906,-0.5200000008003697,-0.48000000010339783
6.675467546754675,-0.5000000003314372,-0.5200000007958803,-0.4800000001027601
6.676567656765676,-0.5000000003294952,-0.520000000791416,-0.4800000001021262
6.677667766776677,-0.5000000003275646,-0.5200000007869766,-0.48000000010149624
6.678767876787679,-0.5000000003256453,-0.5200000007825623,-0.4800000001008701
6.67986798679868,-0.5000000003237373,-0.5200000007781727,-0.4800000001002479
6.68096809680968,-0.5000000003218403,-0.5200000007738077,-0.4800000000996295
6.682068206820682,-0.5000000003199546,-0.5200000007694672,-0.4800000000990149
6.683168316831683,-0.5000000003180799,-0.5200000007651511,-0.48000000009840416
6.684268426842684,-0.5000000003162162,-0.5200000007608591,-0.4800000000977971
6.685368536853685,-0.5000000003143634,-0.5200000007565913,-0.4800000000971939
6.686468646864686,-0.5000000003125216,-0.5200000007523473,-0.48000000009659427
6.687568756875687,-0.5000000003106904,-0.5200000007481271,-0.4800000000959984
6.6886688668866885,-0.5000000003088699,-0.5200000007439307,-0.4800000000954062
6.68976897689769,-0.5000000003070602,-0.5200000007397578,-0.4800000000948178
6.69086908690869,-0.500000000305261,-0.5200000007356083,-0.4800000000942328
6.6919691969196915,-0.5000000003034725,-0.520000000731482,-0.4800000000936515
6.693069306930693,-0.5000000003016943,-0.520000000727379,-0.48000000009307386
6.694169416941694,-0.5000000002999266,-0.5200000007232989,-0.48000000009249977
6.6952695269526945,-0.5000000002981693,-0.5200000007192417,-0.4800000000919291
6.696369636963696,-0.5000000002964222,-0.5200000007152072,-0.480000000091362
6.697469746974697,-0.5000000002946854,-0.5200000007111955,-0.48000000009079846
6.698569856985698,-0.5000000002929588,-0.5200000007072062,-0.48000000009023835
6.6996699669967,-0.5000000002912423,-0.5200000007032393,-0.4800000000896818
6.7007700770077,-0.5000000002895357,-0.5200000006992946,-0.4800000000891286
6.701870187018701,-0.5000000002878393,-0.5200000006953721,-0.4800000000885788
6.702970297029703,-0.5000000002861528,-0.5200000006914716,-0.48000000008803234
6.704070407040704,-0.5000000002844761,-0.5200000006875929,-0.48000000008748933
6.705170517051704,-0.5000000002828093,-0.520000000683736,-0.48000000008694965
6.706270627062706,-0.5000000002811522,-0.5200000006799007,-0.4800000000864133
6.707370737073707,-0.5000000002795049,-0.520000000676087,-0.4800000000858802
6.708470847084708,-0.5000000002778672,-0.5200000006722946,-0.4800000000853505
6.709570957095709,-0.500000000276239,-0.5200000006685236,-0.4800000000848239
6.71067106710671,-0.5000000002746205,-0.5200000006647736,-0.48000000008430066
6.711771177117711,-0.5000000002730114,-0.5200000006610447,-0.48000000008378063
6.712871287128713,-0.5000000002714118,-0.5200000006573368,-0.4800000000832638
6.713971397139714,-0.5000000002698215,-0.5200000006536495,-0.48000000008275023
6.715071507150714,-0.5000000002682405,-0.5200000006499831,-0.48000000008223975
6.716171617161716,-0.5000000002666689,-0.5200000006463371,-0.4800000000817325
6.717271727172717,-0.5000000002651064,-0.5200000006427116,-0.48000000008122834
6.718371837183718,-0.5000000002635531,-0.5200000006391065,-0.4800000000807273
6.719471947194719,-0.5000000002620089,-0.5200000006355215,-0.48000000008022925
6.72057205720572,-0.5000000002604736,-0.5200000006319567,-0.4800000000797344
6.721672167216721,-0.5000000002589475,-0.5200000006284119,-0.4800000000792425
6.7227722772277225,-0.5000000002574302,-0.5200000006248869,-0.48000000007875376
6.723872387238724,-0.5000000002559218,-0.5200000006213819,-0.48000000007826793
6.724972497249724,-0.5000000002544224,-0.5200000006178963,-0.4800000000777851
6.7260726072607255,-0.5000000002529317,-0.5200000006144304,-0.48000000007730526
6.727172717271727,-0.5000000002514496,-0.5200000006109838,-0.4800000000768284
6.728272827282728,-0.5000000002499763,-0.5200000006075567,-0.48000000007635446
6.7293729372937285,-0.5000000002485117,-0.5200000006041487,-0.4800000000758835
6.73047304730473,-0.5000000002470555,-0.5200000006007599,-0.48000000007541543
6.731573157315731,-0.500000000245608,-0.52000000059739,-0.48000000007495014
6.732673267326732,-0.5000000002441689,-0.5200000005940392,-0.48000000007448784
6.733773377337734,-0.5000000002427383,-0.520000000590707,-0.4800000000740283
6.734873487348734,-0.500000000241316,-0.5200000005873936,-0.4800000000735717
6.735973597359735,-0.5000000002399021,-0.5200000005840987,-0.4800000000731178
6.737073707370737,-0.5000000002384963,-0.5200000005808223,-0.48000000007266685
6.738173817381738,-0.500000000237099,-0.5200000005775643,-0.48000000007221855
6.7392739273927385,-0.5000000002357098,-0.5200000005743246,-0.4800000000717731
6.74037403740374,-0.5000000002343287,-0.5200000005711031,-0.48000000007133037
6.741474147414741,-0.5000000002329557,-0.5200000005678996,-0.4800000000708904
6.742574257425742,-0.5000000002315907,-0.5200000005647141,-0.48000000007045307
6.743674367436744,-0.5000000002302337,-0.5200000005615465,-0.4800000000700184
6.744774477447744,-0.5000000002288848,-0.5200000005583966,-0.48000000006958654
6.745874587458745,-0.5000000002275437,-0.5200000005552644,-0.48000000006915733
6.746974697469747,-0.5000000002262104,-0.5200000005521498,-0.48000000006873067
6.748074807480748,-0.500000000224885,-0.5200000005490526,-0.4800000000683067
6.749174917491748,-0.5000000002235674,-0.5200000005459728,-0.48000000006788535
6.75027502750275,-0.5000000002222574,-0.5200000005429103,-0.48000000006746657
6.751375137513751,-0.5000000002209551,-0.520000000539865,-0.48000000006705046
6.752475247524752,-0.5000000002196605,-0.5200000005368367,-0.4800000000666368
6.7535753575357536,-0.5000000002183734,-0.5200000005338254,-0.4800000000662258
6.754675467546754,-0.5000000002170939,-0.5200000005308311,-0.4800000000658172
6.755775577557755,-0.5000000002158219,-0.5200000005278536,-0.4800000000654112
6.756875687568757,-0.5000000002145574,-0.5200000005248926,-0.48000000006500776
6.757975797579758,-0.5000000002133003,-0.5200000005219484,-0.48000000006460675
6.759075907590758,-0.5000000002120504,-0.5200000005190206,-0.4800000000642082
6.76017601760176,-0.5000000002108079,-0.5200000005161093,-0.48000000006381216
6.761276127612761,-0.5000000002095728,-0.5200000005132143,-0.4800000000634185
6.762376237623762,-0.5000000002083449,-0.5200000005103356,-0.48000000006302734
6.7634763476347635,-0.5000000002071241,-0.5200000005074729,-0.48000000006263854
6.764576457645764,-0.5000000002059105,-0.5200000005046264,-0.4800000000622521
6.765676567656765,-0.500000000204704,-0.5200000005017957,-0.48000000006186816
6.7667766776677665,-0.5000000002035045,-0.5200000004989811,-0.48000000006148646
6.767876787678768,-0.5000000002023122,-0.5200000004961821,-0.4800000000611072
6.768976897689768,-0.5000000002011268,-0.5200000004933989,-0.4800000000607302
6.7700770077007695,-0.5000000001999484,-0.5200000004906313,-0.4800000000603556
6.771177117711771,-0.5000000001987768,-0.5200000004878792,-0.48000000005998333
6.772277227722772,-0.5000000001976121,-0.5200000004851425,-0.4800000000596133
6.773377337733773,-0.5000000001964543,-0.5200000004824212,-0.4800000000592456
6.774477447744774,-0.5000000001953032,-0.5200000004797152,-0.4800000000588801
6.775577557755775,-0.5000000001941588,-0.5200000004770243,-0.48000000005851684
6.776677667766776,-0.5000000001930212,-0.5200000004743486,-0.4800000000581559
6.777777777777778,-0.5000000001918903,-0.5200000004716878,-0.4800000000577972
6.778877887788778,-0.500000000190766,-0.520000000469042,-0.4800000000574407
6.779977997799779,-0.5000000001896482,-0.520000000466411,-0.4800000000570863
6.781078107810781,-0.500000000188537,-0.5200000004637948,-0.48000000005673416
6.782178217821782,-0.5000000001874323,-0.5200000004611932,-0.4800000000563842
6.783278327832783,-0.5000000001863341,-0.5200000004586063,-0.4800000000560364
6.784378437843784,-0.5000000001852423,-0.5200000004560338,-0.48000000005569077
6.785478547854785,-0.5000000001841569,-0.5200000004534758,-0.48000000005534715
6.786578657865786,-0.5000000001830779,-0.5200000004509322,-0.48000000005500576
6.787678767876788,-0.5000000001820052,-0.5200000004484028,-0.4800000000546665
6.788778877887788,-0.5000000001809388,-0.5200000004458876,-0.4800000000543293
6.789878987898789,-0.5000000001798786,-0.5200000004433865,-0.4800000000539941
6.790979097909791,-0.5000000001788246,-0.5200000004408993,-0.48000000005366106
6.792079207920792,-0.5000000001777769,-0.5200000004384262,-0.48000000005333
6.793179317931793,-0.5000000001767352,-0.520000000435967,-0.48000000005300103
6.794279427942794,-0.5000000001756997,-0.5200000004335216,-0.4800000000526742
6.795379537953795,-0.5000000001746702,-0.5200000004310897,-0.4800000000523492
6.796479647964796,-0.5000000001736468,-0.5200000004286717,-0.48000000005202625
6.7975797579757975,-0.5000000001726294,-0.5200000004262672,-0.4800000000517054
6.798679867986798,-0.5000000001716178,-0.5200000004238761,-0.48000000005138643
6.799779977997799,-0.5000000001706123,-0.5200000004214984,-0.48000000005106946
6.8008800880088005,-0.5000000001696127,-0.5200000004191342,-0.4800000000507544
6.801980198019802,-0.5000000001686188,-0.5200000004167831,-0.4800000000504413
6.803080308030803,-0.5000000001676308,-0.5200000004144453,-0.4800000000501301
6.8041804180418035,-0.5000000001666487,-0.5200000004121205,-0.4800000000498209
6.805280528052805,-0.5000000001656721,-0.5200000004098088,-0.4800000000495136
6.806380638063806,-0.5000000001647015,-0.52000000040751,-0.4800000000492082
6.807480748074807,-0.5000000001637365,-0.5200000004052242,-0.48000000004890464
6.808580858085808,-0.5000000001627771,-0.5200000004029512,-0.480000000048603
6.809680968096809,-0.5000000001618233,-0.5200000004006909,-0.4800000000483031
6.81078107810781,-0.5000000001608751,-0.5200000003984434,-0.48000000004800514
6.811881188118812,-0.5000000001599325,-0.5200000003962084,-0.48000000004770904
6.812981298129812,-0.5000000001589955,-0.520000000393986,-0.4800000000474147
6.814081408140813,-0.5000000001580639,-0.520000000391776,-0.4800000000471223
6.815181518151815,-0.5000000001571377,-0.5200000003895784,-0.48000000004683163
6.816281628162816,-0.500000000156217,-0.5200000003873931,-0.48000000004654275
6.817381738173817,-0.5000000001553017,-0.5200000003852201,-0.48000000004625565
6.818481848184818,-0.5000000001543917,-0.5200000003830594,-0.4800000000459702
6.819581958195819,-0.5000000001534871,-0.5200000003809107,-0.48000000004568666
6.82068206820682,-0.5000000001525878,-0.520000000378774,-0.4800000000454049
6.821782178217822,-0.5000000001516938,-0.5200000003766494,-0.4800000000451248
6.822882288228822,-0.5000000001508049,-0.5200000003745366,-0.48000000004484644
6.823982398239823,-0.5000000001499213,-0.5200000003724358,-0.4800000000445698
6.825082508250825,-0.5000000001490429,-0.5200000003703467,-0.4800000000442949
6.826182618261826,-0.5000000001481696,-0.5200000003682693,-0.48000000004402166
6.827282728272827,-0.5000000001473014,-0.5200000003662035,-0.4800000000437501
6.828382838283828,-0.5000000001464384,-0.5200000003641494,-0.4800000000434802
6.829482948294829,-0.5000000001455803,-0.5200000003621068,-0.48000000004321197
6.83058305830583,-0.5000000001447273,-0.5200000003600757,-0.4800000000429454
6.8316831683168315,-0.5000000001438794,-0.5200000003580559,-0.4800000000426805
6.832783278327832,-0.5000000001430364,-0.5200000003560474,-0.4800000000424173
6.833883388338833,-0.5000000001421983,-0.5200000003540503,-0.4800000000421556
6.8349834983498345,-0.500000000141365,-0.5200000003520643,-0.4800000000418956
6.836083608360836,-0.5000000001405368,-0.5200000003500895,-0.4800000000416371
6.837183718371837,-0.5000000001397134,-0.5200000003481258,-0.4800000000413802
6.8382838283828375,-0.5000000001388947,-0.520000000346173,-0.480000000041125
6.839383938393839,-0.5000000001380809,-0.5200000003442312,-0.4800000000408713
6.84048404840484,-0.5000000001372719,-0.5200000003423003,-0.48000000004061916
6.841584158415841,-0.5000000001364675,-0.5200000003403803,-0.4800000000403686
6.842684268426842,-0.5000000001356679,-0.520000000338471,-0.48000000004011956
6.843784378437843,-0.500000000134873,-0.5200000003365725,-0.4800000000398721
6.8448844884488445,-0.5000000001340827,-0.5200000003346845,-0.4800000000396262
6.845984598459846,-0.5000000001332972,-0.5200000003328071,-0.4800000000393817
6.847084708470847,-0.5000000001325161,-0.5200000003309404,-0.4800000000391388
6.8481848184818475,-0.5000000001317396,-0.520000000329084,-0.4800000000388974
6.849284928492849,-0.5000000001309677,-0.5200000003272381,-0.4800000000386574
6.85038503850385,-0.5000000001302004,-0.5200000003254025,-0.4800000000384189
6.851485148514851,-0.5000000001294375,-0.5200000003235773,-0.480000000038182
6.852585258525852,-0.5000000001286791,-0.5200000003217622,-0.4800000000379464
6.853685368536853,-0.5000000001279251,-0.5200000003199574,-0.48000000003771237
6.854785478547854,-0.5000000001271756,-0.5200000003181626,-0.4800000000374798
6.855885588558856,-0.5000000001264304,-0.5200000003163779,-0.4800000000372485
6.856985698569857,-0.5000000001256897,-0.5200000003146034,-0.4800000000370188
6.858085808580857,-0.5000000001249532,-0.5200000003128387,-0.48000000003679044
6.859185918591859,-0.5000000001242211,-0.5200000003110838,-0.4800000000365635
6.86028602860286,-0.5000000001234932,-0.5200000003093389,-0.4800000000363379
6.861386138613861,-0.5000000001227696,-0.5200000003076037,-0.48000000003611376
6.862486248624862,-0.5000000001220503,-0.5200000003058782,-0.48000000003589105
6.863586358635863,-0.5000000001213352,-0.5200000003041625,-0.48000000003566956
6.864686468646864,-0.5000000001206242,-0.5200000003024564,-0.4800000000354496
6.865786578657866,-0.5000000001199174,-0.5200000003007599,-0.4800000000352309
6.866886688668867,-0.5000000001192149,-0.5200000002990728,-0.48000000003501353
6.867986798679867,-0.5000000001185163,-0.5200000002973952,-0.4800000000347976
6.869086908690869,-0.5000000001178219,-0.520000000295727,-0.480000000034583
6.87018701870187,-0.5000000001171315,-0.5200000002940682,-0.4800000000343696
6.871287128712871,-0.5000000001164452,-0.5200000002924187,-0.48000000003415755
6.872387238723872,-0.500000000115763,-0.5200000002907784,-0.4800000000339468
6.873487348734873,-0.5000000001150846,-0.5200000002891474,-0.48000000003373744
6.874587458745874,-0.5000000001144104,-0.5200000002875255,-0.4800000000335294
6.8756875687568755,-0.50000000011374,-0.5200000002859126,-0.48000000003332255
6.876787678767877,-0.5000000001130736,-0.5200000002843089,-0.48000000003311694
6.877887788778877,-0.500000000112411,-0.5200000002827142,-0.48000000003291265
6.8789878987898785,-0.5000000001117524,-0.5200000002811284,-0.4800000000327097
6.88008800880088,-0.5000000001110976,-0.5200000002795514,-0.48000000003250787
6.881188118811881,-0.5000000001104467,-0.5200000002779833,-0.48000000003230736
6.8822882288228815,-0.5000000001097995,-0.520000000276424,-0.4800000000321081
6.883388338833883,-0.5000000001091561,-0.5200000002748735,-0.48000000003191
6.884488448844884,-0.5000000001085165,-0.5200000002733317,-0.48000000003171317
6.885588558855885,-0.5000000001078808,-0.5200000002717985,-0.48000000003151755
6.886688668866887,-0.5000000001072487,-0.5200000002702738,-0.48000000003132315
6.887788778877887,-0.5000000001066203,-0.5200000002687578,-0.48000000003112986
6.888888888888888,-0.5000000001059955,-0.5200000002672504,-0.4800000000309379
6.88998899889989,-0.5000000001053745,-0.5200000002657512,-0.48000000003074705
6.891089108910891,-0.5000000001047571,-0.5200000002642605,-0.4800000000305573
6.892189218921891,-0.5000000001041432,-0.5200000002627783,-0.4800000000303689
6.893289328932893,-0.5000000001035331,-0.5200000002613042,-0.4800000000301815
6.894389438943894,-0.5000000001029264,-0.5200000002598385,-0.4800000000299953
6.895489548954895,-0.5000000001023234,-0.520000000258381,-0.48000000002981036
6.896589658965897,-0.5000000001017239,-0.5200000002569316,-0.4800000000296264
6.897689768976897,-0.5000000001011278,-0.5200000002554904,-0.48000000002944365
6.898789878987898,-0.5000000001005352,-0.5200000002540573,-0.480000000029262
6.8998899889989,-0.5000000000999462,-0.5200000002526323,-0.4800000000290816
6.900990099009901,-0.5000000000993605,-0.5200000002512152,-0.4800000000289022
6.902090209020901,-0.5000000000987784,-0.5200000002498061,-0.4800000000287239
6.903190319031903,-0.5000000000981997,-0.5200000002484048,-0.4800000000285467
6.904290429042904,-0.5000000000976242,-0.5200000002470114,-0.4800000000283706
6.905390539053905,-0.5000000000970523,-0.5200000002456259,-0.48000000002819554
6.9064906490649065,-0.5000000000964836,-0.5200000002442481,-0.4800000000280217
6.907590759075907,-0.5000000000959183,-0.5200000002428781,-0.4800000000278488
6.908690869086908,-0.5000000000953563,-0.5200000002415157,-0.48000000002767707
6.9097909790979095,-0.5000000000947975,-0.5200000002401609,-0.4800000000275063
6.910891089108911,-0.5000000000942421,-0.5200000002388139,-0.48000000002733667
6.911991199119911,-0.50000000009369,-0.5200000002374743,-0.48000000002716803
6.9130913091309125,-0.5000000000931409,-0.5200000002361422,-0.4800000000270004
6.914191419141914,-0.5000000000925953,-0.5200000002348176,-0.48000000002683385
6.915291529152915,-0.5000000000920527,-0.5200000002335005,-0.4800000000266683
6.9163916391639155,-0.5000000000915134,-0.5200000002321907,-0.4800000000265038
6.917491749174917,-0.5000000000909771,-0.5200000002308882,-0.48000000002634036
6.918591859185918,-0.5000000000904441,-0.5200000002295931,-0.4800000000261778
6.919691969196919,-0.5000000000899141,-0.5200000002283053,-0.4800000000260164
6.920792079207921,-0.5000000000893873,-0.5200000002270246,-0.48000000002585586
6.921892189218921,-0.5000000000888636,-0.5200000002257512,-0.4800000000256964
6.922992299229922,-0.5000000000883429,-0.5200000002244849,-0.4800000000255379
6.924092409240924,-0.5000000000878252,-0.5200000002232257,-0.48000000002538035
6.925192519251925,-0.5000000000873106,-0.5200000002219736,-0.4800000000252238
6.926292629262925,-0.500000000086799,-0.5200000002207285,-0.48000000002506815
6.927392739273927,-0.5000000000862905,-0.5200000002194903,-0.4800000000249135
6.928492849284928,-0.5000000000857849,-0.5200000002182592,-0.48000000002475984
6.929592959295929,-0.5000000000852822,-0.5200000002170349,-0.4800000000246071
6.930693069306931,-0.5000000000847825,-0.5200000002158175,-0.4800000000244553
6.931793179317931,-0.5000000000842858,-0.5200000002146069,-0.48000000002430443
6.932893289328932,-0.500000000083792,-0.5200000002134031,-0.48000000002415455
6.933993399339934,-0.500000000083301,-0.520000000212206,-0.48000000002400556
6.935093509350935,-0.5000000000828129,-0.5200000002110158,-0.48000000002385745
6.936193619361935,-0.5000000000823277,-0.5200000002098321,-0.48000000002371035
6.937293729372937,-0.5000000000818453,-0.5200000002086551,-0.480000000023564
6.938393839383938,-0.5000000000813658,-0.5200000002074847,-0.4800000000234187
6.939493949394939,-0.500000000080889,-0.5200000002063209,-0.48000000002327425
6.9405940594059405,-0.500000000080415,-0.5200000002051636,-0.4800000000231307
6.941694169416941,-0.5000000000799438,-0.5200000002040127,-0.4800000000229879
6.942794279427942,-0.5000000000794754,-0.5200000002028684,-0.48000000002284615
6.9438943894389435,-0.5000000000790098,-0.5200000002017304,-0.48000000002270526
6.944994499449945,-0.5000000000785468,-0.5200000002005989,-0.48000000002256515
6.946094609460945,-0.5000000000780866,-0.5200000001994737,-0.48000000002242604
6.9471947194719466,-0.5000000000776291,-0.5200000001983548,-0.4800000000222877
6.948294829482948,-0.5000000000771743,-0.5200000001972421,-0.48000000002215015
6.949394939493949,-0.5000000000767221,-0.5200000001961358,-0.4800000000220135
6.9504950495049505,-0.5000000000762725,-0.5200000001950356,-0.4800000000218777
6.951595159515951,-0.5000000000758256,-0.5200000001939415,-0.4800000000217428
6.952695269526952,-0.5000000000753814,-0.5200000001928536,-0.4800000000216087
6.9537953795379535,-0.5000000000749396,-0.520000000191772,-0.48000000002147536
6.954895489548955,-0.5000000000745006,-0.5200000001906961,-0.4800000000213429
6.955995599559955,-0.5000000000740641,-0.5200000001896266,-0.48000000002121124
6.9570957095709565,-0.5000000000736301,-0.5200000001885628,-0.48000000002108034
6.958195819581958,-0.5000000000731987,-0.5200000001875051,-0.48000000002095033
6.959295929592959,-0.5000000000727698,-0.5200000001864534,-0.4800000000208211
6.96039603960396,-0.5000000000723435,-0.5200000001854075,-0.48000000002069265
6.961496149614961,-0.5000000000719196,-0.5200000001843675,-0.4800000000205651
6.962596259625962,-0.5000000000714981,-0.5200000001833334,-0.4800000000204382
6.963696369636963,-0.5000000000710791,-0.520000000182305,-0.48000000002031207
6.964796479647965,-0.5000000000706627,-0.5200000001812823,-0.48000000002018683
6.965896589658965,-0.5000000000702487,-0.5200000001802655,-0.48000000002006227
6.966996699669966,-0.5000000000698371,-0.5200000001792544,-0.4800000000199385
6.968096809680968,-0.5000000000694279,-0.5200000001782489,-0.4800000000198156
6.969196919691969,-0.5000000000690211,-0.520000000177249,-0.48000000001969334
6.97029702970297,-0.5000000000686167,-0.5200000001762548,-0.48000000001957177
6.971397139713971,-0.5000000000682147,-0.5200000001752662,-0.4800000000194511
6.972497249724972,-0.500000000067815,-0.520000000174283,-0.4800000000193311
6.973597359735973,-0.5000000000674176,-0.5200000001733054,-0.48000000001921184
6.974697469746975,-0.5000000000670226,-0.5200000001723333,-0.4800000000190934
6.975797579757975,-0.5000000000666299,-0.5200000001713666,-0.4800000000189756
6.976897689768976,-0.5000000000662395,-0.5200000001704054,-0.48000000001885856
6.977997799779978,-0.5000000000658513,-0.5200000001694496,-0.4800000000187422
6.979097909790979,-0.5000000000654655,-0.520000000168499,-0.4800000000186265
6.98019801980198,-0.5000000000650819,-0.5200000001675539,-0.48000000001851173
6.981298129812981,-0.5000000000647006,-0.5200000001666141,-0.4800000000183975
6.982398239823982,-0.5000000000643215,-0.5200000001656795,-0.480000000018284
6.983498349834983,-0.5000000000639446,-0.5200000001647501,-0.4800000000181712
6.9845984598459845,-0.5000000000635699,-0.520000000163826,-0.4800000000180591
6.985698569856985,-0.5000000000631976,-0.520000000162907,-0.48000000001794774
6.986798679867986,-0.5000000000628272,-0.5200000001619932,-0.48000000001783705
6.9878987898789875,-0.5000000000624591,-0.5200000001610846,-0.480000000017727
6.988998899889989,-0.5000000000620931,-0.520000000160181,-0.48000000001761767
6.99009900990099,-0.5000000000617293,-0.5200000001592825,-0.480000000017509
6.9911991199119905,-0.5000000000613676,-0.5200000001583891,-0.48000000001740095
6.992299229922992,-0.5000000000610081,-0.5200000001575006,-0.4800000000172936
6.993399339933993,-0.5000000000606506,-0.5200000001566172,-0.4800000000171869
6.994499449944994,-0.5000000000602952,-0.5200000001557387,-0.4800000000170809
6.995599559955995,-0.5000000000599419,-0.520000000154865,-0.4800000000169755
6.996699669966996,-0.5000000000595908,-0.5200000001539964,-0.4800000000168708
6.997799779977997,-0.5000000000592416,-0.5200000001531325,-0.4800000000167668
6.998899889988999,-0.5000000000588944,-0.5200000001522735,-0.4800000000166633
7.0,-0.5000000000585494,-0.5200000001514195,-0.4800000000165605
7.001100110011,-0.5000000000582063,-0.5200000001505701,-0.4800000000164584
7.002200220022003,-0.5000000000578653,-0.5200000001497255,-0.4800000000163569
7.003300330033003,-0.5000000000575262,-0.5200000001488857,-0.480000000016256
7.004400440044003,-0.5000000000571891,-0.5200000001480505,-0.4800000000161557
7.005500550055006,-0.5000000000568541,-0.52000000014722,-0.480000000016056
7.006600660066006,-0.500000000056521,-0.5200000001463942,-0.480000000015957
7.007700770077006,-0.5000000000561898,-0.5200000001455731,-0.4800000000158585
7.008800880088009,-0.5000000000558605,-0.5200000001447566,-0.4800000000157607
7.009900990099009,-0.5000000000555332,-0.5200000001439445,-0.48000000001566345
7.011001100110011,-0.5000000000552078,-0.5200000001431371,-0.48000000001556686
7.012101210121012,-0.5000000000548844,-0.5200000001423343,-0.48000000001547083
7.013201320132012,-0.5000000000545628,-0.5200000001415358,-0.48000000001537546
7.014301430143014,-0.500000000054243,-0.5200000001407419,-0.48000000001528054
7.015401540154015,-0.5000000000539253,-0.5200000001399525,-0.4800000000151863
7.016501650165017,-0.5000000000536093,-0.5200000001391675,-0.4800000000150927
7.017601760176017,-0.5000000000532953,-0.5200000001383868,-0.48000000001499954
7.018701870187018,-0.500000000052983,-0.5200000001376105,-0.48000000001490706
7.01980198019802,-0.5000000000526725,-0.5200000001368387,-0.480000000014815
7.02090209020902,-0.5000000000523639,-0.5200000001360711,-0.48000000001472365
7.022002200220022,-0.500000000052057,-0.5200000001353078,-0.48000000001463283
7.023102310231023,-0.500000000051752,-0.5200000001345488,-0.48000000001454257
7.024202420242023,-0.5000000000514488,-0.5200000001337941,-0.48000000001445287
7.025302530253025,-0.5000000000511473,-0.5200000001330436,-0.4800000000143637
7.026402640264026,-0.5000000000508477,-0.5200000001322974,-0.4800000000142751
7.027502750275026,-0.5000000000505498,-0.5200000001315552,-0.4800000000141871
7.028602860286028,-0.5000000000502536,-0.5200000001308174,-0.4800000000140995
7.029702970297029,-0.5000000000499591,-0.5200000001300835,-0.48000000001401255
7.030803080308031,-0.5000000000496664,-0.5200000001293539,-0.4800000000139262
7.031903190319031,-0.5000000000493754,-0.5200000001286282,-0.48000000001384024
7.033003300330032,-0.5000000000490861,-0.5200000001279068,-0.48000000001375487
7.034103410341034,-0.5000000000487985,-0.5200000001271893,-0.48000000001367005
7.0352035203520344,-0.5000000000485125,-0.5200000001264758,-0.48000000001358567
7.036303630363037,-0.5000000000482283,-0.5200000001257664,-0.48000000001350185
7.037403740374037,-0.5000000000479458,-0.520000000125061,-0.4800000000134186
7.0385038503850375,-0.5000000000476648,-0.5200000001243595,-0.48000000001333576
7.03960396039604,-0.5000000000473855,-0.5200000001236619,-0.4800000000132535
7.04070407040704,-0.5000000000471079,-0.5200000001229683,-0.4800000000131718
7.041804180418042,-0.5000000000468319,-0.5200000001222785,-0.4800000000130905
7.042904290429043,-0.5000000000465574,-0.5200000001215926,-0.4800000000130098
7.044004400440043,-0.5000000000462846,-0.5200000001209105,-0.48000000001292953
7.045104510451045,-0.5000000000460134,-0.5200000001202324,-0.4800000000128498
7.046204620462046,-0.5000000000457439,-0.5200000001195579,-0.48000000001277054
7.047304730473046,-0.5000000000454758,-0.5200000001188874,-0.4800000000126917
7.048404840484048,-0.5000000000452094,-0.5200000001182205,-0.48000000001261345
7.049504950495049,-0.5000000000449445,-0.5200000001175573,-0.4800000000125356
7.050605060506051,-0.5000000000446811,-0.5200000001168978,-0.48000000001245835
7.051705170517051,-0.5000000000444194,-0.5200000001162421,-0.4800000000123814
7.052805280528052,-0.5000000000441591,-0.5200000001155901,-0.48000000001230503
7.053905390539054,-0.5000000000439003,-0.5200000001149417,-0.4800000000122292
7.055005500550054,-0.5000000000436431,-0.520000000114297,-0.4800000000121537
7.0561056105610565,-0.5000000000433874,-0.5200000001136559,-0.48000000001207876
7.057205720572057,-0.5000000000431332,-0.5200000001130184,-0.48000000001200427
7.058305830583057,-0.5000000000428805,-0.5200000001123845,-0.4800000000119302
7.0594059405940595,-0.5000000000426292,-0.5200000001117541,-0.4800000000118566
7.06050605060506,-0.5000000000423794,-0.5200000001111271,-0.48000000001178345
7.061606160616062,-0.5000000000421311,-0.5200000001105038,-0.48000000001171084
7.0627062706270625,-0.5000000000418843,-0.520000000109884,-0.48000000001163856
7.063806380638063,-0.5000000000416388,-0.5200000001092676,-0.48000000001156673
7.064906490649065,-0.5000000000413949,-0.5200000001086547,-0.48000000001149545
7.0660066006600655,-0.5000000000411523,-0.5200000001080453,-0.4800000000114245
7.067106710671066,-0.5000000000409112,-0.5200000001074392,-0.480000000011354
7.068206820682068,-0.5000000000406715,-0.5200000001068366,-0.48000000001128396
7.0693069306930685,-0.5000000000404332,-0.5200000001062373,-0.48000000001121435
7.070407040704071,-0.5000000000401963,-0.5200000001056413,-0.4800000000111452
7.071507150715071,-0.5000000000399607,-0.5200000001050488,-0.48000000001107646
7.0726072607260715,-0.5000000000397267,-0.5200000001044595,-0.4800000000110082
7.073707370737074,-0.5000000000394939,-0.5200000001038736,-0.48000000001094023
7.074807480748074,-0.5000000000392625,-0.520000000103291,-0.48000000001087273
7.075907590759076,-0.5000000000390323,-0.5200000001027115,-0.48000000001080567
7.077007700770077,-0.5000000000388037,-0.5200000001021354,-0.48000000001073906
7.078107810781077,-0.5000000000385764,-0.5200000001015624,-0.4800000000106728
7.079207920792079,-0.5000000000383503,-0.5200000001009928,-0.48000000001060694
7.08030803080308,-0.5000000000381256,-0.5200000001004262,-0.48000000001054144
7.08140814081408,-0.5000000000379022,-0.5200000000998629,-0.4800000000104765
7.082508250825082,-0.5000000000376801,-0.5200000000993028,-0.4800000000104119
7.083608360836083,-0.5000000000374594,-0.5200000000987458,-0.4800000000103476
7.084708470847085,-0.5000000000372399,-0.5200000000981919,-0.48000000001028376
7.085808580858085,-0.5000000000370217,-0.5200000000976411,-0.48000000001022036
7.086908690869086,-0.5000000000368048,-0.5200000000970935,-0.4800000000101573
7.088008800880088,-0.5000000000365891,-0.5200000000965488,-0.4800000000100947
7.089108910891088,-0.5000000000363747,-0.5200000000960072,-0.4800000000100324
7.0902090209020905,-0.5000000000361616,-0.5200000000954687,-0.48000000000997045
7.091309130913091,-0.5000000000359497,-0.5200000000949332,-0.48000000000990894
7.092409240924091,-0.5000000000357391,-0.5200000000944006,-0.4800000000098479
7.0935093509350935,-0.5000000000355297,-0.5200000000938712,-0.48000000000978715
7.094609460946094,-0.5000000000353215,-0.5200000000933446,-0.48000000000972676
7.095709570957096,-0.5000000000351146,-0.520000000092821,-0.4800000000096667
7.0968096809680965,-0.5000000000349087,-0.5200000000923004,-0.4800000000096071
7.097909790979097,-0.5000000000347042,-0.5200000000917826,-0.4800000000095479
7.099009900990099,-0.5000000000345008,-0.5200000000912678,-0.48000000000948895
7.1001100110010995,-0.5000000000342988,-0.5200000000907559,-0.48000000000943044
7.1012101210121,-0.5000000000340978,-0.5200000000902467,-0.48000000000937226
7.102310231023102,-0.500000000033898,-0.5200000000897406,-0.4800000000093144
7.1034103410341025,-0.5000000000336994,-0.5200000000892372,-0.480000000009257
7.104510451045105,-0.5000000000335019,-0.5200000000887366,-0.48000000000919985
7.105610561056105,-0.5000000000333056,-0.5200000000882389,-0.4800000000091431
7.1067106710671055,-0.5000000000331105,-0.5200000000877439,-0.4800000000090867
7.107810781078108,-0.5000000000329164,-0.5200000000872518,-0.48000000000903065
7.108910891089108,-0.5000000000327236,-0.5200000000867623,-0.4800000000089749
7.11001100110011,-0.5000000000325319,-0.5200000000862757,-0.4800000000089196
7.111111111111111,-0.5000000000323412,-0.5200000000857917,-0.48000000000886456
7.112211221122111,-0.5000000000321517,-0.5200000000853104,-0.48000000000880994
7.113311331133113,-0.5000000000319633,-0.5200000000848319,-0.48000000000875553
7.114411441144114,-0.5000000000317761,-0.5200000000843561,-0.4800000000087016
7.115511551155116,-0.50000000003159,-0.5200000000838829,-0.48000000000864784
7.116611661166116,-0.5000000000314049,-0.5200000000834124,-0.48000000000859455
7.117711771177117,-0.5000000000312208,-0.5200000000829444,-0.4800000000085415
7.118811881188119,-0.5000000000310378,-0.5200000000824793,-0.48000000000848886
7.119911991199119,-0.500000000030856,-0.5200000000820166,-0.48000000000843646
7.12101210121012,-0.5000000000306752,-0.5200000000815566,-0.4800000000083844
7.122112211221122,-0.5000000000304955,-0.520000000081099,-0.48000000000833265
7.123212321232122,-0.5000000000303169,-0.5200000000806442,-0.48000000000828125
7.1243124312431245,-0.5000000000301392,-0.5200000000801918,-0.4800000000082302
7.125412541254125,-0.5000000000299626,-0.520000000079742,-0.48000000000817944
7.126512651265125,-0.5000000000297871,-0.5200000000792947,-0.4800000000081289
7.1276127612761275,-0.5000000000296125,-0.5200000000788499,-0.48000000000807885
7.128712871287128,-0.500000000029439,-0.5200000000784076,-0.480000000008029
7.12981298129813,-0.5000000000292665,-0.5200000000779678,-0.4800000000079795
7.1309130913091305,-0.5000000000290951,-0.5200000000775304,-0.4800000000079302
7.132013201320131,-0.5000000000289245,-0.5200000000770956,-0.48000000000788134
7.133113311331133,-0.5000000000287551,-0.5200000000766631,-0.4800000000078327
7.1342134213421335,-0.5000000000285866,-0.5200000000762331,-0.4800000000077844
7.135313531353136,-0.500000000028419,-0.5200000000758055,-0.48000000000773635
7.136413641364136,-0.5000000000282525,-0.5200000000753803,-0.4800000000076886
7.1375137513751366,-0.5000000000280871,-0.5200000000749574,-0.4800000000076412
7.138613861386139,-0.5000000000279224,-0.520000000074537,-0.48000000000759413
7.139713971397139,-0.5000000000277589,-0.5200000000741188,-0.4800000000075473
7.14081408140814,-0.5000000000275961,-0.5200000000737032,-0.48000000000750065
7.141914191419142,-0.5000000000274345,-0.5200000000732897,-0.48000000000745446
7.143014301430142,-0.5000000000272737,-0.5200000000728786,-0.4800000000074084
7.144114411441144,-0.500000000027114,-0.5200000000724698,-0.48000000000736276
7.145214521452145,-0.5000000000269551,-0.5200000000720633,-0.48000000000731735
7.146314631463145,-0.5000000000267971,-0.5200000000716591,-0.48000000000727217
7.147414741474147,-0.5000000000266401,-0.5200000000712571,-0.4800000000072273
7.148514851485148,-0.500000000026484,-0.5200000000708574,-0.4800000000071828
7.14961496149615,-0.5000000000263288,-0.52000000007046,-0.4800000000071384
7.15071507150715,-0.5000000000261746,-0.5200000000700647,-0.4800000000070944
7.151815181518151,-0.5000000000260212,-0.5200000000696717,-0.4800000000070507
7.152915291529153,-0.5000000000258688,-0.5200000000692809,-0.48000000000700715
7.154015401540153,-0.5000000000257172,-0.5200000000688924,-0.48000000000696397
7.1551155115511555,-0.5000000000255665,-0.5200000000685059,-0.480000000006921
7.156215621562156,-0.5000000000254168,-0.5200000000681216,-0.48000000000687826
7.157315731573156,-0.5000000000252678,-0.5200000000677395,-0.48000000000683585
7.158415841584159,-0.5000000000251197,-0.5200000000673595,-0.48000000000679366
7.159515951595159,-0.5000000000249726,-0.5200000000669817,-0.4800000000067518
7.160616061606159,-0.5000000000248263,-0.520000000066606,-0.48000000000671006
7.161716171617162,-0.5000000000246808,-0.5200000000662324,-0.48000000000666876
7.162816281628162,-0.5000000000245362,-0.5200000000658609,-0.48000000000662757
7.163916391639164,-0.5000000000243924,-0.5200000000654914,-0.4800000000065867
7.165016501650165,-0.5000000000242495,-0.520000000065124,-0.4800000000065461
7.166116611661165,-0.5000000000241074,-0.5200000000647588,-0.48000000000650567
7.167216721672167,-0.5000000000239662,-0.5200000000643955,-0.4800000000064656
7.168316831683168,-0.5000000000238257,-0.5200000000640342,-0.4800000000064256
7.16941694169417,-0.5000000000236862,-0.5200000000636751,-0.480000000006386
7.17051705170517,-0.5000000000235474,-0.5200000000633179,-0.4800000000063467
7.171617161716171,-0.5000000000234094,-0.5200000000629628,-0.4800000000063075
7.172717271727173,-0.5000000000232722,-0.5200000000626096,-0.48000000000626863
7.173817381738173,-0.5000000000231358,-0.5200000000622584,-0.4800000000062299
7.174917491749174,-0.5000000000230003,-0.5200000000619092,-0.4800000000061915
7.176017601760176,-0.5000000000228655,-0.5200000000615619,-0.4800000000061533
7.177117711771176,-0.5000000000227316,-0.5200000000612166,-0.4800000000061153
7.178217821782178,-0.5000000000225984,-0.5200000000608732,-0.48000000000607757
7.179317931793179,-0.5000000000224659,-0.5200000000605317,-0.48000000000604015
7.180418041804179,-0.5000000000223344,-0.5200000000601922,-0.48000000000600285
7.181518151815181,-0.5000000000222035,-0.5200000000598546,-0.4800000000059659
7.182618261826182,-0.5000000000220733,-0.5200000000595189,-0.480000000005929
7.183718371837184,-0.500000000021944,-0.520000000059185,-0.4800000000058925
7.184818481848184,-0.5000000000218154,-0.5200000000588529,-0.4800000000058561
7.185918591859185,-0.5000000000216877,-0.5200000000585229,-0.48000000000582
7.187018701870187,-0.5000000000215605,-0.5200000000581946,-0.48000000000578413
7.188118811881187,-0.5000000000214342,-0.5200000000578682,-0.4800000000057484
7.18921892189219,-0.5000000000213086,-0.5200000000575435,-0.48000000000571297
7.19031903190319,-0.5000000000211837,-0.5200000000572208,-0.48000000000567766
7.19141914191419,-0.5000000000210596,-0.5200000000568998,-0.4800000000056427
7.192519251925193,-0.5000000000209363,-0.5200000000565806,-0.48000000000560783
7.193619361936193,-0.5000000000208136,-0.5200000000562632,-0.4800000000055733
7.194719471947193,-0.5000000000206917,-0.5200000000559477,-0.4800000000055389
7.195819581958196,-0.5000000000205704,-0.5200000000556338,-0.4800000000055047
7.196919691969196,-0.5000000000204499,-0.5200000000553218,-0.48000000000547083
7.198019801980198,-0.5000000000203301,-0.5200000000550115,-0.4800000000054371
7.199119911991199,-0.5000000000202109,-0.5200000000547029,-0.48000000000540344
7.200220022002199,-0.5000000000200925,-0.5200000000543961,-0.48000000000537013
7.201320132013201,-0.5000000000199748,-0.520000000054091,-0.48000000000533705
7.202420242024202,-0.5000000000198578,-0.5200000000537875,-0.4800000000053041
7.203520352035204,-0.5000000000197414,-0.5200000000534858,-0.48000000000527143
7.204620462046204,-0.5000000000196257,-0.5200000000531858,-0.4800000000052389
7.205720572057205,-0.5000000000195107,-0.5200000000528875,-0.4800000000052066
7.206820682068207,-0.5000000000193964,-0.5200000000525908,-0.4800000000051744
7.207920792079207,-0.5000000000192828,-0.5200000000522959,-0.48000000000514254
7.209020902090209,-0.5000000000191698,-0.5200000000520024,-0.4800000000051108
7.21012101210121,-0.5000000000190574,-0.5200000000517108,-0.48000000000507925
7.21122112211221,-0.5000000000189458,-0.5200000000514207,-0.48000000000504794
7.212321232123212,-0.5000000000188348,-0.5200000000511322,-0.48000000000501686
7.213421342134213,-0.5000000000187245,-0.5200000000508455,-0.4800000000049859
7.214521452145213,-0.5000000000186147,-0.5200000000505602,-0.48000000000495513
7.215621562156215,-0.5000000000185056,-0.5200000000502767,-0.4800000000049245
7.216721672167216,-0.5000000000183973,-0.5200000000499946,-0.4800000000048942
7.217821782178218,-0.5000000000182894,-0.5200000000497141,-0.480000000004864
7.218921892189218,-0.5000000000181822,-0.5200000000494354,-0.480000000004834
7.220022002200219,-0.5000000000180758,-0.520000000049158,-0.48000000000480414
7.221122112211221,-0.5000000000179698,-0.5200000000488822,-0.4800000000047745
7.222222222222221,-0.5000000000178645,-0.5200000000486081,-0.4800000000047451
7.223322332233224,-0.5000000000177599,-0.5200000000483355,-0.48000000000471577
7.224422442244224,-0.5000000000176558,-0.5200000000480643,-0.4800000000046867
7.225522552255224,-0.5000000000175524,-0.5200000000477947,-0.4800000000046578
7.226622662266227,-0.5000000000174495,-0.5200000000475267,-0.48000000000462906
7.227722772277227,-0.5000000000173472,-0.52000000004726,-0.4800000000046005
7.228822882288229,-0.5000000000172456,-0.520000000046995,-0.4800000000045721
7.22992299229923,-0.5000000000171446,-0.5200000000467313,-0.4800000000045439
7.23102310231023,-0.5000000000170441,-0.5200000000464692,-0.4800000000045159
7.232123212321232,-0.5000000000169442,-0.5200000000462085,-0.48000000000448806
7.233223322332233,-0.500000000016845,-0.5200000000459494,-0.4800000000044603
7.234323432343233,-0.5000000000167463,-0.5200000000456916,-0.4800000000044329
7.235423542354235,-0.5000000000166481,-0.5200000000454353,-0.48000000000440546
7.236523652365236,-0.5000000000165506,-0.5200000000451804,-0.48000000000437837
7.237623762376238,-0.5000000000164536,-0.520000000044927,-0.4800000000043513
7.238723872387238,-0.5000000000163572,-0.520000000044675,-0.4800000000043244
7.239823982398239,-0.5000000000162614,-0.5200000000444244,-0.48000000000429777
7.240924092409241,-0.5000000000161661,-0.5200000000441752,-0.48000000000427123
7.242024202420241,-0.5000000000160714,-0.5200000000439274,-0.4800000000042449
7.243124312431243,-0.5000000000159772,-0.5200000000436811,-0.4800000000042187
7.244224422442244,-0.5000000000158836,-0.520000000043436,-0.48000000000419274
7.245324532453244,-0.5000000000157905,-0.5200000000431924,-0.48000000000416687
7.2464246424642464,-0.500000000015698,-0.5200000000429501,-0.4800000000041411
7.247524752475247,-0.5000000000156061,-0.5200000000427092,-0.4800000000041156
7.248624862486249,-0.5000000000155146,-0.5200000000424696,-0.48000000000409027
7.2497249724972495,-0.5000000000154237,-0.5200000000422313,-0.48000000000406495
7.25082508250825,-0.5000000000153333,-0.5200000000419945,-0.48000000000403986
7.251925192519252,-0.5000000000152435,-0.520000000041759,-0.480000000004015
7.2530253025302525,-0.5000000000151541,-0.5200000000415247,-0.48000000000399023
7.254125412541253,-0.5000000000150654,-0.5200000000412918,-0.4800000000039656
7.255225522552255,-0.5000000000149771,-0.5200000000410602,-0.48000000000394116
7.2563256325632555,-0.5000000000148893,-0.5200000000408299,-0.48000000000391685
7.257425742574258,-0.5000000000148022,-0.5200000000406009,-0.48000000000389265
7.258525852585258,-0.5000000000147153,-0.5200000000403731,-0.48000000000386867
7.2596259625962585,-0.5000000000146292,-0.5200000000401466,-0.4800000000038448
7.260726072607261,-0.5000000000145435,-0.5200000000399214,-0.48000000000382104
7.261826182618261,-0.5000000000144582,-0.5200000000396975,-0.4800000000037975
7.262926292629263,-0.5000000000143735,-0.5200000000394748,-0.4800000000037741
7.264026402640264,-0.5000000000142892,-0.5200000000392534,-0.48000000000375076
7.265126512651264,-0.5000000000142055,-0.5200000000390332,-0.48000000000372767
7.266226622662266,-0.5000000000141224,-0.5200000000388143,-0.4800000000037047
7.267326732673267,-0.5000000000140395,-0.5200000000385966,-0.4800000000036818
7.268426842684269,-0.5000000000139573,-0.5200000000383801,-0.48000000000365906
7.269526952695269,-0.5000000000138756,-0.5200000000381648,-0.4800000000036365
7.27062706270627,-0.5000000000137943,-0.5200000000379507,-0.4800000000036141
7.271727172717272,-0.5000000000137135,-0.5200000000377378,-0.4800000000035918
7.272827282728272,-0.5000000000136331,-0.5200000000375261,-0.4800000000035697
7.273927392739273,-0.5000000000135532,-0.5200000000373156,-0.4800000000035476
7.275027502750275,-0.5000000000134738,-0.5200000000371063,-0.4800000000035257
7.276127612761275,-0.5000000000133948,-0.5200000000368982,-0.48000000000350396
7.2772277227722775,-0.5000000000133163,-0.5200000000366912,-0.4800000000034824
7.278327832783278,-0.5000000000132383,-0.5200000000364854,-0.4800000000034609
7.279427942794278,-0.5000000000131608,-0.5200000000362808,-0.48000000000343956
7.2805280528052805,-0.5000000000130836,-0.5200000000360773,-0.48000000000341836
7.281628162816281,-0.5000000000130069,-0.5200000000358749,-0.48000000000339726
7.282728272827283,-0.5000000000129308,-0.5200000000356736,-0.4800000000033763
7.2838283828382835,-0.500000000012855,-0.5200000000354735,-0.4800000000033554
7.284928492849284,-0.5000000000127797,-0.5200000000352746,-0.48000000000333476
7.286028602860286,-0.5000000000127048,-0.5200000000350767,-0.4800000000033142
7.2871287128712865,-0.5000000000126303,-0.5200000000348799,-0.4800000000032938
7.288228822882287,-0.5000000000125564,-0.5200000000346843,-0.4800000000032735
7.289328932893289,-0.5000000000124828,-0.5200000000344898,-0.48000000000325327
7.2904290429042895,-0.5000000000124096,-0.5200000000342963,-0.4800000000032332
7.291529152915292,-0.5000000000123369,-0.5200000000341038,-0.4800000000032132
7.292629262926292,-0.5000000000122646,-0.5200000000339126,-0.4800000000031934
7.2937293729372925,-0.5000000000121928,-0.5200000000337224,-0.48000000000317367
7.294829482948295,-0.5000000000121213,-0.5200000000335332,-0.4800000000031541
7.295929592959295,-0.5000000000120504,-0.5200000000333451,-0.4800000000031347
7.297029702970297,-0.5000000000119798,-0.520000000033158,-0.4800000000031154
7.298129812981298,-0.5000000000119096,-0.5200000000329721,-0.48000000000309617
7.299229922992298,-0.5000000000118398,-0.5200000000327871,-0.4800000000030771
7.3003300330033,-0.5000000000117704,-0.5200000000326033,-0.4800000000030581
7.301430143014301,-0.5000000000117014,-0.5200000000324203,-0.4800000000030392
7.302530253025303,-0.5000000000116328,-0.5200000000322385,-0.48000000000302045
7.303630363036303,-0.5000000000115646,-0.5200000000320577,-0.4800000000030018
7.304730473047304,-0.5000000000114969,-0.5200000000318779,-0.48000000000298326
7.305830583058306,-0.5000000000114295,-0.520000000031699,-0.48000000000296483
7.306930693069306,-0.5000000000113626,-0.5200000000315212,-0.4800000000029466
7.308030803080307,-0.5000000000112961,-0.5200000000313444,-0.4800000000029284
7.309130913091309,-0.5000000000112298,-0.5200000000311686,-0.4800000000029103
7.310231023102309,-0.5000000000111641,-0.5200000000309938,-0.48000000000289245
7.3113311331133115,-0.5000000000110987,-0.5200000000308199,-0.48000000000287457
7.312431243124312,-0.5000000000110336,-0.5200000000306471,-0.4800000000028568
7.313531353135312,-0.5000000000109689,-0.5200000000304751,-0.48000000000283916
7.3146314631463145,-0.5000000000109046,-0.5200000000303041,-0.4800000000028217
7.315731573157315,-0.5000000000108408,-0.5200000000301341,-0.4800000000028043
7.316831683168317,-0.5000000000107773,-0.5200000000299652,-0.480000000002787
7.3179317931793175,-0.5000000000107141,-0.5200000000297971,-0.48000000000276977
7.319031903190318,-0.5000000000106514,-0.52000000002963,-0.48000000000275267
7.32013201320132,-0.5000000000105889,-0.5200000000294637,-0.4800000000027357
7.3212321232123205,-0.5000000000105269,-0.5200000000292985,-0.4800000000027188
7.322332233223323,-0.5000000000104652,-0.5200000000291342,-0.48000000000270204
7.323432343234323,-0.5000000000104039,-0.5200000000289707,-0.4800000000026854
7.3245324532453235,-0.500000000010343,-0.5200000000288082,-0.48000000000266885
7.325632563256326,-0.5000000000102823,-0.5200000000286465,-0.4800000000026524
7.326732673267326,-0.500000000010222,-0.5200000000284859,-0.480000000002636
7.3278327832783265,-0.5000000000101622,-0.5200000000283261,-0.4800000000026198
7.328932893289329,-0.5000000000101026,-0.5200000000281673,-0.48000000000260357
7.330033003300329,-0.5000000000100434,-0.5200000000280093,-0.4800000000025876
7.331133113311331,-0.5000000000099846,-0.5200000000278521,-0.4800000000025716
7.332233223322332,-0.5000000000099261,-0.5200000000276959,-0.4800000000025557
7.333333333333332,-0.5000000000098679,-0.5200000000275405,-0.48000000000253995
7.334433443344334,-0.5000000000098102,-0.5200000000273861,-0.4800000000025243
7.335533553355335,-0.5000000000097526,-0.5200000000272325,-0.48000000000250875
7.336633663366337,-0.5000000000096955,-0.5200000000270797,-0.4800000000024932
7.337733773377337,-0.5000000000096387,-0.5200000000269278,-0.4800000000024779
7.338833883388338,-0.5000000000095822,-0.5200000000267767,-0.48000000000246257
7.33993399339934,-0.500000000009526,-0.5200000000266265,-0.48000000000244736
7.34103410341034,-0.5000000000094702,-0.5200000000264772,-0.48000000000243226
7.3421342134213425,-0.5000000000094148,-0.5200000000263286,-0.48000000000241727
7.343234323432343,-0.5000000000093596,-0.520000000026181,-0.4800000000024024
7.344334433443343,-0.5000000000093048,-0.5200000000260341,-0.4800000000023875
7.3454345434543455,-0.5000000000092503,-0.5200000000258881,-0.48000000000237286
7.346534653465346,-0.500000000009196,-0.5200000000257429,-0.4800000000023582
7.347634763476346,-0.5000000000091421,-0.5200000000255984,-0.48000000000234366
7.3487348734873486,-0.5000000000090886,-0.5200000000254549,-0.48000000000232923
7.349834983498349,-0.5000000000090353,-0.5200000000253121,-0.4800000000023148
7.350935093509351,-0.5000000000089824,-0.5200000000251701,-0.4800000000023005
7.352035203520352,-0.5000000000089297,-0.5200000000250289,-0.4800000000022864
7.353135313531352,-0.5000000000088775,-0.5200000000248886,-0.4800000000022723
7.354235423542354,-0.5000000000088254,-0.5200000000247489,-0.4800000000022582
7.355335533553355,-0.5000000000087738,-0.5200000000246101,-0.4800000000022443
7.356435643564357,-0.5000000000087224,-0.5200000000244721,-0.4800000000022304
7.357535753575357,-0.5000000000086712,-0.5200000000243348,-0.48000000000221665
7.358635863586358,-0.5000000000086204,-0.5200000000241983,-0.480000000002203
7.35973597359736,-0.5000000000085699,-0.5200000000240625,-0.48000000000218945
7.36083608360836,-0.5000000000085196,-0.5200000000239275,-0.4800000000021759
7.361936193619362,-0.5000000000084698,-0.5200000000237934,-0.4800000000021625
7.363036303630363,-0.5000000000084202,-0.5200000000236599,-0.48000000000214915
7.364136413641363,-0.5000000000083707,-0.5200000000235272,-0.48000000000213594
7.365236523652365,-0.5000000000083218,-0.5200000000233952,-0.48000000000212273
7.366336633663366,-0.5000000000082729,-0.520000000023264,-0.48000000000210963
7.367436743674366,-0.5000000000082245,-0.5200000000231335,-0.48000000000209664
7.368536853685368,-0.5000000000081763,-0.5200000000230037,-0.48000000000208365
7.369636963696369,-0.5000000000081284,-0.5200000000228747,-0.48000000000207077
7.370737073707371,-0.5000000000080808,-0.5200000000227464,-0.480000000002058
7.371837183718371,-0.5000000000080335,-0.5200000000226188,-0.48000000000204535
7.372937293729372,-0.5000000000079864,-0.5200000000224919,-0.4800000000020327
7.374037403740374,-0.5000000000079395,-0.5200000000223658,-0.48000000000202014
7.375137513751374,-0.500000000007893,-0.5200000000222403,-0.4800000000020077
7.376237623762377,-0.5000000000078468,-0.5200000000221155,-0.4800000000019954
7.377337733773377,-0.5000000000078009,-0.5200000000219915,-0.48000000000198306
7.378437843784377,-0.5000000000077551,-0.5200000000218682,-0.48000000000197085
7.37953795379538,-0.5000000000077097,-0.5200000000217455,-0.48000000000195864
7.38063806380638,-0.5000000000076645,-0.5200000000216235,-0.48000000000194654
7.381738173817382,-0.5000000000076196,-0.5200000000215023,-0.48000000000193455
7.382838283828383,-0.5000000000075749,-0.5200000000213816,-0.48000000000192267
7.383938393839383,-0.5000000000075305,-0.5200000000212617,-0.4800000000019108
7.385038503850385,-0.5000000000074865,-0.5200000000211424,-0.480000000001899
7.386138613861386,-0.5000000000074426,-0.5200000000210239,-0.48000000000188725
7.387238723872386,-0.500000000007399,-0.5200000000209059,-0.4800000000018756
7.388338833883388,-0.5000000000073557,-0.5200000000207886,-0.48000000000186405
7.389438943894389,-0.5000000000073125,-0.520000000020672,-0.4800000000018526
7.390539053905391,-0.5000000000072697,-0.520000000020556,-0.4800000000018412
7.391639163916391,-0.5000000000072271,-0.5200000000204408,-0.48000000000182974
7.392739273927392,-0.5000000000071847,-0.5200000000203261,-0.4800000000018185
7.393839383938394,-0.5000000000071426,-0.5200000000202121,-0.4800000000018073
7.394939493949394,-0.5000000000071008,-0.5200000000200987,-0.4800000000017961
7.396039603960396,-0.5000000000070592,-0.520000000019986,-0.480000000001785
7.397139713971397,-0.5000000000070178,-0.5200000000198739,-0.480000000001774
7.398239823982397,-0.5000000000069768,-0.5200000000197624,-0.4800000000017631
7.399339933993399,-0.5000000000069358,-0.5200000000196515,-0.48000000000175225
7.4004400440044,-0.5000000000068952,-0.5200000000195413,-0.48000000000174137
7.4015401540154,-0.5000000000068547,-0.5200000000194317,-0.4800000000017307
7.402640264026402,-0.5000000000068147,-0.5200000000193227,-0.48000000000171994
7.403740374037403,-0.5000000000067747,-0.5200000000192143,-0.4800000000017094
7.404840484048405,-0.5000000000067351,-0.5200000000191065,-0.48000000000169885
7.405940594059405,-0.5000000000066955,-0.5200000000189994,-0.4800000000016883
7.407040704070406,-0.5000000000066563,-0.5200000000188928,-0.480000000001678
7.408140814081408,-0.5000000000066173,-0.5200000000187868,-0.48000000000166754
7.409240924092408,-0.5000000000065785,-0.5200000000186814,-0.4800000000016573
7.410341034103411,-0.50000000000654,-0.5200000000185766,-0.4800000000016471
7.411441144114411,-0.5000000000065017,-0.5200000000184725,-0.4800000000016369
7.412541254125411,-0.5000000000064636,-0.5200000000183688,-0.4800000000016268
7.413641364136414,-0.5000000000064257,-0.5200000000182657,-0.4800000000016168
7.414741474147414,-0.500000000006388,-0.5200000000181633,-0.4800000000016068
7.415841584158416,-0.5000000000063506,-0.5200000000180615,-0.4800000000015969
7.416941694169417,-0.5000000000063134,-0.5200000000179601,-0.48000000000158705
7.418041804180417,-0.5000000000062764,-0.5200000000178594,-0.4800000000015773
7.419141914191419,-0.5000000000062397,-0.5200000000177593,-0.4800000000015675
7.42024202420242,-0.500000000006203,-0.5200000000176596,-0.48000000000155785
7.42134213421342,-0.5000000000061667,-0.5200000000175605,-0.4800000000015482
7.422442244224422,-0.5000000000061307,-0.520000000017462,-0.48000000000153864
7.423542354235423,-0.5000000000060947,-0.5200000000173641,-0.4800000000015292
7.424642464246425,-0.5000000000060589,-0.5200000000172667,-0.48000000000151977
7.425742574257425,-0.5000000000060235,-0.5200000000171698,-0.48000000000151044
7.426842684268426,-0.5000000000059882,-0.5200000000170735,-0.4800000000015011
7.427942794279428,-0.5000000000059531,-0.5200000000169778,-0.4800000000014918
7.429042904290428,-0.5000000000059182,-0.5200000000168825,-0.4800000000014826
7.43014301430143,-0.5000000000058835,-0.5200000000167878,-0.48000000000147347
7.431243124312431,-0.5000000000058491,-0.5200000000166937,-0.48000000000146437
7.432343234323431,-0.5000000000058148,-0.5200000000166001,-0.4800000000014554
7.433443344334433,-0.5000000000057807,-0.5200000000165069,-0.4800000000014464
7.434543454345434,-0.5000000000057468,-0.5200000000164143,-0.4800000000014375
7.435643564356436,-0.5000000000057132,-0.5200000000163222,-0.4800000000014286
7.436743674367436,-0.5000000000056797,-0.5200000000162307,-0.48000000000141974
7.437843784378437,-0.5000000000056464,-0.5200000000161397,-0.48000000000141096
7.438943894389439,-0.5000000000056133,-0.5200000000160491,-0.4800000000014023
7.4400440044004394,-0.5000000000055804,-0.5200000000159591,-0.48000000000139365
7.44114411441144,-0.5000000000055478,-0.5200000000158695,-0.4800000000013851
7.442244224422442,-0.5000000000055153,-0.5200000000157805,-0.48000000000137655
7.4433443344334425,-0.500000000005483,-0.520000000015692,-0.480000000001368
7.444444444444445,-0.5000000000054508,-0.520000000015604,-0.48000000000135956
7.445544554455445,-0.5000000000054189,-0.5200000000155165,-0.48000000000135123
7.4466446644664455,-0.5000000000053871,-0.5200000000154295,-0.4800000000013429
7.447744774477448,-0.5000000000053555,-0.5200000000153429,-0.4800000000013346
7.448844884488448,-0.5000000000053242,-0.5200000000152568,-0.48000000000132637
7.44994499449945,-0.500000000005293,-0.5200000000151712,-0.48000000000131815
7.451045104510451,-0.500000000005262,-0.5200000000150862,-0.48000000000131005
7.452145214521451,-0.5000000000052311,-0.5200000000150016,-0.48000000000130194
7.453245324532453,-0.5000000000052005,-0.5200000000149174,-0.48000000000129395
7.454345434543454,-0.50000000000517,-0.5200000000148337,-0.48000000000128595
7.455445544554456,-0.5000000000051397,-0.5200000000147504,-0.48000000000127796
7.456545654565456,-0.5000000000051096,-0.5200000000146677,-0.4800000000012701
7.457645764576457,-0.5000000000050797,-0.5200000000145855,-0.4800000000012623
7.458745874587459,-0.50000000000505,-0.5200000000145036,-0.48000000000125453
7.459845984598459,-0.5000000000050203,-0.5200000000144224,-0.48000000000124676
7.46094609460946,-0.5000000000049909,-0.5200000000143414,-0.4800000000012391
7.462046204620462,-0.5000000000049617,-0.5200000000142609,-0.48000000000123144
7.463146314631462,-0.5000000000049326,-0.520000000014181,-0.4800000000012238
7.4642464246424645,-0.5000000000049036,-0.5200000000141014,-0.48000000000121623
7.465346534653465,-0.500000000004875,-0.5200000000140224,-0.4800000000012088
7.466446644664465,-0.5000000000048463,-0.5200000000139436,-0.48000000000120135
7.4675467546754675,-0.500000000004818,-0.5200000000138655,-0.4800000000011939
7.468646864686468,-0.5000000000047897,-0.5200000000137877,-0.4800000000011866
7.46974697469747,-0.5000000000047617,-0.5200000000137104,-0.48000000000117926
7.4708470847084705,-0.5000000000047338,-0.5200000000136334,-0.48000000000117193
7.471947194719471,-0.500000000004706,-0.520000000013557,-0.4800000000011647
7.473047304730473,-0.5000000000046785,-0.5200000000134809,-0.4800000000011575
7.4741474147414735,-0.5000000000046511,-0.5200000000134053,-0.4800000000011504
7.475247524752476,-0.5000000000046239,-0.5200000000133301,-0.4800000000011433
7.476347634763476,-0.5000000000045968,-0.5200000000132553,-0.4800000000011363
7.4774477447744765,-0.5000000000045698,-0.520000000013181,-0.4800000000011292
7.478547854785479,-0.500000000004543,-0.5200000000131071,-0.4800000000011223
7.479647964796479,-0.5000000000045164,-0.5200000000130336,-0.4800000000011153
7.4807480748074795,-0.50000000000449,-0.5200000000129604,-0.48000000000110843
7.481848184818482,-0.5000000000044637,-0.5200000000128877,-0.48000000000110166
7.482948294829482,-0.5000000000044375,-0.5200000000128154,-0.4800000000010949
7.484048404840484,-0.5000000000044115,-0.5200000000127436,-0.4800000000010881
7.485148514851485,-0.5000000000043856,-0.5200000000126721,-0.48000000000108134
7.486248624862485,-0.50000000000436,-0.5200000000126009,-0.4800000000010747
7.487348734873487,-0.5000000000043344,-0.5200000000125303,-0.480000000001068
7.488448844884488,-0.500000000004309,-0.52000000001246,-0.48000000000106147
7.48954895489549,-0.5000000000042837,-0.5200000000123901,-0.4800000000010549
7.49064906490649,-0.5000000000042586,-0.5200000000123206,-0.4800000000010485
7.491749174917491,-0.5000000000042337,-0.5200000000122516,-0.4800000000010419
7.492849284928493,-0.5000000000042089,-0.5200000000121828,-0.4800000000010355
7.493949394939493,-0.5000000000041842,-0.5200000000121144,-0.48000000000102916
7.495049504950494,-0.5000000000041597,-0.5200000000120465,-0.48000000000102283
7.496149614961496,-0.5000000000041354,-0.520000000011979,-0.4800000000010165
7.497249724972496,-0.5000000000041112,-0.5200000000119117,-0.4800000000010102
7.4983498349834985,-0.5000000000040871,-0.520000000011845,-0.48000000000100396
7.499449944994499,-0.5000000000040631,-0.5200000000117785,-0.48000000000099774
7.500550055005499,-0.5000000000040392,-0.5200000000117124,-0.48000000000099163
7.5016501650165015,-0.5000000000040156,-0.5200000000116467,-0.4800000000009855
7.502750275027502,-0.500000000003992,-0.5200000000115814,-0.4800000000009794
7.503850385038504,-0.5000000000039687,-0.5200000000115165,-0.4800000000009734
7.5049504950495045,-0.5000000000039454,-0.5200000000114519,-0.48000000000096743
7.506050605060505,-0.5000000000039223,-0.5200000000113876,-0.48000000000096144
7.507150715071507,-0.5000000000038993,-0.5200000000113237,-0.48000000000095544
7.5082508250825075,-0.5000000000038765,-0.5200000000112602,-0.48000000000094956
7.50935093509351,-0.5000000000038538,-0.5200000000111971,-0.4800000000009438
7.51045104510451,-0.5000000000038312,-0.5200000000111342,-0.4800000000009379
7.5115511551155105,-0.5000000000038087,-0.5200000000110718,-0.4800000000009321
7.512651265126513,-0.5000000000037864,-0.5200000000110097,-0.48000000000092635
7.513751375137513,-0.5000000000037642,-0.5200000000109479,-0.4800000000009207
7.5148514851485135,-0.5000000000037421,-0.5200000000108865,-0.48000000000091503
7.515951595159516,-0.5000000000037202,-0.5200000000108255,-0.48000000000090937
7.517051705170516,-0.5000000000036985,-0.5200000000107647,-0.4800000000009037
7.518151815181518,-0.5000000000036768,-0.5200000000107043,-0.48000000000089815
7.519251925192519,-0.5000000000036553,-0.5200000000106443,-0.4800000000008926
7.520352035203519,-0.5000000000036339,-0.5200000000105846,-0.48000000000088716
7.521452145214521,-0.5000000000036126,-0.5200000000105252,-0.4800000000008816
7.522552255225522,-0.5000000000035913,-0.5200000000104662,-0.48000000000087617
7.523652365236524,-0.5000000000035704,-0.5200000000104075,-0.48000000000087084
7.524752475247524,-0.5000000000035494,-0.5200000000103491,-0.4800000000008654
7.525852585258525,-0.5000000000035286,-0.520000000010291,-0.48000000000086007
7.526952695269527,-0.500000000003508,-0.5200000000102333,-0.48000000000085474
7.528052805280527,-0.5000000000034874,-0.5200000000101759,-0.4800000000008495
7.5291529152915295,-0.500000000003467,-0.5200000000101188,-0.4800000000008443
7.53025302530253,-0.5000000000034466,-0.5200000000100621,-0.4800000000008391
7.53135313531353,-0.5000000000034265,-0.5200000000100056,-0.48000000000083387
7.5324532453245325,-0.5000000000034064,-0.5200000000099495,-0.48000000000082876
7.533553355335533,-0.5000000000033864,-0.5200000000098937,-0.48000000000082366
7.534653465346533,-0.5000000000033665,-0.5200000000098381,-0.48000000000081855
7.5357535753575355,-0.5000000000033469,-0.520000000009783,-0.48000000000081355
7.536853685368536,-0.5000000000033272,-0.5200000000097281,-0.48000000000080845
7.537953795379538,-0.5000000000033077,-0.5200000000096736,-0.48000000000080345
7.5390539053905385,-0.5000000000032884,-0.5200000000096193,-0.48000000000079857
7.540154015401539,-0.500000000003269,-0.5200000000095654,-0.48000000000079357
7.541254125412541,-0.50000000000325,-0.5200000000095117,-0.4800000000007887
7.5423542354235416,-0.5000000000032309,-0.5200000000094583,-0.4800000000007838
7.543454345434544,-0.500000000003212,-0.5200000000094053,-0.480000000000779
7.544554455445544,-0.5000000000031931,-0.5200000000093525,-0.48000000000077425
7.545654565456545,-0.5000000000031745,-0.5200000000093,-0.4800000000007695
7.546754675467547,-0.5000000000031558,-0.520000000009248,-0.4800000000007647
7.547854785478547,-0.5000000000031374,-0.520000000009196,-0.48000000000075993
7.548954895489549,-0.500000000003119,-0.5200000000091445,-0.48000000000075527
7.55005500550055,-0.5000000000031006,-0.5200000000090932,-0.4800000000007506
7.55115511551155,-0.5000000000030825,-0.5200000000090421,-0.48000000000074594
7.552255225522552,-0.5000000000030644,-0.5200000000089914,-0.4800000000007414
7.553355335533553,-0.5000000000030465,-0.520000000008941,-0.48000000000073684
7.554455445544553,-0.5000000000030287,-0.5200000000088908,-0.4800000000007323
7.555555555555555,-0.5000000000030109,-0.520000000008841,-0.48000000000072773
7.556655665566556,-0.5000000000029933,-0.5200000000087914,-0.4800000000007233
7.557755775577558,-0.5000000000029757,-0.520000000008742,-0.48000000000071885
7.558855885588558,-0.5000000000029583,-0.5200000000086931,-0.4800000000007144
7.559955995599559,-0.500000000002941,-0.5200000000086442,-0.48000000000070997
7.561056105610561,-0.5000000000029237,-0.5200000000085958,-0.48000000000070553
7.562156215621561,-0.5000000000029066,-0.5200000000085475,-0.4800000000007012
7.563256325632564,-0.5000000000028896,-0.5200000000084997,-0.48000000000069687
7.564356435643564,-0.5000000000028726,-0.5200000000084519,-0.48000000000069265
7.565456545654564,-0.5000000000028558,-0.5200000000084045,-0.4800000000006883
7.566556655665567,-0.5000000000028391,-0.5200000000083573,-0.4800000000006841
7.567656765676567,-0.5000000000028224,-0.5200000000083105,-0.4800000000006799
7.568756875687569,-0.5000000000028059,-0.5200000000082639,-0.48000000000067566
7.56985698569857,-0.5000000000027894,-0.5200000000082176,-0.48000000000067156
7.57095709570957,-0.5000000000027731,-0.5200000000081715,-0.48000000000066734
7.572057205720572,-0.5000000000027569,-0.5200000000081256,-0.48000000000066323
7.573157315731573,-0.5000000000027407,-0.52000000000808,-0.4800000000006591
7.574257425742573,-0.5000000000027246,-0.5200000000080347,-0.4800000000006551
7.575357535753575,-0.5000000000027087,-0.5200000000079896,-0.480000000000651
7.576457645764576,-0.5000000000026928,-0.5200000000079448,-0.480000000000647
7.577557755775578,-0.500000000002677,-0.5200000000079003,-0.480000000000643
7.578657865786578,-0.5000000000026613,-0.520000000007856,-0.480000000000639
7.579757975797579,-0.5000000000026458,-0.5200000000078119,-0.48000000000063514
7.580858085808581,-0.5000000000026302,-0.520000000007768,-0.48000000000063126
7.581958195819581,-0.5000000000026148,-0.5200000000077245,-0.48000000000062737
7.583058305830583,-0.5000000000025995,-0.5200000000076812,-0.4800000000006235
7.584158415841584,-0.5000000000025843,-0.520000000007638,-0.4800000000006196
7.585258525852584,-0.5000000000025692,-0.5200000000075953,-0.4800000000006158
7.586358635863586,-0.5000000000025541,-0.5200000000075526,-0.48000000000061194
7.587458745874587,-0.5000000000025391,-0.5200000000075102,-0.48000000000060816
7.588558855885589,-0.5000000000025242,-0.5200000000074682,-0.4800000000006045
7.589658965896589,-0.5000000000025094,-0.5200000000074263,-0.4800000000006007
7.59075907590759,-0.5000000000024948,-0.5200000000073846,-0.48000000000059706
7.591859185918592,-0.5000000000024801,-0.5200000000073431,-0.4800000000005933
7.592959295929592,-0.5000000000024656,-0.520000000007302,-0.48000000000058973
7.594059405940593,-0.5000000000024512,-0.520000000007261,-0.48000000000058607
7.595159515951595,-0.5000000000024368,-0.5200000000072202,-0.4800000000005824
7.596259625962595,-0.5000000000024225,-0.5200000000071798,-0.48000000000057885
7.597359735973598,-0.5000000000024083,-0.5200000000071395,-0.4800000000005753
7.598459845984598,-0.5000000000023942,-0.5200000000070994,-0.48000000000057175
7.599559955995598,-0.5000000000023802,-0.5200000000070596,-0.4800000000005682
7.600660066006601,-0.5000000000023662,-0.5200000000070201,-0.48000000000056464
7.601760176017601,-0.5000000000023523,-0.5200000000069807,-0.4800000000005612
7.602860286028603,-0.5000000000023386,-0.5200000000069415,-0.48000000000055776
7.603960396039604,-0.5000000000023249,-0.5200000000069026,-0.4800000000005543
7.605060506050604,-0.5000000000023113,-0.5200000000068639,-0.4800000000005509
7.606160616061606,-0.5000000000022977,-0.5200000000068253,-0.48000000000054743
7.607260726072607,-0.5000000000022843,-0.520000000006787,-0.4800000000005441
7.608360836083607,-0.5000000000022709,-0.520000000006749,-0.48000000000054077
7.609460946094609,-0.5000000000022575,-0.5200000000067111,-0.48000000000053744
7.61056105610561,-0.5000000000022443,-0.5200000000066735,-0.4800000000005341
7.611661166116612,-0.5000000000022312,-0.520000000006636,-0.4800000000005308
7.612761276127612,-0.5000000000022181,-0.5200000000065989,-0.48000000000052756
7.613861386138613,-0.5000000000022051,-0.5200000000065619,-0.48000000000052423
7.614961496149615,-0.5000000000021922,-0.520000000006525,-0.480000000000521
7.616061606160615,-0.5000000000021794,-0.5200000000064884,-0.4800000000005178
7.617161716171617,-0.5000000000021666,-0.5200000000064521,-0.48000000000051457
7.618261826182618,-0.5000000000021538,-0.5200000000064159,-0.48000000000051146
7.619361936193618,-0.5000000000021413,-0.5200000000063798,-0.48000000000050835
7.62046204620462,-0.5000000000021287,-0.520000000006344,-0.48000000000050513
7.621562156215621,-0.5000000000021163,-0.5200000000063085,-0.480000000000502
7.622662266226623,-0.5000000000021039,-0.5200000000062731,-0.4800000000004989
7.623762376237623,-0.5000000000020915,-0.5200000000062379,-0.4800000000004959
7.624862486248624,-0.5000000000020792,-0.520000000006203,-0.4800000000004928
7.625962596259626,-0.5000000000020671,-0.5200000000061681,-0.4800000000004898
7.627062706270626,-0.500000000002055,-0.5200000000061336,-0.4800000000004867
7.628162816281627,-0.5000000000020429,-0.5200000000060991,-0.4800000000004837
7.629262926292629,-0.5000000000020309,-0.5200000000060649,-0.4800000000004807
7.630363036303629,-0.500000000002019,-0.5200000000060309,-0.4800000000004778
7.631463146314632,-0.5000000000020073,-0.520000000005997,-0.4800000000004748
7.632563256325632,-0.5000000000019955,-0.5200000000059635,-0.48000000000047194
7.6336633663366324,-0.5000000000019837,-0.5200000000059299,-0.48000000000046905
7.634763476347635,-0.5000000000019722,-0.5200000000058967,-0.48000000000046616
7.635863586358635,-0.5000000000019607,-0.5200000000058637,-0.4800000000004633
7.636963696369637,-0.5000000000019491,-0.5200000000058307,-0.4800000000004604
7.638063806380638,-0.5000000000019377,-0.520000000005798,-0.4800000000004575
7.639163916391638,-0.5000000000019263,-0.5200000000057655,-0.48000000000045473
7.64026402640264,-0.500000000001915,-0.5200000000057332,-0.48000000000045195
7.641364136413641,-0.5000000000019038,-0.520000000005701,-0.4800000000004492
7.642464246424643,-0.5000000000018927,-0.520000000005669,-0.4800000000004464
7.643564356435643,-0.5000000000018816,-0.5200000000056372,-0.4800000000004436
7.644664466446644,-0.5000000000018705,-0.5200000000056056,-0.48000000000044085
7.645764576457646,-0.5000000000018596,-0.5200000000055741,-0.4800000000004382
7.646864686468646,-0.5000000000018487,-0.5200000000055429,-0.4800000000004354
7.647964796479647,-0.5000000000018379,-0.5200000000055118,-0.48000000000043275
7.649064906490649,-0.5000000000018271,-0.5200000000054809,-0.4800000000004301
7.650165016501649,-0.5000000000018164,-0.5200000000054501,-0.4800000000004274
7.6512651265126514,-0.5000000000018058,-0.5200000000054196,-0.48000000000042475
7.652365236523652,-0.5000000000017952,-0.5200000000053892,-0.4800000000004222
7.653465346534652,-0.5000000000017847,-0.520000000005359,-0.48000000000041954
7.6545654565456545,-0.5000000000017742,-0.5200000000053289,-0.480000000000417
7.655665566556655,-0.5000000000017638,-0.520000000005299,-0.48000000000041443
7.656765676567657,-0.5000000000017535,-0.5200000000052692,-0.4800000000004119
7.6578657865786575,-0.5000000000017432,-0.5200000000052397,-0.4800000000004093
7.658965896589658,-0.500000000001733,-0.5200000000052103,-0.48000000000040677
7.66006600660066,-0.5000000000017228,-0.5200000000051811,-0.4800000000004043
7.6611661166116605,-0.5000000000017127,-0.520000000005152,-0.48000000000040177
7.662266226622663,-0.5000000000017027,-0.5200000000051231,-0.48000000000039933
7.663366336633663,-0.5000000000016928,-0.5200000000050944,-0.4800000000003969
7.6644664466446635,-0.5000000000016828,-0.5200000000050659,-0.48000000000039444
7.665566556655666,-0.500000000001673,-0.5200000000050374,-0.480000000000392
7.666666666666666,-0.5000000000016631,-0.5200000000050091,-0.48000000000038956
7.6677667766776665,-0.5000000000016533,-0.520000000004981,-0.4800000000003871
7.668866886688669,-0.5000000000016437,-0.5200000000049532,-0.4800000000003848
7.669966996699669,-0.500000000001634,-0.5200000000049253,-0.48000000000038234
7.671067106710671,-0.5000000000016245,-0.5200000000048977,-0.48000000000038
7.672167216721672,-0.5000000000016149,-0.5200000000048702,-0.4800000000003777
7.673267326732672,-0.5000000000016055,-0.5200000000048429,-0.48000000000037535
7.674367436743674,-0.5000000000015961,-0.5200000000048157,-0.480000000000373
7.675467546754675,-0.5000000000015867,-0.5200000000047887,-0.4800000000003707
7.676567656765677,-0.5000000000015775,-0.5200000000047619,-0.48000000000036847
7.677667766776677,-0.5000000000015682,-0.5200000000047351,-0.48000000000036613
7.678767876787678,-0.5000000000015591,-0.5200000000047086,-0.4800000000003639
7.67986798679868,-0.5000000000015499,-0.5200000000046822,-0.4800000000003617
7.68096809680968,-0.5000000000015408,-0.520000000004656,-0.4800000000003595
7.6820682068206825,-0.5000000000015318,-0.5200000000046298,-0.48000000000035725
7.683168316831683,-0.5000000000015228,-0.5200000000046039,-0.48000000000035503
7.684268426842683,-0.5000000000015139,-0.520000000004578,-0.4800000000003528
7.6853685368536855,-0.500000000001505,-0.5200000000045524,-0.4800000000003506
7.686468646864686,-0.5000000000014962,-0.5200000000045268,-0.4800000000003485
7.687568756875686,-0.5000000000014875,-0.5200000000045014,-0.48000000000034637
7.6886688668866885,-0.5000000000014787,-0.5200000000044762,-0.48000000000034415
7.689768976897689,-0.50000000000147,-0.520000000004451,-0.48000000000034204
7.690869086908691,-0.5000000000014615,-0.520000000004426,-0.48000000000033993
7.6919691969196915,-0.5000000000014528,-0.5200000000044013,-0.4800000000003378
7.693069306930692,-0.5000000000014444,-0.5200000000043766,-0.4800000000003358
7.694169416941694,-0.500000000001436,-0.520000000004352,-0.4800000000003337
7.6952695269526945,-0.5000000000014275,-0.5200000000043277,-0.4800000000003316
7.696369636963697,-0.5000000000014191,-0.5200000000043034,-0.4800000000003296
7.697469746974697,-0.5000000000014109,-0.5200000000042792,-0.4800000000003276
7.6985698569856975,-0.5000000000014025,-0.5200000000042552,-0.4800000000003255
7.6996699669967,-0.5000000000013943,-0.5200000000042313,-0.4800000000003235
7.7007700770077,-0.5000000000013862,-0.5200000000042075,-0.4800000000003215
7.7018701870187005,-0.500000000001378,-0.520000000004184,-0.4800000000003196
7.702970297029703,-0.50000000000137,-0.5200000000041605,-0.4800000000003176
7.704070407040703,-0.5000000000013619,-0.5200000000041372,-0.4800000000003156
7.705170517051705,-0.5000000000013539,-0.520000000004114,-0.48000000000031373
7.706270627062706,-0.500000000001346,-0.5200000000040909,-0.48000000000031173
7.707370737073706,-0.5000000000013382,-0.520000000004068,-0.48000000000030985
7.708470847084708,-0.5000000000013303,-0.5200000000040451,-0.48000000000030796
7.709570957095709,-0.5000000000013225,-0.5200000000040225,-0.48000000000030607
7.710671067106711,-0.5000000000013147,-0.5200000000039999,-0.4800000000003042
7.711771177117711,-0.5000000000013071,-0.5200000000039774,-0.4800000000003023
7.712871287128712,-0.5000000000012994,-0.5200000000039552,-0.4800000000003004
7.713971397139714,-0.5000000000012917,-0.520000000003933,-0.4800000000002985
7.715071507150714,-0.5000000000012842,-0.5200000000039109,-0.48000000000029674
7.7161716171617165,-0.5000000000012766,-0.5200000000038889,-0.48000000000029486
7.717271727172717,-0.5000000000012692,-0.5200000000038671,-0.4800000000002931
7.718371837183717,-0.5000000000012618,-0.5200000000038455,-0.4800000000002912
7.7194719471947195,-0.5000000000012543,-0.5200000000038238,-0.4800000000002894
7.72057205720572,-0.500000000001247,-0.5200000000038024,-0.48000000000028764
7.72167216721672,-0.5000000000012397,-0.5200000000037811,-0.48000000000028586
7.7227722772277225,-0.5000000000012325,-0.5200000000037599,-0.4800000000002841
7.723872387238723,-0.5000000000012252,-0.5200000000037388,-0.4800000000002823
7.724972497249725,-0.500000000001218,-0.5200000000037178,-0.48000000000028065
7.7260726072607255,-0.5000000000012109,-0.520000000003697,-0.48000000000027887
7.727172717271726,-0.5000000000012038,-0.5200000000036762,-0.4800000000002772
7.728272827282728,-0.5000000000011968,-0.5200000000036556,-0.48000000000027543
7.7293729372937285,-0.5000000000011897,-0.5200000000036351,-0.48000000000027376
7.730473047304731,-0.5000000000011828,-0.5200000000036147,-0.4800000000002721
7.731573157315731,-0.5000000000011758,-0.5200000000035945,-0.48000000000027043
7.7326732673267315,-0.500000000001169,-0.5200000000035743,-0.48000000000026877
7.733773377337734,-0.5000000000011621,-0.5200000000035542,-0.4800000000002671
7.734873487348734,-0.5000000000011553,-0.5200000000035343,-0.48000000000026544
7.735973597359736,-0.5000000000011485,-0.5200000000035144,-0.48000000000026377
7.737073707370737,-0.5000000000011418,-0.5200000000034948,-0.4800000000002621
7.738173817381737,-0.5000000000011351,-0.5200000000034751,-0.48000000000026055
7.739273927392739,-0.5000000000011284,-0.5200000000034557,-0.4800000000002589
7.74037403740374,-0.5000000000011219,-0.5200000000034363,-0.48000000000025733
7.74147414741474,-0.5000000000011153,-0.5200000000034171,-0.4800000000002558
7.742574257425742,-0.5000000000011088,-0.5200000000033979,-0.4800000000002542
7.743674367436743,-0.5000000000011022,-0.5200000000033788,-0.48000000000025256
7.744774477447745,-0.5000000000010958,-0.5200000000033598,-0.480000000000251
7.745874587458745,-0.5000000000010894,-0.520000000003341,-0.48000000000024945
7.746974697469746,-0.500000000001083,-0.5200000000033222,-0.480000000000248
7.748074807480748,-0.5000000000010767,-0.5200000000033036,-0.48000000000024645
7.749174917491748,-0.5000000000010704,-0.5200000000032851,-0.4800000000002449
7.7502750275027505,-0.500000000001064,-0.5200000000032666,-0.48000000000024334
7.751375137513751,-0.5000000000010578,-0.5200000000032483,-0.4800000000002419
7.752475247524751,-0.5000000000010516,-0.5200000000032301,-0.48000000000024046
7.7535753575357536,-0.5000000000010455,-0.520000000003212,-0.4800000000002389
7.754675467546754,-0.5000000000010394,-0.520000000003194,-0.48000000000023746
7.755775577557756,-0.5000000000010333,-0.520000000003176,-0.480000000000236
7.756875687568757,-0.5000000000010272,-0.5200000000031583,-0.4800000000002346
7.757975797579757,-0.5000000000010212,-0.5200000000031405,-0.48000000000023313
7.759075907590759,-0.5000000000010152,-0.5200000000031229,-0.4800000000002317
7.76017601760176,-0.5000000000010092,-0.5200000000031054,-0.48000000000023024
7.76127612761276,-0.5000000000010033,-0.520000000003088,-0.4800000000002288
7.762376237623762,-0.5000000000009974,-0.5200000000030707,-0.48000000000022736
7.763476347634763,-0.5000000000009917,-0.5200000000030535,-0.480000000000226
7.764576457645765,-0.5000000000009858,-0.5200000000030363,-0.4800000000002246
7.765676567656765,-0.50000000000098,-0.5200000000030193,-0.48000000000022325
7.766776677667766,-0.5000000000009743,-0.5200000000030023,-0.4800000000002218
7.767876787678768,-0.5000000000009686,-0.5200000000029855,-0.4800000000002205
7.768976897689768,-0.5000000000009629,-0.5200000000029688,-0.48000000000021914
7.77007700770077,-0.5000000000009572,-0.5200000000029521,-0.4800000000002177
7.771177117711771,-0.5000000000009517,-0.5200000000029356,-0.48000000000021636
7.772277227722771,-0.5000000000009461,-0.520000000002919,-0.48000000000021503
7.773377337733773,-0.5000000000009406,-0.5200000000029027,-0.4800000000002137
7.774477447744774,-0.500000000000935,-0.5200000000028864,-0.48000000000021237
7.775577557755776,-0.5000000000009296,-0.5200000000028702,-0.48000000000021115
7.776677667766776,-0.5000000000009241,-0.5200000000028542,-0.4800000000002098
7.777777777777777,-0.5000000000009187,-0.5200000000028381,-0.4800000000002085
7.778877887788779,-0.5000000000009133,-0.5200000000028222,-0.48000000000020726
7.779977997799779,-0.5000000000009079,-0.5200000000028063,-0.48000000000020593
7.78107810781078,-0.5000000000009026,-0.5200000000027907,-0.4800000000002047
7.782178217821782,-0.5000000000008973,-0.5200000000027749,-0.4800000000002034
7.783278327832782,-0.5000000000008921,-0.5200000000027594,-0.48000000000020215
7.784378437843785,-0.5000000000008868,-0.5200000000027439,-0.48000000000020093
7.785478547854785,-0.5000000000008816,-0.5200000000027285,-0.4800000000001997
7.786578657865785,-0.5000000000008765,-0.5200000000027132,-0.4800000000001985
7.787678767876788,-0.5000000000008713,-0.520000000002698,-0.48000000000019727
7.788778877887788,-0.5000000000008662,-0.5200000000026829,-0.48000000000019605
7.78987898789879,-0.5000000000008612,-0.5200000000026678,-0.4800000000001948
7.790979097909791,-0.5000000000008561,-0.5200000000026529,-0.4800000000001936
7.792079207920791,-0.5000000000008511,-0.520000000002638,-0.4800000000001924
7.793179317931793,-0.5000000000008461,-0.5200000000026231,-0.48000000000019116
7.794279427942794,-0.5000000000008412,-0.5200000000026085,-0.48000000000019005
7.795379537953796,-0.5000000000008362,-0.5200000000025938,-0.48000000000018883
7.796479647964796,-0.5000000000008313,-0.5200000000025793,-0.4800000000001877
7.797579757975797,-0.5000000000008265,-0.5200000000025649,-0.4800000000001865
7.798679867986799,-0.5000000000008216,-0.5200000000025504,-0.4800000000001854
7.799779977997799,-0.5000000000008168,-0.5200000000025361,-0.4800000000001843
7.8008800880088,-0.500000000000812,-0.5200000000025219,-0.48000000000018306
7.801980198019802,-0.5000000000008072,-0.5200000000025078,-0.48000000000018195
7.803080308030802,-0.5000000000008026,-0.5200000000024937,-0.48000000000018084
7.804180418041804,-0.5000000000007978,-0.5200000000024797,-0.4800000000001797
7.805280528052805,-0.5000000000007931,-0.5200000000024658,-0.4800000000001786
7.806380638063805,-0.5000000000007885,-0.520000000002452,-0.4800000000001775
7.807480748074807,-0.5000000000007839,-0.5200000000024382,-0.4800000000001764
7.808580858085808,-0.5000000000007793,-0.5200000000024245,-0.4800000000001753
7.80968096809681,-0.5000000000007747,-0.520000000002411,-0.4800000000001743
7.81078107810781,-0.5000000000007702,-0.5200000000023974,-0.4800000000001732
7.811881188118811,-0.5000000000007657,-0.520000000002384,-0.48000000000017207
7.812981298129813,-0.5000000000007612,-0.5200000000023706,-0.48000000000017107
7.814081408140813,-0.5000000000007567,-0.5200000000023572,-0.48000000000016996
7.815181518151814,-0.5000000000007523,-0.520000000002344,-0.48000000000016896
7.816281628162816,-0.5000000000007478,-0.5200000000023309,-0.48000000000016796
7.817381738173816,-0.5000000000007435,-0.5200000000023178,-0.48000000000016685
7.818481848184819,-0.5000000000007392,-0.5200000000023048,-0.48000000000016585
7.819581958195819,-0.5000000000007349,-0.520000000002292,-0.48000000000016485
7.820682068206819,-0.5000000000007305,-0.5200000000022791,-0.48000000000016385
7.821782178217822,-0.5000000000007262,-0.5200000000022663,-0.48000000000016274
7.822882288228822,-0.500000000000722,-0.5200000000022535,-0.48000000000016174
7.823982398239824,-0.5000000000007178,-0.5200000000022409,-0.48000000000016074
7.825082508250825,-0.5000000000007135,-0.5200000000022283,-0.48000000000015974
7.826182618261825,-0.5000000000007093,-0.5200000000022158,-0.48000000000015886
7.827282728272827,-0.5000000000007052,-0.5200000000022034,-0.48000000000015786
7.828382838283828,-0.5000000000007011,-0.520000000002191,-0.48000000000015686
7.82948294829483,-0.500000000000697,-0.5200000000021787,-0.48000000000015586
7.83058305830583,-0.5000000000006929,-0.5200000000021665,-0.48000000000015497
7.831683168316831,-0.5000000000006888,-0.5200000000021544,-0.48000000000015397
7.832783278327833,-0.5000000000006848,-0.5200000000021423,-0.48000000000015297
7.833883388338833,-0.5000000000006808,-0.5200000000021303,-0.4800000000001521
7.834983498349834,-0.5000000000006768,-0.5200000000021183,-0.4800000000001512
7.836083608360836,-0.5000000000006728,-0.5200000000021064,-0.4800000000001502
7.837183718371836,-0.5000000000006689,-0.5200000000020947,-0.4800000000001493
7.838283828382838,-0.500000000000665,-0.5200000000020829,-0.4800000000001483
7.839383938393839,-0.500000000000661,-0.5200000000020712,-0.4800000000001474
7.840484048404839,-0.5000000000006573,-0.5200000000020596,-0.48000000000014653
7.841584158415841,-0.5000000000006534,-0.520000000002048,-0.48000000000014564
7.842684268426842,-0.5000000000006495,-0.5200000000020365,-0.48000000000014476
7.843784378437844,-0.5000000000006457,-0.5200000000020252,-0.48000000000014387
7.8448844884488445,-0.5000000000006419,-0.5200000000020137,-0.480000000000143
7.845984598459845,-0.5000000000006382,-0.5200000000020025,-0.4800000000001421
7.847084708470847,-0.5000000000006344,-0.5200000000019912,-0.4800000000001412
7.8481848184818475,-0.5000000000006307,-0.5200000000019801,-0.4800000000001403
7.84928492849285,-0.500000000000627,-0.520000000001969,-0.4800000000001394
7.85038503850385,-0.5000000000006233,-0.5200000000019579,-0.48000000000013865
7.8514851485148505,-0.5000000000006197,-0.5200000000019469,-0.48000000000013776
7.852585258525853,-0.5000000000006161,-0.520000000001936,-0.4800000000001369
7.853685368536853,-0.5000000000006124,-0.5200000000019251,-0.4800000000001361
7.8547854785478535,-0.5000000000006088,-0.5200000000019144,-0.4800000000001352
7.855885588558856,-0.5000000000006053,-0.5200000000019036,-0.4800000000001343
7.856985698569856,-0.5000000000006017,-0.520000000001893,-0.48000000000013354
7.858085808580858,-0.5000000000005982,-0.5200000000018823,-0.48000000000013276
7.859185918591859,-0.5000000000005947,-0.5200000000018717,-0.4800000000001319
7.860286028602859,-0.5000000000005912,-0.5200000000018613,-0.4800000000001311
7.861386138613861,-0.5000000000005878,-0.5200000000018509,-0.4800000000001303
7.862486248624862,-0.5000000000005843,-0.5200000000018404,-0.48000000000012943
7.863586358635864,-0.5000000000005809,-0.5200000000018301,-0.48000000000012866
7.864686468646864,-0.5000000000005775,-0.5200000000018199,-0.4800000000001279
7.865786578657865,-0.5000000000005741,-0.5200000000018097,-0.4800000000001271
7.866886688668867,-0.5000000000005708,-0.5200000000017995,-0.4800000000001263
7.867986798679867,-0.5000000000005674,-0.5200000000017894,-0.48000000000012555
7.8690869086908695,-0.5000000000005641,-0.5200000000017794,-0.48000000000012477
7.87018701870187,-0.5000000000005608,-0.5200000000017694,-0.480000000000124
7.87128712871287,-0.5000000000005574,-0.5200000000017595,-0.4800000000001232
7.8723872387238725,-0.5000000000005542,-0.5200000000017496,-0.48000000000012244
7.873487348734873,-0.500000000000551,-0.5200000000017397,-0.48000000000012166
7.874587458745873,-0.5000000000005478,-0.52000000000173,-0.480000000000121
7.8756875687568755,-0.5000000000005446,-0.5200000000017203,-0.4800000000001202
7.876787678767876,-0.5000000000005413,-0.5200000000017106,-0.48000000000011944
7.877887788778878,-0.5000000000005381,-0.5200000000017011,-0.4800000000001188
7.8789878987898785,-0.500000000000535,-0.5200000000016916,-0.480000000000118
7.880088008800879,-0.5000000000005319,-0.520000000001682,-0.4800000000001172
7.881188118811881,-0.5000000000005288,-0.5200000000016726,-0.48000000000011656
7.8822882288228815,-0.5000000000005257,-0.5200000000016632,-0.4800000000001158
7.883388338833884,-0.5000000000005226,-0.5200000000016539,-0.4800000000001151
7.884488448844884,-0.5000000000005196,-0.5200000000016446,-0.48000000000011445
7.8855885588558845,-0.5000000000005165,-0.5200000000016354,-0.48000000000011367
7.886688668866887,-0.5000000000005135,-0.5200000000016263,-0.480000000000113
7.887788778877887,-0.5000000000005105,-0.5200000000016171,-0.48000000000011234
7.888888888888889,-0.5000000000005075,-0.5200000000016081,-0.48000000000011156
7.88998899889989,-0.5000000000005045,-0.520000000001599,-0.4800000000001109
7.89108910891089,-0.5000000000005015,-0.5200000000015901,-0.4800000000001102
7.892189218921892,-0.5000000000004986,-0.5200000000015811,-0.48000000000010956
7.893289328932893,-0.5000000000004957,-0.5200000000015722,-0.4800000000001089
7.894389438943893,-0.5000000000004927,-0.5200000000015634,-0.48000000000010823
7.895489548954895,-0.5000000000004898,-0.5200000000015547,-0.48000000000010756
7.896589658965896,-0.500000000000487,-0.5200000000015459,-0.4800000000001069
7.897689768976898,-0.5000000000004842,-0.5200000000015372,-0.48000000000010623
7.898789878987898,-0.5000000000004813,-0.5200000000015287,-0.48000000000010556
7.899889988998899,-0.5000000000004785,-0.52000000000152,-0.4800000000001049
7.900990099009901,-0.5000000000004757,-0.5200000000015116,-0.48000000000010423
7.902090209020901,-0.500000000000473,-0.520000000001503,-0.48000000000010357
7.9031903190319035,-0.5000000000004702,-0.5200000000014946,-0.480000000000103
7.904290429042904,-0.5000000000004674,-0.5200000000014863,-0.48000000000010234
7.905390539053904,-0.5000000000004646,-0.520000000001478,-0.4800000000001017
7.9064906490649065,-0.500000000000462,-0.5200000000014696,-0.4800000000001011
7.907590759075907,-0.5000000000004592,-0.5200000000014614,-0.48000000000010046
7.908690869086907,-0.5000000000004565,-0.5200000000014532,-0.4800000000000998
7.9097909790979095,-0.5000000000004539,-0.5200000000014451,-0.48000000000009924
7.91089108910891,-0.5000000000004512,-0.520000000001437,-0.48000000000009857
7.911991199119912,-0.5000000000004485,-0.5200000000014289,-0.480000000000098
7.9130913091309125,-0.5000000000004459,-0.5200000000014209,-0.48000000000009735
7.914191419141913,-0.5000000000004433,-0.5200000000014129,-0.4800000000000968
7.915291529152915,-0.5000000000004408,-0.520000000001405,-0.48000000000009624
7.9163916391639155,-0.5000000000004381,-0.5200000000013971,-0.4800000000000956
7.917491749174918,-0.5000000000004355,-0.5200000000013892,-0.480000000000095
7.918591859185918,-0.500000000000433,-0.5200000000013815,-0.48000000000009446
7.9196919691969185,-0.5000000000004304,-0.5200000000013737,-0.4800000000000938
7.920792079207921,-0.500000000000428,-0.520000000001366,-0.48000000000009324
7.921892189218921,-0.5000000000004254,-0.5200000000013584,-0.4800000000000927
7.922992299229923,-0.500000000000423,-0.5200000000013507,-0.48000000000009213
7.924092409240924,-0.5000000000004204,-0.5200000000013432,-0.4800000000000916
7.925192519251924,-0.500000000000418,-0.5200000000013356,-0.480000000000091
7.926292629262926,-0.5000000000004156,-0.5200000000013281,-0.48000000000009047
7.927392739273927,-0.5000000000004131,-0.5200000000013206,-0.4800000000000899
7.928492849284927,-0.5000000000004107,-0.5200000000013133,-0.48000000000008936
7.929592959295929,-0.5000000000004083,-0.5200000000013059,-0.4800000000000888
7.93069306930693,-0.5000000000004059,-0.5200000000012985,-0.48000000000008824
7.931793179317932,-0.5000000000004036,-0.5200000000012913,-0.4800000000000877
7.932893289328932,-0.5000000000004011,-0.520000000001284,-0.48000000000008713
7.933993399339933,-0.5000000000003988,-0.5200000000012769,-0.4800000000000866
7.935093509350935,-0.5000000000003965,-0.5200000000012697,-0.480000000000086
7.936193619361935,-0.5000000000003941,-0.5200000000012626,-0.4800000000000856
7.9372937293729375,-0.5000000000003918,-0.5200000000012555,-0.480000000000085
7.938393839383938,-0.5000000000003896,-0.5200000000012485,-0.48000000000008447
7.939493949394938,-0.5000000000003872,-0.5200000000012415,-0.4800000000000839
7.9405940594059405,-0.500000000000385,-0.5200000000012345,-0.48000000000008347
7.941694169416941,-0.5000000000003827,-0.5200000000012275,-0.4800000000000829
7.942794279427943,-0.5000000000003805,-0.5200000000012206,-0.48000000000008236
7.9438943894389435,-0.5000000000003783,-0.5200000000012138,-0.4800000000000819
7.944994499449944,-0.500000000000376,-0.520000000001207,-0.48000000000008136
7.946094609460946,-0.5000000000003738,-0.5200000000012002,-0.4800000000000809
7.9471947194719466,-0.5000000000003717,-0.5200000000011935,-0.48000000000008036
7.948294829482947,-0.5000000000003695,-0.5200000000011868,-0.4800000000000799
7.949394939493949,-0.5000000000003673,-0.5200000000011802,-0.48000000000007936
7.95049504950495,-0.5000000000003652,-0.5200000000011735,-0.4800000000000789
7.951595159515952,-0.500000000000363,-0.520000000001167,-0.4800000000000785
7.952695269526952,-0.5000000000003609,-0.5200000000011604,-0.4800000000000779
7.953795379537953,-0.5000000000003588,-0.5200000000011539,-0.4800000000000775
7.954895489548955,-0.5000000000003567,-0.5200000000011474,-0.48000000000007703
7.955995599559955,-0.5000000000003546,-0.520000000001141,-0.4800000000000765
7.957095709570957,-0.5000000000003525,-0.5200000000011346,-0.48000000000007603
7.958195819581958,-0.5000000000003504,-0.5200000000011282,-0.4800000000000756
7.959295929592958,-0.5000000000003484,-0.5200000000011219,-0.48000000000007514
7.96039603960396,-0.5000000000003464,-0.5200000000011156,-0.4800000000000746
7.961496149614961,-0.5000000000003443,-0.5200000000011094,-0.48000000000007415
7.962596259625963,-0.5000000000003423,-0.5200000000011031,-0.4800000000000737
7.963696369636963,-0.5000000000003403,-0.5200000000010969,-0.48000000000007326
7.964796479647964,-0.5000000000003383,-0.5200000000010908,-0.4800000000000728
7.965896589658966,-0.5000000000003363,-0.5200000000010847,-0.48000000000007237
7.966996699669966,-0.5000000000003344,-0.5200000000010786,-0.4800000000000719
7.968096809680967,-0.5000000000003324,-0.5200000000010725,-0.4800000000000715
7.969196919691969,-0.5000000000003304,-0.5200000000010665,-0.48000000000007104
7.970297029702969,-0.5000000000003285,-0.5200000000010605,-0.4800000000000706
7.971397139713972,-0.5000000000003266,-0.5200000000010546,-0.48000000000007015
7.972497249724972,-0.5000000000003246,-0.5200000000010486,-0.4800000000000697
7.973597359735972,-0.5000000000003227,-0.5200000000010427,-0.48000000000006926
7.974697469746975,-0.5000000000003209,-0.520000000001037,-0.4800000000000688
7.975797579757975,-0.500000000000319,-0.5200000000010311,-0.4800000000000685
7.976897689768977,-0.5000000000003171,-0.5200000000010253,-0.48000000000006804
7.977997799779978,-0.5000000000003153,-0.5200000000010195,-0.4800000000000676
7.979097909790978,-0.5000000000003134,-0.5200000000010139,-0.48000000000006715
7.98019801980198,-0.5000000000003115,-0.5200000000010082,-0.4800000000000668
7.981298129812981,-0.5000000000003098,-0.5200000000010025,-0.4800000000000664
7.982398239823983,-0.500000000000308,-0.5200000000009969,-0.48000000000006593
7.983498349834983,-0.5000000000003062,-0.5200000000009913,-0.4800000000000656
7.984598459845984,-0.5000000000003043,-0.5200000000009858,-0.48000000000006515
7.985698569856986,-0.5000000000003025,-0.5200000000009802,-0.4800000000000647
7.986798679867986,-0.5000000000003008,-0.5200000000009747,-0.4800000000000644
7.987898789878987,-0.500000000000299,-0.5200000000009692,-0.48000000000006393
7.988998899889989,-0.5000000000002973,-0.5200000000009638,-0.4800000000000636
7.990099009900989,-0.5000000000002955,-0.5200000000009584,-0.48000000000006315
7.991199119911991,-0.5000000000002938,-0.520000000000953,-0.4800000000000628
7.992299229922992,-0.5000000000002921,-0.5200000000009477,-0.4800000000000624
7.993399339933992,-0.5000000000002903,-0.5200000000009424,-0.48000000000006204
7.994499449944994,-0.5000000000002887,-0.520000000000937,-0.4800000000000616
7.995599559955995,-0.500000000000287,-0.5200000000009318,-0.48000000000006127
7.996699669966997,-0.5000000000002853,-0.5200000000009266,-0.4800000000000608
7.997799779977997,-0.5000000000002837,-0.5200000000009214,-0.4800000000000605
7.998899889988998,-0.500000000000282,-0.5200000000009163,-0.48000000000006016
8.0,-0.5000000000002803,-0.5200000000009111,-0.4800000000000597
8.001100110011,-0.5000000000002787,-0.520000000000906,-0.4800000000000594
8.002200220022003,-0.500000000000277,-0.5200000000009009,-0.48000000000005905
8.003300330033003,-0.5000000000002754,-0.5200000000008959,-0.4800000000000586
8.004400440044003,-0.5000000000002738,-0.5200000000008909,-0.48000000000005827
8.005500550055006,-0.5000000000002722,-0.5200000000008859,-0.48000000000005794
8.006600660066006,-0.5000000000002706,-0.5200000000008809,-0.4800000000000576
8.007700770077006,-0.500000000000269,-0.5200000000008759,-0.48000000000005716
8.008800880088009,-0.5000000000002675,-0.520000000000871,-0.4800000000000568
8.009900990099009,-0.5000000000002659,-0.5200000000008661,-0.4800000000000565
8.011001100110011,-0.5000000000002643,-0.5200000000008612,-0.48000000000005616
8.012101210121012,-0.5000000000002628,-0.5200000000008564,-0.4800000000000558
8.013201320132012,-0.5000000000002612,-0.5200000000008517,-0.4800000000000555
8.014301430143014,-0.5000000000002597,-0.5200000000008469,-0.48000000000005516
8.015401540154015,-0.5000000000002581,-0.5200000000008421,-0.4800000000000547
8.016501650165017,-0.5000000000002567,-0.5200000000008373,-0.4800000000000544
8.017601760176017,-0.5000000000002551,-0.5200000000008327,-0.48000000000005405
8.018701870187018,-0.5000000000002537,-0.520000000000828,-0.4800000000000537
8.01980198019802,-0.5000000000002521,-0.5200000000008234,-0.4800000000000534
8.02090209020902,-0.5000000000002507,-0.5200000000008187,-0.48000000000005305
8.02200220022002,-0.5000000000002492,-0.5200000000008141,-0.48000000000005283
8.023102310231023,-0.5000000000002478,-0.5200000000008096,-0.4800000000000525
8.024202420242023,-0.5000000000002464,-0.520000000000805,-0.48000000000005216
8.025302530253025,-0.5000000000002449,-0.5200000000008005,-0.48000000000005183
8.026402640264026,-0.5000000000002435,-0.520000000000796,-0.4800000000000515
8.027502750275026,-0.500000000000242,-0.5200000000007916,-0.48000000000005116
8.028602860286028,-0.5000000000002406,-0.5200000000007872,-0.48000000000005083
8.029702970297029,-0.5000000000002391,-0.5200000000007827,-0.4800000000000505
8.030803080308031,-0.5000000000002378,-0.5200000000007783,-0.4800000000000503
8.031903190319031,-0.5000000000002364,-0.520000000000774,-0.48000000000004994
8.033003300330032,-0.500000000000235,-0.5200000000007696,-0.4800000000000496
8.034103410341034,-0.5000000000002336,-0.5200000000007653,-0.4800000000000493
8.035203520352034,-0.5000000000002323,-0.520000000000761,-0.48000000000004905
8.036303630363037,-0.5000000000002309,-0.5200000000007567,-0.4800000000000487
8.037403740374037,-0.5000000000002296,-0.5200000000007525,-0.4800000000000484
8.038503850385037,-0.5000000000002282,-0.5200000000007483,-0.48000000000004805
8.03960396039604,-0.5000000000002268,-0.5200000000007441,-0.48000000000004783
8.04070407040704,-0.5000000000002255,-0.5200000000007399,-0.4800000000000475
8.04180418041804,-0.5000000000002243,-0.5200000000007358,-0.48000000000004717
8.042904290429043,-0.5000000000002229,-0.5200000000007317,-0.48000000000004694
8.044004400440043,-0.5000000000002216,-0.5200000000007275,-0.4800000000000466
8.045104510451045,-0.5000000000002203,-0.5200000000007234,-0.4800000000000464
8.046204620462046,-0.500000000000219,-0.5200000000007194,-0.48000000000004606
8.047304730473046,-0.5000000000002177,-0.5200000000007153,-0.4800000000000457
8.048404840484048,-0.5000000000002165,-0.5200000000007113,-0.4800000000000455
8.049504950495049,-0.5000000000002152,-0.5200000000007073,-0.48000000000004517
8.05060506050605,-0.5000000000002139,-0.5200000000007033,-0.48000000000004495
8.051705170517051,-0.5000000000002127,-0.5200000000006995,-0.4800000000000446
8.052805280528052,-0.5000000000002114,-0.5200000000006955,-0.4800000000000444
8.053905390539054,-0.5000000000002102,-0.5200000000006916,-0.48000000000004406
8.055005500550054,-0.5000000000002089,-0.5200000000006877,-0.48000000000004384
8.056105610561056,-0.5000000000002077,-0.5200000000006839,-0.4800000000000436
8.057205720572057,-0.5000000000002065,-0.52000000000068,-0.4800000000000433
8.058305830583057,-0.5000000000002053,-0.5200000000006763,-0.48000000000004306
8.05940594059406,-0.5000000000002041,-0.5200000000006725,-0.4800000000000427
8.06050605060506,-0.500000000000203,-0.5200000000006687,-0.4800000000000425
8.06160616061606,-0.5000000000002017,-0.5200000000006649,-0.4800000000000423
8.062706270627062,-0.5000000000002005,-0.5200000000006612,-0.48000000000004195
8.063806380638063,-0.5000000000001994,-0.5200000000006575,-0.4800000000000417
8.064906490649065,-0.5000000000001982,-0.5200000000006538,-0.4800000000000415
8.066006600660065,-0.5000000000001971,-0.5200000000006502,-0.48000000000004117
8.067106710671066,-0.5000000000001958,-0.5200000000006465,-0.48000000000004095
8.068206820682068,-0.5000000000001947,-0.5200000000006428,-0.4800000000000407
8.069306930693068,-0.5000000000001936,-0.5200000000006393,-0.4800000000000404
8.07040704070407,-0.5000000000001924,-0.5200000000006356,-0.4800000000000402
8.071507150715071,-0.5000000000001913,-0.5200000000006321,-0.48000000000003995
8.072607260726071,-0.5000000000001902,-0.5200000000006285,-0.48000000000003973
8.073707370737074,-0.5000000000001891,-0.520000000000625,-0.4800000000000395
8.074807480748074,-0.500000000000188,-0.5200000000006215,-0.4800000000000392
8.075907590759076,-0.5000000000001869,-0.520000000000618,-0.48000000000003895
8.077007700770077,-0.5000000000001857,-0.5200000000006145,-0.48000000000003873
8.078107810781077,-0.5000000000001847,-0.5200000000006111,-0.4800000000000385
8.07920792079208,-0.5000000000001836,-0.5200000000006076,-0.4800000000000383
8.08030803080308,-0.5000000000001825,-0.5200000000006043,-0.48000000000003806
8.08140814081408,-0.5000000000001814,-0.5200000000006009,-0.48000000000003773
8.082508250825082,-0.5000000000001804,-0.5200000000005975,-0.4800000000000375
8.083608360836083,-0.5000000000001793,-0.5200000000005942,-0.4800000000000373
8.084708470847085,-0.5000000000001783,-0.5200000000005909,-0.48000000000003706
8.085808580858085,-0.5000000000001772,-0.5200000000005875,-0.48000000000003684
8.086908690869086,-0.5000000000001762,-0.5200000000005842,-0.4800000000000366
8.088008800880088,-0.5000000000001752,-0.5200000000005809,-0.4800000000000364
8.089108910891088,-0.5000000000001741,-0.5200000000005777,-0.4800000000000362
8.09020902090209,-0.5000000000001731,-0.5200000000005744,-0.48000000000003595
8.091309130913091,-0.5000000000001721,-0.5200000000005712,-0.48000000000003573
8.092409240924091,-0.5000000000001711,-0.520000000000568,-0.4800000000000355
8.093509350935093,-0.5000000000001701,-0.5200000000005648,-0.4800000000000353
8.094609460946094,-0.5000000000001691,-0.5200000000005617,-0.48000000000003507
8.095709570957096,-0.5000000000001681,-0.5200000000005586,-0.48000000000003484
8.096809680968097,-0.5000000000001671,-0.5200000000005554,-0.4800000000000346
8.097909790979097,-0.5000000000001661,-0.5200000000005522,-0.4800000000000344
8.099009900990099,-0.5000000000001652,-0.5200000000005491,-0.4800000000000342
8.1001100110011,-0.5000000000001642,-0.5200000000005461,-0.48000000000003396
8.1012101210121,-0.5000000000001632,-0.520000000000543,-0.48000000000003384
8.102310231023102,-0.5000000000001623,-0.5200000000005399,-0.4800000000000336
8.103410341034103,-0.5000000000001613,-0.5200000000005369,-0.4800000000000334
8.104510451045105,-0.5000000000001604,-0.5200000000005339,-0.4800000000000332
8.105610561056105,-0.5000000000001594,-0.5200000000005309,-0.48000000000003296
8.106710671067106,-0.5000000000001585,-0.5200000000005279,-0.48000000000003273
8.107810781078108,-0.5000000000001575,-0.520000000000525,-0.4800000000000325
8.108910891089108,-0.5000000000001567,-0.520000000000522,-0.4800000000000324
8.11001100110011,-0.5000000000001558,-0.5200000000005192,-0.4800000000000322
8.11111111111111,-0.5000000000001549,-0.5200000000005162,-0.48000000000003196
8.112211221122111,-0.5000000000001539,-0.5200000000005133,-0.48000000000003173
8.113311331133113,-0.500000000000153,-0.5200000000005104,-0.4800000000000316
8.114411441144114,-0.5000000000001521,-0.5200000000005076,-0.4800000000000314
8.115511551155116,-0.5000000000001512,-0.5200000000005047,-0.4800000000000312
8.116611661166116,-0.5000000000001503,-0.520000000000502,-0.48000000000003096
8.117711771177117,-0.5000000000001494,-0.5200000000004991,-0.48000000000003085
8.118811881188119,-0.5000000000001485,-0.5200000000004963,-0.4800000000000306
8.11991199119912,-0.5000000000001478,-0.5200000000004935,-0.4800000000000304
8.12101210121012,-0.5000000000001469,-0.5200000000004907,-0.4800000000000302
8.122112211221122,-0.500000000000146,-0.520000000000488,-0.48000000000003007
8.123212321232122,-0.5000000000001451,-0.5200000000004853,-0.48000000000002985
8.124312431243125,-0.5000000000001443,-0.5200000000004825,-0.4800000000000296
8.125412541254125,-0.5000000000001434,-0.5200000000004799,-0.4800000000000295
8.126512651265125,-0.5000000000001426,-0.5200000000004771,-0.4800000000000293
8.127612761276128,-0.5000000000001418,-0.5200000000004744,-0.48000000000002907
8.128712871287128,-0.500000000000141,-0.5200000000004718,-0.48000000000002896
8.12981298129813,-0.5000000000001401,-0.5200000000004691,-0.48000000000002874
8.13091309130913,-0.5000000000001393,-0.5200000000004665,-0.4800000000000286
8.132013201320131,-0.5000000000001384,-0.5200000000004639,-0.4800000000000284
8.133113311331133,-0.5000000000001377,-0.5200000000004613,-0.4800000000000283
8.134213421342134,-0.5000000000001369,-0.5200000000004587,-0.48000000000002807
8.135313531353134,-0.5000000000001361,-0.5200000000004561,-0.48000000000002785
8.136413641364136,-0.5000000000001352,-0.5200000000004535,-0.48000000000002774
8.137513751375137,-0.5000000000001344,-0.520000000000451,-0.4800000000000275
8.138613861386139,-0.5000000000001337,-0.5200000000004485,-0.4800000000000274
8.13971397139714,-0.5000000000001329,-0.520000000000446,-0.4800000000000272
8.14081408140814,-0.5000000000001321,-0.5200000000004434,-0.48000000000002707
8.141914191419142,-0.5000000000001313,-0.520000000000441,-0.48000000000002685
8.143014301430142,-0.5000000000001306,-0.5200000000004386,-0.48000000000002674
8.144114411441144,-0.5000000000001298,-0.520000000000436,-0.4800000000000265
8.145214521452145,-0.500000000000129,-0.5200000000004337,-0.4800000000000264
8.146314631463145,-0.5000000000001283,-0.5200000000004312,-0.4800000000000262
8.147414741474147,-0.5000000000001276,-0.5200000000004288,-0.4800000000000261
8.148514851485148,-0.5000000000001268,-0.5200000000004263,-0.48000000000002585
8.14961496149615,-0.500000000000126,-0.520000000000424,-0.48000000000002574
8.15071507150715,-0.5000000000001253,-0.5200000000004216,-0.48000000000002563
8.15181518151815,-0.5000000000001246,-0.5200000000004192,-0.4800000000000254
8.152915291529153,-0.5000000000001239,-0.5200000000004169,-0.4800000000000253
8.154015401540153,-0.5000000000001231,-0.5200000000004146,-0.4800000000000251
8.155115511551154,-0.5000000000001223,-0.5200000000004122,-0.48000000000002496
8.156215621562156,-0.5000000000001217,-0.5200000000004099,-0.48000000000002485
8.157315731573156,-0.500000000000121,-0.5200000000004076,-0.48000000000002463
8.158415841584159,-0.5000000000001202,-0.5200000000004054,-0.4800000000000245
8.159515951595159,-0.5000000000001196,-0.520000000000403,-0.4800000000000243
8.16061606160616,-0.5000000000001189,-0.5200000000004008,-0.4800000000000242
8.161716171617162,-0.5000000000001181,-0.5200000000003985,-0.4800000000000241
8.162816281628162,-0.5000000000001175,-0.5200000000003963,-0.48000000000002385
8.163916391639164,-0.5000000000001168,-0.520000000000394,-0.48000000000002374
8.165016501650165,-0.5000000000001161,-0.5200000000003918,-0.48000000000002363
8.166116611661165,-0.5000000000001155,-0.5200000000003897,-0.4800000000000234
8.167216721672167,-0.5000000000001148,-0.5200000000003875,-0.4800000000000233
8.168316831683168,-0.500000000000114,-0.5200000000003853,-0.4800000000000232
8.16941694169417,-0.5000000000001134,-0.5200000000003832,-0.4800000000000231
8.17051705170517,-0.5000000000001127,-0.520000000000381,-0.48000000000002285
8.17161716171617,-0.5000000000001121,-0.5200000000003788,-0.48000000000002274
8.172717271727173,-0.5000000000001115,-0.5200000000003767,-0.48000000000002263
8.173817381738173,-0.5000000000001108,-0.5200000000003746,-0.4800000000000224
8.174917491749174,-0.5000000000001101,-0.5200000000003725,-0.4800000000000223
8.176017601760176,-0.5000000000001095,-0.5200000000003704,-0.4800000000000222
8.177117711771176,-0.5000000000001088,-0.5200000000003684,-0.4800000000000221
8.178217821782178,-0.5000000000001081,-0.5200000000003663,-0.48000000000002185
8.179317931793179,-0.5000000000001076,-0.5200000000003643,-0.48000000000002174
8.18041804180418,-0.5000000000001069,-0.5200000000003622,-0.48000000000002163
8.181518151815181,-0.5000000000001064,-0.5200000000003602,-0.4800000000000215
8.182618261826182,-0.5000000000001057,-0.5200000000003582,-0.4800000000000214
8.183718371837184,-0.500000000000105,-0.5200000000003562,-0.4800000000000212
8.184818481848184,-0.5000000000001045,-0.5200000000003542,-0.4800000000000211
8.185918591859185,-0.5000000000001038,-0.5200000000003522,-0.48000000000002097
8.187018701870187,-0.5000000000001033,-0.5200000000003502,-0.48000000000002085
8.188118811881187,-0.5000000000001026,-0.5200000000003482,-0.48000000000002074
8.18921892189219,-0.500000000000102,-0.5200000000003463,-0.48000000000002063
8.19031903190319,-0.5000000000001015,-0.5200000000003443,-0.4800000000000205
8.19141914191419,-0.5000000000001008,-0.5200000000003424,-0.4800000000000203
8.192519251925193,-0.5000000000001003,-0.5200000000003404,-0.4800000000000202
8.193619361936193,-0.5000000000000997,-0.5200000000003385,-0.4800000000000201
8.194719471947193,-0.500000000000099,-0.5200000000003366,-0.48000000000001997
8.195819581958196,-0.5000000000000985,-0.5200000000003348,-0.48000000000001986
8.196919691969196,-0.5000000000000979,-0.5200000000003329,-0.48000000000001974
8.198019801980198,-0.5000000000000974,-0.520000000000331,-0.48000000000001963
8.199119911991199,-0.5000000000000968,-0.5200000000003292,-0.4800000000000195
8.200220022002199,-0.5000000000000961,-0.5200000000003273,-0.4800000000000193
8.201320132013201,-0.5000000000000956,-0.5200000000003255,-0.4800000000000192
8.202420242024202,-0.500000000000095,-0.5200000000003236,-0.4800000000000191
8.203520352035204,-0.5000000000000945,-0.5200000000003219,-0.48000000000001897
8.204620462046204,-0.5000000000000939,-0.52000000000032,-0.48000000000001886
8.205720572057205,-0.5000000000000934,-0.5200000000003182,-0.48000000000001875
8.206820682068207,-0.5000000000000928,-0.5200000000003164,-0.48000000000001863
8.207920792079207,-0.5000000000000924,-0.5200000000003147,-0.4800000000000185
8.20902090209021,-0.5000000000000918,-0.5200000000003129,-0.4800000000000184
8.21012101210121,-0.5000000000000913,-0.5200000000003111,-0.4800000000000183
8.21122112211221,-0.5000000000000907,-0.5200000000003094,-0.4800000000000182
8.212321232123212,-0.5000000000000902,-0.5200000000003077,-0.4800000000000181
8.213421342134213,-0.5000000000000897,-0.520000000000306,-0.48000000000001797
8.214521452145213,-0.5000000000000892,-0.5200000000003042,-0.48000000000001786
8.215621562156215,-0.5000000000000886,-0.5200000000003026,-0.48000000000001775
8.216721672167216,-0.500000000000088,-0.5200000000003009,-0.48000000000001763
8.217821782178218,-0.5000000000000876,-0.5200000000002991,-0.4800000000000175
8.218921892189218,-0.500000000000087,-0.5200000000002974,-0.4800000000000174
8.220022002200219,-0.5000000000000866,-0.5200000000002958,-0.4800000000000173
8.221122112211221,-0.500000000000086,-0.5200000000002941,-0.4800000000000172
8.222222222222221,-0.5000000000000855,-0.5200000000002925,-0.4800000000000171
8.223322332233224,-0.500000000000085,-0.5200000000002909,-0.48000000000001697
8.224422442244224,-0.5000000000000845,-0.5200000000002892,-0.48000000000001686
8.225522552255224,-0.500000000000084,-0.5200000000002876,-0.48000000000001675
8.226622662266227,-0.5000000000000835,-0.520000000000286,-0.48000000000001664
8.227722772277227,-0.500000000000083,-0.5200000000002843,-0.48000000000001664
8.228822882288227,-0.5000000000000826,-0.5200000000002828,-0.4800000000000165
8.22992299229923,-0.500000000000082,-0.5200000000002812,-0.4800000000000164
8.23102310231023,-0.5000000000000816,-0.5200000000002796,-0.4800000000000163
8.232123212321232,-0.5000000000000812,-0.520000000000278,-0.4800000000000162
8.233223322332233,-0.5000000000000806,-0.5200000000002765,-0.4800000000000161
8.234323432343233,-0.5000000000000802,-0.5200000000002749,-0.48000000000001597
8.235423542354235,-0.5000000000000797,-0.5200000000002734,-0.48000000000001586
8.236523652365236,-0.5000000000000793,-0.5200000000002719,-0.48000000000001575
8.237623762376238,-0.5000000000000788,-0.5200000000002704,-0.48000000000001564
8.238723872387238,-0.5000000000000783,-0.5200000000002688,-0.48000000000001564
8.239823982398239,-0.5000000000000778,-0.5200000000002674,-0.4800000000000155
8.24092409240924,-0.5000000000000774,-0.5200000000002658,-0.4800000000000154
8.242024202420241,-0.5000000000000769,-0.5200000000002644,-0.4800000000000153
8.243124312431243,-0.5000000000000765,-0.5200000000002628,-0.4800000000000152
8.244224422442244,-0.500000000000076,-0.5200000000002614,-0.4800000000000151
8.245324532453244,-0.5000000000000756,-0.5200000000002599,-0.48000000000001497
8.246424642464246,-0.5000000000000752,-0.5200000000002585,-0.48000000000001497
8.247524752475247,-0.5000000000000747,-0.520000000000257,-0.48000000000001486
8.248624862486247,-0.5000000000000743,-0.5200000000002556,-0.48000000000001475
8.24972497249725,-0.5000000000000738,-0.5200000000002541,-0.48000000000001464
8.25082508250825,-0.5000000000000734,-0.5200000000002527,-0.4800000000000145
8.251925192519252,-0.5000000000000729,-0.5200000000002513,-0.4800000000000144
8.253025302530252,-0.5000000000000726,-0.5200000000002498,-0.4800000000000144
8.254125412541253,-0.5000000000000722,-0.5200000000002485,-0.4800000000000143
8.255225522552255,-0.5000000000000717,-0.520000000000247,-0.4800000000000142
8.256325632563255,-0.5000000000000713,-0.5200000000002457,-0.4800000000000141
8.257425742574258,-0.5000000000000708,-0.5200000000002443,-0.4800000000000141
8.258525852585258,-0.5000000000000704,-0.5200000000002429,-0.48000000000001397
8.259625962596258,-0.50000000000007,-0.5200000000002416,-0.48000000000001386
8.26072607260726,-0.5000000000000696,-0.5200000000002403,-0.48000000000001375
8.261826182618261,-0.5000000000000693,-0.5200000000002388,-0.48000000000001364
8.262926292629263,-0.5000000000000688,-0.5200000000002375,-0.48000000000001364
8.264026402640264,-0.5000000000000684,-0.5200000000002362,-0.4800000000000135
8.265126512651264,-0.5000000000000681,-0.5200000000002348,-0.4800000000000134
8.266226622662266,-0.5000000000000676,-0.5200000000002336,-0.4800000000000133
8.267326732673267,-0.5000000000000672,-0.5200000000002323,-0.4800000000000133
8.268426842684267,-0.5000000000000668,-0.5200000000002309,-0.4800000000000132
8.26952695269527,-0.5000000000000664,-0.5200000000002296,-0.4800000000000131
8.27062706270627,-0.5000000000000661,-0.5200000000002284,-0.48000000000001297
8.271727172717272,-0.5000000000000656,-0.5200000000002271,-0.48000000000001297
8.272827282728272,-0.5000000000000653,-0.5200000000002258,-0.48000000000001286
8.273927392739273,-0.5000000000000648,-0.5200000000002245,-0.48000000000001275
8.275027502750275,-0.5000000000000645,-0.5200000000002233,-0.48000000000001275
8.276127612761275,-0.5000000000000642,-0.5200000000002221,-0.48000000000001264
8.277227722772277,-0.5000000000000637,-0.5200000000002208,-0.48000000000001253
8.278327832783278,-0.5000000000000634,-0.5200000000002195,-0.4800000000000124
8.279427942794278,-0.5000000000000631,-0.5200000000002183,-0.4800000000000124
8.28052805280528,-0.5000000000000626,-0.5200000000002171,-0.4800000000000123
8.281628162816281,-0.5000000000000623,-0.5200000000002158,-0.4800000000000122
8.282728272827283,-0.500000000000062,-0.5200000000002146,-0.4800000000000122
8.283828382838283,-0.5000000000000615,-0.5200000000002135,-0.4800000000000121
8.284928492849284,-0.5000000000000612,-0.5200000000002123,-0.480000000000012
8.286028602860286,-0.5000000000000608,-0.5200000000002111,-0.480000000000012
8.287128712871286,-0.5000000000000605,-0.5200000000002098,-0.48000000000001186
8.288228822882287,-0.5000000000000602,-0.5200000000002087,-0.48000000000001175
8.289328932893289,-0.5000000000000597,-0.5200000000002075,-0.48000000000001175
8.29042904290429,-0.5000000000000594,-0.5200000000002064,-0.48000000000001164
8.291529152915292,-0.5000000000000591,-0.5200000000002052,-0.48000000000001153
8.292629262926292,-0.5000000000000587,-0.5200000000002041,-0.48000000000001153
8.293729372937293,-0.5000000000000584,-0.520000000000203,-0.4800000000000114
8.294829482948295,-0.5000000000000581,-0.5200000000002017,-0.4800000000000113
8.295929592959295,-0.5000000000000577,-0.5200000000002006,-0.4800000000000113
8.297029702970297,-0.5000000000000574,-0.5200000000001995,-0.4800000000000112
8.298129812981298,-0.5000000000000571,-0.5200000000001984,-0.4800000000000112
8.299229922992298,-0.5000000000000566,-0.5200000000001973,-0.4800000000000111
8.3003300330033,-0.5000000000000564,-0.5200000000001962,-0.480000000000011
8.3014301430143,-0.5000000000000561,-0.5200000000001951,-0.480000000000011
8.302530253025303,-0.5000000000000557,-0.520000000000194,-0.48000000000001086
8.303630363036303,-0.5000000000000554,-0.5200000000001929,-0.48000000000001086
8.304730473047304,-0.5000000000000551,-0.5200000000001919,-0.48000000000001075
8.305830583058306,-0.5000000000000547,-0.5200000000001908,-0.48000000000001064
8.306930693069306,-0.5000000000000544,-0.5200000000001896,-0.48000000000001064
8.308030803080307,-0.5000000000000541,-0.5200000000001886,-0.48000000000001053
8.309130913091309,-0.5000000000000537,-0.5200000000001875,-0.48000000000001053
8.31023102310231,-0.5000000000000534,-0.5200000000001865,-0.4800000000000104
8.311331133113312,-0.5000000000000532,-0.5200000000001854,-0.4800000000000103
8.312431243124312,-0.5000000000000528,-0.5200000000001844,-0.4800000000000103
8.313531353135312,-0.5000000000000525,-0.5200000000001834,-0.4800000000000102
8.314631463146315,-0.5000000000000522,-0.5200000000001823,-0.4800000000000102
8.315731573157315,-0.500000000000052,-0.5200000000001813,-0.4800000000000101
8.316831683168317,-0.5000000000000516,-0.5200000000001803,-0.4800000000000101
8.317931793179318,-0.5000000000000513,-0.5200000000001793,-0.48000000000001
8.319031903190318,-0.500000000000051,-0.5200000000001783,-0.48000000000000986
8.32013201320132,-0.5000000000000507,-0.5200000000001773,-0.48000000000000986
8.32123212321232,-0.5000000000000504,-0.5200000000001763,-0.48000000000000975
8.322332233223323,-0.5000000000000501,-0.5200000000001753,-0.48000000000000975
8.323432343234323,-0.5000000000000498,-0.5200000000001743,-0.48000000000000964
8.324532453245324,-0.5000000000000495,-0.5200000000001733,-0.48000000000000964
8.325632563256326,-0.5000000000000492,-0.5200000000001724,-0.48000000000000953
8.326732673267326,-0.500000000000049,-0.5200000000001714,-0.48000000000000953
8.327832783278327,-0.5000000000000486,-0.5200000000001704,-0.4800000000000094
8.328932893289329,-0.5000000000000484,-0.5200000000001695,-0.4800000000000094
8.33003300330033,-0.5000000000000481,-0.5200000000001685,-0.4800000000000093
8.331133113311331,-0.5000000000000477,-0.5200000000001676,-0.4800000000000093
8.332233223322332,-0.5000000000000475,-0.5200000000001667,-0.4800000000000092
8.333333333333332,-0.5000000000000473,-0.5200000000001658,-0.4800000000000092
8.334433443344334,-0.500000000000047,-0.5200000000001648,-0.4800000000000091
8.335533553355335,-0.5000000000000466,-0.5200000000001639,-0.4800000000000091
8.336633663366337,-0.5000000000000464,-0.520000000000163,-0.480000000000009
8.337733773377337,-0.5000000000000462,-0.520000000000162,-0.48000000000000886
8.338833883388338,-0.5000000000000459,-0.5200000000001611,-0.48000000000000886
8.33993399339934,-0.5000000000000456,-0.5200000000001602,-0.48000000000000886
8.34103410341034,-0.5000000000000453,-0.5200000000001593,-0.48000000000000875
8.34213421342134,-0.5000000000000451,-0.5200000000001584,-0.48000000000000875
8.343234323432343,-0.5000000000000449,-0.5200000000001576,-0.48000000000000864
8.344334433443343,-0.5000000000000445,-0.5200000000001567,-0.48000000000000864
8.345434543454346,-0.5000000000000443,-0.5200000000001558,-0.48000000000000853
8.346534653465346,-0.500000000000044,-0.5200000000001549,-0.48000000000000853
8.347634763476346,-0.5000000000000437,-0.520000000000154,-0.4800000000000084
8.348734873487349,-0.5000000000000435,-0.5200000000001531,-0.4800000000000084
8.349834983498349,-0.5000000000000433,-0.5200000000001523,-0.4800000000000083
8.350935093509351,-0.500000000000043,-0.5200000000001515,-0.4800000000000083
8.352035203520352,-0.5000000000000427,-0.5200000000001506,-0.4800000000000082
8.353135313531352,-0.5000000000000425,-0.5200000000001498,-0.4800000000000082
8.354235423542354,-0.5000000000000423,-0.5200000000001489,-0.4800000000000081
8.355335533553355,-0.500000000000042,-0.5200000000001481,-0.4800000000000081
8.356435643564357,-0.5000000000000417,-0.5200000000001472,-0.480000000000008
8.357535753575357,-0.5000000000000415,-0.5200000000001465,-0.480000000000008
8.358635863586358,-0.5000000000000413,-0.5200000000001456,-0.480000000000008
8.35973597359736,-0.5000000000000411,-0.5200000000001448,-0.48000000000000786
8.36083608360836,-0.5000000000000407,-0.520000000000144,-0.48000000000000786
8.36193619361936,-0.5000000000000405,-0.5200000000001431,-0.48000000000000775
8.363036303630363,-0.5000000000000403,-0.5200000000001423,-0.48000000000000775
8.364136413641363,-0.5000000000000401,-0.5200000000001416,-0.48000000000000764
8.365236523652365,-0.5000000000000399,-0.5200000000001408,-0.48000000000000764
8.366336633663366,-0.5000000000000396,-0.52000000000014,-0.48000000000000764
8.367436743674366,-0.5000000000000394,-0.5200000000001392,-0.48000000000000753
8.368536853685368,-0.5000000000000392,-0.5200000000001385,-0.48000000000000753
8.369636963696369,-0.5000000000000389,-0.5200000000001377,-0.4800000000000074
8.370737073707371,-0.5000000000000386,-0.5200000000001369,-0.4800000000000074
8.371837183718371,-0.5000000000000384,-0.5200000000001361,-0.4800000000000073
8.372937293729372,-0.5000000000000382,-0.5200000000001354,-0.4800000000000073
8.374037403740374,-0.500000000000038,-0.5200000000001346,-0.4800000000000073
8.375137513751374,-0.5000000000000377,-0.5200000000001338,-0.4800000000000072
8.376237623762377,-0.5000000000000375,-0.5200000000001331,-0.4800000000000072
8.377337733773377,-0.5000000000000373,-0.5200000000001324,-0.4800000000000071
8.378437843784377,-0.5000000000000371,-0.5200000000001316,-0.4800000000000071
8.37953795379538,-0.5000000000000369,-0.5200000000001308,-0.4800000000000071
8.38063806380638,-0.5000000000000366,-0.5200000000001301,-0.480000000000007
8.38173817381738,-0.5000000000000365,-0.5200000000001294,-0.480000000000007
8.382838283828383,-0.5000000000000363,-0.5200000000001287,-0.48000000000000687
8.383938393839383,-0.5000000000000361,-0.5200000000001279,-0.48000000000000687
8.385038503850385,-0.5000000000000359,-0.5200000000001272,-0.48000000000000687
8.386138613861386,-0.5000000000000356,-0.5200000000001265,-0.48000000000000675
8.387238723872386,-0.5000000000000354,-0.5200000000001258,-0.48000000000000675
8.388338833883388,-0.5000000000000352,-0.5200000000001251,-0.48000000000000675
8.389438943894389,-0.500000000000035,-0.5200000000001244,-0.48000000000000664
8.39053905390539,-0.5000000000000349,-0.5200000000001237,-0.48000000000000664
8.391639163916391,-0.5000000000000346,-0.520000000000123,-0.48000000000000653
8.392739273927392,-0.5000000000000344,-0.5200000000001224,-0.48000000000000653
8.393839383938394,-0.5000000000000342,-0.5200000000001216,-0.48000000000000653
8.394939493949394,-0.500000000000034,-0.5200000000001209,-0.4800000000000064
8.396039603960396,-0.5000000000000338,-0.5200000000001203,-0.4800000000000064
8.397139713971397,-0.5000000000000336,-0.5200000000001196,-0.4800000000000064
8.398239823982397,-0.5000000000000334,-0.5200000000001189,-0.4800000000000063
8.3993399339934,-0.5000000000000332,-0.5200000000001183,-0.4800000000000063
8.4004400440044,-0.500000000000033,-0.5200000000001176,-0.4800000000000063
8.4015401540154,-0.5000000000000329,-0.5200000000001169,-0.4800000000000062
8.402640264026402,-0.5000000000000326,-0.5200000000001163,-0.4800000000000062
8.403740374037403,-0.5000000000000324,-0.5200000000001156,-0.4800000000000062
8.404840484048405,-0.5000000000000322,-0.5200000000001149,-0.4800000000000061
8.405940594059405,-0.5000000000000321,-0.5200000000001144,-0.4800000000000061
8.407040704070406,-0.5000000000000319,-0.5200000000001137,-0.4800000000000061
8.408140814081408,-0.5000000000000316,-0.520000000000113,-0.480000000000006
8.409240924092408,-0.5000000000000315,-0.5200000000001124,-0.480000000000006
8.41034103410341,-0.5000000000000313,-0.5200000000001118,-0.480000000000006
8.411441144114411,-0.5000000000000311,-0.5200000000001112,-0.48000000000000587
8.412541254125411,-0.500000000000031,-0.5200000000001105,-0.48000000000000587
8.413641364136414,-0.5000000000000308,-0.5200000000001099,-0.48000000000000576
8.414741474147414,-0.5000000000000306,-0.5200000000001093,-0.48000000000000576
8.415841584158416,-0.5000000000000304,-0.5200000000001087,-0.48000000000000576
8.416941694169417,-0.5000000000000302,-0.520000000000108,-0.48000000000000576
8.418041804180417,-0.5000000000000301,-0.5200000000001075,-0.48000000000000564
8.41914191419142,-0.5000000000000299,-0.5200000000001068,-0.48000000000000564
8.42024202420242,-0.5000000000000298,-0.5200000000001063,-0.48000000000000564
8.42134213421342,-0.5000000000000295,-0.5200000000001057,-0.48000000000000553
8.422442244224422,-0.5000000000000293,-0.520000000000105,-0.48000000000000553
8.423542354235423,-0.5000000000000292,-0.5200000000001045,-0.48000000000000553
8.424642464246425,-0.500000000000029,-0.5200000000001039,-0.4800000000000054
8.425742574257425,-0.5000000000000289,-0.5200000000001033,-0.4800000000000054
8.426842684268426,-0.5000000000000286,-0.5200000000001027,-0.4800000000000054
8.427942794279428,-0.5000000000000285,-0.5200000000001022,-0.4800000000000053
8.429042904290428,-0.5000000000000283,-0.5200000000001016,-0.4800000000000053
8.43014301430143,-0.5000000000000282,-0.520000000000101,-0.4800000000000053
8.43124312431243,-0.500000000000028,-0.5200000000001005,-0.4800000000000053
8.432343234323431,-0.5000000000000279,-0.5200000000000999,-0.4800000000000052
8.433443344334433,-0.5000000000000276,-0.5200000000000994,-0.4800000000000052
8.434543454345434,-0.5000000000000275,-0.5200000000000988,-0.4800000000000052
8.435643564356434,-0.5000000000000273,-0.5200000000000983,-0.4800000000000051
8.436743674367436,-0.5000000000000272,-0.5200000000000977,-0.4800000000000051
8.437843784378437,-0.5000000000000271,-0.5200000000000972,-0.4800000000000051
8.438943894389439,-0.5000000000000269,-0.5200000000000966,-0.4800000000000051
8.44004400440044,-0.5000000000000268,-0.520000000000096,-0.480000000000005
8.44114411441144,-0.5000000000000265,-0.5200000000000955,-0.480000000000005
8.442244224422442,-0.5000000000000264,-0.5200000000000949,-0.480000000000005
8.443344334433442,-0.5000000000000262,-0.5200000000000944,-0.48000000000000487
8.444444444444445,-0.5000000000000261,-0.5200000000000939,-0.48000000000000487
8.445544554455445,-0.500000000000026,-0.5200000000000934,-0.48000000000000487
8.446644664466445,-0.5000000000000258,-0.5200000000000928,-0.48000000000000487
8.447744774477448,-0.5000000000000256,-0.5200000000000924,-0.48000000000000476
8.448844884488448,-0.5000000000000255,-0.5200000000000918,-0.48000000000000476
8.44994499449945,-0.5000000000000253,-0.5200000000000913,-0.48000000000000476
8.45104510451045,-0.5000000000000252,-0.5200000000000908,-0.48000000000000476
8.452145214521451,-0.5000000000000251,-0.5200000000000903,-0.48000000000000465
8.453245324532453,-0.5000000000000249,-0.5200000000000897,-0.48000000000000465
8.454345434543454,-0.5000000000000248,-0.5200000000000893,-0.48000000000000465
8.455445544554454,-0.5000000000000246,-0.5200000000000887,-0.48000000000000465
8.456545654565456,-0.5000000000000244,-0.5200000000000883,-0.48000000000000453
8.457645764576457,-0.5000000000000243,-0.5200000000000877,-0.48000000000000453
8.458745874587459,-0.5000000000000242,-0.5200000000000873,-0.48000000000000453
8.45984598459846,-0.500000000000024,-0.5200000000000868,-0.48000000000000453
8.46094609460946,-0.5000000000000239,-0.5200000000000863,-0.4800000000000044
8.462046204620462,-0.5000000000000238,-0.5200000000000858,-0.4800000000000044
8.463146314631462,-0.5000000000000236,-0.5200000000000853,-0.4800000000000044
8.464246424642464,-0.5000000000000235,-0.5200000000000848,-0.4800000000000044
8.465346534653465,-0.5000000000000233,-0.5200000000000844,-0.4800000000000043
8.466446644664465,-0.5000000000000232,-0.520000000000084,-0.4800000000000043
8.467546754675467,-0.5000000000000231,-0.5200000000000834,-0.4800000000000043
8.468646864686468,-0.5000000000000229,-0.520000000000083,-0.4800000000000043
8.46974697469747,-0.5000000000000228,-0.5200000000000825,-0.4800000000000042
8.47084708470847,-0.5000000000000226,-0.5200000000000821,-0.4800000000000042
8.47194719471947,-0.5000000000000225,-0.5200000000000816,-0.4800000000000042
8.473047304730473,-0.5000000000000224,-0.5200000000000812,-0.4800000000000042
8.474147414741473,-0.5000000000000223,-0.5200000000000807,-0.4800000000000041
8.475247524752474,-0.5000000000000221,-0.5200000000000802,-0.4800000000000041
8.476347634763476,-0.500000000000022,-0.5200000000000797,-0.4800000000000041
8.477447744774476,-0.5000000000000219,-0.5200000000000793,-0.4800000000000041
8.478547854785479,-0.5000000000000218,-0.5200000000000788,-0.480000000000004
8.479647964796479,-0.5000000000000216,-0.5200000000000784,-0.480000000000004
8.48074807480748,-0.5000000000000215,-0.520000000000078,-0.480000000000004
8.481848184818482,-0.5000000000000213,-0.5200000000000775,-0.480000000000004
8.482948294829482,-0.5000000000000212,-0.5200000000000772,-0.480000000000004
8.484048404840484,-0.5000000000000211,-0.5200000000000767,-0.48000000000000387
8.485148514851485,-0.500000000000021,-0.5200000000000763,-0.48000000000000387
8.486248624862485,-0.5000000000000209,-0.5200000000000758,-0.48000000000000387
8.487348734873487,-0.5000000000000208,-0.5200000000000754,-0.48000000000000387
8.488448844884488,-0.5000000000000207,-0.520000000000075,-0.48000000000000376
8.48954895489549,-0.5000000000000205,-0.5200000000000745,-0.48000000000000376
8.49064906490649,-0.5000000000000204,-0.5200000000000742,-0.48000000000000376
8.49174917491749,-0.5000000000000203,-0.5200000000000737,-0.48000000000000376
8.492849284928493,-0.5000000000000202,-0.5200000000000733,-0.48000000000000376
8.493949394939493,-0.50000000000002,-0.5200000000000728,-0.48000000000000365
8.495049504950494,-0.5000000000000199,-0.5200000000000725,-0.48000000000000365
8.496149614961496,-0.5000000000000198,-0.5200000000000721,-0.48000000000000365
8.497249724972496,-0.5000000000000197,-0.5200000000000717,-0.48000000000000365
8.498349834983498,-0.5000000000000195,-0.5200000000000713,-0.48000000000000365
8.499449944994499,-0.5000000000000194,-0.5200000000000708,-0.48000000000000353
8.5005500550055,-0.5000000000000193,-0.5200000000000705,-0.48000000000000353
8.501650165016502,-0.5000000000000192,-0.5200000000000701,-0.48000000000000353
8.502750275027502,-0.5000000000000191,-0.5200000000000697,-0.48000000000000353
8.503850385038504,-0.500000000000019,-0.5200000000000693,-0.48000000000000353
8.504950495049505,-0.5000000000000189,-0.520000000000069,-0.4800000000000034
8.506050605060505,-0.5000000000000188,-0.5200000000000685,-0.4800000000000034
8.507150715071507,-0.5000000000000187,-0.5200000000000682,-0.4800000000000034
8.508250825082508,-0.5000000000000185,-0.5200000000000677,-0.4800000000000034
8.50935093509351,-0.5000000000000184,-0.5200000000000674,-0.4800000000000034
8.51045104510451,-0.5000000000000183,-0.520000000000067,-0.4800000000000033
8.51155115511551,-0.5000000000000182,-0.5200000000000666,-0.4800000000000033
8.512651265126513,-0.5000000000000181,-0.5200000000000663,-0.4800000000000033
8.513751375137513,-0.500000000000018,-0.5200000000000659,-0.4800000000000033
8.514851485148514,-0.5000000000000179,-0.5200000000000655,-0.4800000000000033
8.515951595159516,-0.5000000000000178,-0.5200000000000652,-0.4800000000000033
8.517051705170516,-0.5000000000000178,-0.5200000000000647,-0.4800000000000032
8.518151815181518,-0.5000000000000175,-0.5200000000000644,-0.4800000000000032
8.519251925192519,-0.5000000000000175,-0.5200000000000641,-0.4800000000000032
8.52035203520352,-0.5000000000000174,-0.5200000000000637,-0.4800000000000032
8.521452145214521,-0.5000000000000173,-0.5200000000000633,-0.4800000000000032
8.522552255225522,-0.5000000000000172,-0.520000000000063,-0.4800000000000031
8.523652365236524,-0.5000000000000171,-0.5200000000000626,-0.4800000000000031
8.524752475247524,-0.500000000000017,-0.5200000000000623,-0.4800000000000031
8.525852585258525,-0.5000000000000169,-0.520000000000062,-0.4800000000000031
8.526952695269527,-0.5000000000000168,-0.5200000000000616,-0.4800000000000031
8.528052805280527,-0.5000000000000167,-0.5200000000000613,-0.4800000000000031
8.52915291529153,-0.5000000000000167,-0.5200000000000609,-0.480000000000003
8.53025302530253,-0.5000000000000165,-0.5200000000000605,-0.480000000000003
8.53135313531353,-0.5000000000000164,-0.5200000000000602,-0.480000000000003
8.532453245324533,-0.5000000000000163,-0.5200000000000599,-0.480000000000003
8.533553355335533,-0.5000000000000162,-0.5200000000000595,-0.480000000000003
8.534653465346533,-0.5000000000000161,-0.5200000000000592,-0.480000000000003
8.535753575357536,-0.500000000000016,-0.5200000000000589,-0.48000000000000287
8.536853685368536,-0.500000000000016,-0.5200000000000585,-0.48000000000000287
8.537953795379538,-0.5000000000000159,-0.5200000000000582,-0.48000000000000287
8.539053905390539,-0.5000000000000158,-0.5200000000000579,-0.48000000000000287
8.540154015401539,-0.5000000000000157,-0.5200000000000575,-0.48000000000000287
8.541254125412541,-0.5000000000000155,-0.5200000000000572,-0.48000000000000287
8.542354235423542,-0.5000000000000154,-0.520000000000057,-0.48000000000000276
8.543454345434544,-0.5000000000000153,-0.5200000000000566,-0.48000000000000276
8.544554455445544,-0.5000000000000153,-0.5200000000000563,-0.48000000000000276
8.545654565456545,-0.5000000000000152,-0.520000000000056,-0.48000000000000276
8.546754675467547,-0.5000000000000151,-0.5200000000000556,-0.48000000000000276
8.547854785478547,-0.500000000000015,-0.5200000000000553,-0.48000000000000276
8.548954895489548,-0.5000000000000149,-0.5200000000000551,-0.48000000000000276
8.55005500550055,-0.5000000000000149,-0.5200000000000548,-0.48000000000000265
8.55115511551155,-0.5000000000000148,-0.5200000000000544,-0.48000000000000265
8.552255225522552,-0.5000000000000147,-0.5200000000000541,-0.48000000000000265
8.553355335533553,-0.5000000000000145,-0.5200000000000539,-0.48000000000000265
8.554455445544553,-0.5000000000000145,-0.5200000000000535,-0.48000000000000265
8.555555555555555,-0.5000000000000144,-0.5200000000000532,-0.48000000000000265
8.556655665566556,-0.5000000000000143,-0.5200000000000529,-0.48000000000000265
8.557755775577558,-0.5000000000000142,-0.5200000000000526,-0.48000000000000254
8.558855885588558,-0.5000000000000142,-0.5200000000000523,-0.48000000000000254
8.559955995599559,-0.5000000000000141,-0.520000000000052,-0.48000000000000254
8.561056105610561,-0.500000000000014,-0.5200000000000518,-0.48000000000000254
8.562156215621561,-0.5000000000000139,-0.5200000000000514,-0.48000000000000254
8.563256325632564,-0.5000000000000139,-0.5200000000000512,-0.48000000000000254
8.564356435643564,-0.5000000000000138,-0.5200000000000509,-0.4800000000000024
8.565456545654564,-0.5000000000000137,-0.5200000000000505,-0.4800000000000024
8.566556655665567,-0.5000000000000135,-0.5200000000000503,-0.4800000000000024
8.567656765676567,-0.5000000000000135,-0.52000000000005,-0.4800000000000024
8.568756875687567,-0.5000000000000134,-0.5200000000000498,-0.4800000000000024
8.56985698569857,-0.5000000000000133,-0.5200000000000494,-0.4800000000000024
8.57095709570957,-0.5000000000000133,-0.5200000000000492,-0.4800000000000024
8.572057205720572,-0.5000000000000132,-0.5200000000000489,-0.4800000000000024
8.573157315731573,-0.5000000000000131,-0.5200000000000486,-0.4800000000000023
8.574257425742573,-0.5000000000000131,-0.5200000000000484,-0.4800000000000023
8.575357535753575,-0.500000000000013,-0.5200000000000481,-0.4800000000000023
8.576457645764576,-0.5000000000000129,-0.5200000000000479,-0.4800000000000023
8.577557755775578,-0.5000000000000129,-0.5200000000000475,-0.4800000000000023
8.578657865786578,-0.5000000000000128,-0.5200000000000473,-0.4800000000000023
8.579757975797579,-0.5000000000000127,-0.520000000000047,-0.4800000000000023
8.58085808580858,-0.5000000000000125,-0.5200000000000468,-0.4800000000000022
8.581958195819581,-0.5000000000000125,-0.5200000000000465,-0.4800000000000022
8.583058305830583,-0.5000000000000124,-0.5200000000000462,-0.4800000000000022
8.584158415841584,-0.5000000000000124,-0.520000000000046,-0.4800000000000022
8.585258525852584,-0.5000000000000123,-0.5200000000000458,-0.4800000000000022
8.586358635863586,-0.5000000000000122,-0.5200000000000454,-0.4800000000000022
8.587458745874587,-0.5000000000000122,-0.5200000000000452,-0.4800000000000022
8.588558855885587,-0.5000000000000121,-0.520000000000045,-0.4800000000000022
8.58965896589659,-0.500000000000012,-0.5200000000000448,-0.4800000000000022
8.59075907590759,-0.500000000000012,-0.5200000000000444,-0.4800000000000021
8.591859185918592,-0.5000000000000119,-0.5200000000000442,-0.4800000000000021
8.592959295929592,-0.5000000000000118,-0.520000000000044,-0.4800000000000021
8.594059405940593,-0.5000000000000118,-0.5200000000000438,-0.4800000000000021
8.595159515951595,-0.5000000000000117,-0.5200000000000434,-0.4800000000000021
8.596259625962595,-0.5000000000000115,-0.5200000000000432,-0.4800000000000021
8.597359735973598,-0.5000000000000115,-0.520000000000043,-0.4800000000000021
8.598459845984598,-0.5000000000000114,-0.5200000000000428,-0.4800000000000021
8.599559955995598,-0.5000000000000114,-0.5200000000000425,-0.480000000000002
8.6006600660066,-0.5000000000000113,-0.5200000000000422,-0.480000000000002
8.601760176017601,-0.5000000000000113,-0.520000000000042,-0.480000000000002
8.602860286028603,-0.5000000000000112,-0.5200000000000418,-0.480000000000002
8.603960396039604,-0.5000000000000111,-0.5200000000000415,-0.480000000000002
8.605060506050604,-0.5000000000000111,-0.5200000000000413,-0.480000000000002
8.606160616061606,-0.500000000000011,-0.5200000000000411,-0.480000000000002
8.607260726072607,-0.5000000000000109,-0.5200000000000409,-0.480000000000002
8.608360836083607,-0.5000000000000109,-0.5200000000000407,-0.480000000000002
8.60946094609461,-0.5000000000000108,-0.5200000000000404,-0.480000000000002
8.61056105610561,-0.5000000000000108,-0.5200000000000402,-0.48000000000000187
8.611661166116612,-0.5000000000000107,-0.52000000000004,-0.48000000000000187
8.612761276127612,-0.5000000000000107,-0.5200000000000398,-0.48000000000000187
8.613861386138613,-0.5000000000000105,-0.5200000000000395,-0.48000000000000187
8.614961496149615,-0.5000000000000104,-0.5200000000000393,-0.48000000000000187
8.616061606160615,-0.5000000000000104,-0.5200000000000391,-0.48000000000000187
8.617161716171617,-0.5000000000000103,-0.5200000000000389,-0.48000000000000187
8.618261826182618,-0.5000000000000103,-0.5200000000000387,-0.48000000000000187
8.619361936193618,-0.5000000000000102,-0.5200000000000384,-0.48000000000000187
8.62046204620462,-0.5000000000000102,-0.5200000000000382,-0.48000000000000176
8.62156215621562,-0.5000000000000101,-0.520000000000038,-0.48000000000000176
8.622662266226623,-0.5000000000000101,-0.5200000000000378,-0.48000000000000176
8.623762376237623,-0.50000000000001,-0.5200000000000375,-0.48000000000000176
8.624862486248624,-0.50000000000001,-0.5200000000000373,-0.48000000000000176
8.625962596259626,-0.5000000000000099,-0.5200000000000371,-0.48000000000000176
8.627062706270626,-0.5000000000000099,-0.5200000000000369,-0.48000000000000176
8.628162816281627,-0.5000000000000098,-0.5200000000000368,-0.48000000000000176
8.629262926292629,-0.5000000000000098,-0.5200000000000365,-0.48000000000000176
8.63036303630363,-0.5000000000000097,-0.5200000000000363,-0.48000000000000165
8.631463146314632,-0.5000000000000095,-0.5200000000000361,-0.48000000000000165
8.632563256325632,-0.5000000000000095,-0.5200000000000359,-0.48000000000000165
8.633663366336632,-0.5000000000000095,-0.5200000000000357,-0.48000000000000165
8.634763476347635,-0.5000000000000094,-0.5200000000000355,-0.48000000000000165
8.635863586358635,-0.5000000000000093,-0.5200000000000353,-0.48000000000000165
8.636963696369637,-0.5000000000000093,-0.5200000000000351,-0.48000000000000165
8.638063806380638,-0.5000000000000093,-0.5200000000000349,-0.48000000000000165
8.639163916391638,-0.5000000000000092,-0.5200000000000347,-0.48000000000000165
8.64026402640264,-0.5000000000000092,-0.5200000000000345,-0.48000000000000165
8.64136413641364,-0.5000000000000091,-0.5200000000000343,-0.48000000000000165
8.642464246424641,-0.5000000000000091,-0.5200000000000341,-0.48000000000000165
8.643564356435643,-0.500000000000009,-0.520000000000034,-0.48000000000000154
8.644664466446644,-0.500000000000009,-0.5200000000000338,-0.48000000000000154
8.645764576457646,-0.5000000000000089,-0.5200000000000335,-0.48000000000000154
8.646864686468646,-0.5000000000000089,-0.5200000000000333,-0.48000000000000154
8.647964796479647,-0.5000000000000088,-0.5200000000000332,-0.48000000000000154
8.649064906490649,-0.5000000000000088,-0.520000000000033,-0.48000000000000154
8.65016501650165,-0.5000000000000087,-0.5200000000000328,-0.48000000000000154
8.651265126512651,-0.5000000000000087,-0.5200000000000327,-0.48000000000000154
8.652365236523652,-0.5000000000000085,-0.5200000000000324,-0.48000000000000154
8.653465346534652,-0.5000000000000085,-0.5200000000000322,-0.48000000000000154
8.654565456545654,-0.5000000000000084,-0.5200000000000321,-0.48000000000000154
8.655665566556655,-0.5000000000000084,-0.5200000000000319,-0.4800000000000014
8.656765676567657,-0.5000000000000084,-0.5200000000000318,-0.4800000000000014
8.657865786578657,-0.5000000000000083,-0.5200000000000315,-0.4800000000000014
8.658965896589658,-0.5000000000000083,-0.5200000000000313,-0.4800000000000014
8.66006600660066,-0.5000000000000082,-0.5200000000000312,-0.4800000000000014
8.66116611661166,-0.5000000000000082,-0.520000000000031,-0.4800000000000014
8.66226622662266,-0.5000000000000081,-0.5200000000000309,-0.4800000000000014
8.663366336633663,-0.5000000000000081,-0.5200000000000307,-0.4800000000000014
8.664466446644663,-0.5000000000000081,-0.5200000000000304,-0.4800000000000014
8.665566556655666,-0.500000000000008,-0.5200000000000303,-0.4800000000000014
8.666666666666666,-0.500000000000008,-0.5200000000000302,-0.4800000000000014
8.667766776677666,-0.5000000000000079,-0.52000000000003,-0.4800000000000014
8.668866886688669,-0.5000000000000079,-0.5200000000000298,-0.4800000000000014
8.669966996699669,-0.5000000000000078,-0.5200000000000297,-0.4800000000000013
8.671067106710671,-0.5000000000000078,-0.5200000000000294,-0.4800000000000013
8.672167216721672,-0.5000000000000078,-0.5200000000000293,-0.4800000000000013
8.673267326732672,-0.5000000000000077,-0.5200000000000291,-0.4800000000000013
8.674367436743674,-0.5000000000000077,-0.520000000000029,-0.4800000000000013
8.675467546754675,-0.5000000000000075,-0.5200000000000289,-0.4800000000000013
8.676567656765677,-0.5000000000000075,-0.5200000000000287,-0.4800000000000013
8.677667766776677,-0.5000000000000075,-0.5200000000000286,-0.4800000000000013
8.678767876787678,-0.5000000000000074,-0.5200000000000283,-0.4800000000000013
8.67986798679868,-0.5000000000000074,-0.5200000000000282,-0.4800000000000013
8.68096809680968,-0.5000000000000073,-0.520000000000028,-0.4800000000000013
8.68206820682068,-0.5000000000000073,-0.5200000000000279,-0.4800000000000013
8.683168316831683,-0.5000000000000073,-0.5200000000000277,-0.4800000000000013
8.684268426842683,-0.5000000000000072,-0.5200000000000276,-0.4800000000000012
8.685368536853685,-0.5000000000000072,-0.5200000000000274,-0.4800000000000012
8.686468646864686,-0.5000000000000071,-0.5200000000000272,-0.4800000000000012
8.687568756875686,-0.5000000000000071,-0.5200000000000271,-0.4800000000000012
8.688668866886688,-0.5000000000000071,-0.520000000000027,-0.4800000000000012
8.689768976897689,-0.500000000000007,-0.5200000000000268,-0.4800000000000012
8.690869086908691,-0.500000000000007,-0.5200000000000267,-0.4800000000000012
8.691969196919691,-0.500000000000007,-0.5200000000000266,-0.4800000000000012
8.693069306930692,-0.5000000000000069,-0.5200000000000263,-0.4800000000000012
8.694169416941694,-0.5000000000000069,-0.5200000000000262,-0.4800000000000012
8.695269526952695,-0.5000000000000069,-0.520000000000026,-0.4800000000000012
8.696369636963697,-0.5000000000000068,-0.5200000000000259,-0.4800000000000012
8.697469746974697,-0.5000000000000068,-0.5200000000000258,-0.4800000000000012
8.698569856985698,-0.5000000000000067,-0.5200000000000257,-0.4800000000000012
8.6996699669967,-0.5000000000000067,-0.5200000000000254,-0.4800000000000011
8.7007700770077,-0.5000000000000067,-0.5200000000000253,-0.4800000000000011
8.7018701870187,-0.5000000000000066,-0.5200000000000252,-0.4800000000000011
8.702970297029703,-0.5000000000000066,-0.5200000000000251,-0.4800000000000011
8.704070407040703,-0.5000000000000066,-0.5200000000000249,-0.4800000000000011
8.705170517051705,-0.5000000000000064,-0.5200000000000248,-0.4800000000000011
8.706270627062706,-0.5000000000000064,-0.5200000000000247,-0.4800000000000011
8.707370737073706,-0.5000000000000064,-0.5200000000000246,-0.4800000000000011
8.708470847084708,-0.5000000000000063,-0.5200000000000243,-0.4800000000000011
8.709570957095709,-0.5000000000000063,-0.5200000000000242,-0.4800000000000011
8.710671067106711,-0.5000000000000063,-0.5200000000000241,-0.4800000000000011
8.711771177117711,-0.5000000000000062,-0.520000000000024,-0.4800000000000011
8.712871287128712,-0.5000000000000062,-0.5200000000000238,-0.4800000000000011
8.713971397139714,-0.5000000000000062,-0.5200000000000237,-0.4800000000000011
8.715071507150714,-0.5000000000000061,-0.5200000000000236,-0.4800000000000011
8.716171617161717,-0.5000000000000061,-0.5200000000000234,-0.4800000000000011
8.717271727172717,-0.5000000000000061,-0.5200000000000233,-0.4800000000000011
8.718371837183717,-0.500000000000006,-0.5200000000000231,-0.480000000000001
8.71947194719472,-0.500000000000006,-0.520000000000023,-0.480000000000001
8.72057205720572,-0.500000000000006,-0.5200000000000229,-0.480000000000001
8.72167216721672,-0.500000000000006,-0.5200000000000228,-0.480000000000001
8.722772277227723,-0.5000000000000059,-0.5200000000000227,-0.480000000000001
8.723872387238723,-0.5000000000000059,-0.5200000000000226,-0.480000000000001
8.724972497249725,-0.5000000000000058,-0.5200000000000224,-0.480000000000001
8.726072607260726,-0.5000000000000058,-0.5200000000000222,-0.480000000000001
8.727172717271726,-0.5000000000000058,-0.5200000000000221,-0.480000000000001
8.728272827282728,-0.5000000000000058,-0.520000000000022,-0.480000000000001
8.729372937293729,-0.5000000000000057,-0.5200000000000219,-0.480000000000001
8.73047304730473,-0.5000000000000057,-0.5200000000000218,-0.480000000000001
8.731573157315731,-0.5000000000000057,-0.5200000000000217,-0.480000000000001
8.732673267326732,-0.5000000000000056,-0.5200000000000216,-0.480000000000001
8.733773377337734,-0.5000000000000056,-0.5200000000000214,-0.480000000000001
8.734873487348734,-0.5000000000000056,-0.5200000000000213,-0.480000000000001
8.735973597359736,-0.5000000000000056,-0.5200000000000211,-0.480000000000001
8.737073707370737,-0.5000000000000054,-0.520000000000021,-0.48000000000000087
8.738173817381737,-0.5000000000000054,-0.5200000000000209,-0.48000000000000087
8.73927392739274,-0.5000000000000054,-0.5200000000000208,-0.48000000000000087
8.74037403740374,-0.5000000000000053,-0.5200000000000207,-0.48000000000000087
8.74147414741474,-0.5000000000000053,-0.5200000000000206,-0.48000000000000087
8.742574257425742,-0.5000000000000053,-0.5200000000000204,-0.48000000000000087
8.743674367436743,-0.5000000000000053,-0.5200000000000203,-0.48000000000000087
8.744774477447745,-0.5000000000000052,-0.5200000000000202,-0.48000000000000087
8.745874587458745,-0.5000000000000052,-0.5200000000000201,-0.48000000000000087
8.746974697469746,-0.5000000000000052,-0.52000000000002,-0.48000000000000087
8.748074807480748,-0.5000000000000051,-0.5200000000000199,-0.48000000000000087
8.749174917491748,-0.5000000000000051,-0.5200000000000198,-0.48000000000000087
8.75027502750275,-0.5000000000000051,-0.5200000000000197,-0.48000000000000087
8.751375137513751,-0.5000000000000051,-0.5200000000000196,-0.48000000000000087
8.752475247524751,-0.500000000000005,-0.5200000000000194,-0.48000000000000087
8.753575357535754,-0.500000000000005,-0.5200000000000193,-0.48000000000000087
8.754675467546754,-0.500000000000005,-0.5200000000000192,-0.48000000000000087
8.755775577557754,-0.5000000000000049,-0.5200000000000191,-0.48000000000000087
8.756875687568757,-0.5000000000000049,-0.520000000000019,-0.48000000000000087
8.757975797579757,-0.5000000000000049,-0.5200000000000189,-0.48000000000000087
8.75907590759076,-0.5000000000000049,-0.5200000000000188,-0.48000000000000087
8.76017601760176,-0.5000000000000049,-0.5200000000000187,-0.48000000000000087
8.76127612761276,-0.5000000000000048,-0.5200000000000186,-0.48000000000000076
8.762376237623762,-0.5000000000000048,-0.5200000000000184,-0.48000000000000076
8.763476347634763,-0.5000000000000048,-0.5200000000000183,-0.48000000000000076
8.764576457645765,-0.5000000000000047,-0.5200000000000183,-0.48000000000000076
8.765676567656765,-0.5000000000000047,-0.5200000000000182,-0.48000000000000076
8.766776677667766,-0.5000000000000047,-0.5200000000000181,-0.48000000000000076
8.767876787678768,-0.5000000000000047,-0.520000000000018,-0.48000000000000076
8.768976897689768,-0.5000000000000047,-0.5200000000000179,-0.48000000000000076
8.77007700770077,-0.5000000000000046,-0.5200000000000178,-0.48000000000000076
8.77117711771177,-0.5000000000000046,-0.5200000000000177,-0.48000000000000076
8.772277227722771,-0.5000000000000046,-0.5200000000000176,-0.48000000000000076
8.773377337733773,-0.5000000000000044,-0.5200000000000174,-0.48000000000000076
8.774477447744774,-0.5000000000000044,-0.5200000000000173,-0.48000000000000076
8.775577557755774,-0.5000000000000044,-0.5200000000000173,-0.48000000000000076
8.776677667766776,-0.5000000000000044,-0.5200000000000172,-0.48000000000000076
8.777777777777777,-0.5000000000000044,-0.5200000000000171,-0.48000000000000076
8.778877887788779,-0.5000000000000043,-0.520000000000017,-0.48000000000000076
8.77997799779978,-0.5000000000000043,-0.5200000000000169,-0.48000000000000076
8.78107810781078,-0.5000000000000043,-0.5200000000000168,-0.48000000000000076
8.782178217821782,-0.5000000000000043,-0.5200000000000167,-0.48000000000000076
8.783278327832782,-0.5000000000000042,-0.5200000000000167,-0.48000000000000076
8.784378437843785,-0.5000000000000042,-0.5200000000000166,-0.48000000000000076
8.785478547854785,-0.5000000000000042,-0.5200000000000164,-0.48000000000000065
8.786578657865785,-0.5000000000000042,-0.5200000000000163,-0.48000000000000065
8.787678767876788,-0.5000000000000042,-0.5200000000000162,-0.48000000000000065
8.788778877887788,-0.5000000000000041,-0.5200000000000161,-0.48000000000000065
8.78987898789879,-0.5000000000000041,-0.5200000000000161,-0.48000000000000065
8.79097909790979,-0.5000000000000041,-0.520000000000016,-0.48000000000000065
8.792079207920791,-0.5000000000000041,-0.5200000000000159,-0.48000000000000065
8.793179317931793,-0.500000000000004,-0.5200000000000158,-0.48000000000000065
8.794279427942794,-0.500000000000004,-0.5200000000000157,-0.48000000000000065
8.795379537953794,-0.500000000000004,-0.5200000000000157,-0.48000000000000065
8.796479647964796,-0.500000000000004,-0.5200000000000156,-0.48000000000000065
8.797579757975797,-0.500000000000004,-0.5200000000000154,-0.48000000000000065
8.798679867986799,-0.5000000000000039,-0.5200000000000153,-0.48000000000000065
8.7997799779978,-0.5000000000000039,-0.5200000000000152,-0.48000000000000065
8.8008800880088,-0.5000000000000039,-0.5200000000000152,-0.48000000000000065
8.801980198019802,-0.5000000000000039,-0.5200000000000151,-0.48000000000000065
8.803080308030802,-0.5000000000000039,-0.520000000000015,-0.48000000000000065
8.804180418041804,-0.5000000000000038,-0.5200000000000149,-0.48000000000000065
8.805280528052805,-0.5000000000000038,-0.5200000000000149,-0.48000000000000065
8.806380638063805,-0.5000000000000038,-0.5200000000000148,-0.48000000000000065
8.807480748074807,-0.5000000000000038,-0.5200000000000147,-0.48000000000000065
8.808580858085808,-0.5000000000000038,-0.5200000000000146,-0.48000000000000065
8.80968096809681,-0.5000000000000037,-0.5200000000000146,-0.48000000000000065
8.81078107810781,-0.5000000000000037,-0.5200000000000145,-0.48000000000000065
8.81188118811881,-0.5000000000000037,-0.5200000000000143,-0.48000000000000065
8.812981298129813,-0.5000000000000037,-0.5200000000000143,-0.48000000000000065
8.814081408140813,-0.5000000000000037,-0.5200000000000142,-0.48000000000000065
8.815181518151814,-0.5000000000000036,-0.5200000000000141,-0.48000000000000065
8.816281628162816,-0.5000000000000036,-0.520000000000014,-0.48000000000000054
8.817381738173816,-0.5000000000000036,-0.520000000000014,-0.48000000000000054
8.818481848184819,-0.5000000000000036,-0.5200000000000139,-0.48000000000000054
8.819581958195819,-0.5000000000000036,-0.5200000000000138,-0.48000000000000054
8.82068206820682,-0.5000000000000036,-0.5200000000000138,-0.48000000000000054
8.821782178217822,-0.5000000000000034,-0.5200000000000137,-0.48000000000000054
8.822882288228822,-0.5000000000000034,-0.5200000000000136,-0.48000000000000054
8.823982398239824,-0.5000000000000034,-0.5200000000000135,-0.48000000000000054
8.825082508250825,-0.5000000000000034,-0.5200000000000135,-0.48000000000000054
8.826182618261825,-0.5000000000000034,-0.5200000000000133,-0.48000000000000054
8.827282728272827,-0.5000000000000033,-0.5200000000000132,-0.48000000000000054
8.828382838283828,-0.5000000000000033,-0.5200000000000132,-0.48000000000000054
8.82948294829483,-0.5000000000000033,-0.5200000000000131,-0.48000000000000054
8.83058305830583,-0.5000000000000033,-0.520000000000013,-0.48000000000000054
8.83168316831683,-0.5000000000000033,-0.520000000000013,-0.48000000000000054
8.832783278327833,-0.5000000000000033,-0.5200000000000129,-0.48000000000000054
8.833883388338833,-0.5000000000000032,-0.5200000000000128,-0.48000000000000054
8.834983498349834,-0.5000000000000032,-0.5200000000000128,-0.48000000000000054
8.836083608360836,-0.5000000000000032,-0.5200000000000127,-0.48000000000000054
8.837183718371836,-0.5000000000000032,-0.5200000000000127,-0.48000000000000054
8.838283828382838,-0.5000000000000032,-0.5200000000000126,-0.48000000000000054
8.839383938393839,-0.5000000000000031,-0.5200000000000125,-0.48000000000000054
8.84048404840484,-0.5000000000000031,-0.5200000000000125,-0.48000000000000054
8.841584158415841,-0.5000000000000031,-0.5200000000000123,-0.48000000000000054
8.842684268426842,-0.5000000000000031,-0.5200000000000122,-0.48000000000000054
8.843784378437844,-0.5000000000000031,-0.5200000000000122,-0.48000000000000054
8.844884488448844,-0.5000000000000031,-0.5200000000000121,-0.48000000000000054
8.845984598459845,-0.5000000000000031,-0.5200000000000121,-0.48000000000000054
8.847084708470847,-0.500000000000003,-0.520000000000012,-0.48000000000000054
8.848184818481847,-0.500000000000003,-0.5200000000000119,-0.48000000000000054
8.84928492849285,-0.500000000000003,-0.5200000000000119,-0.48000000000000054
8.85038503850385,-0.500000000000003,-0.5200000000000118,-0.4800000000000004
8.85148514851485,-0.500000000000003,-0.5200000000000117,-0.4800000000000004
8.852585258525853,-0.500000000000003,-0.5200000000000117,-0.4800000000000004
8.853685368536853,-0.5000000000000029,-0.5200000000000116,-0.4800000000000004
8.854785478547853,-0.5000000000000029,-0.5200000000000116,-0.4800000000000004
8.855885588558856,-0.5000000000000029,-0.5200000000000115,-0.4800000000000004
8.856985698569856,-0.5000000000000029,-0.5200000000000115,-0.4800000000000004
8.858085808580858,-0.5000000000000029,-0.5200000000000113,-0.4800000000000004
8.859185918591859,-0.5000000000000029,-0.5200000000000112,-0.4800000000000004
8.860286028602859,-0.5000000000000029,-0.5200000000000112,-0.4800000000000004
8.861386138613861,-0.5000000000000028,-0.5200000000000111,-0.4800000000000004
8.862486248624862,-0.5000000000000028,-0.5200000000000111,-0.4800000000000004
8.863586358635864,-0.5000000000000028,-0.520000000000011,-0.4800000000000004
8.864686468646864,-0.5000000000000028,-0.520000000000011,-0.4800000000000004
8.865786578657865,-0.5000000000000028,-0.5200000000000109,-0.4800000000000004
8.866886688668867,-0.5000000000000028,-0.5200000000000109,-0.4800000000000004
8.867986798679867,-0.5000000000000027,-0.5200000000000108,-0.4800000000000004
8.869086908690868,-0.5000000000000027,-0.5200000000000107,-0.4800000000000004
8.87018701870187,-0.5000000000000027,-0.5200000000000107,-0.4800000000000004
8.87128712871287,-0.5000000000000027,-0.5200000000000106,-0.4800000000000004
8.872387238723872,-0.5000000000000027,-0.5200000000000106,-0.4800000000000004
8.873487348734873,-0.5000000000000027,-0.5200000000000105,-0.4800000000000004
8.874587458745873,-0.5000000000000027,-0.5200000000000105,-0.4800000000000004
8.875687568756875,-0.5000000000000027,-0.5200000000000103,-0.4800000000000004
8.876787678767876,-0.5000000000000026,-0.5200000000000103,-0.4800000000000004
8.877887788778878,-0.5000000000000026,-0.5200000000000102,-0.4800000000000004
8.878987898789878,-0.5000000000000026,-0.5200000000000102,-0.4800000000000004
8.880088008800879,-0.5000000000000026,-0.5200000000000101,-0.4800000000000004
8.881188118811881,-0.5000000000000026,-0.5200000000000101,-0.4800000000000004
8.882288228822881,-0.5000000000000026,-0.52000000000001,-0.4800000000000004
8.883388338833884,-0.5000000000000024,-0.52000000000001,-0.4800000000000004
8.884488448844884,-0.5000000000000024,-0.5200000000000099,-0.4800000000000004
8.885588558855885,-0.5000000000000024,-0.5200000000000099,-0.4800000000000004
8.886688668866887,-0.5000000000000024,-0.5200000000000098,-0.4800000000000004
8.887788778877887,-0.5000000000000024,-0.5200000000000098,-0.4800000000000004
8.888888888888888,-0.5000000000000024,-0.5200000000000097,-0.4800000000000004
8.88998899889989,-0.5000000000000024,-0.5200000000000097,-0.4800000000000004
8.89108910891089,-0.5000000000000024,-0.5200000000000096,-0.4800000000000004
8.892189218921892,-0.5000000000000024,-0.5200000000000096,-0.4800000000000004
8.893289328932893,-0.5000000000000023,-0.5200000000000095,-0.4800000000000004
8.894389438943893,-0.5000000000000023,-0.5200000000000095,-0.4800000000000004
8.895489548954895,-0.5000000000000023,-0.5200000000000093,-0.4800000000000004
8.896589658965896,-0.5000000000000023,-0.5200000000000093,-0.4800000000000004
8.897689768976898,-0.5000000000000023,-0.5200000000000092,-0.4800000000000003
8.898789878987898,-0.5000000000000023,-0.5200000000000092,-0.4800000000000003
8.899889988998899,-0.5000000000000023,-0.5200000000000091,-0.4800000000000003
8.900990099009901,-0.5000000000000022,-0.5200000000000091,-0.4800000000000003
8.902090209020901,-0.5000000000000022,-0.520000000000009,-0.4800000000000003
8.903190319031903,-0.5000000000000022,-0.520000000000009,-0.4800000000000003
8.904290429042904,-0.5000000000000022,-0.520000000000009,-0.4800000000000003
8.905390539053904,-0.5000000000000022,-0.5200000000000089,-0.4800000000000003
8.906490649064907,-0.5000000000000022,-0.5200000000000089,-0.4800000000000003
8.907590759075907,-0.5000000000000022,-0.5200000000000088,-0.4800000000000003
8.908690869086907,-0.5000000000000022,-0.5200000000000088,-0.4800000000000003
8.90979097909791,-0.5000000000000022,-0.5200000000000087,-0.4800000000000003
8.91089108910891,-0.5000000000000022,-0.5200000000000087,-0.4800000000000003
8.911991199119912,-0.5000000000000021,-0.5200000000000087,-0.4800000000000003
8.913091309130913,-0.5000000000000021,-0.5200000000000086,-0.4800000000000003
8.914191419141913,-0.5000000000000021,-0.5200000000000086,-0.4800000000000003
8.915291529152915,-0.5000000000000021,-0.5200000000000085,-0.4800000000000003
8.916391639163916,-0.5000000000000021,-0.5200000000000085,-0.4800000000000003
8.917491749174918,-0.5000000000000021,-0.5200000000000083,-0.4800000000000003
8.918591859185918,-0.5000000000000021,-0.5200000000000083,-0.4800000000000003
8.919691969196919,-0.5000000000000021,-0.5200000000000082,-0.4800000000000003
8.92079207920792,-0.500000000000002,-0.5200000000000082,-0.4800000000000003
8.921892189218921,-0.500000000000002,-0.5200000000000082,-0.4800000000000003
8.922992299229923,-0.500000000000002,-0.5200000000000081,-0.4800000000000003
8.924092409240924,-0.500000000000002,-0.5200000000000081,-0.4800000000000003
8.925192519251924,-0.500000000000002,-0.520000000000008,-0.4800000000000003
8.926292629262926,-0.500000000000002,-0.520000000000008,-0.4800000000000003
8.927392739273927,-0.500000000000002,-0.520000000000008,-0.4800000000000003
8.928492849284927,-0.500000000000002,-0.5200000000000079,-0.4800000000000003
8.92959295929593,-0.500000000000002,-0.5200000000000079,-0.4800000000000003
8.93069306930693,-0.500000000000002,-0.5200000000000078,-0.4800000000000003
8.931793179317932,-0.5000000000000019,-0.5200000000000078,-0.4800000000000003
8.932893289328932,-0.5000000000000019,-0.5200000000000078,-0.4800000000000003
8.933993399339933,-0.5000000000000019,-0.5200000000000077,-0.4800000000000003
8.935093509350935,-0.5000000000000019,-0.5200000000000077,-0.4800000000000003
8.936193619361935,-0.5000000000000019,-0.5200000000000076,-0.4800000000000003
8.937293729372938,-0.5000000000000019,-0.5200000000000076,-0.4800000000000003
8.938393839383938,-0.5000000000000019,-0.5200000000000076,-0.4800000000000003
8.939493949394938,-0.5000000000000019,-0.5200000000000075,-0.4800000000000003
8.94059405940594,-0.5000000000000019,-0.5200000000000075,-0.4800000000000003
8.941694169416941,-0.5000000000000018,-0.5200000000000073,-0.4800000000000003
8.942794279427943,-0.5000000000000018,-0.5200000000000073,-0.4800000000000003
8.943894389438944,-0.5000000000000018,-0.5200000000000073,-0.4800000000000003
8.944994499449944,-0.5000000000000018,-0.5200000000000072,-0.4800000000000003
8.946094609460946,-0.5000000000000018,-0.5200000000000072,-0.4800000000000003
8.947194719471947,-0.5000000000000018,-0.5200000000000072,-0.4800000000000003
8.948294829482947,-0.5000000000000018,-0.5200000000000071,-0.4800000000000003
8.94939493949395,-0.5000000000000018,-0.5200000000000071,-0.4800000000000003
8.95049504950495,-0.5000000000000018,-0.5200000000000071,-0.4800000000000003
8.951595159515952,-0.5000000000000018,-0.520000000000007,-0.4800000000000003
8.952695269526952,-0.5000000000000018,-0.520000000000007,-0.4800000000000003
8.953795379537953,-0.5000000000000018,-0.520000000000007,-0.4800000000000003
8.954895489548955,-0.5000000000000017,-0.5200000000000069,-0.4800000000000003
8.955995599559955,-0.5000000000000017,-0.5200000000000069,-0.4800000000000002
8.957095709570957,-0.5000000000000017,-0.5200000000000068,-0.4800000000000002
8.958195819581958,-0.5000000000000017,-0.5200000000000068,-0.4800000000000002
8.959295929592958,-0.5000000000000017,-0.5200000000000068,-0.4800000000000002
8.96039603960396,-0.5000000000000017,-0.5200000000000067,-0.4800000000000002
8.96149614961496,-0.5000000000000017,-0.5200000000000067,-0.4800000000000002
8.962596259625961,-0.5000000000000017,-0.5200000000000067,-0.4800000000000002
8.963696369636963,-0.5000000000000017,-0.5200000000000066,-0.4800000000000002
8.964796479647964,-0.5000000000000017,-0.5200000000000066,-0.4800000000000002
8.965896589658966,-0.5000000000000016,-0.5200000000000066,-0.4800000000000002
8.966996699669966,-0.5000000000000016,-0.5200000000000065,-0.4800000000000002
8.968096809680967,-0.5000000000000016,-0.5200000000000065,-0.4800000000000002
8.969196919691969,-0.5000000000000016,-0.5200000000000065,-0.4800000000000002
8.97029702970297,-0.5000000000000016,-0.5200000000000065,-0.4800000000000002
8.971397139713972,-0.5000000000000016,-0.5200000000000063,-0.4800000000000002
8.972497249724972,-0.5000000000000016,-0.5200000000000063,-0.4800000000000002
8.973597359735972,-0.5000000000000016,-0.5200000000000063,-0.4800000000000002
8.974697469746975,-0.5000000000000016,-0.5200000000000062,-0.4800000000000002
8.975797579757975,-0.5000000000000016,-0.5200000000000062,-0.4800000000000002
8.976897689768977,-0.5000000000000016,-0.5200000000000062,-0.4800000000000002
8.977997799779978,-0.5000000000000016,-0.5200000000000061,-0.4800000000000002
8.979097909790978,-0.5000000000000016,-0.5200000000000061,-0.4800000000000002
8.98019801980198,-0.5000000000000014,-0.5200000000000061,-0.4800000000000002
8.98129812981298,-0.5000000000000014,-0.520000000000006,-0.4800000000000002
8.982398239823981,-0.5000000000000014,-0.520000000000006,-0.4800000000000002
8.983498349834983,-0.5000000000000014,-0.520000000000006,-0.4800000000000002
8.984598459845984,-0.5000000000000014,-0.5200000000000059,-0.4800000000000002
8.985698569856986,-0.5000000000000014,-0.5200000000000059,-0.4800000000000002
8.986798679867986,-0.5000000000000014,-0.5200000000000059,-0.4800000000000002
8.987898789878987,-0.5000000000000014,-0.5200000000000058,-0.4800000000000002
8.988998899889989,-0.5000000000000014,-0.5200000000000058,-0.4800000000000002
8.99009900990099,-0.5000000000000014,-0.5200000000000058,-0.4800000000000002
8.991199119911991,-0.5000000000000014,-0.5200000000000058,-0.4800000000000002
8.992299229922992,-0.5000000000000014,-0.5200000000000057,-0.4800000000000002
8.993399339933992,-0.5000000000000013,-0.5200000000000057,-0.4800000000000002
8.994499449944994,-0.5000000000000013,-0.5200000000000057,-0.4800000000000002
8.995599559955995,-0.5000000000000013,-0.5200000000000057,-0.4800000000000002
8.996699669966997,-0.5000000000000013,-0.5200000000000056,-0.4800000000000002
8.997799779977997,-0.5000000000000013,-0.5200000000000056,-0.4800000000000002
8.998899889988998,-0.5000000000000013,-0.5200000000000056,-0.4800000000000002
9.0,-0.5000000000000013,-0.5200000000000055,-0.4800000000000002
9.001100110011,-0.5000000000000013,-0.5200000000000055,-0.4800000000000002
9.002200220022,-0.5000000000000013,-0.5200000000000055,-0.4800000000000002
9.003300330033003,-0.5000000000000013,-0.5200000000000055,-0.4800000000000002
9.004400440044003,-0.5000000000000013,-0.5200000000000053,-0.4800000000000002
9.005500550055006,-0.5000000000000013,-0.5200000000000053,-0.4800000000000002
9.006600660066006,-0.5000000000000013,-0.5200000000000053,-0.4800000000000002
9.007700770077006,-0.5000000000000013,-0.5200000000000052,-0.4800000000000002
9.008800880088009,-0.5000000000000013,-0.5200000000000052,-0.4800000000000002
9.009900990099009,-0.5000000000000013,-0.5200000000000052,-0.4800000000000002
9.011001100110011,-0.5000000000000012,-0.5200000000000052,-0.4800000000000002
9.012101210121012,-0.5000000000000012,-0.5200000000000051,-0.4800000000000002
9.013201320132012,-0.5000000000000012,-0.5200000000000051,-0.4800000000000002
9.014301430143014,-0.5000000000000012,-0.5200000000000051,-0.4800000000000002
9.015401540154015,-0.5000000000000012,-0.5200000000000051,-0.4800000000000002
9.016501650165017,-0.5000000000000012,-0.520000000000005,-0.4800000000000002
9.017601760176017,-0.5000000000000012,-0.520000000000005,-0.4800000000000002
9.018701870187018,-0.5000000000000012,-0.520000000000005,-0.4800000000000002
9.01980198019802,-0.5000000000000012,-0.520000000000005,-0.4800000000000002
9.02090209020902,-0.5000000000000012,-0.5200000000000049,-0.4800000000000002
9.02200220022002,-0.5000000000000012,-0.5200000000000049,-0.4800000000000002
9.023102310231023,-0.5000000000000012,-0.5200000000000049,-0.4800000000000002
9.024202420242023,-0.5000000000000012,-0.5200000000000049,-0.4800000000000002
9.025302530253025,-0.5000000000000011,-0.5200000000000048,-0.4800000000000002
9.026402640264026,-0.5000000000000011,-0.5200000000000048,-0.4800000000000002
9.027502750275026,-0.5000000000000011,-0.5200000000000048,-0.4800000000000002
9.028602860286028,-0.5000000000000011,-0.5200000000000048,-0.4800000000000002
9.029702970297029,-0.5000000000000011,-0.5200000000000047,-0.4800000000000002
9.030803080308031,-0.5000000000000011,-0.5200000000000047,-0.4800000000000002
9.031903190319031,-0.5000000000000011,-0.5200000000000047,-0.4800000000000002
9.033003300330032,-0.5000000000000011,-0.5200000000000047,-0.4800000000000002
9.034103410341034,-0.5000000000000011,-0.5200000000000046,-0.4800000000000002
9.035203520352034,-0.5000000000000011,-0.5200000000000046,-0.4800000000000002
9.036303630363037,-0.5000000000000011,-0.5200000000000046,-0.4800000000000002
9.037403740374037,-0.5000000000000011,-0.5200000000000046,-0.4800000000000002
9.038503850385037,-0.5000000000000011,-0.5200000000000046,-0.4800000000000002
9.03960396039604,-0.5000000000000011,-0.5200000000000045,-0.4800000000000002
9.04070407040704,-0.5000000000000011,-0.5200000000000045,-0.4800000000000002
9.04180418041804,-0.5000000000000011,-0.5200000000000045,-0.4800000000000002
9.042904290429043,-0.5000000000000011,-0.5200000000000045,-0.4800000000000001
9.044004400440043,-0.5000000000000011,-0.5200000000000043,-0.4800000000000001
9.045104510451045,-0.5000000000000011,-0.5200000000000043,-0.4800000000000001
9.046204620462046,-0.5000000000000011,-0.5200000000000043,-0.4800000000000001
9.047304730473046,-0.500000000000001,-0.5200000000000043,-0.4800000000000001
9.048404840484048,-0.500000000000001,-0.5200000000000043,-0.4800000000000001
9.049504950495049,-0.500000000000001,-0.5200000000000042,-0.4800000000000001
9.05060506050605,-0.500000000000001,-0.5200000000000042,-0.4800000000000001
9.051705170517051,-0.500000000000001,-0.5200000000000042,-0.4800000000000001
9.052805280528052,-0.500000000000001,-0.5200000000000042,-0.4800000000000001
9.053905390539054,-0.500000000000001,-0.5200000000000042,-0.4800000000000001
9.055005500550054,-0.500000000000001,-0.5200000000000041,-0.4800000000000001
9.056105610561056,-0.500000000000001,-0.5200000000000041,-0.4800000000000001
9.057205720572057,-0.500000000000001,-0.5200000000000041,-0.4800000000000001
9.058305830583057,-0.500000000000001,-0.5200000000000041,-0.4800000000000001
9.05940594059406,-0.500000000000001,-0.520000000000004,-0.4800000000000001
9.06050605060506,-0.500000000000001,-0.520000000000004,-0.4800000000000001
9.06160616061606,-0.500000000000001,-0.520000000000004,-0.4800000000000001
9.062706270627062,-0.500000000000001,-0.520000000000004,-0.4800000000000001
9.063806380638063,-0.500000000000001,-0.520000000000004,-0.4800000000000001
9.064906490649065,-0.5000000000000009,-0.5200000000000039,-0.4800000000000001
9.066006600660065,-0.5000000000000009,-0.5200000000000039,-0.4800000000000001
9.067106710671066,-0.5000000000000009,-0.5200000000000039,-0.4800000000000001
9.068206820682068,-0.5000000000000009,-0.5200000000000039,-0.4800000000000001
9.069306930693068,-0.5000000000000009,-0.5200000000000039,-0.4800000000000001
9.07040704070407,-0.5000000000000009,-0.5200000000000038,-0.4800000000000001
9.071507150715071,-0.5000000000000009,-0.5200000000000038,-0.4800000000000001
9.072607260726071,-0.5000000000000009,-0.5200000000000038,-0.4800000000000001
9.073707370737074,-0.5000000000000009,-0.5200000000000038,-0.4800000000000001
9.074807480748074,-0.5000000000000009,-0.5200000000000038,-0.4800000000000001
9.075907590759074,-0.5000000000000009,-0.5200000000000037,-0.4800000000000001
9.077007700770077,-0.5000000000000009,-0.5200000000000037,-0.4800000000000001
9.078107810781077,-0.5000000000000009,-0.5200000000000037,-0.4800000000000001
9.07920792079208,-0.5000000000000009,-0.5200000000000037,-0.4800000000000001
9.08030803080308,-0.5000000000000009,-0.5200000000000037,-0.4800000000000001
9.08140814081408,-0.5000000000000009,-0.5200000000000036,-0.4800000000000001
9.082508250825082,-0.5000000000000009,-0.5200000000000036,-0.4800000000000001
9.083608360836083,-0.5000000000000009,-0.5200000000000036,-0.4800000000000001
9.084708470847085,-0.5000000000000009,-0.5200000000000036,-0.4800000000000001
9.085808580858085,-0.5000000000000009,-0.5200000000000036,-0.4800000000000001
9.086908690869086,-0.5000000000000009,-0.5200000000000036,-0.4800000000000001
9.088008800880088,-0.5000000000000009,-0.5200000000000036,-0.4800000000000001
9.089108910891088,-0.5000000000000009,-0.5200000000000035,-0.4800000000000001
9.09020902090209,-0.5000000000000009,-0.5200000000000035,-0.4800000000000001
9.091309130913091,-0.5000000000000008,-0.5200000000000035,-0.4800000000000001
9.092409240924091,-0.5000000000000008,-0.5200000000000035,-0.4800000000000001
9.093509350935093,-0.5000000000000008,-0.5200000000000035,-0.4800000000000001
9.094609460946094,-0.5000000000000008,-0.5200000000000033,-0.4800000000000001
9.095709570957094,-0.5000000000000008,-0.5200000000000033,-0.4800000000000001
9.096809680968097,-0.5000000000000008,-0.5200000000000033,-0.4800000000000001
9.097909790979097,-0.5000000000000008,-0.5200000000000033,-0.4800000000000001
9.099009900990099,-0.5000000000000008,-0.5200000000000033,-0.4800000000000001
9.1001100110011,-0.5000000000000008,-0.5200000000000033,-0.4800000000000001
9.1012101210121,-0.5000000000000008,-0.5200000000000032,-0.4800000000000001
9.102310231023102,-0.5000000000000008,-0.5200000000000032,-0.4800000000000001
9.103410341034103,-0.5000000000000008,-0.5200000000000032,-0.4800000000000001
9.104510451045105,-0.5000000000000008,-0.5200000000000032,-0.4800000000000001
9.105610561056105,-0.5000000000000008,-0.5200000000000032,-0.4800000000000001
9.106710671067106,-0.5000000000000008,-0.5200000000000032,-0.4800000000000001
9.107810781078108,-0.5000000000000008,-0.5200000000000031,-0.4800000000000001
9.108910891089108,-0.5000000000000008,-0.5200000000000031,-0.4800000000000001
9.11001100110011,-0.5000000000000008,-0.5200000000000031,-0.4800000000000001
9.11111111111111,-0.5000000000000008,-0.5200000000000031,-0.4800000000000001
9.112211221122111,-0.5000000000000008,-0.5200000000000031,-0.4800000000000001
9.113311331133113,-0.5000000000000008,-0.5200000000000031,-0.4800000000000001
9.114411441144114,-0.5000000000000007,-0.520000000000003,-0.4800000000000001
9.115511551155114,-0.5000000000000007,-0.520000000000003,-0.4800000000000001
9.116611661166116,-0.5000000000000007,-0.520000000000003,-0.4800000000000001
9.117711771177117,-0.5000000000000007,-0.520000000000003,-0.4800000000000001
9.118811881188119,-0.5000000000000007,-0.520000000000003,-0.4800000000000001
9.11991199119912,-0.5000000000000007,-0.520000000000003,-0.4800000000000001
9.12101210121012,-0.5000000000000007,-0.520000000000003,-0.4800000000000001
9.122112211221122,-0.5000000000000007,-0.5200000000000029,-0.4800000000000001
9.123212321232122,-0.5000000000000007,-0.5200000000000029,-0.4800000000000001
9.124312431243125,-0.5000000000000007,-0.5200000000000029,-0.4800000000000001
9.125412541254125,-0.5000000000000007,-0.5200000000000029,-0.4800000000000001
9.126512651265125,-0.5000000000000007,-0.5200000000000029,-0.4800000000000001
9.127612761276128,-0.5000000000000007,-0.5200000000000029,-0.4800000000000001
9.128712871287128,-0.5000000000000007,-0.5200000000000029,-0.4800000000000001
9.12981298129813,-0.5000000000000007,-0.5200000000000028,-0.4800000000000001
9.13091309130913,-0.5000000000000007,-0.5200000000000028,-0.4800000000000001
9.132013201320131,-0.5000000000000007,-0.5200000000000028,-0.4800000000000001
9.133113311331133,-0.5000000000000007,-0.5200000000000028,-0.4800000000000001
9.134213421342134,-0.5000000000000007,-0.5200000000000028,-0.4800000000000001
9.135313531353134,-0.5000000000000007,-0.5200000000000028,-0.4800000000000001
9.136413641364136,-0.5000000000000007,-0.5200000000000028,-0.4800000000000001
9.137513751375137,-0.5000000000000007,-0.5200000000000027,-0.4800000000000001
9.138613861386139,-0.5000000000000007,-0.5200000000000027,-0.4800000000000001
9.13971397139714,-0.5000000000000007,-0.5200000000000027,-0.4800000000000001
9.14081408140814,-0.5000000000000007,-0.5200000000000027,-0.4800000000000001
9.141914191419142,-0.5000000000000007,-0.5200000000000027,-0.4800000000000001
9.143014301430142,-0.5000000000000007,-0.5200000000000027,-0.4800000000000001
9.144114411441144,-0.5000000000000007,-0.5200000000000027,-0.4800000000000001
9.145214521452145,-0.5000000000000007,-0.5200000000000027,-0.4800000000000001
9.146314631463145,-0.5000000000000007,-0.5200000000000026,-0.4800000000000001
9.147414741474147,-0.5000000000000007,-0.5200000000000026,-0.4800000000000001
9.148514851485148,-0.5000000000000007,-0.5200000000000026,-0.4800000000000001
9.14961496149615,-0.5000000000000006,-0.5200000000000026,-0.4800000000000001
9.15071507150715,-0.5000000000000006,-0.5200000000000026,-0.4800000000000001
9.15181518151815,-0.5000000000000006,-0.5200000000000026,-0.4800000000000001
9.152915291529153,-0.5000000000000006,-0.5200000000000026,-0.4800000000000001
9.154015401540153,-0.5000000000000006,-0.5200000000000025,-0.4800000000000001
9.155115511551154,-0.5000000000000006,-0.5200000000000025,-0.4800000000000001
9.156215621562156,-0.5000000000000006,-0.5200000000000025,-0.4800000000000001
9.157315731573156,-0.5000000000000006,-0.5200000000000025,-0.4800000000000001
9.158415841584159,-0.5000000000000006,-0.5200000000000025,-0.4800000000000001
9.159515951595159,-0.5000000000000006,-0.5200000000000025,-0.4800000000000001
9.16061606160616,-0.5000000000000006,-0.5200000000000025,-0.4800000000000001
9.161716171617162,-0.5000000000000006,-0.5200000000000025,-0.4800000000000001
9.162816281628162,-0.5000000000000006,-0.5200000000000023,-0.4800000000000001
9.163916391639164,-0.5000000000000006,-0.5200000000000023,-0.4800000000000001
9.165016501650165,-0.5000000000000006,-0.5200000000000023,-0.4800000000000001
9.166116611661165,-0.5000000000000006,-0.5200000000000023,-0.4800000000000001
9.167216721672167,-0.5000000000000006,-0.5200000000000023,-0.4800000000000001
9.168316831683168,-0.5000000000000006,-0.5200000000000023,-0.4800000000000001
9.169416941694168,-0.5000000000000006,-0.5200000000000023,-0.4800000000000001
9.17051705170517,-0.5000000000000006,-0.5200000000000023,-0.4800000000000001
9.17161716171617,-0.5000000000000006,-0.5200000000000022,-0.4800000000000001
9.172717271727173,-0.5000000000000006,-0.5200000000000022,-0.4800000000000001
9.173817381738173,-0.5000000000000006,-0.5200000000000022,-0.4800000000000001
9.174917491749174,-0.5000000000000006,-0.5200000000000022,-0.4800000000000001
9.176017601760176,-0.5000000000000006,-0.5200000000000022,-0.4800000000000001
9.177117711771176,-0.5000000000000006,-0.5200000000000022,-0.4800000000000001
9.178217821782178,-0.5000000000000006,-0.5200000000000022,-0.4800000000000001
9.179317931793179,-0.5000000000000006,-0.5200000000000022,-0.4800000000000001
9.18041804180418,-0.5000000000000006,-0.5200000000000022,-0.4800000000000001
9.181518151815181,-0.5000000000000006,-0.5200000000000022,-0.4800000000000001
9.182618261826182,-0.5000000000000004,-0.5200000000000021,-0.4800000000000001
9.183718371837184,-0.5000000000000004,-0.5200000000000021,-0.4800000000000001
9.184818481848184,-0.5000000000000004,-0.5200000000000021,-0.4800000000000001
9.185918591859185,-0.5000000000000004,-0.5200000000000021,-0.4800000000000001
9.187018701870187,-0.5000000000000004,-0.5200000000000021,-0.4800000000000001
9.188118811881187,-0.5000000000000004,-0.5200000000000021,-0.4800000000000001
9.189218921892188,-0.5000000000000004,-0.5200000000000021,-0.4800000000000001
9.19031903190319,-0.5000000000000004,-0.5200000000000021,-0.4800000000000001
9.19141914191419,-0.5000000000000004,-0.5200000000000021,-0.4800000000000001
9.192519251925193,-0.5000000000000004,-0.5200000000000021,-0.4800000000000001
9.193619361936193,-0.5000000000000004,-0.520000000000002,-0.4800000000000001
9.194719471947193,-0.5000000000000004,-0.520000000000002,-0.4800000000000001
9.195819581958196,-0.5000000000000004,-0.520000000000002,-0.4800000000000001
9.196919691969196,-0.5000000000000004,-0.520000000000002,-0.4800000000000001
9.198019801980198,-0.5000000000000004,-0.520000000000002,-0.4800000000000001
9.199119911991199,-0.5000000000000004,-0.520000000000002,-0.4800000000000001
9.200220022002199,-0.5000000000000004,-0.520000000000002,-0.4800000000000001
9.201320132013201,-0.5000000000000004,-0.520000000000002,-0.4800000000000001
9.202420242024202,-0.5000000000000004,-0.520000000000002,-0.4800000000000001
9.203520352035204,-0.5000000000000004,-0.5200000000000019,-0.4800000000000001
9.204620462046204,-0.5000000000000004,-0.5200000000000019,-0.4800000000000001
9.205720572057205,-0.5000000000000004,-0.5200000000000019,-0.4800000000000001
9.206820682068207,-0.5000000000000004,-0.5200000000000019,-0.4800000000000001
9.207920792079207,-0.5000000000000004,-0.5200000000000019,-0.4800000000000001
9.209020902090208,-0.5000000000000004,-0.5200000000000019,-0.4800000000000001
9.21012101210121,-0.5000000000000004,-0.5200000000000019,-0.4800000000000001
9.21122112211221,-0.5000000000000004,-0.5200000000000019,-0.4800000000000001
9.212321232123212,-0.5000000000000004,-0.5200000000000019,-0.4800000000000001
9.213421342134213,-0.5000000000000004,-0.5200000000000019,-0.4800000000000001
9.214521452145213,-0.5000000000000004,-0.5200000000000018,-0.4800000000000001
9.215621562156215,-0.5000000000000004,-0.5200000000000018,-0.4800000000000001
9.216721672167216,-0.5000000000000004,-0.5200000000000018,-0.4800000000000001
9.217821782178218,-0.5000000000000004,-0.5200000000000018,-0.4800000000000001
9.218921892189218,-0.5000000000000004,-0.5200000000000018,-0.4800000000000001
9.220022002200219,-0.5000000000000004,-0.5200000000000018,-0.4800000000000001
9.221122112211221,-0.5000000000000004,-0.5200000000000018,-0.4800000000000001
9.222222222222221,-0.5000000000000004,-0.5200000000000018,-0.4800000000000001
9.223322332233224,-0.5000000000000004,-0.5200000000000018,-0.4800000000000001
9.224422442244224,-0.5000000000000004,-0.5200000000000018,-0.4800000000000001
9.225522552255224,-0.5000000000000004,-0.5200000000000018,-0.4800000000000001
9.226622662266227,-0.5000000000000004,-0.5200000000000017,-0.4800000000000001
9.227722772277227,-0.5000000000000004,-0.5200000000000017,-0.4800000000000001
9.228822882288227,-0.5000000000000004,-0.5200000000000017,-0.4800000000000001
9.22992299229923,-0.5000000000000004,-0.5200000000000017,-0.4800000000000001
9.23102310231023,-0.5000000000000004,-0.5200000000000017,-0.4800000000000001
9.232123212321232,-0.5000000000000004,-0.5200000000000017,-0.4800000000000001
9.233223322332233,-0.5000000000000004,-0.5200000000000017,-0.4800000000000001
9.234323432343233,-0.5000000000000004,-0.5200000000000017,-0.4800000000000001
9.235423542354235,-0.5000000000000003,-0.5200000000000017,-0.4800000000000001
9.236523652365236,-0.5000000000000003,-0.5200000000000017,-0.4800000000000001
9.237623762376238,-0.5000000000000003,-0.5200000000000017,-0.4800000000000001
9.238723872387238,-0.5000000000000003,-0.5200000000000017,-0.4800000000000001
9.239823982398239,-0.5000000000000003,-0.5200000000000016,-0.4800000000000001
9.24092409240924,-0.5000000000000003,-0.5200000000000016,-0.4800000000000001
9.242024202420241,-0.5000000000000003,-0.5200000000000016,-0.4800000000000001
9.243124312431243,-0.5000000000000003,-0.5200000000000016,-0.4800000000000001
9.244224422442244,-0.5000000000000003,-0.5200000000000016,-0.4800000000000001
9.245324532453244,-0.5000000000000003,-0.5200000000000016,-0.4800000000000001
9.246424642464246,-0.5000000000000003,-0.5200000000000016,-0.4800000000000001
9.247524752475247,-0.5000000000000003,-0.5200000000000016,-0.4800000000000001
9.248624862486247,-0.5000000000000003,-0.5200000000000016,-0.48
9.24972497249725,-0.5000000000000003,-0.5200000000000016,-0.48
9.25082508250825,-0.5000000000000003,-0.5200000000000016,-0.48
9.251925192519252,-0.5000000000000003,-0.5200000000000016,-0.48
9.253025302530252,-0.5000000000000003,-0.5200000000000015,-0.48
9.254125412541253,-0.5000000000000003,-0.5200000000000015,-0.48
9.255225522552255,-0.5000000000000003,-0.5200000000000015,-0.48
9.256325632563255,-0.5000000000000003,-0.5200000000000015,-0.48
9.257425742574258,-0.5000000000000003,-0.5200000000000015,-0.48
9.258525852585258,-0.5000000000000003,-0.5200000000000015,-0.48
9.259625962596258,-0.5000000000000003,-0.5200000000000015,-0.48
9.26072607260726,-0.5000000000000003,-0.5200000000000015,-0.48
9.261826182618261,-0.5000000000000003,-0.5200000000000015,-0.48
9.262926292629263,-0.5000000000000003,-0.5200000000000015,-0.48
9.264026402640264,-0.5000000000000003,-0.5200000000000015,-0.48
9.265126512651264,-0.5000000000000003,-0.5200000000000015,-0.48
9.266226622662266,-0.5000000000000003,-0.5200000000000015,-0.48
9.267326732673267,-0.5000000000000003,-0.5200000000000015,-0.48
9.268426842684267,-0.5000000000000003,-0.5200000000000015,-0.48
9.26952695269527,-0.5000000000000003,-0.5200000000000015,-0.48
9.27062706270627,-0.5000000000000003,-0.5200000000000014,-0.48
9.271727172717272,-0.5000000000000003,-0.5200000000000014,-0.48
9.272827282728272,-0.5000000000000003,-0.5200000000000014,-0.48
9.273927392739273,-0.5000000000000003,-0.5200000000000014,-0.48
9.275027502750275,-0.5000000000000003,-0.5200000000000014,-0.48
9.276127612761275,-0.5000000000000003,-0.5200000000000014,-0.48
9.277227722772277,-0.5000000000000003,-0.5200000000000014,-0.48
9.278327832783278,-0.5000000000000003,-0.5200000000000014,-0.48
9.279427942794278,-0.5000000000000003,-0.5200000000000014,-0.48
9.28052805280528,-0.5000000000000003,-0.5200000000000014,-0.48
9.281628162816281,-0.5000000000000003,-0.5200000000000014,-0.48
9.282728272827281,-0.5000000000000003,-0.5200000000000014,-0.48
9.283828382838283,-0.5000000000000003,-0.5200000000000014,-0.48
9.284928492849284,-0.5000000000000003,-0.5200000000000014,-0.48
9.286028602860286,-0.5000000000000003,-0.5200000000000012,-0.48
9.287128712871286,-0.5000000000000003,-0.5200000000000012,-0.48
9.288228822882287,-0.5000000000000003,-0.5200000000000012,-0.48
9.289328932893289,-0.5000000000000003,-0.5200000000000012,-0.48
9.29042904290429,-0.5000000000000002,-0.5200000000000012,-0.48
9.291529152915292,-0.5000000000000002,-0.5200000000000012,-0.48
9.292629262926292,-0.5000000000000002,-0.5200000000000012,-0.48
9.293729372937293,-0.5000000000000002,-0.5200000000000012,-0.48
9.294829482948295,-0.5000000000000002,-0.5200000000000012,-0.48
9.295929592959295,-0.5000000000000002,-0.5200000000000012,-0.48
9.297029702970297,-0.5000000000000002,-0.5200000000000012,-0.48
9.298129812981298,-0.5000000000000002,-0.5200000000000012,-0.48
9.299229922992298,-0.5000000000000002,-0.5200000000000012,-0.48
9.3003300330033,-0.5000000000000002,-0.5200000000000012,-0.48
9.3014301430143,-0.5000000000000002,-0.5200000000000012,-0.48
9.302530253025301,-0.5000000000000002,-0.5200000000000012,-0.48
9.303630363036303,-0.5000000000000002,-0.5200000000000011,-0.48
9.304730473047304,-0.5000000000000002,-0.5200000000000011,-0.48
9.305830583058306,-0.5000000000000002,-0.5200000000000011,-0.48
9.306930693069306,-0.5000000000000002,-0.5200000000000011,-0.48
9.308030803080307,-0.5000000000000002,-0.5200000000000011,-0.48
9.309130913091309,-0.5000000000000002,-0.5200000000000011,-0.48
9.31023102310231,-0.5000000000000002,-0.5200000000000011,-0.48
9.311331133113312,-0.5000000000000002,-0.5200000000000011,-0.48
9.312431243124312,-0.5000000000000002,-0.5200000000000011,-0.48
9.313531353135312,-0.5000000000000002,-0.5200000000000011,-0.48
9.314631463146315,-0.5000000000000002,-0.5200000000000011,-0.48
9.315731573157315,-0.5000000000000002,-0.5200000000000011,-0.48
9.316831683168317,-0.5000000000000002,-0.5200000000000011,-0.48
9.317931793179318,-0.5000000000000002,-0.5200000000000011,-0.48
9.319031903190318,-0.5000000000000002,-0.5200000000000011,-0.48
9.32013201320132,-0.5000000000000002,-0.5200000000000011,-0.48
9.32123212321232,-0.5000000000000002,-0.5200000000000011,-0.48
9.322332233223321,-0.5000000000000002,-0.520000000000001,-0.48
9.323432343234323,-0.5000000000000002,-0.520000000000001,-0.48
9.324532453245324,-0.5000000000000002,-0.520000000000001,-0.48
9.325632563256326,-0.5000000000000002,-0.520000000000001,-0.48
9.326732673267326,-0.5000000000000002,-0.520000000000001,-0.48
9.327832783278327,-0.5000000000000002,-0.520000000000001,-0.48
9.328932893289329,-0.5000000000000002,-0.520000000000001,-0.48
9.33003300330033,-0.5000000000000002,-0.520000000000001,-0.48
9.331133113311331,-0.5000000000000002,-0.520000000000001,-0.48
9.332233223322332,-0.5000000000000002,-0.520000000000001,-0.48
9.333333333333332,-0.5000000000000002,-0.520000000000001,-0.48
9.334433443344334,-0.5000000000000002,-0.520000000000001,-0.48
9.335533553355335,-0.5000000000000002,-0.520000000000001,-0.48
9.336633663366337,-0.5000000000000002,-0.520000000000001,-0.48
9.337733773377337,-0.5000000000000002,-0.520000000000001,-0.48
9.338833883388338,-0.5000000000000002,-0.520000000000001,-0.48
9.33993399339934,-0.5000000000000002,-0.520000000000001,-0.48
9.34103410341034,-0.5000000000000002,-0.520000000000001,-0.48
9.34213421342134,-0.5000000000000002,-0.520000000000001,-0.48
9.343234323432343,-0.5000000000000002,-0.520000000000001,-0.48
9.344334433443343,-0.5000000000000002,-0.5200000000000009,-0.48
9.345434543454346,-0.5000000000000002,-0.5200000000000009,-0.48
9.346534653465346,-0.5000000000000002,-0.5200000000000009,-0.48
9.347634763476346,-0.5000000000000002,-0.5200000000000009,-0.48
9.348734873487349,-0.5000000000000002,-0.5200000000000009,-0.48
9.349834983498349,-0.5000000000000002,-0.5200000000000009,-0.48
9.350935093509351,-0.5000000000000002,-0.5200000000000009,-0.48
9.352035203520352,-0.5000000000000002,-0.5200000000000009,-0.48
9.353135313531352,-0.5000000000000002,-0.5200000000000009,-0.48
9.354235423542354,-0.5000000000000002,-0.5200000000000009,-0.48
9.355335533553355,-0.5000000000000002,-0.5200000000000009,-0.48
9.356435643564357,-0.5000000000000002,-0.5200000000000009,-0.48
9.357535753575357,-0.5000000000000002,-0.5200000000000009,-0.48
9.358635863586358,-0.5000000000000002,-0.5200000000000009,-0.48
9.35973597359736,-0.5000000000000002,-0.5200000000000009,-0.48
9.36083608360836,-0.5000000000000002,-0.5200000000000009,-0.48
9.36193619361936,-0.5000000000000002,-0.5200000000000009,-0.48
9.363036303630363,-0.5000000000000002,-0.5200000000000009,-0.48
9.364136413641363,-0.5000000000000002,-0.5200000000000009,-0.48
9.365236523652365,-0.5000000000000002,-0.5200000000000009,-0.48
9.366336633663366,-0.5000000000000002,-0.5200000000000009,-0.48
9.367436743674366,-0.5000000000000002,-0.5200000000000008,-0.48
9.368536853685368,-0.5000000000000002,-0.5200000000000008,-0.48
9.369636963696369,-0.5000000000000002,-0.5200000000000008,-0.48
9.370737073707371,-0.5000000000000002,-0.5200000000000008,-0.48
9.371837183718371,-0.5000000000000002,-0.5200000000000008,-0.48
9.372937293729372,-0.5000000000000002,-0.5200000000000008,-0.48
9.374037403740374,-0.5000000000000002,-0.5200000000000008,-0.48
9.375137513751374,-0.5000000000000002,-0.5200000000000008,-0.48
9.376237623762375,-0.5000000000000002,-0.5200000000000008,-0.48
9.377337733773377,-0.5000000000000002,-0.5200000000000008,-0.48
9.378437843784377,-0.5000000000000002,-0.5200000000000008,-0.48
9.37953795379538,-0.5000000000000002,-0.5200000000000008,-0.48
9.38063806380638,-0.5000000000000002,-0.5200000000000008,-0.48
9.38173817381738,-0.5000000000000002,-0.5200000000000008,-0.48
9.382838283828383,-0.5000000000000002,-0.5200000000000008,-0.48
9.383938393839383,-0.5000000000000002,-0.5200000000000008,-0.48
9.385038503850385,-0.5000000000000002,-0.5200000000000008,-0.48
9.386138613861386,-0.5000000000000002,-0.5200000000000008,-0.48
9.387238723872386,-0.5000000000000002,-0.5200000000000008,-0.48
9.388338833883388,-0.5000000000000002,-0.5200000000000008,-0.48
9.389438943894389,-0.5000000000000002,-0.5200000000000008,-0.48
9.39053905390539,-0.5000000000000002,-0.5200000000000008,-0.48
9.391639163916391,-0.5000000000000002,-0.5200000000000008,-0.48
9.392739273927392,-0.5000000000000002,-0.5200000000000008,-0.48
9.393839383938394,-0.5000000000000002,-0.5200000000000008,-0.48
9.394939493949394,-0.5000000000000002,-0.5200000000000007,-0.48
9.396039603960395,-0.5000000000000002,-0.5200000000000007,-0.48
9.397139713971397,-0.5000000000000002,-0.5200000000000007,-0.48
9.398239823982397,-0.5000000000000002,-0.5200000000000007,-0.48
9.3993399339934,-0.5000000000000001,-0.5200000000000007,-0.48
9.4004400440044,-0.5000000000000001,-0.5200000000000007,-0.48
9.4015401540154,-0.5000000000000001,-0.5200000000000007,-0.48
9.402640264026402,-0.5000000000000001,-0.5200000000000007,-0.48
9.403740374037403,-0.5000000000000001,-0.5200000000000007,-0.48
9.404840484048405,-0.5000000000000001,-0.5200000000000007,-0.48
9.405940594059405,-0.5000000000000001,-0.5200000000000007,-0.48
9.407040704070406,-0.5000000000000001,-0.5200000000000007,-0.48
9.408140814081408,-0.5000000000000001,-0.5200000000000007,-0.48
9.409240924092408,-0.5000000000000001,-0.5200000000000007,-0.48
9.41034103410341,-0.5000000000000001,-0.5200000000000007,-0.48
9.411441144114411,-0.5000000000000001,-0.5200000000000007,-0.48
9.412541254125411,-0.5000000000000001,-0.5200000000000007,-0.48
9.413641364136414,-0.5000000000000001,-0.5200000000000007,-0.48
9.414741474147414,-0.5000000000000001,-0.5200000000000007,-0.48
9.415841584158414,-0.5000000000000001,-0.5200000000000007,-0.48
9.416941694169417,-0.5000000000000001,-0.5200000000000007,-0.48
9.418041804180417,-0.5000000000000001,-0.5200000000000007,-0.48
9.41914191419142,-0.5000000000000001,-0.5200000000000007,-0.48
9.42024202420242,-0.5000000000000001,-0.5200000000000007,-0.48
9.42134213421342,-0.5000000000000001,-0.5200000000000007,-0.48
9.422442244224422,-0.5000000000000001,-0.5200000000000007,-0.48
9.423542354235423,-0.5000000000000001,-0.5200000000000007,-0.48
9.424642464246425,-0.5000000000000001,-0.5200000000000007,-0.48
9.425742574257425,-0.5000000000000001,-0.5200000000000007,-0.48
9.426842684268426,-0.5000000000000001,-0.5200000000000007,-0.48
9.427942794279428,-0.5000000000000001,-0.5200000000000007,-0.48
9.429042904290428,-0.5000000000000001,-0.5200000000000007,-0.48
9.43014301430143,-0.5000000000000001,-0.5200000000000007,-0.48
9.43124312431243,-0.5000000000000001,-0.5200000000000006,-0.48
9.432343234323431,-0.5000000000000001,-0.5200000000000006,-0.48
9.433443344334433,-0.5000000000000001,-0.5200000000000006,-0.48
9.434543454345434,-0.5000000000000001,-0.5200000000000006,-0.48
9.435643564356434,-0.5000000000000001,-0.5200000000000006,-0.48
9.436743674367436,-0.5000000000000001,-0.5200000000000006,-0.48
9.437843784378437,-0.5000000000000001,-0.5200000000000006,-0.48
9.438943894389439,-0.5000000000000001,-0.5200000000000006,-0.48
9.44004400440044,-0.5000000000000001,-0.5200000000000006,-0.48
9.44114411441144,-0.5000000000000001,-0.5200000000000006,-0.48
9.442244224422442,-0.5000000000000001,-0.5200000000000006,-0.48
9.443344334433442,-0.5000000000000001,-0.5200000000000006,-0.48
9.444444444444445,-0.5000000000000001,-0.5200000000000006,-0.48
9.445544554455445,-0.5000000000000001,-0.5200000000000006,-0.48
9.446644664466445,-0.5000000000000001,-0.5200000000000006,-0.48
9.447744774477448,-0.5000000000000001,-0.5200000000000006,-0.48
9.448844884488448,-0.5000000000000001,-0.5200000000000006,-0.48
9.44994499449945,-0.5000000000000001,-0.5200000000000006,-0.48
9.45104510451045,-0.5000000000000001,-0.5200000000000006,-0.48
9.452145214521451,-0.5000000000000001,-0.5200000000000006,-0.48
9.453245324532453,-0.5000000000000001,-0.5200000000000006,-0.48
9.454345434543454,-0.5000000000000001,-0.5200000000000006,-0.48
9.455445544554454,-0.5000000000000001,-0.5200000000000006,-0.48
9.456545654565456,-0.5000000000000001,-0.5200000000000006,-0.48
9.457645764576457,-0.5000000000000001,-0.5200000000000006,-0.48
9.458745874587459,-0.5000000000000001,-0.5200000000000006,-0.48
9.45984598459846,-0.5000000000000001,-0.5200000000000006,-0.48
9.46094609460946,-0.5000000000000001,-0.5200000000000006,-0.48
9.462046204620462,-0.5000000000000001,-0.5200000000000006,-0.48
9.463146314631462,-0.5000000000000001,-0.5200000000000006,-0.48
9.464246424642464,-0.5000000000000001,-0.5200000000000006,-0.48
9.465346534653465,-0.5000000000000001,-0.5200000000000006,-0.48
9.466446644664465,-0.5000000000000001,-0.5200000000000006,-0.48
9.467546754675467,-0.5000000000000001,-0.5200000000000006,-0.48
9.468646864686468,-0.5000000000000001,-0.5200000000000006,-0.48
9.46974697469747,-0.5000000000000001,-0.5200000000000006,-0.48
9.47084708470847,-0.5000000000000001,-0.5200000000000005,-0.48
9.47194719471947,-0.5000000000000001,-0.5200000000000005,-0.48
9.473047304730473,-0.5000000000000001,-0.5200000000000005,-0.48
9.474147414741473,-0.5000000000000001,-0.5200000000000005,-0.48
9.475247524752474,-0.5000000000000001,-0.5200000000000005,-0.48
9.476347634763476,-0.5000000000000001,-0.5200000000000005,-0.48
9.477447744774476,-0.5000000000000001,-0.5200000000000005,-0.48
9.478547854785479,-0.5000000000000001,-0.5200000000000005,-0.48
9.479647964796479,-0.5000000000000001,-0.5200000000000005,-0.48
9.48074807480748,-0.5000000000000001,-0.5200000000000005,-0.48
9.481848184818482,-0.5000000000000001,-0.5200000000000005,-0.48
9.482948294829482,-0.5000000000000001,-0.5200000000000005,-0.48
9.484048404840484,-0.5000000000000001,-0.5200000000000005,-0.48
9.485148514851485,-0.5000000000000001,-0.5200000000000005,-0.48
9.486248624862485,-0.5000000000000001,-0.5200000000000005,-0.48
9.487348734873487,-0.5000000000000001,-0.5200000000000005,-0.48
9.488448844884488,-0.5000000000000001,-0.5200000000000005,-0.48
9.489548954895488,-0.5000000000000001,-0.5200000000000005,-0.48
9.49064906490649,-0.5000000000000001,-0.5200000000000005,-0.48
9.49174917491749,-0.5000000000000001,-0.5200000000000005,-0.48
9.492849284928493,-0.5000000000000001,-0.5200000000000005,-0.48
9.493949394939493,-0.5000000000000001,-0.5200000000000005,-0.48
9.495049504950494,-0.5000000000000001,-0.5200000000000005,-0.48
9.496149614961496,-0.5000000000000001,-0.5200000000000005,-0.48
9.497249724972496,-0.5000000000000001,-0.5200000000000005,-0.48
9.498349834983498,-0.5000000000000001,-0.5200000000000005,-0.48
9.499449944994499,-0.5000000000000001,-0.5200000000000005,-0.48
9.5005500550055,-0.5000000000000001,-0.5200000000000005,-0.48
9.501650165016502,-0.5000000000000001,-0.5200000000000005,-0.48
9.502750275027502,-0.5000000000000001,-0.5200000000000005,-0.48
9.503850385038504,-0.5000000000000001,-0.5200000000000005,-0.48
9.504950495049505,-0.5000000000000001,-0.5200000000000005,-0.48
9.506050605060505,-0.5000000000000001,-0.5200000000000005,-0.48
9.507150715071507,-0.5000000000000001,-0.5200000000000005,-0.48
9.508250825082508,-0.5000000000000001,-0.5200000000000005,-0.48
9.509350935093508,-0.5000000000000001,-0.5200000000000005,-0.48
9.51045104510451,-0.5000000000000001,-0.5200000000000005,-0.48
9.51155115511551,-0.5000000000000001,-0.5200000000000005,-0.48
9.512651265126513,-0.5000000000000001,-0.5200000000000005,-0.48
9.513751375137513,-0.5000000000000001,-0.5200000000000005,-0.48
9.514851485148514,-0.5000000000000001,-0.5200000000000005,-0.48
9.515951595159516,-0.5000000000000001,-0.5200000000000005,-0.48
9.517051705170516,-0.5000000000000001,-0.5200000000000005,-0.48
9.518151815181518,-0.5000000000000001,-0.5200000000000004,-0.48
9.519251925192519,-0.5000000000000001,-0.5200000000000004,-0.48
9.52035203520352,-0.5000000000000001,-0.5200000000000004,-0.48
9.521452145214521,-0.5000000000000001,-0.5200000000000004,-0.48
9.522552255225522,-0.5000000000000001,-0.5200000000000004,-0.48
9.523652365236524,-0.5000000000000001,-0.5200000000000004,-0.48
9.524752475247524,-0.5000000000000001,-0.5200000000000004,-0.48
9.525852585258525,-0.5000000000000001,-0.5200000000000004,-0.48
9.526952695269527,-0.5000000000000001,-0.5200000000000004,-0.48
9.528052805280527,-0.5000000000000001,-0.5200000000000004,-0.48
9.529152915291528,-0.5000000000000001,-0.5200000000000004,-0.48
9.53025302530253,-0.5000000000000001,-0.5200000000000004,-0.48
9.53135313531353,-0.5000000000000001,-0.5200000000000004,-0.48
9.532453245324533,-0.5000000000000001,-0.5200000000000004,-0.48
9.533553355335533,-0.5000000000000001,-0.5200000000000004,-0.48
9.534653465346533,-0.5000000000000001,-0.5200000000000004,-0.48
9.535753575357536,-0.5000000000000001,-0.5200000000000004,-0.48
9.536853685368536,-0.5000000000000001,-0.5200000000000004,-0.48
9.537953795379538,-0.5000000000000001,-0.5200000000000004,-0.48
9.539053905390539,-0.5000000000000001,-0.5200000000000004,-0.48
9.540154015401539,-0.5000000000000001,-0.5200000000000004,-0.48
9.541254125412541,-0.5000000000000001,-0.5200000000000004,-0.48
9.542354235423542,-0.5000000000000001,-0.5200000000000004,-0.48
9.543454345434544,-0.5000000000000001,-0.5200000000000004,-0.48
9.544554455445544,-0.5000000000000001,-0.5200000000000004,-0.48
9.545654565456545,-0.5000000000000001,-0.5200000000000004,-0.48
9.546754675467547,-0.5000000000000001,-0.5200000000000004,-0.48
9.547854785478547,-0.5000000000000001,-0.5200000000000004,-0.48
9.548954895489548,-0.5000000000000001,-0.5200000000000004,-0.48
9.55005500550055,-0.5000000000000001,-0.5200000000000004,-0.48
9.55115511551155,-0.5000000000000001,-0.5200000000000004,-0.48
9.552255225522552,-0.5000000000000001,-0.5200000000000004,-0.48
9.553355335533553,-0.5000000000000001,-0.5200000000000004,-0.48
9.554455445544553,-0.5000000000000001,-0.5200000000000004,-0.48
9.555555555555555,-0.5000000000000001,-0.5200000000000004,-0.48
9.556655665566556,-0.5000000000000001,-0.5200000000000004,-0.48
9.557755775577558,-0.5000000000000001,-0.5200000000000004,-0.48
9.558855885588558,-0.5000000000000001,-0.5200000000000004,-0.48
9.559955995599559,-0.5000000000000001,-0.5200000000000004,-0.48
9.561056105610561,-0.5000000000000001,-0.5200000000000004,-0.48
9.562156215621561,-0.5000000000000001,-0.5200000000000004,-0.48
9.563256325632564,-0.5000000000000001,-0.5200000000000004,-0.48
9.564356435643564,-0.5000000000000001,-0.5200000000000004,-0.48
9.565456545654564,-0.5000000000000001,-0.5200000000000004,-0.48
9.566556655665567,-0.5000000000000001,-0.5200000000000004,-0.48
9.567656765676567,-0.5000000000000001,-0.5200000000000004,-0.48
9.568756875687567,-0.5000000000000001,-0.5200000000000004,-0.48
9.56985698569857,-0.5000000000000001,-0.5200000000000004,-0.48
9.57095709570957,-0.5000000000000001,-0.5200000000000004,-0.48
9.572057205720572,-0.5000000000000001,-0.5200000000000004,-0.48
9.573157315731573,-0.5000000000000001,-0.5200000000000004,-0.48
9.574257425742573,-0.5000000000000001,-0.5200000000000004,-0.48
9.575357535753575,-0.5,-0.5200000000000004,-0.48
9.576457645764576,-0.5,-0.5200000000000004,-0.48
9.577557755775578,-0.5,-0.5200000000000004,-0.48
9.578657865786578,-0.5,-0.5200000000000004,-0.48
9.579757975797579,-0.5,-0.5200000000000004,-0.48
9.58085808580858,-0.5,-0.5200000000000004,-0.48
9.581958195819581,-0.5,-0.5200000000000004,-0.48
9.583058305830583,-0.5,-0.5200000000000002,-0.48
9.584158415841584,-0.5,-0.5200000000000002,-0.48
9.585258525852584,-0.5,-0.5200000000000002,-0.48
9.586358635863586,-0.5,-0.5200000000000002,-0.48
9.587458745874587,-0.5,-0.5200000000000002,-0.48
9.588558855885587,-0.5,-0.5200000000000002,-0.48
9.58965896589659,-0.5,-0.5200000000000002,-0.48
9.59075907590759,-0.5,-0.5200000000000002,-0.48
9.591859185918592,-0.5,-0.5200000000000002,-0.48
9.592959295929592,-0.5,-0.5200000000000002,-0.48
9.594059405940593,-0.5,-0.5200000000000002,-0.48
9.595159515951595,-0.5,-0.5200000000000002,-0.48
9.596259625962595,-0.5,-0.5200000000000002,-0.48
9.597359735973598,-0.5,-0.5200000000000002,-0.48
9.598459845984598,-0.5,-0.5200000000000002,-0.48
9.599559955995598,-0.5,-0.5200000000000002,-0.48
9.6006600660066,-0.5,-0.5200000000000002,-0.48
9.601760176017601,-0.5,-0.5200000000000002,-0.48
9.602860286028601,-0.5,-0.5200000000000002,-0.48
9.603960396039604,-0.5,-0.5200000000000002,-0.48
9.605060506050604,-0.5,-0.5200000000000002,-0.48
9.606160616061606,-0.5,-0.5200000000000002,-0.48
9.607260726072607,-0.5,-0.5200000000000002,-0.48
9.608360836083607,-0.5,-0.5200000000000002,-0.48
9.60946094609461,-0.5,-0.5200000000000002,-0.48
9.61056105610561,-0.5,-0.5200000000000002,-0.48
9.611661166116612,-0.5,-0.5200000000000002,-0.48
9.612761276127612,-0.5,-0.5200000000000002,-0.48
9.613861386138613,-0.5,-0.5200000000000002,-0.48
9.614961496149615,-0.5,-0.5200000000000002,-0.48
9.616061606160615,-0.5,-0.5200000000000002,-0.48
9.617161716171617,-0.5,-0.5200000000000002,-0.48
9.618261826182618,-0.5,-0.5200000000000002,-0.48
9.619361936193618,-0.5,-0.5200000000000002,-0.48
9.62046204620462,-0.5,-0.5200000000000002,-0.48
9.62156215621562,-0.5,-0.5200000000000002,-0.48
9.622662266226621,-0.5,-0.5200000000000002,-0.48
9.623762376237623,-0.5,-0.5200000000000002,-0.48
9.624862486248624,-0.5,-0.5200000000000002,-0.48
9.625962596259626,-0.5,-0.5200000000000002,-0.48
9.627062706270626,-0.5,-0.5200000000000002,-0.48
9.628162816281627,-0.5,-0.5200000000000002,-0.48
9.629262926292629,-0.5,-0.5200000000000002,-0.48
9.63036303630363,-0.5,-0.5200000000000002,-0.48
9.631463146314632,-0.5,-0.5200000000000002,-0.48
9.632563256325632,-0.5,-0.5200000000000002,-0.48
9.633663366336632,-0.5,-0.5200000000000002,-0.48
9.634763476347635,-0.5,-0.5200000000000002,-0.48
9.635863586358635,-0.5,-0.5200000000000002,-0.48
9.636963696369637,-0.5,-0.5200000000000002,-0.48
9.638063806380638,-0.5,-0.5200000000000002,-0.48
9.639163916391638,-0.5,-0.5200000000000002,-0.48
9.64026402640264,-0.5,-0.5200000000000002,-0.48
9.64136413641364,-0.5,-0.5200000000000002,-0.48
9.642464246424641,-0.5,-0.5200000000000002,-0.48
9.643564356435643,-0.5,-0.5200000000000002,-0.48
9.644664466446644,-0.5,-0.5200000000000002,-0.48
9.645764576457646,-0.5,-0.5200000000000002,-0.48
9.646864686468646,-0.5,-0.5200000000000002,-0.48
9.647964796479647,-0.5,-0.5200000000000002,-0.48
9.649064906490649,-0.5,-0.5200000000000002,-0.48
9.65016501650165,-0.5,-0.5200000000000002,-0.48
9.651265126512651,-0.5,-0.5200000000000002,-0.48
9.652365236523652,-0.5,-0.5200000000000002,-0.48
9.653465346534652,-0.5,-0.5200000000000002,-0.48
9.654565456545654,-0.5,-0.5200000000000002,-0.48
9.655665566556655,-0.5,-0.5200000000000002,-0.48
9.656765676567657,-0.5,-0.5200000000000002,-0.48
9.657865786578657,-0.5,-0.5200000000000002,-0.48
9.658965896589658,-0.5,-0.5200000000000002,-0.48
9.66006600660066,-0.5,-0.5200000000000002,-0.48
9.66116611661166,-0.5,-0.5200000000000002,-0.48
9.66226622662266,-0.5,-0.5200000000000002,-0.48
9.663366336633663,-0.5,-0.5200000000000002,-0.48
9.664466446644663,-0.5,-0.5200000000000002,-0.48
9.665566556655666,-0.5,-0.5200000000000002,-0.48
9.666666666666666,-0.5,-0.5200000000000002,-0.48
9.667766776677666,-0.5,-0.5200000000000002,-0.48
9.668866886688669,-0.5,-0.5200000000000002,-0.48
9.669966996699669,-0.5,-0.5200000000000002,-0.48
9.671067106710671,-0.5,-0.5200000000000002,-0.48
9.672167216721672,-0.5,-0.5200000000000002,-0.48
9.673267326732672,-0.5,-0.5200000000000002,-0.48
9.674367436743674,-0.5,-0.5200000000000002,-0.48
9.675467546754675,-0.5,-0.5200000000000002,-0.48
9.676567656765677,-0.5,-0.5200000000000002,-0.48
9.677667766776677,-0.5,-0.5200000000000002,-0.48
9.678767876787678,-0.5,-0.5200000000000001,-0.48
9.67986798679868,-0.5,-0.5200000000000001,-0.48
9.68096809680968,-0.5,-0.5200000000000001,-0.48
9.68206820682068,-0.5,-0.5200000000000001,-0.48
9.683168316831683,-0.5,-0.5200000000000001,-0.48
9.684268426842683,-0.5,-0.5200000000000001,-0.48
9.685368536853685,-0.5,-0.5200000000000001,-0.48
9.686468646864686,-0.5,-0.5200000000000001,-0.48
9.687568756875686,-0.5,-0.5200000000000001,-0.48
9.688668866886688,-0.5,-0.5200000000000001,-0.48
9.689768976897689,-0.5,-0.5200000000000001,-0.48
9.690869086908691,-0.5,-0.5200000000000001,-0.48
9.691969196919691,-0.5,-0.5200000000000001,-0.48
9.693069306930692,-0.5,-0.5200000000000001,-0.48
9.694169416941694,-0.5,-0.5200000000000001,-0.48
9.695269526952695,-0.5,-0.5200000000000001,-0.48
9.696369636963695,-0.5,-0.5200000000000001,-0.48
9.697469746974697,-0.5,-0.5200000000000001,-0.48
9.698569856985698,-0.5,-0.5200000000000001,-0.48
9.6996699669967,-0.5,-0.5200000000000001,-0.48
9.7007700770077,-0.5,-0.5200000000000001,-0.48
9.7018701870187,-0.5,-0.5200000000000001,-0.48
9.702970297029703,-0.5,-0.5200000000000001,-0.48
9.704070407040703,-0.5,-0.5200000000000001,-0.48
9.705170517051705,-0.5,-0.5200000000000001,-0.48
9.706270627062706,-0.5,-0.5200000000000001,-0.48
9.707370737073706,-0.5,-0.5200000000000001,-0.48
9.708470847084708,-0.5,-0.5200000000000001,-0.48
9.709570957095709,-0.5,-0.5200000000000001,-0.48
9.710671067106711,-0.5,-0.5200000000000001,-0.48
9.711771177117711,-0.5,-0.5200000000000001,-0.48
9.712871287128712,-0.5,-0.5200000000000001,-0.48
9.713971397139714,-0.5,-0.5200000000000001,-0.48
9.715071507150714,-0.5,-0.5200000000000001,-0.48
9.716171617161715,-0.5,-0.5200000000000001,-0.48
9.717271727172717,-0.5,-0.5200000000000001,-0.48
9.718371837183717,-0.5,-0.5200000000000001,-0.48
9.71947194719472,-0.5,-0.5200000000000001,-0.48
9.72057205720572,-0.5,-0.5200000000000001,-0.48
9.72167216721672,-0.5,-0.5200000000000001,-0.48
9.722772277227723,-0.5,-0.5200000000000001,-0.48
9.723872387238723,-0.5,-0.5200000000000001,-0.48
9.724972497249725,-0.5,-0.5200000000000001,-0.48
9.726072607260726,-0.5,-0.5200000000000001,-0.48
9.727172717271726,-0.5,-0.5200000000000001,-0.48
9.728272827282728,-0.5,-0.5200000000000001,-0.48
9.729372937293729,-0.5,-0.5200000000000001,-0.48
9.73047304730473,-0.5,-0.5200000000000001,-0.48
9.731573157315731,-0.5,-0.5200000000000001,-0.48
9.732673267326732,-0.5,-0.5200000000000001,-0.48
9.733773377337734,-0.5,-0.5200000000000001,-0.48
9.734873487348734,-0.5,-0.5200000000000001,-0.48
9.735973597359735,-0.5,-0.5200000000000001,-0.48
9.737073707370737,-0.5,-0.5200000000000001,-0.48
9.738173817381737,-0.5,-0.5200000000000001,-0.48
9.73927392739274,-0.5,-0.5200000000000001,-0.48
9.74037403740374,-0.5,-0.5200000000000001,-0.48
9.74147414741474,-0.5,-0.5200000000000001,-0.48
9.742574257425742,-0.5,-0.5200000000000001,-0.48
9.743674367436743,-0.5,-0.5200000000000001,-0.48
9.744774477447745,-0.5,-0.5200000000000001,-0.48
9.745874587458745,-0.5,-0.5200000000000001,-0.48
9.746974697469746,-0.5,-0.5200000000000001,-0.48
9.748074807480748,-0.5,-0.5200000000000001,-0.48
9.749174917491748,-0.5,-0.5200000000000001,-0.48
9.75027502750275,-0.5,-0.5200000000000001,-0.48
9.751375137513751,-0.5,-0.5200000000000001,-0.48
9.752475247524751,-0.5,-0.5200000000000001,-0.48
9.753575357535754,-0.5,-0.5200000000000001,-0.48
9.754675467546754,-0.5,-0.5200000000000001,-0.48
9.755775577557754,-0.5,-0.5200000000000001,-0.48
9.756875687568757,-0.5,-0.5200000000000001,-0.48
9.757975797579757,-0.5,-0.5200000000000001,-0.48
9.75907590759076,-0.5,-0.5200000000000001,-0.48
9.76017601760176,-0.5,-0.5200000000000001,-0.48
9.76127612761276,-0.5,-0.5200000000000001,-0.48
9.762376237623762,-0.5,-0.5200000000000001,-0.48
9.763476347634763,-0.5,-0.5200000000000001,-0.48
9.764576457645765,-0.5,-0.5200000000000001,-0.48
9.765676567656765,-0.5,-0.5200000000000001,-0.48
9.766776677667766,-0.5,-0.5200000000000001,-0.48
9.767876787678768,-0.5,-0.5200000000000001,-0.48
9.768976897689768,-0.5,-0.5200000000000001,-0.48
9.77007700770077,-0.5,-0.5200000000000001,-0.48
9.77117711771177,-0.5,-0.5200000000000001,-0.48
9.772277227722771,-0.5,-0.5200000000000001,-0.48
9.773377337733773,-0.5,-0.5200000000000001,-0.48
9.774477447744774,-0.5,-0.5200000000000001,-0.48
9.775577557755774,-0.5,-0.5200000000000001,-0.48
9.776677667766776,-0.5,-0.5200000000000001,-0.48
9.777777777777777,-0.5,-0.5200000000000001,-0.48
9.778877887788779,-0.5,-0.5200000000000001,-0.48
9.77997799779978,-0.5,-0.5200000000000001,-0.48
9.78107810781078,-0.5,-0.5200000000000001,-0.48
9.782178217821782,-0.5,-0.5200000000000001,-0.48
9.783278327832782,-0.5,-0.5200000000000001,-0.48
9.784378437843785,-0.5,-0.5200000000000001,-0.48
9.785478547854785,-0.5,-0.5200000000000001,-0.48
9.786578657865785,-0.5,-0.5200000000000001,-0.48
9.787678767876788,-0.5,-0.5200000000000001,-0.48
9.788778877887788,-0.5,-0.5200000000000001,-0.48
9.78987898789879,-0.5,-0.5200000000000001,-0.48
9.79097909790979,-0.5,-0.5200000000000001,-0.48
9.792079207920791,-0.5,-0.5200000000000001,-0.48
9.793179317931793,-0.5,-0.5200000000000001,-0.48
9.794279427942794,-0.5,-0.5200000000000001,-0.48
9.795379537953794,-0.5,-0.5200000000000001,-0.48
9.796479647964796,-0.5,-0.5200000000000001,-0.48
9.797579757975797,-0.5,-0.5200000000000001,-0.48
9.798679867986799,-0.5,-0.5200000000000001,-0.48
9.7997799779978,-0.5,-0.5200000000000001,-0.48
9.8008800880088,-0.5,-0.5200000000000001,-0.48
9.801980198019802,-0.5,-0.5200000000000001,-0.48
9.803080308030802,-0.5,-0.5200000000000001,-0.48
9.804180418041804,-0.5,-0.5200000000000001,-0.48
9.805280528052805,-0.5,-0.5200000000000001,-0.48
9.806380638063805,-0.5,-0.5200000000000001,-0.48
9.807480748074807,-0.5,-0.5200000000000001,-0.48
9.808580858085808,-0.5,-0.5200000000000001,-0.48
9.809680968096808,-0.5,-0.5200000000000001,-0.48
9.81078107810781,-0.5,-0.5200000000000001,-0.48
9.81188118811881,-0.5,-0.5200000000000001,-0.48
9.812981298129813,-0.5,-0.5200000000000001,-0.48
9.814081408140813,-0.5,-0.5200000000000001,-0.48
9.815181518151814,-0.5,-0.5200000000000001,-0.48
9.816281628162816,-0.5,-0.5200000000000001,-0.48
9.817381738173816,-0.5,-0.5200000000000001,-0.48
9.818481848184819,-0.5,-0.5200000000000001,-0.48
9.819581958195819,-0.5,-0.5200000000000001,-0.48
9.82068206820682,-0.5,-0.5200000000000001,-0.48
9.821782178217822,-0.5,-0.5200000000000001,-0.48
9.822882288228822,-0.5,-0.5200000000000001,-0.48
9.823982398239824,-0.5,-0.5200000000000001,-0.48
9.825082508250825,-0.5,-0.5200000000000001,-0.48
9.826182618261825,-0.5,-0.5200000000000001,-0.48
9.827282728272827,-0.5,-0.5200000000000001,-0.48
9.828382838283828,-0.5,-0.5200000000000001,-0.48
9.829482948294828,-0.5,-0.5200000000000001,-0.48
9.83058305830583,-0.5,-0.5200000000000001,-0.48
9.83168316831683,-0.5,-0.5200000000000001,-0.48
9.832783278327833,-0.5,-0.5200000000000001,-0.48
9.833883388338833,-0.5,-0.5200000000000001,-0.48
9.834983498349834,-0.5,-0.5200000000000001,-0.48
9.836083608360836,-0.5,-0.5200000000000001,-0.48
9.837183718371836,-0.5,-0.5200000000000001,-0.48
9.838283828382838,-0.5,-0.5200000000000001,-0.48
9.839383938393839,-0.5,-0.5200000000000001,-0.48
9.84048404840484,-0.5,-0.5200000000000001,-0.48
9.841584158415841,-0.5,-0.5200000000000001,-0.48
9.842684268426842,-0.5,-0.5200000000000001,-0.48
9.843784378437844,-0.5,-0.5200000000000001,-0.48
9.844884488448844,-0.5,-0.5200000000000001,-0.48
9.845984598459845,-0.5,-0.5200000000000001,-0.48
9.847084708470847,-0.5,-0.5200000000000001,-0.48
9.848184818481847,-0.5,-0.5200000000000001,-0.48
9.849284928492848,-0.5,-0.5200000000000001,-0.48
9.85038503850385,-0.5,-0.5200000000000001,-0.48
9.85148514851485,-0.5,-0.5200000000000001,-0.48
9.852585258525853,-0.5,-0.5200000000000001,-0.48
9.853685368536853,-0.5,-0.5200000000000001,-0.48
9.854785478547853,-0.5,-0.5200000000000001,-0.48
9.855885588558856,-0.5,-0.5200000000000001,-0.48
9.856985698569856,-0.5,-0.5200000000000001,-0.48
9.858085808580858,-0.5,-0.5200000000000001,-0.48
9.859185918591859,-0.5,-0.5200000000000001,-0.48
9.860286028602859,-0.5,-0.5200000000000001,-0.48
9.861386138613861,-0.5,-0.5200000000000001,-0.48
9.862486248624862,-0.5,-0.5200000000000001,-0.48
9.863586358635864,-0.5,-0.5200000000000001,-0.48
9.864686468646864,-0.5,-0.5200000000000001,-0.48
9.865786578657865,-0.5,-0.5200000000000001,-0.48
9.866886688668867,-0.5,-0.5200000000000001,-0.48
9.867986798679867,-0.5,-0.5200000000000001,-0.48
9.869086908690868,-0.5,-0.5200000000000001,-0.48
9.87018701870187,-0.5,-0.5200000000000001,-0.48
9.87128712871287,-0.5,-0.5200000000000001,-0.48
9.872387238723872,-0.5,-0.5200000000000001,-0.48
9.873487348734873,-0.5,-0.52,-0.48
9.874587458745873,-0.5,-0.52,-0.48
9.875687568756875,-0.5,-0.52,-0.48
9.876787678767876,-0.5,-0.52,-0.48
9.877887788778878,-0.5,-0.52,-0.48
9.878987898789878,-0.5,-0.52,-0.48
9.880088008800879,-0.5,-0.52,-0.48
9.881188118811881,-0.5,-0.52,-0.48
9.882288228822881,-0.5,-0.52,-0.48
9.883388338833884,-0.5,-0.52,-0.48
9.884488448844884,-0.5,-0.52,-0.48
9.885588558855885,-0.5,-0.52,-0.48
9.886688668866887,-0.5,-0.52,-0.48
9.887788778877887,-0.5,-0.52,-0.48
9.888888888888888,-0.5,-0.52,-0.48
9.88998899889989,-0.5,-0.52,-0.48
9.89108910891089,-0.5,-0.52,-0.48
9.892189218921892,-0.5,-0.52,-0.48
9.893289328932893,-0.5,-0.52,-0.48
9.894389438943893,-0.5,-0.52,-0.48
9.895489548954895,-0.5,-0.52,-0.48
9.896589658965896,-0.5,-0.52,-0.48
9.897689768976898,-0.5,-0.52,-0.48
9.898789878987898,-0.5,-0.52,-0.48
9.899889988998899,-0.5,-0.52,-0.48
9.900990099009901,-0.5,-0.52,-0.48
9.902090209020901,-0.5,-0.52,-0.48
9.903190319031902,-0.5,-0.52,-0.48
9.904290429042904,-0.5,-0.52,-0.48
9.905390539053904,-0.5,-0.52,-0.48
9.906490649064907,-0.5,-0.52,-0.48
9.907590759075907,-0.5,-0.52,-0.48
9.908690869086907,-0.5,-0.52,-0.48
9.90979097909791,-0.5,-0.52,-0.48
9.91089108910891,-0.5,-0.52,-0.48
9.911991199119912,-0.5,-0.52,-0.48
9.913091309130913,-0.5,-0.52,-0.48
9.914191419141913,-0.5,-0.52,-0.48
9.915291529152915,-0.5,-0.52,-0.48
9.916391639163916,-0.5,-0.52,-0.48
9.917491749174918,-0.5,-0.52,-0.48
9.918591859185918,-0.5,-0.52,-0.48
9.919691969196919,-0.5,-0.52,-0.48
9.92079207920792,-0.5,-0.52,-0.48
9.921892189218921,-0.5,-0.52,-0.48
9.922992299229922,-0.5,-0.52,-0.48
9.924092409240924,-0.5,-0.52,-0.48
9.925192519251924,-0.5,-0.52,-0.48
9.926292629262926,-0.5,-0.52,-0.48
9.927392739273927,-0.5,-0.52,-0.48
9.928492849284927,-0.5,-0.52,-0.48
9.92959295929593,-0.5,-0.52,-0.48
9.93069306930693,-0.5,-0.52,-0.48
9.931793179317932,-0.5,-0.52,-0.48
9.932893289328932,-0.5,-0.52,-0.48
9.933993399339933,-0.5,-0.52,-0.48
9.935093509350935,-0.5,-0.52,-0.48
9.936193619361935,-0.5,-0.52,-0.48
9.937293729372938,-0.5,-0.52,-0.48
9.938393839383938,-0.5,-0.52,-0.48
9.939493949394938,-0.5,-0.52,-0.48
9.94059405940594,-0.5,-0.52,-0.48
9.941694169416941,-0.5,-0.52,-0.48
9.942794279427941,-0.5,-0.52,-0.48
9.943894389438944,-0.5,-0.52,-0.48
9.944994499449944,-0.5,-0.52,-0.48
9.946094609460946,-0.5,-0.52,-0.48
9.947194719471947,-0.5,-0.52,-0.48
9.948294829482947,-0.5,-0.52,-0.48
9.94939493949395,-0.5,-0.52,-0.48
9.95049504950495,-0.5,-0.52,-0.48
9.951595159515952,-0.5,-0.52,-0.48
9.952695269526952,-0.5,-0.52,-0.48
9.953795379537953,-0.5,-0.52,-0.48
9.954895489548955,-0.5,-0.52,-0.48
9.955995599559955,-0.5,-0.52,-0.48
9.957095709570957,-0.5,-0.52,-0.48
9.958195819581958,-0.5,-0.52,-0.48
9.959295929592958,-0.5,-0.52,-0.48
9.96039603960396,-0.5,-0.52,-0.48
9.96149614961496,-0.5,-0.52,-0.48
9.962596259625961,-0.5,-0.52,-0.48
9.963696369636963,-0.5,-0.52,-0.48
9.964796479647964,-0.5,-0.52,-0.48
9.965896589658966,-0.5,-0.52,-0.48
9.966996699669966,-0.5,-0.52,-0.48
9.968096809680967,-0.5,-0.52,-0.48
9.969196919691969,-0.5,-0.52,-0.48
9.97029702970297,-0.5,-0.52,-0.48
9.971397139713972,-0.5,-0.52,-0.48
9.972497249724972,-0.5,-0.52,-0.48
9.973597359735972,-0.5,-0.52,-0.48
9.974697469746975,-0.5,-0.52,-0.48
9.975797579757975,-0.5,-0.52,-0.48
9.976897689768977,-0.5,-0.52,-0.48
9.977997799779978,-0.5,-0.52,-0.48
9.979097909790978,-0.5,-0.52,-0.48
9.98019801980198,-0.5,-0.52,-0.48
9.98129812981298,-0.5,-0.52,-0.48
9.982398239823981,-0.5,-0.52,-0.48
9.983498349834983,-0.5,-0.52,-0.48
9.984598459845984,-0.5,-0.52,-0.48
9.985698569856986,-0.5,-0.52,-0.48
9.986798679867986,-0.5,-0.52,-0.48
9.987898789878987,-0.5,-0.52,-0.48
9.988998899889989,-0.5,-0.52,-0.48
9.99009900990099,-0.5,-0.52,-0.48
9.991199119911991,-0.5,-0.52,-0.48
9.992299229922992,-0.5,-0.52,-0.48
9.993399339933992,-0.5,-0.52,-0.48
9.994499449944994,-0.5,-0.52,-0.48
9.995599559955995,-0.5,-0.52,-0.48
9.996699669966997,-0.5,-0.52,-0.48
9.997799779977997,-0.5,-0.52,-0.48
9.998899889988998,-0.5,-0.52,-0.48
10.0,-0.5,-0.52,-0.48
