Time (s),P_PCC (pu),P_down (pu),P_up (pu)
-1.0,-0.001,-0.021,0.019
-0.9994999499949995,-0.001,-0.021,0.019
-0.998999899989999,-0.001,-0.021,0.019
-0.9984998499849985,-0.001,-0.021,0.019
-0.997999799979998,-0.001,-0.021,0.019
-0.9974997499749975,-0.001,-0.021,0.019
-0.996999699969997,-0.001,-0.021,0.019
-0.9964996499649965,-0.001,-0.021,0.019
-0.995999599959996,-0.001,-0.021,0.019
-0.9954995499549955,-0.001,-0.021,0.019
-0.994999499949995,-0.001,-0.021,0.019
-0.9944994499449945,-0.001,-0.021,0.019
-0.993999399939994,-0.001,-0.021,0.019
-0.9934993499349934,-0.001,-0.021,0.019
-0.992999299929993,-0.001,-0.021,0.019
-0.9924992499249925,-0.001,-0.021,0.019
-0.991999199919992,-0.001,-0.021,0.019
-0.9914991499149916,-0.001,-0.021,0.019
-0.990999099909991,-0.001,-0.021,0.019
-0.9904990499049905,-0.001,-0.021,0.019
-0.98999899989999,-0.001,-0.021,0.019
-0.9894989498949895,-0.001,-0.021,0.019
-0.988998899889989,-0.001,-0.021,0.019
-0.9884988498849885,-0.001,-0.021,0.019
-0.987998799879988,-0.001,-0.021,0.019
-0.9874987498749875,-0.001,-0.021,0.019
-0.986998699869987,-0.001,-0.021,0.019
-0.9864986498649865,-0.001,-0.021,0.019
-0.985998599859986,-0.001,-0.021,0.019
-0.9854985498549855,-0.001,-0.021,0.019
-0.984998499849985,-0.001,-0.021,0.019
-0.9844984498449845,-0.001,-0.021,0.019
-0.983998399839984,-0.001,-0.021,0.019
-0.9834983498349835,-0.001,-0.021,0.019
-0.982998299829983,-0.001,-0.021,0.019
-0.9824982498249825,-0.001,-0.021,0.019
-0.981998199819982,-0.001,-0.021,0.019
-0.9814981498149815,-0.001,-0.021,0.019
-0.980998099809981,-0.001,-0.021,0.019
-0.9804980498049805,-0.001,-0.021,0.019
-0.97999799979998,-0.001,-0.021,0.019
-0.9794979497949795,-0.001,-0.021,0.019
-0.978997899789979,-0.001,-0.021,0.019
-0.9784978497849784,-0.001,-0.021,0.019
-0.977997799779978,-0.001,-0.021,0.019
-0.9774977497749775,-0.001,-0.021,0.019
-0.976997699769977,-0.001,-0.021,0.019
-0.9764976497649765,-0.001,-0.021,0.019
-0.975997599759976,-0.001,-0.021,0.019
-0.9754975497549755,-0.001,-0.021,0.019
-0.974997499749975,-0.001,-0.021,0.019
-0.9744974497449745,-0.001,-0.021,0.019
-0.973997399739974,-0.001,-0.021,0.019
-0.9734973497349735,-0.001,-0.021,0.019
-0.972997299729973,-0.001,-0.021,0.019
-0.9724972497249725,-0.001,-0.021,0.019
-0.971997199719972,-0.001,-0.021,0.019
-0.9714971497149715,-0.001,-0.021,0.019
-0.970997099709971,-0.001,-0.021,0.019
-0.9704970497049705,-0.001,-0.021,0.019
-0.96999699969997,-0.001,-0.021,0.019
-0.9694969496949695,-0.001,-0.021,0.019
-0.968996899689969,-0.001,-0.021,0.019
-0.9684968496849685,-0.001,-0.021,0.019
-0.967996799679968,-0.001,-0.021,0.019
-0.9674967496749675,-0.001,-0.021,0.019
-0.966996699669967,-0.001,-0.021,0.019
-0.9664966496649665,-0.001,-0.021,0.019
-0.965996599659966,-0.001,-0.021,0.019
-0.9654965496549655,-0.001,-0.021,0.019
-0.964996499649965,-0.001,-0.021,0.019
-0.9644964496449645,-0.001,-0.021,0.019
-0.963996399639964,-0.001,-0.021,0.019
-0.9634963496349634,-0.001,-0.021,0.019
-0.962996299629963,-0.001,-0.021,0.019
-0.9624962496249625,-0.001,-0.021,0.019
-0.961996199619962,-0.001,-0.021,0.019
-0.9614961496149614,-0.001,-0.021,0.019
-0.960996099609961,-0.001,-0.021,0.019
-0.9604960496049605,-0.001,-0.021,0.019
-0.95999599959996,-0.001,-0.021,0.019
-0.9594959495949595,-0.001,-0.021,0.019
-0.958995899589959,-0.001,-0.021,0.019
-0.9584958495849585,-0.001,-0.021,0.019
-0.957995799579958,-0.001,-0.021,0.019
-0.9574957495749575,-0.001,-0.021,0.019
-0.956995699569957,-0.001,-0.021,0.019
-0.9564956495649565,-0.001,-0.021,0.019
-0.9559955995599559,-0.001,-0.021,0.019
-0.9554955495549555,-0.001,-0.021,0.019
-0.954995499549955,-0.001,-0.021,0.019
-0.9544954495449545,-0.001,-0.021,0.019
-0.9539953995399539,-0.001,-0.021,0.019
-0.9534953495349535,-0.001,-0.021,0.019
-0.952995299529953,-0.001,-0.021,0.019
-0.9524952495249525,-0.001,-0.021,0.019
-0.951995199519952,-0.001,-0.021,0.019
-0.9514951495149515,-0.001,-0.021,0.019
-0.950995099509951,-0.001,-0.021,0.019
-0.9504950495049505,-0.001,-0.021,0.019
-0.94999499949995,-0.001,-0.021,0.019
-0.9494949494949495,-0.001,-0.021,0.019
-0.948994899489949,-0.001,-0.021,0.019
-0.9484948494849484,-0.001,-0.021,0.019
-0.947994799479948,-0.001,-0.021,0.019
-0.9474947494749475,-0.001,-0.021,0.019
-0.946994699469947,-0.001,-0.021,0.019
-0.9464946494649464,-0.001,-0.021,0.019
-0.945994599459946,-0.001,-0.021,0.019
-0.9454945494549455,-0.001,-0.021,0.019
-0.944994499449945,-0.001,-0.021,0.019
-0.9444944494449445,-0.001,-0.021,0.019
-0.943994399439944,-0.001,-0.021,0.019
-0.9434943494349435,-0.001,-0.021,0.019
-0.942994299429943,-0.001,-0.021,0.019
-0.9424942494249425,-0.001,-0.021,0.019
-0.941994199419942,-0.001,-0.021,0.019
-0.9414941494149415,-0.001,-0.021,0.019
-0.9409940994099409,-0.001,-0.021,0.019
-0.9404940494049405,-0.001,-0.021,0.019
-0.93999399939994,-0.001,-0.021,0.019
-0.9394939493949395,-0.001,-0.021,0.019
-0.9389938993899389,-0.001,-0.021,0.019
-0.9384938493849385,-0.001,-0.021,0.019
-0.937993799379938,-0.001,-0.021,0.019
-0.9374937493749375,-0.001,-0.021,0.019
-0.936993699369937,-0.001,-0.021,0.019
-0.9364936493649365,-0.001,-0.021,0.019
-0.935993599359936,-0.001,-0.021,0.019
-0.9354935493549354,-0.001,-0.021,0.019
-0.934993499349935,-0.001,-0.021,0.019
-0.9344934493449345,-0.001,-0.021,0.019
-0.933993399339934,-0.001,-0.021,0.019
-0.9334933493349336,-0.001,-0.021,0.019
-0.932993299329933,-0.001,-0.021,0.019
-0.9324932493249325,-0.001,-0.021,0.019
-0.931993199319932,-0.001,-0.021,0.019
-0.9314931493149314,-0.001,-0.021,0.019
-0.930993099309931,-0.001,-0.021,0.019
-0.9304930493049305,-0.001,-0.021,0.019
-0.92999299929993,-0.001,-0.021,0.019
-0.9294929492949295,-0.001,-0.021,0.019
-0.928992899289929,-0.001,-0.021,0.019
-0.9284928492849285,-0.001,-0.021,0.019
-0.927992799279928,-0.001,-0.021,0.019
-0.9274927492749275,-0.001,-0.021,0.019
-0.926992699269927,-0.001,-0.021,0.019
-0.9264926492649265,-0.001,-0.021,0.019
-0.925992599259926,-0.001,-0.021,0.019
-0.9254925492549255,-0.001,-0.021,0.019
-0.924992499249925,-0.001,-0.021,0.019
-0.9244924492449245,-0.001,-0.021,0.019
-0.9239923992399239,-0.001,-0.021,0.019
-0.9234923492349235,-0.001,-0.021,0.019
-0.922992299229923,-0.001,-0.021,0.019
-0.9224922492249225,-0.001,-0.021,0.019
-0.921992199219922,-0.001,-0.021,0.019
-0.9214921492149215,-0.001,-0.021,0.019
-0.920992099209921,-0.001,-0.021,0.019
-0.9204920492049204,-0.001,-0.021,0.019
-0.91999199919992,-0.001,-0.021,0.019
-0.9194919491949195,-0.001,-0.021,0.019
-0.918991899189919,-0.001,-0.021,0.019
-0.9184918491849186,-0.001,-0.021,0.019
-0.917991799179918,-0.001,-0.021,0.019
-0.9174917491749175,-0.001,-0.021,0.019
-0.916991699169917,-0.001,-0.021,0.019
-0.9164916491649164,-0.001,-0.021,0.019
-0.915991599159916,-0.001,-0.021,0.019
-0.9154915491549155,-0.001,-0.021,0.019
-0.914991499149915,-0.001,-0.021,0.019
-0.9144914491449145,-0.001,-0.021,0.019
-0.913991399139914,-0.001,-0.021,0.019
-0.9134913491349135,-0.001,-0.021,0.019
-0.912991299129913,-0.001,-0.021,0.019
-0.9124912491249125,-0.001,-0.021,0.019
-0.911991199119912,-0.001,-0.021,0.019
-0.9114911491149115,-0.001,-0.021,0.019
-0.910991099109911,-0.001,-0.021,0.019
-0.9104910491049105,-0.001,-0.021,0.019
-0.90999099909991,-0.001,-0.021,0.019
-0.9094909490949095,-0.001,-0.021,0.019
-0.9089908990899089,-0.001,-0.021,0.019
-0.9084908490849085,-0.001,-0.021,0.019
-0.907990799079908,-0.001,-0.021,0.019
-0.9074907490749075,-0.001,-0.021,0.019
-0.906990699069907,-0.001,-0.021,0.019
-0.9064906490649065,-0.001,-0.021,0.019
-0.905990599059906,-0.001,-0.021,0.019
-0.9054905490549054,-0.001,-0.021,0.019
-0.904990499049905,-0.001,-0.021,0.019
-0.9044904490449045,-0.001,-0.021,0.019
-0.903990399039904,-0.001,-0.021,0.019
-0.9034903490349036,-0.001,-0.021,0.019
-0.902990299029903,-0.001,-0.021,0.019
-0.9024902490249025,-0.001,-0.021,0.019
-0.901990199019902,-0.001,-0.021,0.019
-0.9014901490149014,-0.001,-0.021,0.019
-0.900990099009901,-0.001,-0.021,0.019
-0.9004900490049005,-0.001,-0.021,0.019
-0.8999899989999,-0.001,-0.021,0.019
-0.8994899489948995,-0.001,-0.021,0.019
-0.898989898989899,-0.001,-0.021,0.019
-0.8984898489848985,-0.001,-0.021,0.019
-0.897989798979898,-0.001,-0.021,0.019
-0.8974897489748975,-0.001,-0.021,0.019
-0.896989698969897,-0.001,-0.021,0.019
-0.8964896489648965,-0.001,-0.021,0.019
-0.895989598959896,-0.001,-0.021,0.019
-0.8954895489548955,-0.001,-0.021,0.019
-0.894989498949895,-0.001,-0.021,0.019
-0.8944894489448945,-0.001,-0.021,0.019
-0.8939893989398939,-0.001,-0.021,0.019
-0.8934893489348935,-0.001,-0.021,0.019
-0.892989298929893,-0.001,-0.021,0.019
-0.8924892489248925,-0.001,-0.021,0.019
-0.891989198919892,-0.001,-0.021,0.019
-0.8914891489148915,-0.001,-0.021,0.019
-0.890989098909891,-0.001,-0.021,0.019
-0.8904890489048904,-0.001,-0.021,0.019
-0.88998899889989,-0.001,-0.021,0.019
-0.8894889488948895,-0.001,-0.021,0.019
-0.888988898889889,-0.001,-0.021,0.019
-0.8884888488848885,-0.001,-0.021,0.019
-0.887988798879888,-0.001,-0.021,0.019
-0.8874887488748875,-0.001,-0.021,0.019
-0.886988698869887,-0.001,-0.021,0.019
-0.8864886488648864,-0.001,-0.021,0.019
-0.885988598859886,-0.001,-0.021,0.019
-0.8854885488548855,-0.001,-0.021,0.019
-0.884988498849885,-0.001,-0.021,0.019
-0.8844884488448845,-0.001,-0.021,0.019
-0.883988398839884,-0.001,-0.021,0.019
-0.8834883488348835,-0.001,-0.021,0.019
-0.882988298829883,-0.001,-0.021,0.019
-0.8824882488248825,-0.001,-0.021,0.019
-0.881988198819882,-0.001,-0.021,0.019
-0.8814881488148815,-0.001,-0.021,0.019
-0.880988098809881,-0.001,-0.021,0.019
-0.8804880488048805,-0.001,-0.021,0.019
-0.87998799879988,-0.001,-0.021,0.019
-0.8794879487948795,-0.001,-0.021,0.019
-0.8789878987898789,-0.001,-0.021,0.019
-0.8784878487848785,-0.001,-0.021,0.019
-0.877987798779878,-0.001,-0.021,0.019
-0.8774877487748775,-0.001,-0.021,0.019
-0.876987698769877,-0.001,-0.021,0.019
-0.8764876487648765,-0.001,-0.021,0.019
-0.875987598759876,-0.001,-0.021,0.019
-0.8754875487548754,-0.001,-0.021,0.019
-0.874987498749875,-0.001,-0.021,0.019
-0.8744874487448745,-0.001,-0.021,0.019
-0.873987398739874,-0.001,-0.021,0.019
-0.8734873487348735,-0.001,-0.021,0.019
-0.872987298729873,-0.001,-0.021,0.019
-0.8724872487248725,-0.001,-0.021,0.019
-0.871987198719872,-0.001,-0.021,0.019
-0.8714871487148714,-0.001,-0.021,0.019
-0.870987098709871,-0.001,-0.021,0.019
-0.8704870487048705,-0.001,-0.021,0.019
-0.86998699869987,-0.001,-0.021,0.019
-0.8694869486948695,-0.001,-0.021,0.019
-0.868986898689869,-0.001,-0.021,0.019
-0.8684868486848685,-0.001,-0.021,0.019
-0.8679867986798679,-0.001,-0.021,0.019
-0.8674867486748675,-0.001,-0.021,0.019
-0.866986698669867,-0.001,-0.021,0.019
-0.8664866486648665,-0.001,-0.021,0.019
-0.865986598659866,-0.001,-0.021,0.019
-0.8654865486548655,-0.001,-0.021,0.019
-0.864986498649865,-0.001,-0.021,0.019
-0.8644864486448645,-0.001,-0.021,0.019
-0.8639863986398639,-0.001,-0.021,0.019
-0.8634863486348635,-0.001,-0.021,0.019
-0.862986298629863,-0.001,-0.021,0.019
-0.8624862486248625,-0.001,-0.021,0.019
-0.861986198619862,-0.001,-0.021,0.019
-0.8614861486148615,-0.001,-0.021,0.019
-0.860986098609861,-0.001,-0.021,0.019
-0.8604860486048604,-0.001,-0.021,0.019
-0.85998599859986,-0.001,-0.021,0.019
-0.8594859485948595,-0.001,-0.021,0.019
-0.858985898589859,-0.001,-0.021,0.019
-0.8584858485848585,-0.001,-0.021,0.019
-0.857985798579858,-0.001,-0.021,0.019
-0.8574857485748575,-0.001,-0.021,0.019
-0.856985698569857,-0.001,-0.021,0.019
-0.8564856485648564,-0.001,-0.021,0.019
-0.855985598559856,-0.001,-0.021,0.019
-0.8554855485548555,-0.001,-0.021,0.019
-0.854985498549855,-0.001,-0.021,0.019
-0.8544854485448545,-0.001,-0.021,0.019
-0.853985398539854,-0.001,-0.021,0.019
-0.8534853485348535,-0.001,-0.021,0.019
-0.8529852985298529,-0.001,-0.021,0.019
-0.8524852485248525,-0.001,-0.021,0.019
-0.851985198519852,-0.001,-0.021,0.019
-0.8514851485148515,-0.001,-0.021,0.019
-0.850985098509851,-0.001,-0.021,0.019
-0.8504850485048505,-0.001,-0.021,0.019
-0.84998499849985,-0.001,-0.021,0.019
-0.8494849484948495,-0.001,-0.021,0.019
-0.8489848984898489,-0.001,-0.021,0.019
-0.8484848484848485,-0.001,-0.021,0.019
-0.847984798479848,-0.001,-0.021,0.019
-0.8474847484748474,-0.001,-0.021,0.019
-0.846984698469847,-0.001,-0.021,0.019
-0.8464846484648465,-0.001,-0.021,0.019
-0.845984598459846,-0.001,-0.021,0.019
-0.8454845484548454,-0.001,-0.021,0.019
-0.844984498449845,-0.001,-0.021,0.019
-0.8444844484448445,-0.001,-0.021,0.019
-0.843984398439844,-0.001,-0.021,0.019
-0.8434843484348435,-0.001,-0.021,0.019
-0.842984298429843,-0.001,-0.021,0.019
-0.8424842484248425,-0.001,-0.021,0.019
-0.841984198419842,-0.001,-0.021,0.019
-0.8414841484148414,-0.001,-0.021,0.019
-0.840984098409841,-0.001,-0.021,0.019
-0.8404840484048405,-0.001,-0.021,0.019
-0.83998399839984,-0.001,-0.021,0.019
-0.8394839483948395,-0.001,-0.021,0.019
-0.838983898389839,-0.001,-0.021,0.019
-0.8384838483848385,-0.001,-0.021,0.019
-0.8379837983798379,-0.001,-0.021,0.019
-0.8374837483748375,-0.001,-0.021,0.019
-0.836983698369837,-0.001,-0.021,0.019
-0.8364836483648365,-0.001,-0.021,0.019
-0.835983598359836,-0.001,-0.021,0.019
-0.8354835483548355,-0.001,-0.021,0.019
-0.834983498349835,-0.001,-0.021,0.019
-0.8344834483448345,-0.001,-0.021,0.019
-0.8339833983398339,-0.001,-0.021,0.019
-0.8334833483348335,-0.001,-0.021,0.019
-0.832983298329833,-0.001,-0.021,0.019
-0.8324832483248324,-0.001,-0.021,0.019
-0.831983198319832,-0.001,-0.021,0.019
-0.8314831483148315,-0.001,-0.021,0.019
-0.830983098309831,-0.001,-0.021,0.019
-0.8304830483048304,-0.001,-0.021,0.019
-0.82998299829983,-0.001,-0.021,0.019
-0.8294829482948295,-0.001,-0.021,0.019
-0.828982898289829,-0.001,-0.021,0.019
-0.8284828482848285,-0.001,-0.021,0.019
-0.827982798279828,-0.001,-0.021,0.019
-0.8274827482748275,-0.001,-0.021,0.019
-0.826982698269827,-0.001,-0.021,0.019
-0.8264826482648264,-0.001,-0.021,0.019
-0.825982598259826,-0.001,-0.021,0.019
-0.8254825482548255,-0.001,-0.021,0.019
-0.824982498249825,-0.001,-0.021,0.019
-0.8244824482448245,-0.001,-0.021,0.019
-0.823982398239824,-0.001,-0.021,0.019
-0.8234823482348235,-0.001,-0.021,0.019
-0.8229822982298229,-0.001,-0.021,0.019
-0.8224822482248225,-0.001,-0.021,0.019
-0.821982198219822,-0.001,-0.021,0.019
-0.8214821482148215,-0.001,-0.021,0.019
-0.820982098209821,-0.001,-0.021,0.019
-0.8204820482048205,-0.001,-0.021,0.019
-0.81998199819982,-0.001,-0.021,0.019
-0.8194819481948195,-0.001,-0.021,0.019
-0.8189818981898189,-0.001,-0.021,0.019
-0.8184818481848185,-0.001,-0.021,0.019
-0.817981798179818,-0.001,-0.021,0.019
-0.8174817481748174,-0.001,-0.021,0.019
-0.816981698169817,-0.001,-0.021,0.019
-0.8164816481648165,-0.001,-0.021,0.019
-0.815981598159816,-0.001,-0.021,0.019
-0.8154815481548154,-0.001,-0.021,0.019
-0.814981498149815,-0.001,-0.021,0.019
-0.8144814481448145,-0.001,-0.021,0.019
-0.813981398139814,-0.001,-0.021,0.019
-0.8134813481348135,-0.001,-0.021,0.019
-0.812981298129813,-0.001,-0.021,0.019
-0.8124812481248125,-0.001,-0.021,0.019
-0.811981198119812,-0.001,-0.021,0.019
-0.8114811481148114,-0.001,-0.021,0.019
-0.810981098109811,-0.001,-0.021,0.019
-0.8104810481048105,-0.001,-0.021,0.019
-0.80998099809981,-0.001,-0.021,0.019
-0.8094809480948095,-0.001,-0.021,0.019
-0.808980898089809,-0.001,-0.021,0.019
-0.8084808480848085,-0.001,-0.021,0.019
-0.8079807980798079,-0.001,-0.021,0.019
-0.8074807480748075,-0.001,-0.021,0.019
-0.806980698069807,-0.001,-0.021,0.019
-0.8064806480648065,-0.001,-0.021,0.019
-0.805980598059806,-0.001,-0.021,0.019
-0.8054805480548055,-0.001,-0.021,0.019
-0.804980498049805,-0.001,-0.021,0.019
-0.8044804480448045,-0.001,-0.021,0.019
-0.8039803980398039,-0.001,-0.021,0.019
-0.8034803480348035,-0.001,-0.021,0.019
-0.802980298029803,-0.001,-0.021,0.019
-0.8024802480248024,-0.001,-0.021,0.019
-0.801980198019802,-0.001,-0.021,0.019
-0.8014801480148015,-0.001,-0.021,0.019
-0.800980098009801,-0.001,-0.021,0.019
-0.8004800480048004,-0.001,-0.021,0.019
-0.7999799979998,-0.001,-0.021,0.019
-0.7994799479947995,-0.001,-0.021,0.019
-0.798979897989799,-0.001,-0.021,0.019
-0.7984798479847985,-0.001,-0.021,0.019
-0.797979797979798,-0.001,-0.021,0.019
-0.7974797479747975,-0.001,-0.021,0.019
-0.796979697969797,-0.001,-0.021,0.019
-0.7964796479647964,-0.001,-0.021,0.019
-0.795979597959796,-0.001,-0.021,0.019
-0.7954795479547955,-0.001,-0.021,0.019
-0.7949794979497949,-0.001,-0.021,0.019
-0.7944794479447945,-0.001,-0.021,0.019
-0.793979397939794,-0.001,-0.021,0.019
-0.7934793479347935,-0.001,-0.021,0.019
-0.7929792979297929,-0.001,-0.021,0.019
-0.7924792479247925,-0.001,-0.021,0.019
-0.791979197919792,-0.001,-0.021,0.019
-0.7914791479147915,-0.001,-0.021,0.019
-0.790979097909791,-0.001,-0.021,0.019
-0.7904790479047905,-0.001,-0.021,0.019
-0.78997899789979,-0.001,-0.021,0.019
-0.7894789478947895,-0.001,-0.021,0.019
-0.7889788978897889,-0.001,-0.021,0.019
-0.7884788478847885,-0.001,-0.021,0.019
-0.787978797879788,-0.001,-0.021,0.019
-0.7874787478747874,-0.001,-0.021,0.019
-0.786978697869787,-0.001,-0.021,0.019
-0.7864786478647865,-0.001,-0.021,0.019
-0.785978597859786,-0.001,-0.021,0.019
-0.7854785478547854,-0.001,-0.021,0.019
-0.784978497849785,-0.001,-0.021,0.019
-0.7844784478447845,-0.001,-0.021,0.019
-0.783978397839784,-0.001,-0.021,0.019
-0.7834783478347835,-0.001,-0.021,0.019
-0.782978297829783,-0.001,-0.021,0.019
-0.7824782478247825,-0.001,-0.021,0.019
-0.781978197819782,-0.001,-0.021,0.019
-0.7814781478147814,-0.001,-0.021,0.019
-0.780978097809781,-0.001,-0.021,0.019
-0.7804780478047805,-0.001,-0.021,0.019
-0.7799779977997799,-0.001,-0.021,0.019
-0.7794779477947795,-0.001,-0.021,0.019
-0.778977897789779,-0.001,-0.021,0.019
-0.7784778477847785,-0.001,-0.021,0.019
-0.7779777977797779,-0.001,-0.021,0.019
-0.7774777477747775,-0.001,-0.021,0.019
-0.776977697769777,-0.001,-0.021,0.019
-0.7764776477647765,-0.001,-0.021,0.019
-0.775977597759776,-0.001,-0.021,0.019
-0.7754775477547755,-0.001,-0.021,0.019
-0.774977497749775,-0.001,-0.021,0.019
-0.7744774477447744,-0.001,-0.021,0.019
-0.7739773977397739,-0.001,-0.021,0.019
-0.7734773477347735,-0.001,-0.021,0.019
-0.772977297729773,-0.001,-0.021,0.019
-0.7724772477247724,-0.001,-0.021,0.019
-0.771977197719772,-0.001,-0.021,0.019
-0.7714771477147715,-0.001,-0.021,0.019
-0.770977097709771,-0.001,-0.021,0.019
-0.7704770477047704,-0.001,-0.021,0.019
-0.76997699769977,-0.001,-0.021,0.019
-0.7694769476947695,-0.001,-0.021,0.019
-0.768976897689769,-0.001,-0.021,0.019
-0.7684768476847685,-0.001,-0.021,0.019
-0.767976797679768,-0.001,-0.021,0.019
-0.7674767476747675,-0.001,-0.021,0.019
-0.766976697669767,-0.001,-0.021,0.019
-0.7664766476647664,-0.001,-0.021,0.019
-0.765976597659766,-0.001,-0.021,0.019
-0.7654765476547655,-0.001,-0.021,0.019
-0.7649764976497649,-0.001,-0.021,0.019
-0.7644764476447645,-0.001,-0.021,0.019
-0.763976397639764,-0.001,-0.021,0.019
-0.7634763476347635,-0.001,-0.021,0.019
-0.7629762976297629,-0.001,-0.021,0.019
-0.7624762476247625,-0.001,-0.021,0.019
-0.761976197619762,-0.001,-0.021,0.019
-0.7614761476147615,-0.001,-0.021,0.019
-0.760976097609761,-0.001,-0.021,0.019
-0.7604760476047605,-0.001,-0.021,0.019
-0.75997599759976,-0.001,-0.021,0.019
-0.7594759475947594,-0.001,-0.021,0.019
-0.7589758975897589,-0.001,-0.021,0.019
-0.7584758475847585,-0.001,-0.021,0.019
-0.757975797579758,-0.001,-0.021,0.019
-0.7574757475747574,-0.001,-0.021,0.019
-0.756975697569757,-0.001,-0.021,0.019
-0.7564756475647565,-0.001,-0.021,0.019
-0.755975597559756,-0.001,-0.021,0.019
-0.7554755475547554,-0.001,-0.021,0.019
-0.754975497549755,-0.001,-0.021,0.019
-0.7544754475447545,-0.001,-0.021,0.019
-0.753975397539754,-0.001,-0.021,0.019
-0.7534753475347535,-0.001,-0.021,0.019
-0.752975297529753,-0.001,-0.021,0.019
-0.7524752475247525,-0.001,-0.021,0.019
-0.751975197519752,-0.001,-0.021,0.019
-0.7514751475147514,-0.001,-0.021,0.019
-0.750975097509751,-0.001,-0.021,0.019
-0.7504750475047505,-0.001,-0.021,0.019
-0.74997499749975,-0.001,-0.021,0.019
-0.7494749474947495,-0.001,-0.021,0.019
-0.748974897489749,-0.001,-0.021,0.019
-0.7484748474847485,-0.001,-0.021,0.019
-0.7479747974797479,-0.001,-0.021,0.019
-0.7474747474747474,-0.001,-0.021,0.019
-0.746974697469747,-0.001,-0.021,0.019
-0.7464746474647465,-0.001,-0.021,0.019
-0.745974597459746,-0.001,-0.021,0.019
-0.7454745474547455,-0.001,-0.021,0.019
-0.744974497449745,-0.001,-0.021,0.019
-0.7444744474447444,-0.001,-0.021,0.019
-0.7439743974397439,-0.001,-0.021,0.019
-0.7434743474347435,-0.001,-0.021,0.019
-0.742974297429743,-0.001,-0.021,0.019
-0.7424742474247426,-0.001,-0.021,0.019
-0.741974197419742,-0.001,-0.021,0.019
-0.7414741474147415,-0.001,-0.021,0.019
-0.740974097409741,-0.001,-0.021,0.019
-0.7404740474047404,-0.001,-0.021,0.019
-0.7399739973997399,-0.001,-0.021,0.019
-0.7394739473947395,-0.001,-0.021,0.019
-0.738973897389739,-0.001,-0.021,0.019
-0.7384738473847385,-0.001,-0.021,0.019
-0.737973797379738,-0.001,-0.021,0.019
-0.7374737473747375,-0.001,-0.021,0.019
-0.736973697369737,-0.001,-0.021,0.019
-0.7364736473647364,-0.001,-0.021,0.019
-0.735973597359736,-0.001,-0.021,0.019
-0.7354735473547355,-0.001,-0.021,0.019
-0.734973497349735,-0.001,-0.021,0.019
-0.7344734473447345,-0.001,-0.021,0.019
-0.733973397339734,-0.001,-0.021,0.019
-0.7334733473347335,-0.001,-0.021,0.019
-0.7329732973297329,-0.001,-0.021,0.019
-0.7324732473247324,-0.001,-0.021,0.019
-0.731973197319732,-0.001,-0.021,0.019
-0.7314731473147315,-0.001,-0.021,0.019
-0.730973097309731,-0.001,-0.021,0.019
-0.7304730473047305,-0.001,-0.021,0.019
-0.72997299729973,-0.001,-0.021,0.019
-0.7294729472947294,-0.001,-0.021,0.019
-0.7289728972897289,-0.001,-0.021,0.019
-0.7284728472847285,-0.001,-0.021,0.019
-0.727972797279728,-0.001,-0.021,0.019
-0.7274727472747275,-0.001,-0.021,0.019
-0.726972697269727,-0.001,-0.021,0.019
-0.7264726472647265,-0.001,-0.021,0.019
-0.725972597259726,-0.001,-0.021,0.019
-0.7254725472547254,-0.001,-0.021,0.019
-0.7249724972497249,-0.001,-0.021,0.019
-0.7244724472447245,-0.001,-0.021,0.019
-0.723972397239724,-0.001,-0.021,0.019
-0.7234723472347235,-0.001,-0.021,0.019
-0.722972297229723,-0.001,-0.021,0.019
-0.7224722472247225,-0.001,-0.021,0.019
-0.721972197219722,-0.001,-0.021,0.019
-0.7214721472147214,-0.001,-0.021,0.019
-0.720972097209721,-0.001,-0.021,0.019
-0.7204720472047205,-0.001,-0.021,0.019
-0.71997199719972,-0.001,-0.021,0.019
-0.7194719471947195,-0.001,-0.021,0.019
-0.718971897189719,-0.001,-0.021,0.019
-0.7184718471847185,-0.001,-0.021,0.019
-0.7179717971797179,-0.001,-0.021,0.019
-0.7174717471747174,-0.001,-0.021,0.019
-0.716971697169717,-0.001,-0.021,0.019
-0.7164716471647165,-0.001,-0.021,0.019
-0.715971597159716,-0.001,-0.021,0.019
-0.7154715471547155,-0.001,-0.021,0.019
-0.714971497149715,-0.001,-0.021,0.019
-0.7144714471447144,-0.001,-0.021,0.019
-0.7139713971397139,-0.001,-0.021,0.019
-0.7134713471347135,-0.001,-0.021,0.019
-0.712971297129713,-0.001,-0.021,0.019
-0.7124712471247125,-0.001,-0.021,0.019
-0.711971197119712,-0.001,-0.021,0.019
-0.7114711471147115,-0.001,-0.021,0.019
-0.710971097109711,-0.001,-0.021,0.019
-0.7104710471047104,-0.001,-0.021,0.019
-0.7099709970997099,-0.001,-0.021,0.019
-0.7094709470947095,-0.001,-0.021,0.019
-0.708970897089709,-0.001,-0.021,0.019
-0.7084708470847085,-0.001,-0.021,0.019
-0.707970797079708,-0.001,-0.021,0.019
-0.7074707470747075,-0.001,-0.021,0.019
-0.7069706970697069,-0.001,-0.021,0.019
-0.7064706470647064,-0.001,-0.021,0.019
-0.705970597059706,-0.001,-0.021,0.019
-0.7054705470547055,-0.001,-0.021,0.019
-0.704970497049705,-0.001,-0.021,0.019
-0.7044704470447045,-0.001,-0.021,0.019
-0.703970397039704,-0.001,-0.021,0.019
-0.7034703470347035,-0.001,-0.021,0.019
-0.7029702970297029,-0.001,-0.021,0.019
-0.7024702470247024,-0.001,-0.021,0.019
-0.701970197019702,-0.001,-0.021,0.019
-0.7014701470147015,-0.001,-0.021,0.019
-0.700970097009701,-0.001,-0.021,0.019
-0.7004700470047005,-0.001,-0.021,0.019
-0.6999699969997,-0.001,-0.021,0.019
-0.6994699469946994,-0.001,-0.021,0.019
-0.6989698969896989,-0.001,-0.021,0.019
-0.6984698469846985,-0.001,-0.021,0.019
-0.697969796979698,-0.001,-0.021,0.019
-0.6974697469746975,-0.001,-0.021,0.019
-0.696969696969697,-0.001,-0.021,0.019
-0.6964696469646965,-0.001,-0.021,0.019
-0.695969596959696,-0.001,-0.021,0.019
-0.6954695469546954,-0.001,-0.021,0.019
-0.6949694969496949,-0.001,-0.021,0.019
-0.6944694469446945,-0.001,-0.021,0.019
-0.693969396939694,-0.001,-0.021,0.019
-0.6934693469346935,-0.001,-0.021,0.019
-0.692969296929693,-0.001,-0.021,0.019
-0.6924692469246925,-0.001,-0.021,0.019
-0.6919691969196919,-0.001,-0.021,0.019
-0.6914691469146914,-0.001,-0.021,0.019
-0.690969096909691,-0.001,-0.021,0.019
-0.6904690469046905,-0.001,-0.021,0.019
-0.68996899689969,-0.001,-0.021,0.019
-0.6894689468946895,-0.001,-0.021,0.019
-0.688968896889689,-0.001,-0.021,0.019
-0.6884688468846885,-0.001,-0.021,0.019
-0.6879687968796879,-0.001,-0.021,0.019
-0.6874687468746874,-0.001,-0.021,0.019
-0.686968696869687,-0.001,-0.021,0.019
-0.6864686468646864,-0.001,-0.021,0.019
-0.685968596859686,-0.001,-0.021,0.019
-0.6854685468546855,-0.001,-0.021,0.019
-0.684968496849685,-0.001,-0.021,0.019
-0.6844684468446844,-0.001,-0.021,0.019
-0.6839683968396839,-0.001,-0.021,0.019
-0.6834683468346835,-0.001,-0.021,0.019
-0.682968296829683,-0.001,-0.021,0.019
-0.6824682468246825,-0.001,-0.021,0.019
-0.681968196819682,-0.001,-0.021,0.019
-0.6814681468146815,-0.001,-0.021,0.019
-0.680968096809681,-0.001,-0.021,0.019
-0.6804680468046804,-0.001,-0.021,0.019
-0.6799679967996799,-0.001,-0.021,0.019
-0.6794679467946795,-0.001,-0.021,0.019
-0.678967896789679,-0.001,-0.021,0.019
-0.6784678467846785,-0.001,-0.021,0.019
-0.677967796779678,-0.001,-0.021,0.019
-0.6774677467746775,-0.001,-0.021,0.019
-0.6769676967696769,-0.001,-0.021,0.019
-0.6764676467646764,-0.001,-0.021,0.019
-0.675967596759676,-0.001,-0.021,0.019
-0.6754675467546755,-0.001,-0.021,0.019
-0.674967496749675,-0.001,-0.021,0.019
-0.6744674467446745,-0.001,-0.021,0.019
-0.673967396739674,-0.001,-0.021,0.019
-0.6734673467346735,-0.001,-0.021,0.019
-0.6729672967296729,-0.001,-0.021,0.019
-0.6724672467246724,-0.001,-0.021,0.019
-0.671967196719672,-0.001,-0.021,0.019
-0.6714671467146714,-0.001,-0.021,0.019
-0.670967096709671,-0.001,-0.021,0.019
-0.6704670467046705,-0.001,-0.021,0.019
-0.66996699669967,-0.001,-0.021,0.019
-0.6694669466946694,-0.001,-0.021,0.019
-0.6689668966896689,-0.001,-0.021,0.019
-0.6684668466846685,-0.001,-0.021,0.019
-0.667966796679668,-0.001,-0.021,0.019
-0.6674667466746675,-0.001,-0.021,0.019
-0.666966696669667,-0.001,-0.021,0.019
-0.6664666466646665,-0.001,-0.021,0.019
-0.665966596659666,-0.001,-0.021,0.019
-0.6654665466546654,-0.001,-0.021,0.019
-0.6649664966496649,-0.001,-0.021,0.019
-0.6644664466446645,-0.001,-0.021,0.019
-0.663966396639664,-0.001,-0.021,0.019
-0.6634663466346635,-0.001,-0.021,0.019
-0.662966296629663,-0.001,-0.021,0.019
-0.6624662466246625,-0.001,-0.021,0.019
-0.6619661966196619,-0.001,-0.021,0.019
-0.6614661466146614,-0.001,-0.021,0.019
-0.660966096609661,-0.001,-0.021,0.019
-0.6604660466046605,-0.001,-0.021,0.019
-0.65996599659966,-0.001,-0.021,0.019
-0.6594659465946595,-0.001,-0.021,0.019
-0.658965896589659,-0.001,-0.021,0.019
-0.6584658465846585,-0.001,-0.021,0.019
-0.6579657965796579,-0.001,-0.021,0.019
-0.6574657465746574,-0.001,-0.021,0.019
-0.656965696569657,-0.001,-0.021,0.019
-0.6564656465646564,-0.001,-0.021,0.019
-0.655965596559656,-0.001,-0.021,0.019
-0.6554655465546555,-0.001,-0.021,0.019
-0.654965496549655,-0.001,-0.021,0.019
-0.6544654465446544,-0.001,-0.021,0.019
-0.6539653965396539,-0.001,-0.021,0.019
-0.6534653465346535,-0.001,-0.021,0.019
-0.652965296529653,-0.001,-0.021,0.019
-0.6524652465246525,-0.001,-0.021,0.019
-0.651965196519652,-0.001,-0.021,0.019
-0.6514651465146515,-0.001,-0.021,0.019
-0.650965096509651,-0.001,-0.021,0.019
-0.6504650465046504,-0.001,-0.021,0.019
-0.6499649964996499,-0.001,-0.021,0.019
-0.6494649464946495,-0.001,-0.021,0.019
-0.648964896489649,-0.001,-0.021,0.019
-0.6484648464846485,-0.001,-0.021,0.019
-0.647964796479648,-0.001,-0.021,0.019
-0.6474647464746475,-0.001,-0.021,0.019
-0.6469646964696469,-0.001,-0.021,0.019
-0.6464646464646464,-0.001,-0.021,0.019
-0.645964596459646,-0.001,-0.021,0.019
-0.6454645464546455,-0.001,-0.021,0.019
-0.644964496449645,-0.001,-0.021,0.019
-0.6444644464446445,-0.001,-0.021,0.019
-0.643964396439644,-0.001,-0.021,0.019
-0.6434643464346435,-0.001,-0.021,0.019
-0.6429642964296429,-0.001,-0.021,0.019
-0.6424642464246424,-0.001,-0.021,0.019
-0.641964196419642,-0.001,-0.021,0.019
-0.6414641464146414,-0.001,-0.021,0.019
-0.640964096409641,-0.001,-0.021,0.019
-0.6404640464046405,-0.001,-0.021,0.019
-0.63996399639964,-0.001,-0.021,0.019
-0.6394639463946394,-0.001,-0.021,0.019
-0.6389638963896389,-0.001,-0.021,0.019
-0.6384638463846385,-0.001,-0.021,0.019
-0.637963796379638,-0.001,-0.021,0.019
-0.6374637463746375,-0.001,-0.021,0.019
-0.636963696369637,-0.001,-0.021,0.019
-0.6364636463646365,-0.001,-0.021,0.019
-0.635963596359636,-0.001,-0.021,0.019
-0.6354635463546354,-0.001,-0.021,0.019
-0.6349634963496349,-0.001,-0.021,0.019
-0.6344634463446345,-0.001,-0.021,0.019
-0.6339633963396339,-0.001,-0.021,0.019
-0.6334633463346335,-0.001,-0.021,0.019
-0.632963296329633,-0.001,-0.021,0.019
-0.6324632463246325,-0.001,-0.021,0.019
-0.6319631963196319,-0.001,-0.021,0.019
-0.6314631463146314,-0.001,-0.021,0.019
-0.630963096309631,-0.001,-0.021,0.019
-0.6304630463046305,-0.001,-0.021,0.019
-0.62996299629963,-0.001,-0.021,0.019
-0.6294629462946295,-0.001,-0.021,0.019
-0.628962896289629,-0.001,-0.021,0.019
-0.6284628462846285,-0.001,-0.021,0.019
-0.6279627962796279,-0.001,-0.021,0.019
-0.6274627462746274,-0.001,-0.021,0.019
-0.626962696269627,-0.001,-0.021,0.019
-0.6264626462646264,-0.001,-0.021,0.019
-0.625962596259626,-0.001,-0.021,0.019
-0.6254625462546255,-0.001,-0.021,0.019
-0.624962496249625,-0.001,-0.021,0.019
-0.6244624462446244,-0.001,-0.021,0.019
-0.6239623962396239,-0.001,-0.021,0.019
-0.6234623462346235,-0.001,-0.021,0.019
-0.622962296229623,-0.001,-0.021,0.019
-0.6224622462246225,-0.001,-0.021,0.019
-0.621962196219622,-0.001,-0.021,0.019
-0.6214621462146215,-0.001,-0.021,0.019
-0.620962096209621,-0.001,-0.021,0.019
-0.6204620462046204,-0.001,-0.021,0.019
-0.6199619961996199,-0.001,-0.021,0.019
-0.6194619461946195,-0.001,-0.021,0.019
-0.6189618961896189,-0.001,-0.021,0.019
-0.6184618461846185,-0.001,-0.021,0.019
-0.617961796179618,-0.001,-0.021,0.019
-0.6174617461746175,-0.001,-0.021,0.019
-0.6169616961696169,-0.001,-0.021,0.019
-0.6164616461646164,-0.001,-0.021,0.019
-0.615961596159616,-0.001,-0.021,0.019
-0.6154615461546155,-0.001,-0.021,0.019
-0.614961496149615,-0.001,-0.021,0.019
-0.6144614461446145,-0.001,-0.021,0.019
-0.613961396139614,-0.001,-0.021,0.019
-0.6134613461346134,-0.001,-0.021,0.019
-0.6129612961296129,-0.001,-0.021,0.019
-0.6124612461246124,-0.001,-0.021,0.019
-0.611961196119612,-0.001,-0.021,0.019
-0.6114611461146114,-0.001,-0.021,0.019
-0.610961096109611,-0.001,-0.021,0.019
-0.6104610461046105,-0.001,-0.021,0.019
-0.60996099609961,-0.001,-0.021,0.019
-0.6094609460946094,-0.001,-0.021,0.019
-0.6089608960896089,-0.001,-0.021,0.019
-0.6084608460846084,-0.001,-0.021,0.019
-0.607960796079608,-0.001,-0.021,0.019
-0.6074607460746075,-0.001,-0.021,0.019
-0.606960696069607,-0.001,-0.021,0.019
-0.6064606460646065,-0.001,-0.021,0.019
-0.605960596059606,-0.001,-0.021,0.019
-0.6054605460546054,-0.001,-0.021,0.019
-0.6049604960496049,-0.001,-0.021,0.019
-0.6044604460446045,-0.001,-0.021,0.019
-0.6039603960396039,-0.001,-0.021,0.019
-0.6034603460346035,-0.001,-0.021,0.019
-0.602960296029603,-0.001,-0.021,0.019
-0.6024602460246025,-0.001,-0.021,0.019
-0.6019601960196019,-0.001,-0.021,0.019
-0.6014601460146014,-0.001,-0.021,0.019
-0.6009600960096009,-0.001,-0.021,0.019
-0.6004600460046005,-0.001,-0.021,0.019
-0.5999599959996,-0.001,-0.021,0.019
-0.5994599459945995,-0.001,-0.021,0.019
-0.598959895989599,-0.001,-0.021,0.019
-0.5984598459845984,-0.001,-0.021,0.019
-0.5979597959795979,-0.001,-0.021,0.019
-0.5974597459745974,-0.001,-0.021,0.019
-0.596959695969597,-0.001,-0.021,0.019
-0.5964596459645964,-0.001,-0.021,0.019
-0.595959595959596,-0.001,-0.021,0.019
-0.5954595459545955,-0.001,-0.021,0.019
-0.594959495949595,-0.001,-0.021,0.019
-0.5944594459445944,-0.001,-0.021,0.019
-0.5939593959395939,-0.001,-0.021,0.019
-0.5934593459345934,-0.001,-0.021,0.019
-0.592959295929593,-0.001,-0.021,0.019
-0.5924592459245925,-0.001,-0.021,0.019
-0.591959195919592,-0.001,-0.021,0.019
-0.5914591459145915,-0.001,-0.021,0.019
-0.590959095909591,-0.001,-0.021,0.019
-0.5904590459045904,-0.001,-0.021,0.019
-0.5899589958995899,-0.001,-0.021,0.019
-0.5894589458945895,-0.001,-0.021,0.019
-0.5889588958895889,-0.001,-0.021,0.019
-0.5884588458845885,-0.001,-0.021,0.019
-0.587958795879588,-0.001,-0.021,0.019
-0.5874587458745875,-0.001,-0.021,0.019
-0.5869586958695869,-0.001,-0.021,0.019
-0.5864586458645864,-0.001,-0.021,0.019
-0.5859585958595859,-0.001,-0.021,0.019
-0.5854585458545855,-0.001,-0.021,0.019
-0.584958495849585,-0.001,-0.021,0.019
-0.5844584458445845,-0.001,-0.021,0.019
-0.583958395839584,-0.001,-0.021,0.019
-0.5834583458345834,-0.001,-0.021,0.019
-0.5829582958295829,-0.001,-0.021,0.019
-0.5824582458245824,-0.001,-0.021,0.019
-0.581958195819582,-0.001,-0.021,0.019
-0.5814581458145814,-0.001,-0.021,0.019
-0.580958095809581,-0.001,-0.021,0.019
-0.5804580458045805,-0.001,-0.021,0.019
-0.57995799579958,-0.001,-0.021,0.019
-0.5794579457945794,-0.001,-0.021,0.019
-0.5789578957895789,-0.001,-0.021,0.019
-0.5784578457845784,-0.001,-0.021,0.019
-0.577957795779578,-0.001,-0.021,0.019
-0.5774577457745775,-0.001,-0.021,0.019
-0.576957695769577,-0.001,-0.021,0.019
-0.5764576457645765,-0.001,-0.021,0.019
-0.575957595759576,-0.001,-0.021,0.019
-0.5754575457545754,-0.001,-0.021,0.019
-0.5749574957495749,-0.001,-0.021,0.019
-0.5744574457445745,-0.001,-0.021,0.019
-0.5739573957395739,-0.001,-0.021,0.019
-0.5734573457345735,-0.001,-0.021,0.019
-0.572957295729573,-0.001,-0.021,0.019
-0.5724572457245725,-0.001,-0.021,0.019
-0.5719571957195719,-0.001,-0.021,0.019
-0.5714571457145714,-0.001,-0.021,0.019
-0.5709570957095709,-0.001,-0.021,0.019
-0.5704570457045705,-0.001,-0.021,0.019
-0.56995699569957,-0.001,-0.021,0.019
-0.5694569456945695,-0.001,-0.021,0.019
-0.568956895689569,-0.001,-0.021,0.019
-0.5684568456845684,-0.001,-0.021,0.019
-0.5679567956795679,-0.001,-0.021,0.019
-0.5674567456745674,-0.001,-0.021,0.019
-0.566956695669567,-0.001,-0.021,0.019
-0.5664566456645664,-0.001,-0.021,0.019
-0.565956595659566,-0.001,-0.021,0.019
-0.5654565456545655,-0.001,-0.021,0.019
-0.564956495649565,-0.001,-0.021,0.019
-0.5644564456445644,-0.001,-0.021,0.019
-0.5639563956395639,-0.001,-0.021,0.019
-0.5634563456345634,-0.001,-0.021,0.019
-0.562956295629563,-0.001,-0.021,0.019
-0.5624562456245625,-0.001,-0.021,0.019
-0.561956195619562,-0.001,-0.021,0.019
-0.5614561456145615,-0.001,-0.021,0.019
-0.560956095609561,-0.001,-0.021,0.019
-0.5604560456045604,-0.001,-0.021,0.019
-0.5599559955995599,-0.001,-0.021,0.019
-0.5594559455945595,-0.001,-0.021,0.019
-0.5589558955895589,-0.001,-0.021,0.019
-0.5584558455845585,-0.001,-0.021,0.019
-0.557955795579558,-0.001,-0.021,0.019
-0.5574557455745575,-0.001,-0.021,0.019
-0.5569556955695569,-0.001,-0.021,0.019
-0.5564556455645564,-0.001,-0.021,0.019
-0.5559555955595559,-0.001,-0.021,0.019
-0.5554555455545555,-0.001,-0.021,0.019
-0.554955495549555,-0.001,-0.021,0.019
-0.5544554455445545,-0.001,-0.021,0.019
-0.553955395539554,-0.001,-0.021,0.019
-0.5534553455345534,-0.001,-0.021,0.019
-0.5529552955295529,-0.001,-0.021,0.019
-0.5524552455245524,-0.001,-0.021,0.019
-0.551955195519552,-0.001,-0.021,0.019
-0.5514551455145514,-0.001,-0.021,0.019
-0.550955095509551,-0.001,-0.021,0.019
-0.5504550455045505,-0.001,-0.021,0.019
-0.54995499549955,-0.001,-0.021,0.019
-0.5494549454945494,-0.001,-0.021,0.019
-0.5489548954895489,-0.001,-0.021,0.019
-0.5484548454845484,-0.001,-0.021,0.019
-0.547954795479548,-0.001,-0.021,0.019
-0.5474547454745475,-0.001,-0.021,0.019
-0.546954695469547,-0.001,-0.021,0.019
-0.5464546454645465,-0.001,-0.021,0.019
-0.5459545954595459,-0.001,-0.021,0.019
-0.5454545454545454,-0.001,-0.021,0.019
-0.5449544954495449,-0.001,-0.021,0.019
-0.5444544454445445,-0.001,-0.021,0.019
-0.5439543954395439,-0.001,-0.021,0.019
-0.5434543454345435,-0.001,-0.021,0.019
-0.542954295429543,-0.001,-0.021,0.019
-0.5424542454245425,-0.001,-0.021,0.019
-0.5419541954195419,-0.001,-0.021,0.019
-0.5414541454145414,-0.001,-0.021,0.019
-0.5409540954095409,-0.001,-0.021,0.019
-0.5404540454045405,-0.001,-0.021,0.019
-0.53995399539954,-0.001,-0.021,0.019
-0.5394539453945395,-0.001,-0.021,0.019
-0.538953895389539,-0.001,-0.021,0.019
-0.5384538453845384,-0.001,-0.021,0.019
-0.5379537953795379,-0.001,-0.021,0.019
-0.5374537453745374,-0.001,-0.021,0.019
-0.536953695369537,-0.001,-0.021,0.019
-0.5364536453645364,-0.001,-0.021,0.019
-0.535953595359536,-0.001,-0.021,0.019
-0.5354535453545355,-0.001,-0.021,0.019
-0.534953495349535,-0.001,-0.021,0.019
-0.5344534453445344,-0.001,-0.021,0.019
-0.5339533953395339,-0.001,-0.021,0.019
-0.5334533453345334,-0.001,-0.021,0.019
-0.532953295329533,-0.001,-0.021,0.019
-0.5324532453245325,-0.001,-0.021,0.019
-0.531953195319532,-0.001,-0.021,0.019
-0.5314531453145315,-0.001,-0.021,0.019
-0.5309530953095309,-0.001,-0.021,0.019
-0.5304530453045304,-0.001,-0.021,0.019
-0.5299529952995299,-0.001,-0.021,0.019
-0.5294529452945295,-0.001,-0.021,0.019
-0.5289528952895289,-0.001,-0.021,0.019
-0.5284528452845285,-0.001,-0.021,0.019
-0.527952795279528,-0.001,-0.021,0.019
-0.5274527452745275,-0.001,-0.021,0.019
-0.5269526952695269,-0.001,-0.021,0.019
-0.5264526452645264,-0.001,-0.021,0.019
-0.5259525952595259,-0.001,-0.021,0.019
-0.5254525452545254,-0.001,-0.021,0.019
-0.524952495249525,-0.001,-0.021,0.019
-0.5244524452445245,-0.001,-0.021,0.019
-0.523952395239524,-0.001,-0.021,0.019
-0.5234523452345234,-0.001,-0.021,0.019
-0.5229522952295229,-0.001,-0.021,0.019
-0.5224522452245224,-0.001,-0.021,0.019
-0.521952195219522,-0.001,-0.021,0.019
-0.5214521452145214,-0.001,-0.021,0.019
-0.520952095209521,-0.001,-0.021,0.019
-0.5204520452045205,-0.001,-0.021,0.019
-0.51995199519952,-0.001,-0.021,0.019
-0.5194519451945194,-0.001,-0.021,0.019
-0.5189518951895189,-0.001,-0.021,0.019
-0.5184518451845184,-0.001,-0.021,0.019
-0.517951795179518,-0.001,-0.021,0.019
-0.5174517451745175,-0.001,-0.021,0.019
-0.516951695169517,-0.001,-0.021,0.019
-0.5164516451645165,-0.001,-0.021,0.019
-0.5159515951595159,-0.001,-0.021,0.019
-0.5154515451545154,-0.001,-0.021,0.019
-0.5149514951495149,-0.001,-0.021,0.019
-0.5144514451445145,-0.001,-0.021,0.019
-0.5139513951395139,-0.001,-0.021,0.019
-0.5134513451345135,-0.001,-0.021,0.019
-0.512951295129513,-0.001,-0.021,0.019
-0.5124512451245125,-0.001,-0.021,0.019
-0.5119511951195119,-0.001,-0.021,0.019
-0.5114511451145114,-0.001,-0.021,0.019
-0.5109510951095109,-0.001,-0.021,0.019
-0.5104510451045104,-0.001,-0.021,0.019
-0.50995099509951,-0.001,-0.021,0.019
-0.5094509450945095,-0.001,-0.021,0.019
-0.508950895089509,-0.001,-0.021,0.019
-0.5084508450845084,-0.001,-0.021,0.019
-0.5079507950795079,-0.001,-0.021,0.019
-0.5074507450745074,-0.001,-0.021,0.019
-0.506950695069507,-0.001,-0.021,0.019
-0.5064506450645064,-0.001,-0.021,0.019
-0.505950595059506,-0.001,-0.021,0.019
-0.5054505450545055,-0.001,-0.021,0.019
-0.504950495049505,-0.001,-0.021,0.019
-0.5044504450445044,-0.001,-0.021,0.019
-0.5039503950395039,-0.001,-0.021,0.019
-0.5034503450345034,-0.001,-0.021,0.019
-0.502950295029503,-0.001,-0.021,0.019
-0.5024502450245025,-0.001,-0.021,0.019
-0.501950195019502,-0.001,-0.021,0.019
-0.5014501450145015,-0.001,-0.021,0.019
-0.5009500950095009,-0.001,-0.021,0.019
-0.5004500450045004,-0.001,-0.021,0.019
-0.4999499949995,-0.001,-0.021,0.019
-0.49944994499449946,-0.001,-0.021,0.019
-0.49894989498949893,-0.001,-0.021,0.019
-0.4984498449844984,-0.001,-0.021,0.019
-0.497949794979498,-0.001,-0.021,0.019
-0.49744974497449745,-0.001,-0.021,0.019
-0.4969496949694969,-0.001,-0.021,0.019
-0.4964496449644964,-0.001,-0.021,0.019
-0.495949594959496,-0.001,-0.021,0.019
-0.49544954495449545,-0.001,-0.021,0.019
-0.4949494949494949,-0.001,-0.021,0.019
-0.4944494449444945,-0.001,-0.021,0.019
-0.49394939493949397,-0.001,-0.021,0.019
-0.49344934493449344,-0.001,-0.021,0.019
-0.4929492949294929,-0.001,-0.021,0.019
-0.4924492449244925,-0.001,-0.021,0.019
-0.49194919491949196,-0.001,-0.021,0.019
-0.49144914491449143,-0.001,-0.021,0.019
-0.4909490949094909,-0.001,-0.021,0.019
-0.4904490449044905,-0.001,-0.021,0.019
-0.48994899489948995,-0.001,-0.021,0.019
-0.4894489448944894,-0.001,-0.021,0.019
-0.4889488948894889,-0.001,-0.021,0.019
-0.4884488448844885,-0.001,-0.021,0.019
-0.48794879487948795,-0.001,-0.021,0.019
-0.4874487448744874,-0.001,-0.021,0.019
-0.486948694869487,-0.001,-0.021,0.019
-0.48644864486448647,-0.001,-0.021,0.019
-0.48594859485948594,-0.001,-0.021,0.019
-0.4854485448544854,-0.001,-0.021,0.019
-0.484948494849485,-0.001,-0.021,0.019
-0.48444844484448446,-0.001,-0.021,0.019
-0.48394839483948393,-0.001,-0.021,0.019
-0.4834483448344834,-0.001,-0.021,0.019
-0.482948294829483,-0.001,-0.021,0.019
-0.48244824482448245,-0.001,-0.021,0.019
-0.4819481948194819,-0.001,-0.021,0.019
-0.4814481448144814,-0.001,-0.021,0.019
-0.480948094809481,-0.001,-0.021,0.019
-0.48044804480448045,-0.001,-0.021,0.019
-0.4799479947994799,-0.001,-0.021,0.019
-0.4794479447944795,-0.001,-0.021,0.019
-0.47894789478947897,-0.001,-0.021,0.019
-0.47844784478447844,-0.001,-0.021,0.019
-0.4779477947794779,-0.001,-0.021,0.019
-0.4774477447744775,-0.001,-0.021,0.019
-0.47694769476947696,-0.001,-0.021,0.019
-0.47644764476447643,-0.001,-0.021,0.019
-0.4759475947594759,-0.001,-0.021,0.019
-0.4754475447544755,-0.001,-0.021,0.019
-0.47494749474947495,-0.001,-0.021,0.019
-0.4744474447444744,-0.001,-0.021,0.019
-0.4739473947394739,-0.001,-0.021,0.019
-0.4734473447344735,-0.001,-0.021,0.019
-0.47294729472947294,-0.001,-0.021,0.019
-0.4724472447244724,-0.001,-0.021,0.019
-0.471947194719472,-0.001,-0.021,0.019
-0.47144714471447147,-0.001,-0.021,0.019
-0.47094709470947094,-0.001,-0.021,0.019
-0.4704470447044704,-0.001,-0.021,0.019
-0.46994699469947,-0.001,-0.021,0.019
-0.46944694469446946,-0.001,-0.021,0.019
-0.46894689468946893,-0.001,-0.021,0.019
-0.4684468446844684,-0.001,-0.021,0.019
-0.467946794679468,-0.001,-0.021,0.019
-0.46744674467446745,-0.001,-0.021,0.019
-0.4669466946694669,-0.001,-0.021,0.019
-0.4664466446644664,-0.001,-0.021,0.019
-0.465946594659466,-0.001,-0.021,0.019
-0.46544654465446544,-0.001,-0.021,0.019
-0.4649464946494649,-0.001,-0.021,0.019
-0.4644464446444645,-0.001,-0.021,0.019
-0.46394639463946397,-0.001,-0.021,0.019
-0.46344634463446344,-0.001,-0.021,0.019
-0.4629462946294629,-0.001,-0.021,0.019
-0.4624462446244625,-0.001,-0.021,0.019
-0.46194619461946196,-0.001,-0.021,0.019
-0.46144614461446143,-0.001,-0.021,0.019
-0.4609460946094609,-0.001,-0.021,0.019
-0.4604460446044605,-0.001,-0.021,0.019
-0.45994599459945995,-0.001,-0.021,0.019
-0.4594459445944594,-0.001,-0.021,0.019
-0.4589458945894589,-0.001,-0.021,0.019
-0.4584458445844585,-0.001,-0.021,0.019
-0.45794579457945794,-0.001,-0.021,0.019
-0.4574457445744574,-0.001,-0.021,0.019
-0.456945694569457,-0.001,-0.021,0.019
-0.45644564456445647,-0.001,-0.021,0.019
-0.45594559455945594,-0.001,-0.021,0.019
-0.4554455445544554,-0.001,-0.021,0.019
-0.454945494549455,-0.001,-0.021,0.019
-0.45444544454445446,-0.001,-0.021,0.019
-0.45394539453945393,-0.001,-0.021,0.019
-0.4534453445344534,-0.001,-0.021,0.019
-0.452945294529453,-0.001,-0.021,0.019
-0.45244524452445245,-0.001,-0.021,0.019
-0.4519451945194519,-0.001,-0.021,0.019
-0.4514451445144514,-0.001,-0.021,0.019
-0.45094509450945097,-0.001,-0.021,0.019
-0.45044504450445044,-0.001,-0.021,0.019
-0.4499449944994499,-0.001,-0.021,0.019
-0.4494449444944495,-0.001,-0.021,0.019
-0.44894489448944896,-0.001,-0.021,0.019
-0.44844484448444843,-0.001,-0.021,0.019
-0.4479447944794479,-0.001,-0.021,0.019
-0.4474447444744475,-0.001,-0.021,0.019
-0.44694469446944696,-0.001,-0.021,0.019
-0.4464446444644464,-0.001,-0.021,0.019
-0.4459445944594459,-0.001,-0.021,0.019
-0.4454445444544455,-0.001,-0.021,0.019
-0.44494449444944495,-0.001,-0.021,0.019
-0.4444444444444444,-0.001,-0.021,0.019
-0.4439443944394439,-0.001,-0.021,0.019
-0.44344434443444347,-0.001,-0.021,0.019
-0.44294429442944294,-0.001,-0.021,0.019
-0.4424442444244424,-0.001,-0.021,0.019
-0.441944194419442,-0.001,-0.021,0.019
-0.44144414441444146,-0.001,-0.021,0.019
-0.44094409440944093,-0.001,-0.021,0.019
-0.4404440444044404,-0.001,-0.021,0.019
-0.43994399439944,-0.001,-0.021,0.019
-0.43944394439443946,-0.001,-0.021,0.019
-0.4389438943894389,-0.001,-0.021,0.019
-0.4384438443844384,-0.001,-0.021,0.019
-0.437943794379438,-0.001,-0.021,0.019
-0.43744374437443745,-0.001,-0.021,0.019
-0.4369436943694369,-0.001,-0.021,0.019
-0.4364436443644364,-0.001,-0.021,0.019
-0.43594359435943597,-0.001,-0.021,0.019
-0.43544354435443544,-0.001,-0.021,0.019
-0.4349434943494349,-0.001,-0.021,0.019
-0.4344434443444345,-0.001,-0.021,0.019
-0.43394339433943396,-0.001,-0.021,0.019
-0.43344334433443343,-0.001,-0.021,0.019
-0.4329432943294329,-0.001,-0.021,0.019
-0.4324432443244325,-0.001,-0.021,0.019
-0.43194319431943196,-0.001,-0.021,0.019
-0.4314431443144314,-0.001,-0.021,0.019
-0.4309430943094309,-0.001,-0.021,0.019
-0.4304430443044305,-0.001,-0.021,0.019
-0.42994299429942995,-0.001,-0.021,0.019
-0.4294429442944294,-0.001,-0.021,0.019
-0.4289428942894289,-0.001,-0.021,0.019
-0.42844284428442847,-0.001,-0.021,0.019
-0.42794279427942794,-0.001,-0.021,0.019
-0.4274427442744274,-0.001,-0.021,0.019
-0.426942694269427,-0.001,-0.021,0.019
-0.42644264426442646,-0.001,-0.021,0.019
-0.42594259425942593,-0.001,-0.021,0.019
-0.4254425442544254,-0.001,-0.021,0.019
-0.424942494249425,-0.001,-0.021,0.019
-0.42444244424442445,-0.001,-0.021,0.019
-0.4239423942394239,-0.001,-0.021,0.019
-0.4234423442344234,-0.001,-0.021,0.019
-0.422942294229423,-0.001,-0.021,0.019
-0.42244224422442245,-0.001,-0.021,0.019
-0.4219421942194219,-0.001,-0.021,0.019
-0.4214421442144214,-0.001,-0.021,0.019
-0.42094209420942097,-0.001,-0.021,0.019
-0.42044204420442044,-0.001,-0.021,0.019
-0.4199419941994199,-0.001,-0.021,0.019
-0.4194419441944195,-0.001,-0.021,0.019
-0.41894189418941896,-0.001,-0.021,0.019
-0.41844184418441843,-0.001,-0.021,0.019
-0.4179417941794179,-0.001,-0.021,0.019
-0.4174417441744175,-0.001,-0.021,0.019
-0.41694169416941695,-0.001,-0.021,0.019
-0.4164416441644164,-0.001,-0.021,0.019
-0.4159415941594159,-0.001,-0.021,0.019
-0.4154415441544155,-0.001,-0.021,0.019
-0.41494149414941495,-0.001,-0.021,0.019
-0.4144414441444144,-0.001,-0.021,0.019
-0.4139413941394139,-0.001,-0.021,0.019
-0.41344134413441347,-0.001,-0.021,0.019
-0.41294129412941294,-0.001,-0.021,0.019
-0.4124412441244124,-0.001,-0.021,0.019
-0.411941194119412,-0.001,-0.021,0.019
-0.41144114411441146,-0.001,-0.021,0.019
-0.41094109410941093,-0.001,-0.021,0.019
-0.4104410441044104,-0.001,-0.021,0.019
-0.40994099409941,-0.001,-0.021,0.019
-0.40944094409440945,-0.001,-0.021,0.019
-0.4089408940894089,-0.001,-0.021,0.019
-0.4084408440844084,-0.001,-0.021,0.019
-0.407940794079408,-0.001,-0.021,0.019
-0.40744074407440745,-0.001,-0.021,0.019
-0.4069406940694069,-0.001,-0.021,0.019
-0.4064406440644064,-0.001,-0.021,0.019
-0.40594059405940597,-0.001,-0.021,0.019
-0.40544054405440544,-0.001,-0.021,0.019
-0.4049404940494049,-0.001,-0.021,0.019
-0.4044404440444045,-0.001,-0.021,0.019
-0.40394039403940396,-0.001,-0.021,0.019
-0.40344034403440343,-0.001,-0.021,0.019
-0.4029402940294029,-0.001,-0.021,0.019
-0.4024402440244025,-0.001,-0.021,0.019
-0.40194019401940195,-0.001,-0.021,0.019
-0.4014401440144014,-0.001,-0.021,0.019
-0.4009400940094009,-0.001,-0.021,0.019
-0.4004400440044005,-0.001,-0.021,0.019
-0.39993999399939995,-0.001,-0.021,0.019
-0.3994399439943994,-0.001,-0.021,0.019
-0.3989398939893989,-0.001,-0.021,0.019
-0.39843984398439847,-0.001,-0.021,0.019
-0.39793979397939794,-0.001,-0.021,0.019
-0.3974397439743974,-0.001,-0.021,0.019
-0.396939693969397,-0.001,-0.021,0.019
-0.39643964396439646,-0.001,-0.021,0.019
-0.39593959395939593,-0.001,-0.021,0.019
-0.3954395439543954,-0.001,-0.021,0.019
-0.394939493949395,-0.001,-0.021,0.019
-0.39443944394439445,-0.001,-0.021,0.019
-0.3939393939393939,-0.001,-0.021,0.019
-0.3934393439343934,-0.001,-0.021,0.019
-0.392939293929393,-0.001,-0.021,0.019
-0.39243924392439244,-0.001,-0.021,0.019
-0.3919391939193919,-0.001,-0.021,0.019
-0.3914391439143914,-0.001,-0.021,0.019
-0.39093909390939097,-0.001,-0.021,0.019
-0.39043904390439044,-0.001,-0.021,0.019
-0.3899389938993899,-0.001,-0.021,0.019
-0.3894389438943895,-0.001,-0.021,0.019
-0.38893889388938896,-0.001,-0.021,0.019
-0.38843884388438843,-0.001,-0.021,0.019
-0.3879387938793879,-0.001,-0.021,0.019
-0.3874387438743875,-0.001,-0.021,0.019
-0.38693869386938695,-0.001,-0.021,0.019
-0.3864386438643864,-0.001,-0.021,0.019
-0.3859385938593859,-0.001,-0.021,0.019
-0.3854385438543855,-0.001,-0.021,0.019
-0.38493849384938494,-0.001,-0.021,0.019
-0.3844384438443844,-0.001,-0.021,0.019
-0.3839383938393839,-0.001,-0.021,0.019
-0.38343834383438347,-0.001,-0.021,0.019
-0.38293829382938294,-0.001,-0.021,0.019
-0.3824382438243824,-0.001,-0.021,0.019
-0.381938193819382,-0.001,-0.021,0.019
-0.38143814381438146,-0.001,-0.021,0.019
-0.38093809380938093,-0.001,-0.021,0.019
-0.3804380438043804,-0.001,-0.021,0.019
-0.37993799379938,-0.001,-0.021,0.019
-0.37943794379437945,-0.001,-0.021,0.019
-0.3789378937893789,-0.001,-0.021,0.019
-0.3784378437843784,-0.001,-0.021,0.019
-0.377937793779378,-0.001,-0.021,0.019
-0.37743774377437744,-0.001,-0.021,0.019
-0.3769376937693769,-0.001,-0.021,0.019
-0.3764376437643764,-0.001,-0.021,0.019
-0.37593759375937597,-0.001,-0.021,0.019
-0.37543754375437544,-0.001,-0.021,0.019
-0.3749374937493749,-0.001,-0.021,0.019
-0.3744374437443745,-0.001,-0.021,0.019
-0.37393739373937396,-0.001,-0.021,0.019
-0.37343734373437343,-0.001,-0.021,0.019
-0.3729372937293729,-0.001,-0.021,0.019
-0.3724372437243725,-0.001,-0.021,0.019
-0.37193719371937195,-0.001,-0.021,0.019
-0.3714371437143714,-0.001,-0.021,0.019
-0.3709370937093709,-0.001,-0.021,0.019
-0.37043704370437047,-0.001,-0.021,0.019
-0.36993699369936994,-0.001,-0.021,0.019
-0.3694369436943694,-0.001,-0.021,0.019
-0.3689368936893689,-0.001,-0.021,0.019
-0.36843684368436846,-0.001,-0.021,0.019
-0.36793679367936794,-0.001,-0.021,0.019
-0.3674367436743674,-0.001,-0.021,0.019
-0.366936693669367,-0.001,-0.021,0.019
-0.36643664366436646,-0.001,-0.021,0.019
-0.3659365936593659,-0.001,-0.021,0.019
-0.3654365436543654,-0.001,-0.021,0.019
-0.364936493649365,-0.001,-0.021,0.019
-0.36443644364436445,-0.001,-0.021,0.019
-0.3639363936393639,-0.001,-0.021,0.019
-0.3634363436343634,-0.001,-0.021,0.019
-0.36293629362936297,-0.001,-0.021,0.019
-0.36243624362436244,-0.001,-0.021,0.019
-0.3619361936193619,-0.001,-0.021,0.019
-0.3614361436143614,-0.001,-0.021,0.019
-0.36093609360936096,-0.001,-0.021,0.019
-0.36043604360436043,-0.001,-0.021,0.019
-0.3599359935993599,-0.001,-0.021,0.019
-0.3594359435943595,-0.001,-0.021,0.019
-0.35893589358935896,-0.001,-0.021,0.019
-0.3584358435843584,-0.001,-0.021,0.019
-0.3579357935793579,-0.001,-0.021,0.019
-0.3574357435743575,-0.001,-0.021,0.019
-0.35693569356935695,-0.001,-0.021,0.019
-0.3564356435643564,-0.001,-0.021,0.019
-0.3559355935593559,-0.001,-0.021,0.019
-0.35543554355435547,-0.001,-0.021,0.019
-0.35493549354935494,-0.001,-0.021,0.019
-0.3544354435443544,-0.001,-0.021,0.019
-0.3539353935393539,-0.001,-0.021,0.019
-0.35343534353435346,-0.001,-0.021,0.019
-0.35293529352935293,-0.001,-0.021,0.019
-0.3524352435243524,-0.001,-0.021,0.019
-0.351935193519352,-0.001,-0.021,0.019
-0.35143514351435146,-0.001,-0.021,0.019
-0.3509350935093509,-0.001,-0.021,0.019
-0.3504350435043504,-0.001,-0.021,0.019
-0.34993499349935,-0.001,-0.021,0.019
-0.34943494349434945,-0.001,-0.021,0.019
-0.3489348934893489,-0.001,-0.021,0.019
-0.3484348434843484,-0.001,-0.021,0.019
-0.34793479347934797,-0.001,-0.021,0.019
-0.34743474347434744,-0.001,-0.021,0.019
-0.3469346934693469,-0.001,-0.021,0.019
-0.3464346434643464,-0.001,-0.021,0.019
-0.34593459345934596,-0.001,-0.021,0.019
-0.34543454345434543,-0.001,-0.021,0.019
-0.3449344934493449,-0.001,-0.021,0.019
-0.3444344434443445,-0.001,-0.021,0.019
-0.34393439343934396,-0.001,-0.021,0.019
-0.3434343434343434,-0.001,-0.021,0.019
-0.3429342934293429,-0.001,-0.021,0.019
-0.3424342434243425,-0.001,-0.021,0.019
-0.34193419341934195,-0.001,-0.021,0.019
-0.3414341434143414,-0.001,-0.021,0.019
-0.3409340934093409,-0.001,-0.021,0.019
-0.34043404340434047,-0.001,-0.021,0.019
-0.33993399339933994,-0.001,-0.021,0.019
-0.3394339433943394,-0.001,-0.021,0.019
-0.3389338933893389,-0.001,-0.021,0.019
-0.33843384338433846,-0.001,-0.021,0.019
-0.33793379337933793,-0.001,-0.021,0.019
-0.3374337433743374,-0.001,-0.021,0.019
-0.336933693369337,-0.001,-0.021,0.019
-0.33643364336433645,-0.001,-0.021,0.019
-0.3359335933593359,-0.001,-0.021,0.019
-0.3354335433543354,-0.001,-0.021,0.019
-0.334933493349335,-0.001,-0.021,0.019
-0.33443344334433445,-0.001,-0.021,0.019
-0.3339333933393339,-0.001,-0.021,0.019
-0.3334333433343334,-0.001,-0.021,0.019
-0.33293329332933297,-0.001,-0.021,0.019
-0.33243324332433244,-0.001,-0.021,0.019
-0.3319331933193319,-0.001,-0.021,0.019
-0.3314331433143314,-0.001,-0.021,0.019
-0.33093309330933096,-0.001,-0.021,0.019
-0.33043304330433043,-0.001,-0.021,0.019
-0.3299329932993299,-0.001,-0.021,0.019
-0.3294329432943295,-0.001,-0.021,0.019
-0.32893289328932895,-0.001,-0.021,0.019
-0.3284328432843284,-0.001,-0.021,0.019
-0.3279327932793279,-0.001,-0.021,0.019
-0.3274327432743275,-0.001,-0.021,0.019
-0.32693269326932695,-0.001,-0.021,0.019
-0.3264326432643264,-0.001,-0.021,0.019
-0.3259325932593259,-0.001,-0.021,0.019
-0.32543254325432547,-0.001,-0.021,0.019
-0.32493249324932494,-0.001,-0.021,0.019
-0.3244324432443244,-0.001,-0.021,0.019
-0.3239323932393239,-0.001,-0.021,0.019
-0.32343234323432346,-0.001,-0.021,0.019
-0.32293229322932293,-0.001,-0.021,0.019
-0.3224322432243224,-0.001,-0.021,0.019
-0.321932193219322,-0.001,-0.021,0.019
-0.32143214321432145,-0.001,-0.021,0.019
-0.3209320932093209,-0.001,-0.021,0.019
-0.3204320432043204,-0.001,-0.021,0.019
-0.31993199319932,-0.001,-0.021,0.019
-0.31943194319431945,-0.001,-0.021,0.019
-0.3189318931893189,-0.001,-0.021,0.019
-0.3184318431843184,-0.001,-0.021,0.019
-0.31793179317931797,-0.001,-0.021,0.019
-0.31743174317431744,-0.001,-0.021,0.019
-0.3169316931693169,-0.001,-0.021,0.019
-0.3164316431643164,-0.001,-0.021,0.019
-0.31593159315931596,-0.001,-0.021,0.019
-0.31543154315431543,-0.001,-0.021,0.019
-0.3149314931493149,-0.001,-0.021,0.019
-0.3144314431443145,-0.001,-0.021,0.019
-0.31393139313931395,-0.001,-0.021,0.019
-0.3134313431343134,-0.001,-0.021,0.019
-0.3129312931293129,-0.001,-0.021,0.019
-0.3124312431243125,-0.001,-0.021,0.019
-0.31193119311931194,-0.001,-0.021,0.019
-0.3114311431143114,-0.001,-0.021,0.019
-0.3109310931093109,-0.001,-0.021,0.019
-0.31043104310431047,-0.001,-0.021,0.019
-0.30993099309930994,-0.001,-0.021,0.019
-0.3094309430943094,-0.001,-0.021,0.019
-0.3089308930893089,-0.001,-0.021,0.019
-0.30843084308430846,-0.001,-0.021,0.019
-0.30793079307930793,-0.001,-0.021,0.019
-0.3074307430743074,-0.001,-0.021,0.019
-0.306930693069307,-0.001,-0.021,0.019
-0.30643064306430645,-0.001,-0.021,0.019
-0.3059305930593059,-0.001,-0.021,0.019
-0.3054305430543054,-0.001,-0.021,0.019
-0.304930493049305,-0.001,-0.021,0.019
-0.30443044304430444,-0.001,-0.021,0.019
-0.3039303930393039,-0.001,-0.021,0.019
-0.3034303430343034,-0.001,-0.021,0.019
-0.30293029302930297,-0.001,-0.021,0.019
-0.30243024302430244,-0.001,-0.021,0.019
-0.3019301930193019,-0.001,-0.021,0.019
-0.3014301430143014,-0.001,-0.021,0.019
-0.30093009300930096,-0.001,-0.021,0.019
-0.30043004300430043,-0.001,-0.021,0.019
-0.2999299929992999,-0.001,-0.021,0.019
-0.2994299429942995,-0.001,-0.021,0.019
-0.29892989298929895,-0.001,-0.021,0.019
-0.2984298429842984,-0.001,-0.021,0.019
-0.2979297929792979,-0.001,-0.021,0.019
-0.2974297429742975,-0.001,-0.021,0.019
-0.29692969296929694,-0.001,-0.021,0.019
-0.2964296429642964,-0.001,-0.021,0.019
-0.2959295929592959,-0.001,-0.021,0.019
-0.29542954295429547,-0.001,-0.021,0.019
-0.29492949294929494,-0.001,-0.021,0.019
-0.2944294429442944,-0.001,-0.021,0.019
-0.2939293929392939,-0.001,-0.021,0.019
-0.29342934293429346,-0.001,-0.021,0.019
-0.29292929292929293,-0.001,-0.021,0.019
-0.2924292429242924,-0.001,-0.021,0.019
-0.291929192919292,-0.001,-0.021,0.019
-0.29142914291429145,-0.001,-0.021,0.019
-0.2909290929092909,-0.001,-0.021,0.019
-0.2904290429042904,-0.001,-0.021,0.019
-0.28992899289929,-0.001,-0.021,0.019
-0.28942894289428944,-0.001,-0.021,0.019
-0.2889288928892889,-0.001,-0.021,0.019
-0.2884288428842884,-0.001,-0.021,0.019
-0.28792879287928796,-0.001,-0.021,0.019
-0.28742874287428744,-0.001,-0.021,0.019
-0.2869286928692869,-0.001,-0.021,0.019
-0.2864286428642864,-0.001,-0.021,0.019
-0.28592859285928596,-0.001,-0.021,0.019
-0.2854285428542854,-0.001,-0.021,0.019
-0.2849284928492849,-0.001,-0.021,0.019
-0.2844284428442845,-0.001,-0.021,0.019
-0.28392839283928395,-0.001,-0.021,0.019
-0.2834283428342834,-0.001,-0.021,0.019
-0.2829282928292829,-0.001,-0.021,0.019
-0.28242824282428247,-0.001,-0.021,0.019
-0.28192819281928194,-0.001,-0.021,0.019
-0.2814281428142814,-0.001,-0.021,0.019
-0.2809280928092809,-0.001,-0.021,0.019
-0.28042804280428046,-0.001,-0.021,0.019
-0.27992799279927993,-0.001,-0.021,0.019
-0.2794279427942794,-0.001,-0.021,0.019
-0.2789278927892789,-0.001,-0.021,0.019
-0.27842784278427846,-0.001,-0.021,0.019
-0.2779277927792779,-0.001,-0.021,0.019
-0.2774277427742774,-0.001,-0.021,0.019
-0.276927692769277,-0.001,-0.021,0.019
-0.27642764276427645,-0.001,-0.021,0.019
-0.2759275927592759,-0.001,-0.021,0.019
-0.2754275427542754,-0.001,-0.021,0.019
-0.27492749274927497,-0.001,-0.021,0.019
-0.27442744274427444,-0.001,-0.021,0.019
-0.2739273927392739,-0.001,-0.021,0.019
-0.2734273427342734,-0.001,-0.021,0.019
-0.27292729272927296,-0.001,-0.021,0.019
-0.27242724272427243,-0.001,-0.021,0.019
-0.2719271927192719,-0.001,-0.021,0.019
-0.2714271427142714,-0.001,-0.021,0.019
-0.27092709270927096,-0.001,-0.021,0.019
-0.2704270427042704,-0.001,-0.021,0.019
-0.2699269926992699,-0.001,-0.021,0.019
-0.2694269426942695,-0.001,-0.021,0.019
-0.26892689268926895,-0.001,-0.021,0.019
-0.2684268426842684,-0.001,-0.021,0.019
-0.2679267926792679,-0.001,-0.021,0.019
-0.26742674267426747,-0.001,-0.021,0.019
-0.26692669266926694,-0.001,-0.021,0.019
-0.2664266426642664,-0.001,-0.021,0.019
-0.2659265926592659,-0.001,-0.021,0.019
-0.26542654265426546,-0.001,-0.021,0.019
-0.26492649264926493,-0.001,-0.021,0.019
-0.2644264426442644,-0.001,-0.021,0.019
-0.2639263926392639,-0.001,-0.021,0.019
-0.26342634263426346,-0.001,-0.021,0.019
-0.2629262926292629,-0.001,-0.021,0.019
-0.2624262426242624,-0.001,-0.021,0.019
-0.261926192619262,-0.001,-0.021,0.019
-0.26142614261426145,-0.001,-0.021,0.019
-0.2609260926092609,-0.001,-0.021,0.019
-0.2604260426042604,-0.001,-0.021,0.019
-0.25992599259925997,-0.001,-0.021,0.019
-0.25942594259425944,-0.001,-0.021,0.019
-0.2589258925892589,-0.001,-0.021,0.019
-0.2584258425842584,-0.001,-0.021,0.019
-0.25792579257925796,-0.001,-0.021,0.019
-0.25742574257425743,-0.001,-0.021,0.019
-0.2569256925692569,-0.001,-0.021,0.019
-0.2564256425642564,-0.001,-0.021,0.019
-0.25592559255925595,-0.001,-0.021,0.019
-0.2554255425542554,-0.001,-0.021,0.019
-0.2549254925492549,-0.001,-0.021,0.019
-0.2544254425442545,-0.001,-0.021,0.019
-0.25392539253925395,-0.001,-0.021,0.019
-0.2534253425342534,-0.001,-0.021,0.019
-0.2529252925292529,-0.001,-0.021,0.019
-0.25242524252425247,-0.001,-0.021,0.019
-0.25192519251925194,-0.001,-0.021,0.019
-0.2514251425142514,-0.001,-0.021,0.019
-0.2509250925092509,-0.001,-0.021,0.019
-0.25042504250425046,-0.001,-0.021,0.019
-0.24992499249924993,-0.001,-0.021,0.019
-0.2494249424942494,-0.001,-0.021,0.019
-0.24892489248924887,-0.001,-0.021,0.019
-0.24842484248424845,-0.001,-0.021,0.019
-0.24792479247924792,-0.001,-0.021,0.019
-0.2474247424742474,-0.001,-0.021,0.019
-0.24692469246924698,-0.001,-0.021,0.019
-0.24642464246424645,-0.001,-0.021,0.019
-0.24592459245924592,-0.001,-0.021,0.019
-0.2454245424542454,-0.001,-0.021,0.019
-0.24492449244924497,-0.001,-0.021,0.019
-0.24442444244424444,-0.001,-0.021,0.019
-0.2439243924392439,-0.001,-0.021,0.019
-0.24342434243424338,-0.001,-0.021,0.019
-0.24292429242924296,-0.001,-0.021,0.019
-0.24242424242424243,-0.001,-0.021,0.019
-0.2419241924192419,-0.001,-0.021,0.019
-0.24142414241424137,-0.001,-0.021,0.019
-0.24092409240924095,-0.001,-0.021,0.019
-0.24042404240424042,-0.001,-0.021,0.019
-0.2399239923992399,-0.001,-0.021,0.019
-0.23942394239423948,-0.001,-0.021,0.019
-0.23892389238923895,-0.001,-0.021,0.019
-0.23842384238423842,-0.001,-0.021,0.019
-0.2379237923792379,-0.001,-0.021,0.019
-0.23742374237423747,-0.001,-0.021,0.019
-0.23692369236923694,-0.001,-0.021,0.019
-0.2364236423642364,-0.001,-0.021,0.019
-0.23592359235923588,-0.001,-0.021,0.019
-0.23542354235423546,-0.001,-0.021,0.019
-0.23492349234923493,-0.001,-0.021,0.019
-0.2344234423442344,-0.001,-0.021,0.019
-0.23392339233923387,-0.001,-0.021,0.019
-0.23342334233423345,-0.001,-0.021,0.019
-0.23292329232923292,-0.001,-0.021,0.019
-0.2324232423242324,-0.001,-0.021,0.019
-0.23192319231923197,-0.001,-0.021,0.019
-0.23142314231423144,-0.001,-0.021,0.019
-0.23092309230923092,-0.001,-0.021,0.019
-0.23042304230423039,-0.001,-0.021,0.019
-0.22992299229922997,-0.001,-0.021,0.019
-0.22942294229422944,-0.001,-0.021,0.019
-0.2289228922892289,-0.001,-0.021,0.019
-0.22842284228422838,-0.001,-0.021,0.019
-0.22792279227922796,-0.001,-0.021,0.019
-0.22742274227422743,-0.001,-0.021,0.019
-0.2269226922692269,-0.001,-0.021,0.019
-0.22642264226422637,-0.001,-0.021,0.019
-0.22592259225922595,-0.001,-0.021,0.019
-0.22542254225422542,-0.001,-0.021,0.019
-0.2249224922492249,-0.001,-0.021,0.019
-0.22442244224422436,-0.001,-0.021,0.019
-0.22392239223922394,-0.001,-0.021,0.019
-0.22342234223422341,-0.001,-0.021,0.019
-0.22292229222922288,-0.001,-0.021,0.019
-0.22242224222422247,-0.001,-0.021,0.019
-0.22192219221922194,-0.001,-0.021,0.019
-0.2214221422142214,-0.001,-0.021,0.019
-0.22092209220922088,-0.001,-0.021,0.019
-0.22042204220422046,-0.001,-0.021,0.019
-0.21992199219921993,-0.001,-0.021,0.019
-0.2194219421942194,-0.001,-0.021,0.019
-0.21892189218921887,-0.001,-0.021,0.019
-0.21842184218421845,-0.001,-0.021,0.019
-0.21792179217921792,-0.001,-0.021,0.019
-0.2174217421742174,-0.001,-0.021,0.019
-0.21692169216921686,-0.001,-0.021,0.019
-0.21642164216421644,-0.001,-0.021,0.019
-0.2159215921592159,-0.001,-0.021,0.019
-0.21542154215421538,-0.001,-0.021,0.019
-0.21492149214921497,-0.001,-0.021,0.019
-0.21442144214421444,-0.001,-0.021,0.019
-0.2139213921392139,-0.001,-0.021,0.019
-0.21342134213421338,-0.001,-0.021,0.019
-0.21292129212921296,-0.001,-0.021,0.019
-0.21242124212421243,-0.001,-0.021,0.019
-0.2119211921192119,-0.001,-0.021,0.019
-0.21142114211421137,-0.001,-0.021,0.019
-0.21092109210921095,-0.001,-0.021,0.019
-0.21042104210421042,-0.001,-0.021,0.019
-0.2099209920992099,-0.001,-0.021,0.019
-0.20942094209420936,-0.001,-0.021,0.019
-0.20892089208920894,-0.001,-0.021,0.019
-0.2084208420842084,-0.001,-0.021,0.019
-0.20792079207920788,-0.001,-0.021,0.019
-0.20742074207420746,-0.001,-0.021,0.019
-0.20692069206920694,-0.001,-0.021,0.019
-0.2064206420642064,-0.001,-0.021,0.019
-0.20592059205920588,-0.001,-0.021,0.019
-0.20542054205420546,-0.001,-0.021,0.019
-0.20492049204920493,-0.001,-0.021,0.019
-0.2044204420442044,-0.001,-0.021,0.019
-0.20392039203920387,-0.001,-0.021,0.019
-0.20342034203420345,-0.001,-0.021,0.019
-0.20292029202920292,-0.001,-0.021,0.019
-0.2024202420242024,-0.001,-0.021,0.019
-0.20192019201920186,-0.001,-0.021,0.019
-0.20142014201420144,-0.001,-0.021,0.019
-0.2009200920092009,-0.001,-0.021,0.019
-0.20042004200420038,-0.001,-0.021,0.019
-0.19991999199919996,-0.001,-0.021,0.019
-0.19941994199419943,-0.001,-0.021,0.019
-0.1989198919891989,-0.001,-0.021,0.019
-0.19841984198419838,-0.001,-0.021,0.019
-0.19791979197919796,-0.001,-0.021,0.019
-0.19741974197419743,-0.001,-0.021,0.019
-0.1969196919691969,-0.001,-0.021,0.019
-0.19641964196419637,-0.001,-0.021,0.019
-0.19591959195919595,-0.001,-0.021,0.019
-0.19541954195419542,-0.001,-0.021,0.019
-0.1949194919491949,-0.001,-0.021,0.019
-0.19441944194419436,-0.001,-0.021,0.019
-0.19391939193919394,-0.001,-0.021,0.019
-0.1934193419341934,-0.001,-0.021,0.019
-0.19291929192919288,-0.001,-0.021,0.019
-0.19241924192419246,-0.001,-0.021,0.019
-0.19191919191919193,-0.001,-0.021,0.019
-0.1914191419141914,-0.001,-0.021,0.019
-0.19091909190919087,-0.001,-0.021,0.019
-0.19041904190419046,-0.001,-0.021,0.019
-0.18991899189918993,-0.001,-0.021,0.019
-0.1894189418941894,-0.001,-0.021,0.019
-0.18891889188918887,-0.001,-0.021,0.019
-0.18841884188418845,-0.001,-0.021,0.019
-0.18791879187918792,-0.001,-0.021,0.019
-0.1874187418741874,-0.001,-0.021,0.019
-0.18691869186918686,-0.001,-0.021,0.019
-0.18641864186418644,-0.001,-0.021,0.019
-0.1859185918591859,-0.001,-0.021,0.019
-0.18541854185418538,-0.001,-0.021,0.019
-0.18491849184918496,-0.001,-0.021,0.019
-0.18441844184418443,-0.001,-0.021,0.019
-0.1839183918391839,-0.001,-0.021,0.019
-0.18341834183418337,-0.001,-0.021,0.019
-0.18291829182918296,-0.001,-0.021,0.019
-0.18241824182418243,-0.001,-0.021,0.019
-0.1819181918191819,-0.001,-0.021,0.019
-0.18141814181418137,-0.001,-0.021,0.019
-0.18091809180918095,-0.001,-0.021,0.019
-0.18041804180418042,-0.001,-0.021,0.019
-0.1799179917991799,-0.001,-0.021,0.019
-0.17941794179417936,-0.001,-0.021,0.019
-0.17891789178917894,-0.001,-0.021,0.019
-0.1784178417841784,-0.001,-0.021,0.019
-0.17791779177917788,-0.001,-0.021,0.019
-0.17741774177417746,-0.001,-0.021,0.019
-0.17691769176917693,-0.001,-0.021,0.019
-0.1764176417641764,-0.001,-0.021,0.019
-0.17591759175917587,-0.001,-0.021,0.019
-0.17541754175417545,-0.001,-0.021,0.019
-0.17491749174917492,-0.001,-0.021,0.019
-0.1744174417441744,-0.001,-0.021,0.019
-0.17391739173917387,-0.001,-0.021,0.019
-0.17341734173417345,-0.001,-0.021,0.019
-0.17291729172917292,-0.001,-0.021,0.019
-0.1724172417241724,-0.001,-0.021,0.019
-0.17191719171917186,-0.001,-0.021,0.019
-0.17141714171417144,-0.001,-0.021,0.019
-0.1709170917091709,-0.001,-0.021,0.019
-0.17041704170417038,-0.001,-0.021,0.019
-0.16991699169916996,-0.001,-0.021,0.019
-0.16941694169416943,-0.001,-0.021,0.019
-0.1689168916891689,-0.001,-0.021,0.019
-0.16841684168416837,-0.001,-0.021,0.019
-0.16791679167916795,-0.001,-0.021,0.019
-0.16741674167416742,-0.001,-0.021,0.019
-0.1669166916691669,-0.001,-0.021,0.019
-0.16641664166416636,-0.001,-0.021,0.019
-0.16591659165916595,-0.001,-0.021,0.019
-0.16541654165416542,-0.001,-0.021,0.019
-0.1649164916491649,-0.001,-0.021,0.019
-0.16441644164416436,-0.001,-0.021,0.019
-0.16391639163916394,-0.001,-0.021,0.019
-0.1634163416341634,-0.001,-0.021,0.019
-0.16291629162916288,-0.001,-0.021,0.019
-0.16241624162416246,-0.001,-0.021,0.019
-0.16191619161916193,-0.001,-0.021,0.019
-0.1614161416141614,-0.001,-0.021,0.019
-0.16091609160916087,-0.001,-0.021,0.019
-0.16041604160416045,-0.001,-0.021,0.019
-0.15991599159915992,-0.001,-0.021,0.019
-0.1594159415941594,-0.001,-0.021,0.019
-0.15891589158915886,-0.001,-0.021,0.019
-0.15841584158415845,-0.001,-0.021,0.019
-0.15791579157915792,-0.001,-0.021,0.019
-0.1574157415741574,-0.001,-0.021,0.019
-0.15691569156915686,-0.001,-0.021,0.019
-0.15641564156415644,-0.001,-0.021,0.019
-0.1559155915591559,-0.001,-0.021,0.019
-0.15541554155415538,-0.001,-0.021,0.019
-0.15491549154915496,-0.001,-0.021,0.019
-0.15441544154415443,-0.001,-0.021,0.019
-0.1539153915391539,-0.001,-0.021,0.019
-0.15341534153415337,-0.001,-0.021,0.019
-0.15291529152915295,-0.001,-0.021,0.019
-0.15241524152415242,-0.001,-0.021,0.019
-0.1519151915191519,-0.001,-0.021,0.019
-0.15141514151415136,-0.001,-0.021,0.019
-0.15091509150915094,-0.001,-0.021,0.019
-0.15041504150415042,-0.001,-0.021,0.019
-0.14991499149914989,-0.001,-0.021,0.019
-0.14941494149414936,-0.001,-0.021,0.019
-0.14891489148914894,-0.001,-0.021,0.019
-0.1484148414841484,-0.001,-0.021,0.019
-0.14791479147914788,-0.001,-0.021,0.019
-0.14741474147414746,-0.001,-0.021,0.019
-0.14691469146914693,-0.001,-0.021,0.019
-0.1464146414641464,-0.001,-0.021,0.019
-0.14591459145914587,-0.001,-0.021,0.019
-0.14541454145414545,-0.001,-0.021,0.019
-0.14491449144914492,-0.001,-0.021,0.019
-0.1444144414441444,-0.001,-0.021,0.019
-0.14391439143914386,-0.001,-0.021,0.019
-0.14341434143414344,-0.001,-0.021,0.019
-0.14291429142914291,-0.001,-0.021,0.019
-0.14241424142414238,-0.001,-0.021,0.019
-0.14191419141914186,-0.001,-0.021,0.019
-0.14141414141414144,-0.001,-0.021,0.019
-0.1409140914091409,-0.001,-0.021,0.019
-0.14041404140414038,-0.001,-0.021,0.019
-0.13991399139913996,-0.001,-0.021,0.019
-0.13941394139413943,-0.001,-0.021,0.019
-0.1389138913891389,-0.001,-0.021,0.019
-0.13841384138413837,-0.001,-0.021,0.019
-0.13791379137913795,-0.001,-0.021,0.019
-0.13741374137413742,-0.001,-0.021,0.019
-0.1369136913691369,-0.001,-0.021,0.019
-0.13641364136413636,-0.001,-0.021,0.019
-0.13591359135913594,-0.001,-0.021,0.019
-0.1354135413541354,-0.001,-0.021,0.019
-0.13491349134913488,-0.001,-0.021,0.019
-0.13441344134413435,-0.001,-0.021,0.019
-0.13391339133913394,-0.001,-0.021,0.019
-0.1334133413341334,-0.001,-0.021,0.019
-0.13291329132913288,-0.001,-0.021,0.019
-0.13241324132413246,-0.001,-0.021,0.019
-0.13191319131913193,-0.001,-0.021,0.019
-0.1314131413141314,-0.001,-0.021,0.019
-0.13091309130913087,-0.001,-0.021,0.019
-0.13041304130413045,-0.001,-0.021,0.019
-0.12991299129912992,-0.001,-0.021,0.019
-0.1294129412941294,-0.001,-0.021,0.019
-0.12891289128912886,-0.001,-0.021,0.019
-0.12841284128412844,-0.001,-0.021,0.019
-0.1279127912791279,-0.001,-0.021,0.019
-0.12741274127412738,-0.001,-0.021,0.019
-0.12691269126912685,-0.001,-0.021,0.019
-0.12641264126412644,-0.001,-0.021,0.019
-0.1259125912591259,-0.001,-0.021,0.019
-0.12541254125412538,-0.001,-0.021,0.019
-0.12491249124912496,-0.001,-0.021,0.019
-0.12441244124412443,-0.001,-0.021,0.019
-0.1239123912391239,-0.001,-0.021,0.019
-0.12341234123412337,-0.001,-0.021,0.019
-0.12291229122912295,-0.001,-0.021,0.019
-0.12241224122412242,-0.001,-0.021,0.019
-0.12191219121912189,-0.001,-0.021,0.019
-0.12141214121412136,-0.001,-0.021,0.019
-0.12091209120912094,-0.001,-0.021,0.019
-0.12041204120412041,-0.001,-0.021,0.019
-0.11991199119911988,-0.001,-0.021,0.019
-0.11941194119411935,-0.001,-0.021,0.019
-0.11891189118911893,-0.001,-0.021,0.019
-0.1184118411841184,-0.001,-0.021,0.019
-0.11791179117911788,-0.001,-0.021,0.019
-0.11741174117411746,-0.001,-0.021,0.019
-0.11691169116911693,-0.001,-0.021,0.019
-0.1164116411641164,-0.001,-0.021,0.019
-0.11591159115911587,-0.001,-0.021,0.019
-0.11541154115411545,-0.001,-0.021,0.019
-0.11491149114911492,-0.001,-0.021,0.019
-0.11441144114411439,-0.001,-0.021,0.019
-0.11391139113911386,-0.001,-0.021,0.019
-0.11341134113411344,-0.001,-0.021,0.019
-0.11291129112911291,-0.001,-0.021,0.019
-0.11241124112411238,-0.001,-0.021,0.019
-0.11191119111911185,-0.001,-0.021,0.019
-0.11141114111411143,-0.001,-0.021,0.019
-0.1109110911091109,-0.001,-0.021,0.019
-0.11041104110411037,-0.001,-0.021,0.019
-0.10991099109910996,-0.001,-0.021,0.019
-0.10941094109410943,-0.001,-0.021,0.019
-0.1089108910891089,-0.001,-0.021,0.019
-0.10841084108410837,-0.001,-0.021,0.019
-0.10791079107910795,-0.001,-0.021,0.019
-0.10741074107410742,-0.001,-0.021,0.019
-0.10691069106910689,-0.001,-0.021,0.019
-0.10641064106410636,-0.001,-0.021,0.019
-0.10591059105910594,-0.001,-0.021,0.019
-0.10541054105410541,-0.001,-0.021,0.019
-0.10491049104910488,-0.001,-0.021,0.019
-0.10441044104410435,-0.001,-0.021,0.019
-0.10391039103910393,-0.001,-0.021,0.019
-0.1034103410341034,-0.001,-0.021,0.019
-0.10291029102910287,-0.001,-0.021,0.019
-0.10241024102410246,-0.001,-0.021,0.019
-0.10191019101910193,-0.001,-0.021,0.019
-0.1014101410141014,-0.001,-0.021,0.019
-0.10091009100910087,-0.001,-0.021,0.019
-0.10041004100410045,-0.001,-0.021,0.019
-0.09990999099909992,-0.001,-0.021,0.019
-0.09940994099409939,-0.001,-0.021,0.019
-0.09890989098909886,-0.001,-0.021,0.019
-0.09840984098409844,-0.001,-0.021,0.019
-0.09790979097909791,-0.001,-0.021,0.019
-0.09740974097409738,-0.001,-0.021,0.019
-0.09690969096909685,-0.001,-0.021,0.019
-0.09640964096409643,-0.001,-0.021,0.019
-0.0959095909590959,-0.001,-0.021,0.019
-0.09540954095409537,-0.001,-0.021,0.019
-0.09490949094909495,-0.001,-0.021,0.019
-0.09440944094409442,-0.001,-0.021,0.019
-0.0939093909390939,-0.001,-0.021,0.019
-0.09340934093409337,-0.001,-0.021,0.019
-0.09290929092909295,-0.001,-0.021,0.019
-0.09240924092409242,-0.001,-0.021,0.019
-0.09190919091909189,-0.001,-0.021,0.019
-0.09140914091409136,-0.001,-0.021,0.019
-0.09090909090909094,-0.001,-0.021,0.019
-0.09040904090409041,-0.001,-0.021,0.019
-0.08990899089908988,-0.001,-0.021,0.019
-0.08940894089408935,-0.001,-0.021,0.019
-0.08890889088908893,-0.001,-0.021,0.019
-0.0884088408840884,-0.001,-0.021,0.019
-0.08790879087908787,-0.001,-0.021,0.019
-0.08740874087408745,-0.001,-0.021,0.019
-0.08690869086908692,-0.001,-0.021,0.019
-0.0864086408640864,-0.001,-0.021,0.019
-0.08590859085908586,-0.001,-0.021,0.019
-0.08540854085408545,-0.001,-0.021,0.019
-0.08490849084908492,-0.001,-0.021,0.019
-0.08440844084408439,-0.001,-0.021,0.019
-0.08390839083908386,-0.001,-0.021,0.019
-0.08340834083408344,-0.001,-0.021,0.019
-0.08290829082908291,-0.001,-0.021,0.019
-0.08240824082408238,-0.001,-0.021,0.019
-0.08190819081908185,-0.001,-0.021,0.019
-0.08140814081408143,-0.001,-0.021,0.019
-0.0809080908090809,-0.001,-0.021,0.019
-0.08040804080408037,-0.001,-0.021,0.019
-0.07990799079907995,-0.001,-0.021,0.019
-0.07940794079407942,-0.001,-0.021,0.019
-0.0789078907890789,-0.001,-0.021,0.019
-0.07840784078407836,-0.001,-0.021,0.019
-0.07790779077907795,-0.001,-0.021,0.019
-0.07740774077407742,-0.001,-0.021,0.019
-0.07690769076907689,-0.001,-0.021,0.019
-0.07640764076407636,-0.001,-0.021,0.019
-0.07590759075907594,-0.001,-0.021,0.019
-0.07540754075407541,-0.001,-0.021,0.019
-0.07490749074907488,-0.001,-0.021,0.019
-0.07440744074407435,-0.001,-0.021,0.019
-0.07390739073907393,-0.001,-0.021,0.019
-0.0734073407340734,-0.001,-0.021,0.019
-0.07290729072907287,-0.001,-0.021,0.019
-0.07240724072407245,-0.001,-0.021,0.019
-0.07190719071907192,-0.001,-0.021,0.019
-0.0714071407140714,-0.001,-0.021,0.019
-0.07090709070907086,-0.001,-0.021,0.019
-0.07040704070407044,-0.001,-0.021,0.019
-0.06990699069906992,-0.001,-0.021,0.019
-0.06940694069406939,-0.001,-0.021,0.019
-0.06890689068906886,-0.001,-0.021,0.019
-0.06840684068406844,-0.001,-0.021,0.019
-0.06790679067906791,-0.001,-0.021,0.019
-0.06740674067406738,-0.001,-0.021,0.019
-0.06690669066906685,-0.001,-0.021,0.019
-0.06640664066406643,-0.001,-0.021,0.019
-0.0659065906590659,-0.001,-0.021,0.019
-0.06540654065406537,-0.001,-0.021,0.019
-0.06490649064906495,-0.001,-0.021,0.019
-0.06440644064406442,-0.001,-0.021,0.019
-0.06390639063906389,-0.001,-0.021,0.019
-0.06340634063406336,-0.001,-0.021,0.019
-0.06290629062906294,-0.001,-0.021,0.019
-0.062406240624062415,-0.001,-0.021,0.019
-0.061906190619061885,-0.001,-0.021,0.019
-0.061406140614061355,-0.001,-0.021,0.019
-0.06090609060906094,-0.001,-0.021,0.019
-0.06040604060406041,-0.001,-0.021,0.019
-0.05990599059905988,-0.001,-0.021,0.019
-0.05940594059405935,-0.001,-0.021,0.019
-0.05890589058905893,-0.001,-0.021,0.019
-0.0584058405840584,-0.001,-0.021,0.019
-0.05790579057905787,-0.001,-0.021,0.019
-0.05740574057405745,-0.001,-0.021,0.019
-0.05690569056905692,-0.001,-0.021,0.019
-0.05640564056405639,-0.001,-0.021,0.019
-0.05590559055905586,-0.001,-0.021,0.019
-0.055405540554055444,-0.001,-0.021,0.019
-0.054905490549054914,-0.001,-0.021,0.019
-0.054405440544054384,-0.001,-0.021,0.019
-0.053905390539053855,-0.001,-0.021,0.019
-0.053405340534053436,-0.001,-0.021,0.019
-0.052905290529052906,-0.001,-0.021,0.019
-0.05240524052405238,-0.001,-0.021,0.019
-0.05190519051905185,-0.001,-0.021,0.019
-0.05140514051405143,-0.001,-0.021,0.019
-0.0509050905090509,-0.001,-0.021,0.019
-0.05040504050405037,-0.001,-0.021,0.019
-0.04990499049904995,-0.001,-0.021,0.019
-0.04940494049404942,-0.001,-0.021,0.019
-0.04890489048904889,-0.001,-0.021,0.019
-0.04840484048404836,-0.001,-0.021,0.019
-0.04790479047904794,-0.001,-0.021,0.019
-0.04740474047404741,-0.001,-0.021,0.019
-0.046904690469046884,-0.001,-0.021,0.019
-0.046404640464046354,-0.001,-0.021,0.019
-0.045904590459045935,-0.001,-0.021,0.019
-0.045404540454045406,-0.001,-0.021,0.019
-0.044904490449044876,-0.001,-0.021,0.019
-0.044404440444044346,-0.001,-0.021,0.019
-0.04390439043904393,-0.001,-0.021,0.019
-0.0434043404340434,-0.001,-0.021,0.019
-0.04290429042904287,-0.001,-0.021,0.019
-0.04240424042404245,-0.001,-0.021,0.019
-0.04190419041904192,-0.001,-0.021,0.019
-0.04140414041404139,-0.001,-0.021,0.019
-0.04090409040904086,-0.001,-0.021,0.019
-0.04040404040404044,-0.001,-0.021,0.019
-0.03990399039903991,-0.001,-0.021,0.019
-0.03940394039403938,-0.001,-0.021,0.019
-0.03890389038903885,-0.001,-0.021,0.019
-0.038403840384038435,-0.001,-0.021,0.019
-0.037903790379037905,-0.001,-0.021,0.019
-0.037403740374037375,-0.001,-0.021,0.019
-0.036903690369036846,-0.001,-0.021,0.019
-0.03640364036403643,-0.001,-0.021,0.019
-0.0359035903590359,-0.001,-0.021,0.019
-0.03540354035403537,-0.001,-0.021,0.019
-0.03490349034903495,-0.001,-0.021,0.019
-0.03440344034403442,-0.001,-0.021,0.019
-0.03390339033903389,-0.001,-0.021,0.019
-0.03340334033403336,-0.001,-0.021,0.019
-0.03290329032903294,-0.001,-0.021,0.019
-0.03240324032403241,-0.001,-0.021,0.019
-0.03190319031903188,-0.001,-0.021,0.019
-0.03140314031403135,-0.001,-0.021,0.019
-0.030903090309030934,-0.001,-0.021,0.019
-0.030403040304030404,-0.001,-0.021,0.019
-0.029902990299029875,-0.001,-0.021,0.019
-0.029402940294029345,-0.001,-0.021,0.019
-0.028902890289028926,-0.001,-0.021,0.019
-0.028402840284028397,-0.001,-0.021,0.019
-0.027902790279027867,-0.001,-0.021,0.019
-0.02740274027402745,-0.001,-0.021,0.019
-0.02690269026902692,-0.001,-0.021,0.019
-0.02640264026402639,-0.001,-0.021,0.019
-0.02590259025902586,-0.001,-0.021,0.019
-0.02540254025402544,-0.001,-0.021,0.019
-0.02490249024902491,-0.001,-0.021,0.019
-0.02440244024402438,-0.001,-0.021,0.019
-0.023902390239023852,-0.001,-0.021,0.019
-0.023402340234023433,-0.001,-0.021,0.019
-0.022902290229022904,-0.001,-0.021,0.019
-0.022402240224022374,-0.001,-0.021,0.019
-0.021902190219021844,-0.001,-0.021,0.019
-0.021402140214021426,-0.001,-0.021,0.019
-0.020902090209020896,-0.001,-0.021,0.019
-0.020402040204020366,-0.001,-0.021,0.019
-0.019901990199019948,-0.001,-0.021,0.019
-0.019401940194019418,-0.001,-0.021,0.019
-0.01890189018901889,-0.001,-0.021,0.019
-0.01840184018401836,-0.001,-0.021,0.019
-0.01790179017901794,-0.001,-0.021,0.019
-0.01740174017401741,-0.001,-0.021,0.019
-0.01690169016901688,-0.001,-0.021,0.019
-0.01640164016401635,-0.001,-0.021,0.019
-0.015901590159015933,-0.001,-0.021,0.019
-0.015401540154015403,-0.001,-0.021,0.019
-0.014901490149014873,-0.001,-0.021,0.019
-0.014401440144014344,-0.001,-0.021,0.019
-0.013901390139013925,-0.001,-0.021,0.019
-0.013401340134013395,-0.001,-0.021,0.019
-0.012901290129012866,-0.001,-0.021,0.019
-0.012401240124012447,-0.001,-0.021,0.019
-0.011901190119011917,-0.001,-0.021,0.019
-0.011401140114011388,-0.001,-0.021,0.019
-0.010901090109010858,-0.001,-0.021,0.019
-0.01040104010401044,-0.001,-0.021,0.019
-0.00990099009900991,-0.001,-0.021,0.019
-0.00940094009400938,-0.001,-0.021,0.019
-0.00890089008900885,-0.001,-0.021,0.019
-0.008400840084008432,-0.001,-0.021,0.019
-0.007900790079007902,-0.001,-0.021,0.019
-0.0074007400740073725,-0.001,-0.021,0.019
-0.006900690069006843,-0.001,-0.021,0.019
-0.006400640064006424,-0.001,-0.021,0.019
-0.005900590059005895,-0.001,-0.021,0.019
-0.005400540054005365,-0.001,-0.021,0.019
-0.004900490049004946,-0.001,-0.021,0.019
-0.004400440044004417,-0.001,-0.021,0.019
-0.003900390039003887,-0.001,-0.021,0.019
-0.0034003400340033574,-0.001,-0.021,0.019
-0.0029002900290029388,-0.001,-0.021,0.019
-0.002400240024002409,-0.001,-0.021,0.019
-0.0019001900190018794,-0.001,-0.021,0.019
-0.0014001400140013498,-0.001,-0.021,0.019
-0.0009000900090009312,-0.001,-0.021,0.019
-0.0004000400040004015,-0.001,-0.021,0.019
0.00010001000100001711,-0.001,-0.021,0.019
0.0006000600060005468,-0.001,-0.021,0.019
0.0011001100110010764,-0.001,-0.021,0.019
0.001600160016001606,-0.001,-0.021,0.019
0.0021002100210021357,-0.001,-0.021,0.019
0.0026002600260026654,-0.001,-0.021,0.019
0.003100310031003195,-0.001,-0.021,0.019
0.0036003600360035026,-0.001,-0.021,0.019
0.004100410041004032,-0.001,-0.021,0.019
0.004600460046004562,-0.001,-0.021,0.019
0.005100510051005092,-0.001,-0.021,0.019
0.005600560056005621,-0.001,-0.021,0.019
0.006100610061006151,-0.001,-0.021,0.019
0.0066006600660066805,-0.001,-0.021,0.019
0.00710071007100721,-0.001,-0.021,0.019
0.007600760076007518,-0.001,-0.021,0.019
0.008100810081008047,-0.001,-0.021,0.019
0.008600860086008577,-0.001,-0.021,0.019
0.009100910091009107,-0.001,-0.021,0.019
0.009600960096009636,-0.001,-0.021,0.019
0.010101010101010166,-0.001,-0.001,0.019
0.010601060106010696,-0.001,-0.001,0.019
0.011101110111011003,-0.001,-0.001,0.019
0.011601160116011533,-0.001,-0.001,0.019
0.012101210121012063,-0.001,-0.001,0.019
0.012601260126012592,-0.001,-0.001,0.019
0.013101310131013122,-0.001,-0.001,0.019
0.013601360136013652,-0.001,-0.001,0.019
0.014101410141014181,-0.001,-0.001,0.019
0.014601460146014711,-0.001,-0.001,0.019
0.015101510151015018,-0.001,-0.001,0.019
0.015601560156015548,-0.001,-0.001,0.019
0.016101610161016078,-0.001,-0.001,0.019
0.016601660166016607,-0.001,-0.001,0.019
0.017101710171017137,-0.001,-0.001,0.019
0.017601760176017667,-0.001,-0.001,0.019
0.018101810181018196,-0.001,-0.001,0.019
0.018601860186018504,-0.001,-0.001,0.019
0.019101910191019034,-0.001,-0.001,0.019
0.019601960196019563,-0.001,-0.001,0.019
0.020102010201020093,-0.00046666685272625833,-0.001,0.01986075608144873
0.020602060206020623,-0.00046667335550542026,-0.001,0.019858070149056363
0.021102110211021152,-0.0004666891173164692,-0.001,0.019855392597938285
0.021602160216021682,-0.0004667140993820869,-0.001,0.01985272340194129
0.02210221022102221,-0.000466748262925668,-0.001,0.019850062534993766
0.02260226022602252,-0.0004667915691719915,-0.001,0.019847409971105477
0.02310231023102305,-0.0004668439793478912,-0.001,0.019844765684367268
0.02360236023602358,-0.0004669054546829214,-0.001,0.01984212964895084
0.024102410241024108,-0.0004669759564100213,-0.001,0.019839501839108493
0.024602460246024638,-0.00046705544576617513,-0.001,0.01983688222917287
0.025102510251025167,-0.00046714388399307096,-0.001,0.019834270793556697
0.025602560256025697,-0.00046724123233775566,-0.001,0.019831667506752554
0.026102610261026005,-0.0004673474520532875,-0.001,0.019829072343332615
0.026602660266026534,-0.00046746250439938573,-0.001,0.019826485277948395
0.027102710271027064,-0.00046758635064307716,-0.001,0.019823906285330508
0.027602760276027594,-0.00046771895205934076,-0.001,0.019821335340288425
0.028102810281028123,-0.00046786026993174846,-0.001,0.019818772417710212
0.028602860286028653,-0.00046801026555310353,-0.001,0.019816217492562307
0.029102910291029183,-0.000468168900226076,-0.001,0.019813670539889257
0.029602960296029712,-0.0004683361352638361,-0.001,0.01981113153481348
0.03010301030103002,-0.00046851193199068354,-0.0007333334263631291,0.019808600452535026
0.03060306030603055,-0.00046869625174267434,-0.0007333366777527101,0.01980607726833133
0.03110311031103108,-0.00046888905586824634,-0.0007333445586582346,0.019803561957556972
0.03160316031603161,-0.0004690903057288396,-0.0007333570496910434,0.019801054495643438
0.03210321032103214,-0.00046929996269951554,-0.0007333741314628341,0.019798554858098873
0.03260326032603267,-0.0004695179881695729,-0.0007333957845859957,0.019796063020507855
0.0331033103310332,-0.0004697443435431602,-0.0007334219896739456,0.019793578958531146
0.033603360336033505,-0.00046997899023988696,-0.0007334527273414607,0.019791102647905453
0.034103410341034035,-0.00047022188969543044,-0.0007334879782050106,0.019788634064443204
0.034603460346034565,-0.00047047300336214043,-0.0007335277228830876,0.019786173184032287
0.035103510351035094,-0.0004707322927096411,-0.0007335719419965355,0.01978371998263585
0.035603560356035624,-0.00047099971922543067,-0.0007336206161688778,0.01978127443629203
0.036103610361036154,-0.0004712752444154765,-0.0007336737260266438,0.019778836521113743
0.03660366036603668,-0.00047155882980480935,-0.0007337312521996928,0.019776406213288446
0.03710371037103721,-0.00047185043693811373,-0.0007337931753215386,0.01977398348907789
0.03760376037603752,-0.00047215002738031574,-0.0007338594760296704,0.019771568324817915
0.03810381038103805,-0.00047245756271716846,-0.0007339301349658742,0.01976916069691819
0.03860386038603858,-0.00047277300455583326,-0.0007340051327765517,0.019766760581862004
0.03910391039103911,-0.0004730963145254608,-0.0007340844501130381,0.019764367956206026
0.03960396039603964,-0.00047342745427776623,-0.0007341680676319181,0.019761982796580077
0.04010401040104017,-0.00047376638548760357,-0.0007342559659953417,0.019759605079686902
0.0406040604060407,-0.0004741130698535372,-0.0007343481258713371,0.019757234782301954
0.041104110411041006,-0.0004744674690984093,-0.0007344445279341232,0.01975487188127314
0.041604160416041536,-0.0004748295449699066,-0.0007345451528644198,0.019752516353520624
0.042104210421042065,-0.00047519925924112156,-0.0007346499813497577,0.019750168176036587
0.042604260426042595,-0.00047557657371111335,-0.0007347589940847865,0.019747827325885
0.043104310431043125,-0.00047596145020546525,-0.0007348721717715802,0.019745493780201403
0.043604360436043654,-0.000476353850576838,-0.0007349894951199434,0.019743167516192695
0.044104410441044184,-0.00047675373670552233,-0.0007351109448477152,0.019740848511136885
0.044604460446044714,-0.00047716107049998707,-0.0007352365016810702,0.019738536742382896
0.04510451045104502,-0.0004775758138974255,-0.0007353661463548205,0.019736232187350322
0.04560456045604555,-0.00047799792886429947,-0.0007354998596127153,0.019733934823529226
0.04610461046104608,-0.0004784273773968779,-0.0007356376222077383,0.01973164462847991
0.04660466046604661,-0.00047886412152177687,-0.0007357794149024047,0.019729361579832693
0.04710471047104714,-0.00047930812329649315,-0.0007359252184690569,0.019727085655287697
0.04760476047604767,-0.0004797593448099364,-0.0007360750136901578,0.01972481683261464
0.0481048104810482,-0.0004802177481829596,-0.0007362287813585842,0.019722555089652597
0.04860486048604851,-0.0004806832955688849,-0.0007363865022779166,0.019720300404309797
0.049104910491049036,-0.00048115594915402733,-0.0007365481572627305,0.019718052754563408
0.049604960496049566,-0.00048163567115821766,-0.0007367137271388831,0.019715812118459315
0.050105010501050096,-0.0004821224238353184,-0.0007368831927438018,0.019713578474111915
0.050605060506050625,-0.00048261616947374195,-0.0007370565349267686,0.01971135179970389
0.051105110511051155,-0.00048311687039696177,-0.0007372337345492047,0.019709132073486006
0.051605160516051685,-0.000483624488964023,-0.0007374147724849533,0.0197069192737769
0.052105210521052214,-0.00048413898757005075,-0.0007375996296205608,0.019704713378962853
0.05260526052605252,-0.00048466032864675373,-0.0007377882868555567,0.0197025143674976
0.05310531053105305,-0.0004851884746629269,-0.0007379807251027327,0.01970032221790211
0.05360536053605358,-0.0004857233881249502,-0.000738176925288419,0.019698136908764364
0.05410541054105411,-0.0004862650315772865,-0.0007383768683527612,0.019695958418739175
0.05460546054605464,-0.00048681336760297324,-0.0007385805352499936,0.019693786726547948
0.05510551055105517,-0.000487368358824115,-0.0007387879069487128,0.019691621810978496
0.0556055605560557,-0.00048792996790237143,-0.0007389989644321497,0.019689463650884816
0.05610561056105601,-0.0004884981575394426,-0.000739213688698439,0.019687312225186892
0.05660566056605654,-0.000489072890477553,-0.0007394320607608884,0.019685167512870493
0.05710571057105707,-0.0004896541294999303,-0.0007396540616482466,0.019683029492986948
0.057605760576057596,-0.0004902418374312834,-0.0007398796724049682,0.019680898144652972
0.058105810581058126,-0.0004908359771382781,-0.0007401088740914798,0.01967877344705043
0.058605860586058656,-0.0004914365115300077,-0.0007403416477844425,0.01967665537942616
0.059105910591059185,-0.0004920434035584636,-0.0007405779745770137,0.019674543921091747
0.059605960596059715,-0.0004926566162190009,-0.0007408178355791089,0.019672439051423345
0.06010601060106002,-0.0004932761125508033,-0.02147571898274128,0.019670340749861452
0.06060606060606055,-0.0004939018556373439,-0.02147423453313593,0.01966824899591073
0.06110611061106108,-0.0004945338086068438,-0.02147275471565734,0.019666163769139797
0.06160616061606161,-0.0004951719346327292,-0.021471279515851267,0.01966408504918101
0.06210621062106214,-0.000495816196934082,-0.02146980891930857,0.019662012815730295
0.06260626062606267,-0.0004964665587760929,-0.021468342911665068,0.019659947048546938
0.0631063106310632,-0.0004971229834705083,-0.021466881478601405,0.019657887727453374
0.06360636063606351,-0.0004977854343760751,-0.02146542460584291,0.01965583483233501
0.06410641064106404,-0.0004984538748989839,-0.02146397227915945,0.019653788343140015
0.06460646064606457,-0.0004991282684933089,-0.0214625244843653,0.019651748239879127
0.0651065106510651,-0.000499808578661444,-0.021461081207319,0.019649714502625464
0.06560656065606563,-0.0005004947689545393,-0.02145964243392321,0.01964768711151432
0.06610661066106616,-0.0005011868029729312,-0.021458208150124596,0.019645666046742977
0.06660666066606669,-0.0005018846443665722,-0.021456778341913663,0.01964365128857051
0.06710671067106722,-0.0005025882568354578,-0.021455352995324636,0.019641642817317596
0.06760676067606752,-0.0005032976041300503,-0.021453932096435317,0.019639640613366316
0.06810681068106805,-0.0005040126500516999,-0.021452515631366957,0.019637644657159975
0.06860686068606858,-0.0005047333584530631,-0.021451103586284107,0.019635654929202894
0.06910691069106911,-0.0005054596932385203,-0.0214496959473945,0.019633671410060234
0.06960696069606964,-0.0005061916183645869,-0.021448292700948897,0.019631694080357802
0.07010701070107017,-0.0005069290978403256,-0.02144689383324097,0.019629722920781856
0.0706070607060707,-0.0005076720957277541,-0.021445499330607156,0.01962775791207893
0.07110711071107101,-0.0005084205761422505,-0.021444109179426532,0.019625799035055628
0.07160716071607154,-0.0005091745032529569,-0.021442723366120676,0.01962384627057845
0.07210721072107207,-0.0005099338412831787,-0.021441341877153533,0.019621899599573597
0.0726072607260726,-0.0005106985545107825,-0.021439964699031294,0.0196199590030268
0.07310731073107313,-0.0005114686072685928,-0.021438591818302252,0.01961802446198311
0.07360736073607366,-0.0005122439639447814,-0.021437223221556678,0.019616095957546726
0.07410741074107419,-0.0005130245889832605,-0.02143585889542668,0.019614173470880823
0.07460746074607472,-0.0005138104468840678,-0.021434498826586088,0.01961225698320734
0.07510751075107502,-0.0005146015022037521,-0.02143314300175031,0.01961034647580682
0.07560756075607555,-0.0005153977195557552,-0.021431791407676214,0.019608441930018216
0.07610761076107608,-0.0005161990636107915,-0.021430444031161986,0.019606543327238716
0.07660766076607661,-0.0005170054990972261,-0.02142910085904701,0.01960465064892355
0.07710771077107714,-0.0005178169908014467,-0.021427761878211733,0.01960276387658582
0.07760776077607767,-0.0005186335035682374,-0.021426427075577546,0.019600882991796315
0.0781078107810782,-0.0005194550023011478,-0.021425096438106653,0.01959900797618333
0.07860786078607851,-0.0005202814519628589,-0.02142376995280193,0.019597138811432487
0.07910791079107904,-0.0005211128175755479,-0.021422447606706824,0.01959527547928656
0.07960796079607957,-0.0005219490642212497,-0.021421129386905203,0.01959341796154529
0.0801080108010801,-0.0005227901570422156,-0.02141981528052124,0.01959156624006521
0.08060806080608063,-0.0005236360612412706,-0.021418505274719286,0.019589720296759473
0.08110811081108116,-0.000524486742082167,-0.02141719935670375,0.019587880113597668
0.08160816081608169,-0.000525342164889935,-0.021415897513718966,0.019586045672605648
0.08210821082108222,-0.0005262022950512329,-0.021414599733049065,0.01958421695586535
0.08260826082608252,-0.0005270670980146931,-0.02141330600201787,0.019582393945514625
0.08310831083108305,-0.0005279365392912656,-0.02141201630798874,0.019580576623747067
0.08360836083608358,-0.0005288105844545594,-0.021410730638364486,0.019578764972811823
0.08410841084108411,-0.0005296891991411828,-0.021409448980587217,0.019576958975013437
0.08460846084608464,-0.000530572349051077,-0.02140817132213823,0.019575158612711672
0.08510851085108517,-0.0005314599999478524,-0.02140689765053788,0.019573524036558137
0.0856085608560857,-0.0005323521176591189,-0.02140562795334548,0.01957272794875421
0.08610861086108601,-0.0005332486680768146,-0.021404362218159147,0.019571932965970734
0.08660866086608654,-0.000534149617157533,-0.0214031004326157,0.019571139086673874
0.08710871087108707,-0.0005350549309228461,-0.02140184258439055,0.019570346309331924
0.0876087608760876,-0.0005359645754596251,-0.021400588661197546,0.019569554632415293
0.08810881088108813,-0.0005368785169203626,-0.02139933865078889,0.019568764054396528
0.08860886088608866,-0.000537796721523485,-0.021398092540954993,0.019567974573750282
0.08910891089108919,-0.0005387191555536685,-0.021396850319524374,0.01956718618895334
0.08960896089608972,-0.0005396457853621507,-0.021395611974363526,0.019566398898484584
0.09010901090109003,-0.0005405765773670395,-0.021394377493376807,0.019565612700825026
0.09060906090609055,-0.0005415114980536193,-0.021393146864506316,0.019564827594457775
0.09110911091109108,-0.0005424505139746557,-0.02139192007573178,0.019564043577868045
0.09160916091609161,-0.0005433935917506979,-0.021390697115070433,0.019563260649543158
0.09210921092109214,-0.000544340698070376,-0.0213894779705769,0.01956247880797253
0.09260926092609267,-0.0005452917996906998,-0.021388262630343085,0.01956169805164768
0.0931093109310932,-0.0005462468634373524,-0.021387051082498044,0.01956091837906222
0.09360936093609351,-0.0005472058562049824,-0.021385843315207882,0.019560139788711847
0.09410941094109404,-0.0005481687449574936,-0.021384639316675627,0.019559362279094352
0.09460946094609457,-0.0005491354967283326,-0.021383439075141116,0.019558585848709606
0.0951095109510951,-0.000550106078620772,-0.021382349357705426,0.01955781049605957
0.09560956095609563,-0.0005510804578081957,-0.021381818632502807,0.019557036219648275
0.09610961096109616,-0.0005520586015343763,-0.021381288643980492,0.01955626301798184
0.09660966096609669,-0.0005530404771137533,-0.021380759391115917,0.01955549088956844
0.09710971097109722,-0.0005540260519317095,-0.02138023087288795,0.019554719832918344
0.09760976097609753,-0.0005550152934448425,-0.021379703088276865,0.019553949846543867
0.09810981098109806,-0.0005560081691812361,-0.021379176036264352,0.019553180928959406
0.09860986098609859,-0.0005570046467407273,-0.021378649715833524,0.019552413078681406
0.09910991099109911,-0.0005580046937951747,-0.021378124125968893,0.01955164629422838
0.09960996099609964,-0.0005590082780887181,-0.021377599265656393,0.019550880574120896
0.10011001100110017,-0.0005600153674380423,-0.02137707513388335,0.019550115916881574
0.1006100610061007,-0.000561025929732635,-0.021376551729638517,0.019549352321035086
0.10111011101110101,-0.0005620399329350429,-0.02137602905191203,0.01954858978510815
0.10161016101610154,-0.0005630573450811261,-0.021375507099695438,0.019547828307629533
0.10211021102110207,-0.0005640781342803093,-0.021374985871981687,0.01954706788713004
0.1026102610261026,-0.0005651022687158315,-0.021374465367765123,0.019546308522142515
0.10311031103110313,-0.0005661297166449941,-0.02137394558604148,0.019545550211201846
0.10361036103610366,-0.0005671604463994033,-0.021373426525807898,0.01954479295284494
0.10411041104110419,-0.0005681944263852138,-0.0213729081860629,0.01954403674561075
0.10461046104610472,-0.0005692316250833692,-0.021372390565806407,0.019543281588040255
0.10511051105110503,-0.0005702720110498394,-0.021371873664039715,0.019542527478676443
0.10561056105610556,-0.0005713155529158559,-0.02137135747976552,0.019541774416064348
0.10611061106110609,-0.0005723622193881447,-0.021370842011987894,0.019541022398751006
0.10661066106610662,-0.0005734119792491594,-0.021370327259712295,0.019540271425285475
0.10711071107110715,-0.0005744648013573068,-0.021369813221945564,0.019539521494218833
0.10761076107610767,-0.0005755206546471748,-0.021369299897695915,0.019538772604104162
0.1081108110811082,-0.0005765795081297568,-0.02136878728597294,0.01953802475349655
0.10861086108610851,-0.0005776413308926727,-0.021368275385787606,0.019537277940953102
0.10911091109110904,-0.0005787060921003894,-0.021367764196152255,0.019536532165032917
0.10961096109610957,-0.0005797737609944372,-0.0213672537160806,0.019535787424297093
0.1101110111011101,-0.0005808443068936249,-0.021366743944587718,0.01953504371730873
0.11061106110611063,-0.0005819176991942551,-0.02136623488069006,0.019534301042632925
0.11111111111111116,-0.0005829939073703304,-0.021365726523405435,0.019533559398836758
0.11161116111611169,-0.0005840729009737656,-0.021365218871753022,0.0195328187844893
0.11211121112111222,-0.0005851546496345916,-0.021364711924753362,0.019532079198161616
0.11261126112611253,-0.0005862391230611611,-0.021364205681428345,0.01953134063842675
0.11311131113111306,-0.0005873262910403489,-0.02136370014080123,0.01953060310385972
0.11361136113611359,-0.0005884161234377514,-0.021363195301896627,0.019529866593037532
0.11411141114111412,-0.0005895085901978862,-0.021362691163740503,0.019529131104539164
0.11461146114611465,-0.0005906036613443839,-0.02136218772536017,0.019528396636945562
0.11511151115111518,-0.0005917013069801835,-0.021361684985784297,0.01952766318883965
0.1156115611561157,-0.0005928014972877221,-0.0213611829440429,0.01952693075880631
0.11611161116111601,-0.0005939042025291236,-0.021360681599167337,0.019526199345432392
0.11661166116611654,-0.0005950093930463852,-0.021360180950190318,0.019525468947306713
0.11711171117111707,-0.0005961170392615623,-0.02135968099614589,0.01952473956302004
0.1176117611761176,-0.0005972271116769487,-0.021359181736069443,0.019524011191165102
0.11811181118111813,-0.0005983395808752598,-0.0213586831689977,0.01952328383033658
0.11861186118611866,-0.0005994544175198066,-0.021358185293968737,0.019522557479131102
0.11911191119111919,-0.0006005715923546737,-0.021357688110021946,0.01952183213614725
0.11961196119611972,-0.0006016910762048924,-0.021357191616198066,0.019521107799985546
0.12011201120112003,-0.0006028128399766119,-0.021356695811539157,0.019520384469248458
0.12061206120612056,-0.0006039368546572681,-0.021356200695088617,0.019519662142540393
0.12111211121112109,-0.0006050630913157515,-0.021355706265891172,0.0195189408184677
0.12161216121612162,-0.0006061915211025726,-0.02135521252299287,0.019518220495638644
0.12211221122112215,-0.0006073221152500233,-0.02135471946544108,0.019517501172663446
0.12261226122612268,-0.0006084548450723381,-0.021354227092284503,0.019516782848154245
0.1231123112311232,-0.0006095896819658545,-0.021353735402573147,0.0195160655207251
0.12361236123612351,-0.0006107265974091671,-0.021353244395358358,0.01951534918899201
0.12411241124112404,-0.0006118655629632841,-0.021352754069692777,0.019514633851572878
0.12461246124612457,-0.0006130065502717793,-0.02135226442463038,0.019513919507087536
0.1251125112511251,-0.0006141495310609409,-0.021351775459226435,0.01951320615415773
0.12561256125612563,-0.0006152944771399234,-0.02135128717253754,0.019512493791407116
0.12611261126112616,-0.0006164413604008898,-0.021350799563621597,0.019511782417461262
0.1266126612661267,-0.0006175901528191583,-0.02135031263153781,0.019511072030947645
0.12711271127112722,-0.0006187408264533435,-0.021349826375346697,0.019510362630495645
0.12761276127612753,-0.0006198933534454974,-0.02134934079411007,0.019509654214736546
0.12811281128112806,-0.0006210477060212462,-0.021348855886891054,0.019508946782303534
0.1286128612861286,-0.0006222038564899274,-0.02134837165275407,0.01950824033183169
0.12911291129112912,-0.0006233617772447243,-0.021347888090764836,0.019507534861957988
0.12961296129612965,-0.000624521440762796,-0.021347405199990364,0.019506830371321296
0.13011301130113018,-0.0006256828196054092,-0.021346922979498976,0.01950612685856237
0.1306130613061307,-0.0006268458864180657,-0.021346441428360265,0.019505424322323852
0.13111311131113101,-0.000628010613930628,-0.021345960545645134,0.019504722761250273
0.13161316131613154,-0.0006291769749574439,-0.021345480330425763,0.01950402217398804
0.13211321132113207,-0.0006303449423974685,-0.021345000781775633,0.01950332255918544
0.1326132613261326,-0.0006315144892343828,-0.021344521898769498,0.019502623915492644
0.13311331133113313,-0.0006326855885367153,-0.021344043680483402,0.01950192624156168
0.13361336133613366,-0.0006338582134579535,-0.021343566125994674,0.019501229536046463
0.1341134113411342,-0.0006350323372366616,-0.02134308923438192,0.01950053379760277
0.13461346134613472,-0.0006362079331965907,-0.021342613004725026,0.019499839024888242
0.13511351135113503,-0.0006373849747467902,-0.021342137436105156,0.01949914521656239
0.13561356135613556,-0.0006385634353817153,-0.021341662527604745,0.019498452371286574
0.1361136113611361,-0.0006397432886813332,-0.02134118827830751,0.019497760487724027
0.13661366136613662,-0.0006409245083112298,-0.02134071468729843,0.019497069564539827
0.13711371137113715,-0.0006421070680227086,-0.021340241753663763,0.019496379600400904
0.13761376137613768,-0.0006432909416528934,-0.021339769476491032,0.01949569059397605
0.1381138113811382,-0.0006444761031248271,-0.021339297854869026,0.019495002543935887
0.13861386138613851,-0.0006456625264475674,-0.021338826887887796,0.0194943154489529
0.13911391139113904,-0.0006468501857162826,-0.02133835657463866,0.019493629307701408
0.13961396139613957,-0.0006480390551123439,-0.021337886914214198,0.019492944118857568
0.1401140114011401,-0.000649229108903417,-0.021337417905708245,0.019492259881099382
0.14061406140614063,-0.0006504203214435515,-0.0213369495482159,0.01949157659310668
0.14111411141114116,-0.0006516126671732669,-0.021336481840833515,0.019490894253561125
0.1416141614161417,-0.0006528061206196396,-0.021336014782658695,0.019490212861146213
0.14211421142114222,-0.0006540006563963852,-0.021335548372790294,0.019489532414547272
0.14261426142614253,-0.0006551962492039414,-0.02133508261032843,0.019488852912451445
0.14311431143114306,-0.0006563928738295469,-0.021334617494374455,0.0194881743535477
0.1436143614361436,-0.0006575905051473196,-0.021334153024030977,0.01948749673652683
0.14411441144114412,-0.0006587891181183347,-0.02133368919840185,0.01948682006008144
0.14461446144614465,-0.0006599886877906957,-0.021333226016592162,0.01948614432290595
0.14511451145114518,-0.0006611891892996094,-0.02133276347770826,0.019485469523696595
0.1456145614561457,-0.0006623905978674555,-0.021332301580857718,0.01948479566115142
0.14611461146114602,-0.0006635928888038566,-0.021331840325149353,0.019484122733970273
0.14661466146614655,-0.000664796037505744,-0.02133137970969322,0.01948345074085481
0.14711471147114707,-0.0006660000194574238,-0.021330919733600604,0.019482779680508492
0.1476147614761476,-0.0006672048102306401,-0.021330460395984033,0.019482109551636574
0.14811481148114813,-0.0006684103854846381,-0.02133000169595726,0.019481440352946106
0.14861486148614866,-0.0006696167209662212,-0.02132954363263527,0.019480772083145942
0.1491149114911492,-0.000670823792509812,-0.021329086205134275,0.019480104740946722
0.14961496149614972,-0.0006720315760375067,-0.021328629412571715,0.01947943832506088
0.15011501150115003,-0.000673240047559131,-0.021328173254066256,0.019478772834202625
0.15061506150615056,-0.0006744491831722926,-0.02132771772873779,0.01947810826708797
0.1511151115111511,-0.0006756589590624317,-0.021327262835707416,0.019477444622434694
0.15161516151615162,-0.0006768693515028727,-0.021326808574097477,0.01947678189896237
0.15211521152115215,-0.0006780803368548685,-0.021326354943031516,0.019476120095392326
0.15261526152615268,-0.0006792918915676486,-0.021325901941634296,0.01947545921044769
0.1531153115311532,-0.0006805039921784632,-0.0213254495690318,0.019474799242853353
0.15361536153615352,-0.0006817166153126249,-0.02132499782435122,0.019474140191335965
0.15411541154115405,-0.0006829297376835502,-0.02132454670672096,0.019473482054623962
0.15461546154615458,-0.0006841433360927982,-0.021324096215270635,0.019472824831447532
0.1551155115511551,-0.0006853573874301078,-0.021323646349131066,0.01947216852053863
0.15561556155615563,-0.0006865718686734349,-0.021323197107434282,0.019471513120630973
0.15611561156115616,-0.0006877867568889841,-0.021322748489313516,0.019470858630460032
0.1566156615661567,-0.0006890020292312424,-0.02132230049390321,0.01947020504876303
0.15711571157115722,-0.0006902176629430094,-0.021321853120338997,0.019469552374278953
0.15761576157615753,-0.0006914336353554271,-0.021321406367757718,0.019468900605748532
0.15811581158115806,-0.0006926499238880063,-0.021320960235297406,0.019468249741914242
0.1586158615861586,-0.000693866506048652,-0.021320514722097297,0.01946759978152031
0.15911591159115912,-0.0006950833594336899,-0.021320069827297818,0.0194669507233127
0.15961596159615965,-0.0006963004617278855,-0.021319625550040588,0.019466302566039127
0.16011601160116018,-0.0006975177907044665,-0.02131918188946842,0.019465655308449032
0.1606160616061607,-0.0006987353242251418,-0.021318738844725314,0.019465008949293598
0.16111611161116102,-0.0006999530402401196,-0.021318296414956465,0.019464363487325737
0.16161616161616155,-0.0007011709167881224,-0.021317854599308246,0.019463718921300104
0.16211621162116208,-0.0007023889319964011,-0.02131741339692822,0.01946307524997307
0.1626162616261626,-0.0007036070640807487,-0.02131697280696513,0.019462432472102734
0.16311631163116314,-0.0007048252913455117,-0.021316532828568904,0.019461790586448924
0.16361636163616367,-0.0007060435921835976,-0.021316093460890646,0.019461149591773187
0.1641164116411642,-0.0007072619450764848,-0.021315654703082644,0.019460509486838785
0.16461646164616472,-0.0007084803285942275,-0.02131521655429836,0.01945987027041071
0.16511651165116503,-0.0007096987213954622,-0.021314779013692425,0.019459231941255647
0.16561656165616556,-0.0007109171022274094,-0.02131434208042065,0.01945859449814201
0.1661166116611661,-0.0007121354499258754,-0.021313905753640023,0.01945795793983992
0.16661666166616662,-0.0007133537434152546,-0.021313470032508688,0.0194573222651212
0.16711671167116715,-0.0007145719617085244,-0.021313034916185972,0.019456687472759377
0.16761676167616768,-0.0007157900839072453,-0.021312600403832357,0.019456053561529688
0.1681168116811682,-0.0007170080892015549,-0.021312166494609496,0.01945542053020906
0.16861686168616852,-0.0007182259568701621,-0.021311733187680208,0.019454788377576134
0.16911691169116905,-0.0007194436662803403,-0.02131130048220847,0.019454157102411225
0.16961696169616958,-0.0007206611968879175,-0.021310868377359418,0.019453526703496357
0.1701170117011701,-0.0007218785282372656,-0.021310436872299356,0.019452897179615236
0.17061706170617064,-0.0007230956399612905,-0.021310005966195734,0.01945226852955326
0.17111711171117117,-0.0007243125117814156,-0.021309575658217162,0.01945164075209752
0.1716171617161717,-0.000725529123507568,-0.021309145947533404,0.01945101384603677
0.17211721172117223,-0.0007267454550381627,-0.02130871683331538,0.01945038781016147
0.17261726172617253,-0.0007279614863600838,-0.021308288314735156,0.01944976264326374
0.17311731173117306,-0.0007291771975486653,-0.021307860390965952,0.01944913834413739
0.1736173617361736,-0.0007303925687676697,-0.021307433061182126,0.019448514911577893
0.17411741174117412,-0.000731607580269268,-0.021307006324559192,0.0194478923443824
0.17461746174617465,-0.0007328222123940123,-0.021306580180273805,0.019447270641349733
0.17511751175117518,-0.0007340364455708126,-0.021306154627503765,0.019446649801280375
0.1756175617561757,-0.0007352502603169107,-0.021305729665428007,0.019446029822976482
0.17611761176117602,-0.0007364636372378505,-0.021305305293226613,0.019445410705241868
0.17661766176617655,-0.0007376765570274498,-0.0213048815100808,0.01944479244688201
0.17711771177117708,-0.0007388890004677687,-0.021304458315172917,0.019444175046704038
0.1776177617761776,-0.0007401009484290769,-0.02130403570768646,0.019443558503516742
0.17811781178117814,-0.000741312381869822,-0.02130361368680604,0.019442942816130564
0.17861786178617867,-0.0007425232818365915,-0.021303192251717423,0.019442327983357596
0.1791179117911792,-0.0007437336294640781,-0.021302771401607485,0.019441714004011585
0.17961796179617973,-0.0007449434059750412,-0.021302351135664237,0.019441100876907917
0.18011801180118003,-0.0007461525926802681,-0.021301931453076826,0.01944048860086363
0.18061806180618056,-0.0007473611709785328,-0.02130151235303551,0.019439877174697393
0.1811181118111811,-0.0007485691223565535,-0.02130109383473168,0.019439266597229523
0.18161816181618162,-0.0007497764283889521,-0.02130067589735785,0.019438656867281974
0.18211821182118215,-0.0007509830707382053,-0.02130025854010765,0.019438047983678337
0.18261826182618268,-0.0007521890311546014,-0.02129984176217583,0.01943743994524383
0.1831183118311832,-0.0007533942914761918,-0.02129942556275826,0.0194368327508053
0.18361836183618352,-0.0007545988336287426,-0.021299009941051928,0.019436226399191233
0.18411841184118405,-0.000755802639625685,-0.021298594896254935,0.019435620889231734
0.18461846184618458,-0.0007570056915680625,-0.02129818042756649,0.019435016219758534
0.1851185118511851,-0.0007582079716444797,-0.02129776653418692,0.01943441238960498
0.18561856185618564,-0.0007594094621310484,-0.021297353215317658,0.019433809397606045
0.18611861186118617,-0.000760610145391331,-0.021296940470161247,0.01943320724259832
0.1866186618661867,-0.0007618100038762842,-0.021296528297921342,0.01943260592342001
0.18711871187118723,-0.0007630090201242021,-0.021296116697802694,0.01943200543891092
0.18761876187618753,-0.0007642071767606565,-0.02129570566901116,0.019431405787912488
0.18811881188118806,-0.0007654044564984362,-0.02129529521075371,0.01943080696926774
0.1886188618861886,-0.0007666008421374853,-0.0212948853222384,0.01943020898182132
0.18911891189118912,-0.0007677963165648417,-0.02129447600267439,0.019429611824419473
0.18961896189618965,-0.0007689908627545709,-0.021294067251271948,0.01942901549591004
0.19011901190119018,-0.0007701844637677011,-0.02129365906724242,0.019428419995142467
0.1906190619061907,-0.0007713771027521572,-0.021293251449798264,0.0194278253209678
0.19111911191119102,-0.0007725687629426926,-0.021292844398153016,0.01942723147223867
0.19161916191619155,-0.0007737594276608195,-0.021292437911521318,0.019426638447809313
0.19211921192119208,-0.0007749490803147391,-0.021292031989118894,0.01942604624653554
0.1926192619261926,-0.0007761377043992692,-0.021291626630162555,0.019425454867274768
0.19311931193119314,-0.0007773252834957738,-0.0212912218338702,0.01942486430888598
0.19361936193619367,-0.0007785118012720854,-0.021290817599460825,0.01942427457022976
0.1941194119411942,-0.0007796972414824328,-0.02129041392615449,0.01942368565016827
0.19461946194619473,-0.0007808815879673629,-0.021290010813172357,0.01942309754756524
0.19511951195119503,-0.000782064824653664,-0.021289608259736654,0.019422510261285993
0.19561956195619556,-0.0007832469355542873,-0.0212892062650707,0.01942192379019742
0.1961196119611961,-0.0007844279047682651,-0.021288804828398882,0.019421338133167976
0.19661966196619662,-0.0007856077164806334,-0.021288403948946672,0.019420753289067706
0.19711971197119715,-0.0007867863549623454,-0.021288003625940615,0.019420169256768205
0.19761976197619768,-0.0007879638045701907,-0.021287603858608325,0.019419586035142645
0.1981198119811982,-0.0007891400497467099,-0.021287204646178493,0.019419003623065756
0.19861986198619852,-0.0007903150750201091,-0.02128680598788088,0.01941842201941384
0.19911991199119905,-0.000791488865004173,-0.021286407882946317,0.019417841223064745
0.19961996199619958,-0.0007926614043981767,-0.021286010330606696,0.019417261232897887
0.2001200120012001,-0.0007938326779867965,-0.02128561333009498,0.01941668204779423
0.20062006200620064,-0.0007950026706400217,-0.021285216880645202,0.019416103666636302
0.20112011201120117,-0.0007961713673130597,-0.02128482098149245,0.01941552608830817
0.2016201620162017,-0.0007973387530462461,-0.021284425631872876,0.019414949311695455
0.20212021202120223,-0.0007985048129649506,-0.021284030831023697,0.019414373335685325
0.20262026202620254,-0.0007996695322794822,-0.02128363657818318,0.019413798159166495
0.20312031203120307,-0.0008008328962849939,-0.021283242872590653,0.01941322378102922
0.2036203620362036,-0.0008019948903613848,-0.02128284971348651,0.019412650200165294
0.20412041204120412,-0.0008031554999732046,-0.02128245710011218,0.019412077415468056
0.20462046204620465,-0.000804314710669552,-0.02128206503171016,0.01941150542583237
0.20512051205120518,-0.0008054725080839759,-0.021281673507523996,0.019410934230154636
0.2056205620562057,-0.0008066288779343747,-0.02128128252679828,0.019410363827332803
0.20612061206120602,-0.0008077838060228938,-0.021280892088778654,0.019409794216266325
0.20662066206620655,-0.0008089372782358225,-0.021280502192711805,0.019409225395856204
0.20712071207120708,-0.0008100892805434898,-0.02128011283784547,0.019408657365004953
0.2076207620762076,-0.0008112397990001588,-0.02127972402342843,0.019408090122616614
0.20812081208120814,-0.0008123888197439226,-0.021279335748710507,0.019407523667596755
0.20862086208620867,-0.0008135363289965938,-0.021278948012942563,0.019406957998852455
0.2091209120912092,-0.0008146823130635983,-0.021278560815376497,0.01940639311529231
0.20962096209620973,-0.0008158267583338659,-0.02127817415526526,0.019405829015826444
0.21012101210121004,-0.0008169696512797195,-0.021277788031862824,0.019405265699366476
0.21062106210621057,-0.0008181109784567642,-0.021277402444424203,0.019404703164825548
0.2111211121112111,-0.0008192507265037748,-0.021277017392205447,0.019404141411118306
0.21162116211621163,-0.0008203888821425836,-0.021276632874463637,0.0194035804371609
0.21212121212121215,-0.0008215254321779647,-0.021276248890456886,0.019403020241870995
0.21262126212621268,-0.0008226603634975194,-0.021275865439444333,0.019402460824167744
0.21312131213121321,-0.0008237936630715605,-0.02127548252068615,0.01940190218297181
0.21362136213621352,-0.0008249253179529951,-0.021275100133443532,0.019401344317205353
0.21412141214121405,-0.0008260553152772058,-0.021274718276978705,0.019400787225792027
0.21462146214621458,-0.0008271836422619331,-0.021274336950554914,0.01940023090765698
0.2151215121512151,-0.0008283102862071536,-0.021273956153436427,0.019399675361726848
0.21562156215621564,-0.000829435234494962,-0.021273575884888537,0.019399120586929768
0.21612161216121617,-0.0008305584745894462,-0.021273196144177553,0.019398566582195357
0.2166216621662167,-0.0008316799940365663,-0.021272816930570804,0.019398013346454718
0.21712171217121723,-0.0008327997804640306,-0.021272438243336637,0.01939746087864044
0.21762176217621754,-0.0008339178215811714,-0.021272060081744412,0.01939690917768659
0.21812181218121807,-0.0008350341051788191,-0.021271682445064503,0.01939635824252872
0.2186218621862186,-0.000836148619129176,-0.021271305332568304,0.019395808072103855
0.21912191219121913,-0.00083726135138569,-0.02127092874352821,0.019395258665350495
0.21962196219621966,-0.0008383722899829251,-0.02127055267721763,0.019394710021208617
0.22012201220122019,-0.0008394814230364327,-0.021270177132910986,0.01939416213861967
0.22062206220622071,-0.0008405887387426225,-0.0212698021098837,0.01939361501652657
0.22112211221122102,-0.0008416942253786312,-0.021269427607412204,0.019393068653873698
0.22162216221622155,-0.0008427978713021909,-0.021269053624773937,0.0193925230496069
0.22212221222122208,-0.0008438996649514972,-0.021268680161247333,0.019391978202673497
0.2226222622262226,-0.000844999594845075,-0.02126830721611183,0.01939143411202225
0.22312231223122314,-0.0008460976495816459,-0.021267934788647875,0.019390890776603404
0.22362236223622367,-0.0008471938178399911,-0.021267562878136904,0.01939034819536864
0.2241224122412242,-0.0008482880883788173,-0.02126719148386135,0.019389806367271105
0.22462246224622473,-0.0008493804500366192,-0.021266820605104653,0.019389265291265396
0.22512251225122504,-0.0008504708917315426,-0.021266450241151234,0.019388724966307565
0.22562256225622557,-0.0008515594024612457,-0.021266080391286513,0.019388185391355107
0.2261226122612261,-0.0008526459713027599,-0.021265711054796906,0.019387646565366963
0.22662266226622663,-0.0008537305874123511,-0.021265342230969812,0.01938710848730353
0.22712271227122716,-0.0008548132400253775,-0.021264973919093627,0.019386571156126638
0.22762276227622769,-0.0008558939184561485,-0.021264606118457728,0.01938603457079956
0.22812281228122822,-0.0008569726120977834,-0.02126423882835248,0.019385498730287012
0.22862286228622852,-0.0008580493104220669,-0.021263872048069236,0.01938496363355514
0.22912291229122905,-0.0008591240029793066,-0.02126350577690033,0.019384429279571534
0.22962296229622958,-0.0008601966793981877,-0.021263140014139082,0.01938389566730521
0.2301230123012301,-0.0008612673293856273,-0.021262774759079783,0.019383362795726614
0.23062306230623064,-0.0008623359427266303,-0.021262410011017713,0.019382830663807627
0.23112311231123117,-0.0008634025092841395,-0.021262045769249133,0.019382299270521555
0.2316231623162317,-0.0008644670189988901,-0.02126168203307127,0.01938176861484313
0.23212321232123223,-0.0008655294618892611,-0.021261318801782333,0.019381238695748502
0.23262326232623254,-0.0008665898280511254,-0.021260956074681505,0.01938070951221525
0.23312331233123307,-0.000867648107657701,-0.02126059385106894,0.019380181063222365
0.2336233623362336,-0.0008687042909593992,-0.021260232130245763,0.01937965334775026
0.23412341234123413,-0.0008697583682836758,-0.021259870911514073,0.01937912636478076
0.23462346234623466,-0.0008708103300348759,-0.021259510194176934,0.019378600113297107
0.2351235123512352,-0.0008718601666940834,-0.021259149977538378,0.01937807459228395
0.23562356235623572,-0.000872907868818967,-0.021258790260903406,0.01937754980072735
0.23612361236123602,-0.0008739534270436262,-0.02125843104357798,0.019377025737614774
0.23662366236623655,-0.0008749968320784365,-0.021258072324869023,0.0193765024019351
0.23712371237123708,-0.0008760380747098941,-0.02125771410408443,0.019375979792678598
0.2376237623762376,-0.0008770771458004589,-0.021257356380533044,0.019375457908836952
0.23812381238123814,-0.0008781140362884004,-0.021256999153524678,0.01937493674940324
0.23862386238623867,-0.0008791487371876364,-0.021256642422370096,0.019374416313371935
0.2391239123912392,-0.0008801812395875775,-0.021256286186381024,0.019373896599738906
0.23962396239623973,-0.0008812115346529675,-0.02125593044487014,0.019373377607501425
0.24012401240124004,-0.0008822396136237244,-0.021255575197151075,0.019372859335658146
0.24062406240624057,-0.0008832654678147796,-0.02125522044253842,0.019372341783209113
0.2411241124112411,-0.0008842890886159172,-0.021254866180347706,0.019371824949155767
0.24162416241624163,-0.0008853104674916148,-0.021254512409895423,0.019371308832500926
0.24212421242124216,-0.000886329595980878,-0.021254159130499002,0.019370793432248797
0.2426242624262427,-0.00088734646569708,-0.021253806341476836,0.019370278747404962
0.24312431243124322,-0.0008883610683277981,-0.021253454042148245,0.019369764776976398
0.24362436243624352,-0.0008893733956346496,-0.021253102231833507,0.01936925151997144
0.24412441244124405,-0.0008903834394531274,-0.021252750909853842,0.01936873897539982
0.24462446244624458,-0.0008913911916924351,-0.021252400075531405,0.019368227142272633
0.2451245124512451,-0.0008923966443353208,-0.021252049728189303,0.019367716019602348
0.24562456245624564,-0.0008933997894379124,-0.021251699867151568,0.0193672056064028
0.24612461246124617,-0.0008944006191295489,-0.021251350491743183,0.019366695901689213
0.2466246624662467,-0.0008953991256126135,-0.02125100160129007,0.01936618690447815
0.24712471247124723,-0.0008963953011623664,-0.021250653195119068,0.019365678613787556
0.24762476247624754,-0.0008973891381267756,-0.02125030527255797,0.01936517102863674
0.24812481248124807,-0.0008983806289263481,-0.021249957832935495,0.01936466414804636
0.2486248624862486,-0.0008993697660539594,-0.02124961087558129,0.01936415797103845
0.24912491249124913,-0.0009003565420746852,-0.02124926439982594,0.019363652496636387
0.24962496249624966,-0.0009013409496256283,-0.02124891840500095,0.019363147723864913
0.2501250125012502,-0.0009023229814157486,-0.021248572890438765,0.019362643651750118
0.2506250625062507,-0.000903302630225691,-0.021248227855472746,0.019362140279319446
0.251125112511251,-0.0009042798889076129,-0.021247883299437182,0.019361637605601695
0.25162516251625155,-0.0009052547503850116,-0.021247539221667285,0.019361135629627
0.2521252125212521,-0.0009062272076525502,-0.0212471956214992,0.019360634350426852
0.2526252625262526,-0.000907197253775884,-0.021246852498269977,0.019360133767034087
0.25312531253125314,-0.000908164881891487,-0.0212465098513176,0.019359633878482878
0.2536253625362537,-0.0009091300852064749,-0.021246167679980964,0.019359134683808742
0.2541254125412542,-0.0009100928569984312,-0.02124582598359988,0.019358636182048528
0.25462546254625473,-0.0009110531906152305,-0.02124548476151509,0.019358138372240433
0.25512551255125504,-0.0009120110794748624,-0.02124514401306823,0.019357641253423985
0.25562556255625557,-0.0009129665170652542,-0.02124480373760187,0.019357144824640037
0.2561256125612561,-0.0009139194969440933,-0.021244463934459477,0.019356649084930785
0.25662566256625663,-0.0009148700127386508,-0.021244124602985436,0.019356154033339748
0.25712571257125716,-0.0009158180581456008,-0.02124378574252504,0.019355659668911774
0.2576257625762577,-0.0009167636269308429,-0.021243447352424494,0.01935516599069304
0.2581258125812582,-0.0009177067129293227,-0.021243109432030907,0.01935467299773104
0.2586258625862585,-0.0009186473100448517,-0.021242771980692302,0.019354180689074595
0.25912591259125906,-0.000919585412249928,-0.021242434997757593,0.019353689063773844
0.2596259625962596,-0.0009205210135855541,-0.02124209848257661,0.019353198120880252
0.2601260126012601,-0.0009214541081610568,-0.02124176243450008,0.019352707859446587
0.26062606260626064,-0.0009223846901539064,-0.021241426852879632,0.019352218278526945
0.2611261126112612,-0.0009233127538095327,-0.021241091737067796,0.019351729377176725
0.2616261626162617,-0.000924238293441144,-0.021240757086418,0.019351241154452647
0.26212621262126223,-0.000925161303429544,-0.02124042290028457,0.019350753609412727
0.26262626262626254,-0.0009260817782229486,-0.02124008917802273,0.0193502667411163
0.26312631263126307,-0.0009269997123368017,-0.02123975591898859,0.019349780548624008
0.2636263626362636,-0.0009279151003535917,-0.021239423122539163,0.019349295030997787
0.26412641264126413,-0.0009288279369226677,-0.021239090788032353,0.019348810187300877
0.26462646264626466,-0.0009297382167600529,-0.021238758914826957,0.01934832601659783
0.2651265126512652,-0.0009306459346482605,-0.021238427502282657,0.01934784251795448
0.2656265626562657,-0.0009315510854361077,-0.021238096549760027,0.019347359690437965
0.266126612661266,-0.00093245366403853,-0.021237766056620526,0.019346877533116723
0.26662666266626656,-0.0009333536654363946,-0.0212374360222265,0.01934639604506048
0.2671267126712671,-0.0009342510846763134,-0.021237106445941185,0.01934591522534025
0.2676267626762676,-0.0009351459168704556,-0.021236777327128694,0.01934543507302835
0.26812681268126815,-0.0009360381571963622,-0.021236448665154027,0.01934495558719836
0.2686268626862687,-0.0009369278008967552,-0.021236120459383064,0.01934447676692517
0.2691269126912692,-0.0009378148432793509,-0.021235792709182567,0.01934399861128494
0.26962696269626973,-0.0009386992797166715,-0.02123546541392017,0.019343521119355125
0.27012701270127004,-0.0009395811056458556,-0.021235138572964395,0.019343044290214446
0.27062706270627057,-0.0009404603165684694,-0.021234812185684633,0.01934256812294291
0.2711271127112711,-0.0009413369080503166,-0.021234486251451152,0.019342092616621804
0.27162716271627163,-0.0009422108757212494,-0.0212341607696351,0.019341617770333684
0.27212721272127216,-0.0009430822152749773,-0.021233835739608485,0.019341143583162385
0.2726272627262727,-0.0009439509224688766,-0.021233511160744203,0.01934067005419301
0.2731273127312732,-0.0009448169931238001,-0.021233187032416008,0.01934019718251193
0.2736273627362735,-0.0009456804231238856,-0.021232863353998526,0.01933972496720679
0.27412741274127406,-0.0009465412084163642,-0.021232540124867253,0.019339253407366495
0.2746274627462746,-0.0009473993450113689,-0.021232217344398552,0.019338782502081223
0.2751275127512751,-0.0009482548289817417,-0.021231895011969655,0.019338312250442406
0.27562756275627565,-0.0009491076564628432,-0.021231573126958645,0.019337842651542744
0.2761276127612762,-0.0009499578236523572,-0.021231251688744485,0.019337373704476194
0.2766276627662767,-0.0009508053268100996,-0.02123093069670699,0.01933690540833797
0.27712771277127723,-0.0009516501622578242,-0.02123061015022684,0.01933643776222454
0.27762776277627754,-0.00095249232637903,-0.021230290048685565,0.019335970765233627
0.27812781278127807,-0.0009533318156187669,-0.021229970391465573,0.01933550441646421
0.2786278627862786,-0.0009541686264834412,-0.021229651177950115,0.019335038715016517
0.27912791279127913,-0.0009550027555406231,-0.021229332407523296,0.019334573659992027
0.27962796279627966,-0.0009558341994188494,-0.021229014079570084,0.019334109250493454
0.2801280128012802,-0.0009566629548074311,-0.0212286961934763,0.01933364548562478
0.2806280628062807,-0.0009574890184562568,-0.02122837874862861,0.019333182364491205
0.28112811281128103,-0.000958312387175598,-0.02122806174441454,0.019332719886199192
0.28162816281628156,-0.0009591330578359138,-0.021227745180222458,0.019332258049856433
0.2821282128212821,-0.0009599510273676543,-0.02122742905544159,0.019331796854571866
0.2826282628262826,-0.0009607662927610649,-0.02122711336946201,0.019331336299455652
0.28312831283128315,-0.0009615788510659912,-0.02122679812167462,0.019330876383619206
0.2836283628362837,-0.0009623886993916806,-0.021226483311471193,0.019330417106175165
0.2841284128412842,-0.0009631958349065869,-0.021226168938244333,0.019329958466237397
0.28462846284628474,-0.0009640002548381728,-0.021225855001387482,0.019329500462921003
0.28512851285128504,-0.000964801956472713,-0.02122554150029494,0.019329043095342315
0.2856285628562856,-0.0009656009371550974,-0.021225228434361833,0.019328586362618885
0.2861286128612861,-0.0009663971942886321,-0.02122491580298413,0.019328130263869498
0.28662866286628663,-0.000967190725334844,-0.021224603605558647,0.019327674798214154
0.28712871287128716,-0.0009679815278132807,-0.02122429184148303,0.01932721996477408
0.2876287628762877,-0.0009687695993013135,-0.02122398051015575,0.019326765762671717
0.2881288128812882,-0.0009695549374339389,-0.021223669610976142,0.019326312191030735
0.28862886288628853,-0.0009703375399035801,-0.021223359143344347,0.01932585924897601
0.28912891289128906,-0.0009711174044598885,-0.02122304910666135,0.019325406935633636
0.2896289628962896,-0.000971894528909545,-0.021222739500328974,0.01932495525013092
0.2901290129012901,-0.0009726689111160603,-0.021222430323749854,0.019324504191596384
0.29062906290629065,-0.0009734405489995776,-0.021222121576327472,0.019324053759159753
0.2911291129112912,-0.0009742094405366707,-0.02122181325746613,0.019323603951951963
0.2916291629162917,-0.0009749755837601468,-0.02122150536657096,0.019323154769105157
0.29212921292129224,-0.0009757389767588457,-0.02122119790304791,0.019322706209752686
0.29262926292629254,-0.0009764996176774404,-0.02122089086630377,0.019322258273029094
0.2931293129312931,-0.0009772575047162374,-0.02122058425574614,0.019321810958070135
0.2936293629362936,-0.0009780126361309761,-0.021220278070783444,0.019321364264012764
0.29412941294129413,-0.0009787650102326304,-0.021219972310824932,0.019320918189995127
0.29462946294629466,-0.0009795146253872057,-0.02121966697528067,0.01932047273515657
0.2951295129512952,-0.0009802614800155402,-0.021219362063561543,0.01932002789863763
0.2956295629562957,-0.0009810055725931047,-0.021219057575079258,0.019319583679580046
0.29612961296129603,-0.0009817469016498007,-0.021218753509246333,0.019319140077126738
0.29662966296629656,-0.000982485465769761,-0.021218449865476104,0.01931869709042182
0.2971297129712971,-0.0009832212635911472,-0.02121814664318272,0.019318254718610598
0.2976297629762976,-0.0009839542938059503,-0.02121784384178115,0.019317812960839554
0.29812981298129815,-0.0009846845551597892,-0.021217541460687158,0.019317371816256368
0.2986298629862987,-0.0009854120464517094,-0.021217239499317343,0.01931693128400989
0.2991299129912992,-0.0009861367665339807,-0.021216937957089094,0.019316491363250168
0.29962996299629974,-0.000986858714311898,-0.021216636833420614,0.019316052053128408
0.30013001300130004,-0.000987577888743578,-0.021216336127730925,0.01931561335279701
0.3006300630063006,-0.0009882942888397588,-0.021216035839439838,0.019315175261409547
0.3011301130113011,-0.0009890079136635973,-0.021215735967967976,0.019314737778120768
0.30163016301630163,-0.000989718762330469,-0.021215436512736774,0.01931430090208659
0.30213021302130216,-0.000990426834007765,-0.021215137473168458,0.019313864632464102
0.3026302630263027,-0.0009911321279146904,-0.021214838848686066,0.019313428968411574
0.3031303130313032,-0.0009918346433220625,-0.021214540638713426,0.019312993909088434
0.30363036303630353,-0.0009925343795521096,-0.021214242842675177,0.019312559453655273
0.30413041304130406,-0.0009932313359782674,-0.021213945459996754,0.019312125601273863
0.3046304630463046,-0.0009939255120249792,-0.021213648490104382,0.01931169235110712
0.3051305130513051,-0.0009946169071674911,-0.02121335193242509,0.01931125970231914
0.30563056305630565,-0.0009953055209316532,-0.0212130557863867,0.019310827654075168
0.3061306130613062,-0.0009959913528937141,-0.021212760051417826,0.019310396205541612
0.3066306630663067,-0.0009966744026801205,-0.02121246472694788,0.01930996535588603
0.30713071307130724,-0.000997354669967315,-0.021212169812407065,0.019309535104277152
0.30763076307630755,-0.000998032154481533,-0.02121187530722637,0.01930910544988484
0.3081308130813081,-0.0009987068559986015,-0.02121158121083758,0.019308676391880126
0.3086308630863086,-0.0009993787743437347,-0.021211287522673265,0.019308247929435182
0.30913091309130913,-0.0010000479093913357,-0.02121099424216678,0.019307820061723338
0.30963096309630966,-0.001000714261064789,-0.021210701368752274,0.019307392787919066
0.3101310131013102,-0.0010013778293362621,-0.021210408901864673,0.01930696610719798
0.3106310631063107,-0.0010020386142265013,-0.0212101168409397,0.019306540018736846
0.31113111311131103,-0.00100269661580463,-0.021209825185413846,0.01930611452171357
0.31163116311631156,-0.0010033518341879455,-0.021209533934724394,0.0193056896153072
0.3121312131213121,-0.0010040042695417181,-0.021209243088309404,0.01930526529869792
0.3126312631263126,-0.001004653922078987,-0.021208952645607716,0.01930484157106705
0.31313131313131315,-0.0010053007920603598,-0.021208662606058956,0.019304418431597057
0.3136313631363137,-0.0010059448797938083,-0.02120837296910352,0.019303995879471535
0.3141314131413142,-0.001006586185634467,-0.021208083734182575,0.019303573913875213
0.31463146314631474,-0.0010072247099844314,-0.021207794900738083,0.019303152533993947
0.31513151315131505,-0.001007860453292555,-0.021207506468212765,0.019302731739014735
0.3156315631563156,-0.0010084934160542467,-0.021207218436050116,0.019302311528125685
0.3161316131613161,-0.0010091235988112692,-0.02120693080369441,0.019301891900516052
0.31663166316631663,-0.0010097510021515375,-0.02120664357059069,0.019301472855376204
0.31713171317131716,-0.0010103756267089148,-0.02120635673618477,0.019301054391897637
0.3176317631763177,-0.0010109974731630123,-0.02120607029992323,0.019300636509272964
0.3181318131813182,-0.001011616542238986,-0.02120578426125342,0.019300219206695928
0.31863186318631853,-0.0010122328347073348,-0.021205498619623456,0.019299802483361383
0.31913191319131906,-0.001012846351383699,-0.021205213374482227,0.019299386338465306
0.3196319631963196,-0.0010134570931286584,-0.02120492852527938,0.019298970771204786
0.3201320132013201,-0.0010140650608475292,-0.02120464407146532,0.019298555780778028
0.32063206320632065,-0.001014670255490165,-0.021204360012491232,0.019298141366384348
0.3211321132113212,-0.001015272678050751,-0.021204076347809048,0.01929772752722418
0.3216321632163217,-0.0010158723295676062,-0.02120379307687147,0.019297314262499064
0.32213221322132224,-0.0010164692111229794,-0.021203510199131945,0.019296901571411642
0.32263226322632255,-0.0010170633238428487,-0.021203227714044703,0.01929648945316567
0.3231323132313231,-0.0010176546688967197,-0.021202945621064707,0.01929607790696601
0.3236323632363236,-0.0010182432474974239,-0.02120266391964769,0.019295666932018625
0.32413241324132414,-0.0010188290609009186,-0.021202382609250142,0.019295256527530582
0.32463246324632467,-0.0010194121104060842,-0.0212021016893293,0.019294846692710043
0.3251325132513252,-0.0010199923973545236,-0.021201821159343156,0.019294437426766273
0.3256325632563257,-0.001020569923130362,-0.02120154101875046,0.019294028728909642
0.32613261326132603,-0.0010211446891600444,-0.021201261267010704,0.019293620598351602
0.32663266326632656,-0.001021716696912136,-0.02120098190358414,0.01929321303430471
0.3271327132713271,-0.0010222859478971219,-0.02120070292793176,0.01929280603598261
0.3276327632763276,-0.0010228524436672042,-0.02120042433951531,0.01929239960260004
0.32813281328132815,-0.0010234161858161046,-0.021200146137797287,0.01929199373337283
0.3286328632863287,-0.0010239771759788612,-0.021199868322240925,0.019291588427517898
0.3291329132913292,-0.0010245354158316302,-0.021199590892310206,0.019291183684253244
0.32963296329632974,-0.0010250909070914846,-0.02119931384746986,0.019290779502797957
0.33013301330133005,-0.0010256436515162148,-0.021199037187185354,0.019290375882372215
0.3306330633063306,-0.0010261936509041278,-0.0211987609109229,0.019289972822197268
0.3311331133113311,-0.0010267409070938483,-0.021198485018149457,0.01928957032149545
0.33163316331633164,-0.0010272854219641194,-0.02119820950833271,0.019289168379490185
0.33213321332133217,-0.0010278271974336014,-0.021197934380941096,0.01928876699540596
0.3326332633263327,-0.0010283662354606737,-0.02119765963544378,0.01928836616846835
0.3331333133313332,-0.0010289025380432358,-0.021197385271310674,0.019287965897904
0.33363336333633353,-0.0010294361072185063,-0.021197111288012417,0.01928756618294062
0.33413341334133406,-0.0010299669450628266,-0.021196837685020387,0.01928716702280701
0.3346334633463346,-0.00103049505369146,-0.021196564461806695,0.019286768416733026
0.3351335133513351,-0.0010310204352583932,-0.021196291617844185,0.0192863703639496
0.33563356335633565,-0.0010315430919561395,-0.021196019152606427,0.01928597286368873
0.3361336133613362,-0.0010320630260155382,-0.021195747065567736,0.01928557591518348
0.3366336633663367,-0.0010325802397055577,-0.02119547535620314,0.019285179517667977
0.33713371337133724,-0.0010330947353330967,-0.021195204023988407,0.01928478367037741
0.33763376337633755,-0.0010336065152427877,-0.021194933068400028,0.019284388372548037
0.3381338133813381,-0.001034115581816797,-0.021194662488915224,0.019283993623417164
0.3386338633863386,-0.0010346219374746289,-0.021194392285011934,0.01928359942222317
0.33913391339133914,-0.0010351255846729281,-0.02119412245616883,0.01928320576820548
0.33963396339633967,-0.0010356265259052822,-0.02119385300186531,0.019282812660604578
0.3401340134013402,-0.0010361247637020242,-0.021193583921581476,0.019282420098662004
0.3406340634063407,-0.001036620300630036,-0.02119331521479818,0.01928202808162035
0.34113411341134103,-0.0010371131392925528,-0.02119304688099697,0.019281636608723257
0.34163416341634156,-0.001037603282328964,-0.021192778919660125,0.01928124567921542
0.3421342134213421,-0.0010380907324146202,-0.021192511330270645,0.01928085529234258
0.3426342634263426,-0.001038575492260634,-0.021192244112312235,0.01928046544735152
0.34313431343134315,-0.0010390575646136867,-0.021191977265269335,0.01928007614349008
0.3436343634363437,-0.0010395369522558302,-0.021191710788627083,0.01927968738000714
0.3441344134413442,-0.001040013658004293,-0.02119144468187134,0.01927929915615261
0.34463446344634474,-0.001040487684711285,-0.021191178944488687,0.01927891147117746
0.34513451345134505,-0.0010409590352638011,-0.021190913575966402,0.01927852432433369
0.3456345634563456,-0.0010414277125834275,-0.02119064857579249,0.019278137714874338
0.3461346134613461,-0.0010418937196261461,-0.021190383943455654,0.01927775164205348
0.34663466346634664,-0.0010423570593821412,-0.021190119678445318,0.019277366105126228
0.34713471347134717,-0.0010428177348756034,-0.02118985578025161,0.019276981103348727
0.3476347634763477,-0.0010432757491645375,-0.02118959224836536,0.019276596635978156
0.3481348134813482,-0.0010437311053405668,-0.02118932908227811,0.019276212702272724
0.34863486348634853,-0.0010441838065287409,-0.021189066281482115,0.01927582930149167
0.34913491349134906,-0.0010446338558873418,-0.02118880384547032,0.01927544643289526
0.3496349634963496,-0.0010450812566076906,-0.021188541773736386,0.019275064095744792
0.3501350135013501,-0.0010455260119139542,-0.02118828006577467,0.01927468228930258
0.35063506350635065,-0.001045968125062954,-0.021188018721080233,0.01927430101283197
0.3511351135113512,-0.001046407599343971,-0.02118775773914884,0.019273920265597325
0.3516351635163517,-0.001046844438078556,-0.02118749711947695,0.019273540046864036
0.35213521352135224,-0.001047278644620336,-0.02118723686156172,0.019273160355898506
0.35263526352635255,-0.0010477102223548237,-0.021186976964901016,0.019272781191968163
0.3531353135313531,-0.0010481391746992239,-0.02118671742899339,0.01927240255434145
0.3536353635363536,-0.0010485655051022443,-0.021186458253338095,0.019272024442287816
0.35413541354135414,-0.0010489892170439043,-0.021186199437435077,0.019271646855077738
0.35463546354635467,-0.001049410314035342,-0.021185940980784978,0.019271269791982702
0.3551355135513552,-0.0010498287996186263,-0.02118568288288913,0.019270893252275198
0.3556355635563557,-0.0010502446773665655,-0.021185425143249562,0.019270517235228733
0.35613561356135603,-0.001050657950882517,-0.02118516776136899,0.01927014174011782
0.35663566356635656,-0.0010510686238001977,-0.02118491073675082,0.019269766766217982
0.3571357135713571,-0.0010514766997834948,-0.021184654068899154,0.01926939231280574
0.3576357635763576,-0.0010518821825262763,-0.02118439775731877,0.019269018379158627
0.35813581358135815,-0.001052285075752202,-0.02118414180151515,0.019268644964555177
0.3586358635863587,-0.0010526853832145354,-0.02118388620099445,0.01926827206827492
0.3591359135913592,-0.0010530831086959537,-0.02118363095526351,0.019267899689598397
0.35963596359635974,-0.001053478256008361,-0.021183376063829862,0.019267527827807135
0.36013601360136005,-0.0010538708289927002,-0.02118312152620172,0.01926715648218367
0.3606360636063606,-0.0010542608315187653,-0.02118286734188798,0.019266785652011523
0.3611361136113611,-0.001054648267485013,-0.02118261351039822,0.019266415336575218
0.36163616361636164,-0.0010550331408183775,-0.021182360031242693,0.019266045535160266
0.36213621362136217,-0.0010554154554740824,-0.021182106903932338,0.019265676247053175
0.3626362636263627,-0.0010557952154354546,-0.021181854127978777,0.019265307471541444
0.36313631363136323,-0.0010561724247137379,-0.0211816017028943,0.019264939207913553
0.36363636363636354,-0.001056547087347907,-0.02118134962819188,0.019264571455458977
0.36413641364136407,-0.0010569192074044824,-0.02118109790338516,0.019264204213468174
0.3646364636463646,-0.0010572887889773446,-0.02118084652798847,0.019263837481232587
0.3651365136513651,-0.0010576558361875487,-0.0211805955015168,0.01926347125804465
0.36563656365636565,-0.001058020353183141,-0.021180344823485825,0.019263105543197764
0.3661366136613662,-0.0010583823441389726,-0.02118009449341188,0.019262740335986323
0.3666366636663667,-0.0010587418132565168,-0.02117984451081199,0.019262375635705695
0.36713671367136724,-0.0010590987647636847,-0.02117959487520383,0.01926201144165223
0.36763676367636755,-0.0010594532029146416,-0.021179345586105753,0.01926164775312325
0.3681368136813681,-0.0010598051319896235,-0.021179096643036785,0.019261284569417062
0.3686368636863686,-0.0010601545562947544,-0.021178848045516615,0.01926092188983293
0.36913691369136914,-0.0010605014801618646,-0.0211785997930656,0.01926055971367111
0.36963696369636967,-0.0010608459079483067,-0.021178351885204758,0.01926019804023281
0.3701370137013702,-0.0010611878440367746,-0.021178104321455782,0.019259836868820223
0.37063706370637073,-0.0010615272928351214,-0.021177857101341017,0.019259476198736507
0.37113711371137104,-0.0010618642587761785,-0.02117761022438348,0.019259116029285782
0.37163716371637157,-0.0010621987463175745,-0.021177363690106844,0.01925875635977314
0.3721372137213721,-0.0010625307599415534,-0.021177117498035452,0.019258397189504638
0.3726372637263726,-0.001062860304154796,-0.021176871647694297,0.019258038517787287
0.37313731373137315,-0.0010631873834882387,-0.021176626138609038,0.01925768034392907
0.3736373637363737,-0.0010635120024968935,-0.021176380970305986,0.019257322667238924
0.3741374137413742,-0.0010638341657596693,-0.02117613614231212,0.019256965487026753
0.37463746374637474,-0.001064153877879192,-0.021175891654155062,0.01925660880260341
0.37513751375137505,-0.0010644711434816272,-0.0211756475053631,0.01925625261328071
0.3756375637563756,-0.0010647859672164996,-0.021175403695465177,0.019255896918371422
0.3761376137613761,-0.0010650983537565167,-0.021175160223990883,0.01925554171718927
0.37663766376637664,-0.0010654083077973908,-0.021174917090470466,0.01925518700904893
0.37713771377137717,-0.0010657158340576607,-0.02117467429443482,0.019254832793266022
0.3776377637763777,-0.001066020937278515,-0.021174431835415505,0.019254479069157126
0.37813781378137823,-0.0010663236222236158,-0.02117418971294471,0.019254125836039773
0.37863786378637854,-0.0010666238936789221,-0.02117394792655529,0.01925377309323243
0.37913791379137907,-0.0010669217564525132,-0.021173706475780738,0.019253420840054516
0.3796379637963796,-0.0010672172153744137,-0.021173465360155207,0.019253069075826395
0.3801380138013801,-0.0010675102752964176,-0.021173224579213484,0.01925271779986937
0.38063806380638066,-0.0010678009410919143,-0.021172984132491007,0.0192523670115057
0.3811381138113812,-0.0010680892176557126,-0.021172744019523855,0.01925201671005856
0.3816381638163817,-0.0010683751099038671,-0.02117250423984876,0.019251666894852092
0.38213821382138224,-0.0010686586227735043,-0.021172264793003093,0.019251317565211354
0.38263826382638255,-0.0010689397612226488,-0.02117202567852486,0.019250968720462357
0.3831383138313831,-0.00106921853023005,-0.021171786895952713,0.019250620359932035
0.3836383638363836,-0.0010694949347950097,-0.021171548444825952,0.019250272482948264
0.38413841384138414,-0.0010697689799372095,-0.021171310324684504,0.01924992508883985
0.38463846384638467,-0.0010700406706965376,-0.02117107253506894,0.01924957817693653
0.3851385138513852,-0.0010703100121329185,-0.021170835075520474,0.019249231746568975
0.38563856385638573,-0.0010705770093261408,-0.02117059794558095,0.019248885797068783
0.38613861386138604,-0.0010708416673756863,-0.02117036114479285,0.01924854032776848
0.38663866386638657,-0.0010711039914005592,-0.021170124672699287,0.019248195338001515
0.3871387138713871,-0.0010713639865391157,-0.021169888528844015,0.019247850827102266
0.3876387638763876,-0.0010716216579488946,-0.02116965271277142,0.019247506794406035
0.38813881388138816,-0.0010718770108064475,-0.021169417224026515,0.01924716323924905
0.3886388638863887,-0.0010721300503071687,-0.021169182062154953,0.019246820160968445
0.3891389138913892,-0.001072380781665128,-0.02116894722670301,0.019246477558902297
0.38963896389638975,-0.0010726292101129011,-0.021168712717217597,0.019246135432389583
0.39013901390139005,-0.0010728753409014018,-0.02116847853324625,0.01924579378077021
0.3906390639063906,-0.0010731191792997142,-0.021168244674337134,0.01924545260338499
0.3911391139113911,-0.0010733607305949257,-0.021168011140039043,0.019245111899575663
0.39163916391639164,-0.0010736000000919604,-0.021167777929901398,0.01924477166868487
0.39213921392139217,-0.0010738369931134115,-0.021167545043474238,0.01924443191005617
0.3926392639263927,-0.0010740717149993761,-0.021167312480308238,0.019244092623034035
0.39313931393139323,-0.0010743041711072888,-0.021167080239954693,0.019243753806963842
0.39363936393639354,-0.0010745343668117568,-0.021166848321965512,0.019243415461191887
0.39413941394139407,-0.0010747623075043945,-0.021166616725893234,0.019243077585065358
0.3946394639463946,-0.0010749879985936595,-0.02116638545129102,0.01924274017793236
0.3951395139513951,-0.0010752114455046878,-0.021166154497712652,0.019242403239141906
0.39563956395639566,-0.0010754326536791302,-0.021165923864712523,0.019242066768043898
0.3961396139613962,-0.0010756516285749889,-0.021165693551845655,0.019241730763989155
0.3966396639663967,-0.0010758683756664541,-0.021165463558667677,0.01924139522632939
0.39713971397139725,-0.0010760829004437423,-0.021165233884734846,0.019241060154417216
0.39763976397639755,-0.0010762952084129329,-0.021165004529604025,0.019240725547606145
0.3981398139813981,-0.0010765053050958073,-0.0211647754928327,0.01924039140525059
0.3986398639863986,-0.001076713196029687,-0.021164546773978967,0.019240057726705853
0.39913991399139914,-0.001076918886767273,-0.021164318372601534,0.01923972451132814
0.39963996399639967,-0.0010771223828764838,-0.021164090288259725,0.019239391758474545
0.4001400140014002,-0.0010773236899402974,-0.021163862520513475,0.01923905946750305
0.40064006400640073,-0.0010775228135565897,-0.02116363506892333,0.01923872763777254
0.40114011401140104,-0.0010777197593379757,-0.021163407933050445,0.019238396268642776
0.40164016401640157,-0.00107791453291165,-0.021163181112456582,0.01923806535947442
0.4021402140214021,-0.0010781071399192297,-0.021162954606704115,0.01923773490962902
0.40264026402640263,-0.0010782975860165937,-0.021162728415356023,0.019237404918469
0.40314031403140316,-0.0010784858768737278,-0.021162502537975896,0.019237075385357676
0.4036403640364037,-0.0010786720181745649,-0.021162276974127925,0.01923674630965925
0.4041404140414042,-0.0010788560156168292,-0.021162051723376908,0.019236417690738798
0.40464046404640475,-0.0010790378749118794,-0.021161826785288242,0.019236089527962293
0.40514051405140505,-0.0010792176017845527,-0.021161602159427938,0.01923576182069657
0.4056405640564056,-0.001079395201973009,-0.0211613778453626,0.019235434568309357
0.4061406140614061,-0.0010795706812285755,-0.02116115384265944,0.01923510777016925
0.40664066406640664,-0.0010797440453155917,-0.021160930150886263,0.019234781425645723
0.4071407140714072,-0.0010799153000112549,-0.02116070676961148,0.019234455534109133
0.4076407640764077,-0.001080084451105467,-0.0211604836984041,0.0192341300949307
0.40814081408140823,-0.0010802515044006798,-0.02116026093683373,0.019233805107482526
0.40864086408640854,-0.001080416465711742,-0.02116003848447057,0.019233480571137582
0.40914091409140907,-0.0010805793408657466,-0.02115981634088543,0.019233156485269704
0.4096409640964096,-0.0010807401357018787,-0.021159594505649696,0.0192328328492536
0.41014101410141013,-0.0010808988560712632,-0.02115937297833537,0.019232509662464852
0.41064106410641066,-0.0010810555078368132,-0.021159151758515026,0.019232186924279904
0.4111411141114112,-0.0010812100968730796,-0.021158930845761852,0.01923186463407606
0.4116411641164117,-0.0010813626290660995,-0.021158710239649617,0.019231542791231498
0.41214121412141225,-0.0010815131103132467,-0.02115848993975268,0.019231221395125255
0.41264126412641255,-0.001081661546523081,-0.021158269945646,0.019230900445137228
0.4131413141314131,-0.0010818079436151998,-0.021158050256905116,0.019230579940648175
0.4136413641364136,-0.0010819523075200886,-0.021157830873106166,0.01923025988103972
0.41414141414141414,-0.0010820946441789723,-0.02115761179382587,0.01922994026569434
0.4146414641464147,-0.001082234959543668,-0.02115739301864153,0.019229621093995362
0.4151415141514152,-0.001082373259576436,-0.02115717454713105,0.019229302365326984
0.41564156415641573,-0.0010825095502498335,-0.021156956378872906,0.01922898407907425
0.41614161416141604,-0.0010826438375465674,-0.021156738513446165,0.01922866623462306
0.41664166416641657,-0.001082776127459348,-0.021156520950430482,0.01922834883136016
0.4171417141714171,-0.0010829064259907431,-0.02115630368940609,0.01922803186867316
0.41764176417641763,-0.001083034739153033,-0.021156086729953803,0.019227715345950507
0.41814181418141816,-0.0010831610729680641,-0.02115587007165502,0.019227399262581508
0.4186418641864187,-0.0010832854334671055,-0.021155653714091723,0.019227083617956307
0.4191419141914192,-0.0010834078266907048,-0.02115543765684647,0.019226768411465898
0.41964196419641975,-0.0010835282586885429,-0.0211552218995024,0.01922645364250213
0.42014201420142006,-0.0010836467355192928,-0.021155006441643236,0.01922613931045768
0.4206420642064206,-0.001083763263250475,-0.02115479128285327,0.019225825414726082
0.4211421142114211,-0.0010838778479583158,-0.021154576422717376,0.019225511954701707
0.42164216421642164,-0.0010839904957276052,-0.021154361860821,0.01922519892977976
0.4221422142214222,-0.0010841012126515555,-0.02115414759675017,0.019224886339356293
0.4226422642264227,-0.0010842100048316598,-0.021153933630091486,0.019224574182828195
0.42314231423142323,-0.0010843168783775518,-0.02115371996043212,0.019224262459593196
0.42364236423642354,-0.0010844218394068653,-0.021153506587359816,0.01922395116904985
0.42414241424142407,-0.001084524894045094,-0.021153293510462894,0.019223640310597558
0.4246424642464246,-0.0010846260484254529,-0.021153080729330243,0.01922332988363655
0.42514251425142513,-0.0010847253086887394,-0.021152868243551327,0.01922301988756789
0.42564256425642566,-0.0010848226809831941,-0.02115265605271617,0.019222710321793467
0.4261426142614262,-0.0010849181714643636,-0.021152444156415373,0.019222401185716012
0.4266426642664267,-0.001085011786294962,-0.02115223255424011,0.019222092478739072
0.42714271427142725,-0.001085103531644735,-0.02115202124578211,0.01922178420026703
0.42764276427642756,-0.0010851934136903224,-0.021151810230633675,0.0192214763497051
0.4281428142814281,-0.001085281438615122,-0.021151599508387672,0.019221168926459305
0.4286428642864286,-0.0010853676126091542,-0.021151389078637537,0.019220861929936512
0.42914291429142915,-0.001085451941868926,-0.021151178940977268,0.019220555359544395
0.4296429642964297,-0.0010855344325972967,-0.021150969095001422,0.019220249214691464
0.4301430143014302,-0.0010856150910033436,-0.02115075954030512,0.01921994349478704
0.43064306430643073,-0.0010856939233022276,-0.02115055027648406,0.01921963819924127
0.43114311431143104,-0.0010857709357150595,-0.021150341303134472,0.019219333327465116
0.43164316431643157,-0.001085846134468768,-0.021150132619853174,0.019219028878870358
0.4321432143214321,-0.0010859195257959657,-0.02114992422623753,0.019218724852869594
0.43264326432643263,-0.001085991115934818,-0.021149716121885466,0.019218421248876235
0.43314331433143316,-0.0010860609111289108,-0.021149508306395465,0.019218118066304513
0.4336433643364337,-0.00108612891762712,-0.021149300779366567,0.019217815304569463
0.4341434143414342,-0.001086195141683479,-0.021149093540398376,0.019217512963086936
0.43464346434643475,-0.001086259589557051,-0.021148886589091035,0.0192172110412736
0.43514351435143506,-0.0010863222675117964,-0.021148679925045263,0.019216909538546923
0.4356435643564356,-0.0010863831818164452,-0.021148473547862316,0.019216608454325188
0.4361436143614361,-0.0010864423387443672,-0.02114826745714401,0.019216307788027485
0.43664366436643665,-0.001086499744573444,-0.021148061652492715,0.019216007539073706
0.4371437143714372,-0.0010865554055859402,-0.021147856133511354,0.019215707706884553
0.4376437643764377,-0.0010866093280683764,-0.0211476508998034,0.019215408290881527
0.43814381438143823,-0.0010866615183114017,-0.02114744595097287,0.01921510929048694
0.43864386438643854,-0.0010867119826096676,-0.021147241286624343,0.0192148107051239
0.43914391439143907,-0.0010867607272617007,-0.021147036906362934,0.019214512534216313
0.4396439643964396,-0.0010868077585697781,-0.021146832809794312,0.019214214777188893
0.44014401440144013,-0.001086853082839801,-0.021146628996524697,0.019213917433467148
0.44064406440644066,-0.0010868967063811707,-0.02114642546616085,0.01921362050247738
0.4411441144114412,-0.0010869386355066638,-0.02114622221831008,0.019213323983646693
0.4416441644164417,-0.0010869788765323076,-0.02114601925258024,0.019213027876402982
0.44214421442144225,-0.0010870174357772583,-0.02114581656857973,0.01921273218017494
0.44264426442644256,-0.0010870543195636764,-0.02114561416591749,0.019212436894392053
0.4431443144314431,-0.0010870895342166044,-0.021145412044203008,0.01921214201848459
0.4436443644364436,-0.0010871230860638457,-0.02114521020304631,0.019211847551883626
0.44414441444144415,-0.0010871549814358416,-0.02114500864205796,0.019211553494021014
0.4446444644464447,-0.001087185226665551,-0.021144807360849067,0.0192112598443294
0.4451445144514452,-0.0010872138280883289,-0.021144606359031284,0.019210966602242217
0.44564456445644574,-0.001087240792041807,-0.021144405636216793,0.01921067376719368
0.44614461446144604,-0.001087266124865774,-0.021144205192018324,0.0192103813386188
0.4466446644664466,-0.0010872898329020544,-0.02114400502604914,0.019210089315953364
0.4471447144714471,-0.0010873119224943922,-0.021143805137923036,0.01920979769863394
0.44764476447644763,-0.00108733239998833,-0.021143605527254354,0.019209506486097882
0.44814481448144816,-0.0010873512717310939,-0.02114340619365796,0.01920921567778333
0.4486448644864487,-0.0010873685440714726,-0.02114320713674927,0.019208925273129198
0.4491449144914492,-0.001087384223359703,-0.021143008356144213,0.019208635271575174
0.44964496449644975,-0.0010873983159473523,-0.021142809851459263,0.019208345672561737
0.45014501450145006,-0.0010874108281872029,-0.021142611622311434,0.01920805647553013
0.4506450645064506,-0.0010874217664331354,-0.021142413668318254,0.01920776767992238
0.4511451145114511,-0.0010874311370400141,-0.021142215989097796,0.01920747928518128
0.45164516451645165,-0.0010874389463635728,-0.021142018584268656,0.019207191290750405
0.4521452145214522,-0.0010874452007603,-0.021141821453449963,0.019206903696074102
0.4526452645264527,-0.001087449906587324,-0.021141624596261368,0.019206616500597483
0.45314531453145324,-0.001087453070202302,-0.021141428012323063,0.01920632970376643
0.45364536453645354,-0.001087454697963305,-0.021141231701255755,0.019206043305027606
0.4541454145414541,-0.0010874547962287065,-0.02114103566268068,0.019205757303828425
0.4546454645464546,-0.0010874533713570698,-0.021140839896219604,0.01920547169961708
0.45514551455145513,-0.0010874504297070378,-0.021140644401494813,0.019205186491842535
0.45564556455645566,-0.0010874459776372201,-0.02114044917812912,0.019204901679954495
0.4561456145614562,-0.001087440021506084,-0.02114025422574587,0.019204617263403456
0.4566456645664567,-0.0010874325676718437,-0.02114005954396891,0.01920433324164066
0.45714571457145725,-0.0010874236224923505,-0.021139865132422626,0.01920404961411812
0.45764576457645756,-0.0010874131923249842,-0.021139670990731923,0.0192037663802886
0.4581458145814581,-0.001087401283526544,-0.021139477118522224,0.01920348353960563
0.4586458645864586,-0.0010873879024531396,-0.021139283515419466,0.019203201091523504
0.45914591459145915,-0.0010873730554600849,-0.02113909018105012,0.019202919035497257
0.4596459645964597,-0.0010873567489017891,-0.02113889711504116,0.0192026373709827
0.4601460146014602,-0.0010873389891316511,-0.02113870431702009,0.019202356097436386
0.46064606460646074,-0.0010873197825019521,-0.02113851178661492,0.019202075214315623
0.46114611461146104,-0.0010872991353637503,-0.02113831952345419,0.019201794721078483
0.4616461646164616,-0.0010872770540667747,-0.021138127527166938,0.019201514617183776
0.4621462146214621,-0.001087253544959321,-0.021137935797382736,0.019201234902091073
0.46264626462646263,-0.0010872286143881462,-0.021137744333731657,0.01920095557526069
0.46314631463146316,-0.0010872022686983652,-0.02113755313584429,0.019200676636153696
0.4636463646364637,-0.0010871745142333464,-0.021137362203351738,0.019200398084231907
0.4641464146414642,-0.0010871453573346092,-0.02113717153588562,0.019200119918957884
0.46464646464646475,-0.0010871148043417205,-0.021136981133078058,0.019199842139794938
0.46514651465146506,-0.0010870828615921935,-0.02113679099456169,0.019199564746207116
0.4656465646564656,-0.0010870495354213848,-0.021136601119969664,0.01919928773765922
0.4661466146614661,-0.001087014832162394,-0.021136411508935637,0.01919901111361679
0.46664666466646665,-0.001086978758145962,-0.021136222161093773,0.019198734873546112
0.4671467146714672,-0.001086941319700371,-0.021136033076078746,0.0191984590169142
0.4676467646764677,-0.0010869025231513446,-0.021135844253525733,0.01919818354318882
0.46814681468146824,-0.0010868623748219483,-0.02113565569307042,0.019197908451838476
0.46864686468646855,-0.00108682088103249,-0.021135467394349003,0.019197633742332403
0.4691469146914691,-0.0010867780481004223,-0.021135279356998174,0.01919735941414058
0.4696469646964696,-0.0010867338823402433,-0.021135091580655133,0.01919708546673372
0.47014701470147013,-0.0010866883900633997,-0.02113490406495759,0.019196811899583263
0.47064706470647066,-0.0010866415775781894,-0.021134716809543753,0.0191965387121614
0.4711471147114712,-0.001086593451189665,-0.021134529814052325,0.01919626590394103
0.4716471647164717,-0.0010865440171995363,-0.02113434307812252,0.019195993474395805
0.47214721472147225,-0.001086493281906077,-0.02113415660139405,0.0191957214230001
0.47264726472647256,-0.0010864412516040263,-0.021133970383507127,0.019195449749229015
0.4731473147314731,-0.001086387932584496,-0.021133784424102468,0.01919517845255839
0.4736473647364736,-0.001086333331134876,-0.021133598722821275,0.01919490753246478
0.47414741474147415,-0.0010862774535387388,-0.02113341327930526,0.019194636988425478
0.4746474647464747,-0.0010862203060757476,-0.021133228093196628,0.019194366819918488
0.4751475147514752,-0.0010861618950215627,-0.02113304316413808,0.019194097026422552
0.47564756475647574,-0.0010861022266477486,-0.021132858491772818,0.019193827607417134
0.47614761476147605,-0.0010860413072216815,-0.02113267407574453,0.01919355856238241
0.4766476647664766,-0.0010859791430064588,-0.021132489915697408,0.01919328989079929
0.4771477147714771,-0.001085915740260807,-0.021132306011276133,0.019193021592149404
0.47764776477647763,-0.0010858511052389908,-0.02113212236212588,0.019192753665915087
0.47814781478147816,-0.001085785244190723,-0.021131938967892318,0.019192486111579407
0.4786478647864787,-0.0010857181633610745,-0.021131755828221604,0.019192218928626145
0.4791479147914792,-0.0010856498689903855,-0.02113157294276039,0.019191952116539797
0.47964796479647975,-0.0010855803673141754,-0.021131390311155813,0.01919168567480558
0.48014801480148006,-0.0010855096645630553,-0.02113120793305551,0.01919141960290942
0.4806480648064806,-0.0010854377669626393,-0.0211310258081076,0.01919115390033796
0.4811481148114811,-0.0010853646807334567,-0.021130843935960687,0.019190888566578548
0.48164816481648165,-0.001085290412090866,-0.02113066231626387,0.019190623601119252
0.4821482148214822,-0.0010852149672449668,-0.021130480948666736,0.019190359003448853
0.4826482648264827,-0.001085138352400514,-0.021130299832819346,0.01919009477305683
0.48314831483148324,-0.0010850605737568327,-0.02113011896837226,0.01918983090943338
0.48364836483648355,-0.0010849816375077318,-0.02112993835497652,0.019189567412069407
0.4841484148414841,-0.0010849015498414199,-0.021129757992283654,0.019189304280456516
0.4846484648464846,-0.00108482031694042,-0.02112957787994566,0.019189041514087023
0.48514851485148514,-0.0010847379449814866,-0.02112939801761504,0.01918877911245395
0.48564856485648566,-0.0010846544401355211,-0.021129218404944757,0.019188517075051013
0.4861486148614862,-0.001084569808567489,-0.021129039041588277,0.01918825540137264
0.4866486648664867,-0.0010844840564363382,-0.02112885992719953,0.019187994090913964
0.48714871487148725,-0.0010843971898949149,-0.021128681061432935,0.019187733143170804
0.48764876487648756,-0.0010843092150898833,-0.021128502443943393,0.019187472557639692
0.4881488148814881,-0.0010842201381616441,-0.021128324074386272,0.019187212333817854
0.4886488648864886,-0.0010841299652442533,-0.02112814595241743,0.01918695247120322
0.48914891489148915,-0.0010840387024653418,-0.0211279680776932,0.0191866929692944
0.4896489648964897,-0.0010839463559460354,-0.021127790449870388,0.01918643382759072
0.4901490149014902,-0.0010838529318008758,-0.02112761306860628,0.019186175045592193
0.49064906490649074,-0.0010837584361377407,-0.02112743593355864,0.01918591662279952
0.49114911491149105,-0.001083662875057766,-0.0211272590443857,0.019185658558714104
0.4916491649164916,-0.0010835662546552665,-0.02112708240074617,0.019185400852838038
0.4921492149214921,-0.0010834685810176593,-0.021126906002299238,0.0191851435046741
0.49264926492649264,-0.0010833698602253864,-0.021126729848704555,0.019184886513725765
0.49314931493149317,-0.0010832700983518363,-0.021126553939622254,0.019184629879497195
0.4936493649364937,-0.0010831693014632699,-0.02112637827471294,0.01918437360149324
0.4941494149414942,-0.0010830674756187428,-0.02112620285363768,0.01918411767921944
0.49464946494649475,-0.0010829646268700303,-0.021126027676058017,0.019183862112182017
0.49514951495149506,-0.0010828607612615527,-0.02112585274163597,0.01918360689988788
0.4956495649564956,-0.0010827558848302997,-0.02112567805003401,0.019183352041844622
0.4961496149614961,-0.0010826500036057573,-0.021125503600915096,0.019183097537560524
0.49664966496649665,-0.001082543123609833,-0.021125329393942644,0.01918284338654454
0.4971497149714972,-0.0010824352508567831,-0.02112515542878054,0.019182589588306317
0.4976497649764977,-0.00108232639135314,-0.02112498170509313,0.019182336142356177
0.49814981498149824,-0.0010822165510976389,-0.021124808222545238,0.019182083048205116
0.49864986498649855,-0.0010821057360811462,-0.021124634980802148,0.019181830305364817
0.4991499149914991,-0.0010819939522865884,-0.0211244619795296,0.019181577913347642
0.4996499649964996,-0.0010818812056888802,-0.021124289218393814,0.019181325871666623
0.5001500150015001,-0.0010817675022548542,-0.021124116697061462,0.019181074179835472
0.5006500650065007,-0.0010816528479431905,-0.021123944415199682,0.019180822837368574
0.5011501150115012,-0.0010815372487043464,-0.02112377237247607,0.01918057184378099
0.5016501650165017,-0.0010814207104804883,-0.021123600568558693,0.019180321198588455
0.5021502150215023,-0.001081303239205421,-0.02112342900311607,0.019180070901307373
0.5026502650265026,-0.0010811848408045206,-0.02112325767581718,0.019179820951454818
0.5031503150315031,-0.0010810655211946657,-0.021123086586331465,0.019179571348548544
0.5036503650365036,-0.0010809452862841696,-0.02112291573432883,0.01917932209210696
0.5041504150415042,-0.0010808241419727133,-0.02112274511947963,0.019179073181649155
0.5046504650465047,-0.0010807020941512786,-0.02112257474145468,0.019178824616694883
0.5051505150515052,-0.0010805791487020818,-0.021122404599925256,0.01917857639676456
0.5056505650565057,-0.0010804553114985077,-0.021122234694563084,0.01917832852137927
0.506150615061506,-0.0010803305884050439,-0.02112206502504035,0.01917808099006077
0.5066506650665066,-0.0010802049852772157,-0.021121895591029696,0.019177833802331463
0.5071507150715071,-0.001080078507961522,-0.021121726392204214,0.019177586957714432
0.5076507650765076,-0.0010799511622953699,-0.02112155742823745,0.019177340455733414
0.5081508150815082,-0.0010798229541070122,-0.021121388698803412,0.019177094295912807
0.5086508650865087,-0.0010796938892154826,-0.021121220203576548,0.01917684847777767
0.5091509150915092,-0.0010795639734305336,-0.021121051942231763,0.019176603000853727
0.5096509650965098,-0.0010794332125525748,-0.021120883914444416,0.01917635786466735
0.5101510151015101,-0.001079301612372608,-0.021120716119890318,0.019176113068745577
0.5106510651065106,-0.001079169178672169,-0.021120548558245716,0.019175868612616095
0.5111511151115111,-0.0010790359172232627,-0.02112038122918733,0.01917562449580726
0.5116511651165117,-0.0010789018337883055,-0.021120214132392304,0.019175380717848058
0.5121512151215122,-0.0010787669341200627,-0.02112004726753825,0.019175137278268157
0.5126512651265127,-0.0010786312239615893,-0.021119880634303215,0.01917489417659786
0.5131513151315132,-0.0010784947090461705,-0.021119714232365697,0.019174651412368127
0.5136513651365135,-0.0010783573950972616,-0.021119548061404644,0.019174408985110573
0.5141514151415141,-0.0010782192878284306,-0.02111938212109944,0.019174166894357452
0.5146514651465146,-0.0010780803929432985,-0.021119216411129925,0.01917392513964168
0.5151515151515151,-0.0010779407161354826,-0.021119050931176376,0.019173683720496815
0.5156515651565157,-0.0010778002630885376,-0.021118885680919516,0.019173442636457063
0.5161516151615162,-0.0010776590394758995,-0.021118720660040512,0.019173201887057276
0.5166516651665167,-0.0010775170509608287,-0.021118555868220975,0.019172961471832953
0.5171517151715173,-0.0010773743031963537,-0.021118391305142956,0.019172721390320238
0.5176517651765176,-0.0010772308018252147,-0.021118226970488943,0.019172481642055917
0.5181518151815181,-0.001077086552479809,-0.021118062863941873,0.01917224222657742
0.5186518651865186,-0.0010769415607821352,-0.021117898985185117,0.01917200314342282
0.5191519151915192,-0.001076795832343739,-0.021117735333902488,0.019171764392130825
0.5196519651965197,-0.0010766493727656587,-0.021117571909778237,0.019171525972240797
0.5201520152015202,-0.0010765021876383717,-0.02111740871249705,0.019171287883292726
0.5206520652065207,-0.0010763542825417405,-0.021117245741744065,0.01917105012482724
0.521152115211521,-0.0010762056630449603,-0.02111708299720484,0.019170812696385615
0.5216521652165216,-0.0010760563347065064,-0.021116920478565376,0.019170575597509752
0.5221522152215221,-0.0010759063030740812,-0.021116758185512105,0.019170338827742193
0.5226522652265226,-0.0010757555736845632,-0.02111659611773191,0.019170102386626114
0.5231523152315232,-0.0010756041520639554,-0.021116434274912086,0.01916986627370533
0.5236523652365237,-0.001075452043727334,-0.021116272656740383,0.01916963048852428
0.5241524152415242,-0.0010752992541787983,-0.021116111262904972,0.019169395030628044
0.5246524652465248,-0.0010751457889114204,-0.021115950093094457,0.01916915989956233
0.5251525152515251,-0.0010749916534071949,-0.02111578914699788,0.019168925094873474
0.5256525652565256,-0.0010748368531369901,-0.02111562842430471,0.019168690616108444
0.5261526152615261,-0.0010746813935604992,-0.021115467924704853,0.019168456462814842
0.5266526652665267,-0.0010745252801261903,-0.02111530764788864,0.019168222634540887
0.5271527152715272,-0.0010743685182712601,-0.021115147593546827,0.019167989130835433
0.5276527652765277,-0.001074211113421585,-0.021114987761370614,0.01916775595124796
0.5281528152815282,-0.0010740530709916743,-0.021114828151051614,0.01916752309532857
0.5286528652865286,-0.0010738943963846219,-0.02111466876228188,0.01916729056262799
0.5291529152915291,-0.0010737350949920617,-0.021114509594753885,0.019167058352697577
0.5296529652965296,-0.0010735751721941192,-0.021114350648160533,0.0191668264650893
0.5301530153015301,-0.001073414633359368,-0.02111419192219515,0.019166594899355755
0.5306530653065307,-0.001073253483844782,-0.021114033416551495,0.019166363655050162
0.5311531153115312,-0.0010730917289956923,-0.021113875130923745,0.019166132731726362
0.5316531653165317,-0.0010729293741457415,-0.021113717065006504,0.019165902128938806
0.5321532153215323,-0.0010727664246168395,-0.021113559218494796,0.01916567184624257
0.5326532653265326,-0.00107260288571912,-0.021113401591084078,0.01916544188319335
0.5331533153315331,-0.0010724387627508967,-0.021113244182470223,0.019165212239347452
0.5336533653365336,-0.0010722740609986207,-0.02111308699234952,0.019164982914261806
0.5341534153415342,-0.001072108785736837,-0.021112930020418696,0.019164753907493948
0.5346534653465347,-0.0010719429422281425,-0.02111277326637489,0.019164525218602037
0.5351535153515352,-0.0010717765357231446,-0.02111261672991565,0.019164296847144838
0.5356535653565357,-0.001071609571460419,-0.021112460410738963,0.01916406879268173
0.536153615361536,-0.0010714420546664685,-0.021112304308543228,0.019163841054772708
0.5366536653665366,-0.0010712739905556826,-0.02111214842302726,0.019163613632978374
0.5371537153715371,-0.0010711053843302967,-0.02111199275389029,0.019163386526859942
0.5376537653765376,-0.0010709362411803526,-0.021111837300831975,0.01916315973597923
0.5381538153815382,-0.001070766566283658,-0.021111682063552382,0.019162933259898676
0.5386538653865387,-0.0010705963648057477,-0.021111527041751996,0.019162707098181304
0.5391539153915392,-0.0010704256418998452,-0.02111137223513172,0.019162481250390773
0.5396539653965398,-0.0010702544027068237,-0.02111121764339287,0.01916225571609132
0.5401540154015401,-0.001070082652355167,-0.02111106326623717,0.01916203049484781
0.5406540654065406,-0.0010699103959609338,-0.021110909103366778,0.019161805586225693
0.5411541154115411,-0.0010697376386277183,-0.021110755154484243,0.019161580989791035
0.5416541654165417,-0.0010695643854466144,-0.021110601419292538,0.0191613567051105
0.5421542154215422,-0.0010693906414961782,-0.021110447897495048,0.019161132731751348
0.5426542654265427,-0.0010692164118423927,-0.02111029458879557,0.019160909069281452
0.5431543154315432,-0.0010690417015386312,-0.021110141492898304,0.019160685717269275
0.5436543654365438,-0.0010688665156256213,-0.02110998860950787,0.019160462675283884
0.5441544154415441,-0.0010686908591314112,-0.0211098359383293,0.01916023994289494
0.5446544654465446,-0.0010685147370713334,-0.021109683479068025,0.019160017519672706
0.5451545154515451,-0.001068338154447971,-0.021109531231429893,0.019159795405188033
0.5456545654565457,-0.0010681611162511233,-0.021109379195121156,0.01915957359901238
0.5461546154615462,-0.0010679836274577722,-0.021109227369848473,0.019159352100717793
0.5466546654665467,-0.0010678056930320489,-0.02110907575531892,0.019159130909876913
0.5471547154715473,-0.0010676273179252012,-0.021108924351239962,0.019158910026062972
0.5476547654765476,-0.0010674485070755603,-0.021108773157319488,0.0191586894488498
0.5481548154815481,-0.0010672692654085086,-0.021108622173265784,0.019158469177811815
0.5486548654865486,-0.001067089597836448,-0.021108471398787538,0.01915824921252403
0.5491549154915492,-0.0010669095092587682,-0.02110832083359385,0.019158029552562038
0.5496549654965497,-0.0010667290045618162,-0.021108170477394217,0.01915781019750203
0.5501550155015502,-0.001066548088618864,-0.02110802032989854,0.019157591146920783
0.5506550655065507,-0.0010663667662900798,-0.02110787039081713,0.01915737240039566
0.5511551155115513,-0.0010661850424224964,-0.02110772065986069,0.019157153957504613
0.5516551655165516,-0.0010660029218499821,-0.021107571136740333,0.01915693581782618
0.5521552155215521,-0.001065820409393212,-0.021107421821167566,0.019156717980939483
0.5526552655265526,-0.0010656375098596373,-0.021107272712854303,0.019156500446424224
0.5531553155315532,-0.0010654542280434576,-0.021107123811512852,0.019156283213860693
0.5536553655365537,-0.0010652705687255928,-0.021106975116855924,0.019156066282829762
0.5541554155415542,-0.0010650865366736545,-0.02110682662859663,0.019155849652912886
0.5546554655465548,-0.0010649021366419182,-0.02110667834644847,0.019155633323692103
0.5551555155515551,-0.001064717373371297,-0.021106530270125358,0.01915541729475002
0.5556555655565556,-0.001064532251589313,-0.021106382399341587,0.019155201565669834
0.5561556155615561,-0.001064346776010072,-0.021106234733811863,0.01915498613603532
0.5566556655665567,-0.001064160951334237,-0.021106087273251275,0.01915477100543083
0.5571557155715572,-0.0010639747822490018,-0.021105940017375317,0.019154556173441285
0.5576557655765577,-0.0010637882734280655,-0.02110579296589987,0.01915434163965219
0.5581558155815582,-0.0010636014295316075,-0.021105646118541214,0.01915412740364963
0.5586558655865588,-0.0010634142552062625,-0.02110549947501602,0.019153913465020253
0.5591559155915591,-0.0010632267550850958,-0.02110535303504136,0.019153699823351286
0.5596559655965596,-0.0010630389337875793,-0.021105206798334688,0.01915348647823053
0.5601560156015601,-0.0010628507959195672,-0.021105060764613857,0.019153273429246356
0.5606560656065607,-0.0010626623460732727,-0.02110491493359711,0.01915306067598771
0.5611561156115612,-0.0010624735888272448,-0.021104769305003077,0.019152848218044104
0.5616561656165617,-0.0010622845287463452,-0.02110462387855079,0.019152636055005626
0.5621562156215623,-0.0010620951703817262,-0.021104478653959657,0.019152424186462923
0.5626562656265626,-0.0010619055182708075,-0.021104333630949483,0.01915221261200722
0.5631563156315631,-0.0010617155769372557,-0.021104188809240462,0.01915200133123031
0.5636563656365636,-0.0010615253508909613,-0.021104044188553175,0.019151790343724537
0.5641564156415642,-0.0010613348446280185,-0.021103899768608592,0.019151579649082828
0.5646564656465647,-0.0010611440626307038,-0.02110375554912807,0.01915136924689867
0.5651565156515652,-0.0010609530093674553,-0.02110361152983335,0.019151159136766113
0.5656565656565657,-0.001060761689292853,-0.02110346771044656,0.01915094931827977
0.5661566156615663,-0.0010605701068475983,-0.021103324090690215,0.019150739791034817
0.5666566656665666,-0.001060378266458495,-0.02110318067028722,0.019150530554626996
0.5671567156715671,-0.0010601861725384291,-0.02110303744896086,0.019150321608652602
0.5676567656765676,-0.0010599938294863509,-0.021102894426434798,0.019150112952708496
0.5681568156815682,-0.0010598012416872553,-0.02110275160243309,0.019149904586392097
0.5686568656865687,-0.0010596084135121643,-0.02110260897668017,0.019149696509301387
0.5691569156915692,-0.0010594153493181087,-0.02110246654890086,0.019149488721034898
0.5696569656965698,-0.0010592220534481106,-0.021102324318820354,0.019149281221191725
0.5701570157015701,-0.0010590285302311657,-0.02110218228616424,0.019149074009371523
0.5706570657065706,-0.0010588347839822264,-0.021102040450658475,0.01914886708517449
0.5711571157115711,-0.001058640819002185,-0.021101898812029406,0.01914866044820139
0.5716571657165717,-0.0010584466395778577,-0.021101757370003752,0.01914845409805354
0.5721572157215722,-0.0010582522499819678,-0.02110161612430862,0.019148248034332807
0.5726572657265727,-0.0010580576544731307,-0.021101475074671482,0.019148042256641608
0.5731573157315732,-0.0010578628572958373,-0.021101334220820205,0.019147836764582923
0.5736573657365738,-0.00105766786268044,-0.021101193562483026,0.01914763155776027
0.5741574157415741,-0.001057472674843138,-0.021101053099388555,0.019147426635777728
0.5746574657465746,-0.0010572772979859607,-0.02110091283126578,0.019147221998239913
0.5751575157515751,-0.0010570817362967559,-0.021100772757844076,0.019147017644752008
0.5756575657565757,-0.0010568859939491743,-0.021100632878853182,0.01914681357491973
0.5761576157615762,-0.0010566900751026568,-0.021100493194023212,0.01914660978834934
0.5766576657665767,-0.0010564939839024206,-0.021100353703084666,0.01914640628464766
0.5771577157715773,-0.001056297724479446,-0.0211002144057684,0.01914620306342205
0.5776577657765776,-0.0010561013009504645,-0.021100075301805663,0.019146000124280412
0.5781578157815781,-0.0010559047174179457,-0.021099936390928067,0.019145797466831198
0.5786578657865786,-0.0010557079779700853,-0.02109979767286759,0.0191455950906834
0.5791579157915792,-0.0010555110866807933,-0.0210996591473566,0.019145392995446556
0.5796579657965797,-0.0010553140476096824,-0.02109952081412782,0.01914519118073074
0.5801580158015802,-0.0010551168648020573,-0.02109938267291435,0.01914498964614657
0.5806580658065807,-0.0010549195422889029,-0.02109924472344966,0.019144788391305213
0.5811581158115813,-0.0010547220840868745,-0.021099106965467594,0.01914458741581836
0.5816581658165816,-0.0010545244941982865,-0.02109896939870236,0.019144386719298252
0.5821582158215821,-0.0010543267766111033,-0.02109883202288854,0.01914418630135767
0.5826582658265826,-0.0010541289352989291,-0.021098694837761073,0.01914398616160992
0.5831583158315832,-0.0010539309742209984,-0.021098557843055282,0.01914378629966886
0.5836583658365837,-0.0010537328973221668,-0.02109842103850685,0.019143586715148868
0.5841584158415842,-0.0010535347085329026,-0.02109828442385182,0.019143387407664875
0.5846584658465848,-0.0010533364117692769,-0.021098147998826613,0.019143188376832335
0.5851585158515851,-0.0010531380109329571,-0.021098011763168008,0.019142989622267233
0.5856585658565856,-0.0010529395099111974,-0.021097875716613153,0.019142791143586097
0.5861586158615861,-0.001052740912576832,-0.02109773985889956,0.019142592940405982
0.5866586658665867,-0.0010525422227882666,-0.02109760418976511,0.019142395012344476
0.5871587158715872,-0.0010523434443894721,-0.021097468708948033,0.019142197359019696
0.5876587658765877,-0.001052144581209978,-0.021097333416186942,0.019141999980050287
0.5881588158815882,-0.0010519456370648643,-0.0210971983112208,0.01914180287505543
0.5886588658865888,-0.0010517466157547565,-0.021097063393788935,0.019141606043654828
0.5891589158915891,-0.001051547521065819,-0.02109692866363104,0.01914140948546872
0.5896589658965896,-0.00105134835676975,-0.02109679412048716,0.01914121320011786
0.5901590159015901,-0.001051149126623774,-0.021096659764097716,0.019141017187223542
0.5906590659065907,-0.0010509498343706397,-0.021096525594203476,0.019140821446407573
0.5911591159115912,-0.0010507504837386117,-0.021096391610545575,0.019140625977292297
0.5916591659165917,-0.0010505510784414684,-0.021096257812865504,0.019140430779500568
0.5921592159215923,-0.0010503516221784964,-0.021096124200905113,0.01914023585265578
0.5926592659265926,-0.0010501521186344863,-0.021095990774406614,0.019140041196381838
0.5931593159315931,-0.0010499525714797293,-0.021095857533112574,0.019139846810303174
0.5936593659365936,-0.001049752984370013,-0.021095724476765915,0.019139652694044735
0.5941594159415942,-0.001049553360946619,-0.021095591605109917,0.019139458847231998
0.5946594659465947,-0.0010493537048363185,-0.021095458917888225,0.019139265269490953
0.5951595159515952,-0.0010491540196513709,-0.021095326414844823,0.019139071960448114
0.5956595659565957,-0.00104895430898952,-0.02109519409572407,0.01913887891973051
0.5961596159615963,-0.0010487545764339926,-0.021095061960270656,0.019138686146965685
0.5966596659665966,-0.0010485548255534962,-0.021094930008229654,0.019138493641781707
0.5971597159715971,-0.0010483550599022172,-0.021094798239346464,0.019138301403807154
0.5976597659765976,-0.0010481552830198192,-0.02109466665336686,0.01913810943267113
0.5981598159815982,-0.001047955498431442,-0.021094535250036954,0.019137917728003235
0.5986598659865987,-0.0010477557096477009,-0.02109440402910322,0.019137726289433603
0.5991599159915992,-0.0010475559201646853,-0.021094272990312482,0.019137535116592868
0.5996599659965998,-0.0010473561334639588,-0.02109414213341191,0.019137344209112183
0.6001600160016001,-0.0010471563530125585,-0.02109401145814903,0.01913715356662321
0.6006600660066006,-0.0010469565822629958,-0.021093880964271717,0.019136963188758127
0.6011601160116011,-0.0010467568246532559,-0.021093750651528197,0.019136773075149615
0.6016601660166017,-0.0010465570836067984,-0.02109362051966705,0.019136583225430874
0.6021602160216022,-0.001046357362532559,-0.02109349056843719,0.019136393639235603
0.6026602660266027,-0.0010461576648249492,-0.021093360797587894,0.01913620431619802
0.6031603160316032,-0.001045957993863859,-0.021093231206868783,0.01913601525595284
0.6036603660366038,-0.001045758353014657,-0.021093101796029825,0.019135826458135295
0.6041604160416041,-0.0010455587456281931,-0.021092972564821334,0.019135637922381116
0.6046604660466046,-0.0010453591750408007,-0.02109284351299397,0.01913544964832654
0.6051605160516051,-0.0010451596445742986,-0.021092714640298743,0.01913526163560832
0.6056605660566057,-0.0010449601575359929,-0.021092585946487007,0.019135073883863696
0.6061606160616062,-0.0010447607172186812,-0.021092457431310458,0.019134886392730425
0.6066606660666067,-0.0010445613269006542,-0.02109232909452114,0.019134699161846756
0.6071607160716073,-0.0010443619898456997,-0.021092200935871438,0.019134512190851452
0.6076607660766076,-0.0010441627093031062,-0.02109207295511409,0.019134325479383773
0.6081608160816081,-0.0010439634885076661,-0.021091945152002158,0.01913413902708347
0.6086608660866086,-0.00104376433067968,-0.02109181752628907,0.01913395283359081
0.6091609160916092,-0.0010435652390249608,-0.02109169007772858,0.019133766898546546
0.6096609660966097,-0.0010433662167348378,-0.021091562806074788,0.01913358122159194
0.6101610161016102,-0.001043167266986162,-0.021091435711082143,0.019133395802368742
0.6106610661066108,-0.0010429683929413106,-0.02109130879250542,0.01913321064051921
0.6111611161116113,-0.0010427695977481926,-0.021091182050099747,0.019133025735686086
0.6116611661166116,-0.001042570884540253,-0.021091055483620585,0.019132841087512623
0.6121612161216121,-0.0010423722564364796,-0.021090929092823736,0.019132656695642555
0.6126612661266126,-0.0010421737165414086,-0.02109080287746535,0.01913247255972012
0.6131613161316132,-0.0010419752679451297,-0.021090676837301894,0.019132288679390045
0.6136613661366137,-0.0010417769137232938,-0.0210905509720902,0.01913210505429755
0.6141614161416142,-0.0010415786569371182,-0.021090425281587413,0.01913192168408835
0.6146614661466148,-0.0010413805006333943,-0.02109029976555103,0.019131738568408656
0.6151615161516151,-0.0010411824478444938,-0.02109017442373888,0.019131555706905157
0.6156615661566156,-0.001040984501588376,-0.021090049255909134,0.019131373099225045
0.6161616161616161,-0.0010407866648685965,-0.021089924261820284,0.019131190745015996
0.6166616661666167,-0.0010405889406743124,-0.021089799441231172,0.019131008643926174
0.6171617161716172,-0.0010403913319802919,-0.021089674793900972,0.01913082679560424
0.6176617661766177,-0.0010401938417469215,-0.021089550319589184,0.019130645199699325
0.6181618161816183,-0.0010399964729202154,-0.02108942601805565,0.019130463855861066
0.6186618661866188,-0.0010397992284318226,-0.02108930188906054,0.01913028276373958
0.6191619161916191,-0.001039602111199036,-0.021089177932364367,0.019130101922985462
0.6196619661966196,-0.0010394051241248018,-0.02108905414772796,0.019129921333249804
0.6201620162016201,-0.0010392082700977285,-0.021088930534912495,0.01912974099418417
0.6206620662066207,-0.001039011551992095,-0.021088807093679475,0.019129560905440622
0.6211621162116212,-0.0010388149726678626,-0.021088683823790727,0.01912938106667169
0.6216621662166217,-0.0010386185349706822,-0.021088560725008417,0.019129201477530396
0.6221622162216223,-0.0010384222417319055,-0.021088437797095037,0.019129022137670242
0.6226622662266226,-0.0010382260957685957,-0.021088315039813413,0.019128843046745208
0.6231623162316231,-0.0010380300998835362,-0.0210881924529267,0.019128664204409757
0.6236623662366236,-0.001037834256865243,-0.021088070036198368,0.01912848561031883
0.6241624162416242,-0.0010376385694879742,-0.021087947789392235,0.019128307264127852
0.6246624662466247,-0.0010374430405117414,-0.02108782571227244,0.019128129165492717
0.6251625162516252,-0.0010372476726823211,-0.02108770380460344,0.019127951314069806
0.6256625662566258,-0.001037052468731266,-0.02108758206615003,0.01912777370951597
0.6261626162616263,-0.001036857431375916,-0.021087460496677334,0.019127596351488536
0.6266626662666266,-0.0010366625633194116,-0.021087339095950786,0.019127419239645317
0.6271627162716271,-0.001036467867250703,-0.02108721786373616,0.01912724237364459
0.6276627662766276,-0.0010362733458445658,-0.021087096799799553,0.019127065753145107
0.6281628162816282,-0.0010360790017616103,-0.02108697590390738,0.019126889377806103
0.6286628662866287,-0.0010358848376482961,-0.02108685517582639,0.019126713247287274
0.6291629162916292,-0.0010356908561369442,-0.021086734615323642,0.019126537361248797
0.6296629662966298,-0.0010354970598457497,-0.02108661422216654,0.019126361719351316
0.6301630163016301,-0.0010353034513787952,-0.021086493996122783,0.01912618632125595
0.6306630663066306,-0.001035110033326064,-0.021086373936960418,0.019126011166624286
0.6311631163116311,-0.0010349168082634543,-0.021086254044447795,0.019125836255118378
0.6316631663166317,-0.0010347237787527916,-0.0210861343183536,0.019125661586400753
0.6321632163216322,-0.001034530947341844,-0.02108601475844683,0.01912548716013441
0.6326632663266327,-0.0010343383165643356,-0.021085895364496808,0.019125312975982803
0.6331633163316333,-0.0010341458889399605,-0.021085776136273174,0.01912513903360987
0.6336633663366338,-0.001033953666974398,-0.02108565707354589,0.019124965332680002
0.6341634163416341,-0.001033761653159327,-0.021085538176085238,0.01912479187285806
0.6346634663466346,-0.0010335698499724403,-0.021085419443661813,0.01912461865380937
0.6351635163516351,-0.0010333782598774609,-0.02108530087604654,0.01912444567519973
0.6356635663566357,-0.0010331868853241549,-0.02108518247301065,0.01912427293669539
0.6361636163616362,-0.0010329957287483497,-0.021085064234325695,0.01912410043796307
0.6366636663666367,-0.0010328047925719475,-0.021084946159763546,0.01912392817866995
0.6371637163716373,-0.0010326140792029422,-0.021084828249096396,0.019123756158483673
0.6376637663766376,-0.0010324235910354343,-0.02108471050209674,0.019123584377072348
0.6381638163816381,-0.001032233330449648,-0.0210845929185374,0.019123412834104535
0.6386638663866386,-0.0010320432998119462,-0.021084475498191518,0.019123241529249258
0.6391639163916392,-0.001031853501474849,-0.021084358240832532,0.019123070462176008
0.6396639663966397,-0.0010316639377770476,-0.021084241146234212,0.019122899632554726
0.6401640164016402,-0.0010314746110434234,-0.021084124214170635,0.01912272904005581
0.6406640664066408,-0.001031285523585064,-0.021084007444416193,0.019122558684350123
0.6411641164116413,-0.0010310966776992804,-0.021083890836745587,0.01912238856510898
0.6416641664166416,-0.0010309080756696236,-0.021083774390933837,0.01912221868200415
0.6421642164216421,-0.0010307197197659036,-0.021083658106756276,0.019122049034707867
0.6426642664266426,-0.0010305316122442055,-0.021083541983988537,0.01912187962289281
0.6431643164316432,-0.0010303437553469085,-0.021083426022406582,0.019121710446232117
0.6436643664366437,-0.0010301561513027025,-0.02108331022178667,0.01912154150439938
0.6441644164416442,-0.001029968802326608,-0.021083194581905374,0.019121372797068638
0.6446644664466448,-0.0010297817106199925,-0.021083079102539582,0.01912120432391439
0.6451645164516451,-0.0010295948783705907,-0.02108296378346649,0.019121036084611586
0.6456645664566456,-0.001029408307752521,-0.021082848624463597,0.019120868078835625
0.6461646164616461,-0.0010292220009263068,-0.021082733625308714,0.019120700306262357
0.6466646664666467,-0.0010290359600388936,-0.02108261878577997,0.01912053276656808
0.6471647164716472,-0.001028850187223668,-0.021082504105655785,0.01912036545942954
0.6476647664766477,-0.0010286646846004786,-0.0210823895847149,0.019120198384523942
0.6481648164816483,-0.0010284794542756532,-0.021082275222736358,0.01912003154152893
0.6486648664866488,-0.0010282944983420208,-0.021082161019499508,0.019119864930122594
0.6491649164916491,-0.0010281098188789286,-0.021082046974784007,0.019119698549983476
0.6496649664966496,-0.0010279254179522642,-0.02108193308836982,0.019119532400790566
0.6501650165016502,-0.001027741297614474,-0.02108181936003721,0.01911936648222329
0.6506650665066507,-0.0010275574599045844,-0.02108170578956675,0.019119200793961528
0.6511651165116512,-0.0010273739068482211,-0.02108159237673932,0.0191190353356856
0.6516651665166517,-0.0010271906404576312,-0.021081479121336105,0.019118870107076275
0.6521652165216523,-0.0010270076627317015,-0.021081366023138582,0.019118705107814757
0.6526652665266526,-0.0010268249756559815,-0.02108125308192854,0.019118540337582698
0.6531653165316531,-0.0010266425812027026,-0.02108114029748808,0.01911837579606219
0.6536653665366536,-0.0010264604813308,-0.021081027669599586,0.019118211482935767
0.6541654165416542,-0.001026278677985934,-0.02108091519804576,0.019118047397886404
0.6546654665466547,-0.0010260971731005106,-0.021080802882609596,0.019117883540597513
0.6551655165516552,-0.0010259159685937036,-0.021080690723074395,0.019117719910752954
0.6556655665566558,-0.001025735066371476,-0.021080578719223753,0.019117556508037013
0.6561656165616563,-0.001025554468326602,-0.02108046687084157,0.019117393332134427
0.6566656665666566,-0.0010253741763386881,-0.021080355177712052,0.01911723038273036
0.6571657165716571,-0.0010251941922741962,-0.021080243639619696,0.01911706765951042
0.6576657665766577,-0.001025014517986465,-0.021080132256349297,0.01911690516216065
0.6581658165816582,-0.0010248351553157325,-0.021080021027685955,0.019116742890367525
0.6586658665866587,-0.0010246561060891584,-0.021079909953415063,0.01911658084381796
0.6591659165916592,-0.001024477372120847,-0.02107979903332232,0.0191164190221993
0.6596659665966598,-0.0010242989552118695,-0.02107968826719371,0.01911625742519933
0.6601660166016601,-0.0010241208571502875,-0.021079577654815527,0.019116096052506266
0.6606660666066606,-0.0010239430797111743,-0.021079467195974352,0.01911593490380875
0.6611661166116611,-0.0010237656246566403,-0.02107935689045707,0.01911577397879587
0.6616661666166617,-0.0010235884937358545,-0.021079246738050852,0.019115613277157127
0.6621662166216622,-0.0010234116886850683,-0.021079136738543173,0.019115452798582473
0.6626662666266627,-0.00102323521122764,-0.021079026891721798,0.01911529254276228
0.6631663166316633,-0.0010230590630740564,-0.021078917197374793,0.01911513250938734
0.6636663666366638,-0.0010228832459219584,-0.02107880765529051,0.019114972698148897
0.6641664166416641,-0.001022707761456164,-0.021078698265257604,0.01911481310873861
0.6646664666466646,-0.0010225326113486926,-0.02107858902706501,0.019114653740848562
0.6651665166516652,-0.0010223577972587885,-0.021078479940501972,0.01911449459417127
0.6656665666566657,-0.0010221833208329458,-0.02107837100535801,0.019114335668399682
0.6661666166616662,-0.0010220091837049325,-0.021078262221422953,0.019114176963227158
0.6666666666666667,-0.0010218353874958152,-0.021078153588486907,0.0191140184783475
0.6671667166716673,-0.001021661933813983,-0.021078045106340284,0.019113860213454927
0.6676667666766676,-0.0010214888242551735,-0.021077936774773768,0.019113702168244078
0.6681668166816681,-0.001021316060402496,-0.021077828593578353,0.019113544342410024
0.6686668666866686,-0.0010211436438264574,-0.021077720562545307,0.019113386735648257
0.6691669166916692,-0.001020971576084988,-0.021077612681466202,0.01911322934765469
0.6696669666966697,-0.0010207998587234647,-0.02107750495013289,0.01911307217812566
0.6701670167016702,-0.001020628493274738,-0.02107739736833751,0.019112915226757916
0.6706670667066708,-0.0010204574812591569,-0.021077289935872504,0.019112758493248647
0.6711671167116713,-0.0010202868241845939,-0.02107718265253058,0.01911260197729545
0.6716671667166716,-0.001020116523546471,-0.021077075518104754,0.019112445678596338
0.6721672167216721,-0.0010199465808277863,-0.02107696853238832,0.01911228959684975
0.6726672667266727,-0.0010197769974991382,-0.021076861695174854,0.019112133731754546
0.6731673167316732,-0.0010196077750187526,-0.02107675500625823,0.019111978083009996
0.6736673667366737,-0.001019438914832508,-0.021076648465432602,0.019111822650315795
0.6741674167416742,-0.0010192704183739634,-0.021076542072492408,0.01911166743337205
0.6746674667466748,-0.0010191022870643818,-0.021076435827232377,0.019111512431879283
0.6751675167516751,-0.0010189345223127594,-0.021076329729447514,0.019111357645538438
0.6756675667566756,-0.0010187671255158506,-0.02107622377893312,0.01911120307405087
0.6761676167616761,-0.0010186000980581943,-0.021076117975484775,0.019111048717118346
0.6766676667666767,-0.0010184334413121418,-0.021076012318898336,0.019110894574443055
0.6771677167716772,-0.0010182671566378824,-0.021075906808969952,0.019110740645727587
0.6776677667766777,-0.001018101245383471,-0.021075801445496055,0.01911058693067496
0.6781678167816783,-0.001017935708884855,-0.021075696228273353,0.01911043342898859
0.6786678667866788,-0.0010177705484659015,-0.02107559115709884,0.019110280140372318
0.6791679167916791,-0.0010176057654384234,-0.021075486231769795,0.019110127064530382
0.6796679667966796,-0.0010174413611022083,-0.021075381452083774,0.019109974201167442
0.6801680168016802,-0.001017277336745045,-0.021075276817838613,0.019109821549988564
0.6806680668066807,-0.0010171136936427511,-0.021075172328832433,0.01910966911069922
0.6811681168116812,-0.0010169504330592005,-0.021075067984863635,0.019109516883005297
0.6816681668166817,-0.0010167875562463507,-0.021074963785730892,0.019109364866613084
0.6821682168216823,-0.0010166250644442717,-0.02107485973123317,0.019109213061229282
0.6826682668266826,-0.001016462958881173,-0.0210747558211697,0.019109061466561
0.6831683168316831,-0.001016301240773431,-0.02107465205534,0.019108910082315748
0.6836683668366836,-0.0010161399113256184,-0.021074548433543866,0.019108758908201448
0.6841684168416842,-0.0010159789717305314,-0.02107444495558137,0.019108607943926423
0.6846684668466847,-0.001015818423169218,-0.021074341621252858,0.019108457189199405
0.6851685168516852,-0.0010156582668110065,-0.021074238430358962,0.019108306643729527
0.6856685668566858,-0.0010154985038135333,-0.02107413538270058,0.019108156307226325
0.6861686168616863,-0.0010153391353227728,-0.0210740324780789,0.019108006179399745
0.6866686668666866,-0.001015180162473064,-0.021073929716295372,0.019107856259960126
0.6871687168716871,-0.0010150215863871405,-0.021073827097151727,0.019107706548618212
0.6876687668766877,-0.0010148634081761593,-0.021073724620449975,0.01910755704508516
0.6881688168816882,-0.0010147056289397278,-0.021073622285992397,0.019107407749072502
0.6886688668866887,-0.0010145482497659357,-0.021073520093581547,0.0191072586602922
0.6891689168916892,-0.0010143912717313806,-0.021073418043020258,0.019107109778456602
0.6896689668966898,-0.0010142346959011999,-0.02107331613411163,0.019106961103278447
0.6901690169016901,-0.001014078523329098,-0.021073214366659043,0.019106812634470886
0.6906690669066906,-0.0010139227550573766,-0.021073112740466148,0.019106664371747465
0.6911691169116911,-0.0010137673921169633,-0.021073011255336865,0.019106516314822124
0.6916691669166917,-0.0010136124355274413,-0.02107290991107539,0.019106368463409202
0.6921692169216922,-0.0010134578862970786,-0.02107280870748619,0.01910622081722344
0.6926692669266927,-0.0010133037454228579,-0.021072707644374,0.019106073375979957
0.6931693169316933,-0.0010131500138905057,-0.021072606721543832,0.019105926139394293
0.6936693669366938,-0.0010129966926745223,-0.021072505938800966,0.019105779107182367
0.6941694169416941,-0.001012843782738211,-0.02107240529595095,0.01910563227906049
0.6946694669466946,-0.001012691285033709,-0.021072304792799604,0.019105485654745378
0.6951695169516952,-0.0010125392005020152,-0.02107220442915302,0.01910533923395413
0.6956695669566957,-0.0010123875300730228,-0.021072104204817553,0.019105193016404242
0.6961696169616962,-0.0010122362746655474,-0.021072004119599832,0.01910504700181361
0.6966696669666967,-0.0010120854351873573,-0.02107190417330675,0.019104901189900502
0.6971697169716973,-0.0010119350125352043,-0.02107180436574548,0.019104755580383596
0.6976697669766976,-0.0010117850075948534,-0.02107170469672344,0.01910461017298195
0.6981698169816981,-0.0010116354212411133,-0.02107160516604834,0.019104464967415018
0.6986698669866986,-0.0010114862543378661,-0.021071505773528135,0.019104319963402637
0.6991699169916992,-0.0010113375077380994,-0.02107140651897107,0.01910417516066504
0.6996699669966997,-0.001011189182283934,-0.021071307402185633,0.019104030558922843
0.7001700170017002,-0.0010110412788066573,-0.021071208422980593,0.019103886157897054
0.7006700670067008,-0.0010108937981267517,-0.02107110958116498,0.019103741957309062
0.7011701170117013,-0.0010107467410539269,-0.021071010876548085,0.01910359795688065
0.7016701670167016,-0.001010600108387149,-0.02107091230893947,0.01910345415633398
0.7021702170217021,-0.0010104539009146729,-0.02107081387814896,0.01910331055539161
0.7026702670267027,-0.0010103081194140714,-0.02107071558398664,0.019103167153776468
0.7031703170317032,-0.0010101627646522677,-0.021070617426262865,0.01910302395121188
0.7036703670367037,-0.0010100178373855652,-0.021070519404788244,0.01910288094742155
0.7041704170417042,-0.0010098733383596791,-0.02107042151937366,0.01910273814212957
0.7046704670467048,-0.0010097292683097674,-0.021070323769830254,0.01910259553506041
0.7051705170517051,-0.0010095856279604613,-0.021070226155969422,0.019102453125938917
0.7056705670567056,-0.0010094424180258977,-0.021070128677602832,0.01910231091449034
0.7061706170617061,-0.0010092996392097487,-0.021070031334542407,0.019102168900440284
0.7066706670667067,-0.0010091572922052545,-0.021069934126600336,0.019102027083514758
0.7071707170717072,-0.0010090153776952536,-0.021069837053589065,0.019101885463440132
0.7076707670767077,-0.0010088738963522149,-0.0210697401153213,0.01910174403994317
0.7081708170817083,-0.0010087328488382682,-0.021069643311610015,0.019101602812751004
0.7086708670867088,-0.0010085922358052369,-0.021069546642268427,0.01910146178159116
0.7091709170917091,-0.0010084520578946684,-0.02106945010711003,0.019101320946191522
0.7096709670967096,-0.0010083123157378661,-0.021069353705948566,0.019101180306280368
0.7101710171017102,-0.0010081730099559213,-0.021069257438598037,0.019101039861586348
0.7106710671067107,-0.0010080341411597444,-0.02106916130487271,0.019100899611838487
0.7111711171117112,-0.0010078957099500965,-0.0210690653045871,0.019100759556766187
0.7116711671167117,-0.0010077577169176218,-0.021068969437555988,0.019100619696099226
0.7121712171217123,-0.0010076201626428789,-0.021068873703594407,0.01910048002956776
0.7126712671267126,-0.0010074830476963724,-0.021068778102517647,0.019100340556902313
0.7131713171317131,-0.0010073463726385857,-0.021068682634141255,0.019100201277833784
0.7136713671367136,-0.0010072101380200116,-0.021068587298281035,0.019100062192093457
0.7141714171417142,-0.0010070743443811856,-0.021068492094753047,0.01909992329941297
0.7146714671467147,-0.0010069389922527168,-0.021068397023373608,0.019099784599524352
0.7151715171517152,-0.0010068040821553208,-0.02106830208395928,0.01909964609215999
0.7156715671567158,-0.0010066696145998508,-0.021068207276326894,0.019099507777052653
0.7161716171617163,-0.0010065355900873312,-0.021068112600293527,0.01909936965393547
0.7166716671667166,-0.001006402009108988,-0.021068018055676506,0.01909923172254195
0.7171717171717171,-0.0010062688721462821,-0.021067923642293422,0.019099093982605973
0.7176717671767177,-0.0010061361796709417,-0.021067829359962115,0.019098956433861777
0.7181718171817182,-0.001006003932144993,-0.021067735208500672,0.019098819076043976
0.7186718671867187,-0.0010058721300207952,-0.02106764118772744,0.019098681908887555
0.7191719171917192,-0.0010057407737410699,-0.021067547297461017,0.01909854493212786
0.7196719671967198,-0.0010056098637389352,-0.021067453537520247,0.019098408145500612
0.7201720172017201,-0.0010054794004379381,-0.021067359907724233,0.019098271548741896
0.7206720672067206,-0.0010053493842520863,-0.02106726640789233,0.01909813514158816
0.7211721172117211,-0.0010052198155858809,-0.02106717303784413,0.019097998923776217
0.7216721672167217,-0.0010050906948343484,-0.021067079797399486,0.019097862895043255
0.7221722172217222,-0.0010049620223830744,-0.02106698668637851,0.019097727055126818
0.7226722672267227,-0.0010048337986082352,-0.021066893704601544,0.019097591403764814
0.7231723172317233,-0.0010047060238766304,-0.02106680085188919,0.01909745594069552
0.7236723672367238,-0.0010045786985457164,-0.021066708128062304,0.019097320665657575
0.7241724172417241,-0.0010044518229636375,-0.021066615532941983,0.019097185578389977
0.7246724672467246,-0.0010043253974692597,-0.02106652306634957,0.019097050678632092
0.7251725172517252,-0.0010041994223922038,-0.021066430728106662,0.01909691596612364
0.7256725672567257,-0.0010040738980528763,-0.0210663385180351,0.01909678144060471
0.7261726172617262,-0.001003948824762504,-0.021066246435956983,0.019096647101815748
0.7266726672667267,-0.0010038242028231655,-0.021066154481694636,0.01909651294949756
0.7271727172717273,-0.0010037000325278252,-0.02106606265507065,0.019096378983391313
0.7276727672767276,-0.0010035763141603648,-0.021065970955907853,0.019096245203238535
0.7281728172817281,-0.0010034530479956169,-0.021065879384029318,0.019096111608781108
0.7286728672867286,-0.0010033302342993976,-0.02106578793925837,0.019095978199761277
0.7291729172917292,-0.0010032078733285396,-0.021065696621418575,0.019095844975921643
0.7296729672967297,-0.0010030859653309245,-0.021065605430333742,0.019095711937005162
0.7301730173017302,-0.0010029645105455165,-0.02106551436582793,0.01909557908275515
0.7306730673067308,-0.0010028435092023949,-0.02106542342772544,0.01909544641291528
0.7311731173117313,-0.0010027229615227867,-0.021065332615850814,0.019095313927229577
0.7316731673167316,-0.0010026028677191006,-0.021065241930028837,0.019095181625442423
0.7321732173217321,-0.0010024832279949588,-0.021065151370084547,0.019095049507298557
0.7326732673267327,-0.0010023640425452305,-0.021065060935843212,0.01909491757254307
0.7331733173317332,-0.0010022453115560654,-0.02106497062713035,0.019094785820921407
0.7336733673367337,-0.0010021270352049254,-0.02106488044377172,0.019094654252179363
0.7341734173417342,-0.0010020092136606192,-0.02106479038559332,0.019094522866063095
0.7346734673467348,-0.0010018918470833342,-0.021064700452421398,0.019094391662319105
0.7351735173517351,-0.0010017749356246704,-0.021064610644082427,0.019094260640694246
0.7356735673567356,-0.0010016584794276726,-0.021064520960403142,0.01909412980093573
0.7361736173617361,-0.0010015424786268639,-0.0210644314012105,0.01909399914279111
0.7366736673667367,-0.001001426933348279,-0.02106434196633171,0.019093868666008297
0.7371737173717372,-0.0010013118437094974,-0.02106425265559421,0.01909373837033555
0.7376737673767377,-0.0010011972098196756,-0.02106416346882569,0.019093608255521474
0.7381738173817383,-0.0010010830317795814,-0.021064074405854075,0.019093478321315027
0.7386738673867388,-0.0010009693096816263,-0.02106398546650752,0.019093348567465515
0.7391739173917391,-0.001000856043609899,-0.02106389665061443,0.019093218993722592
0.7396739673967396,-0.0010007432336401976,-0.021063807958003444,0.019093089599836258
0.7401740174017402,-0.0010006308798400647,-0.021063719388503436,0.019092960385556856
0.7406740674067407,-0.0010005189822688187,-0.021063630941943523,0.019092831350635088
0.7411741174117412,-0.0010004075409775876,-0.021063542618153054,0.01909270249482199
0.7416741674167417,-0.0010002965560093426,-0.021063454416961617,0.019092573817868944
0.7421742174217423,-0.0010001860273989307,-0.02106336633819904,0.01909244531952769
0.7426742674267426,-0.001000075955173108,-0.02106327838169538,0.019092316999550295
0.7431743174317431,-0.0009999663393505725,-0.02106319054728094,0.01909218885768918
0.7436743674367436,-0.000999857179941999,-0.021063102834786244,0.019092060893697114
0.7441744174417442,-0.00099974847695007,-0.021063015244042065,0.019091933107327198
0.7446744674467447,-0.00099964023036951,-0.021062927774879402,0.019091805498332882
0.7451745174517452,-0.0009995324401871188,-0.021062840427129498,0.01909167806646796
0.7456745674567458,-0.0009994251063818044,-0.02106275320062382,0.019091550811486564
0.7461746174617463,-0.0009993182289246162,-0.021062666095194076,0.019091423733143167
0.7466746674667466,-0.0009992118077787784,-0.0210625791106722,0.019091296831192584
0.7471747174717471,-0.0009991058428997226,-0.021062492246890368,0.019091170105389972
0.7476747674767477,-0.000999000334235122,-0.021062405503680985,0.01909104355549083
0.7481748174817482,-0.0009988952817249238,-0.021062318880876688,0.019090917181250982
0.7486748674867487,-0.0009987906853013819,-0.021062232378310345,0.019090790982426612
0.7491749174917492,-0.0009986865448890917,-0.021062145995815063,0.01909066495877423
0.7496749674967498,-0.0009985828604050216,-0.021062059733224173,0.019090539110050684
0.7501750175017501,-0.0009984796317585468,-0.02106197359037124,0.019090413436013164
0.7506750675067506,-0.000998376858851483,-0.02106188756709006,0.01909028793641919
0.7511751175117511,-0.0009982745415781189,-0.021061801663214662,0.01909016261102663
0.7516751675167517,-0.0009981726798252491,-0.021061715878579298,0.019090037459593673
0.7521752175217522,-0.0009980712734722079,-0.021061630213018462,0.01908991248187886
0.7526752675267527,-0.0009979703223909019,-0.021061544666366862,0.01908978767764106
0.7531753175317533,-0.000997869826445844,-0.021061459238459455,0.019089663046639466
0.7536753675367538,-0.000997769785494185,-0.021061373929131412,0.019089538588633624
0.7541754175417541,-0.0009976701993857481,-0.021061288738218133,0.0190894143033834
0.7546754675467546,-0.0009975710679630612,-0.021061203665555257,0.019089290190649002
0.7551755175517552,-0.0009974723910613906,-0.02106111871097864,0.019089166250190966
0.7556755675567557,-0.0009973741685087732,-0.021061033874324377,0.01908904248177016
0.7561756175617562,-0.0009972764001260502,-0.02106094915542878,0.019088918885147785
0.7566756675667567,-0.0009971790857269004,-0.02106086455412839,0.019088795460085378
0.7571757175717573,-0.0009970822251178719,-0.021060780070259983,0.019088672206344796
0.7576757675767576,-0.0009969858180984173,-0.021060695703660554,0.01908854912368824
0.7581758175817581,-0.0009968898644609242,-0.021060611454167325,0.019088426211878232
0.7586758675867586,-0.0009967943639907501,-0.021060527321617745,0.019088303470677626
0.7591759175917592,-0.0009966993164662549,-0.02106044330584949,0.019088180899849604
0.7596759675967597,-0.0009966047216588328,-0.02106035940670046,0.01908805849915768
0.7601760176017602,-0.0009965105793329472,-0.021060275624008775,0.019087936268365694
0.7606760676067608,-0.0009964168892461617,-0.021060191957612794,0.019087814207237812
0.7611761176117613,-0.0009963236511491742,-0.021060108407351088,0.019087692315538533
0.7616761676167616,-0.0009962308647858491,-0.02106002497306245,0.019087570593032677
0.7621762176217621,-0.0009961385298932512,-0.02105994165458591,0.019087449039485394
0.7626762676267627,-0.000996046646201677,-0.021059858451760706,0.019087327654662156
0.7631763176317632,-0.000995955213434689,-0.02105977536442631,0.019087206438328768
0.7636763676367637,-0.0009958642313091478,-0.021059692392422415,0.01908708539025135
0.7641764176417642,-0.000995773699535245,-0.021059609535588934,0.019086964510196355
0.7646764676467648,-0.0009956836178165356,-0.021059526793766003,0.019086843797930558
0.7651765176517651,-0.000995593985849972,-0.021059444166793978,0.01908672325322106
0.7656765676567656,-0.0009955048033259352,-0.021059361654513442,0.01908660287583527
0.7661766176617661,-0.0009954160699282685,-0.021059279256765193,0.019086482665540944
0.7666766676667667,-0.0009953277853343098,-0.021059196973390253,0.019086362622106147
0.7671767176717672,-0.000995239949214924,-0.021059114804229867,0.01908624274529926
0.7676767676767677,-0.0009951525612345372,-0.021059032749125496,0.019086123034889
0.7681768176817683,-0.0009950656210511665,-0.021058950807918822,0.019086003490644397
0.7686768676867688,-0.0009949791283164558,-0.021058868980451752,0.019085884112334802
0.7691769176917691,-0.0009948930826757054,-0.021058787266566403,0.019085764899729882
0.7696769676967696,-0.0009948074837679074,-0.021058705666105123,0.019085645852599635
0.7701770177017702,-0.0009947223312257753,-0.021058624178910464,0.01908552697071437
0.7706770677067707,-0.0009946376246757792,-0.02105854280482521,0.019085408253844714
0.7711771177117712,-0.0009945533637381765,-0.021058461543692356,0.019085289701761616
0.7716771677167718,-0.000994469548027045,-0.021058380395355118,0.019085171314236343
0.7721772177217723,-0.0009943861771503151,-0.021058299359656932,0.019085053091040475
0.7726772677267726,-0.0009943032507098023,-0.02105821843644144,0.019084935031945915
0.7731773177317731,-0.00099422076830124,-0.021058137625552514,0.019084817136724882
0.7736773677367736,-0.0009941387295143106,-0.021058056926834236,0.019084699405149907
0.7741774177417742,-0.0009940571339326796,-0.021057976340130905,0.019084581836993835
0.7746774677467747,-0.0009939759811340258,-0.02105789586528704,0.019084464432029838
0.7751775177517752,-0.0009938952706900755,-0.021057815502147373,0.019084347190031388
0.7756775677567758,-0.0009938150021666335,-0.02105773525055685,0.01908423011077228
0.7761776177617763,-0.0009937351751236156,-0.021057655110360632,0.019084113194026624
0.7766776677667766,-0.0009936557891150805,-0.021057575081404097,0.019083996439568842
0.7771777177717771,-0.000993576843689263,-0.021057495163532843,0.019083879847173666
0.7776777677767777,-0.0009934983383886042,-0.021057415356592668,0.01908376341661614
0.7781778177817782,-0.0009934202727497857,-0.0210573356604296,0.019083647147671627
0.7786778677867787,-0.0009933426463037598,-0.02105725607488987,0.019083531040115797
0.7791779177917793,-0.0009932654585757823,-0.021057176599819923,0.01908341509372463
0.7796779677967798,-0.0009931887090854448,-0.021057097235066425,0.01908329930827442
0.7801780178017801,-0.0009931123973467059,-0.02105701798047625,0.019083183683541775
0.7806780678067806,-0.0009930365228679235,-0.021056938835896478,0.019083068219303608
0.7811781178117811,-0.0009929610851518867,-0.021056859801174412,0.019082952915337136
0.7816781678167817,-0.000992886083695847,-0.021056780876157564,0.019082837771419895
0.7821782178217822,-0.0009928115179915513,-0.02105670206069365,0.01908272278732973
0.7826782678267827,-0.0009927373875252721,-0.021056623354630613,0.019082607962844788
0.7831783178317833,-0.0009926636917778403,-0.02105654475781659,0.019082493297743523
0.7836783678367838,-0.0009925904302246769,-0.02105646627009994,0.01908237879180471
0.7841784178417841,-0.0009925176023358238,-0.021056387891329225,0.01908226444480741
0.7846784678467846,-0.0009924452075759764,-0.021056309621353225,0.01908215025653101
0.7851785178517852,-0.000992373245404514,-0.021056231460020926,0.019082036226755195
0.7856785678567857,-0.0009923017152755325,-0.021056153407181522,0.019081922355259955
0.7861786178617862,-0.000992230616637875,-0.02105607546268442,0.01908180864182558
0.7866786678667868,-0.000992159948935164,-0.02105599762637923,0.019081695086232683
0.7871787178717873,-0.000992089711605832,-0.02105591989811578,0.019081581688262163
0.7876787678767876,-0.0009920199040831532,-0.021055842277744093,0.01908146844769523
0.7881788178817881,-0.0009919505257952753,-0.02105576476511442,0.0190813553643134
0.7886788678867886,-0.0009918815761652499,-0.0210556873600772,0.019081242437898487
0.7891789178917892,-0.0009918130546110642,-0.021055610062483087,0.019081129668232614
0.7896789678967897,-0.0009917449605456724,-0.02105553287218295,0.019081017055098203
0.7901790179017902,-0.0009916772933770267,-0.021055455789027854,0.01908090459827798
0.7906790679067908,-0.0009916100525081076,-0.021055378812869074,0.019080792297554966
0.7911791179117913,-0.0009915432373369568,-0.02105530194355809,0.01908068015271249
0.7916791679167916,-0.000991476847256706,-0.0210552251809466,0.019080568163534185
0.7921792179217921,-0.0009914108816556097,-0.021055148524886488,0.01908045632980397
0.7926792679267927,-0.0009913453399170754,-0.02105507197522986,0.019080344651306085
0.7931793179317932,-0.0009912802214196942,-0.02105499553182902,0.019080233127825048
0.7936793679367937,-0.0009912155255372718,-0.021054919194536476,0.019080121759145686
0.7941794179417943,-0.0009911512516388604,-0.021054842963204944,0.01908001054505313
0.7946794679467948,-0.0009910873990887875,-0.021054766837687342,0.0190798994853328
0.7951795179517951,-0.0009910239672466883,-0.0210546908178368,0.01907978857977042
0.7956795679567956,-0.000990960955467535,-0.021054614903506637,0.019079677828152005
0.7961796179617961,-0.0009908983631016692,-0.02105453909455039,0.019079567230263873
0.7966796679667967,-0.0009908361894948303,-0.02105446339082179,0.01907945678589264
0.7971797179717972,-0.0009907744339881879,-0.021054387792174778,0.01907934649482521
0.7976797679767977,-0.0009907130959183707,-0.02105431229846349,0.01907923635684879
0.7981798179817983,-0.0009906521746174987,-0.02105423690954227,0.01907912637175088
0.7986798679867988,-0.0009905916694132118,-0.02105416162526566,0.01907901653931927
0.7991799179917991,-0.0009905315796287012,-0.02105408644548841,0.01907890685934206
0.7996799679967996,-0.0009904719045827398,-0.021054011370065472,0.019078797331607625
0.8001800180018002,-0.0009904126435897114,-0.02105393639885199,0.019078687955904644
0.8006800680068007,-0.000990353795959642,-0.021053861531703313,0.019078578732022088
0.8011801180118012,-0.0009902953609982296,-0.021053786768474997,0.01907846965974922
0.8016801680168018,-0.0009902373380068735,-0.02105371210902279,0.0190783607388756
0.8021802180218023,-0.0009901797262827055,-0.02105363755320265,0.019078251969191072
0.8026802680268026,-0.0009901225251186198,-0.021053563100870722,0.019078143350485775
0.8031803180318031,-0.0009900657338033016,-0.021053488751883367,0.019078034882550145
0.8036803680368036,-0.0009900093516212584,-0.021053414506097125,0.019077926565174902
0.8041804180418042,-0.0009899533778528497,-0.021053340363368755,0.019077818398151057
0.8046804680468047,-0.0009898978117743155,-0.0210532663235552,0.019077710381269916
0.8051805180518052,-0.0009898426526578081,-0.021053192386513615,0.019077602514323066
0.8056805680568058,-0.0009897878997714197,-0.02105311855210134,0.019077494797102395
0.8061806180618063,-0.0009897335523792134,-0.021053044820175917,0.01907738722940007
0.8066806680668066,-0.0009896796097412519,-0.021052971190595095,0.019077279811008548
0.8071807180718071,-0.0009896260711136282,-0.02105289766321681,0.01907717254172058
0.8076807680768077,-0.0009895729357484939,-0.021052824237899195,0.0190770654213292
0.8081808180818082,-0.0009895202028940885,-0.02105275091450059,0.01907695844962773
0.8086808680868087,-0.0009894678717947702,-0.021052677692879516,0.019076851626409777
0.8091809180918093,-0.0009894159416910437,-0.021052604572894706,0.01907674495146924
0.8096809680968098,-0.00098936441181959,-0.021052531554405084,0.019076638424600296
0.8101810181018101,-0.000989313281413296,-0.021052458637269764,0.01907653204559742
0.8106810681068106,-0.0009892625497012828,-0.02105238582134806,0.01907642581425535
0.8111811181118112,-0.0009892122159089356,-0.021052313106499482,0.01907631973036914
0.8116811681168117,-0.0009891622792579321,-0.021052240492583734,0.019076213793734104
0.8121812181218122,-0.0009891127389662715,-0.021052167979460714,0.019076108004145848
0.8126812681268127,-0.0009890635942483043,-0.02105209556699052,0.01907600236140026
0.8131813181318133,-0.0009890148443147601,-0.02105202325503343,0.019075896865293516
0.8136813681368138,-0.0009889664883727767,-0.021051951043449937,0.019075791515622074
0.8141814181418141,-0.0009889185256259287,-0.021051878932100705,0.019075686312182667
0.8146814681468146,-0.000988870955274257,-0.02105180692084661,0.01907558125477232
0.8151815181518152,-0.0009888237765142967,-0.02105173500954871,0.019075476343188333
0.8156815681568157,-0.0009887769885391054,-0.021051663198068265,0.01907537157722829
0.8161816181618162,-0.0009887305905382923,-0.021051591486266712,0.019075266956690057
0.8166816681668168,-0.0009886845816980468,-0.0210515198740057,0.01907516248137178
0.8171817181718173,-0.000988638961201166,-0.021051448361147054,0.01907505815107188
0.8176817681768176,-0.0009885937282270837,-0.0210513769475528,0.019074953965589066
0.8181818181818181,-0.0009885488819518992,-0.021051305633085153,0.019074849924722324
0.8186818681868187,-0.0009885044215484041,-0.02105123441760652,0.019074746028270913
0.8191819181918192,-0.0009884603461861115,-0.021051163300979496,0.01907464227603438
0.8196819681968197,-0.0009884166550312838,-0.021051092283066866,0.019074538667812543
0.8201820182018202,-0.0009883733472469609,-0.021051021363731614,0.0190744352034055
0.8206820682068208,-0.0009883304219929876,-0.021050950542836903,0.01907433188261363
0.8211821182118213,-0.0009882878784260426,-0.021050879820246095,0.019074228705237582
0.8216821682168216,-0.0009882457156996653,-0.021050809195822737,0.01907412567107829
0.8221822182218221,-0.0009882039329642842,-0.021050738669430566,0.01907402277993696
0.8226822682268227,-0.0009881625293672437,-0.021050668240933507,0.019073920031615066
0.8231823182318232,-0.0009881215040528338,-0.02105059791019568,0.019073817425914373
0.8236823682368237,-0.0009880808561623148,-0.021050527677081383,0.019073714962636913
0.8241824182418243,-0.000988040584833948,-0.02105045754145511,0.019073612641584994
0.8246824682468248,-0.0009880006892030203,-0.02105038750318155,0.019073510462561193
0.8251825182518251,-0.0009879611684018741,-0.021050317562125557,0.019073408425368372
0.8256825682568256,-0.0009879220215599325,-0.021050247718152195,0.019073306529809656
0.8261826182618262,-0.000987883247803728,-0.021050177971126707,0.019073204775688454
0.8266826682668267,-0.0009878448462569296,-0.02105010832091452,0.019073103162808434
0.8271827182718272,-0.000987806816040369,-0.021050038767381256,0.01907300169097355
0.8276827682768277,-0.0009877691562720694,-0.021049969310392713,0.019072900359988015
0.8281828182818283,-0.0009877318660672704,-0.021049899949814883,0.019072799169656332
0.8286828682868288,-0.0009876949445384567,-0.021049830685513943,0.01907269811978326
0.8291829182918291,-0.0009876583907953843,-0.021049761517356255,0.019072597210173826
0.8296829682968296,-0.0009876222039451076,-0.021049692445208365,0.019072496440633347
0.8301830183018302,-0.0009875863830920062,-0.021049623468937004,0.01907239581096739
0.8306830683068307,-0.0009875509273378107,-0.021049554588409087,0.019072295320981803
0.8311831183118312,-0.000987515835781631,-0.021049485803491724,0.019072194970482705
0.8316831683168318,-0.0009874811075199813,-0.021049417114052196,0.019072094759276473
0.8321832183218323,-0.0009874467416468079,-0.02104934851995797,0.019071994687169764
0.8326832683268326,-0.000987412737253515,-0.021049280021076713,0.019071894753969493
0.8331833183318331,-0.0009873790934289905,-0.02104921161727625,0.01907179495948286
0.8336833683368337,-0.0009873458092596338,-0.02104914330842461,0.01907169530351731
0.8341834183418342,-0.000987312883829381,-0.021049075094389996,0.019071595785880576
0.8346834683468347,-0.000987280316219731,-0.021049006975040797,0.019071496406380645
0.8351835183518352,-0.0009872481055097726,-0.021048938950245583,0.01907139716482577
0.8356835683568358,-0.0009872162507762094,-0.021048871019873107,0.019071298061024484
0.8361836183618363,-0.0009871847510933868,-0.021048803183792302,0.01907119909478557
0.8366836683668366,-0.000987153605533317,-0.02104873544187229,0.019071100265918083
0.8371837183718371,-0.0009871228131657056,-0.021048667793982366,0.019071001574231344
0.8376837683768377,-0.0009870923730579768,-0.021048600239992013,0.019070903019534936
0.8381838183818382,-0.0009870622842752998,-0.02104853277977089,0.019070804601638708
0.8386838683868387,-0.0009870325458806138,-0.02104846541318884,0.019070706320352775
0.8391839183918393,-0.000987003156934654,-0.021048398140115887,0.019070608175487513
0.8396839683968398,-0.0009869741164959772,-0.021048330960422232,0.019070510166853558
0.8401840184018401,-0.0009869454236209863,-0.021048263873978262,0.019070412294261815
0.8406840684068406,-0.0009869170773639574,-0.021048196880654537,0.019070314557523445
0.8411841184118412,-0.0009868890767770636,-0.021048129980321805,0.019070216956449882
0.8416841684168417,-0.0009868614209104004,-0.021048063172850982,0.01907011949085281
0.8421842184218422,-0.0009868341088120122,-0.021047996458113175,0.019070022160544178
0.8426842684268427,-0.0009868071395279158,-0.021047929835979664,0.0190699249653362
0.8431843184318433,-0.0009867805121021264,-0.02104786330632191,0.019069827905041345
0.8436843684368438,-0.0009867542255766817,-0.021047796869011544,0.019069730979472347
0.8441844184418441,-0.0009867282789916684,-0.021047730523920387,0.019069634188442198
0.8446844684468446,-0.0009867026713852453,-0.021047664270920433,0.019069537531764148
0.8451845184518452,-0.0009866774017936687,-0.02104759810988385,0.01906944100925171
0.8456845684568457,-0.0009866524692513177,-0.021047532040682992,0.01906934462071865
0.8461846184618462,-0.0009866278727907176,-0.02104746606319038,0.019069248365979
0.8466846684668468,-0.0009866036114425658,-0.021047400177278724,0.019069152244847044
0.8471847184718473,-0.0009865796842357553,-0.021047334382820897,0.019069056257137326
0.8476847684768476,-0.0009865560901973992,-0.021047268679689958,0.019068960402664648
0.8481848184818481,-0.0009865328283528557,-0.021047203067759142,0.01906886468124407
0.8486848684868487,-0.0009865098977257518,-0.02104713754690185,0.019068769092690906
0.8491849184918492,-0.0009864872973380076,-0.021047072116991677,0.019068673636820726
0.8496849684968497,-0.0009864650262098602,-0.021047006777902375,0.01906857831344936
0.8501850185018502,-0.0009864430833598885,-0.021046941529507878,0.019068483122392888
0.8506850685068508,-0.0009864214678050364,-0.0210468763716823,0.019068388063467653
0.8511851185118513,-0.0009864001785606369,-0.021046811304299924,0.019068293136490246
0.8516851685168516,-0.0009863792146404366,-0.021046746327235206,0.019068198341277515
0.8521852185218521,-0.0009863585750566183,-0.021046681440362786,0.019068103677646563
0.8526852685268527,-0.000986338258819826,-0.02104661664355747,0.019068009145414743
0.8531853185318532,-0.000986318264939187,-0.021046551936694233,0.01906791474439967
0.8536853685368537,-0.0009862985924223371,-0.021046487319648234,0.019067820474419205
0.8541854185418543,-0.0009862792402754428,-0.0210464227922948,0.019067726335291458
0.8546854685468548,-0.0009862602075032258,-0.021046358354509433,0.019067632326834807
0.8551855185518551,-0.000986241493108985,-0.021046294006167806,0.019067538448867865
0.8556855685568556,-0.0009862230960946208,-0.02104622974714577,0.019067444701209506
0.8561856185618562,-0.0009862050154606586,-0.021046165577319333,0.019067351083678852
0.8566856685668567,-0.0009861872502062703,-0.021046101496564697,0.01906725759609528
0.8571857185718572,-0.0009861697993292994,-0.021046037504758218,0.019067164238278415
0.8576857685768577,-0.0009861526618262823,-0.021045973601776433,0.01906707101004813
0.8581858185818583,-0.000986135836692472,-0.02104590978749605,0.019066977911224553
0.8586858685868588,-0.000986119322921861,-0.021045846061793938,0.01906688494162806
0.8591859185918591,-0.0009861031195072037,-0.021045782424547153,0.019066792101079272
0.8596859685968596,-0.0009860872254400393,-0.021045718875632908,0.019066699389399068
0.8601860186018602,-0.0009860716397107146,-0.021045655414928595,0.019066606806408565
0.8606860686068607,-0.0009860563613084054,-0.02104559204231177,0.019066514351929135
0.8611861186118612,-0.0009860413892211412,-0.021045528757660165,0.019066422025782397
0.8616861686168618,-0.000986026722435825,-0.021045465560851677,0.019066329827790215
0.8621862186218623,-0.000986012359938258,-0.021045402451764377,0.019066237757774707
0.8626862686268626,-0.0009859983007131598,-0.021045339430276498,0.019066145815558228
0.8631863186318631,-0.0009859845437441921,-0.02104527649626645,0.01906605400096339
0.8636863686368637,-0.0009859710880139796,-0.021045213649612805,0.019065962313813044
0.8641864186418642,-0.0009859579325041334,-0.02104515089019431,0.019065870753930285
0.8646864686468647,-0.0009859450761952715,-0.021045088217889873,0.019065779321138464
0.8651865186518652,-0.0009859325180670414,-0.021045025632578578,0.019065688015261168
0.8656865686568658,-0.0009859202570981424,-0.02104496313413967,0.019065596836122228
0.8661866186618663,-0.0009859082922663463,-0.02104490072245257,0.019065505783545728
0.8666866686668666,-0.0009858966225485192,-0.021044838397396855,0.01906541485735599
0.8671867186718671,-0.0009858852469206445,-0.02104477615885228,0.01906532405737758
0.8676867686768677,-0.000985874164357842,-0.021044714006698755,0.019065233383435312
0.8681868186818682,-0.0009858633738343918,-0.02104465194081637,0.019065142835354234
0.8686868686868687,-0.0009858528743237538,-0.021044589961085373,0.019065052412959648
0.8691869186918693,-0.0009858426647985895,-0.021044528067386183,0.019064962116077087
0.8696869686968698,-0.0009858327442307838,-0.021044466259599378,0.019064871944532342
0.8701870187018701,-0.0009858231115914661,-0.02104440453760571,0.019064781898151428
0.8706870687068706,-0.00098581376585103,-0.02104434290128609,0.01906469197676061
0.8711871187118712,-0.0009858047059791563,-0.0210442813505216,0.019064602180186397
0.8716871687168717,-0.0009857959309448317,-0.021044219885193477,0.019064512508255537
0.8721872187218722,-0.000985787439716372,-0.02104415850518314,0.019064422960795014
0.8726872687268727,-0.0009857792312614405,-0.021044097210372155,0.019064333537632053
0.8731873187318733,-0.000985771304547071,-0.021044036000642263,0.019064244238594128
0.8736873687368738,-0.0009857636585396863,-0.021043974875875365,0.01906415506350894
0.8741874187418741,-0.0009857562922051203,-0.021043913835953526,0.019064066012204436
0.8746874687468746,-0.0009857492045086374,-0.021043852880758978,0.019063977084508802
0.8751875187518752,-0.0009857423944149536,-0.021043792010174114,0.01906388828025046
0.8756875687568757,-0.0009857358608882563,-0.02104373122408149,0.01906379959925807
0.8761876187618762,-0.0009857296028922252,-0.02104367052236382,0.01906371104136053
0.8766876687668768,-0.0009857236193900514,-0.021043609904903997,0.01906362260638698
0.8771877187718773,-0.0009857179093444588,-0.021043549371585056,0.019063534294166795
0.8776877687768776,-0.0009857124717177225,-0.02104348892229021,0.01906344610452958
0.8781878187818781,-0.0009857073054716904,-0.021043428556902825,0.019063358037305186
0.8786878687868787,-0.0009857024095678024,-0.021043368275306434,0.019063270092323698
0.8791879187918792,-0.0009856977829671093,-0.021043308077384727,0.01906318226941543
0.8796879687968797,-0.0009856934246302938,-0.021043247963021563,0.019063094568410936
0.8801880188018802,-0.0009856893335176895,-0.021043187932100953,0.019063006989141013
0.8806880688068808,-0.0009856855085893007,-0.021043127984507075,0.019062919531436677
0.8811881188118813,-0.0009856819488048214,-0.021043068120124266,0.019062832195129196
0.8816881688168816,-0.0009856786531236555,-0.021043008338837026,0.019062744980050058
0.8821882188218821,-0.000985675620504935,-0.02104294864053001,0.01906265788603099
0.8826882688268827,-0.0009856728499075408,-0.021042889025088038,0.019062570912903955
0.8831883188318832,-0.0009856703402901204,-0.021042829492396088,0.019062484060501147
0.8836883688368837,-0.0009856680906111077,-0.021042770042339294,0.01906239732865499
0.8841884188418843,-0.0009856660998287417,-0.02104271067480296,0.019062310717198147
0.8846884688468848,-0.0009856643669010861,-0.021042651389672536,0.01906222422596351
0.8851885188518851,-0.0009856628907860476,-0.02104259218683364,0.019062137854784205
0.8856885688568856,-0.0009856616704413948,-0.021042533066172046,0.01906205160349358
0.8861886188618862,-0.0009856607048247766,-0.02104247402757369,0.01906196547192523
0.8866886688668867,-0.0009856599928937421,-0.021042415070924657,0.019061879459912973
0.8871887188718872,-0.000985659533605757,-0.0210423561961112,0.01906179356729085
0.8876887688768877,-0.0009856593259182248,-0.021042297403019723,0.019061707793893143
0.8881888188818883,-0.0009856593687885024,-0.021042238691536794,0.01906162213955436
0.8886888688868888,-0.0009856596611739208,-0.02104218006154913,0.01906153660410925
0.8891889188918891,-0.000985660202031802,-0.02104212151294362,0.019061451187392765
0.8896889688968896,-0.0009856609903194779,-0.021042063045607292,0.019061365889240112
0.8901890189018902,-0.0009856620249943074,-0.021042004659427342,0.019061280709486716
0.8906890689068907,-0.0009856633050136958,-0.02104194635429112,0.019061195647968227
0.8911891189118912,-0.0009856648293351117,-0.02104188813008613,0.019061110704520535
0.8916891689168918,-0.0009856665969161058,-0.02104182998670004,0.019061025878979742
0.8921892189218923,-0.0009856686067143275,-0.02104177192402066,0.01906094117118219
0.8926892689268926,-0.0009856708576875442,-0.02104171394193597,0.019060856580964444
0.8931893189318931,-0.0009856733487936568,-0.0210416560403341,0.019060772108163294
0.8936893689368937,-0.00098567607899072,-0.021041598219103327,0.01906068775261576
0.8941894189418942,-0.0009856790472369573,-0.0210415404781321,0.019060603514159086
0.8946894689468947,-0.0009856822524907803,-0.02104148281730901,0.019060519392630742
0.8951895189518952,-0.000985685693710805,-0.021041425236522804,0.019060435387868422
0.8956895689568958,-0.000985689369855869,-0.02104136773566239,0.019060351499710054
0.8961896189618963,-0.000985693279885049,-0.021041310314616823,0.01906026772799378
0.8966896689668966,-0.0009856974227576793,-0.021041252973275314,0.019060184072557967
0.8971897189718971,-0.0009857017974333657,-0.021041195711527235,0.019060100533241215
0.8976897689768977,-0.0009857064028720058,-0.021041138529262097,0.019060017109882345
0.8981898189818982,-0.0009857112380338034,-0.021041081426369578,0.019059933802320395
0.8986898689868987,-0.000985716301879287,-0.0210410244027395,0.019059850610394637
0.8991899189918993,-0.0009857215933693254,-0.021040967458261846,0.019059767533944557
0.8996899689968998,-0.0009857271114651458,-0.021040910592826742,0.01905968457280987
0.9001900190019001,-0.000985732855128348,-0.021040853806324478,0.019059601726830504
0.9006900690069006,-0.0009857388233209237,-0.021040797098645488,0.019059518995846625
0.9011901190119012,-0.0009857450150052712,-0.021040740469680356,0.01905943637969861
0.9016901690169017,-0.0009857514291442123,-0.02104068391931983,0.019059353878227055
0.9021902190219022,-0.0009857580647010082,-0.021040627447454795,0.019059271491272785
0.9026902690269027,-0.0009857649206393762,-0.021040571053976297,0.019059189218676845
0.9031903190319033,-0.000985771995923506,-0.02104051473877553,0.01905910706028049
0.9036903690369038,-0.0009857792895180755,-0.021040458501743842,0.019059025015925213
0.9041904190419041,-0.000985786800388266,-0.021040402342772727,0.019058943085452716
0.9046904690469046,-0.0009857945274997797,-0.02104034626175383,0.01905886126870492
0.9051905190519052,-0.0009858024698188542,-0.02104029025857895,0.019058779565523966
0.9056905690569057,-0.0009858106263122793,-0.021040234333140038,0.019058697975752218
0.9061906190619062,-0.0009858189959474116,-0.021040178485329186,0.01905861649923226
0.9066906690669068,-0.0009858275776921915,-0.021040122715038644,0.019058535135806888
0.9071907190719073,-0.000985836370515157,-0.02104006702216081,0.01905845388531912
0.9076907690769076,-0.0009858453733854612,-0.021040011406588233,0.019058372747612188
0.9081908190819081,-0.0009858545852728855,-0.0210399558682136,0.019058291722529555
0.9086908690869087,-0.0009858640051478567,-0.02103990040692976,0.01905821080991488
0.9091909190919092,-0.000985873631981462,-0.021039845022629705,0.019058130009612057
0.9096909690969097,-0.0009858834647454625,-0.02103978971520658,0.01905804932146519
0.9101910191019102,-0.000985893502412311,-0.021039734484553672,0.019057968745318597
0.9106910691069108,-0.0009859037439551648,-0.021039679330564418,0.019057888281016813
0.9111911191119113,-0.0009859141883479011,-0.021039624253132407,0.019057807928404592
0.9116911691169116,-0.0009859248345651331,-0.02103956925215137,0.019057727687326904
0.9121912191219121,-0.0009859356815822235,-0.02103951432751519,0.019057647557628933
0.9126912691269127,-0.000985946728375299,-0.021039459479117898,0.01905756753915607
0.9131913191319132,-0.0009859579739212665,-0.021039404706853664,0.019057487631753935
0.9136913691369137,-0.0009859694171978264,-0.02103935001061681,0.01905740783526835
0.9141914191419143,-0.0009859810571834873,-0.02103929539030181,0.019057328149545354
0.9146914691469148,-0.0009859928928575806,-0.02103924084580328,0.01905724857443121
0.9151915191519151,-0.0009860049232002749,-0.02103918637701598,0.019057169109772377
0.9156915691569156,-0.0009860171471925902,-0.021039131983834815,0.019057089755415542
0.9161916191619162,-0.000986029563816412,-0.02103907766615484,0.019057010511207593
0.9166916691669167,-0.0009860421720545055,-0.021039023423871258,0.019056931376995642
0.9171917191719172,-0.0009860549708905297,-0.021038969256879415,0.019056852352627007
0.9176917691769177,-0.0009860679593090517,-0.021038915165074796,0.019056773437949214
0.9181918191819183,-0.0009860811362955597,-0.021038861148353037,0.01905669463281001
0.9186918691869188,-0.0009860945008364774,-0.021038807206609923,0.019056615937057344
0.9191919191919191,-0.0009861080519191782,-0.021038753339741374,0.019056537350539384
0.9196919691969196,-0.0009861217885319983,-0.02103869954764346,0.019056458873104504
0.9201920192019202,-0.0009861357096642503,-0.021038645830212397,0.01905638050460129
0.9206920692069207,-0.0009861498143062368,-0.021038592187344544,0.019056302244878538
0.9211921192119212,-0.000986164101449264,-0.021038538618936398,0.019056224093785254
0.9216921692169218,-0.0009861785700856552,-0.021038485124884605,0.019056146051170654
0.9221922192219223,-0.0009861932192087638,-0.021038431705085955,0.01905606811688416
0.9226922692269226,-0.0009862080478129866,-0.021038378359437383,0.01905599029077541
0.9231923192319231,-0.0009862230548937773,-0.021038325087835957,0.01905591257269424
0.9236923692369237,-0.0009862382394476591,-0.0210382718901789,0.01905583496249071
0.9241924192419242,-0.0009862536004722382,-0.02103821876636357,0.01905575746001507
0.9246924692469247,-0.0009862691369662165,-0.021038165716287475,0.01905568006511779
0.9251925192519252,-0.0009862848479294045,-0.021038112739848253,0.019055602777649547
0.9256925692569258,-0.0009863007323627337,-0.021038059836943696,0.019055525597461223
0.9261926192619263,-0.0009863167892682704,-0.02103800700747173,0.0190554485244039
0.9266926692669266,-0.0009863330176492274,-0.02103795425133043,0.01905537155832888
0.9271927192719271,-0.0009863494165099768,-0.021037901568418005,0.019055294699087663
0.9276927692769277,-0.0009863659848560625,-0.02103784895863281,0.019055217946531953
0.9281928192819282,-0.0009863827216942133,-0.02103779642187334,0.01905514130051367
0.9286928692869287,-0.0009863996260323544,-0.02103774395803823,0.01905506476088493
0.9291929192919293,-0.0009864166968796197,-0.021037691567026257,0.01905498832749806
0.9296929692969298,-0.0009864339332463646,-0.021037639248736337,0.019054912000205582
0.9301930193019301,-0.0009864513341441782,-0.02103758700306753,0.01905483577886024
0.9306930693069306,-0.0009864688985858944,-0.021037534829919026,0.019054759663314966
0.9311931193119312,-0.0009864866255856054,-0.02103748272919017,0.01905468365342291
0.9316931693169317,-0.0009865045141586718,-0.021037430700780436,0.01905460774903741
0.9321932193219322,-0.0009865225633217366,-0.02103737874458944,0.01905453195001202
0.9326932693269328,-0.0009865407720927352,-0.02103732686051694,0.019054456256200492
0.9331933193319333,-0.0009865591394909077,-0.02103727504846283,0.019054380667456787
0.9336933693369338,-0.0009865776645368112,-0.021037223308327142,0.01905430518363506
0.9341934193419341,-0.0009865963462523302,-0.02103717164001005,0.01905422980458967
0.9346934693469346,-0.0009866151836606892,-0.021037120043411864,0.01905415453017519
0.9351935193519352,-0.0009866341757864638,-0.021037068518433035,0.01905407936024638
0.9356935693569357,-0.0009866533216555911,-0.02103701706497415,0.019054004294658203
0.9361936193619362,-0.0009866726202953828,-0.021036965682935935,0.019053929333265836
0.9366936693669368,-0.0009866920707345352,-0.021036914372219256,0.019053854475924642
0.9371937193719373,-0.0009867116720031401,-0.021036863132725108,0.019053779722490196
0.9376937693769376,-0.0009867314231326969,-0.021036811964354637,0.019053705072818266
0.9381938193819381,-0.0009867513231561229,-0.021036760867009115,0.01905363052676482
0.9386938693869387,-0.0009867713711077647,-0.021036709840589956,0.01905355608418604
0.9391939193919392,-0.0009867915660234086,-0.021036658884998706,0.019053481744938285
0.9396939693969397,-0.0009868119069402915,-0.021036608000137055,0.01905340750887813
0.9401940194019403,-0.000986832392897112,-0.02103655718590683,0.019053333375862343
0.9406940694069408,-0.0009868530229340407,-0.02103650644220998,0.01905325934574789
0.9411941194119413,-0.000986873796092731,-0.021036455768948605,0.019053185418391946
0.9416941694169416,-0.0009868947114163296,-0.02103640516602494,0.019053111593651865
0.9421942194219421,-0.0009869157679494864,-0.02103635463334135,0.019053037871385216
0.9426942694269427,-0.0009869369647383657,-0.02103630417080033,0.019052964251449755
0.9431943194319432,-0.0009869583008306564,-0.021036253778304526,0.019052890733703445
0.9436943694369437,-0.0009869797752755814,-0.021036203455756707,0.019052817318004435
0.9441944194419443,-0.000987001387123909,-0.021036153203059783,0.01905274400421108
0.9446944694469448,-0.000987023135427962,-0.021036103020116794,0.019052670792181932
0.9451945194519451,-0.0009870450192416282,-0.02103605290683092,0.019052597681775727
0.9456945694569456,-0.0009870670376203705,-0.02103600286310547,0.019052524672851415
0.9461946194619462,-0.000987089189621236,-0.02103595288884389,0.019052451765268128
0.9466946694669467,-0.0009871114743028673,-0.021035902983949764,0.0190523789588852
0.9471947194719472,-0.0009871338907255106,-0.0210358531483268,0.019052306253562155
0.9476947694769478,-0.0009871564379510262,-0.021035803381878843,0.01905223364915872
0.9481948194819483,-0.0009871791150428987,-0.021035753684509884,0.01905216114553481
0.9486948694869488,-0.0009872019210662457,-0.021035704056124028,0.019052088742550537
0.9491949194919491,-0.000987224855087827,-0.021035654496625526,0.019052016440066207
0.9496949694969496,-0.000987247916176055,-0.021035605005918754,0.01905194423794232
0.9501950195019502,-0.0009872711034010035,-0.02103555558390823,0.019051872136039566
0.9506950695069507,-0.0009872944158344174,-0.0210355062304986,0.019051800134218835
0.9511951195119512,-0.0009873178525497208,-0.02103545694559463,0.01905172823234121
0.9516951695169518,-0.000987341412622028,-0.021035407729101244,0.019051656430267953
0.9521952195219523,-0.0009873650951281504,-0.021035358580923477,0.01905158472786054
0.9526952695269526,-0.0009873888991466073,-0.021035309500966506,0.019051513124980626
0.9531953195319531,-0.0009874128237576342,-0.02103526048913563,0.019051441621490056
0.9536953695369537,-0.0009874368680431913,-0.02103521154533629,0.019051370217250875
0.9541954195419542,-0.000987461031086973,-0.021035162669474056,0.019051298912125314
0.9546954695469547,-0.000987485311974416,-0.02103511386145462,0.0190512277059758
0.9551955195519553,-0.0009875097097927087,-0.021035065121183822,0.019051156598664944
0.9556955695569558,-0.000987534223630799,-0.021035016448567614,0.019051085590055552
0.9561956195619563,-0.000987558852579403,-0.021034967843512088,0.019051014680010626
0.9566956695669566,-0.0009875835957310146,-0.02103491930592347,0.019050943868393344
0.9571957195719571,-0.0009876084521799123,-0.021034870835708108,0.019050873155067087
0.9576957695769577,-0.0009876334210221686,-0.021034822432772483,0.019050802539895422
0.9581958195819582,-0.0009876585013556577,-0.021034774097023208,0.0190507320227421
0.9586958695869587,-0.0009876836922800643,-0.02103472582836703,0.019050661603471068
0.9591959195919593,-0.0009877089928968911,-0.021034677626710806,0.019050591281946458
0.9596959695969598,-0.0009877344023094675,-0.021034629491961547,0.019050521058032593
0.9601960196019601,-0.000987759919622957,-0.02103458142402638,0.019050450931593983
0.9606960696069606,-0.0009877855439443656,-0.02103453342281256,0.019050380902495327
0.9611961196119612,-0.0009878112743825496,-0.021034485488227474,0.019050310970601506
0.9616961696169617,-0.0009878371100482234,-0.021034437620178637,0.0190502411357776
0.9621962196219622,-0.0009878630500539675,-0.021034389818573695,0.019050171397888865
0.9626962696269628,-0.0009878890935142352,-0.021034342083320418,0.01905010175680075
0.9631963196319633,-0.0009879152395453616,-0.021034294414326703,0.01905003221237889
0.9636963696369638,-0.0009879414872655703,-0.021034246811500585,0.01904996276448911
0.9641964196419641,-0.0009879678357949812,-0.021034199274750212,0.019049893412997412
0.9646964696469646,-0.0009879942842556176,-0.021034151803983867,0.019049824157769988
0.9651965196519652,-0.0009880208317714142,-0.021034104399109962,0.019049754998673223
0.9656965696569657,-0.0009880474774682235,-0.021034057060037036,0.019049685935573678
0.9661966196619662,-0.0009880742204738246,-0.02103400978667375,0.019049616968338103
0.9666966696669668,-0.000988101059917928,-0.021033962578928898,0.019049548096833433
0.9671967196719673,-0.0009881279949321851,-0.021033915436711393,0.01904947932092679
0.9676967696769676,-0.0009881550246501939,-0.021033868359930284,0.019049410640485473
0.9681968196819681,-0.0009881821482075064,-0.021033821348494734,0.01904934205537697
0.9686968696869687,-0.0009882093647416348,-0.02103377440231405,0.019049273565468962
0.9691969196919692,-0.00098823667339206,-0.021033727521297643,0.01904920517062929
0.9696969696969697,-0.0009882640733002367,-0.021033680705355065,0.01904913687072601
0.9701970197019703,-0.0009882915636096013,-0.021033633954395992,0.01904906866562733
0.9706970697069708,-0.0009883191434655778,-0.02103358726833022,0.019049000555201662
0.9711971197119713,-0.0009883468120155847,-0.021033540647067674,0.01904893253931759
0.9716971697169716,-0.0009883745684090418,-0.0210334940905184,0.01904886461784389
0.9721972197219722,-0.0009884024117973764,-0.02103344759859258,0.01904879679064951
0.9726972697269727,-0.0009884303413340296,-0.021033401171200502,0.019048729057603585
0.9731973197319732,-0.0009884583561744632,-0.021033354808252597,0.019048661418575433
0.9736973697369737,-0.0009884864554761655,-0.02103330850965941,0.01904859387343455
0.9741974197419743,-0.0009885146383986577,-0.02103326227533161,0.019048526422050613
0.9746974697469748,-0.0009885429041035,-0.021033216105179994,0.01904845906429348
0.9751975197519751,-0.000988571251754298,-0.021033169999115482,0.019048391800033197
0.9756975697569756,-0.000988599680516708,-0.02103312395704912,0.01904832462913998
0.9761976197619762,-0.0009886281895584448,-0.021033077978892072,0.019048257551484232
0.9766976697669767,-0.0009886567780492848,-0.021033032064555625,0.019048190566936532
0.9771977197719772,-0.0009886854451610749,-0.021032986213951194,0.01904812367536764
0.9776977697769778,-0.000988714190067736,-0.021032940426990318,0.019048056876648498
0.9781978197819783,-0.00098874301194527,-0.02103289470358465,0.01904799017065022
0.9786978697869788,-0.0009887719099717649,-0.021032849043645975,0.019047923557244106
0.9791979197919791,-0.0009888008833274008,-0.021032803447086197,0.019047857036301633
0.9796979697969797,-0.0009888299311944556,-0.02103275791381734,0.019047790607694456
0.9801980198019802,-0.00098885905275731,-0.021032712443751555,0.019047724271294402
0.9806980698069807,-0.000988888247202453,-0.02103266703680111,0.01904765802697349
0.9811981198119812,-0.000988917513718488,-0.021032621692878395,0.019047591874603906
0.9816981698169818,-0.0009889468514961376,-0.021032576411895928,0.01904752581405801
0.9821982198219823,-0.0009889762597282484,-0.021032531193766343,0.01904745984520835
0.9826982698269826,-0.000989005737609797,-0.021032486038402392,0.019047393967927647
0.9831983198319831,-0.0009890352843378955,-0.021032440945716956,0.019047328182088794
0.9836983698369837,-0.0009890648991117954,-0.021032395915623035,0.019047262487564866
0.9841984198419842,-0.0009890945811328932,-0.021032350948033744,0.019047196884229112
0.9846984698469847,-0.0009891243296047355,-0.021032306042862322,0.019047131371954955
0.9851985198519853,-0.0009891541437330243,-0.021032261200022134,0.019047065950615998
0.9856985698569858,-0.0009891840227256212,-0.021032216419426656,0.01904700062008602
0.9861986198619863,-0.0009892139657925521,-0.02103217170098949,0.019046935380238963
0.9866986698669866,-0.0009892439721460127,-0.021032127044624357,0.01904687023094896
0.9871987198719872,-0.0009892740410003726,-0.021032082450245095,0.01904680517209031
0.9876987698769877,-0.0009893041715721802,-0.021032037917765666,0.019046740203537492
0.9881988198819882,-0.0009893343630801674,-0.021031993447100147,0.019046675325165154
0.9886988698869887,-0.0009893646147452538,-0.021031949038162738,0.019046610536848117
0.9891989198919893,-0.000989394925790551,-0.021031904690867756,0.01904654583846138
0.9896989698969898,-0.0009894252954413677,-0.021031860405129638,0.01904648122988012
0.9901990199019901,-0.0009894557229252136,-0.021031816180862938,0.01904641671097967
0.9906990699069906,-0.0009894862074718038,-0.021031772017982328,0.019046352281635554
0.9911991199119912,-0.0009895167483130627,-0.021031727916402603,0.019046287941723465
0.9916991699169917,-0.000989547344683129,-0.021031683876038675,0.01904622369111926
0.9921992199219922,-0.000989577995818359,-0.02103163989680557,0.019046159529698976
0.9926992699269928,-0.0009896087009573307,-0.021031595978618433,0.01904609545733882
0.9931993199319933,-0.000989639459340849,-0.021031552121392533,0.01904603147391517
0.9936993699369938,-0.0009896702702119479,-0.021031508325043247,0.019045967579304577
0.9941994199419941,-0.0009897011328158958,-0.021031464589486078,0.019045903773383766
0.9946994699469947,-0.0009897320464001985,-0.02103142091463664,0.019045840056029627
0.9951995199519952,-0.0009897630102146035,-0.02103137730041067,0.019045776427119222
0.9956995699569957,-0.0009897940235111037,-0.021031333746724012,0.01904571288652979
0.9961996199619962,-0.0009898250855439406,-0.02103129025349264,0.01904564943413873
0.9966996699669968,-0.0009898561955696088,-0.02103124682063264,0.019045586069823622
0.9971997199719973,-0.0009898873528468586,-0.02103120344806021,0.01904552279346221
0.9976997699769976,-0.0009899185566367003,-0.021031160135691663,0.01904545960493241
0.9981998199819981,-0.000989949806202407,-0.021031116883443435,0.019045396504112303
0.9986998699869987,-0.000989981100809519,-0.02103107369123208,0.019045333490880143
0.9991999199919992,-0.000990012439725846,-0.021031030558974255,0.019045270565114354
0.9996999699969997,-0.000990043822221471,-0.021030987486586748,0.019045207726693523
1.000200020002,-0.0009900752475687537,-0.021030944473986447,0.019045144975496416
1.0007000700070008,-0.0009901067150423336,-0.02103090152109037,0.019045082311401958
1.001200120012001,-0.0009901382239191328,-0.021030858627815643,0.019045019734289244
1.0017001700170018,-0.0009901697734783594,-0.02103081579407951,0.019044957244037538
1.0022002200220022,-0.0009902013630015108,-0.021030773019799318,0.019044894840526273
1.002700270027003,-0.0009902329917723762,-0.021030730304892546,0.019044832523635046
1.0032003200320032,-0.0009902646590770395,-0.02103068764927678,0.019044770293243623
1.0037003700370035,-0.0009902963642038826,-0.02103064505286972,0.019044708149231936
1.0042004200420043,-0.0009903281064435883,-0.021030602515589178,0.01904464609148009
1.0047004700470046,-0.0009903598850891423,-0.021030560037353086,0.019044584119868344
1.0052005200520053,-0.0009903916994358373,-0.021030517618079482,0.019044522234277134
1.0057005700570056,-0.000990423548781274,-0.021030475257686528,0.019044460434587053
1.0062006200620064,-0.000990455432425365,-0.021030432956092488,0.01904439872067887
1.0067006700670067,-0.000990487349670337,-0.02103039071321575,0.019044337092433517
1.007200720072007,-0.000990519299820733,-0.02103034852897481,0.019044275549732082
1.0077007700770078,-0.0009905512821834152,-0.021030306403288276,0.019044214092455825
1.008200820082008,-0.0009905832960675676,-0.02103026433607487,0.019044152720486172
1.0087008700870088,-0.0009906153407846976,-0.02103022232725343,0.019044091433704717
1.0092009200920091,-0.000990647415648639,-0.021030180376742903,0.019044030231993206
1.0097009700970099,-0.000990679519975554,-0.021030138484462352,0.01904396911523356
1.0102010201020102,-0.0009907116530839357,-0.021030096650330947,0.01904390808330786
1.0107010701070105,-0.0009907438142946095,-0.021030054874267973,0.019043847136098347
1.0112011201120112,-0.0009907760029307365,-0.02103001315619283,0.019043786273487438
1.0117011701170116,-0.0009908082183178143,-0.021029971496025028,0.019043725495357697
1.0122012201220123,-0.0009908404597836799,-0.02102992989368418,0.01904366480159186
1.0127012701270126,-0.0009908727266585112,-0.02102988834909003,0.019043604192072832
1.0132013201320134,-0.000990905018274829,-0.021029846862162416,0.019043543666683666
1.0137013701370137,-0.0009909373339674992,-0.021029805432821295,0.01904348322530758
1.0142014201420144,-0.0009909696730737343,-0.02102976406098673,0.019043422867827973
1.0147014701470147,-0.0009910020349330952,-0.021029722746578897,0.01904336259412838
1.015201520152015,-0.0009910344188874933,-0.02102968148951809,0.019043302404092508
1.0157015701570158,-0.0009910668242811913,-0.021029640289724705,0.019043242297604235
1.016201620162016,-0.0009910992504608062,-0.02102959914711925,0.019043182274547585
1.0167016701670168,-0.0009911316967753095,-0.021029558061622346,0.01904312233480675
1.0172017201720172,-0.0009911641625760296,-0.021029517033154723,0.019043062478266086
1.017701770177018,-0.0009911966472166528,-0.021029476061637218,0.019043002704810102
1.0182018201820182,-0.0009912291500532259,-0.021029435146990783,0.019042943014323473
1.0187018701870185,-0.0009912616704441555,-0.02102939428913648,0.01904288340669103
1.0192019201920193,-0.0009912942077502113,-0.02102935348799547,0.019042823881797774
1.0197019701970196,-0.0009913267613345265,-0.02102931274348904,0.019042764439528848
1.0202020202020203,-0.000991359330562599,-0.021029272055538572,0.01904270507976957
1.0207020702070206,-0.0009913919148022935,-0.021029231424065566,0.019042645802405406
1.0212021202120214,-0.000991424513423841,-0.021029190848991627,0.019042586607321995
1.0217021702170217,-0.000991457125799842,-0.021029150330238465,0.019042527494405118
1.022202220222022,-0.0009914897513052655,-0.02102910986772791,0.019042468463540727
1.0227022702270228,-0.0009915223893174516,-0.02102906946138189,0.019042409514614923
1.023202320232023,-0.0009915550392161122,-0.021029029111122446,0.01904235064751398
1.0237023702370238,-0.000991587700383331,-0.021028988816871725,0.01904229186212431
1.0242024202420241,-0.0009916203722035652,-0.021028948578551983,0.01904223315833249
1.0247024702470249,-0.0009916530540636465,-0.021028908396085587,0.01904217453602527
1.0252025202520252,-0.0009916857453527814,-0.02102886826939501,0.019042115995089537
1.0257025702570255,-0.0009917184454625522,-0.021028828198402825,0.01904205753541234
1.0262026202620262,-0.0009917511537869176,-0.021028788183031725,0.019041999156880894
1.0267026702670266,-0.0009917838697222133,-0.0210287482232045,0.019041940859382555
1.0272027202720273,-0.0009918165926671532,-0.02102870831884406,0.019041882642804847
1.0277027702770276,-0.0009918493220228291,-0.021028668469873404,0.01904182450703545
1.0282028202820284,-0.0009918820571927123,-0.02102862867621565,0.019041766451962195
1.0287028702870287,-0.0009919147975826525,-0.021028588937794024,0.01904170847747307
1.0292029202920294,-0.00099194754260088,-0.02102854925453185,0.019041650583456218
1.0297029702970297,-0.0009919802916580052,-0.021028509626352568,0.019041592769799942
1.03020302030203,-0.0009920130441670191,-0.021028470053179715,0.019041535036392693
1.0307030703070308,-0.0009920457995432935,-0.02102843053493694,0.019041477383123083
1.031203120312031,-0.0009920785572045813,-0.021028391071547997,0.019041419809879875
1.0317031703170318,-0.0009921113165710172,-0.021028351662936748,0.019041362316551985
1.0322032203220322,-0.0009921440770651172,-0.02102831230902715,0.019041304903028487
1.032703270327033,-0.0009921768381117792,-0.021028273009743286,0.01904124756919861
1.0332033203320332,-0.000992209599138283,-0.02102823376500932,0.019041190314951727
1.0337033703370335,-0.0009922423595742906,-0.02102819457474954,0.019041133140177382
1.0342034203420343,-0.0009922751188518454,-0.02102815543888833,0.01904107604476525
1.0347034703470346,-0.0009923078764053732,-0.021028116357350184,0.019041019028605183
1.0352035203520353,-0.0009923406316716817,-0.021028077330059694,0.01904096209158717
1.0357035703570356,-0.0009923733840899605,-0.021028038356941562,0.019040905233601354
1.0362036203620364,-0.0009924061331017804,-0.021027999437920598,0.019040848454538035
1.0367036703670367,-0.000992438878151094,-0.021027960572921705,0.01904079175428766
1.037203720372037,-0.0009924716186842353,-0.021027921761869902,0.01904073513274084
1.0377037703770378,-0.000992504354149919,-0.0210278830046903,0.019040678589788324
1.038203820382038,-0.0009925370839992409,-0.02102784430130813,0.019040622125321018
1.0387038703870388,-0.0009925698076856768,-0.021027805651648714,0.019040565739229978
1.0392039203920391,-0.0009926025246650824,-0.02102776705563748,0.019040509431406418
1.0397039703970399,-0.0009926352343956936,-0.021027728513199964,0.019040453201741695
1.0402040204020402,-0.0009926679363381247,-0.0210276900242618,0.01904039705012732
1.0407040704070405,-0.000992700629955369,-0.021027651588748725,0.01904034097645495
1.0412041204120412,-0.0009927333147127973,-0.021027613206586585,0.0190402849806164
1.0417041704170416,-0.0009927659900781588,-0.021027574877701325,0.019040229062503636
1.0422042204220423,-0.0009927986555215787,-0.021027536602018993,0.019040173222008763
1.0427042704270426,-0.0009928313105155588,-0.02102749837946574,0.019040117459024047
1.0432043204320434,-0.000992863954534976,-0.02102746020996782,0.019040061773441894
1.0437043704370437,-0.0009928965870570831,-0.021027422093451587,0.01904000616515487
1.0442044204420444,-0.0009929292075615053,-0.021027384029843502,0.01903995063405568
1.0447044704470447,-0.0009929618155302422,-0.021027346019070126,0.019039895180037184
1.045204520452045,-0.0009929944104476649,-0.021027308061058115,0.01903983980299239
1.0457045704570458,-0.0009930269918005164,-0.021027270155734235,0.019039784502814454
1.046204620462046,-0.0009930595590779104,-0.021027232303025358,0.019039729279396674
1.0467046704670468,-0.0009930921117713295,-0.02102719450285844,0.019039674132632512
1.0472047204720472,-0.0009931246493746256,-0.02102715675516056,0.01903961906241556
1.047704770477048,-0.0009931571713840176,-0.021027119059858882,0.019039564068639568
1.0482048204820482,-0.0009931896772980909,-0.02102708141688068,0.019039509151198432
1.0487048704870485,-0.0009932221666177964,-0.02102704382615332,0.019039454309986194
1.0492049204920493,-0.0009932546388464493,-0.02102700628760428,0.019039399544897043
1.0497049704970496,-0.0009932870934897273,-0.02102696880116113,0.019039344855825313
1.0502050205020503,-0.0009933195300556705,-0.021026931366751548,0.019039290242665492
1.0507050705070506,-0.000993351948054679,-0.021026893984303303,0.01903923570531221
1.0512051205120514,-0.0009933843469995124,-0.02102685665374427,0.019039181243660233
1.0517051705170517,-0.0009934167264052886,-0.021026819375002427,0.019039126857604494
1.052205220522052,-0.000993449085789481,-0.021026782148005844,0.019039072547040056
1.0527052705270528,-0.0009934814246719192,-0.021026744972682698,0.01903901831186213
1.053205320532053,-0.0009935137425747859,-0.021026707848961265,0.019038964151966077
1.0537053705370538,-0.0009935460390226164,-0.021026670776769913,0.0190389100672474
1.0542054205420541,-0.0009935783135422967,-0.02102663375603712,0.019038856057601753
1.0547054705470549,-0.0009936105656630613,-0.021026596786691457,0.019038802122924924
1.0552055205520552,-0.0009936427949164938,-0.021026559868661594,0.019038748263112852
1.055705570557056,-0.0009936750008365223,-0.021026523001876303,0.019038694478061623
1.0562056205620562,-0.0009937071829594205,-0.021026486186264452,0.019038640767667463
1.0567056705670566,-0.0009937393408238039,-0.02102644942175501,0.019038587131826743
1.0572057205720573,-0.0009937714739706293,-0.021026412708277042,0.019038533570435976
1.0577057705770576,-0.000993803581943193,-0.021026376045759715,0.019038480083391825
1.0582058205820584,-0.0009938356642871288,-0.02102633943413229,0.019038426670591087
1.0587058705870587,-0.0009938677205504056,-0.021026302873324132,0.019038373331930713
1.0592059205920594,-0.000993899750283327,-0.021026266363264698,0.019038320067307785
1.0597059705970597,-0.0009939317530385278,-0.021026229903883545,0.01903826687661954
1.06020602060206,-0.0009939637283709732,-0.02102619349511033,0.01903821375976335
1.0607060706070608,-0.0009939956758379567,-0.021026157136874807,0.01903816071663673
1.061206120612061,-0.0009940275949990973,-0.021026120829106824,0.019038107747137344
1.0617061706170619,-0.000994059485416339,-0.021026084571736332,0.019038054851162986
1.0622062206220622,-0.000994091346653947,-0.02102604836469337,0.0190380020286116
1.062706270627063,-0.0009941231782785074,-0.021026012207908087,0.019037949279381277
1.0632063206320632,-0.0009941549798589235,-0.02102597610131072,0.01903789660337023
1.0637063706370635,-0.0009941867509664147,-0.021025940044831604,0.01903784400047684
1.0642064206420643,-0.0009942184911745143,-0.02102590403840117,0.019037791470599603
1.0647064706470646,-0.0009942502000590664,-0.02102586808194995,0.019037739013637176
1.0652065206520653,-0.0009942818771982247,-0.02102583217540857,0.019037686629488345
1.0657065706570656,-0.0009943135221724502,-0.02102579631870775,0.019037634318052044
1.0662066206620664,-0.0009943451345645078,-0.02102576051177831,0.019037582079227337
1.0667066706670667,-0.0009943767139594653,-0.021025724754551164,0.01903752991291344
1.067206720672067,-0.0009944082599446901,-0.02102568904695732,0.0190374778190097
1.0677067706770678,-0.0009944397721098476,-0.021025653388927885,0.01903742579741561
1.068206820682068,-0.0009944712500468981,-0.02102561778039406,0.019037373848030795
1.0687068706870688,-0.000994502693350095,-0.021025582221287142,0.019037321970755028
1.0692069206920691,-0.0009945341016159817,-0.021025546711538525,0.019037270165488215
1.0697069706970699,-0.0009945654744433893,-0.021025511251079695,0.019037218432130406
1.0702070207020702,-0.0009945968114334345,-0.021025475839842236,0.019037166770581787
1.070707070707071,-0.0009946281121895166,-0.021025440477757822,0.019037115180742675
1.0712071207120712,-0.0009946593763173147,-0.021025405164758232,0.01903706366251354
1.0717071707170716,-0.000994690603424786,-0.021025369900775324,0.01903701221579498
1.0722072207220723,-0.000994721793122162,-0.02102533468574107,0.019036960840487737
1.0727072707270726,-0.0009947529450219468,-0.02102529951958752,0.01903690953649268
1.0732073207320734,-0.0009947840587389138,-0.021025264402246824,0.01903685830371083
1.0737073707370737,-0.000994815133890103,-0.021025229333651228,0.019036807142043338
1.0742074207420744,-0.0009948461700948186,-0.02102519431373307,0.01903675605139149
1.0747074707470747,-0.0009948771669746263,-0.021025159342424788,0.019036705031656713
1.075207520752075,-0.0009949081241533494,-0.0210251244196589,0.01903665408274057
1.0757075707570758,-0.0009949390412570674,-0.02102508954536803,0.01903660320454476
1.076207620762076,-0.0009949699179141126,-0.021025054719484893,0.019036552396971117
1.0767076707670769,-0.0009950007537550664,-0.021025019941942294,0.019036501659921618
1.0772077207720772,-0.0009950315484127577,-0.021024985212673136,0.019036450993298364
1.077707770777078,-0.0009950623015222589,-0.021024950531610406,0.019036400397003602
1.0782078207820782,-0.0009950930127208837,-0.0210249158986872,0.019036349870939714
1.0787078707870785,-0.0009951236816481835,-0.021024881313836688,0.019036299415009214
1.0792079207920793,-0.0009951543079459448,-0.021024846776992148,0.01903624902911475
1.0797079707970796,-0.0009951848912581856,-0.02102481228808694,0.01903619871315911
1.0802080208020803,-0.000995215431231153,-0.021024777847054525,0.01903614846704521
1.0807080708070806,-0.0009952459275133197,-0.021024743453828452,0.019036098290676113
1.0812081208120814,-0.0009952763797553808,-0.021024709108342362,0.019036048183955
1.0817081708170817,-0.0009953067876102507,-0.02102467481052999,0.019035998146785204
1.082208220822082,-0.0009953371507330604,-0.02102464056032516,0.019035948179070176
1.0827082708270828,-0.0009953674687811533,-0.02102460635766179,0.019035898280713514
1.083208320832083,-0.000995397741414083,-0.02102457220247389,0.019035848451618938
1.0837083708370838,-0.000995427968293609,-0.02102453809469556,0.019035798691690316
1.0842084208420841,-0.0009954581490836949,-0.021024504034260996,0.019035749000831634
1.0847084708470849,-0.0009954882834505032,-0.021024470021104476,0.01903569937894702
1.0852085208520852,-0.0009955183710623936,-0.02102443605516038,0.019035649825940738
1.085708570857086,-0.0009955484115899188,-0.021024402136363175,0.019035600341717175
1.0862086208620862,-0.000995578404705821,-0.021024368264647413,0.019035550926180856
1.0867086708670866,-0.000995608350085029,-0.021024334439947747,0.019035501579236447
1.0872087208720873,-0.0009956382474046546,-0.02102430066219891,0.01903545230078873
1.0877087708770876,-0.0009956680963439891,-0.021024266931335737,0.019035403090742628
1.0882088208820884,-0.0009956978965844998,-0.021024233247293144,0.019035353949003197
1.0887088708870887,-0.0009957276478098267,-0.021024199610006143,0.019035304875475622
1.0892089208920894,-0.0009957573497057783,-0.021024166019409835,0.019035255870065222
1.0897089708970897,-0.0009957870019603287,-0.021024132475439408,0.019035206932677448
1.09020902090209,-0.0009958166042636145,-0.02102409897803014,0.019035158063217875
1.0907090709070908,-0.0009958461563079298,-0.02102406552711741,0.019035109261592218
1.091209120912091,-0.0009958756577877234,-0.02102403212263667,0.01903506052770632
1.0917091709170919,-0.0009959051083995956,-0.02102399876452347,0.01903501186146615
1.0922092209220922,-0.0009959345078422938,-0.021023965452713452,0.019034963262777812
1.092709270927093,-0.000995963855816709,-0.021023932187142345,0.01903491473154754
1.0932093209320932,-0.0009959931520258723,-0.021023898967745962,0.019034866267681704
1.0937093709370935,-0.0009960223961749508,-0.021023865794460212,0.019034817871086792
1.0942094209420943,-0.0009960515879712444,-0.02102383266722109,0.019034769541669428
1.0947094709470946,-0.0009960807271241815,-0.021023799585964682,0.019034721279336368
1.0952095209520953,-0.0009961098133453156,-0.021023766550627158,0.01903467308399449
1.0957095709570956,-0.0009961388463483212,-0.021023733561144783,0.01903462495555081
1.0962096209620964,-0.0009961678258489897,-0.021023700617453907,0.01903457689391247
1.0967096709670967,-0.000996196751565227,-0.021023667719490966,0.019034528898986734
1.097209720972097,-0.000996225623217047,-0.021023634867192487,0.019034480970681007
1.0977097709770978,-0.0009962544405265705,-0.021023602060495087,0.01903443310890281
1.098209820982098,-0.0009962832032180198,-0.021023569299335465,0.019034385313559807
1.0987098709870988,-0.0009963119110177146,-0.021023536583650415,0.019034337584559774
1.0992099209920991,-0.0009963405636540684,-0.021023503913376818,0.019034289921810627
1.0997099709970999,-0.0009963691608575848,-0.021023471288451633,0.019034242325220403
1.1002100210021002,-0.0009963977023608535,-0.021023438708811917,0.019034194794697274
1.100710071007101,-0.0009964261878985456,-0.021023406174394813,0.019034147330149527
1.1012101210121013,-0.00099645461720741,-0.021023373685137545,0.01903409993148559
1.1017101710171016,-0.0009964829900262697,-0.021023341240977433,0.01903405259861401
1.1022102210221023,-0.000996511306096017,-0.021023308841851877,0.019034005331443463
1.1027102710271026,-0.0009965395651596101,-0.021023276487698365,0.01903395812988275
1.1032103210321034,-0.0009965677669620681,-0.02102324417845447,0.019033910993840806
1.1037103710371037,-0.0009965959112504684,-0.021023211914057864,0.019033863923226684
1.1042104210421044,-0.0009966239977739404,-0.021023179694446288,0.019033816917949562
1.1047104710471047,-0.0009966520262836634,-0.02102314751955758,0.019033769977918752
1.105210521052105,-0.0009966799965328609,-0.02102311538932966,0.019033723103043687
1.1057105710571058,-0.0009967079082767976,-0.021023083303700542,0.01903367629323393
1.106210621062106,-0.000996735761272774,-0.021023051262608314,0.01903362954839916
1.1067106710671069,-0.0009967635552801232,-0.021023019265991157,0.01903358286844919
1.1072107210721072,-0.000996791290060206,-0.02102298731378734,0.01903353625329396
1.107710771077108,-0.0009968189653764066,-0.02102295540593521,0.019033489702843524
1.1082108210821082,-0.000996846580994129,-0.021022923542373204,0.019033443217008072
1.1087108710871085,-0.0009968741366807915,-0.021022891723039852,0.019033396795697915
1.1092109210921093,-0.0009969016322058238,-0.021022859947873753,0.019033350438823485
1.1097109710971096,-0.0009969290673406616,-0.021022828216813606,0.01903330414629534
1.1102110211021103,-0.000996956441858742,-0.021022796529798184,0.01903325791802417
1.1107110711071106,-0.000996983755535501,-0.021022764886766354,0.019033211753920774
1.1112111211121114,-0.0009970110081483664,-0.021022733287657063,0.019033165653896088
1.1117111711171117,-0.0009970381994767556,-0.021022701732409343,0.019033119617861166
1.112211221122112,-0.00099706532930207,-0.02102267022096231,0.019033073645727185
1.1127112711271128,-0.0009970923974076912,-0.02102263875325517,0.019033027737405447
1.113211321132113,-0.0009971194035789757,-0.021022607329227207,0.019032981892807374
1.1137113711371138,-0.0009971463476032513,-0.02102257594881779,0.01903293611184452
1.1142114211421141,-0.0009971732292698122,-0.021022544611966378,0.01903289039442855
1.1147114711471149,-0.0009972000483699148,-0.021022513318612504,0.019032844740471257
1.1152115211521152,-0.0009972268046967725,-0.021022482068695794,0.01903279914988456
1.115711571157116,-0.0009972534980455519,-0.021022450862155952,0.01903275362258049
1.1162116211621163,-0.0009972801282133678,-0.021022419698932773,0.019032708158471214
1.1167116711671166,-0.0009973066949992785,-0.021022388578966128,0.01903266275746901
1.1172117211721173,-0.000997333198204282,-0.021022357502195974,0.01903261741948628
1.1177117711771176,-0.0009973596376313108,-0.02102232646856235,0.019032572144435555
1.1182118211821184,-0.0009973860130852268,-0.02102229547800538,0.019032526932229475
1.1187118711871187,-0.0009974123243728177,-0.021022264530465278,0.01903248178278081
1.1192119211921194,-0.0009974385713027922,-0.021022233625882323,0.019032436696002446
1.1197119711971197,-0.0009974647536857744,-0.021022202764196897,0.019032391671807397
1.12021202120212,-0.0009974908713342998,-0.021022171945349447,0.01903234671010879
1.1207120712071208,-0.0009975169240628112,-0.021022141169280518,0.01903230181081988
1.121212121212121,-0.000997542911687653,-0.021022110435930726,0.019032256973854036
1.1217121712171219,-0.0009975688340270667,-0.021022079745240778,0.019032212199124748
1.1222122212221222,-0.0009975946909011866,-0.021022049097151458,0.01903216748654563
1.122712271227123,-0.0009976204821320349,-0.021022018491603633,0.01903212283603041
1.1232123212321232,-0.0009976462075435163,-0.021021987928538252,0.019032078247492947
1.1237123712371235,-0.0009976718669614147,-0.021021957407896346,0.019032033720847205
1.1242124212421243,-0.0009976974602133866,-0.021021926929619034,0.019031989256007274
1.1247124712471246,-0.0009977229871289577,-0.021021896493647507,0.01903194485288737
1.1252125212521253,-0.000997748447539518,-0.021021866099923042,0.019031900511401814
1.1257125712571256,-0.0009977738412783156,-0.021021835748386994,0.01903185623146506
1.1262126212621264,-0.000997799168180454,-0.02102180543898081,0.019031812012991672
1.1267126712671267,-0.0009978244280828853,-0.02102177517164601,0.01903176785589633
1.127212721272127,-0.0009978496208244067,-0.02102174494632419,0.01903172376009385
1.1277127712771278,-0.0009978747462456546,-0.021021714762957038,0.01903167972549914
1.128212821282128,-0.000997899804189101,-0.021021684621486316,0.019031635752027248
1.1287128712871288,-0.0009979247944990471,-0.021021654521853873,0.019031591839593326
1.1292129212921291,-0.0009979497170216197,-0.02102162446400163,0.019031547988112654
1.1297129712971299,-0.0009979745716047657,-0.0210215944478716,0.019031504197500625
1.1302130213021302,-0.0009979993580982469,-0.021021564473405863,0.019031460467672744
1.130713071307131,-0.0009980240763536356,-0.021021534540546588,0.019031416798544646
1.1312131213121313,-0.0009980487262243095,-0.021021504649236026,0.019031373190032074
1.1317131713171316,-0.0009980733075654468,-0.0210214747994165,0.019031329642050884
1.1322132213221323,-0.0009980978202340208,-0.02102144499103042,0.01903128615451706
1.1327132713271326,-0.0009981222640887957,-0.021021415224020276,0.019031242727346697
1.1332133213321334,-0.0009981466389903206,-0.021021385498328632,0.019031199360456007
1.1337133713371337,-0.000998170944800926,-0.02102135581389814,0.019031156053761315
1.1342134213421344,-0.0009981951813847168,-0.02102132617067152,0.01903111280717907
1.1347134713471347,-0.0009982193486075689,-0.021021296568591582,0.019031069620625826
1.135213521352135,-0.000998243446337124,-0.02102126700760121,0.01903102649401826
1.1357135713571358,-0.0009982674744427834,-0.021021237487643375,0.01903098342727317
1.136213621362136,-0.0009982914327957041,-0.021021208008661117,0.019030940420307455
1.1367136713671369,-0.0009983153212687935,-0.021021178570597557,0.019030897473038145
1.1372137213721372,-0.0009983391397367044,-0.0210211491733959,0.01903085458538237
1.137713771377138,-0.000998362888075829,-0.021021119816999428,0.019030811757257387
1.1382138213821382,-0.0009983865661642955,-0.021021090501351498,0.019030768988580565
1.1387138713871385,-0.0009984101738819615,-0.021021061226395552,0.01903072627926938
1.1392139213921393,-0.0009984337111104094,-0.021021031992075105,0.019030683629241436
1.1397139713971396,-0.0009984571777329418,-0.02102100279833375,0.01903064103841444
1.1402140214021403,-0.0009984805736345755,-0.021020973645115165,0.019030598506706218
1.1407140714071407,-0.0009985038987020372,-0.0210209445323631,0.019030556034034706
1.1412141214121414,-0.0009985271528237575,-0.021020915460021383,0.019030513620317966
1.1417141714171417,-0.0009985503358898669,-0.021020886428033923,0.019030471265474157
1.142214221422142,-0.0009985734477921892,-0.02102085743634471,0.019030428969421562
1.1427142714271428,-0.0009985964884242377,-0.0210208284848978,0.019030386732078578
1.143214321432143,-0.0009986194576812092,-0.02102079957363734,0.019030344553363707
1.1437143714371438,-0.000998642355459979,-0.021020770702507546,0.019030302433195572
1.1442144214421441,-0.0009986651816590961,-0.021020741871452715,0.01903026037149291
1.1447144714471449,-0.0009986879361787776,-0.021020713080417218,0.019030218368174562
1.1452145214521452,-0.0009987106189209031,-0.02102068432934551,0.019030176423159486
1.145714571457146,-0.0009987332297890106,-0.021020655618182116,0.01903013453636676
1.1462146214621463,-0.0009987557686882906,-0.021020626946871637,0.01903009270771556
1.1467146714671466,-0.0009987782355255805,-0.021020598315358765,0.01903005093712519
1.1472147214721473,-0.0009988006302093602,-0.021020569723588248,0.019030009224515053
1.1477147714771476,-0.0009988229526497463,-0.021020541171504925,0.019029967569804667
1.1482148214821484,-0.0009988452027584875,-0.02102051265905371,0.019029925972913666
1.1487148714871487,-0.0009988673804489584,-0.021020484186179588,0.019029884433761794
1.1492149214921494,-0.0009988894856361548,-0.021020455752827624,0.019029842952268904
1.1497149714971497,-0.0009989115182366883,-0.02102042735894296,0.01902980152835496
1.15021502150215,-0.0009989334781687817,-0.02102039900447081,0.01902976016194004
1.1507150715071508,-0.0009989553653522625,-0.021020370689356475,0.019029718852944334
1.151215121512151,-0.0009989771797085584,-0.02102034241354531,0.01902967760128814
1.1517151715171519,-0.000998998921160692,-0.021020314176982774,0.019029636406891867
1.1522152215221522,-0.0009990205896332756,-0.021020285979614375,0.019029595269676028
1.152715271527153,-0.000999042185052505,-0.02102025782138572,0.019029554189561263
1.1532153215321532,-0.0009990637073461555,-0.021020229702242474,0.019029513166468306
1.1537153715371535,-0.0009990851564435758,-0.021020201622130384,0.019029472200318007
1.1542154215421543,-0.000999106532275683,-0.021020173580995276,0.01902943129103133
1.1547154715471546,-0.0009991278347749567,-0.021020145578783043,0.01902939043852934
1.1552155215521553,-0.0009991490638754346,-0.02102011761543966,0.019029349642733222
1.1557155715571557,-0.0009991702195127064,-0.021020089690911174,0.01902930890356426
1.1562156215621564,-0.0009991913016239088,-0.021020061805143708,0.019029268220943852
1.1567156715671567,-0.0009992123101477202,-0.02102003395808346,0.019029227594793505
1.157215721572157,-0.0009992332450243554,-0.021020006149676702,0.01902918702503484
1.1577157715771578,-0.0009992541061955597,-0.02101997837986978,0.019029146511589573
1.158215821582158,-0.0009992748936046047,-0.021019950648609113,0.019029106054379546
1.1587158715871588,-0.0009992956071962812,-0.021019922955841198,0.019029065653326696
1.1592159215921591,-0.0009993162469168959,-0.021019895301512603,0.019029025308353074
1.15971597159716,-0.0009993368127142641,-0.021019867685569973,0.019028985019380835
1.1602160216021602,-0.000999357304537706,-0.021019840107960028,0.019028944786332255
1.160716071607161,-0.0009993777223380402,-0.02101981256862956,0.0190289046091297
1.1612161216121613,-0.0009993980660675784,-0.02101978506752543,0.019028864487695658
1.1617161716171616,-0.0009994183356801206,-0.02101975760459458,0.019028824421952712
1.1622162216221623,-0.0009994385311309496,-0.02101973017978402,0.019028784411823565
1.1627162716271626,-0.0009994586523768252,-0.021019702793040843,0.01902874445723102
1.1632163216321634,-0.000999478699375979,-0.021019675444312207,0.019028704558097985
1.1637163716371637,-0.000999498672088109,-0.02101964813354534,0.019028664714347485
1.1642164216421644,-0.0009995185704743746,-0.021019620860687555,0.01902862492590264
1.1647164716471647,-0.0009995383944973904,-0.02101959362568623,0.019028585192686687
1.165216521652165,-0.0009995581441212215,-0.021019566428488817,0.01902854551462296
1.1657165716571658,-0.0009995778193113776,-0.02101953926904284,0.01902850589163491
1.166216621662166,-0.0009995974200348084,-0.021019512147295902,0.019028466323646083
1.1667166716671669,-0.000999616946259897,-0.021019485063195672,0.01902842681058014
1.1672167216721672,-0.0009996363979564555,-0.021019458016689894,0.01902838735236084
1.167716771677168,-0.0009996557750957188,-0.021019431007726384,0.019028347948912054
1.1682168216821682,-0.00099967507765034,-0.02101940403625303,0.019028308600157764
1.1687168716871685,-0.0009996943055943844,-0.0210193771022178,0.01902826930602204
1.1692169216921693,-0.0009997134589033244,-0.021019350205568717,0.019028230066429078
1.1697169716971696,-0.0009997325375540333,-0.021019323346253893,0.019028190881303163
1.1702170217021703,-0.0009997515415247813,-0.021019296524221506,0.01902815175056869
1.1707170717071707,-0.0009997704707952286,-0.021019269739419803,0.019028112674150166
1.1712171217121714,-0.0009997893253464213,-0.021019242991797107,0.01902807365197219
1.1717171717171717,-0.0009998081051607844,-0.02101921628130181,0.019028034683959482
1.172217221722172,-0.0009998268102221184,-0.021019189607882377,0.019027995770036846
1.1727172717271728,-0.0009998454405155917,-0.021019162971487346,0.01902795691012921
1.173217321732173,-0.0009998639960277368,-0.021019136372065327,0.019027918104161594
1.1737173717371738,-0.000999882476746444,-0.021019109809564993,0.01902787935205913
1.1742174217421741,-0.0009999008826609564,-0.021019083283935095,0.01902784065374704
1.174717471747175,-0.0009999192137618643,-0.02101905679512446,0.01902780200915067
1.1752175217521752,-0.0009999374700410996,-0.021019030343081977,0.019027763418195457
1.175717571757176,-0.0009999556514919306,-0.02101900392775661,0.01902772488080694
1.1762176217621763,-0.0009999737581089564,-0.02101897754909739,0.019027686396910767
1.1767176717671766,-0.0009999917898881017,-0.021018951207053427,0.019027647966432686
1.1772177217721773,-0.001000009746826611,-0.021018924901573893,0.019027609589298552
1.1777177717771776,-0.0010000276289230435,-0.02101889863260804,0.019027571265434317
1.1782178217821784,-0.0010000454361772677,-0.021018872400105176,0.01902753299476604
1.1787178717871787,-0.001000063168590455,-0.021018846204014695,0.019027494777219885
1.1792179217921794,-0.0010000808261650762,-0.021018820044286055,0.01902745661272211
1.1797179717971797,-0.0010000984089048937,-0.021018793920868778,0.019027418501199087
1.18021802180218,-0.0010001159168149581,-0.02101876783371246,0.019027380442577273
1.1807180718071808,-0.0010001333499016017,-0.02101874178276678,0.019027342436783248
1.181218121812181,-0.0010001507081724328,-0.021018715767981463,0.019027304483743682
1.1817181718171819,-0.0010001679916363316,-0.021018689789306322,0.019027266583385345
1.1822182218221822,-0.001000185200303443,-0.021018663846691234,0.019027228735635112
1.182718271827183,-0.0010002023341851723,-0.02101863794008614,0.01902719094041996
1.1832183218321832,-0.0010002193932941799,-0.021018612069441063,0.01902715319766697
1.1837183718371835,-0.0010002363776443752,-0.021018586234706087,0.019027115507303318
1.1842184218421843,-0.0010002532872509114,-0.021018560435831363,0.01902707786925629
1.1847184718471846,-0.0010002701221301798,-0.021018534672767115,0.01902704028345326
1.1852185218521853,-0.0010002868822998055,-0.02101850894546364,0.01902700274982171
1.1857185718571857,-0.0010003035677786402,-0.021018483253871293,0.019026965268289227
1.1862186218621864,-0.0010003201785867583,-0.02101845759794051,0.019026927838783493
1.1867186718671867,-0.0010003367147454506,-0.021018431977621793,0.019026890461232293
1.187218721872187,-0.0010003531762772192,-0.0210184063928657,0.019026853135563508
1.1877187718771878,-0.0010003695632057718,-0.02101838084362288,0.019026815861705123
1.188218821882188,-0.001000385875556017,-0.02101835532984403,0.01902677863958522
1.1887188718871888,-0.0010004021133540575,-0.021018329851479924,0.019026741469131987
1.1892189218921891,-0.0010004182766271865,-0.02101830440848141,0.0190267043502737
1.18971897189719,-0.0010004343654038807,-0.021018279000799393,0.019026667282938753
1.1902190219021902,-0.0010004503797137955,-0.02101825362838485,0.01902663026705562
1.190719071907191,-0.0010004663195877599,-0.021018228291188833,0.019026593302552883
1.1912191219121913,-0.0010004821850577703,-0.021018202989162457,0.019026556389359225
1.1917191719171916,-0.001000497976156986,-0.021018177722256896,0.01902651952740343
1.1922192219221923,-0.0010005136929197229,-0.02101815249042341,0.019026482716614366
1.1927192719271926,-0.0010005293353814487,-0.02101812729361331,0.019026445956921018
1.1932193219321934,-0.0010005449035787777,-0.02101810213177798,0.019026409248252458
1.1937193719371937,-0.0010005603975494642,-0.021018077004868883,0.019026372590537865
1.1942194219421944,-0.0010005758173323987,-0.021018051912837527,0.01902633598370651
1.1947194719471947,-0.001000591162967601,-0.021018026855635506,0.01902629942768776
1.195219521952195,-0.001000606434496216,-0.021018001833214475,0.019026262922411087
1.1957195719571958,-0.0010006216319605075,-0.021017976845526153,0.01902622646780606
1.1962196219621961,-0.001000636755403854,-0.02101795189252233,0.01902619006380234
1.1967196719671969,-0.0010006518048707408,-0.021017926974154864,0.019026153710329688
1.1972197219721972,-0.0010006667804067575,-0.021017902090375674,0.01902611740731797
1.197719771977198,-0.0010006816820585915,-0.02101787724113675,0.019026081154697137
1.1982198219821982,-0.0010006965098740218,-0.02101785242639015,0.019026044952397243
1.1987198719871985,-0.0010007112639019145,-0.02101782764608799,0.019026008800348444
1.1992199219921993,-0.0010007259441922175,-0.02101780290018247,0.019025972698480987
1.1997199719971996,-0.0010007405507959546,-0.021017778188625838,0.019025936646725212
1.2002200220022003,-0.0010007550837652205,-0.021017753511370415,0.019025900645011567
1.2007200720072007,-0.0010007695431531757,-0.02101772886836859,0.01902586469327059
1.2012201220122014,-0.0010007839290140403,-0.02101770425957282,0.01902582879143291
1.2017201720172017,-0.0010007982414030896,-0.02101767968493562,0.019025792939429263
1.202220222022202,-0.0010008124803766478,-0.021017655144409578,0.01902575713719048
1.2027202720272028,-0.0010008266459920836,-0.021017630637947347,0.019025721384647473
1.203220322032203,-0.0010008407383078045,-0.02101760616550164,0.01902568568173127
1.2037203720372038,-0.0010008547573832508,-0.021017581727025246,0.01902565002837298
1.2042204220422041,-0.0010008687032788913,-0.021017557322471007,0.01902561442450382
1.204720472047205,-0.0010008825760562175,-0.021017532951791842,0.019025578870055092
1.2052205220522052,-0.0010008963757777382,-0.021017508614940728,0.019025543364958198
1.205720572057206,-0.0010009101025069743,-0.02101748431187071,0.019025507909144635
1.2062206220622063,-0.0010009237563084535,-0.021017460042534894,0.019025472502545993
1.2067206720672066,-0.001000937337247705,-0.02101743580688646,0.01902543714509396
1.2072207220722073,-0.001000950845391254,-0.021017411604878647,0.019025401836720315
1.2077207720772076,-0.0010009642808066167,-0.02101738743646476,0.01902536657735694
1.2082208220822084,-0.0010009776435622947,-0.021017363301598164,0.019025331366935797
1.2087208720872087,-0.00100099093372777,-0.0210173392002323,0.01902529620538896
1.2092209220922094,-0.0010010041513734997,-0.02101731513232066,0.01902526109264858
1.2097209720972097,-0.00100101729657091,-0.02101729109781681,0.01902522602864692
1.21022102210221,-0.0010010303693923925,-0.02101726709667438,0.01902519101331632
1.2107210721072108,-0.001001043369911297,-0.02101724312884706,0.019025156046589223
1.2112211221122111,-0.0010010562982019277,-0.02101721919428861,0.019025121128398166
1.2117211721172119,-0.0010010691543395375,-0.021017195292952845,0.019025086258675775
1.2122212221222122,-0.001001081938400322,-0.021017171424793653,0.019025051437354775
1.212721272127213,-0.001001094650461416,-0.021017147589764983,0.019025016664367983
1.2132213221322132,-0.001001107290600886,-0.021017123787820845,0.019024981939648303
1.2137213721372135,-0.0010011198588977272,-0.02101710001891532,0.01902494726312874
1.2142214221422143,-0.0010011323554318563,-0.021017076283002548,0.019024912634742392
1.2147214721472146,-0.0010011447802841078,-0.02101705258003673,0.019024878054422444
1.2152215221522153,-0.0010011571335362278,-0.021017028909972132,0.019024843522102177
1.2157215721572157,-0.0010011694152708694,-0.02101700527276309,0.019024809037714967
1.2162216221622164,-0.001001181625571587,-0.021016981668363997,0.019024774601194276
1.2167216721672167,-0.0010011937645228316,-0.021016958096729307,0.019024740212473662
1.217221722172217,-0.0010012058322099449,-0.021016934557813546,0.019024705871486778
1.2177217721772178,-0.0010012178287191551,-0.021016911051571295,0.019024671578167365
1.218221822182218,-0.0010012297541375705,-0.0210168875779572,0.01902463733244926
1.2187218721872188,-0.0010012416085531757,-0.021016864136925974,0.019024603134266387
1.2192219221922191,-0.001001253392054825,-0.02101684072843239,0.019024568983552766
1.21972197219722,-0.0010012651047322382,-0.021016817352431282,0.019024534880242503
1.2202220222022202,-0.0010012767466759953,-0.021016794008877546,0.019024500824269805
1.220722072207221,-0.0010012883179775314,-0.021016770697726152,0.019024466815568956
1.2212221222122213,-0.001001299818729131,-0.02101674741893211,0.01902443285407435
1.2217221722172216,-0.001001311249023923,-0.02101672417245052,0.019024398939720452
1.2222222222222223,-0.0010013226089558764,-0.021016700958236517,0.019024365072441835
1.2227222722272226,-0.0010013338986197941,-0.021016677776245322,0.019024331252173152
1.2232223222322234,-0.0010013451181113088,-0.021016654626432204,0.01902429747884915
1.2237223722372237,-0.0010013562675268769,-0.021016631508752496,0.01902426375240467
1.2242224222422244,-0.0010013673469637734,-0.0210166084231616,0.019024230072774633
1.2247224722472247,-0.0010013783565200884,-0.021016585369614964,0.019024196439894066
1.225222522252225,-0.00100138929629472,-0.021016562348068122,0.019024162853698075
1.2257225722572258,-0.00100140016638737,-0.021016539358476645,0.019024129314121854
1.2262226222622261,-0.0010014109668985392,-0.021016516400796183,0.0190240958211007
1.2267226722672269,-0.001001421697929522,-0.021016493474982443,0.019024062374569987
1.2272227222722272,-0.0010014323595824012,-0.021016470580991188,0.01902402897446518
1.227722772277228,-0.001001442951960043,-0.021016447718778246,0.019023995620721847
1.2282228222822282,-0.0010014534751660925,-0.02101642488829951,0.019023962313275623
1.2287228722872285,-0.0010014639293049676,-0.021016402089510926,0.019023929052062256
1.2292229222922293,-0.0010014743144818546,-0.021016379322368512,0.019023895837017562
1.2297229722972296,-0.0010014846308027037,-0.02101635658682834,0.019023862668077464
1.2302230223022304,-0.0010014948783742229,-0.021016333882846537,0.01902382954517796
1.2307230723072307,-0.0010015050573038734,-0.021016311210379307,0.019023796468255146
1.2312231223122314,-0.0010015151676998654,-0.0210162885693829,0.0190237634372452
1.2317231723172317,-0.0010015252096711518,-0.021016265959813638,0.019023730452084397
1.232223222322232,-0.0010015351833274238,-0.021016243381627893,0.019023697512709093
1.2327232723272328,-0.001001545088779106,-0.021016220834782103,0.019023664619055736
1.233223322332233,-0.0010015549261373517,-0.02101619831923277,0.019023631771060857
1.2337233723372338,-0.0010015646955140373,-0.021016175834936448,0.019023598968661085
1.2342234223422341,-0.0010015743970217576,-0.021016153381849756,0.019023566211793127
1.234723472347235,-0.0010015840307738208,-0.02101613095992938,0.019023533500393784
1.2352235223522352,-0.0010015935968842443,-0.021016108569132053,0.01902350083439994
1.235723572357236,-0.001001603095467748,-0.021016086209414572,0.01902346821374857
1.2362236223622363,-0.0010016125266397518,-0.021016063880733803,0.01902343563837674
1.2367236723672366,-0.0010016218905163684,-0.02101604158304666,0.019023403108221593
1.2372237223722373,-0.0010016311872143996,-0.021016019316310124,0.01902337062322037
1.2377237723772376,-0.0010016404168513315,-0.02101599708048123,0.019023338183310392
1.2382238223822384,-0.001001649579545329,-0.021015974875517086,0.019023305788429073
1.2387238723872387,-0.001001658675415231,-0.021015952701374838,0.019023273438513903
1.2392239223922394,-0.0010016677045805462,-0.02101593055801171,0.019023241133502473
1.2397239723972397,-0.0010016766671614476,-0.021015908445384975,0.01902320887333245
1.24022402240224,-0.0010016855632787678,-0.021015886363451974,0.019023176657941596
1.2407240724072408,-0.001001694393053994,-0.021015864312170097,0.01902314448726775
1.2412241224122411,-0.0010017031566092638,-0.021015842291496802,0.01902311236124884
1.2417241724172419,-0.0010017118540673593,-0.021015820301389602,0.019023080279822892
1.2422242224222422,-0.001001720485551703,-0.021015798341806065,0.019023048242927998
1.242724272427243,-0.0010017290511863534,-0.021015776412703826,0.019023016250502348
1.2432243224322432,-0.0010017375510959989,-0.021015754514040575,0.01902298430248422
1.2437243724372435,-0.0010017459854059544,-0.021015732645774058,0.019022952398811972
1.2442244224422443,-0.0010017543542421555,-0.021015710807862086,0.019022920539424046
1.2447244724472446,-0.0010017626577311543,-0.021015689000262523,0.019022888724258977
1.2452245224522454,-0.0010017708960001145,-0.021015667222933295,0.019022856953255375
1.2457245724572457,-0.0010017790691768064,-0.021015645475832383,0.019022825226351948
1.2462246224622464,-0.0010017871773896022,-0.02101562375891783,0.019022793543487477
1.2467246724672467,-0.001001795220767472,-0.02101560207214773,0.019022761904600838
1.247224722472247,-0.0010018031994399779,-0.02101558041548025,0.01902273030963098
1.2477247724772478,-0.0010018111135372699,-0.021015558788873595,0.019022698758516948
1.248224822482248,-0.0010018189631900813,-0.02101553719228605,0.019022667251197868
1.2487248724872488,-0.001001826748529724,-0.021015515625675937,0.01902263578761295
1.2492249224922491,-0.0010018344696880836,-0.02101549408900165,0.019022604367701486
1.24972497249725,-0.0010018421267976143,-0.021015472582221636,0.019022572991402857
1.2502250225022502,-0.001001849719991335,-0.0210154511052944,0.019022541658656522
1.250725072507251,-0.0010018572494028244,-0.0210154296581785,0.019022510369402033
1.2512251225122513,-0.0010018647151662165,-0.021015408240832565,0.019022479123579013
1.2517251725172516,-0.0010018721174161953,-0.021015386853215263,0.019022447921127183
1.2522252225222523,-0.0010018794562879907,-0.021015365495285335,0.01902241676198634
1.2527252725272526,-0.0010018867319173737,-0.021015344167001567,0.01902238564609636
1.2532253225322534,-0.0010018939444406522,-0.021015322868322816,0.019022354573397217
1.2537253725372537,-0.001001901093994666,-0.021015301599207982,0.01902232354382895
1.2542254225422544,-0.0010019081807167815,-0.021015280359616032,0.0190222925573317
1.2547254725472547,-0.0010019152047448892,-0.021015259149505985,0.019022261613845674
1.255225522552255,-0.0010019221662173965,-0.02101523796883692,0.019022230713311175
1.2557255725572558,-0.0010019290652732253,-0.021015216817567968,0.01902219985566858
1.2562256225622561,-0.0010019359020518065,-0.02101519569565832,0.019022169040858353
1.2567256725672569,-0.0010019426766930749,-0.021015174603067226,0.019022138268821043
1.2572257225722572,-0.001001949389337466,-0.02101515353975399,0.019022107539497273
1.257725772577258,-0.0010019560401259102,-0.021015132505677967,0.01902207685282776
1.2582258225822582,-0.0010019626291998297,-0.021015111500798583,0.01902204620875329
1.2587258725872585,-0.0010019691567011322,-0.021015090525075303,0.019022015607214747
1.2592259225922593,-0.0010019756227722082,-0.02101506957846766,0.01902198504815308
1.2597259725972596,-0.0010019820275559248,-0.02101504866093524,0.019021954531509334
1.2602260226022604,-0.0010019883711956227,-0.021015027772437682,0.019021924057224627
1.2607260726072607,-0.0010019946538351115,-0.02101500691293469,0.019021893625240167
1.2612261226122614,-0.0010020008756186638,-0.02101498608238601,0.019021863235497233
1.2617261726172617,-0.001002007036691013,-0.021014965280751457,0.01902183288793719
1.262226222622262,-0.001002013137197347,-0.021014944507990893,0.019021802582501492
1.2627262726272628,-0.0010020191772833046,-0.021014923764064244,0.019021772319131665
1.263226322632263,-0.001002025157094971,-0.02101490304893148,0.019021742097769318
1.2637263726372638,-0.0010020310767788739,-0.021014882362552636,0.01902171191835614
1.2642264226422641,-0.0010020369364819779,-0.0210148617048878,0.019021681780833907
1.264726472647265,-0.001002042736351681,-0.021014841075897118,0.01902165168514447
1.2652265226522652,-0.0010020484765358106,-0.021014820475540784,0.019021621631229762
1.265726572657266,-0.0010020541571826177,-0.021014799903779056,0.019021591619031795
1.2662266226622663,-0.001002059778440774,-0.021014779360572236,0.01902156164849267
1.2667266726672666,-0.001002065340459367,-0.021014758845880697,0.019021531719554553
1.2672267226722673,-0.0010020708433878956,-0.02101473835966485,0.019021501832159705
1.2677267726772676,-0.001002076287376266,-0.021014717901885173,0.01902147198625046
1.2682268226822684,-0.0010020816725747868,-0.021014697472502196,0.019021442181769238
1.2687268726872687,-0.0010020869991341657,-0.021014677071476497,0.019021412418658526
1.2692269226922694,-0.0010020922672055047,-0.021014656698768723,0.019021382696860902
1.2697269726972698,-0.0010020974769402956,-0.021014636354339557,0.01902135301631902
1.27022702270227,-0.0010021026284904157,-0.021014616038149754,0.01902132337697562
1.2707270727072708,-0.0010021077220081244,-0.02101459575016011,0.01902129377877351
1.2712271227122711,-0.0010021127576460584,-0.02101457549033149,0.019021264221655586
1.2717271727172719,-0.0010021177355572265,-0.021014555258624796,0.01902123470556482
1.2722272227222722,-0.0010021226558950076,-0.021014535055000998,0.01902120523044426
1.272727272727273,-0.0010021275188131444,-0.021014514879421114,0.019021175796237043
1.2732273227322732,-0.0010021323244657405,-0.021014494731846214,0.019021146402886376
1.2737273727372735,-0.0010021370730072551,-0.02101447461223743,0.019021117050335545
1.2742274227422743,-0.0010021417645925002,-0.02101445452055594,0.019021087738527922
1.2747274727472746,-0.0010021463993766357,-0.02101443445676298,0.01902105846740695
1.2752275227522754,-0.0010021509775151648,-0.021014414420819843,0.019021029236916155
1.2757275727572757,-0.0010021554991639305,-0.021014394412687865,0.019021000046999137
1.2762276227622764,-0.0010021599644791117,-0.021014374432328446,0.01902097089759958
1.2767276727672767,-0.0010021643736172182,-0.021014354479703037,0.01902094178866124
1.277227722772277,-0.0010021687267350872,-0.02101433455477314,0.019020912720127955
1.2777277727772778,-0.0010021730239898794,-0.02101431465750031,0.019020883691943644
1.278227822782278,-0.0010021772655390746,-0.02101429478784616,0.019020854704052296
1.2787278727872788,-0.0010021814515404671,-0.021014274945772352,0.01902082575639798
1.2792279227922791,-0.0010021855821521631,-0.0210142551312406,0.01902079684892485
1.27972797279728,-0.0010021896575325747,-0.021014235344212682,0.019020767981577133
1.2802280228022802,-0.001002193677840418,-0.021014215584650414,0.019020739154299124
1.280728072807281,-0.0010021976432347073,-0.021014195852515676,0.01902071036703521
1.2812281228122813,-0.0010022015538747517,-0.021014176147770392,0.01902068161972985
1.2817281728172816,-0.0010022054099201518,-0.021014156470376546,0.01902065291232757
1.2822282228222823,-0.0010022092115307946,-0.021014136820296174,0.019020624244772993
1.2827282728272826,-0.00100221295886685,-0.021014117197491362,0.019020595617010805
1.2832283228322834,-0.0010022166520887675,-0.021014097601924252,0.019020567028985767
1.2837283728372837,-0.0010022202913572706,-0.021014078033557034,0.019020538480642724
1.2842284228422844,-0.0010022238768333546,-0.02101405849235195,0.019020509971926596
1.2847284728472848,-0.0010022274086782818,-0.021014038978271303,0.019020481502782377
1.285228522852285,-0.0010022308870535775,-0.021014019491277437,0.019020453073155138
1.2857285728572858,-0.0010022343121210266,-0.02101400003133276,0.01902042468299003
1.2862286228622861,-0.0010022376840426687,-0.02101398059839972,0.019020396332232275
1.2867286728672869,-0.001002241002980796,-0.02101396119244083,0.019020368020827173
1.2872287228722872,-0.0010022442690979477,-0.02101394181341864,0.0190203397487201
1.287728772877288,-0.0010022474825569067,-0.021013922461295763,0.01902031151585651
1.2882288228822882,-0.0010022506435206963,-0.021013903136034864,0.019020283322181922
1.2887288728872885,-0.0010022537521525753,-0.021013883837598654,0.019020255167641952
1.2892289228922893,-0.0010022568086160354,-0.0210138645659499,0.01902022705218227
1.2897289728972896,-0.0010022598130747964,-0.02101384532105142,0.019020198975748633
1.2902290229022904,-0.0010022627656928029,-0.021013826102866083,0.019020170938286868
1.2907290729072907,-0.0010022656666342205,-0.02101380691135681,0.019020142939742885
1.2912291229122914,-0.0010022685160634315,-0.021013787746486566,0.019020114980062657
1.2917291729172917,-0.001002271314145032,-0.021013768608218384,0.019020087059192243
1.292229222922292,-0.0010022740610438274,-0.02101374949651533,0.01902005917707777
1.2927292729272928,-0.0010022767569248289,-0.021013730411340536,0.019020031333665446
1.293229322932293,-0.0010022794019532502,-0.02101371135265718,0.019020003528901545
1.2937293729372938,-0.001002281996294503,-0.021013692320428483,0.019019975762732424
1.2942294229422941,-0.0010022845401141938,-0.02101367331461773,0.01901994803510451
1.294729472947295,-0.0010022870335781202,-0.021013654335188252,0.019019920345964305
1.2952295229522952,-0.0010022894768522673,-0.021013635382103428,0.019019892695258386
1.295729572957296,-0.0010022918701028032,-0.02101361645532669,0.019019865082933404
1.2962296229622963,-0.0010022942134960766,-0.021013597554821517,0.019019837508936085
1.2967296729672966,-0.0010022965071986125,-0.02101357868055145,0.019019809973213224
1.2972297229722973,-0.001002298751377108,-0.02101355983248007,0.019019782475711698
1.2977297729772976,-0.0010023009461984304,-0.021013541010571006,0.01901975501637845
1.2982298229822984,-0.0010023030918296114,-0.02101352221478795,0.0190197275951605
1.2987298729872987,-0.0010023051884378452,-0.021013503445094634,0.019019700212004945
1.2992299229922994,-0.001002307236190484,-0.021013484701454848,0.019019672866858947
1.2997299729972998,-0.0010023092352550353,-0.021013465983832424,0.019019645559669753
1.3002300230023,-0.001002311185799157,-0.021013447292191248,0.01901961829038467
1.3007300730073008,-0.001002313087990655,-0.02101342862649526,0.019019591058951086
1.3012301230123011,-0.0010023149419974794,-0.02101340998670844,0.019019563865316468
1.3017301730173019,-0.0010023167479877206,-0.02101339137279483,0.019019536709428336
1.3022302230223022,-0.0010023185061296064,-0.021013372784718515,0.019019509591234305
1.302730273027303,-0.001002320216591498,-0.02101335422244363,0.01901948251068205
1.3032303230323032,-0.0010023218795418862,-0.021013335685934366,0.019019455467719323
1.3037303730373035,-0.0010023234951493892,-0.02101331717515495,0.019019428462293948
1.3042304230423043,-0.0010023250635827479,-0.021013298690069675,0.019019401494353817
1.3047304730473046,-0.0010023265850108228,-0.02101328023064287,0.019019374563846902
1.3052305230523054,-0.001002328059602591,-0.021013261796838927,0.019019347670721238
1.3057305730573057,-0.0010023294875271419,-0.02101324338862227,0.019019320814924946
1.3062306230623064,-0.001002330868953675,-0.02101322500595739,0.019019293996406204
1.3067306730673067,-0.001002332204051495,-0.02101320664880882,0.019019267215113267
1.307230723072307,-0.00100233349299001,-0.02101318831714113,0.01901924047099447
1.3077307730773078,-0.0010023347359387268,-0.02101317001091897,0.01901921376399821
1.308230823082308,-0.001002335933067248,-0.021013151730107,0.019019187094072954
1.3087308730873088,-0.0010023370845452695,-0.021013133474669963,0.01901916046116725
1.3092309230923092,-0.0010023381905425756,-0.021013115244572632,0.01901913386522971
1.30973097309731,-0.0010023392512290366,-0.021013097039779837,0.019019107306209024
1.3102310231023102,-0.0010023402667746054,-0.021013078860256447,0.019019080784053947
1.310731073107311,-0.0010023412373493146,-0.021013060705967392,0.019019054298713305
1.3112311231123113,-0.001002342163123272,-0.021013042576877645,0.019019027850135997
1.3117311731173116,-0.0010023430442666586,-0.021013024472952228,0.019019001438270997
1.3122312231223123,-0.0010023438809497246,-0.021013006394156205,0.019018975063067343
1.3127312731273126,-0.0010023446733427863,-0.021012988340454702,0.019018948724474148
1.3132313231323134,-0.001002345421616223,-0.021012970311812883,0.019018922422440594
1.3137313731373137,-0.0010023461259404739,-0.021012952308195967,0.019018896156915932
1.3142314231423144,-0.0010023467864860342,-0.021012934329569213,0.01901886992784949
1.3147314731473148,-0.0010023474034234526,-0.021012916375897934,0.019018843735190655
1.315231523152315,-0.001002347976923328,-0.021012898447147495,0.019018817578888896
1.3157315731573158,-0.0010023485071563062,-0.021012880543283298,0.019018791458893746
1.3162316231623161,-0.0010023489942930766,-0.021012862664270802,0.01901876537515481
1.3167316731673169,-0.0010023494385043691,-0.021012844810075513,0.019018739327621763
1.3172317231723172,-0.001002349839960951,-0.02101282698066298,0.019018713316244343
1.317731773177318,-0.0010023501988336246,-0.021012809175998806,0.019018687340972368
1.3182318231823182,-0.001002350515293222,-0.021012791396048638,0.019018661401755725
1.3187318731873185,-0.001002350789510605,-0.02101277364077817,0.019018635498544358
1.3192319231923193,-0.0010023510216566592,-0.02101275591015314,0.019018609631288295
1.3197319731973196,-0.0010023512119022927,-0.02101273820413935,0.01901858379993763
1.3202320232023204,-0.0010023513604184321,-0.021012720522702633,0.019018558004442517
1.3207320732073207,-0.0010023514673760201,-0.02101270286580887,0.019018532244753195
1.3212321232123214,-0.001002351532946012,-0.021012685233424,0.019018506520819954
1.3217321732173217,-0.001002351557299373,-0.021012667625514,0.01901848083259317
1.322232223222322,-0.0010023515406070744,-0.021012650042044896,0.019018455180023274
1.3227322732273228,-0.0010023514830400921,-0.021012632482982765,0.01901842956306078
1.323232323232323,-0.001002351384769402,-0.02101261494829373,0.019018403981656253
1.3237323732373238,-0.0010023512459659781,-0.021012597437943956,0.01901837843576034
1.3242324232423242,-0.0010023510668007891,-0.02101257995189966,0.019018352925323757
1.324732473247325,-0.0010023508474447953,-0.021012562490127104,0.01901832745029728
1.3252325232523252,-0.0010023505880689461,-0.0210125450525926,0.019018302010631757
1.325732573257326,-0.0010023502888441768,-0.0210125276392625,0.019018276606278108
1.3262326232623263,-0.0010023499499414055,-0.02101251025010321,0.019018251237187315
1.3267326732673266,-0.0010023495715315307,-0.021012492885081176,0.019018225903310433
1.3272327232723273,-0.0010023491537854278,-0.021012475544162898,0.019018200604598582
1.3277327732773276,-0.001002348696873947,-0.021012458227314915,0.01901817534100295
1.3282328232823284,-0.0010023482009679093,-0.02101244093450382,0.01901815011247479
1.3287328732873287,-0.001002347666238105,-0.02101242366569624,0.019018124918965436
1.3292329232923294,-0.0010023470928552899,-0.021012406420858866,0.01901809976042627
1.3297329732973298,-0.0010023464809901825,-0.02101238919995842,0.019018074636808758
1.33023302330233,-0.0010023458308134618,-0.02101237200296168,0.019018049548064422
1.3307330733073308,-0.0010023451424957639,-0.021012354829835465,0.019018024494144855
1.3312331233123311,-0.0010023444162076793,-0.02101233768054664,0.019017999475001723
1.3317331733173319,-0.0010023436521197505,-0.021012320555062115,0.019017974490586752
1.3322332233223322,-0.0010023428504024687,-0.02101230345334885,0.019017949540851734
1.332733273327333,-0.001002342011226272,-0.021012286375373855,0.019017924625748535
1.3332333233323332,-0.0010023411347615408,-0.02101226932110417,0.01901789974522908
1.3337333733373335,-0.0010023402211785974,-0.021012252290506895,0.01901787489924537
1.3342334233423343,-0.0010023392706477012,-0.021012235283549174,0.019017850087749463
1.3347334733473346,-0.0010023382833390477,-0.02101221830019819,0.01901782531069349
1.3352335233523354,-0.0010023372594227644,-0.021012201340421175,0.019017800568029642
1.3357335733573357,-0.001002336199068909,-0.021012184404185407,0.019017775859710186
1.3362336233623364,-0.0010023351024474666,-0.021012167491458213,0.019017751185687447
1.3367336733673367,-0.0010023339697283465,-0.021012150602206958,0.01901772654591382
1.337233723372337,-0.0010023328010813801,-0.021012133736399055,0.01901770194034176
1.3377337733773378,-0.0010023315966763188,-0.021012116894001967,0.0190176773689238
1.338233823382338,-0.0010023303566828298,-0.021012100074983196,0.019017652831612532
1.3387338733873388,-0.0010023290812704948,-0.02101208327931029,0.01901762832836061
1.3392339233923392,-0.001002327770608807,-0.02101206650695085,0.019017603859120758
1.33973397339734,-0.0010023264248671684,-0.021012049757872506,0.019017579423845764
1.3402340234023402,-0.0010023250442148875,-0.021012033032042948,0.019017555022488485
1.340734073407341,-0.0010023236288211766,-0.021012016329429905,0.019017530655001842
1.3412341234123413,-0.0010023221788551492,-0.02101199965000115,0.01901750632133882
1.3417341734173416,-0.0010023206944858173,-0.021011982993724504,0.019017482021452464
1.3422342234223423,-0.0010023191758820897,-0.021011966360567826,0.019017457755295897
1.3427342734273426,-0.001002317623212768,-0.021011949750499026,0.019017433522822296
1.3432343234323434,-0.001002316036646546,-0.021011933163486055,0.01901740932398491
1.3437343734373437,-0.0010023144163520054,-0.021011916599496916,0.019017385158737046
1.3442344234423445,-0.0010023127624976143,-0.021011900058499643,0.01901736102703208
1.3447344734473448,-0.0010023110752517249,-0.021011883540462326,0.01901733692882346
1.345234523452345,-0.0010023093547825706,-0.021011867045353096,0.01901731286406468
1.3457345734573458,-0.0010023076012582633,-0.021011850573140124,0.019017288832709315
1.3462346234623461,-0.0010023058148467916,-0.021011834123791633,0.019017264834710997
1.3467346734673469,-0.0010023039957160185,-0.02101181769727588,0.019017240870023426
1.3472347234723472,-0.0010023021440336783,-0.021011801293561175,0.019017216938600364
1.347734773477348,-0.0010023002599673745,-0.02101178491261587,0.01901719304039564
1.3482348234823482,-0.0010022983436845777,-0.021011768554408356,0.01901716917536314
1.3487348734873486,-0.001002296395352623,-0.021011752218907075,0.01901714534345682
1.3492349234923493,-0.0010022944151387076,-0.021011735906080506,0.019017121544630707
1.3497349734973496,-0.0010022924032098883,-0.02101171961589718,0.019017097778838872
1.3502350235023504,-0.0010022903597330802,-0.02101170334832566,0.019017074046035466
1.3507350735073507,-0.0010022882848750526,-0.021011687103334564,0.0190170503461747
1.3512351235123514,-0.0010022861788024284,-0.021011670880892546,0.019017026679210847
1.3517351735173517,-0.001002284041681681,-0.02101165468096831,0.019017003045098242
1.352235223522352,-0.001002281873679132,-0.0210116385035306,0.01901697944379129
1.3527352735273528,-0.0010022796749609487,-0.0210116223485482,0.01901695587524445
1.353235323532353,-0.001002277445693143,-0.021011606215989943,0.01901693233941225
1.3537353735373538,-0.001002275186041568,-0.0210115901058247,0.019016908836249277
1.3542354235423542,-0.0010022728961719158,-0.02101157401802139,0.019016885365710192
1.354735473547355,-0.0010022705762497163,-0.021011557952548974,0.019016861927749706
1.3552355235523552,-0.0010022682264403339,-0.021011541909376454,0.019016838522322596
1.355735573557356,-0.0010022658469089657,-0.021011525888472878,0.01901681514938371
1.3562356235623563,-0.0010022634378206395,-0.021011509889807333,0.019016791808887948
1.3567356735673566,-0.0010022609993402115,-0.02101149391334895,0.019016768500790274
1.3572357235723573,-0.001002258531632364,-0.021011477959066913,0.019016745225045723
1.3577357735773576,-0.0010022560348616034,-0.021011462026930428,0.01901672198160938
1.3582358235823584,-0.0010022535091922583,-0.021011446116908764,0.019016698770436408
1.3587358735873587,-0.0010022509547884765,-0.021011430228971218,0.01901667559148202
1.3592359235923595,-0.0010022483718142244,-0.02101141436308714,0.01901665244470149
1.3597359735973598,-0.0010022457604332833,-0.021011398519225916,0.019016629330050164
1.36023602360236,-0.0010022431208092481,-0.02101138269735698,0.019016606247483442
1.3607360736073608,-0.0010022404531055257,-0.021011366897449802,0.019016583196956788
1.3612361236123611,-0.001002237757485332,-0.021011351119473897,0.01901656017842573
1.3617361736173619,-0.0010022350341116902,-0.02101133536339883,0.01901653719184586
1.3622362236223622,-0.0010022322831474287,-0.021011319629194194,0.019016514237172818
1.362736273627363,-0.0010022295047551798,-0.02101130391682963,0.019016491314362324
1.3632363236323632,-0.0010022266990973765,-0.02101128822627483,0.019016468423370146
1.3637363736373636,-0.0010022238663362512,-0.02101127255749952,0.01901644556415212
1.3642364236423643,-0.0010022210066338336,-0.021011256910473463,0.01901642273666414
1.3647364736473646,-0.0010022181201519488,-0.021011241285166474,0.019016399940862166
1.3652365236523654,-0.001002215207052215,-0.0210112256815484,0.019016377176702213
1.3657365736573657,-0.0010022122674960424,-0.02101121009958914,0.01901635444414036
1.3662366236623664,-0.0010022093016446298,-0.02101119453925863,0.019016331743132744
1.3667366736673667,-0.0010022063096589641,-0.02101117900052685,0.019016309073635572
1.367236723672367,-0.0010022032916998174,-0.021011163483363817,0.019016286435605104
1.3677367736773678,-0.0010022002479277458,-0.02101114798773959,0.019016263828997657
1.368236823682368,-0.0010021971785030871,-0.021011132513624273,0.01901624125376962
1.3687368736873688,-0.001002194083585959,-0.021011117060988016,0.019016218709877436
1.3692369236923692,-0.001002190963336257,-0.021011101629800997,0.019016196197277603
1.36973697369737,-0.0010021878179136531,-0.021011086220033445,0.01901617371592669
1.3702370237023702,-0.0010021846474775936,-0.02101107083165563,0.019016151265781323
1.370737073707371,-0.001002181452187297,-0.02101105546463786,0.01901612884679818
1.3712371237123713,-0.0010021782322017525,-0.02101104011895049,0.019016106458934014
1.3717371737173716,-0.0010021749876797184,-0.021011024794563907,0.01901608410214562
1.3722372237223723,-0.00100217171877972,-0.02101100949144855,0.019016061776389877
1.3727372737273726,-0.0010021684256600477,-0.021010994209574883,0.019016039481623694
1.3732373237323734,-0.0010021651084787552,-0.021010978948913434,0.01901601721780407
1.3737373737373737,-0.0010021617673936585,-0.021010963709434748,0.019015994984888037
1.3742374237423745,-0.0010021584025623328,-0.02101094849110943,0.019015972782832707
1.3747374737473748,-0.001002155014142112,-0.021010933293908112,0.01901595061159524
1.375237523752375,-0.0010021516022900862,-0.021010918117801477,0.019015928471132856
1.3757375737573758,-0.0010021481671631007,-0.02101090296276024,0.019015906361402844
1.3762376237623761,-0.001002144708917753,-0.021010887828755164,0.019015884282362543
1.3767376737673769,-0.0010021412277103924,-0.02101087271575705,0.01901586223396935
1.3772377237723772,-0.0010021377236971185,-0.021010857623736737,0.01901584021618073
1.377737773777378,-0.0010021341970337773,-0.021010842552665106,0.019015818228954196
1.3782378237823782,-0.0010021306478759627,-0.021010827502513083,0.019015796272247334
1.3787378737873786,-0.0010021270763790123,-0.021010812473251626,0.019015774346017773
1.3792379237923793,-0.001002123482698007,-0.021010797464851738,0.019015752450223213
1.3797379737973796,-0.001002119866987769,-0.02101078247728446,0.019015730584821408
1.3802380238023804,-0.0010021162294028602,-0.021010767510520882,0.01901570874977017
1.3807380738073807,-0.0010021125700975808,-0.021010752564532123,0.01901568694502737
1.3812381238123814,-0.0010021088892259672,-0.021010737639289342,0.019015665170550936
1.3817381738173817,-0.0010021051869417916,-0.02101072273476375,0.01901564342629886
1.382238223822382,-0.0010021014633985583,-0.021010707850926586,0.01901562171222919
1.3827382738273828,-0.0010020977187495045,-0.021010692987749133,0.019015600028300026
1.383238323832383,-0.0010020939531475974,-0.021010678145202712,0.019015578374469534
1.3837383738373839,-0.0010020901667455325,-0.021010663323258693,0.019015556750695935
1.3842384238423842,-0.0010020863596957327,-0.021010648521888473,0.019015535156937508
1.384738473847385,-0.001002082532150347,-0.021010633741063493,0.019015513593152587
1.3852385238523852,-0.0010020786842612481,-0.02101061898075524,0.019015492059299574
1.385738573857386,-0.0010020748161800315,-0.021010604240935232,0.019015470555336915
1.3862386238623863,-0.0010020709280580138,-0.02101058952157503,0.019015449081223122
1.3867386738673866,-0.0010020670200462315,-0.021010574822646236,0.019015427636916764
1.3872387238723873,-0.001002063092295439,-0.021010560144120487,0.019015406222376467
1.3877387738773876,-0.001002059144956108,-0.021010545485969468,0.01901538483756091
1.3882388238823884,-0.0010020551781784249,-0.021010530848164892,0.019015363482428837
1.3887388738873887,-0.0010020511921122906,-0.021010516230678518,0.019015342156939046
1.3892389238923895,-0.0010020471869073182,-0.021010501633482143,0.019015320861050386
1.3897389738973898,-0.0010020431627128321,-0.021010487056547608,0.019015299594721775
1.39023902390239,-0.0010020391196778658,-0.02101047249984678,0.01901527835791218
1.3907390739073908,-0.0010020350579511622,-0.02101045796335158,0.019015257150580625
1.3912391239123911,-0.0010020309776811699,-0.02101044344703396,0.019015235972686194
1.3917391739173919,-0.0010020268790160436,-0.021010428950865908,0.019015214824188026
1.3922392239223922,-0.0010020227621036425,-0.02101041447481946,0.019015193705045317
1.392739273927393,-0.0010020186270915284,-0.021010400018866685,0.019015172615217322
1.3932393239323932,-0.0010020144741269643,-0.021010385582979692,0.019015151554663344
1.3937393739373936,-0.0010020103033569138,-0.021010371167130625,0.019015130523342756
1.3942394239423943,-0.0010020061149280393,-0.021010356771291674,0.019015109521214976
1.3947394739473946,-0.0010020019089867008,-0.02101034239543506,0.019015088548239484
1.3952395239523954,-0.0010019976856789545,-0.021010328039533052,0.019015067604375817
1.3957395739573957,-0.0010019934451505515,-0.021010313703557944,0.01901504668958356
1.3962396239623964,-0.0010019891875469372,-0.021010299387482084,0.019015025803822368
1.3967396739673967,-0.0010019849130132486,-0.021010285091277843,0.019015004947051935
1.397239723972397,-0.001001980621694315,-0.021010270814917645,0.019014984119232026
1.3977397739773978,-0.0010019763137346547,-0.021010256558373942,0.019014963320322455
1.398239823982398,-0.0010019719892784753,-0.021010242321619226,0.019014942550283093
1.3987398739873989,-0.001001967648469672,-0.021010228104626032,0.019014921809073864
1.3992399239923992,-0.001001963291451826,-0.021010213907366928,0.01901490109665475
1.3997399739974,-0.0010019589183682042,-0.021010199729814518,0.019014880412985793
1.4002400240024002,-0.0010019545293617567,-0.021010185571941453,0.01901485975802708
1.400740074007401,-0.0010019501245751173,-0.02101017143372042,0.019014839131738764
1.4012401240124013,-0.0010019457041506006,-0.02101015731512413,0.019014818534081046
1.4017401740174016,-0.0010019412682302023,-0.021010143216125352,0.019014797965014187
1.4022402240224023,-0.001001936816955597,-0.02101012913669688,0.019014777424498495
1.4027402740274026,-0.0010019323504681379,-0.02101011507681155,0.019014756912494348
1.4032403240324034,-0.0010019278689088547,-0.02101010103644223,0.019014736428962165
1.4037403740374037,-0.0010019233724184538,-0.02101008701556184,0.019014715973862426
1.4042404240424045,-0.0010019188611373156,-0.02101007301414332,0.019014695547155666
1.4047404740474048,-0.001001914335205495,-0.021010059032159658,0.019014675148802476
1.405240524052405,-0.0010019097947627197,-0.02101004506958388,0.01901465477876349
1.4057405740574058,-0.001001905239948388,-0.021010031126389044,0.019014634436999415
1.4062406240624061,-0.0010019006709015698,-0.021010017202548244,0.019014614123471003
1.4067406740674069,-0.001001896087761004,-0.021010003298034624,0.019014593838139058
1.4072407240724072,-0.001001891490665098,-0.021009989412821353,0.01901457358096444
1.407740774077408,-0.0010018868797519265,-0.021009975546881637,0.01901455335190807
1.4082408240824082,-0.0010018822551592314,-0.02100996170018873,0.019014533150930914
1.4087408740874086,-0.0010018776170244187,-0.02100994787271591,0.019014512977994
1.4092409240924093,-0.0010018729654845601,-0.021009934064436502,0.019014492833058404
1.4097409740974096,-0.0010018683006763898,-0.021009920275323862,0.019014472716085258
1.4102410241024104,-0.0010018636227363046,-0.021009906505351388,0.019014452627035747
1.4107410741074107,-0.001001858931800363,-0.021009892754492512,0.019014432565871115
1.4112411241124114,-0.001001854228004284,-0.0210098790227207,0.019014412532552656
1.4117411741174117,-0.0010018495114834458,-0.021009865310009458,0.019014392527041714
1.412241224122412,-0.0010018447823728857,-0.021009851616332332,0.01901437254929969
1.4127412741274128,-0.001001840040807298,-0.0210098379416629,0.019014352599288045
1.413241324132413,-0.0010018352869210342,-0.02100982428597478,0.019014332676968282
1.4137413741374139,-0.0010018305208481018,-0.02100981064924162,0.019014312782301965
1.4142414241424142,-0.0010018257427221627,-0.021009797031437114,0.019014292915250707
1.414741474147415,-0.0010018209526765332,-0.021009783432534984,0.019014273075776182
1.4152415241524152,-0.0010018161508441828,-0.021009769852508995,0.019014253263840108
1.415741574157416,-0.0010018113373577331,-0.021009756291332945,0.019014233479404258
1.4162416241624163,-0.0010018065123494574,-0.02100974274898067,0.01901421372243046
1.4167416741674166,-0.0010018016759512788,-0.02100972922542604,0.019014193992880603
1.4172417241724173,-0.0010017968282947712,-0.02100971572064296,0.01901417429071661
1.4177417741774176,-0.0010017919695111566,-0.021009702234605382,0.019014154615900475
1.4182418241824184,-0.0010017870997313053,-0.021009688767287277,0.019014134968394235
1.4187418741874187,-0.0010017822190857351,-0.021009675318662668,0.019014115348159978
1.4192419241924195,-0.0010017773277046101,-0.021009661888705605,0.019014095755159856
1.4197419741974198,-0.0010017724257177397,-0.02100964847739017,0.019014076189356063
1.42024202420242,-0.0010017675132545784,-0.0210096350846905,0.01901405665071085
1.4207420742074208,-0.0010017625904442248,-0.021009621710580746,0.019014037139186517
1.4212421242124211,-0.0010017576574154212,-0.021009608355035105,0.01901401765474542
1.4217421742174219,-0.0010017527142965517,-0.02100959501802781,0.019013998197349963
1.4222422242224222,-0.001001747761215643,-0.02100958169953313,0.01901397876696261
1.422742274227423,-0.001001742798300362,-0.021009568399525363,0.019013959363545867
1.4232423242324233,-0.0010017378256780166,-0.021009555117978855,0.0190139399870623
1.4237423742374236,-0.0010017328434755541,-0.021009541854867978,0.019013920637474525
1.4242424242424243,-0.001001727851819561,-0.021009528610167142,0.019013901314745205
1.4247424742474246,-0.0010017228508362613,-0.02100951538385079,0.019013882018837063
1.4252425242524254,-0.0010017178406515172,-0.021009502175893407,0.019013862749712864
1.4257425742574257,-0.0010017128213908276,-0.021009488986269507,0.019013843507335437
1.4262426242624264,-0.001001707793179327,-0.021009475814953642,0.019013824291667654
1.4267426742674267,-0.001001702756141786,-0.021009462661920403,0.019013805102672435
1.427242724272427,-0.0010016977104026102,-0.021009449527144407,0.019013785940312763
1.4277427742774278,-0.0010016926560858384,-0.021009436410600317,0.019013766804551663
1.428242824282428,-0.001001687593315144,-0.021009423312262823,0.019013747695352214
1.4287428742874289,-0.0010016825222138326,-0.021009410232106656,0.019013728612677548
1.4292429242924292,-0.0010016774429048424,-0.021009397170106574,0.01901370955649085
1.42974297429743,-0.0010016723555107433,-0.021009384126237377,0.019013690526755347
1.4302430243024302,-0.0010016672601537364,-0.021009371100473902,0.01901367152343433
1.430743074307431,-0.0010016621569556529,-0.021009358092791013,0.019013652546491126
1.4312431243124313,-0.001001657046037954,-0.021009345103163615,0.019013633595889125
1.4317431743174316,-0.0010016519275217307,-0.021009332131566645,0.019013614671591766
1.4322432243224323,-0.0010016468015277022,-0.021009319177975074,0.01901359577356253
1.4327432743274326,-0.001001641668176216,-0.021009306242363912,0.019013576901764966
1.4332433243324334,-0.001001636527587247,-0.021009293324708203,0.01901355805616265
1.4337433743374337,-0.0010016313798803984,-0.02100928042498302,0.01901353923671923
1.4342434243424345,-0.0010016262251748987,-0.02100926754316347,0.019013520443398393
1.4347434743474348,-0.0010016210635896026,-0.02100925467922471,0.01901350167616388
1.435243524352435,-0.001001615895242991,-0.02100924183314191,0.01901348293497948
1.4357435743574358,-0.0010016107202531694,-0.021009229004890294,0.019013464219809036
1.4362436243624361,-0.0010016055387378677,-0.021009216194445103,0.019013445530616437
1.4367436743674369,-0.0010016003508144403,-0.021009203401781626,0.019013426867365624
1.4372437243724372,-0.0010015951565998647,-0.021009190626875177,0.019013408230020592
1.437743774377438,-0.0010015899562107419,-0.02100917786970111,0.019013389618545377
1.4382438243824383,-0.001001584749763295,-0.021009165130234812,0.01901337103290407
1.4387438743874386,-0.00100157953737337,-0.021009152408451703,0.019013352473060817
1.4392439243924393,-0.001001574319156434,-0.021009139704327235,0.019013333938979804
1.4397439743974396,-0.001001569095227576,-0.0210091270178369,0.019013315430625274
1.4402440244024404,-0.001001563865701505,-0.02100911434895622,0.019013296947961517
1.4407440744074407,-0.0010015586306925514,-0.02100910169766075,0.01901327849095287
1.4412441244124414,-0.0010015533903146652,-0.021009089063926085,0.019013260059563726
1.4417441744174417,-0.0010015481446814156,-0.021009076447727846,0.01901324165375852
1.442244224422442,-0.001001542893905992,-0.02100906384904169,0.019013223273501738
1.4427442744274428,-0.0010015376381012017,-0.02100905126784331,0.019013204918757923
1.443244324432443,-0.001001532377379471,-0.021009038704108435,0.01901318658949166
1.4437443744374439,-0.0010015271118528444,-0.021009026157812822,0.01901316828566758
1.4442444244424442,-0.0010015218416329838,-0.021009013628932264,0.019013150007250373
1.444744474447445,-0.0010015165668311684,-0.02100900111744259,0.01901313175420477
1.4452445244524452,-0.0010015112875582947,-0.021008988623319656,0.019013113526495557
1.445744574457446,-0.001001506003924876,-0.02100897614653936,0.01901309532408756
1.4462446244624463,-0.0010015007160410418,-0.021008963687077626,0.01901307714694566
1.4467446744674466,-0.0010014954240165372,-0.02100895124491042,0.01901305899503479
1.4472447244724473,-0.0010014901279607241,-0.02100893882001373,0.019013040868319925
1.4477447744774476,-0.0010014848279825787,-0.021008926412363585,0.019013022766766093
1.4482448244824484,-0.001001479524190693,-0.02100891402193605,0.019013004690338366
1.4487448744874487,-0.0010014742166932736,-0.021008901648707213,0.01901298663900187
1.4492449244924495,-0.0010014689055981415,-0.021008889292653207,0.019012968612721778
1.4497449744974498,-0.0010014635910127326,-0.021008876953750186,0.019012950611463304
1.45024502450245,-0.0010014582730440962,-0.021008864631974346,0.019012932635191725
1.4507450745074508,-0.0010014529517988955,-0.021008852327301916,0.01901291468387235
1.4512451245124511,-0.0010014476273834069,-0.02100884003970915,0.01901289675747055
1.4517451745174519,-0.0010014422999035208,-0.021008827769172348,0.019012878855951734
1.4522452245224522,-0.0010014369694647401,-0.021008815515667828,0.01901286097928136
1.452745274527453,-0.0010014316361721808,-0.021008803279171952,0.019012843127424944
1.4532453245324533,-0.001001426300130571,-0.02100879105966111,0.01901282530034804
1.4537453745374536,-0.0010014209614442513,-0.021008778857111724,0.019012807498016246
1.4542454245424543,-0.001001415620217175,-0.021008766671500253,0.019012789720395225
1.4547454745474546,-0.0010014102765529068,-0.021008754502803182,0.019012771967450666
1.4552455245524554,-0.0010014049305546232,-0.021008742350997037,0.019012754239148326
1.4557455745574557,-0.0010013995823251124,-0.021008730216058376,0.019012736535453996
1.4562456245624564,-0.0010013942319667742,-0.021008718097963775,0.01901271885633352
1.4567456745674567,-0.0010013888795816195,-0.02100870599668986,0.019012701201752785
1.457245724572457,-0.00100138352527127,-0.021008693912213286,0.01901268357167773
1.4577457745774578,-0.001001378169136959,-0.02100868184451073,0.019012665966074337
1.458245824582458,-0.0010013728112795298,-0.021008669793558914,0.019012648384908643
1.4587458745874589,-0.001001367451799437,-0.02100865775933458,0.019012630828146724
1.4592459245924592,-0.0010013620907967451,-0.02100864574181452,0.019012613295754703
1.45974597459746,-0.0010013567283711298,-0.02100863374097554,0.019012595787698757
1.4602460246024602,-0.0010013513646218765,-0.021008621756794486,0.019012578303945107
1.460746074607461,-0.0010013459996478806,-0.021008609789248237,0.019012560844460017
1.4612461246124613,-0.0010013406335476482,-0.0210085978383137,0.019012543409209805
1.4617461746174616,-0.0010013352664192952,-0.021008585903967824,0.019012525998160824
1.4622462246224623,-0.001001329898360547,-0.021008573986187575,0.019012508611279486
1.4627462746274627,-0.0010013245294687393,-0.021008562084949965,0.019012491248532246
1.4632463246324634,-0.001001319159840817,-0.021008550200232026,0.0190124739098856
1.4637463746374637,-0.0010013137895733355,-0.021008538332010832,0.019012456595306097
1.4642464246424645,-0.001001308418762459,-0.021008526480263485,0.019012439304760334
1.4647464746474648,-0.0010013030475039615,-0.021008514644967113,0.019012422038214943
1.465246524652465,-0.001001297675893227,-0.021008502826098886,0.019012404795636616
1.4657465746574658,-0.0010012923040252483,-0.021008491023636,0.019012387576992085
1.4662466246624661,-0.001001286931994628,-0.02100847923755568,0.019012370382248123
1.4667466746674669,-0.0010012815598955784,-0.02100846746783519,0.01901235321137156
1.4672467246724672,-0.0010012761878219205,-0.02100845571445182,0.019012336064329265
1.467746774677468,-0.0010012708158670855,-0.02100844397738289,0.019012318941088152
1.4682468246824683,-0.0010012654441241135,-0.02100843225660576,0.01901230184161519
1.4687468746874686,-0.001001260072685654,-0.021008420552097815,0.01901228476587738
1.4692469246924693,-0.0010012547016439665,-0.02100840886383647,0.01901226771384178
1.4697469746974696,-0.001001249331090919,-0.021008397191799175,0.019012250685475487
1.4702470247024704,-0.0010012439611179899,-0.021008385535963407,0.01901223368074565
1.4707470747074707,-0.0010012385918162663,-0.021008373896306682,0.019012216699619458
1.4712471247124714,-0.0010012332232764455,-0.021008362272806537,0.01901219974206415
1.4717471747174717,-0.0010012278555888343,-0.021008350665440552,0.019012182808047003
1.472247224722472,-0.0010012224888433484,-0.021008339074186325,0.01901216589753535
1.4727472747274728,-0.001001217123129514,-0.021008327499021498,0.01901214901049656
1.473247324732473,-0.0010012117585364666,-0.021008315939923736,0.019012132146898054
1.4737473747374739,-0.0010012063951529517,-0.021008304396870733,0.019012115306707295
1.4742474247424742,-0.001001201033067325,-0.021008292869840222,0.01901209848989179
1.474747474747475,-0.0010011956723675517,-0.021008281358809965,0.019012081696419093
1.4752475247524752,-0.0010011903131412069,-0.021008269863757745,0.019012064926256803
1.475747574757476,-0.0010011849554754765,-0.02100825838466139,0.019012048179372566
1.4762476247624763,-0.0010011795994571567,-0.02100824692149875,0.019012031455734067
1.4767476747674766,-0.001001174245172653,-0.021008235474247707,0.019012014755309038
1.4772477247724773,-0.0010011688927079828,-0.02100822404288618,0.019011998078065265
1.4777477747774777,-0.0010011635421487734,-0.021008212627392105,0.019011981423970564
1.4782478247824784,-0.0010011581935802625,-0.02100820122774346,0.019011964792992803
1.4787478747874787,-0.0010011528470872998,-0.021008189843918255,0.019011948185099898
1.4792479247924795,-0.0010011475027543446,-0.02100817847589452,0.019011931600259803
1.4797479747974798,-0.0010011421606654688,-0.021008167123650327,0.01901191503844052
1.48024802480248,-0.0010011368209043544,-0.02100815578716377,0.019011898499610092
1.4807480748074808,-0.0010011314835542957,-0.021008144466412974,0.019011881983736614
1.4812481248124811,-0.0010011261486981985,-0.0210081331613761,0.01901186549078822
1.4817481748174819,-0.0010011208164185798,-0.021008121872031337,0.01901184902073308
1.4822482248224822,-0.0010011154867975694,-0.021008110598356902,0.019011832573539427
1.482748274827483,-0.001001110159916909,-0.021008099340331043,0.019011816149175523
1.4832483248324833,-0.0010011048358579528,-0.02100808809793204,0.019011799747609682
1.4837483748374836,-0.001001099514701667,-0.021008076871138197,0.019011783368810254
1.4842484248424843,-0.0010010941965286312,-0.02100806565992786,0.01901176701274564
1.4847484748474846,-0.0010010888814190376,-0.021008054464279398,0.019011750679384286
1.4852485248524854,-0.0010010835694526919,-0.021008043284171204,0.01901173436869467
1.4857485748574857,-0.0010010782607090128,-0.021008032119581712,0.019011718080645335
1.4862486248624864,-0.0010010729552670334,-0.02100802097048938,0.01901170181520484
1.4867486748674867,-0.0010010676532053995,-0.021008009836872694,0.019011685572341813
1.487248724872487,-0.001001062354602372,-0.021007998718710178,0.019011669352024915
1.4877487748774878,-0.0010010570595358258,-0.021007987615980377,0.019011653154222843
1.488248824882488,-0.00100105176808325,-0.02100797652866187,0.019011636978904352
1.4887488748874889,-0.0010010464803217492,-0.021007965456733266,0.019011620826038227
1.4892489248924892,-0.0010010411963280428,-0.021007954400173202,0.01901160469559331
1.48974897489749,-0.0010010359161784655,-0.02100794335896035,0.019011588587538476
1.4902490249024902,-0.0010010306399489677,-0.021007932333073395,0.019011572501842645
1.490749074907491,-0.001001025367715116,-0.021007921322491078,0.01901155643847478
1.4912491249124913,-0.0010010200995520923,-0.021007910327192146,0.01901154039740389
1.4917491749174916,-0.001001014835534696,-0.021007899347155388,0.01901152437859903
1.4922492249224923,-0.0010010095757373428,-0.02100788838235962,0.019011508382029287
1.4927492749274927,-0.0010010043202340656,-0.021007877432783685,0.019011492407663796
1.4932493249324934,-0.0010009990690985145,-0.021007866498406455,0.019011476455471743
1.4937493749374937,-0.0010009938224039574,-0.021007855579206838,0.019011460525422345
1.4942494249424945,-0.0010009885802232802,-0.021007844675163763,0.019011444617484868
1.4947494749474948,-0.0010009833426289872,-0.021007833786256192,0.01901142873162862
1.495249524952495,-0.0010009781096932012,-0.021007822912463118,0.019011412867822947
1.4957495749574958,-0.0010009728814876638,-0.021007812053763557,0.019011397026037245
1.4962496249624961,-0.0010009676580837366,-0.021007801210136564,0.01901138120624095
1.496749674967497,-0.0010009624395524,-0.02100779038156121,0.019011365408403536
1.4972497249724972,-0.0010009572259642545,-0.02100777956801661,0.019011349632494522
1.497749774977498,-0.001000952017389522,-0.021007768769481898,0.019011333878483475
1.4982498249824983,-0.0010009468138980435,-0.021007757985936237,0.01901131814634
1.4987498749874986,-0.0010009416155592823,-0.021007747217358822,0.019011302436033734
1.4992499249924993,-0.0010009364224423229,-0.021007736463728877,0.01901128674753437
1.4997499749974996,-0.0010009312346158708,-0.021007725725025652,0.019011271080811645
1.5002500250025004,-0.0010009260521482548,-0.02100771500122843,0.019011255435835324
1.5007500750075007,-0.0010009208751074253,-0.021007704292316524,0.019011239812575225
1.5012501250125014,-0.0010009157035609565,-0.021007693598269265,0.019011224211001203
1.5017501750175017,-0.0010009105375760451,-0.02100768291906602,0.019011208631083156
1.502250225022502,-0.0010009053772195124,-0.021007672254686194,0.019011193072791026
1.5027502750275028,-0.0010009002225578028,-0.0210076616051092,0.019011177536094798
1.503250325032503,-0.0010008950736569862,-0.021007650970314498,0.019011162020964485
1.5037503750375039,-0.0010008899305827572,-0.021007640350281565,0.019011146527370164
1.5042504250425042,-0.0010008847934004353,-0.021007629744989913,0.019011131055281932
1.504750475047505,-0.001000879662174966,-0.02100761915441908,0.019011115604669945
1.5052505250525052,-0.0010008745369709214,-0.021007608578548633,0.01901110017550439
1.505750575057506,-0.0010008694178525,-0.021007598017358166,0.019011084767755492
1.5062506250625063,-0.001000864304883527,-0.021007587470827302,0.019011069381393533
1.5067506750675066,-0.0010008591981274558,-0.021007576938935693,0.01901105401638882
1.5072507250725073,-0.0010008540976473672,-0.02100756642166302,0.01901103867271171
1.5077507750775077,-0.0010008490035059707,-0.021007555918988986,0.019011023350332598
1.5082508250825084,-0.0010008439157656046,-0.021007545430893334,0.019011008049221925
1.5087508750875087,-0.0010008388344882365,-0.021007534957355824,0.019010992769350164
1.5092509250925095,-0.0010008337597354636,-0.02100752449835625,0.019010977510687834
1.5097509750975098,-0.0010008286915685139,-0.02100751405387443,0.0190109622732055
1.51025102510251,-0.0010008236300482454,-0.021007503623890218,0.019010947056873756
1.5107510751075108,-0.0010008185752351478,-0.021007493208383486,0.01901093186166325
1.5112511251125111,-0.0010008135271893422,-0.021007482807334138,0.019010916687544663
1.511751175117512,-0.0010008084859705823,-0.021007472420722106,0.019010901534488714
1.5122512251225122,-0.001000803451638254,-0.021007462048527353,0.01901088640246617
1.512751275127513,-0.001000798424251376,-0.021007451690729866,0.019010871291447833
1.5132513251325133,-0.0010007934038686018,-0.02100744134730966,0.019010856201404552
1.5137513751375136,-0.001000788390548218,-0.021007431018246776,0.01901084113230721
1.5142514251425143,-0.0010007833843481463,-0.02100742070352129,0.01901082608412673
1.5147514751475146,-0.0010007783853259436,-0.021007410403113297,0.019010811056834085
1.5152515251525154,-0.0010007733935388022,-0.021007400117002927,0.019010796050400274
1.5157515751575157,-0.001000768409043551,-0.02100738984517033,0.01901078106479635
1.5162516251625164,-0.001000763431896655,-0.02100737958759569,0.01901076609999339
1.5167516751675167,-0.0010007584621542168,-0.021007369344259216,0.019010751155962534
1.517251725172517,-0.0010007534998719774,-0.021007359115141143,0.01901073623267494
1.5177517751775178,-0.001000748545105315,-0.021007348900221736,0.019010721330101815
1.5182518251825181,-0.0010007435979092472,-0.021007338699481286,0.019010706448214412
1.5187518751875189,-0.001000738658338431,-0.02100732851290011,0.019010691586984013
1.5192519251925192,-0.0010007337264471635,-0.021007318340458558,0.019010676746381943
1.51975197519752,-0.0010007288022893818,-0.021007308182137002,0.019010661926379575
1.5202520252025202,-0.0010007238859186646,-0.02100729803791584,0.01901064712694831
1.520752075207521,-0.001000718977388232,-0.0210072879077755,0.019010632348059598
1.5212521252125213,-0.001000714076750946,-0.021007277791696442,0.019010617589684923
1.5217521752175216,-0.001000709184059312,-0.021007267689659145,0.01901060285179581
1.5222522252225223,-0.001000704299365478,-0.021007257601644114,0.01901058813436382
1.5227522752275227,-0.0010006994227212361,-0.021007247527631893,0.019010573437360564
1.5232523252325234,-0.0010006945541780235,-0.021007237467603038,0.01901055876075768
1.5237523752375237,-0.0010006896937869213,-0.02100722742153814,0.019010544104526853
1.5242524252425245,-0.0010006848415986572,-0.021007217389417823,0.01901052946863981
1.5247524752475248,-0.001000679997663605,-0.021007207371222726,0.019010514853068303
1.525252525252525,-0.0010006751620317844,-0.021007197366933517,0.01901050025778414
1.5257525752575258,-0.001000670334752864,-0.0210071873765309,0.01901048568275916
1.5262526252625261,-0.0010006655158761595,-0.021007177399995598,0.01901047112796524
1.526752675267527,-0.0010006607054506352,-0.021007167437308356,0.0190104565933743
1.5272527252725272,-0.0010006559035249047,-0.02100715748844996,0.019010442078958294
1.527752775277528,-0.001000651110147232,-0.02100714755340121,0.019010427584689217
1.5282528252825283,-0.001000646325365531,-0.02100713763214294,0.01901041311053911
1.5287528752875286,-0.0010006415492273665,-0.02100712772465601,0.01901039865648004
1.5292529252925293,-0.001000636781779956,-0.0210071178309213,0.019010384222484127
1.5297529752975296,-0.001000632023070168,-0.02100710795091972,0.019010369808523515
1.5302530253025304,-0.001000627273144525,-0.02100709808463221,0.0190103554145704
1.5307530753075307,-0.0010006225320492025,-0.021007088232039735,0.019010341040596998
1.5312531253125314,-0.0010006177998300309,-0.021007078393123282,0.019010326686575593
1.5317531753175317,-0.0010006130765324943,-0.021007068567863874,0.019010312352478475
1.532253225322532,-0.0010006083622017337,-0.02100705875624255,0.019010298038277997
1.5327532753275328,-0.0010006036568825456,-0.021007048958240376,0.01901028374394654
1.5332533253325331,-0.0010005989606193828,-0.021007039173838456,0.019010269469456522
1.5337533753375339,-0.0010005942734563566,-0.021007029403017904,0.019010255214780405
1.5342534253425342,-0.0010005895954372356,-0.021007019645759874,0.019010240979890684
1.534753475347535,-0.0010005849266054476,-0.02100700990204554,0.019010226764759892
1.5352535253525352,-0.0010005802670040797,-0.021007000171856097,0.019010212569360606
1.535753575357536,-0.001000575616675879,-0.021006990455172774,0.019010198393665436
1.5362536253625363,-0.001000570975663254,-0.02100698075197683,0.019010184237647033
1.5367536753675366,-0.0010005663440082737,-0.021006971062249535,0.019010170101278083
1.5372537253725373,-0.0010005617217526699,-0.021006961385972196,0.019010155984531308
1.5377537753775377,-0.0010005571089378368,-0.02100695172312615,0.019010141887379477
1.5382538253825384,-0.0010005525056048326,-0.021006942073692744,0.01901012780979539
1.5387538753875387,-0.001000547911794379,-0.021006932437653364,0.01901011375175188
1.5392539253925395,-0.0010005433275468633,-0.02100692281498942,0.01901009971322183
1.5397539753975398,-0.0010005387529023375,-0.021006913205682345,0.019010085694178152
1.54025402540254,-0.0010005341879005209,-0.0210069036097136,0.0190100716945938
1.5407540754075408,-0.0010005296325807987,-0.021006894027064668,0.019010057714441756
1.5412541254125411,-0.001000525086982224,-0.021006884457717062,0.01901004375369505
1.541754175417542,-0.0010005205511435192,-0.02100687490165232,0.019010029812326752
1.5422542254225422,-0.0010005160251030743,-0.021006865358852,0.01901001589030996
1.542754275427543,-0.0010005115088989498,-0.021006855829297694,0.01901000198761781
1.5432543254325433,-0.0010005070025688768,-0.021006846312971016,0.019009988104223476
1.5437543754375436,-0.0010005025061502572,-0.021006836809853605,0.019009974240100178
1.5442544254425443,-0.0010004980196801649,-0.021006827319927125,0.019009960395221168
1.5447544754475446,-0.0010004935431953466,-0.021006817843173264,0.019009946569559726
1.5452545254525454,-0.0010004890767322222,-0.02100680837957374,0.019009932763089182
1.5457545754575457,-0.0010004846203268854,-0.021006798929110292,0.019009918975782896
1.5462546254625464,-0.0010004801740151053,-0.02100678949176469,0.019009905207614267
1.5467546754675467,-0.001000475737832326,-0.021006780067518722,0.01900989145855673
1.547254725472547,-0.001000471311813668,-0.021006770656354208,0.019009877728583757
1.5477547754775478,-0.0010004668959939286,-0.021006761258252987,0.01900986401766886
1.5482548254825481,-0.0010004624904075832,-0.02100675187319693,0.019009850325785588
1.5487548754875489,-0.0010004580950887852,-0.02100674250116792,0.019009836652907515
1.5492549254925492,-0.001000453710071368,-0.02100673314214789,0.019009822999008268
1.54975497549755,-0.0010004493353888437,-0.02100672379611877,0.019009809364061502
1.5502550255025502,-0.0010004449710744063,-0.021006714463062532,0.019009795748040906
1.550755075507551,-0.0010004406171609307,-0.02100670514296117,0.019009782150920213
1.5512551255125513,-0.0010004362736809737,-0.0210066958357967,0.019009768572673186
1.5517551755175516,-0.0010004319406667756,-0.02100668654155117,0.01900975501327363
1.5522552255225524,-0.00100042761815026,-0.02100667726020664,0.019009741472695383
1.5527552755275527,-0.0010004233061630355,-0.021006667991745206,0.019009727950912315
1.5532553255325534,-0.0010004190047363953,-0.021006658736148986,0.019009714447898344
1.5537553755375537,-0.001000414713901319,-0.02100664949340012,0.019009700963627415
1.5542554255425545,-0.001000410433688473,-0.02100664026348078,0.01900968749807351
1.5547554755475548,-0.0010004061641282105,-0.021006631046373153,0.019009674051210648
1.555255525552555,-0.0010004019052505739,-0.021006621842059457,0.01900966062301289
1.5557555755575558,-0.0010003976570852945,-0.021006612650521932,0.019009647213454318
1.5562556255625561,-0.001000393419661793,-0.021006603471742845,0.01900963382250907
1.556755675567557,-0.001000389193009181,-0.021006594305704486,0.019009620450151303
1.5572557255725572,-0.0010003849771562617,-0.021006585152389172,0.019009607096355217
1.557755775577558,-0.00100038077213153,-0.021006576011779243,0.01900959376109505
1.5582558255825583,-0.0010003765779631746,-0.02100656688385706,0.019009580444345073
1.5587558755875586,-0.0010003723946790768,-0.02100655776860501,0.01900956714607959
1.5592559255925593,-0.0010003682223068133,-0.021006548666005515,0.019009553866272944
1.5597559755975596,-0.0010003640608736558,-0.021006539576041,0.01900954060489951
1.5602560256025604,-0.0010003599104065723,-0.02100653049869394,0.01900952736193371
1.5607560756075607,-0.0010003557709322276,-0.02100652143394681,0.019009514137349987
1.5612561256125614,-0.0010003516424769844,-0.021006512381782125,0.019009500931122827
1.5617561756175617,-0.0010003475250669035,-0.02100650334218242,0.019009487743226746
1.562256225622562,-0.0010003434187277455,-0.021006494315130256,0.019009474573636307
1.5627562756275628,-0.0010003393234849706,-0.021006485300608214,0.019009461422326093
1.5632563256325631,-0.0010003352393637404,-0.0210064762985989,0.019009448289270734
1.5637563756375639,-0.001000331166388918,-0.021006467309084946,0.01900943517444489
1.5642564256425642,-0.0010003271045850692,-0.02100645833204901,0.01900942207782326
1.564756475647565,-0.0010003230539764629,-0.021006449367473767,0.01900940899938057
1.5652565256525652,-0.001000319014587072,-0.02100644041534193,0.01900939593909159
1.565756575657566,-0.0010003149864405748,-0.021006431475636213,0.01900938289693112
1.5662566256625663,-0.0010003109695603555,-0.02100642254833938,0.019009369872874
1.5667566756675666,-0.0010003069639695043,-0.021006413633434202,0.0190093568668951
1.5672567256725674,-0.001000302969690819,-0.02100640473090348,0.019009343878969322
1.5677567756775677,-0.0010002989867468062,-0.021006395840730035,0.01900933090907161
1.5682568256825684,-0.0010002950151596804,-0.021006386962896716,0.019009317957176943
1.5687568756875687,-0.0010002910549513674,-0.021006378097386393,0.01900930502326033
1.5692569256925695,-0.0010002871061435025,-0.021006369244181963,0.019009292107296807
1.5697569756975698,-0.0010002831687574332,-0.021006360403266342,0.01900927920926147
1.57025702570257,-0.0010002792428142192,-0.021006351574622474,0.019009266329129422
1.5707570757075708,-0.0010002753283346333,-0.021006342758233328,0.019009253466875816
1.5712571257125711,-0.0010002714253391622,-0.021006333954081885,0.019009240622475835
1.571757175717572,-0.001000267533848008,-0.021006325162151167,0.0190092277959047
1.5722572257225722,-0.0010002636538810877,-0.021006316382424204,0.019009214987137656
1.572757275727573,-0.0010002597854580355,-0.021006307614884062,0.01900920219615
1.5732573257325733,-0.0010002559285982027,-0.021006298859513824,0.019009189422917044
1.5737573757375736,-0.0010002520833206586,-0.021006290116296594,0.019009176667414147
1.5742574257425743,-0.0010002482496441918,-0.021006281385215507,0.0190091639296167
1.5747574757475746,-0.0010002444275873108,-0.021006272666253715,0.019009151209500124
1.5752575257525754,-0.0010002406171682446,-0.021006263959394395,0.019009138507039877
1.5757575757575757,-0.0010002368184049437,-0.02100625526462075,0.019009125822211453
1.5762576257625764,-0.0010002330313150815,-0.021006246581916004,0.01900911315499038
1.5767576757675767,-0.001000229255916054,-0.021006237911263402,0.01900910050535221
1.577257725772577,-0.001000225492224982,-0.021006229252646218,0.019009087873272545
1.5777577757775778,-0.0010002217402587106,-0.021006220606047742,0.019009075258727005
1.5782578257825781,-0.0010002180000338113,-0.021006211971451298,0.01900906266169126
1.5787578757875789,-0.0010002142715665814,-0.021006203348840218,0.019009050082141
1.5792579257925792,-0.0010002105548730469,-0.021006194738197873,0.019009037520051952
1.57975797579758,-0.0010002068499689611,-0.021006186139507648,0.019009024975399885
1.5802580258025802,-0.0010002031568698071,-0.02100617755275295,0.019009012448160594
1.580758075807581,-0.0010001994755907979,-0.02100616897791721,0.019008999938309904
1.5812581258125813,-0.001000195806146877,-0.021006160414983894,0.01900898744582368
1.5817581758175816,-0.001000192148552721,-0.021006151863936468,0.019008974970677824
1.5822582258225824,-0.0010001885028227376,-0.02100614332475844,0.01900896251284826
1.5827582758275827,-0.0010001848689710688,-0.021006134797433334,0.01900895007231096
1.5832583258325834,-0.0010001812470115908,-0.021006126281944697,0.01900893764904191
1.5837583758375837,-0.0010001776369579153,-0.0210061177782761,0.01900892524301715
1.5842584258425845,-0.0010001740388233898,-0.021006109286411133,0.01900891285421274
1.5847584758475848,-0.001000170452621099,-0.021006100806333416,0.01900890048260478
1.585258525852585,-0.0010001668783638647,-0.021006092338026586,0.019008888128169397
1.5857585758575858,-0.0010001633160642487,-0.021006083881474305,0.019008875790882753
1.5862586258625861,-0.001000159765734551,-0.021006075436660256,0.01900886347072105
1.586758675867587,-0.0010001562273868132,-0.021006067003568142,0.01900885116766051
1.5872587258725872,-0.0010001527010328175,-0.021006058582181696,0.019008838881677405
1.587758775877588,-0.0010001491866840884,-0.021006050172484674,0.019008826612748022
1.5882588258825883,-0.0010001456843518935,-0.021006041774460842,0.019008814360848694
1.5887588758875886,-0.0010001421940472443,-0.021006033388094,0.01900880212595578
1.5892589258925893,-0.001000138715780897,-0.02100602501336797,0.01900878990804567
1.5897589758975896,-0.001000135249563354,-0.021006016650266593,0.019008777707094804
1.5902590259025904,-0.0010001317954048633,-0.02100600829877373,0.01900876552307963
1.5907590759075907,-0.001000128353315421,-0.02100599995887327,0.01900875335597664
1.5912591259125914,-0.0010001249233047714,-0.02100599163054912,0.019008741205762365
1.5917591759175918,-0.0010001215053824079,-0.02100598331378522,0.01900872907241336
1.592259225922592,-0.001000118099557574,-0.02100597500856551,0.01900871695590621
1.5927592759275928,-0.0010001147058392636,-0.021005966714873973,0.019008704856217546
1.5932593259325931,-0.0010001113242362233,-0.02100595843269461,0.019008692773324017
1.5937593759375939,-0.0010001079547569517,-0.021005950162011434,0.019008680707202314
1.5942594259425942,-0.0010001045974097013,-0.021005941902808495,0.01900866865782915
1.594759475947595,-0.0010001012522024792,-0.021005933655069853,0.019008656625181287
1.5952595259525952,-0.001000097919143047,-0.0210059254187796,0.0190086446092355
1.595759575957596,-0.0010000945982389237,-0.021005917193921836,0.01900863260996861
1.5962596259625963,-0.0010000912894973842,-0.0210059089804807,0.019008620627357465
1.5967596759675966,-0.0010000879929254625,-0.02100590077844034,0.019008608661378948
1.5972597259725974,-0.0010000847085299507,-0.021005892587784937,0.019008596712009967
1.5977597759775977,-0.0010000814363174005,-0.021005884408498682,0.01900858477922747
1.5982598259825984,-0.001000078176294125,-0.021005876240565796,0.019008572863008433
1.5987598759875987,-0.0010000749284661986,-0.02100586808397052,0.019008560963329868
1.5992599259925995,-0.0010000716928394574,-0.021005859938697115,0.01900854908016881
1.5997599759975998,-0.0010000684694195015,-0.02100585180472987,0.019008537213502333
1.6002600260026,-0.001000065258211695,-0.021005843682053087,0.019008525363307546
1.6007600760076008,-0.001000062059221167,-0.021005835570651093,0.01900851352956158
1.6012601260126011,-0.0010000588724528123,-0.021005827470508245,0.019008501712241607
1.601760176017602,-0.0010000556979112933,-0.021005819381608906,0.019008489911324825
1.6022602260226022,-0.0010000525356010392,-0.021005811303937475,0.019008478126788467
1.602760276027603,-0.0010000493855262485,-0.021005803237478367,0.019008466358609793
1.6032603260326033,-0.001000046247690889,-0.021005795182216014,0.019008454606766097
1.6037603760376036,-0.0010000431220986985,-0.021005787138134877,0.019008442871234706
1.6042604260426043,-0.0010000400087531868,-0.021005779105219436,0.01900843115199298
1.6047604760476046,-0.0010000369076576352,-0.02100577108345419,0.019008419449018307
1.6052605260526054,-0.0010000338188150986,-0.021005763072823667,0.019008407762288106
1.6057605760576057,-0.0010000307422284053,-0.02100575507331241,0.019008396091779827
1.6062606260626064,-0.001000027677900159,-0.02100574708490498,0.01900838443747096
1.6067606760676068,-0.0010000246258327391,-0.021005739107585967,0.01900837279933901
1.607260726072607,-0.001000021586028301,-0.02100573114133998,0.019008361177361526
1.6077607760776078,-0.001000018558488778,-0.02100572318615165,0.01900834957151609
1.6082608260826081,-0.0010000155432158824,-0.021005715242005625,0.0190083379817803
1.6087608760876089,-0.0010000125402111046,-0.021005707308886578,0.0190083264081318
1.6092609260926092,-0.001000009549475716,-0.02100569938677921,0.019008314850548262
1.60976097609761,-0.0010000065710107692,-0.021005691475668224,0.019008303309007383
1.6102610261026102,-0.0010000036048170983,-0.021005683575538364,0.019008291783486897
1.610761076107611,-0.0010000006508953203,-0.02100567568637439,0.019008280273964562
1.6112611261126113,-0.0009999977092458364,-0.021005667808161075,0.01900826878041818
1.6117611761176116,-0.000999994779868832,-0.021005659940883218,0.019008257302825567
1.6122612261226124,-0.0009999918627642782,-0.021005652084525647,0.019008245841164586
1.6127612761276127,-0.0009999889579319326,-0.021005644239073196,0.019008234395413114
1.6132613261326134,-0.0009999860653713403,-0.02100563640451073,0.019008222965549076
1.6137613761376137,-0.000999983185081834,-0.021005628580823138,0.019008211551550414
1.6142614261426145,-0.0009999803170625363,-0.021005620767995323,0.01900820015339511
1.6147614761476148,-0.0009999774613123592,-0.021005612966012208,0.019008188771061165
1.615261526152615,-0.0009999746178300057,-0.02100560517485874,0.019008177404526625
1.6157615761576158,-0.0009999717866139711,-0.021005597394519886,0.019008166053769558
1.6162616261626161,-0.0009999689676625427,-0.021005589624980642,0.019008154718768062
1.616761676167617,-0.0009999661609738017,-0.021005581866226006,0.019008143399500268
1.6172617261726172,-0.000999963366545624,-0.02100557411824102,0.01900813209594434
1.617761776177618,-0.00099996058437568,-0.021005566381010726,0.01900812080807846
1.6182618261826183,-0.0009999578144614376,-0.021005558654520202,0.01900810953588086
1.6187618761876186,-0.000999955056800161,-0.021005550938754534,0.019008098279329786
1.6192619261926193,-0.0009999523113889124,-0.021005543233698843,0.01900808703840352
1.6197619761976196,-0.000999949578224553,-0.021005535539338257,0.019008075813080373
1.6202620262026204,-0.0009999468573037445,-0.021005527855657933,0.019008064603338686
1.6207620762076207,-0.0009999441486229486,-0.021005520182643043,0.019008053409156834
1.6212621262126214,-0.0009999414521784284,-0.02100551252027879,0.01900804223051322
1.6217621762176218,-0.0009999387679662502,-0.021005504868550382,0.019008031067386272
1.622262226222622,-0.0009999360959822832,-0.02100549722744306,0.01900801991975445
1.6227622762276228,-0.0009999334362222009,-0.021005489596942078,0.019008008787596255
1.6232623262326231,-0.000999930788681482,-0.021005481977032718,0.0190079976708902
1.6237623762376239,-0.0009999281533554115,-0.02100547436770028,0.01900798656961484
1.6242624262426242,-0.000999925530239081,-0.021005466768930073,0.019007975483748756
1.624762476247625,-0.0009999229193273897,-0.021005459180707446,0.019007964413270555
1.6252625262526252,-0.0009999203206150463,-0.02100545160301775,0.019007953358158886
1.625762576257626,-0.0009999177340965686,-0.021005444035846373,0.019007942318392413
1.6262626262626263,-0.0009999151597662845,-0.02100543647917871,0.019007931293949835
1.6267626762676266,-0.000999912597618334,-0.02100542893300018,0.019007920284809885
1.6272627262726274,-0.000999910047646669,-0.021005421397296227,0.019007909290951322
1.6277627762776277,-0.0009999075098450548,-0.02100541387205231,0.019007898312352934
1.6282628262826284,-0.00099990498420707,-0.021005406357253908,0.019007887348993537
1.6287628762876287,-0.000999902470726109,-0.021005398852886527,0.01900787640085198
1.6292629262926295,-0.000999899969395381,-0.02100539135893568,0.019007865467907135
1.6297629762976298,-0.0009998974802079134,-0.021005383875386915,0.019007854550137916
1.63026302630263,-0.0009998950031565499,-0.021005376402225794,0.019007843647523254
1.6307630763076308,-0.0009998925382339527,-0.021005368939437892,0.019007832760042115
1.6312631263126312,-0.000999890085432604,-0.021005361487008815,0.019007821887673488
1.631763176317632,-0.0009998876447448056,-0.021005354044924183,0.019007811030396404
1.6322632263226322,-0.0009998852161626807,-0.021005346613169638,0.019007800188189906
1.632763276327633,-0.0009998827996781747,-0.021005339191730837,0.019007789361033083
1.6332633263326333,-0.0009998803952830553,-0.021005331780593467,0.01900777854890504
1.6337633763376336,-0.0009998780029689142,-0.02100532437974323,0.019007767751784917
1.6342634263426343,-0.000999875622727168,-0.02100531698916584,0.019007756969651884
1.6347634763476346,-0.0009998732545490581,-0.02100530960884704,0.01900774620248514
1.6352635263526354,-0.000999870898425653,-0.021005302238772592,0.0190077354502639
1.6357635763576357,-0.0009998685543478481,-0.021005294878928278,0.019007724712967432
1.6362636263626364,-0.000999866222306367,-0.021005287529299893,0.019007713990575013
1.6367636763676368,-0.0009998639022917623,-0.02100528018987326,0.019007703283065953
1.637263726372637,-0.0009998615942944163,-0.02100527286063422,0.0190076925904196
1.6377637763776378,-0.0009998592983045424,-0.021005265541568625,0.019007681912615315
1.6382638263826381,-0.0009998570143121852,-0.02100525823266236,0.019007671249632506
1.6387638763876389,-0.0009998547423072223,-0.02100525093390132,0.01900766060145059
1.6392639263926392,-0.0009998524822793643,-0.021005243645271426,0.01900764996804903
1.63976397639764,-0.0009998502342181562,-0.021005236366758613,0.019007639349407305
1.6402640264026402,-0.000999847998112978,-0.02100522909834884,0.01900762874550493
1.640764076407641,-0.0009998457739530458,-0.02100522184002808,0.019007618156321446
1.6412641264126413,-0.0009998435617274127,-0.02100521459178233,0.019007607581836422
1.6417641764176416,-0.000999841361424969,-0.021005207353597604,0.019007597022029456
1.6422642264226424,-0.0009998391730344444,-0.02100520012545994,0.01900758647688017
1.6427642764276427,-0.0009998369965444071,-0.02100519290735539,0.019007575946368222
1.6432643264326434,-0.0009998348319432665,-0.02100518569927003,0.019007565430473296
1.6437643764376437,-0.0009998326792192728,-0.021005178501189947,0.019007554929175097
1.6442644264426445,-0.0009998305383605182,-0.02100517131310126,0.01900754444245337
1.6447644764476448,-0.000999828409354938,-0.021005164134990092,0.019007533970287878
1.645264526452645,-0.0009998262921903113,-0.021005156966842603,0.019007523512658418
1.6457645764576458,-0.0009998241868542615,-0.021005149808644957,0.019007513069544808
1.6462646264626462,-0.000999822093334258,-0.021005142660383343,0.019007502640926908
1.646764676467647,-0.000999820011617616,-0.02100513552204397,0.01900749222678459
1.6472647264726472,-0.0009998179416914987,-0.021005128393613067,0.019007481827097765
1.647764776477648,-0.0009998158835429168,-0.02100512127507688,0.019007471441846363
1.6482648264826483,-0.0009998138371587301,-0.02100511416642167,0.019007461071010354
1.6487648764876486,-0.0009998118025256481,-0.02100510706763373,0.01900745071456972
1.6492649264926493,-0.0009998097796302314,-0.021005099978699353,0.019007440372504486
1.6497649764976496,-0.0009998077684588915,-0.021005092899604873,0.019007430044794695
1.6502650265026504,-0.0009998057689978926,-0.021005085830336622,0.019007419731420422
1.6507650765076507,-0.0009998037812333524,-0.021005078770880967,0.019007409432361767
1.6512651265126514,-0.0009998018051512417,-0.021005071721224282,0.01900739914759886
1.6517651765176518,-0.0009997998407373877,-0.02100506468135297,0.01900738887711186
1.652265226522652,-0.000999797887977472,-0.021005057651253448,0.019007378620880946
1.6527652765276528,-0.0009997959468570335,-0.02100505063091215,0.019007368378886332
1.6532653265326531,-0.0009997940173614686,-0.021005043620315533,0.019007358151108256
1.6537653765376539,-0.000999792099476032,-0.021005036619450065,0.01900734793752699
1.6542654265426542,-0.000999790193185837,-0.02100502962830225,0.019007337738122822
1.654765476547655,-0.000999788298475858,-0.021005022646858586,0.019007327552876072
1.6552655265526552,-0.000999786415330929,-0.021005015675105612,0.019007317381767096
1.655765576557656,-0.0009997845437357466,-0.021005008713029873,0.019007307224776265
1.6562656265626563,-0.0009997826836748698,-0.02100500176061794,0.019007297081883978
1.6567656765676566,-0.0009997808351327206,-0.021004994817856396,0.019007286953070676
1.6572657265726574,-0.0009997789980935856,-0.021004987884731843,0.019007276838316805
1.6577657765776577,-0.0009997771725416163,-0.02100498096123091,0.01900726673760286
1.6582658265826584,-0.00099977535846083,-0.021004974047340235,0.019007256650909344
1.6587658765876587,-0.000999773555835111,-0.021004967143046484,0.019007246578216803
1.6592659265926595,-0.0009997717646482108,-0.021004960248336327,0.019007236519505796
1.6597659765976598,-0.0009997699848837498,-0.021004953363196466,0.01900722647475692
1.66026602660266,-0.000999768216525217,-0.021004946487613616,0.019007216443950793
1.6607660766076608,-0.000999766459555972,-0.021004939621574514,0.019007206427068064
1.6612661266126612,-0.000999764713959245,-0.02100493276506591,0.019007196424089403
1.661766176617662,-0.0009997629797181382,-0.021004925918074575,0.019007186434995514
1.6622662266226622,-0.000999761256815626,-0.021004919080587298,0.01900717645976712
1.662766276627663,-0.0009997595452345563,-0.02100491225259089,0.019007166498384978
1.6632663266326633,-0.0009997578449576514,-0.021004905434072175,0.019007156550829865
1.6637663766376636,-0.0009997561559675083,-0.021004898625017993,0.019007146617082596
1.6642664266426643,-0.0009997544782466001,-0.021004891825415217,0.019007136697123995
1.6647664766476646,-0.0009997528117772765,-0.021004885035250716,0.019007126790934928
1.6652665266526654,-0.0009997511565417645,-0.0210048782545114,0.01900711689849628
1.6657665766576657,-0.0009997495125221698,-0.021004871483184178,0.019007107019788964
1.6662666266626665,-0.000999747879700477,-0.021004864721255987,0.019007097154793925
1.6667666766676668,-0.0009997462580585504,-0.021004857968713785,0.019007087303492126
1.667266726672667,-0.0009997446475781355,-0.02100485122554454,0.019007077465864556
1.6677667766776678,-0.0009997430482408592,-0.02100484449173524,0.01900706764189224
1.6682668266826681,-0.0009997414600282307,-0.021004837767272896,0.019007057831556224
1.6687668766876689,-0.0009997398829216424,-0.021004831052144537,0.019007048034837576
1.6692669266926692,-0.0009997383169023707,-0.0210048243463372,0.019007038251717394
1.66976697669767,-0.0009997367619515771,-0.02100481764983795,0.019007028482176808
1.6702670267026702,-0.0009997352180503084,-0.021004810962633864,0.019007018726196964
1.670767076707671,-0.0009997336851794976,-0.021004804284712044,0.01900700898375904
1.6712671267126713,-0.0009997321633199658,-0.021004797616059605,0.019006999254844236
1.6717671767176716,-0.000999730652452421,-0.021004790956663678,0.019006989539433784
1.6722672267226724,-0.000999729152557461,-0.021004784306511416,0.019006979837508944
1.6727672767276727,-0.0009997276636155726,-0.021004777665589988,0.01900697014905099
1.6732673267326734,-0.0009997261856071337,-0.02100477103388658,0.01900696047404123
1.6737673767376737,-0.0009997247185124123,-0.021004764411388398,0.019006950812460996
1.6742674267426745,-0.0009997232623115697,-0.021004757798082665,0.019006941164291653
1.6747674767476748,-0.0009997218169846593,-0.02100475119395662,0.019006931529514583
1.675267526752675,-0.0009997203825116282,-0.02100474459899752,0.019006921908111193
1.6757675767576758,-0.0009997189588723178,-0.021004738013192647,0.019006912300062923
1.6762676267626762,-0.0009997175460464652,-0.021004731436529284,0.019006902705351235
1.676767676767677,-0.000999716144013703,-0.02100472486899475,0.019006893123957615
1.6772677267726772,-0.0009997147527535607,-0.021004718310576372,0.01900688355586358
1.677767776777678,-0.0009997133722454653,-0.021004711761261497,0.019006874001050666
1.6782678267826783,-0.0009997120024687423,-0.021004705221037485,0.01900686445950044
1.6787678767876786,-0.0009997106434026161,-0.02100469868989172,0.01900685493119449
1.6792679267926793,-0.0009997092950262115,-0.0210046921678116,0.019006845416114436
1.6797679767976796,-0.0009997079573185533,-0.02100468565478454,0.019006835914241918
1.6802680268026804,-0.000999706630258568,-0.021004679150797977,0.019006826425558603
1.6807680768076807,-0.0009997053138250847,-0.02100467265583936,0.019006816950046183
1.6812681268126815,-0.0009997040079968349,-0.021004666169896158,0.019006807487686378
1.6817681768176818,-0.0009997027127524546,-0.021004659692955858,0.019006798038460927
1.682268226822682,-0.0009997014280704838,-0.021004653225005963,0.019006788602351603
1.6827682768276828,-0.0009997001539293678,-0.021004646766033995,0.019006779179340197
1.6832683268326831,-0.0009996988903074587,-0.021004640316027487,0.01900676976940853
1.6837683768376839,-0.0009996976371830146,-0.021004633874974,0.019006760372538446
1.6842684268426842,-0.0009996963945342018,-0.021004627442861103,0.019006750988711813
1.684768476847685,-0.0009996951623390947,-0.02100462101967639,0.01900674161791053
1.6852685268526852,-0.0009996939405756769,-0.02100461460540746,0.019006732260116514
1.685768576857686,-0.0009996927292218424,-0.02100460820004195,0.019006722915311712
1.6862686268626863,-0.0009996915282553948,-0.02100460180356749,0.01900671358347809
1.6867686768676866,-0.0009996903376540502,-0.021004595415971744,0.01900670426459765
1.6872687268726874,-0.0009996891573954367,-0.021004589037242387,0.019006694958652405
1.6877687768776877,-0.0009996879874570948,-0.02100458266736711,0.0190066856656244
1.6882688268826884,-0.000999686827816479,-0.02100457630633363,0.019006676385495715
1.6887688768876887,-0.0009996856784509588,-0.02100456995412966,0.019006667118248437
1.6892689268926895,-0.000999684539337818,-0.02100456361074296,0.019006657863864684
1.6897689768976898,-0.0009996834104542566,-0.02100455727616128,0.019006648622326604
1.69026902690269,-0.0009996822917773917,-0.021004550950372403,0.019006639393616367
1.6907690769076908,-0.0009996811832842579,-0.021004544633364125,0.019006630177716168
1.6912691269126912,-0.0009996800849518073,-0.021004538325124254,0.019006620974608222
1.691769176917692,-0.000999678996756911,-0.02100453202564062,0.019006611784274777
1.6922692269226922,-0.000999677918676361,-0.02100452573490107,0.019006602606698095
1.692769276927693,-0.000999676850686868,-0.021004519452893465,0.019006593441860477
1.6932693269326933,-0.000999675792765065,-0.021004513179605687,0.019006584289744232
1.6937693769376936,-0.0009996747448875062,-0.02100450691502563,0.019006575150331707
1.6942694269426943,-0.000999673707030669,-0.021004500659141213,0.01900656602360527
1.6947694769476946,-0.0009996726791709537,-0.021004494411940355,0.019006556909547306
1.6952695269526954,-0.000999671661284685,-0.021004488173411013,0.019006547808140234
1.6957695769576957,-0.0009996706533481122,-0.021004481943541143,0.019006538719366493
1.6962696269626965,-0.0009996696553374097,-0.021004475722318727,0.01900652964320855
1.6967696769676968,-0.0009996686672286792,-0.02100446950973177,0.019006520579648887
1.697269726972697,-0.0009996676889979484,-0.02100446330576827,0.019006511528670025
1.6977697769776978,-0.0009996667206211734,-0.02100445711041627,0.01900650249025449
1.6982698269826981,-0.000999665762074238,-0.021004450923663813,0.019006493464384856
1.6987698769876989,-0.0009996648133329556,-0.02100444474549896,0.019006484451043703
1.6992699269926992,-0.0009996638743730694,-0.021004438575909792,0.01900647545021364
1.6997699769977,-0.0009996629451702534,-0.021004432414884405,0.019006466461877296
1.7002700270027002,-0.000999662025700112,-0.021004426262410916,0.01900645748601734
1.700770077007701,-0.0009996611159381827,-0.021004420118477446,0.019006448522616442
1.7012701270127013,-0.0009996602158599348,-0.02100441398307215,0.01900643957165732
1.7017701770177016,-0.0009996593254407715,-0.021004407856183186,0.019006430633122694
1.7022702270227024,-0.00099965844465603,-0.021004401737798734,0.019006421706995322
1.7027702770277027,-0.0009996575734809823,-0.021004395627906985,0.019006412793257984
1.7032703270327034,-0.0009996567118908358,-0.021004389526496157,0.01900640389189348
1.7037703770377037,-0.0009996558598607342,-0.021004383433554475,0.019006395002884632
1.7042704270427045,-0.000999655017365758,-0.02100437734907018,0.019006386126214296
1.7047704770477048,-0.0009996541843809257,-0.02100437127303154,0.019006377261865343
1.705270527052705,-0.0009996533608811933,-0.021004365205426825,0.01900636840982067
1.7057705770577059,-0.0009996525468414568,-0.02100435914624433,0.019006359570063195
1.7062706270627062,-0.0009996517422365511,-0.021004353095472366,0.019006350742575867
1.706770677067707,-0.0009996509470412518,-0.02100434705309926,0.01900634192734165
1.7072707270727072,-0.0009996501612302754,-0.02100434101911335,0.01900633312434354
1.707770777077708,-0.0009996493847782804,-0.021004334993502998,0.01900632433356455
1.7082708270827083,-0.0009996486176598676,-0.021004328976256575,0.019006315554987722
1.7087708770877086,-0.0009996478598495806,-0.02100432296736247,0.019006306788596113
1.7092709270927093,-0.0009996471113219072,-0.021004316966809093,0.019006298034372815
1.7097709770977096,-0.0009996463720512796,-0.021004310974584866,0.019006289292300933
1.7102710271027104,-0.000999645642012075,-0.02100430499067823,0.019006280562363604
1.7107710771077107,-0.0009996449211786165,-0.02100429901507763,0.01900627184454398
1.7112711271127115,-0.0009996442095251737,-0.021004293047771547,0.01900626313882525
1.7117711771177118,-0.0009996435070259635,-0.021004287088748463,0.019006254445190603
1.712271227122712,-0.00099964281365515,-0.021004281137996884,0.019006245763623277
1.7127712771277128,-0.0009996421293868465,-0.021004275195505323,0.01900623709410652
1.7132713271327131,-0.0009996414541951154,-0.02100426926126232,0.0190062284366236
1.7137713771377139,-0.0009996407880539684,-0.021004263335256425,0.019006219791157818
1.7142714271427142,-0.0009996401309373684,-0.0210042574174762,0.01900621115769249
1.714771477147715,-0.0009996394828192287,-0.02100425150791023,0.01900620253621096
1.7152715271527152,-0.000999638843673415,-0.021004245606547116,0.0190061939266966
1.715771577157716,-0.000999638213473745,-0.021004239713375464,0.019006185329132785
1.7162716271627163,-0.0009996375921939899,-0.02100423382838391,0.01900617674350294
1.7167716771677166,-0.0009996369798078743,-0.0210042279515611,0.019006168169790495
1.7172717271727174,-0.0009996363762890777,-0.021004222082895697,0.019006159607978905
1.7177717771777177,-0.000999635781611234,-0.02100421622237637,0.019006151058051653
1.7182718271827184,-0.0009996351957479335,-0.021004210369991814,0.019006142519992247
1.7187718771877187,-0.0009996346186727225,-0.021004204525730742,0.019006133993784206
1.7192719271927195,-0.000999634050359104,-0.02100419868958188,0.019006125479411086
1.7197719771977198,-0.000999633490780539,-0.021004192861533957,0.019006116976856457
1.72027202720272,-0.0009996329399104469,-0.021004187041575736,0.01900610848610391
1.7207720772077209,-0.0009996323977222057,-0.021004181229695988,0.019006100007137074
1.7212721272127212,-0.0009996318641891531,-0.0210041754258835,0.01900609153993958
1.721772177217722,-0.0009996313392845867,-0.02100416963012707,0.01900608308449509
1.7222722272227222,-0.0009996308229817653,-0.021004163842415522,0.019006074640787296
1.722772277227723,-0.000999630315253909,-0.02100415806273768,0.019006066208799906
1.7232723272327233,-0.0009996298160742,-0.021004152291082403,0.01900605778851665
1.7237723772377236,-0.0009996293254157826,-0.021004146527438546,0.019006049379921286
1.7242724272427243,-0.0009996288432517653,-0.021004140771794997,0.01900604098299758
1.7247724772477246,-0.0009996283695552202,-0.021004135024140645,0.019006032597729344
1.7252725272527254,-0.0009996279042991836,-0.0210041292844644,0.019006024224100387
1.7257725772577257,-0.0009996274474566573,-0.021004123552755192,0.019006015862094564
1.7262726272627265,-0.000999626999000609,-0.02100411782900196,0.019006007511695733
1.7267726772677268,-0.0009996265589039726,-0.021004112113193665,0.01900599917288779
1.727272727272727,-0.0009996261271396486,-0.021004106405319273,0.01900599084565464
1.7277727772777278,-0.0009996257036805059,-0.021004100705367772,0.019005982529980217
1.7282728272827281,-0.0009996252884993811,-0.021004095013328165,0.01900597422584848
1.7287728772877289,-0.0009996248815690798,-0.02100408932918947,0.019005965933243406
1.7292729272927292,-0.000999624482862377,-0.021004083652940726,0.019005957652148995
1.72977297729773,-0.0009996240923520175,-0.021004077984570973,0.019005949382549268
1.7302730273027302,-0.000999623710010717,-0.021004072324069277,0.01900594112442827
1.730773077307731,-0.0009996233358111626,-0.021004066671424716,0.01900593287777007
1.7312731273127313,-0.0009996229697260127,-0.021004061026626386,0.019005924642558757
1.7317731773177316,-0.0009996226117278985,-0.021004055389663396,0.01900591641877844
1.7322732273227324,-0.000999622261789424,-0.021004049760524866,0.01900590820641325
1.7327732773277327,-0.000999621919883167,-0.02100404413919994,0.019005900005447347
1.7332733273327334,-0.0009996215859816794,-0.02100403852567777,0.019005891815864904
1.7337733773377337,-0.0009996212600574877,-0.021004032919947523,0.019005883637650125
1.7342734273427345,-0.000999620942083094,-0.02100402732199839,0.019005875470787224
1.7347734773477348,-0.0009996206320309758,-0.021004021731819564,0.01900586731526045
1.735273527352735,-0.000999620329873588,-0.02100401614940026,0.019005859171054063
1.7357735773577359,-0.0009996200355833619,-0.021004010574729712,0.019005851038152357
1.7362736273627362,-0.0009996197491327066,-0.021004005007797158,0.01900584291653963
1.736773677367737,-0.0009996194704940096,-0.02100399944859186,0.01900583480620022
1.7372737273727372,-0.000999619199639637,-0.021003993897103095,0.019005826707118475
1.737773777377738,-0.0009996189365419346,-0.021003988353320145,0.01900581861927877
1.7382738273827383,-0.0009996186811732275,-0.02100398281723232,0.019005810542665504
1.7387738773877386,-0.000999618433505822,-0.02100397728882894,0.019005802477263085
1.7392739273927393,-0.0009996181935120053,-0.02100397176809933,0.01900579442305596
1.7397739773977396,-0.0009996179611640459,-0.021003966255032848,0.01900578638002859
1.7402740274027404,-0.0009996177364341948,-0.021003960749618848,0.019005778348165445
1.7407740774077407,-0.0009996175192946858,-0.021003955251846715,0.019005770327451044
1.7412741274127415,-0.0009996173097177356,-0.021003949761705838,0.0190057623178699
1.7417741774177418,-0.000999617107675545,-0.021003944279185626,0.019005754319406563
1.742274227422742,-0.0009996169131402995,-0.021003938804275504,0.019005746332045603
1.7427742774277428,-0.0009996167260841694,-0.0210039333369649,0.019005738355771608
1.7432743274327431,-0.00099961654647931,-0.021003927877243273,0.019005730390569187
1.7437743774377439,-0.0009996163742978631,-0.021003922425100085,0.019005722436422973
1.7442744274427442,-0.0009996162095119573,-0.02100391698052482,0.01900571449331762
1.744774477447745,-0.000999616052093708,-0.02100391154350697,0.0190057065612378
1.7452745274527453,-0.0009996159020152183,-0.021003906114036044,0.01900569864016821
1.745774577457746,-0.0009996157592485795,-0.021003900692101573,0.019005690730093575
1.7462746274627463,-0.0009996156237658718,-0.02100389527769309,0.01900568283099862
1.7467746774677466,-0.0009996154955391643,-0.02100388987080015,0.01900567494286811
1.7472747274727474,-0.0009996153745405166,-0.02100388447141232,0.01900566706568683
1.7477747774777477,-0.000999615260741978,-0.021003879079519183,0.019005659199439577
1.7482748274827484,-0.000999615154115589,-0.021003873695110337,0.019005651344111175
1.7487748774877487,-0.000999615054633381,-0.021003868318175394,0.01900564349968647
1.7492749274927495,-0.0009996149622673782,-0.021003862948703975,0.01900563566615032
1.7497749774977498,-0.0009996148769895964,-0.02100385758668573,0.019005627843487617
1.75027502750275,-0.0009996147987720448,-0.0210038522321103,0.019005620031683268
1.7507750775077509,-0.000999614727586726,-0.021003846884967363,0.0190056122307222
1.7512751275127512,-0.0009996146634056364,-0.0210038415452466,0.019005604440589362
1.751775177517752,-0.000999614606200767,-0.02100383621293771,0.019005596661269723
1.7522752275227522,-0.0009996145559441037,-0.021003830888030404,0.019005588892748275
1.752775277527753,-0.0009996145126076285,-0.021003825570514407,0.019005581135010028
1.7532753275327533,-0.0009996144761633184,-0.02100382026037946,0.01900557338804001
1.7537753775377536,-0.000999614446583148,-0.021003814957615316,0.019005565651823285
1.7542754275427543,-0.000999614423839088,-0.02100380966221175,0.019005557926344917
1.7547754775477546,-0.0009996144079031074,-0.021003804374158535,0.019005550211590005
1.7552755275527554,-0.0009996143987471724,-0.021003799093445477,0.019005542507543664
1.7557755775577557,-0.0009996143963432486,-0.021003793820062382,0.019005534814191028
1.7562756275627565,-0.0009996144006632999,-0.02100378855399908,0.019005527131517253
1.7567756775677568,-0.0009996144116792903,-0.02100378329524541,0.019005519459507517
1.757275727572757,-0.0009996144293631835,-0.02100377804379122,0.01900551179814702
1.7577757775777578,-0.0009996144536869433,-0.021003772799626386,0.019005504147420978
1.7582758275827581,-0.0009996144846225353,-0.021003767562740784,0.019005496507314628
1.7587758775877589,-0.000999614522141926,-0.02100376233312431,0.019005488877813233
1.7592759275927592,-0.0009996145662170839,-0.02100375711076688,0.01900548125890207
1.75977597759776,-0.00099961461681998,-0.021003751895658413,0.01900547365056644
1.7602760276027603,-0.0009996146739225885,-0.021003746687788847,0.019005466052791662
1.760776077607761,-0.0009996147374968863,-0.021003741487148134,0.01900545846556308
1.7612761276127613,-0.0009996148075148545,-0.021003736293726243,0.019005450888866054
1.7617761776177616,-0.0009996148839484787,-0.02100373110751315,0.01900544332268596
1.7622762276227624,-0.0009996149667697491,-0.02100372592849885,0.01900543576700821
1.7627762776277627,-0.0009996150559506611,-0.021003720756673352,0.01900542822181822
1.7632763276327634,-0.000999615151463216,-0.021003715592026677,0.019005420687101433
1.7637763776377637,-0.000999615253279421,-0.021003710434548857,0.01900541316284331
1.7642764276427645,-0.0009996153613712905,-0.021003705284229946,0.019005405649029337
1.7647764776477648,-0.0009996154757108452,-0.021003700141060004,0.019005398145645013
1.765276527652765,-0.0009996155962701142,-0.021003695005029112,0.019005390652675865
1.7657765776577659,-0.000999615723021134,-0.021003689876127354,0.019005383170107432
1.7662766276627662,-0.0009996158559359496,-0.021003684754344838,0.01900537569792528
1.766776677667767,-0.0009996159949866156,-0.02100367963967168,0.019005368236114997
1.7672767276727672,-0.0009996161401451954,-0.021003674532098015,0.019005360784662174
1.767776777677768,-0.000999616291383762,-0.021003669431613987,0.019005353343552446
1.7682768276827683,-0.0009996164486743993,-0.021003664338209754,0.01900534591277145
1.7687768776877686,-0.0009996166119892015,-0.02100365925187549,0.019005338492304846
1.7692769276927693,-0.000999616781300274,-0.02100365417260138,0.019005331082138324
1.7697769776977696,-0.000999616956579734,-0.02100364910037763,0.019005323682257585
1.7702770277027704,-0.0009996171377997106,-0.021003644035194443,0.019005316292648348
1.7707770777077707,-0.000999617324932345,-0.021003638977042056,0.01900530891329636
1.7712771277127715,-0.0009996175179497922,-0.021003633925910703,0.01900530154418738
1.7717771777177718,-0.0009996177168242195,-0.021003628881790644,0.019005294185307196
1.772277227722772,-0.0009996179215278087,-0.021003623844672144,0.0190052868366416
1.7727772777277728,-0.0009996181320327552,-0.02100361881454548,0.01900527949817642
1.7732773277327731,-0.0009996183483112699,-0.021003613791400956,0.0190052721698975
1.7737773777377739,-0.0009996185703355777,-0.021003608775228874,0.01900526485179069
1.7742774277427742,-0.0009996187980779194,-0.02100360376601956,0.019005257543841882
1.774777477747775,-0.000999619031510552,-0.021003598763763343,0.01900525024603697
1.7752775277527753,-0.000999619270605748,-0.02100359376845058,0.019005242958361875
1.775777577757776,-0.0009996195153357979,-0.021003588780071625,0.019005235680802535
1.7762776277627763,-0.0009996197656730076,-0.021003583798616856,0.019005228413344913
1.7767776777677766,-0.0009996200215897021,-0.021003578824076666,0.019005221155974982
1.7772777277727774,-0.0009996202830582235,-0.02100357385644145,0.01900521390867874
1.7777777777777777,-0.000999620550050932,-0.02100356889570163,0.019005206671442208
1.7782778277827784,-0.0009996208225402075,-0.021003563941847634,0.019005199444251417
1.7787778777877787,-0.0009996211004984486,-0.0210035589948699,0.01900519222709243
1.7792779277927795,-0.0009996213838980729,-0.021003554054758886,0.019005185019951316
1.7797779777977798,-0.0009996216727115187,-0.02100354912150506,0.019005177822814173
1.78027802780278,-0.0009996219669112442,-0.0210035441950989,0.01900517063566711
1.7807780778077809,-0.000999622266469729,-0.02100353927553091,0.019005163458496267
1.7812781278127812,-0.000999622571359473,-0.02100353436279159,0.019005156291287795
1.781778177817782,-0.000999622881552998,-0.021003529456871464,0.01900514913402786
1.7822782278227822,-0.0009996231970228477,-0.02100352455776107,0.01900514198670266
1.782778277827783,-0.0009996235177415884,-0.02100351966545095,0.0190051348492984
1.7832783278327833,-0.0009996238436818087,-0.02100351477993167,0.01900512772180131
1.7837783778377836,-0.00099962417481612,-0.021003509901193797,0.019005120604197637
1.7842784278427843,-0.000999624511117158,-0.021003505029227924,0.019005113496473654
1.7847784778477847,-0.0009996248525575818,-0.02100350016402465,0.01900510639861564
1.7852785278527854,-0.0009996251991100744,-0.021003495305574583,0.019005099310609907
1.7857785778577857,-0.0009996255507473439,-0.02100349045386836,0.019005092232442775
1.7862786278627865,-0.000999625907442123,-0.02100348560889661,0.01900508516410059
1.7867786778677868,-0.0009996262691671699,-0.02100348077064999,0.01900507810556971
1.787278727872787,-0.0009996266358952683,-0.02100347593911916,0.01900507105683652
1.7877787778777878,-0.0009996270075992282,-0.021003471114294806,0.019005064017887423
1.7882788278827881,-0.0009996273842518863,-0.021003466296167613,0.01900505698870883
1.7887788778877889,-0.0009996277658261051,-0.021003461484728286,0.019005049969287188
1.7892789278927892,-0.0009996281522947756,-0.021003456679967544,0.019005042959608944
1.78977897789779,-0.0009996285436308149,-0.021003451881876117,0.019005035959660584
1.7902790279027903,-0.0009996289398071692,-0.021003447090444743,0.019005028969428593
1.790779077907791,-0.0009996293407968121,-0.021003442305664182,0.01900502198889949
1.7912791279127913,-0.0009996297465727465,-0.021003437527525197,0.019005015018059807
1.7917791779177916,-0.0009996301571080033,-0.021003432756018577,0.01900500805689609
1.7922792279227924,-0.0009996305723756435,-0.021003427991135106,0.019005001105394912
1.7927792779277927,-0.0009996309923487575,-0.021003423232865602,0.019004994163542857
1.7932793279327934,-0.0009996314170004651,-0.021003418481200874,0.019004987231326535
1.7937793779377937,-0.0009996318463039175,-0.021003413736131762,0.01900498030873257
1.7942794279427945,-0.0009996322802322956,-0.021003408997649103,0.019004973395747606
1.7947794779477948,-0.0009996327187588117,-0.021003404265743764,0.0190049664923583
1.795279527952795,-0.0009996331618567097,-0.021003399540406607,0.019004959598551342
1.7957795779577959,-0.0009996336094992644,-0.021003394821628517,0.019004952714313426
1.7962796279627962,-0.0009996340616597833,-0.021003390109400395,0.019004945839631266
1.796779677967797,-0.000999634518311606,-0.021003385403713142,0.019004938974491604
1.7972797279727972,-0.0009996349794281047,-0.02100338070455768,0.019004932118881192
1.797779777977798,-0.0009996354449826846,-0.021003376011924948,0.019004925272786802
1.7982798279827983,-0.0009996359149487845,-0.02100337132580589,0.01900491843619523
1.7987798779877986,-0.0009996363892998766,-0.02100336664619146,0.019004911609093275
1.7992799279927993,-0.0009996368680094667,-0.02100336197307263,0.019004904791467776
1.7997799779977997,-0.0009996373510510956,-0.02100335730644039,0.019004897983305572
1.8002800280028004,-0.0009996378383983382,-0.021003352646285733,0.01900489118459353
1.8007800780078007,-0.0009996383300248048,-0.021003347992599664,0.019004884395318535
1.8012801280128015,-0.0009996388259041402,-0.021003343345373206,0.019004877615467482
1.8017801780178018,-0.0009996393260100253,-0.021003338704597394,0.019004870845027295
1.802280228022802,-0.0009996398303161768,-0.021003334070263276,0.019004864083984906
1.8027802780278028,-0.0009996403387963473,-0.021003329442361905,0.019004857332327277
1.8032803280328031,-0.0009996408514243264,-0.021003324820884357,0.019004850590041374
1.8037803780378039,-0.0009996413681739398,-0.021003320205821716,0.019004843857114196
1.8042804280428042,-0.0009996418890190505,-0.021003315597165072,0.019004837133532747
1.804780478047805,-0.0009996424139335595,-0.021003310994905537,0.019004830419284056
1.8052805280528053,-0.0009996429428914045,-0.02100330639903423,0.01900482371435517
1.805780578057806,-0.0009996434758665616,-0.021003301809542286,0.01900481701873315
1.8062806280628063,-0.0009996440128330454,-0.021003297226420845,0.01900481033240508
1.8067806780678066,-0.000999644553764909,-0.02100329264966107,0.019004803655358057
1.8072807280728074,-0.000999645098636244,-0.02100328807925413,0.0190047969875792
1.8077807780778077,-0.0009996456474211815,-0.021003283515191203,0.019004790329055644
1.8082808280828084,-0.0009996462000938916,-0.021003278957463487,0.019004783679774543
1.8087808780878087,-0.0009996467566285847,-0.021003274406062186,0.019004777039723066
1.8092809280928095,-0.000999647316999511,-0.02100326986097852,0.0190047704088884
1.8097809780978098,-0.0009996478811809607,-0.021003265322203715,0.019004763787257756
1.81028102810281,-0.0009996484491472646,-0.02100326078972902,0.019004757174818355
1.8107810781078109,-0.000999649020872795,-0.02100325626354569,0.01900475057155744
1.8112811281128112,-0.0009996495963319643,-0.02100325174364499,0.019004743977462272
1.811781178117812,-0.0009996501754992273,-0.021003247230018198,0.019004737392520128
1.8122812281228122,-0.0009996507583490796,-0.021003242722656607,0.0190047308167183
1.812781278127813,-0.0009996513448560593,-0.02100323822155152,0.019004724250044104
1.8132813281328133,-0.0009996519349947464,-0.021003233726694253,0.01900471769248487
1.8137813781378136,-0.0009996525287397637,-0.021003229238076133,0.01900471114402794
1.8142814281428143,-0.0009996531260657764,-0.0210032247556885,0.019004704604660687
1.8147814781478147,-0.000999653726947493,-0.021003220279522707,0.019004698074370493
1.8152815281528154,-0.0009996543313596647,-0.021003215809570114,0.019004691553144756
1.8157815781578157,-0.000999654939277087,-0.0210032113458221,0.019004685040970894
1.8162816281628165,-0.0009996555506745987,-0.021003206888270055,0.019004678537836342
1.8167816781678168,-0.0009996561655270827,-0.021003202436905375,0.019004672043728556
1.817281728172817,-0.0009996567838094664,-0.021003197991719468,0.019004665558635003
1.8177817781778178,-0.0009996574054967212,-0.021003193552703765,0.019004659082543174
1.8182818281828181,-0.000999658030563864,-0.021003189119849698,0.01900465261544057
1.818781878187819,-0.0009996586589859564,-0.021003184693148713,0.019004646157314713
1.8192819281928192,-0.000999659290738105,-0.021003180272592268,0.019004639708153147
1.81978197819782,-0.0009996599257954624,-0.021003175858171838,0.01900463326794343
1.8202820282028203,-0.000999660564133227,-0.021003171449878906,0.01900462683667313
1.820782078207821,-0.0009996612057266427,-0.02100316704770496,0.019004620414329845
1.8212821282128213,-0.0009996618505510003,-0.021003162651641517,0.019004614000901178
1.8217821782178216,-0.0009996624985816366,-0.021003158261680085,0.01900460759637476
1.8222822282228224,-0.0009996631497939353,-0.0210031538778122,0.019004601200738228
1.8227822782278227,-0.000999663804163327,-0.021003149500029402,0.019004594813979245
1.8232823282328234,-0.00099966446166529,-0.021003145128323245,0.019004588436085493
1.8237823782378237,-0.000999665122275349,-0.021003140762685297,0.01900458206704466
1.8242824282428245,-0.0009996657859690774,-0.021003136403107126,0.01900457570684446
1.8247824782478248,-0.0009996664527220959,-0.02100313204958033,0.019004569355472626
1.825282528252825,-0.0009996671225100736,-0.021003127702096506,0.0190045630129169
1.8257825782578259,-0.0009996677953087278,-0.021003123360647264,0.01900455667916504
1.8262826282628262,-0.000999668471093824,-0.02100311902522423,0.01900455035420483
1.826782678267827,-0.0009996691498411773,-0.021003114695819038,0.019004544038024068
1.8272827282728272,-0.000999669831526651,-0.021003110372423337,0.019004537730610567
1.827782778277828,-0.0009996705161261583,-0.021003106055028784,0.019004531431952156
1.8282828282828283,-0.000999671203615661,-0.02100310174362705,0.019004525142036686
1.8287828782878286,-0.0009996718939711713,-0.02100309743820981,0.019004518860852013
1.8292829282928293,-0.000999672587168751,-0.021003093138768768,0.01900451258838603
1.8297829782978297,-0.0009996732831845118,-0.02100308884529562,0.01900450632462662
1.8302830283028304,-0.0009996739819946158,-0.02100308455778209,0.01900450006956171
1.8307830783078307,-0.0009996746835752757,-0.021003080276219898,0.01900449382317923
1.8312831283128315,-0.0009996753879027544,-0.021003076000600786,0.019004487585467123
1.8317831783178318,-0.0009996760949533665,-0.021003071730916506,0.019004481356413357
1.832283228322832,-0.0009996768047034767,-0.02100306746715882,0.019004475136005915
1.8327832783278328,-0.0009996775171295018,-0.021003063209319498,0.019004468924232795
1.8332833283328331,-0.0009996782322079097,-0.02100305895739033,0.019004462721082006
1.833783378337834,-0.00099967894991522,-0.021003054711363107,0.019004456526541588
1.8342834283428342,-0.0009996796702280042,-0.021003050471229644,0.019004450340599586
1.834783478347835,-0.000999680393122886,-0.02100304623698175,0.019004444163244063
1.8352835283528353,-0.000999681118576541,-0.021003042008611267,0.0190044379944631
1.835783578357836,-0.0009996818465656974,-0.021003037786110026,0.0190044318342448
1.8362836283628363,-0.0009996825770671365,-0.02100303356946989,0.019004425682577274
1.8367836783678366,-0.0009996833100576915,-0.021003029358682715,0.019004419539448654
1.8372837283728374,-0.0009996840455142493,-0.02100302515374038,0.019004413404847084
1.8377837783778377,-0.0009996847834137497,-0.02100302095463477,0.019004407278760734
1.8382838283828384,-0.000999685523733186,-0.021003016761357792,0.01900440116117778
1.8387838783878387,-0.000999686266449605,-0.021003012573901345,0.01900439505208642
1.8392839283928395,-0.0009996870115401072,-0.02100300839225735,0.019004388951474865
1.8397839783978398,-0.0009996877589818467,-0.02100300421641775,0.01900438285933135
1.84028402840284,-0.0009996885087520321,-0.021003000046374478,0.019004376775644115
1.8407840784078409,-0.000999689260827926,-0.02100299588211949,0.019004370700401424
1.8412841284128412,-0.0009996900151868456,-0.02100299172364475,0.019004364633591557
1.841784178417842,-0.0009996907718061623,-0.021002987570942242,0.019004358575202804
1.8422842284228422,-0.0009996915306633028,-0.021002983424003946,0.019004352525223485
1.842784278427843,-0.0009996922917357481,-0.021002979282821865,0.01900434648364192
1.8432843284328433,-0.0009996930550010346,-0.021002975147388008,0.019004340450446452
1.8437843784378436,-0.000999693820436754,-0.021002971017694393,0.019004334425625446
1.8442844284428443,-0.0009996945880205532,-0.021002966893733058,0.01900432840916727
1.8447844784478447,-0.0009996953577301347,-0.021002962775496042,0.019004322401060324
1.8452845284528454,-0.000999696129543257,-0.021002958662975402,0.01900431640129301
1.8457845784578457,-0.0009996969034377337,-0.021002954556163203,0.019004310409853755
1.8462846284628465,-0.0009996976793914354,-0.021002950455051517,0.019004304426731
1.8467846784678468,-0.0009996984573822881,-0.021002946359632436,0.019004298451913197
1.847284728472847,-0.0009996992373882746,-0.02100294226989806,0.019004292485388822
1.8477847784778478,-0.0009997000193874338,-0.02100293818584049,0.019004286527146363
1.8482848284828481,-0.0009997008033578616,-0.021002934107451854,0.01900428057717432
1.848784878487849,-0.0009997015892777104,-0.021002930034724282,0.01900427463546122
1.8492849284928492,-0.0009997023771251895,-0.02100292596764991,0.01900426870199559
1.84978497849785,-0.0009997031668785654,-0.0210029219062209,0.019004262776765993
1.8502850285028503,-0.0009997039585161616,-0.02100291785042941,0.01900425685976099
1.850785078507851,-0.0009997047520163593,-0.021002913800267618,0.019004250950969165
1.8512851285128513,-0.0009997055473575968,-0.021002909755727706,0.019004245050379117
1.8517851785178516,-0.00099970634451837,-0.021002905716801874,0.019004239157979465
1.8522852285228524,-0.0009997071434772328,-0.021002901683482324,0.019004233273758837
1.8527852785278527,-0.0009997079442127968,-0.02100289765576128,0.01900422739770588
1.8532853285328534,-0.0009997087467037316,-0.02100289363363097,0.01900422152980926
1.8537853785378537,-0.000999709550928765,-0.02100288961708363,0.019004215670057653
1.8542854285428545,-0.0009997103568666831,-0.021002885606111514,0.019004209818439755
1.8547854785478548,-0.0009997111644963305,-0.021002881600706885,0.019004203974944272
1.8552855285528551,-0.00099971197379661,-0.02100287760086201,0.019004198139559933
1.8557855785578559,-0.0009997127847464831,-0.02100287360656917,0.019004192312275476
1.8562856285628562,-0.0009997135973249705,-0.021002869617820667,0.019004186493079663
1.856785678567857,-0.000999714411511151,-0.0210028656346088,0.01900418068196126
1.8572857285728572,-0.0009997152272841633,-0.021002861656925883,0.019004174878909062
1.857785778577858,-0.0009997160446232043,-0.02100285768476424,0.01900416908391187
1.8582858285828583,-0.0009997168635075312,-0.021002853718116214,0.0190041632969585
1.8587858785878586,-0.0009997176839164595,-0.021002849756974147,0.01900415751803779
1.8592859285928593,-0.0009997185058293649,-0.021002845801330397,0.019004151747138587
1.8597859785978597,-0.0009997193292256821,-0.02100284185117733,0.01900414598424976
1.8602860286028604,-0.0009997201540849062,-0.021002837906507327,0.01900414022936019
1.8607860786078607,-0.0009997209803865917,-0.021002833967312777,0.019004134482458773
1.8612861286128615,-0.0009997218081103526,-0.02100283003358608,0.01900412874353442
1.8617861786178618,-0.0009997226372358637,-0.021002826105319644,0.019004123012576056
1.862286228622862,-0.0009997234677428595,-0.021002822182505893,0.019004117289572627
1.8627862786278628,-0.0009997242996111345,-0.021002818265137255,0.019004111574513094
1.8632863286328631,-0.000999725132820544,-0.021002814353206174,0.019004105867386423
1.863786378637864,-0.0009997259673510035,-0.021002810446705104,0.019004100168181607
1.8642864286428642,-0.0009997268031824889,-0.021002806545626505,0.01900409447688765
1.864786478647865,-0.0009997276402950368,-0.02100280264996285,0.019004088793493572
1.8652865286528653,-0.0009997284786687447,-0.021002798759706624,0.019004083117988405
1.865786578657866,-0.0009997293182837706,-0.02100279487485032,0.019004077450361197
1.8662866286628663,-0.0009997301591203338,-0.021002790995386444,0.01900407179060102
1.8667866786678666,-0.000999731001158714,-0.02100278712130751,0.01900406613869695
1.8672867286728674,-0.0009997318443792525,-0.021002783252606044,0.019004060494638077
1.8677867786778677,-0.0009997326887623513,-0.02100277938927458,0.01900405485841352
1.8682868286828684,-0.0009997335342884744,-0.021002775531305667,0.0190040492300124
1.8687868786878687,-0.0009997343809381464,-0.021002771678691863,0.01900404360942386
1.8692869286928695,-0.0009997352286919535,-0.02100276783142573,0.019004037996637052
1.8697869786978698,-0.0009997360775305436,-0.021002763989499844,0.019004032391641147
1.8702870287028701,-0.000999736927434626,-0.021002760152906797,0.019004026794425335
1.8707870787078709,-0.000999737778384972,-0.021002756321639185,0.019004021204978815
1.8712871287128712,-0.0009997386303624142,-0.021002752495689614,0.0190040156232908
1.871787178717872,-0.0009997394833478471,-0.021002748675050704,0.019004010049350525
1.8722872287228722,-0.0009997403373222275,-0.021002744859715088,0.019004004483147232
1.872787278727873,-0.0009997411922665737,-0.021002741049675398,0.019003998924670182
1.8732873287328733,-0.0009997420481619662,-0.021002737244924283,0.01900399337390865
1.8737873787378736,-0.0009997429049895478,-0.02100273344545441,0.019003987830851932
1.8742874287428744,-0.000999743762730523,-0.021002729651258434,0.019003982295489327
1.8747874787478747,-0.0009997446213661594,-0.02100272586232905,0.019003976767810155
1.8752875287528754,-0.000999745480877786,-0.02100272207865894,0.019003971247803755
1.8757875787578757,-0.0009997463412467946,-0.0210027183002408,0.019003965735459472
1.8762876287628765,-0.0009997472024546397,-0.021002714527067347,0.019003960230766677
1.8767876787678768,-0.0009997480644828379,-0.0210027107591313,0.01900395473371474
1.877287728772877,-0.0009997489273129686,-0.021002706996425386,0.019003949244293068
1.8777877787778778,-0.0009997497909266734,-0.02100270323894235,0.019003943762491055
1.8782878287828781,-0.0009997506553056576,-0.021002699486674936,0.019003938288298137
1.878787878787879,-0.0009997515204316883,-0.02100269573961591,0.01900393282170374
1.8792879287928792,-0.0009997523862865958,-0.021002691997758036,0.01900392736269733
1.87978797879788,-0.0009997532528522731,-0.0210026882610941,0.019003921911268366
1.8802880288028803,-0.0009997541201106764,-0.021002684529616893,0.01900391646740633
1.880788078807881,-0.0009997549880438245,-0.021002680803319212,0.01900391103110072
1.8812881288128813,-0.0009997558566337994,-0.021002677082193867,0.01900390560234105
1.8817881788178816,-0.0009997567258627465,-0.021002673366233685,0.01900390018111684
1.8822882288228824,-0.0009997575957128738,-0.02100266965543149,0.019003894767417637
1.8827882788278827,-0.0009997584661664528,-0.021002665949780123,0.01900388936123299
1.8832883288328834,-0.000999759337205818,-0.021002662249272434,0.019003883962552474
1.8837883788378837,-0.0009997602088133671,-0.02100265855390129,0.01900387857136567
1.8842884288428845,-0.0009997610809715618,-0.021002654863659553,0.01900387318766217
1.8847884788478848,-0.000999761953662926,-0.021002651178540103,0.0190038678114316
1.8852885288528851,-0.0009997628268700479,-0.021002647498535837,0.019003862442663576
1.8857885788578859,-0.000999763700575579,-0.02100264382363965,0.01900385708134774
1.8862886288628862,-0.0009997645747622337,-0.02100264015384445,0.019003851727473754
1.886788678867887,-0.0009997654494127905,-0.02100263648914316,0.019003846381031288
1.8872887288728872,-0.0009997663245100913,-0.021002632829528713,0.01900384104201002
1.887788778877888,-0.0009997672000370415,-0.02100262917499404,0.019003835710399652
1.8882888288828883,-0.00099976807597661,-0.02100262552553209,0.019003830386189902
1.8887888788878886,-0.0009997689523118295,-0.02100262188113583,0.01900382506937049
1.8892889288928894,-0.0009997698290257963,-0.02100261824179822,0.01900381975993116
1.8897889788978897,-0.0009997707061016705,-0.021002614607512245,0.019003814457861673
1.8902890289028904,-0.0009997715835226757,-0.02100261097827089,0.019003809163151794
1.8907890789078907,-0.0009997724612720994,-0.02100260735406715,0.01900380387579131
1.8912891289128915,-0.000999773339333293,-0.021002603734894036,0.019003798595770015
1.8917891789178918,-0.0009997742176896716,-0.021002600120744563,0.01900379332307773
1.892289228922892,-0.0009997750963247137,-0.021002596511611762,0.019003788057704273
1.8927892789278928,-0.0009997759752219627,-0.021002592907488665,0.01900378279963949
1.8932893289328931,-0.0009997768543650247,-0.02100258930836832,0.019003777548873235
1.893789378937894,-0.0009997777337375706,-0.02100258571424378,0.019003772305395374
1.8942894289428942,-0.0009997786133233344,-0.021002582125108117,0.0190037670691958
1.894789478947895,-0.0009997794931061149,-0.0210025785409544,0.019003761840264397
1.8952895289528953,-0.000999780373069774,-0.021002574961775718,0.019003756618591088
1.895789578957896,-0.0009997812531982381,-0.02100257138756516,0.01900375140416579
1.8962896289628963,-0.0009997821334754976,-0.02100256781831584,0.01900374619697845
1.8967896789678966,-0.0009997830138856066,-0.021002564254020858,0.01900374099701901
1.8972897289728974,-0.0009997838944126832,-0.021002560694673347,0.01900373580427745
1.8977897789778977,-0.0009997847750409096,-0.021002557140266435,0.019003730618743744
1.8982898289828984,-0.0009997856557545323,-0.02100255359079327,0.019003725440407886
1.8987898789878987,-0.0009997865365378611,-0.021002550046246994,0.01900372026925989
1.8992899289928995,-0.0009997874173752707,-0.021002546506620777,0.019003715105289774
1.8997899789978998,-0.000999788298251199,-0.021002542971907786,0.019003709948487577
1.9002900290029001,-0.0009997891791501488,-0.0210025394421012,0.019003704798843352
1.9007900790079009,-0.0009997900600566864,-0.02100253591719421,0.019003699656347156
1.9012901290129012,-0.000999790940955442,-0.021002532397180012,0.019003694520989073
1.901790179017902,-0.0009997918218311102,-0.02100252888205182,0.019003689392759194
1.9022902290229022,-0.00099979270266845,-0.02100252537180285,0.019003684271647624
1.902790279027903,-0.0009997935834522831,-0.021002521866426326,0.019003679157644483
1.9032903290329033,-0.0009997944641674968,-0.02100251836591549,0.019003674050739904
1.9037903790379036,-0.0009997953447990417,-0.021002514870263587,0.01900366895092403
1.9042904290429044,-0.0009997962253319324,-0.021002511379463868,0.019003663858187025
1.9047904790479047,-0.0009997971057512476,-0.0210025078935096,0.019003658772519062
1.9052905290529054,-0.0009997979860421303,-0.02100250441239406,0.01900365369391033
1.9057905790579057,-0.000999798866189787,-0.02100250093611053,0.019003648622351033
1.9062906290629065,-0.000999799746179489,-0.0210024974646523,0.01900364355783138
1.9067906790679068,-0.0009998006259965707,-0.021002493998012677,0.0190036385003416
1.907290729072907,-0.0009998015056264307,-0.02100249053618497,0.019003633449871937
1.9077907790779078,-0.0009998023850545323,-0.021002487079162496,0.01900362840641265
1.9082908290829081,-0.000999803264266402,-0.021002483626938594,0.019003623369954006
1.908790879087909,-0.0009998041432476305,-0.021002480179506594,0.01900361834048628
1.9092909290929092,-0.0009998050219838723,-0.02100247673685985,0.019003613317999782
1.90979097909791,-0.0009998059004608462,-0.02100247329899172,0.01900360830248481
1.9102910291029103,-0.0009998067786643344,-0.02100246986589557,0.019003603293931692
1.910791079107911,-0.0009998076565801834,-0.021002466437564773,0.019003598292330767
1.9112911291129113,-0.0009998085341943034,-0.02100246301399272,0.01900359329767238
1.9117911791179116,-0.0009998094114926684,-0.021002459595172798,0.019003588309946896
1.9122912291229124,-0.000999810288461316,-0.021002456181098417,0.01900358332914469
1.9127912791279127,-0.0009998111650863484,-0.02100245277176299,0.019003578355256158
1.9132913291329134,-0.0009998120413539308,-0.021002449367159937,0.019003573388271695
1.9137913791379138,-0.0009998129172502923,-0.021002445967282686,0.019003568428181725
1.9142914291429145,-0.0009998137927617258,-0.021002442572124684,0.019003563474976674
1.9147914791479148,-0.0009998146678745882,-0.021002439181679378,0.019003558528646988
1.9152915291529151,-0.0009998155425752996,-0.021002435795940223,0.01900355358918312
1.9157915791579159,-0.000999816416850344,-0.021002432414900688,0.019003548656575543
1.9162916291629162,-0.0009998172906862687,-0.021002429038554253,0.019003543730814736
1.916791679167917,-0.0009998181640696853,-0.021002425666894402,0.0190035388118912
1.9172917291729172,-0.0009998190369872684,-0.021002422299914628,0.019003533899795443
1.917791779177918,-0.0009998199094257562,-0.021002418937608434,0.019003528994517984
1.9182918291829183,-0.00099982078137195,-0.021002415579969336,0.019003524096049364
1.9187918791879186,-0.0009998216528127157,-0.021002412226990858,0.01900351920438013
1.9192919291929194,-0.0009998225237349814,-0.02100240887866652,0.019003514319500845
1.9197919791979197,-0.0009998233941257392,-0.021002405534989877,0.01900350944140208
1.9202920292029204,-0.0009998242639720446,-0.021002402195954464,0.019003504570074426
1.9207920792079207,-0.000999825133261016,-0.021002398861553848,0.01900349970550849
1.9212921292129215,-0.0009998260019798352,-0.021002395531781588,0.019003494847694872
1.9217921792179218,-0.0009998268701157478,-0.021002392206631266,0.019003489996624212
1.922292229222922,-0.0009998277376560617,-0.021002388886096464,0.01900348515228715
1.9227922792279228,-0.0009998286045881488,-0.021002385570170774,0.01900348031467433
1.9232923292329231,-0.0009998294708994432,-0.021002382258847797,0.019003475483776427
1.923792379237924,-0.0009998303365774427,-0.02100237895212115,0.019003470659584114
1.9242924292429242,-0.0009998312016097082,-0.021002375649984452,0.01900346584208809
1.924792479247925,-0.000999832065983863,-0.021002372352431325,0.019003461031279055
1.9252925292529253,-0.0009998329296875938,-0.021002369059455413,0.01900345622714773
1.925792579257926,-0.0009998337927086501,-0.02100236577105036,0.019003451429684844
1.9262926292629263,-0.000999834655034844,-0.021002362487209825,0.01900344663888114
1.9267926792679266,-0.0009998355166540508,-0.02100235920792747,0.019003441854727375
1.9272927292729274,-0.0009998363775542082,-0.021002355933196964,0.019003437077214323
1.9277927792779277,-0.0009998372377233165,-0.02100235266301199,0.019003432306332762
1.9282928292829284,-0.0009998380971494385,-0.021002349397366244,0.019003427542073487
1.9287928792879288,-0.0009998389558207004,-0.021002346136253423,0.019003422784427303
1.9292929292929295,-0.0009998398137252903,-0.02100234287966723,0.01900341803338504
1.9297929792979298,-0.0009998406708514587,-0.02100233962760139,0.01900341328893752
1.9302930293029301,-0.0009998415271875185,-0.02100233638004962,0.019003408551075598
1.9307930793079309,-0.0009998423827218452,-0.02100233313700566,0.01900340381979013
1.9312931293129312,-0.0009998432374428768,-0.021002329898463252,0.019003399095071986
1.931793179317932,-0.0009998440913391129,-0.021002326664416145,0.01900339437691205
1.9322932293229322,-0.000999844944399116,-0.0210023234348581,0.01900338966530122
1.932793279327933,-0.00099984579661151,-0.021002320209782887,0.019003384960230407
1.9332933293329333,-0.0009998466479649811,-0.021002316989184287,0.01900338026169053
1.9337933793379336,-0.0009998474984482782,-0.02100231377305608,0.019003375569672524
1.9342934293429344,-0.000999848348050211,-0.02100231056139206,0.01900337088416734
1.9347934793479347,-0.0009998491967596521,-0.02100230735418604,0.01900336620516593
1.9352935293529354,-0.0009998500445655353,-0.02100230415143182,0.019003361532659274
1.9357935793579357,-0.000999850891456856,-0.02100230095312323,0.019003356866638354
1.9362936293629365,-0.0009998517374226721,-0.021002297759254093,0.01900335220709417
1.9367936793679368,-0.0009998525824521022,-0.021002294569818253,0.019003347554017728
1.937293729372937,-0.000999853426534327,-0.02100229138480955,0.01900334290740005
1.9377937793779378,-0.0009998542696585885,-0.02100228820422184,0.019003338267232172
1.9382938293829381,-0.0009998551118141903,-0.021002285028048993,0.019003333633505145
1.938793879387939,-0.000999855952990497,-0.02100228185628487,0.01900332900621002
1.9392939293929392,-0.000999856793176935,-0.021002278688923362,0.01900332438533788
1.93979397939794,-0.0009998576323629914,-0.02100227552595835,0.019003319770879806
1.9402940294029403,-0.0009998584705382145,-0.021002272367383733,0.019003315162826887
1.940794079407941,-0.000999859307692214,-0.021002269213193422,0.01900331056117024
1.9412941294129413,-0.00099986014381466,-0.021002266063381327,0.019003305965900986
1.9417941794179416,-0.0009998609788952845,-0.02100226291794137,0.01900330137701026
1.9422942294229424,-0.0009998618129238791,-0.021002259776867482,0.019003296794489203
1.9427942794279427,-0.0009998626458902974,-0.021002256640153608,0.019003292218328974
1.9432943294329434,-0.0009998634777844526,-0.021002253507793688,0.01900328764852075
1.9437943794379438,-0.0009998643085963191,-0.021002250379781685,0.01900328308505571
1.9442944294429445,-0.000999865138315932,-0.02100224725611156,0.01900327852792505
1.9447944794479448,-0.0009998659669333864,-0.02100224413677729,0.019003273977119973
1.9452945294529451,-0.0009998667944388377,-0.021002241021772852,0.019003269432631704
1.9457945794579459,-0.0009998676208225026,-0.02100223791109224,0.019003264894451477
1.9462946294629462,-0.0009998684460746565,-0.021002234804729448,0.01900326036257053
1.946794679467947,-0.000999869270185636,-0.021002231702678485,0.01900325583698012
1.9472947294729472,-0.0009998700931458378,-0.02100222860493337,0.01900325131767152
1.947794779477948,-0.0009998709149457179,-0.021002225511488115,0.019003246804636005
1.9482948294829483,-0.0009998717355757924,-0.021002222422336764,0.01900324229786487
1.9487948794879486,-0.0009998725550266379,-0.02100221933747335,0.019003237797349422
1.9492949294929494,-0.0009998733732888897,-0.02100221625689192,0.019003233303080975
1.9497949794979497,-0.0009998741903532431,-0.021002213180586538,0.019003228815050857
1.9502950295029504,-0.0009998750062104537,-0.02100221010855126,0.019003224333250412
1.9507950795079507,-0.0009998758208513354,-0.021002207040780162,0.019003219857670988
1.9512951295129515,-0.000999876634266762,-0.021002203977267327,0.019003215388303955
1.9517951795179518,-0.0009998774464476667,-0.02100220091800684,0.019003210925140686
1.952295229522952,-0.000999878257385042,-0.021002197862992802,0.019003206468172572
1.9527952795279528,-0.0009998790670699388,-0.021002194812219318,0.019003202017391013
1.9532953295329532,-0.0009998798754934678,-0.0210021917656805,0.01900319757278742
1.953795379537954,-0.0009998806826467983,-0.021002188723370476,0.01900319313435322
1.9542954295429542,-0.0009998814885211584,-0.021002185685283368,0.01900318870207985
1.954795479547955,-0.0009998822931078352,-0.021002182651413317,0.019003184275958755
1.9552955295529553,-0.0009998830963981742,-0.021002179621754474,0.0190031798559814
1.955795579557956,-0.0009998838983835796,-0.021002176596300985,0.01900317544213925
1.9562956295629563,-0.0009998846990555137,-0.02100217357504702,0.019003171034423796
1.9567956795679566,-0.0009998854984054977,-0.021002170557986748,0.019003166632826533
1.9572957295729574,-0.0009998862964251108,-0.021002167545114348,0.019003162237338965
1.9577957795779577,-0.0009998870931059907,-0.021002164536424006,0.01900315784795261
1.9582958295829584,-0.0009998878884398324,-0.021002161531909917,0.019003153464659008
1.9587958795879588,-0.0009998886824183896,-0.021002158531566284,0.019003149087449694
1.9592959295929595,-0.000999889475033474,-0.02100215553538732,0.01900314471631622
1.9597959795979598,-0.0009998902662769545,-0.02100215254336724,0.019003140351250163
1.9602960296029601,-0.000999891056140758,-0.021002149555500275,0.01900313599224309
1.9607960796079609,-0.0009998918446168688,-0.02100214657178066,0.019003131639286602
1.9612961296129612,-0.0009998926316973293,-0.02100214359220264,0.01900312729237229
1.961796179617962,-0.0009998934173742384,-0.021002140616760458,0.01900312295149177
1.9622962296229622,-0.0009998942016397532,-0.021002137645448383,0.01900311861663667
1.962796279627963,-0.000999894984486087,-0.021002134678260675,0.019003114287798627
1.9632963296329633,-0.000999895765905511,-0.021002131715191615,0.019003109964969282
1.9637963796379636,-0.0009998965458903534,-0.021002128756235482,0.0190031056481403
1.9642964296429644,-0.0009998973244329987,-0.021002125801386568,0.019003101337303353
1.9647964796479647,-0.0009998981015258885,-0.021002122850639172,0.01900309703245012
1.9652965296529654,-0.000999898877161521,-0.0210021199039876,0.019003092733572296
1.9657965796579657,-0.0009998996513324511,-0.02100211696142617,0.01900308844066159
1.9662966296629665,-0.00099990042403129,-0.0210021140229492,0.01900308415370971
1.9667966796679668,-0.0009999011952507054,-0.021002111088551025,0.019003079872708398
1.967296729672967,-0.0009999019649834212,-0.021002108158225976,0.01900307559764939
1.9677967796779678,-0.0009999027332222173,-0.02100210523196841,0.01900307132852443
1.9682968296829682,-0.00099990349995993,-0.021002102309772674,0.01900306706532529
1.968796879687969,-0.0009999042651894512,-0.02100209939163313,0.019003062808043737
1.9692969296929692,-0.0009999050289037285,-0.021002096477544148,0.019003058556671566
1.96979697969797,-0.0009999057910957657,-0.02100209356750011,0.019003054311200567
1.9702970297029703,-0.0009999065517586217,-0.021002090661495398,0.019003050071622552
1.970797079707971,-0.0009999073108854111,-0.0210020877595244,0.019003045837929344
1.9712971297129713,-0.0009999080684693043,-0.02100208486158153,0.019003041610112768
1.9717971797179716,-0.000999908824503526,-0.021002081967661183,0.01900303738816467
1.9722972297229724,-0.000999909578981357,-0.021002079077757783,0.019003033172076904
1.9727972797279727,-0.0009999103318961324,-0.02100207619186575,0.019003028961841337
1.9732973297329734,-0.000999911083241243,-0.021002073309979524,0.019003024757449843
1.9737973797379738,-0.0009999118330101336,-0.021002070432093536,0.01900302055889431
1.9742974297429745,-0.0009999125811963041,-0.021002067558202237,0.019003016366166643
1.9747974797479748,-0.0009999133277933093,-0.02100206468830008,0.019003012179258746
1.9752975297529751,-0.000999914072794758,-0.021002061822381533,0.019003007998162545
1.9757975797579759,-0.0009999148161943135,-0.02100205896044106,0.01900300382286997
1.9762976297629762,-0.0009999155579856933,-0.021002056102473143,0.019002999653372966
1.976797679767977,-0.000999916298162669,-0.021002053248472267,0.01900299548966349
1.9772977297729772,-0.0009999170367190665,-0.021002050398432927,0.019002991331733506
1.977797779777978,-0.0009999177736487654,-0.02100204755234962,0.019002987179574993
1.9782978297829783,-0.000999918508945699,-0.021002044710216862,0.01900298303317994
1.9787978797879786,-0.000999919242603854,-0.02100204187202916,0.019002978892540347
1.9792979297929794,-0.0009999199746172714,-0.021002039037781046,0.019002974757648224
1.9797979797979797,-0.000999920704980045,-0.021002036207467045,0.019002970628495597
1.9802980298029804,-0.000999921433686322,-0.021002033381081704,0.019002966505074492
1.9807980798079807,-0.0009999221607303029,-0.02100203055861956,0.019002962387376962
1.9812981298129815,-0.0009999228861062412,-0.02100202774007518,0.019002958275395054
1.9817981798179818,-0.0009999236098084435,-0.021002024925443116,0.01900295416912084
1.982298229822982,-0.0009999243318312688,-0.02100202211471794,0.019002950068546395
1.9827982798279828,-0.0009999250521691293,-0.021002019307894224,0.01900294597366381
1.9832983298329832,-0.0009999257708164894,-0.021002016504966563,0.019002941884465177
1.983798379837984,-0.0009999264877678662,-0.021002013705929544,0.019002937800942615
1.9842984298429842,-0.0009999272030178287,-0.021002010910777764,0.01900293372308824
1.984798479847985,-0.000999927916560999,-0.02100200811950583,0.01900292965089419
1.9852985298529853,-0.0009999286283920504,-0.021002005332108366,0.0190029255843526
1.985798579857986,-0.0009999293385057084,-0.021002002548579982,0.019002921523455632
1.9862986298629863,-0.0009999300468967504,-0.021001999768915314,0.019002917468195445
1.9867986798679866,-0.0009999307535600058,-0.021001996993108993,0.019002913418564214
1.9872987298729874,-0.000999931458490355,-0.021001994221155673,0.019002909374554133
1.9877987798779877,-0.0009999321616827304,-0.021001991453049998,0.01900290533615739
1.9882988298829884,-0.0009999328631321153,-0.021001988688786628,0.019002901303366203
1.9887988798879888,-0.0009999335628335447,-0.021001985928360233,0.019002897276172784
1.9892989298929895,-0.000999934260782104,-0.021001983171765486,0.019002893254569365
1.9897989798979898,-0.0009999349569729304,-0.021001980418997066,0.01900288923854819
1.9902990299029901,-0.0009999356514012112,-0.021001977670049663,0.019002885228101507
1.9907990799079909,-0.0009999363440621847,-0.021001974924917975,0.019002881223221576
1.9912991299129912,-0.0009999370349511396,-0.021001972183596705,0.019002877223900674
1.991799179917992,-0.0009999377240634158,-0.02100196944608056,0.019002873230131084
1.9922992299229922,-0.0009999384113944022,-0.021001966712364265,0.0190028692419051
1.992799279927993,-0.000999939096939539,-0.02100196398244254,0.019002865259215025
1.9932993299329933,-0.0009999397806943159,-0.021001961256310122,0.01900286128205318
1.9937993799379936,-0.0009999404626542727,-0.021001958533961744,0.019002857310411885
1.9942994299429944,-0.0009999411428149993,-0.021001955815392163,0.019002853344283484
1.9947994799479947,-0.0009999418211721345,-0.02100195310059613,0.01900284938366032
1.9952995299529954,-0.0009999424977213671,-0.021001950389568404,0.019002845428534754
1.9957995799579957,-0.0009999431724584357,-0.021001947682303755,0.01900284147889915
1.9962996299629965,-0.0009999438453791275,-0.021001944978796965,0.01900283753474589
1.9967996799679968,-0.0009999445164792793,-0.021001942279042812,0.019002833596067373
1.997299729972997,-0.0009999451857547765,-0.02100193958303609,0.019002829662855984
1.9977997799779978,-0.0009999458532015536,-0.021001936890771598,0.01900282573510415
1.9982998299829982,-0.000999946518815594,-0.021001934202244138,0.01900282181280428
1.998799879987999,-0.0009999471825929297,-0.021001931517448526,0.01900281789594881
1.9992999299929992,-0.0009999478445296406,-0.02100192883637958,0.019002813984530187
1.999799979998,-0.0009999485046218557,-0.02100192615903213,0.01900281007854086
2.0003000300030003,-0.000999949162865752,-0.021001923485401006,0.019002806177973296
2.000800080008001,-0.0009999498192575544,-0.02100192081548105,0.019002802282819968
2.0013001300130013,-0.0009999504737935355,-0.021001918149267117,0.01900279839307336
2.0018001800180016,-0.0009999511264700165,-0.021001915486754057,0.019002794508725968
2.0023002300230024,-0.000999951777283366,-0.021001912827936734,0.019002790629770294
2.0028002800280027,-0.0009999524262299993,-0.02100191017281002,0.019002786756198858
2.0033003300330035,-0.00099995307330638,-0.02100190752136879,0.019002782888004187
2.0038003800380038,-0.0009999537185090192,-0.021001904873607927,0.019002779025178815
2.0043004300430045,-0.0009999543618344742,-0.021001902229522324,0.01900277516771529
2.004800480048005,-0.00099995500327935,-0.021001899589106882,0.01900277131560617
2.005300530053005,-0.000999955642840298,-0.021001896952356502,0.019002767468844023
2.005800580058006,-0.0009999562805140167,-0.021001894319266103,0.019002763627421423
2.006300630063006,-0.0009999569162972512,-0.021001891689830597,0.019002759791330964
2.006800680068007,-0.0009999575501867927,-0.021001889064044914,0.01900275596056524
2.0073007300730072,-0.000999958182179479,-0.021001886441903993,0.019002752135116867
2.007800780078008,-0.000999958812272194,-0.021001883823402765,0.019002748314978456
2.0083008300830083,-0.0009999594404618676,-0.02100188120853619,0.01900274450014264
2.0088008800880086,-0.000999960066745476,-0.021001878597299208,0.01900274069060206
2.0093009300930094,-0.0009999606911200401,-0.021001875989686794,0.019002736886349365
2.0098009800980097,-0.0009999613135826277,-0.021001873385693908,0.01900273308737721
2.0103010301030104,-0.0009999619341303514,-0.021001870785315534,0.019002729293678272
2.0108010801080107,-0.0009999625527603692,-0.021001868188546647,0.019002725505245233
2.0113011301130115,-0.0009999631694698843,-0.02100186559538224,0.019002721722070775
2.011801180118012,-0.000999963784256145,-0.02100186300581731,0.019002717944147606
2.012301230123012,-0.0009999643971164449,-0.021001860419846863,0.019002714171468434
2.012801280128013,-0.0009999650080481219,-0.021001857837465908,0.01900271040402598
2.013301330133013,-0.0009999656170485585,-0.02100185525866946,0.019002706641812975
2.013801380138014,-0.000999966224115182,-0.021001852683452546,0.01900270288482216
2.014301430143014,-0.000999966829245464,-0.021001850111810196,0.019002699133046287
2.014801480148015,-0.0009999674324369207,-0.021001847543737448,0.01900269538647812
2.0153015301530153,-0.0009999680336871114,-0.02100184497922935,0.019002691645110426
2.015801580158016,-0.0009999686329936405,-0.02100184241828095,0.019002687908935986
2.0163016301630163,-0.0009999692303541553,-0.02100183986088731,0.019002684177947596
2.0168016801680166,-0.000999969825766347,-0.021001837307043497,0.019002680452138057
2.0173017301730174,-0.000999970419227951,-0.02100183475674458,0.019002676731500176
2.0178017801780177,-0.0009999710107367451,-0.021001832209985638,0.019002673016026775
2.0183018301830185,-0.0009999716002905509,-0.021001829666761763,0.01900266930571069
2.0188018801880188,-0.000999972187887233,-0.02100182712706804,0.019002665600544758
2.0193019301930195,-0.0009999727735246985,-0.021001824590899578,0.01900266190052183
2.01980198019802,-0.0009999733572008986,-0.021001822058251476,0.019002658205634772
2.02030203020302,-0.0009999739389138255,-0.02100181952911885,0.01900265451587645
2.020802080208021,-0.0009999745186615153,-0.021001817003496823,0.01900265083123975
2.021302130213021,-0.0009999750964420455,-0.02100181448138052,0.019002647151717556
2.021802180218022,-0.0009999756722535366,-0.02100181196276507,0.019002643477302777
2.0223022302230222,-0.0009999762460941508,-0.02100180944764562,0.019002639807988317
2.022802280228023,-0.0009999768179620922,-0.02100180693601732,0.019002636143767095
2.0233023302330233,-0.000999977387855607,-0.021001804427875317,0.019002632484632048
2.0238023802380236,-0.0009999779557729829,-0.021001801923214776,0.019002628830576115
2.0243024302430244,-0.0009999785217125491,-0.02100179942203086,0.019002625181592243
2.0248024802480247,-0.0009999790856726762,-0.021001796924318746,0.01900262153767339
2.0253025302530254,-0.0009999796476517762,-0.02100179443007362,0.01900261789881253
2.0258025802580257,-0.000999980207648302,-0.02100179193929066,0.01900261426500264
2.0263026302630265,-0.0009999807656607472,-0.021001789451965066,0.01900261063623671
2.026802680268027,-0.000999981321687647,-0.02100178696809204,0.019002607012507732
2.027302730273027,-0.0009999818757275769,-0.021001784487666784,0.019002603393808725
2.027802780278028,-0.0009999824277791523,-0.02100178201068452,0.0190025997801327
2.028302830283028,-0.0009999829778410299,-0.021001779537140462,0.01900259617147269
2.028802880288029,-0.000999983525911906,-0.02100177706702984,0.019002592567821726
2.029302930293029,-0.0009999840719905173,-0.02100177460034789,0.01900258896917286
2.02980298029803,-0.0009999846160756404,-0.02100177213708985,0.01900258537551915
2.0303030303030303,-0.0009999851581660917,-0.02100176967725097,0.019002581786853656
2.030803080308031,-0.000999985698260727,-0.0210017672208265,0.01900257820316946
2.0313031303130313,-0.0009999862363584417,-0.021001764767811706,0.01900257462445964
2.0318031803180316,-0.0009999867724581712,-0.02100176231820185,0.019002571050717305
2.0323032303230324,-0.000999987306558889,-0.021001759871992213,0.019002567481935545
2.0328032803280327,-0.000999987838659609,-0.021001757429178067,0.019002563918107482
2.0333033303330335,-0.0009999883687593825,-0.021001754989754703,0.01900256035922624
2.0338033803380338,-0.0009999888968573007,-0.02100175255371741,0.019002556805284954
2.0343034303430345,-0.000999989422952493,-0.021001750121061497,0.01900255325627676
2.034803480348035,-0.000999989947044128,-0.02100174769178226,0.019002549712194818
2.035303530353035,-0.000999990469131411,-0.021001745265875022,0.019002546173032285
2.035803580358036,-0.0009999909892135876,-0.021001742843335093,0.019002542638782333
2.036303630363036,-0.0009999915072899396,-0.021001740424157807,0.01900253910943815
2.036803680368037,-0.000999992023359788,-0.021001738008338492,0.019002535584992913
2.0373037303730372,-0.0009999925374224907,-0.021001735595872484,0.019002532065439837
2.037803780378038,-0.000999993049477444,-0.021001733186755137,0.01900252855077212
2.0383038303830383,-0.000999993559524081,-0.021001730780981796,0.019002525040982987
2.0388038803880386,-0.0009999940675618723,-0.02100172837854782,0.019002521536065662
2.0393039303930394,-0.0009999945735903258,-0.021001725979448577,0.019002518036013386
2.0398039803980397,-0.0009999950776089863,-0.021001723583679435,0.019002514540819408
2.0403040304030404,-0.000999995579617436,-0.02100172119123577,0.01900251105047698
2.0408040804080407,-0.0009999960796152928,-0.021001718802112972,0.019002507564979367
2.0413041304130415,-0.0009999965776022125,-0.02100171641630643,0.019002504084319846
2.041804180418042,-0.000999997073577886,-0.021001714033811538,0.019002500608491703
2.042304230423042,-0.0009999975675420417,-0.0210017116546237,0.01900249713748823
2.042804280428043,-0.0009999980594944432,-0.021001709278738324,0.01900249367130273
2.043304330433043,-0.0009999985494348908,-0.02100170690615083,0.019002490209928516
2.043804380438044,-0.0009999990373632203,-0.021001704536856635,0.019002486753358912
2.044304430443044,-0.000999999523279303,-0.021001702170851174,0.019002483301587242
2.044804480448045,-0.0010000000071830467,-0.021001699808129878,0.019002479854606853
2.0453045304530453,-0.0010000004890743934,-0.02100169744868819,0.019002476412411092
2.045804580458046,-0.0010000009689533215,-0.021001695092521557,0.019002472974993315
2.0463046304630463,-0.0010000014468198434,-0.021001692739625433,0.019002469542346894
2.0468046804680466,-0.0010000019226740077,-0.02100169038999528,0.019002466114465204
2.0473047304730474,-0.0010000023965158968,-0.021001688043626558,0.01900246269134163
2.0478047804780477,-0.0010000028683456285,-0.02100168570051475,0.019002459272969573
2.0483048304830485,-0.0010000033381633547,-0.021001683360655325,0.019002455859342432
2.0488048804880488,-0.0010000038059692618,-0.021001681024043775,0.019002452450453622
2.0493049304930495,-0.0010000042717635707,-0.021001678690675592,0.019002449046296565
2.04980498049805,-0.0010000047355465363,-0.021001676360546274,0.019002445646864694
2.05030503050305,-0.0010000051973184472,-0.02100167403365132,0.019002442252151454
2.050805080508051,-0.001000005657079626,-0.021001671709986246,0.01900243886215029
2.051305130513051,-0.001000006114830429,-0.021001669389546566,0.01900243547685466
2.051805180518052,-0.001000006570571246,-0.021001667072327805,0.01900243209625804
2.0523052305230522,-0.0010000070243025004,-0.02100166475832549,0.0190024287203539
2.052805280528053,-0.0010000074760246483,-0.021001662447535156,0.01900242534913573
2.0533053305330533,-0.0010000079257381793,-0.021001660139952347,0.019002421982597023
2.0538053805380536,-0.0010000083734436158,-0.021001657835572608,0.01900241862073129
2.0543054305430544,-0.001000008819141513,-0.021001655534391497,0.019002415263532038
2.0548054805480547,-0.001000009262832459,-0.02100165323640457,0.019002411910992792
2.0553055305530554,-0.0010000097045170736,-0.021001650941607396,0.019002408563107084
2.0558055805580557,-0.0010000101441960101,-0.021001648649995545,0.019002405219868453
2.0563056305630565,-0.0010000105818699532,-0.021001646361564597,0.019002401881270448
2.056805680568057,-0.00100001101753962,-0.02100164407631014,0.01900239854730663
2.057305730573057,-0.001000011451205759,-0.021001641794227758,0.01900239521797057
2.057805780578058,-0.0010000118828691514,-0.02100163951531305,0.019002391893255838
2.058305830583058,-0.0010000123125306092,-0.02100163723956162,0.019002388573156018
2.058805880588059,-0.0010000127401909762,-0.021001634966969083,0.01900238525766471
2.059305930593059,-0.0010000131658511277,-0.021001632697531046,0.019002381946775514
2.05980598059806,-0.0010000135895119695,-0.021001630431243132,0.019002378640482043
2.0603060306030603,-0.0010000140111744394,-0.02100162816810097,0.019002375338777917
2.060806080608061,-0.0010000144308395056,-0.021001625908100195,0.01900237204165677
2.0613061306130613,-0.001000014848508167,-0.02100162365123644,0.01900236874911223
2.0618061806180616,-0.0010000152641814531,-0.02100162139750536,0.019002365461137954
2.0623062306230624,-0.001000015677860424,-0.0210016191469026,0.019002362177727595
2.0628062806280627,-0.0010000160895461702,-0.02100161689942382,0.01900235889887482
2.0633063306330635,-0.001000016499239812,-0.021001614655064685,0.019002355624573298
2.0638063806380638,-0.0010000169069425003,-0.021001612413820862,0.019002352354816718
2.0643064306430645,-0.0010000173126554154,-0.021001610175688027,0.019002349089598764
2.064806480648065,-0.0010000177163797675,-0.021001607940661863,0.019002345828913143
2.065306530653065,-0.0010000181181167962,-0.021001605708738057,0.01900234257275356
2.065806580658066,-0.0010000185178677709,-0.0210016034799123,0.019002339321113733
2.066306630663066,-0.0010000189156339902,-0.0210016012541803,0.019002336073987387
2.066806680668067,-0.0010000193114167815,-0.021001599031537758,0.019002332831368263
2.0673067306730672,-0.0010000197052175016,-0.02100159681198038,0.019002329593250097
2.067806780678068,-0.0010000200970375363,-0.02100159459550389,0.019002326359626644
2.0683068306830683,-0.0010000204868782997,-0.021001592382104015,0.019002323130491668
2.0688068806880686,-0.0010000208747412349,-0.021001590171776476,0.019002319905838935
2.0693069306930694,-0.0010000212606278128,-0.02100158796451701,0.019002316685662227
2.0698069806980697,-0.001000021644539533,-0.021001585760321365,0.019002313469955328
2.0703070307030704,-0.001000022026477924,-0.02100158355918528,0.019002310258712036
2.0708070807080707,-0.0010000224064445407,-0.021001581361104513,0.01900230705192615
2.0713071307130715,-0.0010000227844409672,-0.02100157916607482,0.01900230384959149
2.071807180718072,-0.0010000231604688145,-0.02100157697409197,0.019002300651701873
2.072307230723072,-0.001000023534529722,-0.02100157478515173,0.01900229745825113
2.072807280728073,-0.0010000239066253556,-0.021001572599249882,0.019002294269233097
2.073307330733073,-0.001000024276757409,-0.0210015704163822,0.019002291084641625
2.073807380738074,-0.0010000246449276033,-0.02100156823654448,0.01900228790447057
2.074307430743074,-0.001000025011137686,-0.02100156605973251,0.019002284728713792
2.074807480748075,-0.0010000253753894319,-0.021001563885942095,0.01900228155736517
2.0753075307530753,-0.001000025737684642,-0.02100156171516904,0.019002278390418577
2.075807580758076,-0.0010000260980251449,-0.021001559547409156,0.01900227522786791
2.0763076307630763,-0.0010000264564127943,-0.02100155738265826,0.019002272069707064
2.0768076807680766,-0.0010000268128494713,-0.021001555220912176,0.019002268915929946
2.0773077307730774,-0.0010000271673370827,-0.021001553062166733,0.01900226576653047
2.0778077807780777,-0.001000027519877561,-0.021001550906417765,0.01900226262150256
2.0783078307830785,-0.0010000278704728651,-0.021001548753661115,0.01900225948084015
2.0788078807880788,-0.0010000282191249795,-0.021001546603892626,0.01900225634453718
2.0793079307930795,-0.0010000285658359142,-0.021001544457108154,0.019002253212587594
2.07980798079808,-0.0010000289106077043,-0.021001542313303555,0.019002250084985357
2.08030803080308,-0.0010000292534424109,-0.02100154017247469,0.01900224696172443
2.080808080808081,-0.0010000295943421197,-0.021001538034617434,0.019002243842798784
2.081308130813081,-0.0010000299333089418,-0.021001535899727662,0.019002240728202408
2.081808180818082,-0.0010000302703450127,-0.02100153376780125,0.01900223761792929
2.0823082308230823,-0.001000030605452493,-0.021001531638834087,0.01900223451197343
2.082808280828083,-0.001000030938633568,-0.021001529512822067,0.01900223141032883
2.0833083308330833,-0.0010000312698904472,-0.021001527389761087,0.019002228312989512
2.0838083808380836,-0.0010000315992253646,-0.021001525269647048,0.019002225219949497
2.0843084308430844,-0.0010000319266405778,-0.021001523152475863,0.01900222213120282
2.0848084808480847,-0.0010000322521383693,-0.02100152103824345,0.019002219046743516
2.0853085308530854,-0.0010000325757210451,-0.021001518926945722,0.019002215966565643
2.0858085808580857,-0.0010000328973909349,-0.02100151681857861,0.01900221289066325
2.0863086308630865,-0.0010000332171503919,-0.021001514713138044,0.0190022098190304
2.086808680868087,-0.001000033535001793,-0.021001512610619964,0.01900220675166118
2.0873087308730875,-0.0010000338509475386,-0.021001510511020314,0.019002203688549657
2.087808780878088,-0.0010000341649900517,-0.02100150841433504,0.01900220062968993
2.088308830883088,-0.001000034477131779,-0.021001506320560102,0.019002197575076096
2.088808880888089,-0.00100003478737519,-0.021001504229691454,0.019002194524702257
2.0893089308930892,-0.0010000350957227765,-0.021001502141725064,0.01900219147856253
2.08980898089809,-0.0010000354021770536,-0.021001500056656908,0.01900218843665104
2.0903090309030903,-0.0010000357067405585,-0.021001497974482954,0.01900218539896192
2.090809080908091,-0.0010000360094158506,-0.02100149589519919,0.0190021823654893
2.0913091309130913,-0.0010000363102055123,-0.021001493818801606,0.01900217933622734
2.0918091809180916,-0.0010000366091121472,-0.021001491745286194,0.019002176311170182
2.0923092309230924,-0.0010000369061383815,-0.021001489674648953,0.019002173290311997
2.0928092809280927,-0.0010000372012868629,-0.021001487606885888,0.019002170273646955
2.0933093309330935,-0.0010000374945602609,-0.02100148554199301,0.019002167261169236
2.0938093809380938,-0.0010000377859612662,-0.021001483479966332,0.019002164252873027
2.0943094309430945,-0.0010000380754925917,-0.021001481420801882,0.019002161248752526
2.094809480948095,-0.0010000383631569708,-0.02100147936449568,0.019002158248801932
2.095309530953095,-0.0010000386489571584,-0.02100147731104376,0.019002155253015462
2.095809580958096,-0.0010000389328959304,-0.021001475260442166,0.019002152261387333
2.096309630963096,-0.0010000392149760835,-0.021001473212686937,0.019002149273911775
2.096809680968097,-0.001000039495200435,-0.02100147116777412,0.019002146290583024
2.0973097309730973,-0.001000039773571823,-0.021001469125699772,0.019002143311395322
2.097809780978098,-0.001000040050093106,-0.021001467086459957,0.01900214033634292
2.0983098309830983,-0.001000040324767163,-0.02100146505005073,0.019002137365420082
2.0988098809880986,-0.001000040597596893,-0.021001463016468172,0.01900213439862107
2.0993099309930994,-0.0010000408685852146,-0.021001460985708355,0.019002131435940168
2.0998099809980997,-0.0010000411377350672,-0.021001458957767363,0.019002128477371653
2.1003100310031004,-0.0010000414050494095,-0.021001456932641282,0.01900212552290982
2.1008100810081007,-0.00100004167053122,-0.021001454910326203,0.019002122572548966
2.1013101310131015,-0.0010000419341834967,-0.02100145289081823,0.0190021196262834
2.101810181018102,-0.0010000421960092568,-0.021001450874113457,0.019002116684107444
2.1023102310231025,-0.0010000424560115367,-0.021001448860208,0.01900211374601541
2.102810281028103,-0.0010000427141933926,-0.021001446849097972,0.019002110812001635
2.103310331033103,-0.001000042970557899,-0.021001444840779492,0.019002107882060457
2.103810381038104,-0.0010000432251081495,-0.021001442835248685,0.019002104956186223
2.1043104310431042,-0.0010000434778472563,-0.021001440832501685,0.019002102034373292
2.104810481048105,-0.0010000437287783503,-0.021001438832534622,0.01900209911661602
2.1053105310531053,-0.001000043977904581,-0.021001436835343643,0.01900209620290878
2.105810581058106,-0.001000044225229116,-0.02100143484092489,0.019002093293245953
2.1063106310631063,-0.001000044470755141,-0.02100143284927452,0.01900209038762192
2.1068106810681066,-0.0010000447144858605,-0.021001430860388682,0.01900208748603108
2.1073107310731074,-0.0010000449564244957,-0.02100142887426355,0.019002084588467832
2.1078107810781077,-0.0010000451965742865,-0.02100142689089528,0.019002081694926586
2.1083108310831085,-0.0010000454349384906,-0.021001424910280054,0.019002078805401758
2.1088108810881088,-0.0010000456715203825,-0.02100142293241405,0.019002075919887777
2.1093109310931095,-0.0010000459063232545,-0.021001420957293446,0.01900207303837907
2.10981098109811,-0.0010000461393504165,-0.021001418984914436,0.01900207016087008
2.11031103110311,-0.001000046370605195,-0.021001417015273215,0.01900206728735526
2.110811081108111,-0.001000046600090934,-0.02100141504836598,0.019002064417829055
2.111311131113111,-0.0010000468278109943,-0.021001413084188937,0.019002061552285936
2.111811181118112,-0.001000047053768753,-0.021001411122738296,0.019002058690720375
2.1123112311231123,-0.0010000472779676042,-0.021001409164010276,0.019002055833126846
2.112811281128113,-0.0010000475004109588,-0.021001407208001092,0.01900205297949984
2.1133113311331133,-0.0010000477211022435,-0.02100140525470697,0.01900205012983385
2.1138113811381136,-0.0010000479400449017,-0.02100140330412415,0.01900204728412338
2.1143114311431144,-0.0010000481572423928,-0.021001401356248863,0.019002044442362934
2.1148114811481147,-0.0010000483726981919,-0.021001399411077346,0.01900204160454703
2.1153115311531154,-0.0010000485864157906,-0.021001397468605857,0.019002038770670197
2.1158115811581157,-0.0010000487983986958,-0.021001395528830638,0.019002035940726966
2.1163116311631165,-0.0010000490086504298,-0.02100139359174795,0.019002033114711877
2.116811681168117,-0.0010000492171745312,-0.021001391657354054,0.019002030292619473
2.1173117311731176,-0.001000049423974553,-0.021001389725645223,0.019002027474444315
2.117811781178118,-0.0010000496290540643,-0.021001387796617726,0.01900202466018096
2.118311831183118,-0.0010000498324166487,-0.02100138587026784,0.019002021849823986
2.118811881188119,-0.001000050034065905,-0.021001383946591852,0.019002019043367964
2.1193119311931192,-0.001000050234005447,-0.02100138202558605,0.01900201624080748
2.11981198119812,-0.001000050432238903,-0.021001380107246722,0.01900201344213713
2.1203120312031203,-0.0010000506287699163,-0.021001378191570174,0.019002010647351512
2.120812081208121,-0.0010000508236021443,-0.021001376278552704,0.019002007856445232
2.1213121312131213,-0.001000051016739259,-0.021001374368190627,0.01900200506941291
2.1218121812181217,-0.0010000512081849461,-0.021001372460480252,0.019002002286249164
2.1223122312231224,-0.0010000513979429063,-0.0210013705554179,0.019001999506948627
2.1228122812281227,-0.001000051586016854,-0.021001368652999897,0.019001996731505936
2.1233123312331235,-0.0010000517724105171,-0.021001366753222568,0.019001993959915735
2.1238123812381238,-0.0010000519571276376,-0.021001364856082255,0.019001991192172676
2.1243124312431245,-0.0010000521401719708,-0.02100136296157529,0.019001988428271423
2.124812481248125,-0.0010000523215472862,-0.02100136106969802,0.01900198566820664
2.125312531253125,-0.0010000525012573657,-0.0210013591804468,0.019001982911973
2.125812581258126,-0.0010000526793060055,-0.02100135729381798,0.01900198015956519
2.126312631263126,-0.001000052855697014,-0.02100135540980792,0.019001977410977897
2.126812681268127,-0.0010000530304342134,-0.021001353528412984,0.019001974666205814
2.1273127312731273,-0.0010000532035214383,-0.021001351649629546,0.019001971925243652
2.127812781278128,-0.0010000533749625364,-0.021001349773453977,0.01900196918808612
2.1283128312831283,-0.0010000535447613676,-0.021001347899882658,0.019001966454727938
2.1288128812881286,-0.001000053712921805,-0.021001346028911978,0.01900196372516383
2.1293129312931294,-0.0010000538794477335,-0.02100134416053832,0.01900196099938853
2.1298129812981297,-0.0010000540443430507,-0.02100134229475809,0.019001958277396775
2.1303130313031304,-0.0010000542076116664,-0.021001340431567674,0.019001955559183322
2.1308130813081307,-0.0010000543692575022,-0.02100133857096349,0.01900195284474292
2.1313131313131315,-0.0010000545292844917,-0.02100133671294194,0.019001950134070335
2.131813181318132,-0.0010000546876965805,-0.021001334857499443,0.019001947427160337
2.1323132313231326,-0.0010000548444977257,-0.02100133300463242,0.0190019447240077
2.132813281328133,-0.001000054999691896,-0.02100133115433729,0.019001942024607213
2.133313331333133,-0.0010000551532830723,-0.02100132930661049,0.019001939328953662
2.133813381338134,-0.0010000553052752457,-0.021001327461448453,0.01900193663704185
2.1343134313431342,-0.0010000554556724192,-0.021001325618847617,0.019001933948866585
2.134813481348135,-0.0010000556044786068,-0.02100132377880443,0.019001931264422678
2.1353135313531353,-0.0010000557516978337,-0.021001321941315335,0.019001928583704947
2.135813581358136,-0.0010000558973341355,-0.021001320106376793,0.019001925906708225
2.1363136313631363,-0.001000056041391559,-0.021001318273985266,0.019001923233427344
2.1368136813681367,-0.0010000561838741618,-0.021001316444137212,0.019001920563857147
2.1373137313731374,-0.0010000563247860115,-0.021001314616829105,0.019001917897992483
2.1378137813781377,-0.0010000564641311866,-0.021001312792057417,0.019001915235828205
2.1383138313831385,-0.0010000566019137758,-0.021001310969818627,0.019001912577359184
2.1388138813881388,-0.001000056738137878,-0.02100130915010922,0.019001909922580287
2.1393139313931395,-0.0010000568728076016,-0.021001307332925687,0.01900190727148639
2.13981398139814,-0.0010000570059270663,-0.02100130551826452,0.01900190462407238
2.14031403140314,-0.0010000571375004003,-0.021001303706122215,0.01900190198033315
2.140814081408141,-0.0010000572675317428,-0.021001301896495284,0.019001899340263598
2.141314131413141,-0.0010000573960252412,-0.021001300089380226,0.01900189670385863
2.141814181418142,-0.0010000575229850539,-0.02100129828477356,0.01900189407111316
2.1423142314231423,-0.0010000576484153474,-0.0210012964826718,0.019001891442022106
2.142814281428143,-0.0010000577723202988,-0.021001294683071475,0.0190018888165804
2.1433143314331433,-0.001000057894704093,-0.02100129288596911,0.019001886194782974
2.1438143814381436,-0.0010000580155709255,-0.021001291091361236,0.019001883576624766
2.1443144314431444,-0.0010000581349249992,-0.021001289299244393,0.01900188096210073
2.1448144814481447,-0.0010000582527705272,-0.02100128750961512,0.01900187835120582
2.1453145314531454,-0.0010000583691117304,-0.021001285722469967,0.019001875743935
2.1458145814581457,-0.001000058483952839,-0.021001283937805485,0.019001873140283232
2.1463146314631465,-0.001000058597298091,-0.02100128215561823,0.0190018705402455
2.146814681468147,-0.001000058709151734,-0.021001280375904766,0.01900186794381679
2.1473147314731476,-0.0010000588195180225,-0.021001278598661657,0.019001865350992086
2.147814781478148,-0.0010000589284012201,-0.021001276823885473,0.019001862761766384
2.148314831483148,-0.0010000590358055985,-0.02100127505157279,0.019001860176134696
2.148814881488149,-0.001000059141735437,-0.021001273281720193,0.019001857594092026
2.1493149314931492,-0.0010000592461950227,-0.021001271514324262,0.019001855015633395
2.14981498149815,-0.001000059349188651,-0.021001269749381588,0.019001852440753832
2.1503150315031503,-0.0010000594507206246,-0.02100126798688877,0.019001849869448362
2.150815081508151,-0.0010000595507952538,-0.0210012662268424,0.01900184730171203
2.1513151315131513,-0.0010000596494168562,-0.021001264469239087,0.019001844737539877
2.1518151815181517,-0.0010000597465897574,-0.02100126271407544,0.019001842176926957
2.1523152315231524,-0.0010000598423182893,-0.02100126096134807,0.019001839619868333
2.1528152815281527,-0.0010000599366067917,-0.021001259211053603,0.019001837066359068
2.1533153315331535,-0.001000060029459611,-0.02100125746318865,0.01900183451639424
2.1538153815381538,-0.0010000601208811006,-0.021001255717749846,0.019001831969968918
2.1543154315431545,-0.0010000602108756209,-0.021001253974733822,0.0190018294270782
2.154815481548155,-0.0010000602994475387,-0.021001252234137215,0.019001826887717174
2.155315531553155,-0.0010000603866012277,-0.021001250495956667,0.019001824351880945
2.155815581558156,-0.001000060472341068,-0.021001248760188825,0.019001821819564616
2.156315631563156,-0.001000060556671446,-0.021001247026830337,0.019001819290763305
2.156815681568157,-0.0010000606395967546,-0.021001245295877862,0.019001816765472128
2.1573157315731573,-0.001000060721121393,-0.02100124356732806,0.01900181424368622
2.157815781578158,-0.0010000608012497656,-0.02100124184117759,0.019001811725400705
2.1583158315831583,-0.0010000608799862842,-0.02100124011742313,0.019001809210610735
2.1588158815881586,-0.0010000609573353656,-0.021001238396061352,0.019001806699311452
2.1593159315931594,-0.0010000610333014326,-0.021001236677088933,0.01900180419149801
2.1598159815981597,-0.0010000611078889133,-0.021001234960502557,0.019001801687165573
2.1603160316031604,-0.0010000611811022421,-0.02100123324629891,0.01900179918630931
2.1608160816081607,-0.0010000612529458583,-0.02100123153447469,0.019001796688924395
2.1613161316131615,-0.0010000613234242071,-0.021001229825026585,0.019001794195006007
2.161816181618162,-0.0010000613925417385,-0.02100122811795131,0.01900179170454934
2.1623162316231626,-0.0010000614603029078,-0.021001226413245557,0.01900178921754958
2.162816281628163,-0.0010000615267121756,-0.021001224710906048,0.019001786734001935
2.163316331633163,-0.0010000615917740076,-0.021001223010929493,0.019001784253901616
2.163816381638164,-0.0010000616554928737,-0.021001221313312612,0.01900178177724383
2.1643164316431642,-0.0010000617178732496,-0.021001219618052135,0.019001779304023803
2.164816481648165,-0.0010000617789196148,-0.021001217925144786,0.01900177683423676
2.1653165316531653,-0.0010000618386364537,-0.021001216234587297,0.019001774367877942
2.165816581658166,-0.0010000618970282553,-0.021001214546376414,0.019001771904942587
2.1663166316631663,-0.0010000619540995132,-0.02100121286050887,0.01900176944542594
2.1668166816681667,-0.0010000620098547248,-0.02100121117698142,0.019001766989323262
2.1673167316731674,-0.001000062064298392,-0.021001209495790815,0.019001764536629807
2.1678167816781677,-0.001000062117435021,-0.021001207816933806,0.019001762087340848
2.1683168316831685,-0.0010000621692691216,-0.021001206140407156,0.01900175964145166
2.1688168816881688,-0.001000062219805208,-0.021001204466207634,0.019001757198957518
2.1693169316931695,-0.0010000622690477976,-0.02100120279433201,0.019001754759853714
2.16981698169817,-0.001000062317001412,-0.02100120112477705,0.01900175232413554
2.17031703170317,-0.0010000623636705766,-0.021001199457539543,0.0190017498917983
2.170817081708171,-0.0010000624090598198,-0.021001197792616267,0.019001747462837296
2.171317131713171,-0.0010000624531736738,-0.021001196130004007,0.019001745037247848
2.171817181718172,-0.0010000624960166743,-0.02100119446969956,0.01900174261502527
2.1723172317231723,-0.0010000625375933597,-0.021001192811699723,0.01900174019616489
2.172817281728173,-0.0010000625779082724,-0.021001191156001294,0.019001737780662043
2.1733173317331733,-0.001000062616965957,-0.02100118950260108,0.019001735368512067
2.1738173817381736,-0.0010000626547709618,-0.02100118785149589,0.019001732959710308
2.1743174317431744,-0.0010000626913278376,-0.021001186202682535,0.019001730554252118
2.1748174817481747,-0.0010000627266411382,-0.021001184556157845,0.01900172815213286
2.1753175317531754,-0.0010000627607154198,-0.02100118291191863,0.019001725753347895
2.1758175817581757,-0.0010000627935552418,-0.021001181269961727,0.019001723357892596
2.1763176317631765,-0.0010000628251651657,-0.021001179630283962,0.019001720965762338
2.176817681768177,-0.0010000628555497553,-0.021001177992882175,0.01900171857695251
2.1773177317731776,-0.0010000628847135773,-0.021001176357753205,0.019001716191458504
2.177817781778178,-0.0010000629126612002,-0.0210011747248939,0.019001713809275716
2.178317831783178,-0.001000062939397195,-0.021001173094301107,0.019001711430399547
2.178817881788179,-0.0010000629649261344,-0.02100117146597168,0.01900170905482541
2.1793179317931792,-0.0010000629892525936,-0.021001169839902478,0.01900170668254872
2.17981798179818,-0.0010000630123811493,-0.02100116821609036,0.0190017043135649
2.1803180318031803,-0.00100006303431638,-0.0210011665945322,0.019001701947869383
2.180818081808181,-0.0010000630550628664,-0.021001164975224865,0.0190016995854576
2.1813181318131813,-0.0010000630746251906,-0.021001163358165233,0.019001697226324995
2.1818181818181817,-0.001000063093007936,-0.02100116174335018,0.019001694870467014
2.1823182318231824,-0.0010000631102156877,-0.021001160130776596,0.019001692517879115
2.1828182818281827,-0.0010000631262530324,-0.021001158520441363,0.01900169016855676
2.1833183318331835,-0.0010000631411245578,-0.02100115691234138,0.019001687822495412
2.1838183818381838,-0.0010000631548348529,-0.02100115530647354,0.019001685479690545
2.1843184318431845,-0.0010000631673885076,-0.021001153702834747,0.01900168314013764
2.184818481848185,-0.0010000631787901136,-0.021001152101421908,0.019001680803832185
2.185318531853185,-0.001000063189044263,-0.02100115050223193,0.019001678470769667
2.185818581858186,-0.0010000631981555484,-0.02100114890526173,0.01900167614094559
2.186318631863186,-0.0010000632061285641,-0.021001147310508228,0.019001673814355458
2.186818681868187,-0.0010000632129679044,-0.021001145717968343,0.01900167149099478
2.1873187318731873,-0.0010000632186781648,-0.021001144127639006,0.019001669170859076
2.187818781878188,-0.0010000632232639408,-0.021001142539517147,0.019001666853943864
2.1883188318831883,-0.0010000632267298287,-0.0210011409535997,0.01900166454024468
2.1888188818881886,-0.0010000632290804252,-0.02100113936988361,0.019001662229757056
2.1893189318931894,-0.001000063230320327,-0.021001137788365817,0.019001659922476537
2.1898189818981897,-0.0010000632304541317,-0.02100113620904327,0.01900165761839867
2.1903190319031904,-0.0010000632294864362,-0.021001134631912922,0.01900165531751901
2.1908190819081907,-0.0010000632274218377,-0.021001133056971735,0.019001653019833115
2.1913191319131915,-0.0010000632242649337,-0.021001131484216666,0.019001650725336557
2.191819181918192,-0.0010000632200203217,-0.021001129913644678,0.019001648434024902
2.1923192319231926,-0.0010000632146925984,-0.021001128345252747,0.01900164614589374
2.192819281928193,-0.0010000632082863606,-0.02100112677903784,0.019001643860938642
2.193319331933193,-0.0010000632008062048,-0.021001125214996943,0.01900164157915521
2.193819381938194,-0.0010000631922567273,-0.02100112365312703,0.01900163930053904
2.1943194319431942,-0.001000063182642523,-0.021001122093425095,0.01900163702508573
2.194819481948195,-0.0010000631719681878,-0.021001120535888124,0.019001634752790895
2.1953195319531953,-0.0010000631602383153,-0.021001118980513114,0.019001632483650152
2.195819581958196,-0.0010000631474574992,-0.021001117427297062,0.01900163021765912
2.1963196319631964,-0.0010000631336303325,-0.021001115876236973,0.019001627954813426
2.1968196819681967,-0.001000063118761407,-0.021001114327329855,0.019001625695108704
2.1973197319731974,-0.0010000631028553135,-0.021001112780572716,0.0190016234385406
2.1978197819781977,-0.0010000630859166423,-0.02100111123596258,0.019001621185104754
2.1983198319831985,-0.0010000630679499818,-0.021001109693496455,0.019001618934796818
2.1988198819881988,-0.0010000630489599201,-0.021001108153171372,0.019001616687612456
2.1993199319931995,-0.0010000630289510432,-0.02100110661498436,0.019001614443547327
2.1998199819982,-0.0010000630079279361,-0.02100110507893245,0.019001612202597103
2.2003200320032,-0.0010000629858951827,-0.021001103545012674,0.01900160996475746
2.200820082008201,-0.0010000629628573651,-0.02100110201322208,0.01900160773002408
2.201320132013201,-0.0010000629388190636,-0.021001100483557706,0.019001605498392655
2.201820182018202,-0.0010000629137848576,-0.021001098956016605,0.019001603269858874
2.2023202320232023,-0.0010000628877593243,-0.021001097430595826,0.019001601044418438
2.202820282028203,-0.0010000628607470389,-0.02100109590729243,0.01900159882206706
2.2033203320332033,-0.0010000628327525751,-0.021001094386103474,0.01900159660280044
2.2038203820382036,-0.001000062803780505,-0.021001092867026026,0.019001594386614307
2.2043204320432044,-0.0010000627738353978,-0.021001091350057156,0.01900159217350438
2.2048204820482047,-0.0010000627429218216,-0.021001089835193932,0.01900158996346639
2.2053205320532054,-0.0010000627110443418,-0.021001088322433435,0.019001587756496074
2.2058205820582057,-0.0010000626782075217,-0.02100108681177275,0.019001585552589174
2.2063206320632065,-0.0010000626444159227,-0.02100108530320895,0.019001583351741437
2.206820682068207,-0.001000062609674103,-0.02100108379673914,0.019001581153948614
2.2073207320732076,-0.0010000625739866194,-0.0210010822923604,0.01900157895920647
2.207820782078208,-0.0010000625373580254,-0.021001080790069838,0.019001576767510762
2.208320832083208,-0.0010000624997928726,-0.021001079289864548,0.01900157457885727
2.208820882088209,-0.0010000624612957092,-0.021001077791741637,0.01900157239324177
2.2093209320932092,-0.0010000624218710816,-0.02100107629569822,0.019001570210660044
2.20982098209821,-0.001000062381523533,-0.021001074801731405,0.019001568031107877
2.2103210321032103,-0.0010000623402576035,-0.02100107330983831,0.019001565854581067
2.210821082108211,-0.001000062298077831,-0.021001071820016055,0.019001563681075417
2.2113211321132114,-0.0010000622549887499,-0.02100107033226177,0.01900156151058673
2.2118211821182117,-0.0010000622109948914,-0.021001068846572584,0.01900155934311082
2.2123212321232124,-0.0010000621661007845,-0.021001067362945627,0.0190015571786435
2.2128212821282127,-0.001000062120310954,-0.02100106588137804,0.0190015550171806
2.2133213321332135,-0.0010000620736299224,-0.021001064401866963,0.019001552858717952
2.213821382138214,-0.0010000620260622083,-0.02100106292440954,0.019001550703251383
2.2143214321432145,-0.001000061977612327,-0.021001061449002923,0.01900154855077674
2.214821482148215,-0.0010000619282847904,-0.021001059975644262,0.019001546401289867
2.215321532153215,-0.0010000618780841074,-0.02100105850433072,0.01900154425478662
2.215821582158216,-0.0010000618270147828,-0.021001057035059452,0.019001542111262856
2.216321632163216,-0.001000061775081318,-0.021001055567827626,0.01900153997071444
2.216821682168217,-0.0010000617222882106,-0.02100105410263241,0.01900153783313724
2.2173217321732173,-0.0010000616686399546,-0.02100105263947098,0.019001535698527132
2.217821782178218,-0.0010000616141410401,-0.021001051178340512,0.01900153356688
2.2183218321832183,-0.0010000615587959535,-0.021001049719238184,0.019001531438191728
2.2188218821882186,-0.0010000615026091774,-0.021001048262161183,0.01900152931245821
2.2193219321932194,-0.0010000614455851896,-0.021001046807106696,0.01900152718967535
2.2198219821982197,-0.001000061387728465,-0.02100104535407192,0.019001525069839046
2.2203220322032204,-0.0010000613290434737,-0.02100104390305405,0.019001522952945205
2.2208220822082207,-0.0010000612695346817,-0.02100104245405028,0.01900152083898975
2.2213221322132215,-0.001000061209206551,-0.02100104100705782,0.0190015187279686
2.221822182218222,-0.0010000611480635389,-0.02100103956207388,0.019001516619877683
2.2223222322232226,-0.0010000610861100987,-0.02100103811909567,0.019001514514712926
2.222822282228223,-0.0010000610233506793,-0.021001036678120404,0.019001512412470275
2.223322332233223,-0.001000060959789725,-0.021001035239145302,0.01900151031314567
2.223822382238224,-0.0010000608954316755,-0.02100103380216759,0.019001508216735057
2.2243224322432242,-0.0010000608302809663,-0.021001032367184494,0.0190015061232344
2.224822482248225,-0.0010000607643420277,-0.021001030934193247,0.019001504032639654
2.2253225322532253,-0.0010000606976192856,-0.021001029503191083,0.019001501944946785
2.225822582258226,-0.0010000606301171615,-0.02100102807417524,0.019001499860151764
2.2263226322632264,-0.001000060561840071,-0.02100102664714296,0.019001497778250574
2.2268226822682267,-0.0010000604927924263,-0.021001025222091494,0.019001495699239195
2.2273227322732274,-0.0010000604229786336,-0.021001023799018092,0.019001493623113618
2.2278227822782277,-0.0010000603524030944,-0.021001022377920002,0.019001491549869833
2.2283228322832285,-0.0010000602810702052,-0.021001020958794487,0.01900148947950384
2.228822882288229,-0.0010000602089843575,-0.02100101954163881,0.019001487412011648
2.2293229322932295,-0.0010000601361499373,-0.021001018126450235,0.01900148534738927
2.22982298229823,-0.0010000600625713258,-0.02100101671322603,0.019001483285632715
2.23032303230323,-0.0010000599882528988,-0.021001015301963473,0.01900148122673801
2.230823082308231,-0.0010000599131990268,-0.021001013892659837,0.01900147917070118
2.231323132313231,-0.0010000598374140747,-0.0210010124853124,0.019001477117518262
2.231823182318232,-0.0010000597609024025,-0.021001011079918457,0.019001475067185292
2.2323232323232323,-0.001000059683668364,-0.021001009676475287,0.019001473019698314
2.232823282328233,-0.001000059605716308,-0.021001008274980186,0.01900147097505338
2.2333233323332333,-0.0010000595270505779,-0.021001006875430446,0.01900146893324654
2.2338233823382336,-0.0010000594476755106,-0.021001005477823374,0.01900146689427386
2.2343234323432344,-0.0010000593675954382,-0.021001004082156268,0.019001464858131402
2.2348234823482347,-0.0010000592868146868,-0.021001002688426435,0.01900146282481524
2.2353235323532354,-0.0010000592053375766,-0.02100100129663119,0.01900146079432145
2.2358235823582358,-0.0010000591231684216,-0.021000999906767844,0.019001458766646113
2.2363236323632365,-0.0010000590403115308,-0.02100099851883372,0.01900145674178532
2.236823682368237,-0.0010000589567712066,-0.021000997132826132,0.019001454719735165
2.2373237323732376,-0.0010000588725517456,-0.021000995748742413,0.01900145270049174
2.237823782378238,-0.001000058787657438,-0.02100099436657989,0.019001450684051152
2.238323832383238,-0.0010000587020925686,-0.021000992986335894,0.019001448670409517
2.238823882388239,-0.0010000586158614158,-0.02100099160800777,0.01900144665956294
2.2393239323932392,-0.0010000585289682512,-0.021000990231592846,0.01900144465150755
2.23982398239824,-0.0010000584414173411,-0.021000988857088478,0.01900144264623946
2.2403240324032403,-0.001000058353212945,-0.021000987484492008,0.019001440643754818
2.240824082408241,-0.0010000582643593162,-0.021000986113800788,0.01900143864404975
2.2413241324132414,-0.0010000581748607013,-0.021000984745012177,0.0190014366471204
2.2418241824182417,-0.001000058084721341,-0.02100098337812353,0.01900143465296291
2.2423242324232424,-0.001000057993945469,-0.021000982013132212,0.019001432661573444
2.2428242824282427,-0.0010000579025373128,-0.021000980650035587,0.01900143067294815
2.2433243324332435,-0.0010000578105010937,-0.021000979288831028,0.019001428687083193
2.243824382438244,-0.0010000577178410253,-0.02100097792951591,0.019001426703974745
2.2443244324432445,-0.0010000576245613156,-0.021000976572087604,0.019001424723618977
2.244824482448245,-0.0010000575306661652,-0.021000975216543497,0.01900142274601207
2.245324532453245,-0.0010000574361597684,-0.021000973862880967,0.0190014207711502
2.245824582458246,-0.0010000573410463127,-0.02100097251109741,0.01900141879902957
2.246324632463246,-0.001000057245329978,-0.021000971161190218,0.01900141682964637
2.246824682468247,-0.0010000571490149386,-0.021000969813156776,0.019001414862996797
2.2473247324732473,-0.0010000570521053606,-0.021000968466994493,0.019001412899077058
2.247824782478248,-0.001000056954605404,-0.021000967122700772,0.019001410937883365
2.2483248324832483,-0.0010000568565192215,-0.021000965780273013,0.01900140897941193
2.2488248824882486,-0.0010000567578509582,-0.021000964439708628,0.019001407023658982
2.2493249324932494,-0.0010000566586047535,-0.02100096310100503,0.019001405070620744
2.2498249824982497,-0.001000056558784738,-0.021000961764159644,0.019001403120293445
2.2503250325032504,-0.001000056458395036,-0.02100096042916988,0.019001401172673325
2.2508250825082508,-0.0010000563574397647,-0.021000959096033167,0.019001399227756625
2.2513251325132515,-0.0010000562559230337,-0.021000957764746933,0.01900139728553959
2.251825182518252,-0.0010000561538489451,-0.02100095643530861,0.019001395346018482
2.2523252325232526,-0.001000056051221594,-0.02100095510771563,0.01900139340918955
2.252825282528253,-0.0010000559480450684,-0.021000953781965433,0.01900139147504906
2.253325332533253,-0.0010000558443234479,-0.021000952458055465,0.01900138954359328
2.253825382538254,-0.0010000557400608053,-0.021000951135983166,0.01900138761481848
2.2543254325432542,-0.001000055635261206,-0.021000949815745986,0.019001385688720944
2.254825482548255,-0.0010000555299287076,-0.02100094849734138,0.019001383765296954
2.2553255325532553,-0.00100005542406736,-0.021000947180766803,0.019001381844542798
2.255825582558256,-0.0010000553176812057,-0.021000945866019714,0.019001379926454773
2.2563256325632564,-0.0010000552107742792,-0.021000944553097582,0.019001378011029173
2.2568256825682567,-0.0010000551033506077,-0.021000943241997867,0.01900137609826231
2.2573257325732574,-0.0010000549954142103,-0.02100094193271804,0.019001374188150483
2.2578257825782577,-0.0010000548869690986,-0.02100094062525558,0.019001372280690015
2.2583258325832585,-0.0010000547780192764,-0.021000939319607958,0.019001370375877225
2.258825882588259,-0.0010000546685687392,-0.021000938015772658,0.019001368473708435
2.2593259325932595,-0.001000054558621475,-0.021000936713747163,0.019001366574179977
2.25982598259826,-0.0010000544481814637,-0.021000935413528966,0.019001364677288184
2.26032603260326,-0.0010000543372526774,-0.02100093411511555,0.019001362783029396
2.260826082608261,-0.00100005422583908,-0.021000932818504417,0.019001360891399963
2.261326132613261,-0.0010000541139446276,-0.021000931523693065,0.019001359002396228
2.261826182618262,-0.0010000540015732676,-0.02100093023067899,0.019001357116014552
2.2623262326232623,-0.0010000538887289404,-0.0210009289394597,0.019001355232251296
2.262826282628263,-0.001000053775415577,-0.021000927650032707,0.01900135335110282
2.2633263326332633,-0.001000053661637101,-0.02100092636239552,0.0190013514725655
2.2638263826382636,-0.0010000535473974278,-0.021000925076545655,0.019001349596635707
2.2643264326432644,-0.001000053432700464,-0.02100092379248063,0.019001347723309824
2.2648264826482647,-0.001000053317550109,-0.021000922510197972,0.019001345852584235
2.2653265326532654,-0.001000053201950252,-0.0210009212296952,0.019001343984455337
2.2658265826582658,-0.0010000530859047758,-0.021000919950969848,0.019001342118919518
2.2663266326632665,-0.0010000529694175538,-0.02100091867401945,0.01900134025597318
2.266826682668267,-0.0010000528524924514,-0.02100091739884154,0.01900133839561273
2.2673267326732676,-0.0010000527351333248,-0.021000916125433658,0.01900133653783458
2.267826782678268,-0.0010000526173440229,-0.021000914853793344,0.01900133468263514
2.268326832683268,-0.0010000524991283849,-0.021000913583918153,0.01900133283001084
2.268826882688269,-0.0010000523804902424,-0.021000912315805625,0.019001330979958098
2.2693269326932692,-0.0010000522614334176,-0.021000911049453317,0.019001329132473346
2.26982698269827,-0.0010000521419617251,-0.02100090978485879,0.01900132728755302
2.2703270327032703,-0.00100005202207897,-0.0210009085220196,0.019001325445193566
2.270827082708271,-0.001000051901788949,-0.02100090726093331,0.019001323605391418
2.2713271327132714,-0.0010000517810954499,-0.02100090600159749,0.019001321768143033
2.2718271827182717,-0.0010000516600022524,-0.021000904744009705,0.019001319933444866
2.2723272327232724,-0.0010000515385131267,-0.021000903488167532,0.01900131810129338
2.2728272827282727,-0.001000051416631835,-0.021000902234068548,0.019001316271685033
2.2733273327332735,-0.0010000512943621298,-0.021000900981710334,0.0190013144446163
2.273827382738274,-0.0010000511717077553,-0.021000899731090473,0.019001312620083654
2.2743274327432745,-0.0010000510486724468,-0.02100089848220655,0.019001310798083575
2.274827482748275,-0.0010000509252599307,-0.02100089723505616,0.019001308978612547
2.275327532753275,-0.0010000508014739243,-0.021000895989636892,0.01900130716166706
2.275827582758276,-0.0010000506773181358,-0.021000894745946345,0.019001305347243612
2.276327632763276,-0.001000050552796265,-0.02100089350398212,0.019001303535338698
2.276827682768277,-0.0010000504279120024,-0.02100089226374182,0.01900130172594882
2.2773277327732773,-0.001000050302669029,-0.021000891025223054,0.019001299919070493
2.277827782778278,-0.0010000501770710175,-0.02100088978842343,0.01900129811470023
2.2783278327832783,-0.0010000500511216312,-0.021000888553340563,0.019001296312834544
2.2788278827882786,-0.001000049924824524,-0.021000887319972066,0.019001294513469963
2.2793279327932794,-0.0010000497981833409,-0.021000886088315567,0.019001292716603016
2.2798279827982797,-0.001000049671201718,-0.021000884858368683,0.01900129092223023
2.2803280328032804,-0.0010000495438832818,-0.021000883630129044,0.019001289130348153
2.2808280828082808,-0.0010000494162316494,-0.02100088240359428,0.01900128734095332
2.2813281328132815,-0.0010000492882504296,-0.021000881178762025,0.019001285554042277
2.281828182818282,-0.0010000491599432208,-0.021000879955629912,0.019001283769611584
2.2823282328232826,-0.001000049031313613,-0.021000878734195587,0.019001281987657794
2.282828282828283,-0.0010000489023651864,-0.02100087751445669,0.01900128020817747
2.283328332833283,-0.0010000487731015118,-0.021000876296410866,0.019001278431167175
2.283828382838284,-0.001000048643526151,-0.02100087508005577,0.019001276656623486
2.2843284328432842,-0.0010000485136426563,-0.021000873865389052,0.019001274884542976
2.284828482848285,-0.0010000483834545703,-0.021000872652408367,0.019001273114922224
2.2853285328532853,-0.0010000482529654265,-0.021000871441111377,0.01900127134775782
2.285828582858286,-0.001000048122178749,-0.021000870231495744,0.019001269583046352
2.2863286328632864,-0.001000047991098052,-0.021000869023559132,0.019001267820784415
2.2868286828682867,-0.0010000478597268407,-0.021000867817299217,0.01900126606096861
2.2873287328732874,-0.0010000477280686104,-0.021000866612713665,0.01900126430359554
2.2878287828782877,-0.0010000475961268473,-0.021000865409800153,0.01900126254866182
2.2883288328832885,-0.0010000474639050275,-0.021000864208556364,0.019001260796164054
2.288828882888289,-0.0010000473314066179,-0.021000863008979978,0.019001259046098867
2.2893289328932895,-0.0010000471986350754,-0.021000861811068677,0.019001257298462883
2.28982898289829,-0.001000047065593848,-0.021000860614820156,0.01900125555325273
2.29032903290329,-0.0010000469322863734,-0.021000859420232103,0.019001253810465038
2.290829082908291,-0.0010000467987160801,-0.021000858227302212,0.01900125207009645
2.291329132913291,-0.0010000466648863863,-0.02100085703602819,0.019001250332143598
2.291829182918292,-0.001000046530800701,-0.021000855846407724,0.019001248596603137
2.2923292329232923,-0.0010000463964624235,-0.021000854658438532,0.019001246863471717
2.292829282928293,-0.0010000462618749433,-0.021000853472118313,0.019001245132745995
2.2933293329332933,-0.0010000461270416397,-0.021000852287444787,0.01900124340442263
2.2938293829382936,-0.0010000459919658829,-0.021000851104415658,0.019001241678498284
2.2943294329432944,-0.0010000458566510328,-0.021000849923028652,0.019001239954969634
2.2948294829482947,-0.0010000457211004402,-0.021000848743281484,0.019001238233833352
2.2953295329532954,-0.0010000455853174449,-0.02100084756517188,0.019001236515086114
2.2958295829582958,-0.001000045449305378,-0.02100084638869757,0.01900123479872461
2.2963296329632965,-0.00100004531306756,-0.021000845213856277,0.01900123308474552
2.296829682968297,-0.0010000451766073019,-0.02100084404064574,0.019001231373145543
2.2973297329732976,-0.0010000450399279045,-0.021000842869063695,0.019001229663921378
2.297829782978298,-0.0010000449030326593,-0.02100084169910788,0.019001227957069725
2.298329832983298,-0.001000044765924847,-0.021000840530776037,0.019001226252587287
2.298829882988299,-0.001000044628607739,-0.021000839364065913,0.01900122455047078
2.2993299329932992,-0.0010000444910845967,-0.021000838198975257,0.019001222850716922
2.2998299829983,-0.0010000443533586712,-0.02100083703550182,0.019001221153322426
2.3003300330033003,-0.0010000442154332039,-0.02100083587364336,0.019001219458284025
2.300830083008301,-0.0010000440773114258,-0.021000834713397632,0.019001217765598443
2.3013301330133014,-0.0010000439389965584,-0.0210008335547624,0.019001216075262416
2.3018301830183017,-0.001000043800491813,-0.02100083239773543,0.019001214387272685
2.3023302330233024,-0.0010000436618003905,-0.021000831242314482,0.01900121270162599
2.3028302830283027,-0.0010000435229254824,-0.021000830088497333,0.01900121101831908
2.3033303330333035,-0.0010000433838702693,-0.021000828936281753,0.019001209337348703
2.303830383038304,-0.0010000432446379225,-0.021000827785665525,0.019001207658711623
2.3043304330433045,-0.0010000431052316029,-0.021000826636646423,0.0190012059824046
2.304830483048305,-0.001000042965654461,-0.021000825489222236,0.019001204308424394
2.305330533053305,-0.0010000428259096374,-0.021000824343390744,0.01900120263676778
2.305830583058306,-0.0010000426860002625,-0.02100082319914974,0.019001200967431534
2.306330633063306,-0.001000042545929457,-0.021000822056497014,0.019001199300412427
2.306830683068307,-0.0010000424057003308,-0.021000820915430363,0.019001197635707255
2.3073307330733073,-0.001000042265315984,-0.021000819775947588,0.019001195973312797
2.307830783078308,-0.0010000421247795062,-0.021000818638046485,0.019001194313225847
2.3083308330833083,-0.0010000419840939772,-0.02100081750172486,0.019001192655443203
2.3088308830883086,-0.0010000418432624663,-0.02100081636698052,0.019001190999961667
2.3093309330933094,-0.0010000417022880323,-0.021000815233811282,0.019001189346778045
2.3098309830983097,-0.0010000415611737248,-0.02100081410221495,0.019001187695889148
2.3103310331033104,-0.001000041419922582,-0.02100081297218935,0.01900118604729179
2.3108310831083108,-0.0010000412785376325,-0.021000811843732297,0.019001184400982786
2.3113311331133115,-0.0010000411370218944,-0.021000810716841612,0.019001182756958966
2.311831183118312,-0.0010000409953783754,-0.021000809591515124,0.019001181115217158
2.3123312331233126,-0.0010000408536100737,-0.02100080846775066,0.01900117947575419
2.312831283128313,-0.001000040711719976,-0.021000807345546053,0.0190011778385669
2.313331333133313,-0.0010000405697110596,-0.021000806224899138,0.01900117620365213
2.313831383138314,-0.001000040427586291,-0.021000805105807752,0.019001174571006727
2.3143314331433142,-0.0010000402853486269,-0.021000803988269735,0.019001172940627538
2.314831483148315,-0.001000040143001013,-0.021000802872282932,0.01900117131251142
2.3153315331533153,-0.0010000400005463852,-0.02100080175784519,0.019001169686655228
2.315831583158316,-0.001000039857987669,-0.021000800644954357,0.01900116806305583
2.3163316331633164,-0.0010000397153277793,-0.021000799533608287,0.019001166441710092
2.3168316831683167,-0.0010000395725696207,-0.021000798423804836,0.019001164822614883
2.3173317331733174,-0.0010000394297160875,-0.021000797315541865,0.019001163205767082
2.3178317831783177,-0.0010000392867700635,-0.021000796208817233,0.01900116159116357
2.3183318331833185,-0.0010000391437344227,-0.021000795103628803,0.019001159978801228
2.318831883188319,-0.0010000390006120277,-0.021000793999974447,0.019001158368676947
2.3193319331933195,-0.0010000388574057315,-0.021000792897852033,0.019001156760787622
2.31983198319832,-0.0010000387141183764,-0.021000791797259433,0.019001155155130147
2.32033203320332,-0.0010000385707527944,-0.02100079069819453,0.01900115355170143
2.320832083208321,-0.001000038427311807,-0.021000789600655195,0.019001151950498372
2.321332133213321,-0.0010000382837982253,-0.021000788504639312,0.01900115035151789
2.321832183218322,-0.0010000381402148501,-0.021000787410144772,0.019001148754756888
2.3223322332233223,-0.0010000379965644714,-0.02100078631716946,0.019001147160212294
2.322832283228323,-0.0010000378528498691,-0.021000785225711267,0.01900114556788103
2.3233323332333233,-0.0010000377090738125,-0.02100078413576809,0.019001143977760024
2.3238323832383236,-0.001000037565239061,-0.02100078304733782,0.019001142389846206
2.3243324332433244,-0.0010000374213483623,-0.02100078196041836,0.019001140804136514
2.3248324832483247,-0.001000037277404455,-0.021000780875007615,0.019001139220627884
2.3253325332533255,-0.0010000371334100663,-0.02100077979110349,0.01900113763931727
2.3258325832583258,-0.0010000369893679137,-0.02100077870870389,0.019001136060201613
2.3263326332633265,-0.0010000368452807034,-0.02100077762780673,0.01900113448327787
2.326832683268327,-0.0010000367011511319,-0.021000776548409924,0.019001132908542995
2.3273327332733276,-0.0010000365569818846,-0.02100077547051139,0.019001131335993952
2.327832783278328,-0.001000036412775637,-0.021000774394109047,0.01900112976562771
2.328332833283328,-0.0010000362685350537,-0.02100077331920082,0.019001128197441233
2.328832883288329,-0.0010000361242627888,-0.021000772245784633,0.0190011266314315
2.3293329332933292,-0.0010000359799614861,-0.021000771173858415,0.01900112506759549
2.32983298329833,-0.001000035835633779,-0.0210007701034201,0.01900112350593018
2.3303330333033303,-0.0010000356912822903,-0.021000769034467622,0.019001121946432564
2.330833083308331,-0.0010000355469096322,-0.02100076796699892,0.019001120389099627
2.3313331333133314,-0.0010000354025184064,-0.021000766901011925,0.019001118833928368
2.3318331833183317,-0.0010000352581112043,-0.021000765836504592,0.019001117280915785
2.3323332333233324,-0.0010000351136906067,-0.021000764773474866,0.019001115730058884
2.3328332833283327,-0.0010000349692591839,-0.021000763711920688,0.01900111418135467
2.3333333333333335,-0.0010000348248194956,-0.02100076265184002,0.019001112634800154
2.333833383338334,-0.0010000346803740912,-0.021000761593230804,0.019001111090392358
2.3343334333433345,-0.0010000345359255096,-0.02100076053609101,0.019001109548128295
2.334833483348335,-0.0010000343914762788,-0.02100075948041859,0.01900110800800499
2.335333533353335,-0.001000034247028917,-0.021000758426211515,0.01900110647001948
2.335833583358336,-0.001000034102585931,-0.021000757373467745,0.01900110493416879
2.336333633363336,-0.001000033958149818,-0.021000756322185246,0.019001103400449956
2.336833683368337,-0.001000033813723064,-0.021000755272361997,0.01900110186886002
2.3373337333733373,-0.001000033669308145,-0.02100075422399597,0.019001100339396032
2.337833783378338,-0.001000033524907526,-0.021000753177085142,0.019001098812055035
2.3383338333833383,-0.001000033380523662,-0.02100075213162749,0.019001097286834086
2.3388338833883386,-0.0010000332361589975,-0.021000751087621002,0.01900109576373024
2.3393339333933394,-0.0010000330918159659,-0.02100075004506366,0.01900109424274056
2.3398339833983397,-0.0010000329474969905,-0.021000749003953455,0.01900109272386211
2.3403340334033405,-0.0010000328032044844,-0.021000747964288375,0.019001091207091956
2.3408340834083408,-0.0010000326589408495,-0.02100074692606642,0.01900108969242718
2.3413341334133415,-0.001000032514708478,-0.02100074588928558,0.01900108817986485
2.341834183418342,-0.0010000323705097508,-0.02100074485394386,0.01900108666940206
2.3423342334233426,-0.001000032226347039,-0.021000743820039258,0.01900108516103588
2.342834283428343,-0.001000032082222703,-0.02100074278756978,0.019001083654763412
2.343334333433343,-0.0010000319381390924,-0.02100074175653344,0.019001082150581747
2.343834383438344,-0.0010000317940985469,-0.02100074072692824,0.019001080648487982
2.3443344334433442,-0.001000031650103395,-0.0210007396987522,0.019001079148479216
2.344834483448345,-0.0010000315061559552,-0.02100073867200333,0.019001077650552558
2.3453345334533453,-0.0010000313622585359,-0.021000737646679656,0.01900107615470512
2.345834583458346,-0.001000031218413434,-0.021000736622779195,0.019001074660934012
2.3463346334633464,-0.0010000310746229367,-0.021000735600299972,0.01900107316923635
2.3468346834683467,-0.0010000309308893208,-0.021000734579240017,0.019001071679609263
2.3473347334733474,-0.0010000307872148522,-0.02100073355959736,0.01900107019204987
2.3478347834783477,-0.0010000306436017865,-0.021000732541370026,0.019001068706555307
2.3483348334833485,-0.001000030500052369,-0.02100073152455606,0.019001067223122704
2.348834883488349,-0.0010000303565688342,-0.021000730509153496,0.0190010657417492
2.3493349334933495,-0.0010000302131534069,-0.021000729495160374,0.019001064262431935
2.34983498349835,-0.0010000300698083005,-0.02100072848257474,0.019001062785168058
2.35033503350335,-0.0010000299265357187,-0.02100072747139464,0.019001061309954718
2.350835083508351,-0.0010000297833378546,-0.02100072646161812,0.019001059836789066
2.351335133513351,-0.0010000296402168903,-0.021000725453243236,0.01900105836566826
2.351835183518352,-0.0010000294971749986,-0.021000724446268042,0.019001056896589465
2.3523352335233523,-0.001000029354214341,-0.02100072344069059,0.019001055429549846
2.352835283528353,-0.0010000292113370689,-0.021000722436508943,0.019001053964546568
2.3533353335333533,-0.001000029068545323,-0.021000721433721167,0.01900105250157681
2.3538353835383536,-0.0010000289258412344,-0.021000720432325322,0.019001051040637745
2.3543354335433544,-0.0010000287832269228,-0.02100071943231948,0.01900104958172656
2.3548354835483547,-0.0010000286407044984,-0.021000718433701708,0.019001048124840433
2.3553355335533555,-0.0010000284982760604,-0.02100071743647008,0.019001046669976557
2.3558355835583558,-0.001000028355943698,-0.021000716440622676,0.019001045217132126
2.3563356335633565,-0.0010000282137094898,-0.02100071544615757,0.019001043766304335
2.356835683568357,-0.0010000280715755042,-0.021000714453072843,0.019001042317490384
2.3573357335733576,-0.0010000279295437995,-0.021000713461366585,0.01900104087068748
2.357835783578358,-0.0010000277876164227,-0.021000712471036874,0.01900103942589283
2.358335833583358,-0.0010000276457954118,-0.021000711482081803,0.019001037983103646
2.358835883588359,-0.0010000275040827936,-0.021000710494499468,0.019001036542317145
2.3593359335933592,-0.0010000273624805847,-0.02100070950828796,0.019001035103530548
2.35983598359836,-0.0010000272209907915,-0.021000708523445374,0.01900103366674108
2.3603360336033603,-0.0010000270796154103,-0.021000707539969812,0.019001032231945963
2.360836083608361,-0.0010000269383564266,-0.021000706557859378,0.019001030799142435
2.3613361336133614,-0.0010000267972158161,-0.021000705577112175,0.01900102936832773
2.3618361836183617,-0.001000026656195544,-0.02100070459772631,0.019001027939499086
2.3623362336233624,-0.0010000265152975655,-0.021000703619699898,0.019001026512653747
2.3628362836283627,-0.001000026374523825,-0.021000702643031048,0.019001025087788958
2.3633363336333635,-0.001000026233876257,-0.021000701667717874,0.019001023664901976
2.363836383638364,-0.0010000260933567858,-0.0210007006937585,0.01900102224399005
2.3643364336433645,-0.0010000259529673254,-0.02100069972115104,0.019001020825050438
2.364836483648365,-0.0010000258127097796,-0.021000698749893625,0.019001019408080407
2.365336533653365,-0.0010000256725860419,-0.021000697779984374,0.01900101799307722
2.365836583658366,-0.0010000255325979955,-0.02100069681142142,0.019001016580038145
2.366336633663366,-0.0010000253927475139,-0.02100069584420289,0.01900101516896046
2.366836683668367,-0.0010000252530364597,-0.021000694878326925,0.01900101375984144
2.3673367336733673,-0.001000025113466686,-0.021000693913791654,0.019001012352678367
2.367836783678368,-0.0010000249740400352,-0.021000692950595222,0.019001010947468523
2.3683368336833683,-0.00100002483475834,-0.021000691988735765,0.019001009544209205
2.3688368836883686,-0.0010000246956234225,-0.02100069102821143,0.019001008142897697
2.3693369336933694,-0.001000024556637095,-0.021000690069020368,0.019001006743531296
2.3698369836983697,-0.00100002441780116,-0.02100068911116072,0.019001005346107307
2.3703370337033705,-0.0010000242791174086,-0.021000688154630645,0.01900100395062303
2.3708370837083708,-0.0010000241405876233,-0.02100068719942829,0.019001002557075777
2.3713371337133715,-0.0010000240022135756,-0.021000686245551823,0.019001001165462855
2.371837183718372,-0.0010000238639970274,-0.021000685292999394,0.01900099977578158
2.3723372337233726,-0.00100002372593973,-0.021000684341769167,0.01900099838802927
2.372837283728373,-0.0010000235880434254,-0.021000683391859308,0.019000997002203247
2.373337333733373,-0.0010000234503098448,-0.021000682443267985,0.01900099561830084
2.373837383738374,-0.0010000233127407097,-0.021000681495993368,0.019000994236319377
2.3743374337433742,-0.0010000231753377318,-0.021000680550033627,0.019000992856256196
2.374837483748375,-0.0010000230381026123,-0.02100067960538694,0.019000991478108627
2.3753375337533753,-0.0010000229010370429,-0.02100067866205148,0.019000990101874015
2.375837583758376,-0.0010000227641427048,-0.02100067772002543,0.0190009887275497
2.3763376337633764,-0.0010000226274212698,-0.021000676779306976,0.01900098735513304
2.3768376837683767,-0.001000022490874399,-0.021000675839894293,0.01900098598462138
2.3773377337733774,-0.0010000223545037447,-0.021000674901785577,0.019000984616012077
2.3778377837783777,-0.0010000222183109478,-0.021000673964979018,0.01900098324930249
2.3783378337833785,-0.0010000220822976404,-0.021000673029472804,0.019000981884489985
2.378837883788379,-0.0010000219464654442,-0.02100067209526513,0.019000980521571925
2.3793379337933795,-0.0010000218108159712,-0.021000671162354198,0.019000979160545682
2.37983798379838,-0.0010000216753508237,-0.021000670230738205,0.01900097780140863
2.38033803380338,-0.0010000215400715934,-0.021000669300415355,0.019000976444158144
2.380838083808381,-0.0010000214049798626,-0.021000668371383854,0.01900097508879161
2.381338133813381,-0.0010000212700772043,-0.021000667443641905,0.01900097373530641
2.381838183818382,-0.0010000211353651807,-0.02100066651718772,0.019000972383699938
2.3823382338233823,-0.0010000210008453447,-0.021000665592019515,0.019000971033969576
2.382838283828383,-0.001000020866519239,-0.0210006646681355,0.01900096968611273
2.3833383338333833,-0.0010000207323883977,-0.021000663745533894,0.01900096834012679
2.3838383838383836,-0.0010000205984543433,-0.02100066282421292,0.01900096699600917
2.3843384338433844,-0.00100002046471859,-0.021000661904170798,0.019000965653757265
2.3848384838483847,-0.0010000203311826415,-0.02100066098540575,0.019000964313368493
2.3853385338533855,-0.0010000201978479922,-0.02100066006791601,0.019000962974840267
2.3858385838583858,-0.0010000200647161265,-0.021000659151699803,0.01900096163817
2.3863386338633865,-0.0010000199317885192,-0.021000658236755364,0.01900096030335512
2.386838683868387,-0.0010000197990666353,-0.021000657323080922,0.019000958970393046
2.3873387338733876,-0.0010000196665519304,-0.02100065641067472,0.019000957639281207
2.387838783878388,-0.00100001953424585,-0.021000655499534997,0.01900095631001704
2.388338833883388,-0.0010000194021498304,-0.02100065458965999,0.019000954982597972
2.388838883888389,-0.001000019270265298,-0.021000653681047952,0.019000953657021445
2.3893389338933892,-0.0010000191385936697,-0.021000652773697122,0.019000952333284908
2.38983898389839,-0.001000019007136353,-0.021000651867605753,0.019000951011385797
2.3903390339033903,-0.0010000188758947453,-0.021000650962772097,0.019000949691321566
2.390839083908391,-0.0010000187448702346,-0.02100065005919441,0.01900094837308967
2.3913391339133914,-0.0010000186140641997,-0.021000649156870943,0.01900094705668756
2.3918391839183917,-0.0010000184834780099,-0.021000648255799958,0.019000945742112706
2.3923392339233924,-0.0010000183531130242,-0.02100064735597972,0.01900094442936256
2.3928392839283927,-0.0010000182229705926,-0.021000646457408487,0.019000943118434598
2.3933393339333935,-0.0010000180930520562,-0.02100064556008453,0.019000941809326287
2.393839383938394,-0.0010000179633587454,-0.021000644664006113,0.0190009405020351
2.3943394339433945,-0.0010000178338919821,-0.02100064376917151,0.019000939196558517
2.394839483948395,-0.0010000177046530785,-0.021000642875578998,0.019000937892894018
2.395339533953395,-0.001000017575643337,-0.021000641983226844,0.01900093659103909
2.395839583958396,-0.0010000174468640514,-0.021000641092113335,0.019000935290991214
2.396339633963396,-0.001000017318316505,-0.02100064020223675,0.019000933992747892
2.396839683968397,-0.001000017190001973,-0.021000639313595366,0.01900093269630661
2.3973397339733973,-0.0010000170619217203,-0.021000638426187473,0.019000931401664877
2.397839783978398,-0.0010000169340770027,-0.02100063754001136,0.019000930108820185
2.3983398339833983,-0.0010000168064690667,-0.021000636655065318,0.019000928817770043
2.3988398839883986,-0.0010000166790991498,-0.021000635771347632,0.019000927528511964
2.3993399339933994,-0.0010000165519684797,-0.021000634888856607,0.019000926241043454
2.3998399839983997,-0.001000016425078275,-0.021000634007590533,0.019000924955362035
2.4003400340034005,-0.0010000162984297452,-0.021000633127547713,0.01900092367146522
2.4008400840084008,-0.0010000161720240906,-0.021000632248726447,0.019000922389350538
2.4013401340134015,-0.0010000160458625018,-0.021000631371125043,0.019000921109015512
2.401840184018402,-0.001000015919946161,-0.021000630494741806,0.01900091983045767
2.4023402340234026,-0.0010000157942762404,-0.021000629619575044,0.01900091855367455
2.402840284028403,-0.0010000156688539036,-0.021000628745623067,0.019000917278663685
2.403340334033403,-0.001000015543680305,-0.021000627872884193,0.019000916005422617
2.403840384038404,-0.0010000154187565892,-0.021000627001356735,0.01900091473394889
2.4043404340434043,-0.0010000152940838926,-0.02100062613103901,0.019000913464240047
2.404840484048405,-0.0010000151696633421,-0.021000625261929345,0.01900091219629364
2.4053405340534053,-0.0010000150454960554,-0.02100062439402606,0.019000910930107227
2.405840584058406,-0.0010000149215831414,-0.02100062352732748,0.019000909665678356
2.4063406340634064,-0.0010000147979256997,-0.02100062266183193,0.019000908403004595
2.4068406840684067,-0.001000014674524821,-0.021000621797537745,0.019000907142083506
2.4073407340734074,-0.0010000145513815873,-0.021000620934443253,0.019000905882912655
2.4078407840784077,-0.001000014428497071,-0.021000620072546793,0.019000904625489614
2.4083408340834085,-0.001000014305872336,-0.021000619211846698,0.019000903369811955
2.408840884088409,-0.001000014183508437,-0.02100061835234131,0.019000902115877256
2.4093409340934095,-0.0010000140614064201,-0.02100061749402897,0.0190009008636831
2.40984098409841,-0.0010000139395673223,-0.021000616636908023,0.019000899613227068
2.41034103410341,-0.0010000138179921713,-0.021000615780976815,0.019000898364506746
2.410841084108411,-0.0010000136966819867,-0.021000614926233695,0.019000897117519733
2.411341134113411,-0.0010000135756377789,-0.021000614072677008,0.019000895872263612
2.411841184118412,-0.001000013454860549,-0.021000613220305116,0.019000894628735988
2.4123412341234123,-0.0010000133343512903,-0.021000612369116368,0.019000893386934458
2.412841284128413,-0.001000013214110986,-0.021000611519109126,0.019000892146856626
2.4133413341334133,-0.001000013094140612,-0.021000610670281746,0.019000890908500104
2.4138413841384136,-0.0010000129744411343,-0.021000609822632594,0.0190008896718625
2.4143414341434144,-0.0010000128550135105,-0.021000608976160032,0.019000888436941425
2.4148414841484147,-0.00100001273585869,-0.02100060813086243,0.0190008872037345
2.4153415341534155,-0.0010000126169776124,-0.02100060728673815,0.019000885972239343
2.4158415841584158,-0.0010000124983712097,-0.021000606443785572,0.01900088474245358
2.4163416341634165,-0.0010000123800404047,-0.021000605602003064,0.01900088351437484
2.416841684168417,-0.0010000122619861116,-0.021000604761389007,0.019000882288000752
2.4173417341734176,-0.0010000121442092363,-0.021000603921941773,0.019000881063328947
2.417841784178418,-0.0010000120267106758,-0.021000603083659745,0.019000879840357063
2.418341834183418,-0.0010000119094913183,-0.021000602246541305,0.019000878619082742
2.418841884188419,-0.001000011792552044,-0.02100060141058484,0.01900087739950363
2.4193419341934193,-0.0010000116758937243,-0.021000600575788734,0.01900087618161737
2.41984198419842,-0.0010000115595172221,-0.02100059974215138,0.01900087496542161
2.4203420342034203,-0.0010000114434233916,-0.021000598909671167,0.019000873750914013
2.420842084208421,-0.001000011327613079,-0.021000598078346488,0.01900087253809223
2.4213421342134214,-0.0010000112120871214,-0.021000597248175743,0.019000871326953914
2.4218421842184217,-0.001000011096846348,-0.021000596419157327,0.01900087011749674
2.4223422342234224,-0.0010000109818915797,-0.02100059559128964,0.019000868909718367
2.4228422842284227,-0.0010000108672236284,-0.021000594764571088,0.01900086770361647
2.4233423342334235,-0.0010000107528432979,-0.02100059393900007,0.019000866499188716
2.423842384238424,-0.0010000106387513838,-0.021000593114575,0.019000865296432787
2.4243424342434245,-0.0010000105249486733,-0.021000592291294286,0.01900086409534636
2.424842484248425,-0.0010000104114359452,-0.021000591469156334,0.01900086289592711
2.425342534253425,-0.00100001029821397,-0.021000590648159564,0.01900086169817274
2.425842584258426,-0.0010000101852835103,-0.02100058982830239,0.019000860502080923
2.4263426342634262,-0.0010000100726453198,-0.02100058900958323,0.01900085930764936
2.426842684268427,-0.0010000099603001446,-0.021000588192000503,0.019000858114875743
2.4273427342734273,-0.0010000098482487222,-0.021000587375552632,0.01900085692375777
2.427842784278428,-0.0010000097364917821,-0.021000586560238045,0.019000855734293148
2.4283428342834283,-0.0010000096250300456,-0.021000585746055164,0.019000854546479574
2.4288428842884286,-0.0010000095138642257,-0.02100058493300242,0.019000853360314766
2.4293429342934294,-0.0010000094029950278,-0.021000584121078247,0.019000852175796425
2.4298429842984297,-0.0010000092924231485,-0.02100058331028108,0.019000850992922275
2.4303430343034305,-0.0010000091821492766,-0.021000582500609342,0.019000849811690028
2.4308430843084308,-0.0010000090721740931,-0.021000581692061485,0.019000848632097403
2.4313431343134315,-0.001000008962498271,-0.021000580884635946,0.01900084745414213
2.431843184318432,-0.0010000088531224745,-0.021000580078331162,0.019000846277821937
2.4323432343234326,-0.0010000087440473608,-0.02100057927314558,0.01900084510313455
2.432843284328433,-0.0010000086352735785,-0.021000578469077647,0.0190008439300777
2.433343334333433,-0.0010000085268017686,-0.021000577666125814,0.01900084275864913
2.433843384338434,-0.0010000084186325639,-0.021000576864288526,0.019000841588846577
2.4343434343434343,-0.0010000083107665897,-0.02100057606356424,0.019000840420667783
2.434843484348435,-0.001000008203204463,-0.02100057526395141,0.0190008392541105
2.4353435343534353,-0.0010000080959467928,-0.021000574465448493,0.019000838089172467
2.435843584358436,-0.001000007988994181,-0.02100057366805395,0.019000836925851444
2.4363436343634364,-0.0010000078823472214,-0.02100057287176624,0.019000835764145185
2.4368436843684367,-0.0010000077760064993,-0.021000572076583828,0.019000834604051445
2.4373437343734374,-0.0010000076699725933,-0.02100057128250518,0.019000833445567994
2.4378437843784377,-0.0010000075642460735,-0.021000570489528764,0.01900083228869259
2.4383438343834385,-0.0010000074588275025,-0.02100056969765305,0.019000831133423
2.438843884388439,-0.0010000073537174354,-0.021000568906876512,0.019000829979757
2.4393439343934396,-0.0010000072489164192,-0.02100056811719762,0.01900082882769236
2.43984398439844,-0.0010000071444249937,-0.021000567328614852,0.019000827677226863
2.44034403440344,-0.0010000070402436908,-0.021000566541126687,0.01900082652835828
2.440844084408441,-0.001000006936373035,-0.021000565754731606,0.019000825381084403
2.4413441344134412,-0.0010000068328135429,-0.02100056496942809,0.019000824235403013
2.441844184418442,-0.0010000067295657235,-0.021000564185214624,0.019000823091311903
2.4423442344234423,-0.0010000066266300787,-0.0210005634020897,0.019000821948808862
2.442844284428443,-0.0010000065240071026,-0.021000562620051802,0.01900082080789169
2.4433443344334433,-0.0010000064216972818,-0.021000561839099423,0.019000819668558183
2.4438443844384437,-0.0010000063197010956,-0.02100056105923105,0.019000818530806145
2.4443444344434444,-0.0010000062180190153,-0.02100056028044519,0.019000817394633378
2.4448444844484447,-0.0010000061166515054,-0.021000559502740334,0.01900081626003769
2.4453445344534455,-0.001000006015599023,-0.02100055872611498,0.01900081512701689
2.4458445844584458,-0.001000005914862017,-0.02100055795056763,0.0190008139955688
2.4463446344634465,-0.0010000058144409303,-0.02100055717609679,0.01900081286569123
2.446844684468447,-0.0010000057143361967,-0.021000556402700966,0.019000811737382002
2.4473447344734476,-0.0010000056145482445,-0.021000555630378663,0.01900081061063894
2.447844784478448,-0.0010000055150774935,-0.021000554859128395,0.019000809485459867
2.448344834483448,-0.0010000054159243566,-0.02100055408894867,0.019000808361842616
2.448844884488449,-0.0010000053170892394,-0.021000553319838,0.019000807239785013
2.4493449344934493,-0.0010000052185725405,-0.02100055255179491,0.0190008061192849
2.44984498449845,-0.001000005120374651,-0.021000551784817908,0.019000805000340112
2.4503450345034503,-0.0010000050224959547,-0.021000551018905522,0.019000803882948492
2.450845084508451,-0.001000004924936829,-0.02100055025405627,0.01900080276710788
2.4513451345134514,-0.0010000048276976434,-0.021000549490268677,0.01900080165281613
2.4518451845184517,-0.0010000047307787605,-0.02100054872754127,0.019000800540071083
2.4523452345234524,-0.0010000046341805359,-0.021000547965872578,0.0190007994288706
2.4528452845284527,-0.001000004537903318,-0.02100054720526113,0.019000798319212534
2.4533453345334535,-0.0010000044419474483,-0.021000546445705457,0.019000797211094742
2.453845384538454,-0.0010000043463132616,-0.021000545687204098,0.019000796104515088
2.4543454345434546,-0.0010000042510010848,-0.021000544929755584,0.019000794999471438
2.454845484548455,-0.0010000041560112387,-0.021000544173358462,0.019000793895961657
2.455345534553455,-0.001000004061344037,-0.021000543418011264,0.019000792793983617
2.455845584558456,-0.001000003966999786,-0.021000542663712537,0.019000791693535198
2.4563456345634562,-0.0010000038729787854,-0.021000541910460822,0.019000790594614268
2.456845684568457,-0.0010000037792813282,-0.02100054115825467,0.019000789497218708
2.4573457345734573,-0.0010000036859077006,-0.02100054040709263,0.019000788401346405
2.457845784578458,-0.0010000035928581813,-0.021000539656973245,0.01900078730699524
2.4583458345834583,-0.0010000035001330432,-0.021000538907895078,0.019000786214163106
2.4588458845884587,-0.0010000034077325515,-0.02100053815985668,0.019000785122847894
2.4593459345934594,-0.001000003315656965,-0.021000537412856603,0.019000784033047495
2.4598459845984597,-0.0010000032239065358,-0.021000536666893412,0.01900078294475981
2.4603460346034605,-0.0010000031324815097,-0.021000535921965664,0.019000781857982735
2.4608460846084608,-0.001000003041382125,-0.021000535178071923,0.019000780772714176
2.4613461346134615,-0.0010000029506086138,-0.021000534435210754,0.019000779688952037
2.461846184618462,-0.0010000028601612014,-0.021000533693380726,0.019000778606694232
2.4623462346234626,-0.0010000027700401068,-0.021000532952580402,0.019000777525938668
2.462846284628463,-0.0010000026802455422,-0.021000532212808357,0.019000776446683264
2.463346334633463,-0.001000002590777713,-0.021000531474063163,0.019000775368925932
2.463846384638464,-0.0010000025016368185,-0.021000530736343392,0.019000774292664595
2.4643464346434643,-0.0010000024128230512,-0.021000529999647626,0.019000773217897178
2.464846484648465,-0.001000002324336597,-0.02100052926397444,0.01900077214462161
2.4653465346534653,-0.0010000022361776357,-0.021000528529322413,0.019000771072835813
2.465846584658466,-0.00100000214834634,-0.021000527795690133,0.019000770002537724
2.4663466346634664,-0.0010000020608428774,-0.021000527063076178,0.019000768933725275
2.4668466846684667,-0.0010000019736674075,-0.02100052633147914,0.019000767866396408
2.4673467346734674,-0.0010000018868200845,-0.021000525600897605,0.01900076680054906
2.4678467846784677,-0.0010000018003010563,-0.021000524871330164,0.019000765736181174
2.4683468346834685,-0.0010000017141104634,-0.021000524142775406,0.0190007646732907
2.468846884688469,-0.0010000016282484415,-0.02100052341523193,0.01900076361187559
2.4693469346934696,-0.0010000015427151187,-0.02100052268869833,0.019000762551933784
2.46984698469847,-0.0010000014575106179,-0.021000521963173206,0.01900076149346325
2.47034703470347,-0.0010000013726350547,-0.021000521238655156,0.019000760436461938
2.470847084708471,-0.0010000012880885395,-0.021000520515142784,0.019000759380927813
2.4713471347134712,-0.0010000012038711762,-0.021000519792634693,0.019000758326858835
2.471847184718472,-0.0010000011199830618,-0.02100051907112949,0.01900075727425297
2.4723472347234723,-0.0010000010364242882,-0.02100051835062578,0.01900075622310819
2.472847284728473,-0.001000000953194941,-0.021000517631122175,0.019000755173422465
2.4733473347334733,-0.0010000008702950988,-0.021000516912617288,0.019000754125193774
2.4738473847384737,-0.0010000007877248353,-0.02100051619510973,0.01900075307842009
2.4743474347434744,-0.0010000007054842175,-0.02100051547859812,0.01900075203309939
2.4748474847484747,-0.0010000006235733065,-0.021000514763081075,0.019000750989229664
2.4753475347534755,-0.0010000005419921576,-0.021000514048557208,0.019000749946808896
2.4758475847584758,-0.0010000004607408199,-0.021000513335025152,0.019000748905835075
2.4763476347634765,-0.0010000003798193364,-0.02100051262248352,0.019000747866306192
2.476847684768477,-0.0010000002992277448,-0.02100051191093094,0.01900074682822024
2.4773477347734776,-0.0010000002189660762,-0.021000511200366043,0.019000745791575218
2.477847784778478,-0.001000000139034356,-0.021000510490787452,0.019000744756369124
2.478347834783478,-0.0010000000594326045,-0.021000509782193803,0.019000743722599963
2.478847884788479,-0.000999999980160835,-0.02100050907458373,0.019000742690265738
2.4793479347934793,-0.0009999999012190557,-0.021000508367955858,0.01900074165936446
2.47984798479848,-0.0009999998226072689,-0.021000507662308834,0.01900074062989414
2.4803480348034803,-0.000999999744325471,-0.021000506957641295,0.019000739601852785
2.480848084808481,-0.0009999996663736528,-0.021000506253951876,0.01900073857523842
2.4813481348134814,-0.0009999995887517996,-0.021000505551239224,0.019000737550049062
2.4818481848184817,-0.0009999995114598904,-0.021000504849501982,0.01900073652628273
2.4823482348234824,-0.0009999994344978994,-0.021000504148738795,0.019000735503937452
2.4828482848284827,-0.0009999993578657944,-0.021000503448948313,0.019000734483011254
2.4833483348334835,-0.0009999992815635378,-0.021000502750129185,0.019000733463502166
2.483848384838484,-0.0009999992055910868,-0.02100050205228006,0.01900073244540822
2.4843484348434846,-0.0009999991299483924,-0.021000501355399596,0.019000731428727456
2.484848484848485,-0.0009999990546354007,-0.021000500659486446,0.019000730413457907
2.485348534853485,-0.000999998979652052,-0.021000499964539267,0.019000729399597616
2.485848584858486,-0.0009999989049982807,-0.021000499270556718,0.01900072838714463
2.4863486348634862,-0.0009999988306740163,-0.02100049857753746,0.019000727376096992
2.486848684868487,-0.0009999987566791828,-0.02100049788548016,0.019000726366452753
2.4873487348734873,-0.0009999986830136988,-0.02100049719438348,0.019000725358209965
2.487848784878488,-0.0009999986096774771,-0.021000496504246083,0.01900072435136668
2.4883488348834883,-0.0009999985366704253,-0.021000495815066644,0.01900072334592096
2.4888488848884887,-0.000999998463992446,-0.021000495126843828,0.01900072234187086
2.4893489348934894,-0.000999998391643436,-0.021000494439576307,0.019000721339214446
2.4898489848984897,-0.0009999983196232872,-0.02100049375326276,0.01900072033794978
2.4903490349034905,-0.0009999982479318862,-0.02100049306790186,0.01900071933807494
2.4908490849084908,-0.0009999981765691137,-0.021000492383492282,0.019000718339587986
2.4913491349134915,-0.000999998105534846,-0.02100049170003271,0.019000717342486994
2.491849184918492,-0.000999998034828954,-0.02100049101752182,0.019000716346770044
2.4923492349234926,-0.000999997964451303,-0.021000490335958303,0.01900071535243521
2.492849284928493,-0.0009999978944017535,-0.021000489655340838,0.019000714359480576
2.493349334933493,-0.0009999978246801608,-0.02100048897566811,0.019000713367904227
2.493849384938494,-0.000999997755286375,-0.021000488296938815,0.01900071237770425
2.4943494349434943,-0.0009999976862202415,-0.021000487619151638,0.019000711388878735
2.494849484948495,-0.0009999976174816,-0.021000486942305274,0.019000710401425768
2.4953495349534953,-0.0009999975490702856,-0.021000486266398413,0.01900070941534345
2.495849584958496,-0.0009999974809861284,-0.021000485591429755,0.01900070843062988
2.4963496349634964,-0.0009999974132289533,-0.021000484917397998,0.01900070744728315
2.4968496849684967,-0.0009999973457985804,-0.021000484244301836,0.019000706465301373
2.4973497349734974,-0.000999997278694825,-0.021000483572139978,0.019000705484682644
2.4978497849784977,-0.0009999972119174967,-0.02100048290091112,0.01900070450542508
2.4983498349834985,-0.0009999971454664012,-0.021000482230613973,0.019000703527526787
2.498849884988499,-0.0009999970793413387,-0.02100048156124724,0.019000702550985876
2.4993499349934996,-0.000999997013542105,-0.021000480892809634,0.01900070157580047
2.4998499849985,-0.0009999969480684906,-0.021000480225299857,0.019000700601968682
2.5003500350035,-0.0009999968829202818,-0.021000479558716627,0.019000699629488634
2.500850085008501,-0.0009999968180972594,-0.021000478893058658,0.01900069865835845
2.5013501350135012,-0.0009999967535992,-0.021000478228324664,0.019000697688576255
2.501850185018502,-0.000999996689425875,-0.021000477564513363,0.01900069672014018
2.5023502350235023,-0.000999996625577052,-0.021000476901623474,0.019000695753048358
2.502850285028503,-0.0009999965620524926,-0.02100047623965372,0.01900069478729892
2.5033503350335033,-0.000999996498851955,-0.02100047557860282,0.01900069382289
2.5038503850385037,-0.0009999964359751917,-0.021000474918469503,0.019000692859819746
2.5043504350435044,-0.0009999963734219515,-0.02100047425925249,0.019000691898086293
2.5048504850485047,-0.000999996311191978,-0.021000473600950514,0.019000690937687786
2.5053505350535055,-0.0009999962492850106,-0.021000472943562304,0.019000689978622375
2.5058505850585058,-0.0009999961877007837,-0.021000472287086586,0.019000689020888206
2.5063506350635065,-0.0009999961264390278,-0.0210004716315221,0.019000688064483434
2.506850685068507,-0.0009999960654994687,-0.021000470976867584,0.019000687109406212
2.5073507350735076,-0.000999996004881827,-0.021000470323121766,0.019000686155654697
2.507850785078508,-0.0009999959445858204,-0.02100046967028339,0.01900068520322705
2.508350835083508,-0.0009999958846111606,-0.021000469018351193,0.019000684252121435
2.508850885088509,-0.0009999958249575557,-0.02100046836732392,0.01900068330233601
2.5093509350935093,-0.0009999957656247093,-0.021000467717200315,0.019000682353868953
2.50985098509851,-0.0009999957066123208,-0.021000467067979124,0.019000681406718428
2.5103510351035103,-0.0009999956479200848,-0.02100046641965909,0.019000680460882605
2.510851085108511,-0.0009999955895476922,-0.021000465772238967,0.019000679516359666
2.5113511351135114,-0.000999995531494829,-0.021000465125717505,0.019000678573147783
2.5118511851185117,-0.0009999954737611777,-0.021000464480093455,0.019000677631245137
2.5123512351235124,-0.0009999954163464155,-0.021000463835365572,0.019000676690649913
2.5128512851285127,-0.0009999953592502166,-0.021000463191532613,0.019000675751360295
2.5133513351335135,-0.0009999953024722502,-0.021000462548593335,0.01900067481337447
2.513851385138514,-0.0009999952460121816,-0.0210004619065465,0.01900067387669063
2.5143514351435146,-0.0009999951898696717,-0.021000461265390864,0.019000672941306966
2.514851485148515,-0.0009999951340443776,-0.021000460625125193,0.019000672007221674
2.515351535153515,-0.0009999950785359525,-0.02100045998574825,0.01900067107443295
2.515851585158516,-0.0009999950233440446,-0.021000459347258804,0.019000670142938998
2.5163516351635162,-0.0009999949684682994,-0.021000458709655622,0.01900066921273802
2.516851685168517,-0.000999994913908357,-0.021000458072937475,0.019000668283828216
2.5173517351735173,-0.0009999948596638546,-0.02100045743710313,0.0190006673562078
2.517851785178518,-0.0009999948057344244,-0.02100045680215137,0.019000666429874982
2.5183518351835184,-0.0009999947521196959,-0.021000456168080956,0.01900066550482797
2.5188518851885187,-0.0009999946988192936,-0.021000455534890678,0.019000664581064985
2.5193519351935194,-0.0009999946458328383,-0.021000454902579305,0.01900066365858424
2.5198519851985197,-0.0009999945931599473,-0.02100045427114562,0.019000662737383957
2.5203520352035205,-0.0009999945408002337,-0.021000453640588407,0.019000661817462357
2.5208520852085208,-0.0009999944887533069,-0.021000453010906445,0.01900066089881767
2.5213521352135215,-0.0009999944370187722,-0.021000452382098522,0.019000659981448117
2.521852185218522,-0.0009999943855962315,-0.021000451754163426,0.019000659065351932
2.5223522352235226,-0.000999994334485283,-0.021000451127099945,0.019000658150527348
2.522852285228523,-0.0009999942836855205,-0.021000450500906865,0.0190006572369726
2.523352335233523,-0.0009999942331965347,-0.021000449875582982,0.019000656324685918
2.523852385238524,-0.0009999941830179122,-0.02100044925112709,0.01900065541366555
2.5243524352435243,-0.0009999941331492361,-0.021000448627537978,0.01900065450390974
2.524852485248525,-0.0009999940835900857,-0.02100044800481445,0.019000653595416726
2.5253525352535253,-0.0009999940343400373,-0.0210004473829553,0.01900065268818476
2.525852585258526,-0.0009999939853986624,-0.021000446761959335,0.019000651782212087
2.5263526352635264,-0.00099999393676553,-0.02100044614182535,0.019000650877496965
2.5268526852685267,-0.0009999938884402047,-0.021000445522552147,0.019000649974037644
2.5273527352735274,-0.0009999938404222483,-0.021000444904138535,0.019000649071832378
2.5278527852785277,-0.0009999937927112183,-0.021000444286583323,0.019000648170879434
2.5283528352835285,-0.0009999937453066695,-0.021000443669885314,0.01900064727117707
2.528852885288529,-0.0009999936982081528,-0.021000443054043326,0.01900064637272355
2.5293529352935296,-0.0009999936514152152,-0.02100044243905616,0.01900064547551714
2.52985298529853,-0.0009999936049274014,-0.02100044182492264,0.01900064457955611
2.53035303530353,-0.0009999935587442512,-0.021000441211641574,0.01900064368483873
2.530853085308531,-0.0009999935128653025,-0.02100044059921178,0.01900064279136327
2.5313531353135312,-0.0009999934672900888,-0.02100043998763208,0.019000641899128017
2.531853185318532,-0.0009999934220181405,-0.02100043937690129,0.019000641008131244
2.5323532353235323,-0.0009999933770489852,-0.021000438767018233,0.01900064011837123
2.532853285328533,-0.0009999933323821461,-0.02100043815798173,0.019000639229846256
2.5333533353335334,-0.0009999932880171442,-0.021000437549790613,0.019000638342554613
2.5338533853385337,-0.0009999932439534967,-0.021000436942443704,0.019000637456494586
2.5343534353435344,-0.0009999932001907178,-0.02100043633593983,0.01900063657166447
2.5348534853485347,-0.000999993156728318,-0.02100043573027782,0.019000635688062553
2.5353535353535355,-0.0009999931135658054,-0.021000435125456508,0.01900063480568713
2.5358535853585358,-0.000999993070702684,-0.021000434521474726,0.019000633924536502
2.5363536353635365,-0.0009999930281384556,-0.021000433918331313,0.019000633044608965
2.536853685368537,-0.000999992985872618,-0.021000433316025097,0.019000632165902826
2.5373537353735376,-0.0009999929439046663,-0.02100043271455492,0.019000631288416385
2.537853785378538,-0.0009999929022340929,-0.021000432113919623,0.019000630412147952
2.538353835383538,-0.0009999928608603863,-0.021000431514118047,0.019000629537095835
2.538853885388539,-0.0009999928197830326,-0.021000430915149033,0.019000628663258346
2.5393539353935393,-0.0009999927790015147,-0.021000430317011428,0.019000627790633797
2.53985398539854,-0.0009999927385153122,-0.021000429719704075,0.01900062691922051
2.5403540354035403,-0.000999992698323902,-0.02100042912322582,0.019000626049016797
2.540854085408541,-0.0009999926584267585,-0.021000428527575516,0.019000625180020984
2.5413541354135414,-0.0009999926188233525,-0.021000427932752013,0.01900062431223139
2.5418541854185417,-0.0009999925795131518,-0.021000427338754162,0.019000623445646344
2.5423542354235424,-0.0009999925404956217,-0.02100042674558082,0.019000622580264175
2.5428542854285427,-0.0009999925017702244,-0.02100042615323084,0.01900062171608321
2.5433543354335435,-0.0009999924633364197,-0.021000425561703076,0.019000620853101783
2.543854385438544,-0.000999992425193664,-0.021000424970996395,0.01900061999131823
2.5443544354435446,-0.0009999923873414112,-0.021000424381109647,0.019000619130730888
2.544854485448545,-0.0009999923497791125,-0.021000423792041704,0.019000618271338095
2.545354535453545,-0.0009999923125062157,-0.021000423203791422,0.01900061741313819
2.545854585458546,-0.0009999922755221668,-0.02100042261635767,0.019000616556129526
2.5463546354635462,-0.0009999922388264084,-0.021000422029739313,0.019000615700310444
2.546854685468547,-0.0009999922024183806,-0.02100042144393522,0.01900061484567929
2.5473547354735473,-0.0009999921662975206,-0.02100042085894426,0.019000613992234423
2.547854785478548,-0.0009999921304632636,-0.021000420274765303,0.019000613139974188
2.5483548354835484,-0.0009999920949150416,-0.021000419691397224,0.019000612288896945
2.5488548854885487,-0.0009999920596522839,-0.0210004191088389,0.01900061143900105
2.5493549354935494,-0.0009999920246744176,-0.021000418527089202,0.019000610590284867
2.5498549854985497,-0.0009999919899808668,-0.02100041794614701,0.019000609742746755
2.5503550355035505,-0.0009999919555710535,-0.0210004173660112,0.01900060889638508
2.550855085508551,-0.0009999919214443967,-0.021000416786680656,0.01900060805119821
2.5513551355135515,-0.0009999918876003135,-0.021000416208154262,0.019000607207184512
2.551855185518552,-0.0009999918540382177,-0.0210004156304309,0.019000606364342358
2.5523552355235526,-0.0009999918207575214,-0.021000415053509452,0.019000605522670123
2.552855285528553,-0.0009999917877576336,-0.021000414477388808,0.019000604682166182
2.553355335533553,-0.0009999917550379614,-0.021000413902067857,0.019000603842828916
2.553855385538554,-0.000999991722597909,-0.02100041332754549,0.0190006030046567
2.5543554355435543,-0.0009999916904368787,-0.021000412753820592,0.01900060216764792
2.554855485548555,-0.00099999165855427,-0.021000412180892065,0.019000601331800968
2.5553555355535553,-0.0009999916269494804,-0.021000411608758797,0.019000600497114217
2.555855585558556,-0.0009999915956219046,-0.021000411037419685,0.019000599663586068
2.5563556355635564,-0.0009999915645709358,-0.02100041046687363,0.01900059883121491
2.5568556855685567,-0.000999991533795964,-0.02100040989711953,0.019000597999999133
2.5573557355735574,-0.0009999915032963777,-0.02100040932815628,0.01900059716993714
2.5578557855785578,-0.0009999914730715622,-0.021000408759982794,0.019000596341027323
2.5583558355835585,-0.0009999914431209015,-0.021000408192597964,0.019000595513268086
2.558855885588559,-0.0009999914134437772,-0.0210004076260007,0.01900059468665783
2.5593559355935596,-0.0009999913840395684,-0.021000407060189914,0.019000593861194966
2.55985598559856,-0.0009999913549076519,-0.021000406495164506,0.019000593036877893
2.56035603560356,-0.000999991326047403,-0.02100040593092339,0.019000592213705026
2.560856085608561,-0.0009999912974581946,-0.021000405367465474,0.019000591391674773
2.5613561356135612,-0.0009999912691393967,-0.021000404804789676,0.019000590570785552
2.561856185618562,-0.0009999912410903788,-0.021000404242894906,0.019000589751035777
2.5623562356235623,-0.0009999912133105068,-0.021000403681780085,0.01900058893242387
2.562856285628563,-0.0009999911857991454,-0.021000403121444123,0.019000588114948244
2.5633563356335634,-0.0009999911585556569,-0.021000402561885945,0.019000587298607326
2.5638563856385637,-0.0009999911315794019,-0.02100040200310447,0.019000586483399542
2.5643564356435644,-0.0009999911048697387,-0.021000401445098616,0.01900058566932332
2.5648564856485647,-0.000999991078426024,-0.021000400887867313,0.019000584856377088
2.5653565356535655,-0.0009999910522476118,-0.021000400331409482,0.019000584044559274
2.565856585658566,-0.0009999910263338552,-0.021000399775724047,0.019000583233868315
2.5663566356635665,-0.0009999910006841047,-0.021000399220809943,0.01900058242430265
2.566856685668567,-0.0009999909752977088,-0.02100039866666609,0.01900058161586071
2.5673567356735676,-0.0009999909501740146,-0.02100039811329143,0.01900058080854094
2.567856785678568,-0.0009999909253123672,-0.021000397560684884,0.019000580002341783
2.568356835683568,-0.0009999909007121098,-0.021000397008845394,0.01900057919726168
2.568856885688569,-0.0009999908763725833,-0.02100039645777189,0.019000578393299078
2.5693569356935693,-0.0009999908522931279,-0.02100039590746331,0.019000577590452428
2.56985698569857,-0.000999990828473081,-0.021000395357918596,0.01900057678872018
2.5703570357035703,-0.0009999908049117786,-0.021000394809136683,0.019000575988100787
2.570857085708571,-0.0009999907816085553,-0.021000394261116516,0.019000575188592706
2.5713571357135714,-0.0009999907585627433,-0.021000393713857035,0.019000574390194393
2.5718571857185717,-0.0009999907357736736,-0.021000393167357186,0.019000573592904305
2.5723572357235724,-0.0009999907132406752,-0.021000392621615915,0.01900057279672091
2.5728572857285728,-0.000999990690963076,-0.021000392076632166,0.019000572001642665
2.5733573357335735,-0.000999990668940201,-0.021000391532404888,0.01900057120766804
2.573857385738574,-0.0009999906471713754,-0.02100039098893303,0.019000570414795505
2.5743574357435746,-0.0009999906256559212,-0.021000390446215548,0.019000569623023524
2.574857485748575,-0.0009999906043931595,-0.021000389904251394,0.019000568832350576
2.575357535753575,-0.00099999058338241,-0.021000389363039516,0.01900056804277513
2.575857585758576,-0.00099999056262299,-0.02100038882257888,0.019000567254295664
2.5763576357635762,-0.0009999905421142162,-0.021000388282868435,0.01900056646691066
2.576857685768577,-0.0009999905218554034,-0.021000387743907143,0.019000565680618593
2.5773577357735773,-0.0009999905018458646,-0.02100038720569396,0.019000564895417953
2.577857785778578,-0.0009999904820849122,-0.021000386668227854,0.019000564111307218
2.5783578357835784,-0.000999990462571856,-0.021000386131507787,0.019000563328284883
2.5788578857885787,-0.000999990443306005,-0.02100038559553272,0.01900056254634943
2.5793579357935794,-0.0009999904242866669,-0.02100038506030162,0.019000561765499354
2.5798579857985797,-0.0009999904055131474,-0.021000384525813456,0.019000560985733144
2.5803580358035805,-0.0009999903869847516,-0.021000383992067193,0.019000560207049304
2.580858085808581,-0.0009999903687007824,-0.021000383459061807,0.019000559429446322
2.5813581358135815,-0.0009999903506605421,-0.021000382926796263,0.019000558652922706
2.581858185818582,-0.000999990332863331,-0.02100038239526954,0.019000557877476953
2.5823582358235826,-0.0009999903153084483,-0.021000381864480607,0.01900055710310757
2.582858285828583,-0.000999990297995192,-0.021000381334428445,0.019000556329813057
2.583358335833583,-0.000999990280922859,-0.021000380805112028,0.01900055555759193
2.583858385838584,-0.0009999902640907446,-0.02100038027653034,0.01900055478644269
2.5843584358435843,-0.0009999902474981427,-0.021000379748682352,0.019000554016363858
2.584858485848585,-0.0009999902311443466,-0.021000379221567052,0.019000553247353943
2.5853585358535853,-0.0009999902150286477,-0.02100037869518342,0.019000552479411462
2.585858585858586,-0.0009999901991503367,-0.021000378169530445,0.019000551712534935
2.5863586358635864,-0.0009999901835087027,-0.021000377644607108,0.019000550946722882
2.5868586858685867,-0.000999990168103034,-0.021000377120412396,0.019000550181973823
2.5873587358735874,-0.0009999901529326176,-0.021000376596945303,0.019000549418286286
2.5878587858785878,-0.0009999901379967393,-0.021000376074204814,0.019000548655658797
2.5883588358835885,-0.0009999901232946838,-0.021000375552189924,0.01900054789408988
2.588858885888589,-0.0009999901088257347,-0.02100037503089962,0.019000547133578072
2.5893589358935896,-0.000999990094589175,-0.021000374510332903,0.0190005463741219
2.58985898589859,-0.0009999900805842856,-0.021000373990488767,0.019000545615719903
2.59035903590359,-0.0009999900668103475,-0.021000373471366202,0.019000544858370615
2.590859085908591,-0.0009999900532666397,-0.021000372952964218,0.019000544102072577
2.5913591359135912,-0.000999990039952441,-0.021000372435281807,0.019000543346824328
2.591859185918592,-0.0009999900268670284,-0.02100037191831797,0.019000542592624414
2.5923592359235923,-0.000999990014009679,-0.021000371402071713,0.019000541839471374
2.592859285928593,-0.0009999900013796675,-0.02100037088654204,0.01900054108736376
2.5933593359335934,-0.000999989988976269,-0.021000370371727955,0.01900054033630012
2.5938593859385937,-0.000999989976798757,-0.021000369857628463,0.019000539586279
2.5943594359435944,-0.0009999899648464041,-0.021000369344242573,0.019000538837298964
2.5948594859485947,-0.0009999899531184823,-0.021000368831569298,0.019000538089358553
2.5953595359535955,-0.0009999899416142622,-0.021000368319607644,0.019000537342456335
2.595859585958596,-0.0009999899303330141,-0.021000367808356627,0.019000536596590862
2.5963596359635965,-0.0009999899192740071,-0.021000367297815258,0.0190005358517607
2.596859685968597,-0.0009999899084365098,-0.02100036678798255,0.019000535107964407
2.5973597359735976,-0.0009999898978197896,-0.021000366278857527,0.019000534365200553
2.597859785978598,-0.0009999898874231132,-0.0210003657704392,0.0190005336234677
2.598359835983598,-0.0009999898772457467,-0.021000365262726587,0.019000532882764425
2.598859885988599,-0.0009999898672869553,-0.021000364755718714,0.019000532143089287
2.5993599359935993,-0.0009999898575460033,-0.0210003642494146,0.019000531404440867
2.5998599859986,-0.0009999898480221548,-0.02100036374381327,0.019000530666817738
2.6003600360036003,-0.0009999898387146725,-0.021000363238913744,0.019000529930218477
2.600860086008601,-0.000999989829622819,-0.021000362734715054,0.019000529194641663
2.6013601360136014,-0.0009999898207458558,-0.02100036223121622,0.019000528460085875
2.6018601860186017,-0.0009999898120830438,-0.021000361728416277,0.0190005277265497
2.6023602360236024,-0.0009999898036336433,-0.02100036122631425,0.019000526994031715
2.6028602860286028,-0.0009999897953969139,-0.021000360724909174,0.019000526262530515
2.6033603360336035,-0.000999989787372115,-0.02100036022420008,0.019000525532044687
2.603860386038604,-0.0009999897795585045,-0.021000359724186003,0.019000524802572815
2.6043604360436046,-0.0009999897719553408,-0.021000359224865976,0.019000524074113498
2.604860486048605,-0.0009999897645618806,-0.021000358726239038,0.01900052334666533
2.605360536053605,-0.000999989757377381,-0.021000358228304223,0.019000522620226907
2.605860586058606,-0.000999989750401098,-0.021000357731060577,0.019000521894796823
2.6063606360636062,-0.0009999897436322872,-0.021000357234507133,0.019000521170373687
2.606860686068607,-0.0009999897370702039,-0.02100035673864294,0.01900052044695609
2.6073607360736073,-0.0009999897307141022,-0.021000356243467036,0.01900051972454265
2.607860786078608,-0.0009999897245632368,-0.02100035574897847,0.01900051900313196
2.6083608360836084,-0.0009999897186168613,-0.021000355255176285,0.019000518282722634
2.6088608860886087,-0.0009999897128742284,-0.021000354762059525,0.019000517563313286
2.6093609360936094,-0.000999989707334591,-0.021000354269627246,0.01900051684490252
2.6098609860986097,-0.0009999897019972019,-0.021000353777878494,0.019000516127488955
2.6103610361036105,-0.0009999896968613123,-0.02100035328681232,0.019000515411071207
2.610861086108611,-0.000999989691926174,-0.021000352796427778,0.019000514695647893
2.6113611361136115,-0.0009999896871910384,-0.02100035230672392,0.019000513981217628
2.611861186118612,-0.000999989682655156,-0.0210003518176998,0.019000513267779042
2.6123612361236126,-0.0009999896783177771,-0.021000351329354478,0.01900051255533075
2.612861286128613,-0.000999989674178152,-0.021000350841687013,0.019000511843871387
2.613361336133613,-0.0009999896702355302,-0.021000350354696457,0.01900051113339957
2.613861386138614,-0.0009999896664891613,-0.02100034986838188,0.019000510423913933
2.6143614361436143,-0.0009999896629382943,-0.021000349382742332,0.01900050971541311
2.614861486148615,-0.0009999896595821781,-0.02100034889777689,0.019000509007895728
2.6153615361536153,-0.0009999896564200613,-0.021000348413484606,0.01900050830136043
2.615861586158616,-0.0009999896534511922,-0.021000347929864552,0.019000507595805842
2.6163616361636164,-0.000999989650674819,-0.02100034744691579,0.019000506891230614
2.6168616861686167,-0.0009999896480901893,-0.021000346964637397,0.019000506187633378
2.6173617361736174,-0.000999989645696551,-0.021000346483028433,0.01900050548501278
2.6178617861786178,-0.0009999896434931517,-0.021000346002087975,0.019000504783367463
2.6183618361836185,-0.0009999896414792384,-0.02100034552181509,0.019000504082696077
2.618861886188619,-0.000999989639654058,-0.021000345042208858,0.019000503382997264
2.6193619361936196,-0.0009999896380168578,-0.02100034456326835,0.01900050268426968
2.61986198619862,-0.0009999896365668847,-0.02100034408499264,0.019000501986511972
2.62036203620362,-0.0009999896353033852,-0.021000343607380807,0.0190005012897228
2.620862086208621,-0.0009999896342256056,-0.02100034313043193,0.019000500593900814
2.6213621362136212,-0.0009999896333327928,-0.021000342654145087,0.019000499899044673
2.621862186218622,-0.000999989632624193,-0.021000342178519364,0.019000499205153034
2.6223622362236223,-0.0009999896320990525,-0.021000341703553835,0.019000498512224562
2.622862286228623,-0.0009999896317566175,-0.021000341229247592,0.01900049782025792
2.6233623362336234,-0.0009999896315961343,-0.021000340755599714,0.01900049712925177
2.6238623862386237,-0.000999989631616849,-0.021000340282609293,0.019000496439204782
2.6243624362436244,-0.0009999896318180078,-0.02100033981027541,0.01900049575011562
2.6248624862486247,-0.0009999896321988566,-0.021000339338597154,0.019000495061982963
2.6253625362536255,-0.0009999896327586419,-0.02100033886757362,0.019000494374805475
2.625862586258626,-0.0009999896334966097,-0.0210003383972039,0.01900049368858183
2.6263626362636265,-0.0009999896344120062,-0.021000337927487078,0.019000493003310713
2.626862686268627,-0.0009999896355040777,-0.021000337458422252,0.019000492318990793
2.6273627362736276,-0.0009999896367720701,-0.02100033699000852,0.019000491635620752
2.627862786278628,-0.0009999896382152304,-0.021000336522244978,0.01900049095319927
2.628362836283628,-0.0009999896398328048,-0.021000336055130717,0.019000490271725037
2.628862886288629,-0.0009999896416240397,-0.021000335588664844,0.01900048959119673
2.6293629362936293,-0.0009999896435881818,-0.021000335122846454,0.01900048891161304
2.62986298629863,-0.000999989645724478,-0.02100033465767465,0.019000488232972658
2.6303630363036303,-0.0009999896480321752,-0.021000334193148534,0.01900048755527427
2.630863086308631,-0.0009999896505105202,-0.02100033372926721,0.01900048687851657
2.6313631363136314,-0.0009999896531587608,-0.02100033326602978,0.019000486202698254
2.6318631863186317,-0.0009999896559761438,-0.021000332803435356,0.019000485527818016
2.6323632363236324,-0.000999989658961917,-0.021000332341483043,0.019000484853874552
2.6328632863286328,-0.0009999896621153282,-0.02100033188017195,0.01900048418086657
2.6333633363336335,-0.0009999896654356256,-0.02100033141950118,0.01900048350879276
2.633863386338634,-0.000999989668922057,-0.021000330959469855,0.019000482837651836
2.6343634363436346,-0.0009999896725738711,-0.021000330500077085,0.019000482167442496
2.634863486348635,-0.0009999896763903165,-0.021000330041321978,0.019000481498163448
2.635363536353635,-0.0009999896803706422,-0.02100032958320365,0.019000480829813406
2.635863586358636,-0.0009999896845140973,-0.021000329125721223,0.019000480162391073
2.6363636363636362,-0.0009999896888199314,-0.02100032866887381,0.019000479495895162
2.636863686368637,-0.0009999896932873942,-0.02100032821266053,0.019000478830324394
2.6373637363736373,-0.000999989697915736,-0.0210003277570805,0.01900047816567748
2.637863786378638,-0.0009999897027042068,-0.02100032730213285,0.019000477501953137
2.6383638363836384,-0.000999989707652058,-0.02100032684781669,0.019000476839150085
2.6388638863886387,-0.00099998971275854,-0.021000326394131155,0.019000476177267047
2.6393639363936394,-0.0009999897180229048,-0.021000325941075364,0.019000475516302746
2.6398639863986397,-0.0009999897234444037,-0.02100032548864844,0.019000474856255903
2.6403640364036405,-0.000999989729022289,-0.021000325036849513,0.01900047419712525
2.640864086408641,-0.0009999897347558137,-0.021000324585677715,0.019000473538909508
2.6413641364136415,-0.0009999897406442301,-0.02100032413513217,0.019000472881607413
2.641864186418642,-0.000999989746686792,-0.021000323685212013,0.019000472225217696
2.6423642364236426,-0.000999989752882753,-0.02100032323591637,0.01900047156973909
2.642864286428643,-0.0009999897592313676,-0.02100032278724438,0.019000470915170327
2.643364336433643,-0.0009999897657318902,-0.021000322339195177,0.01900047026151015
2.643864386438644,-0.0009999897723835759,-0.02100032189176789,0.019000469608757294
2.6443644364436443,-0.0009999897791856803,-0.021000321444961667,0.019000468956910502
2.644864486448645,-0.0009999897861374598,-0.021000320998775635,0.01900046830596851
2.6453645364536453,-0.0009999897932381704,-0.021000320553208936,0.01900046765593007
2.645864586458646,-0.0009999898004870696,-0.021000320108260716,0.019000467006793927
2.6463646364636464,-0.0009999898078834146,-0.021000319663930112,0.019000466358558822
2.6468646864686467,-0.0009999898154264637,-0.021000319220216265,0.019000465711223512
2.6473647364736475,-0.0009999898231154757,-0.02100031877711832,0.019000465064786743
2.6478647864786478,-0.0009999898309497092,-0.021000318334635427,0.01900046441924727
2.6483648364836485,-0.0009999898389284243,-0.021000317892766726,0.019000463774603845
2.648864886488649,-0.0009999898470508812,-0.021000317451511367,0.019000463130855228
2.6493649364936496,-0.0009999898553163407,-0.021000317010868498,0.019000462488000174
2.64986498649865,-0.0009999898637240642,-0.02100031657083727,0.01900046184603744
2.65036503650365,-0.0009999898722733139,-0.021000316131416834,0.019000461204965798
2.650865086508651,-0.0009999898809633521,-0.02100031569260634,0.019000460564784
2.6513651365136512,-0.0009999898897934424,-0.021000315254404944,0.019000459925490817
2.651865186518652,-0.0009999898987628484,-0.021000314816811798,0.019000459287085013
2.6523652365236523,-0.0009999899078708345,-0.021000314379826062,0.019000458649565354
2.652865286528653,-0.0009999899171166662,-0.021000313943446886,0.019000458012930616
2.6533653365336534,-0.000999989926499609,-0.021000313507673434,0.019000457377179567
2.6538653865386537,-0.0009999899360189294,-0.021000313072504866,0.01900045674231098
2.6543654365436544,-0.0009999899456738946,-0.021000312637940336,0.01900045610832363
2.6548654865486547,-0.0009999899554637725,-0.02100031220397901,0.019000455475216296
2.6553655365536555,-0.0009999899653878317,-0.02100031177062005,0.019000454842987756
2.655865586558656,-0.000999989975445341,-0.02100031133786262,0.01900045421163679
2.6563656365636565,-0.0009999899856355707,-0.021000310905705883,0.019000453581162178
2.656865686568657,-0.0009999899959577915,-0.02100031047414901,0.019000452951562705
2.6573657365736576,-0.0009999900064112746,-0.021000310043191164,0.019000452322837154
2.657865786578658,-0.0009999900169952922,-0.021000309612831513,0.019000451694984318
2.658365836583658,-0.0009999900277091172,-0.02100030918306923,0.01900045106800298
2.658865886588659,-0.0009999900385520234,-0.021000308753903487,0.01900045044189193
2.6593659365936593,-0.0009999900495232849,-0.02100030832533345,0.019000449816649962
2.65986598659866,-0.0009999900606221773,-0.021000307897358298,0.01900044919227587
2.6603660366036603,-0.0009999900718479764,-0.0210003074699772,0.019000448568768452
2.660866086608661,-0.0009999900831999592,-0.021000307043189337,0.0190004479461265
2.6613661366136614,-0.000999990094677403,-0.02100030661699388,0.019000447324348815
2.6618661866186617,-0.0009999901062795863,-0.021000306191390008,0.019000446703434197
2.6623662366236625,-0.0009999901180057888,-0.021000305766376907,0.019000446083381445
2.6628662866286628,-0.00099999012985529,-0.021000305341953747,0.01900044546418937
2.6633663366336635,-0.0009999901418273713,-0.021000304918119713,0.01900044484585677
2.663866386638664,-0.0009999901539213144,-0.02100030449487399,0.019000444228382454
2.6643664366436646,-0.0009999901661364018,-0.021000304072215755,0.019000443611765234
2.664866486648665,-0.0009999901784719172,-0.0210003036501442,0.019000442996003918
2.665366536653665,-0.000999990190927145,-0.021000303228658507,0.019000442381097316
2.665866586658666,-0.0009999902035013706,-0.021000302807757863,0.019000441767044244
2.6663666366636662,-0.0009999902161938802,-0.021000302387441452,0.019000441153843518
2.666866686668667,-0.0009999902290039608,-0.02100030196770847,0.019000440541493954
2.6673667366736673,-0.0009999902419309005,-0.021000301548558104,0.019000439929994367
2.667866786678668,-0.0009999902549739882,-0.021000301129989546,0.019000439319343584
2.6683668366836684,-0.000999990268132514,-0.021000300712001988,0.01900043870954042
2.6688668866886687,-0.0009999902814057686,-0.021000300294594623,0.019000438100583703
2.6693669366936694,-0.000999990294793044,-0.021000299877766644,0.019000437492472256
2.6698669866986697,-0.0009999903082936327,-0.02100029946151725,0.019000436885204905
2.6703670367036705,-0.0009999903219068285,-0.021000299045845636,0.019000436278780484
2.670867086708671,-0.0009999903356319262,-0.021000298630751,0.019000435673197813
2.6713671367136715,-0.0009999903494682214,-0.021000298216232543,0.019000435068455734
2.671867186718672,-0.0009999903634150108,-0.021000297802289465,0.019000434464553073
2.6723672367236726,-0.0009999903774715923,-0.021000297388920966,0.01900043386148867
2.672867286728673,-0.0009999903916372641,-0.021000296976126247,0.019000433259261356
2.673367336733673,-0.0009999904059113265,-0.021000296563904515,0.01900043265786997
2.673867386738674,-0.0009999904202930797,-0.02100029615225497,0.019000432057313357
2.6743674367436743,-0.0009999904347818259,-0.021000295741176823,0.019000431457590353
2.674867486748675,-0.0009999904493768676,-0.02100029533066928,0.019000430858699804
2.6753675367536753,-0.0009999904640775087,-0.021000294920731546,0.019000430260640553
2.675867586758676,-0.0009999904788830544,-0.021000294511362833,0.019000429663411443
2.6763676367636764,-0.0009999904937928103,-0.021000294102562347,0.01900042906701133
2.6768676867686767,-0.0009999905088060835,-0.021000293694329302,0.019000428471439054
2.6773677367736775,-0.0009999905239221824,-0.021000293286662912,0.01900042787669347
2.6778677867786778,-0.000999990539140416,-0.02100029287956239,0.019000427282773437
2.6783678367836785,-0.0009999905544600947,-0.021000292473026948,0.0190004266896778
2.678867886788679,-0.0009999905698805298,-0.021000292067055802,0.01900042609740541
2.6793679367936796,-0.000999990585401034,-0.02100029166164817,0.01900042550595514
2.67986798679868,-0.0009999906010209206,-0.021000291256803274,0.019000424915325838
2.68036803680368,-0.0009999906167395048,-0.021000290852520323,0.019000424325516366
2.680868086808681,-0.0009999906325561022,-0.021000290448798545,0.01900042373652559
2.6813681368136812,-0.0009999906484700297,-0.02100029004563716,0.019000423148352368
2.681868186818682,-0.0009999906644806058,-0.021000289643035384,0.01900042256099557
2.6823682368236823,-0.0009999906805871497,-0.021000289240992447,0.019000421974454056
2.682868286828683,-0.0009999906967889818,-0.02100028883950757,0.019000421388726704
2.6833683368336834,-0.0009999907130854241,-0.021000288438579984,0.019000420803812375
2.6838683868386837,-0.0009999907294757989,-0.021000288038208907,0.019000420219709945
2.6843684368436844,-0.0009999907459594306,-0.02100028763839357,0.019000419636418287
2.6848684868486847,-0.000999990762535644,-0.021000287239133206,0.019000419053936277
2.6853685368536855,-0.000999990779203766,-0.021000286840427037,0.019000418472262786
2.685868586858686,-0.0009999907959631238,-0.021000286442274297,0.019000417891396698
2.6863686368636865,-0.0009999908128130463,-0.021000286044674223,0.019000417311336885
2.686868686868687,-0.0009999908297528637,-0.021000285647626037,0.019000416732082234
2.6873687368736876,-0.000999990846781907,-0.021000285251128983,0.019000416153631627
2.687868786878688,-0.0009999908638995087,-0.02100028485518229,0.019000415575983944
2.688368836883688,-0.0009999908811050024,-0.0210002844597852,0.01900041499913807
2.688868886888689,-0.0009999908983977233,-0.021000284064936942,0.0190004144230929
2.6893689368936893,-0.0009999909157770075,-0.021000283670636763,0.019000413847847314
2.68986898689869,-0.0009999909332421922,-0.021000283276883892,0.019000413273400206
2.6903690369036903,-0.0009999909507926164,-0.02100028288367758,0.019000412699750467
2.690869086908691,-0.0009999909684276196,-0.021000282491017062,0.019000412126896994
2.6913691369136914,-0.0009999909861465436,-0.02100028209890158,0.019000411554838673
2.6918691869186917,-0.0009999910039487307,-0.02100028170733038,0.019000410983574408
2.6923692369236925,-0.0009999910218335246,-0.021000281316302705,0.019000410413103092
2.6928692869286928,-0.0009999910398002705,-0.021000280925817804,0.01900040984342363
2.6933693369336935,-0.0009999910578483145,-0.021000280535874917,0.019000409274534915
2.693869386938694,-0.0009999910759770046,-0.0210002801464733,0.019000408706435854
2.6943694369436946,-0.0009999910941856898,-0.021000279757612195,0.019000408139125353
2.694869486948695,-0.0009999911124737202,-0.02100027936929085,0.019000407572602317
2.695369536953695,-0.0009999911308404474,-0.021000278981508528,0.019000407006865647
2.695869586958696,-0.0009999911492852246,-0.021000278594264465,0.019000406441914256
2.6963696369636962,-0.000999991167807406,-0.021000278207557926,0.019000405877747054
2.696869686968697,-0.000999991186406347,-0.021000277821388157,0.019000405314362954
2.6973697369736973,-0.0009999912050814048,-0.02100027743575442,0.019000404751760864
2.697869786978698,-0.0009999912238319378,-0.021000277050655963,0.0190004041899397
2.6983698369836984,-0.0009999912426573053,-0.02100027666609205,0.019000403628898384
2.6988698869886987,-0.0009999912615568686,-0.021000276282061935,0.019000403068635825
2.6993699369936994,-0.00099999128052999,-0.021000275898564878,0.01900040250915095
2.6998699869986997,-0.0009999912995760335,-0.02100027551560014,0.019000401950442673
2.7003700370037005,-0.0009999913186943639,-0.02100027513316698,0.019000401392509917
2.700870087008701,-0.0009999913378843477,-0.021000274751264664,0.01900040083535161
2.7013701370137015,-0.0009999913571453532,-0.02100027436989245,0.019000400278966673
2.701870187018702,-0.0009999913764767493,-0.021000273989049606,0.019000399723354034
2.7023702370237026,-0.0009999913958779068,-0.021000273608735395,0.01900039916851262
2.702870287028703,-0.000999991415348198,-0.02100027322894909,0.019000398614441364
2.703370337033703,-0.0009999914348869962,-0.021000272849689944,0.01900039806113919
2.703870387038704,-0.0009999914544936764,-0.02100027247095724,0.01900039750860504
2.7043704370437043,-0.0009999914741676149,-0.02100027209275024,0.019000396956837837
2.704870487048705,-0.0009999914939081895,-0.02100027171506821,0.019000396405836523
2.7053705370537053,-0.0009999915137147793,-0.021000271337910433,0.019000395855600035
2.705870587058706,-0.000999991533586765,-0.02100027096127617,0.01900039530612731
2.7063706370637064,-0.0009999915535235286,-0.021000270585164703,0.019000394757417285
2.7068706870687067,-0.0009999915735244536,-0.021000270209575303,0.019000394209468908
2.7073707370737075,-0.000999991593588925,-0.021000269834507243,0.01900039366228112
2.7078707870787078,-0.000999991613716329,-0.0210002694599598,0.01900039311585286
2.7083708370837085,-0.000999991633906054,-0.021000269085932256,0.01900039257018308
2.708870887088709,-0.0009999916541574886,-0.021000268712423886,0.01900039202527072
2.7093709370937096,-0.0009999916744700239,-0.021000268339433966,0.019000391481114737
2.70987098709871,-0.000999991694843052,-0.021000267966961784,0.019000390937714075
2.71037103710371,-0.000999991715275967,-0.021000267595006613,0.019000390395067686
2.710871087108711,-0.0009999917357681638,-0.02100026722356774,0.019000389853174527
2.7113711371137112,-0.000999991756319039,-0.02100026685264445,0.01900038931203355
2.711871187118712,-0.000999991776927991,-0.021000266482236025,0.01900038877164371
2.7123712371237123,-0.0009999917975944193,-0.02100026611234175,0.019000388232003968
2.712871287128713,-0.0009999918183177252,-0.02100026574296091,0.01900038769311328
2.7133713371337134,-0.0009999918390973112,-0.021000265374092796,0.019000387154970603
2.7138713871387137,-0.0009999918599325813,-0.021000265005736693,0.019000386617574905
2.7143714371437144,-0.0009999918808229417,-0.021000264637891893,0.019000386080925146
2.7148714871487147,-0.000999991901767799,-0.021000264270557685,0.01900038554502029
2.7153715371537155,-0.0009999919227665624,-0.021000263903733357,0.019000385009859306
2.715871587158716,-0.0009999919438186417,-0.02100026353741821,0.019000384475441157
2.7163716371637165,-0.0009999919649234489,-0.021000263171611525,0.019000383941764815
2.716871687168717,-0.000999991986080397,-0.02100026280631261,0.01900038340882925
2.7173717371737176,-0.0009999920072889011,-0.02100026244152075,0.019000382876633436
2.717871787178718,-0.0009999920285483775,-0.02100026207723524,0.01900038234517634
2.718371837183718,-0.000999992049858244,-0.021000261713455388,0.01900038181445694
2.718871887188719,-0.00099999207121792,-0.02100026135018048,0.019000381284474215
2.7193719371937193,-0.0009999920926268262,-0.021000260987409824,0.01900038075522714
2.71987198719872,-0.0009999921140843855,-0.02100026062514272,0.01900038022671469
2.7203720372037203,-0.000999992135590022,-0.02100026026337846,0.01900037969893585
2.720872087208721,-0.000999992157143161,-0.021000259902116354,0.0190003791718896
2.7213721372137214,-0.00099999217874323,-0.021000259541355704,0.019000378645574925
2.7218721872187217,-0.0009999922003896577,-0.02100025918109581,0.01900037811999081
2.7223722372237225,-0.0009999922220818743,-0.02100025882133598,0.019000377595136238
2.7228722872287228,-0.0009999922438193116,-0.02100025846207552,0.019000377071010197
2.7233723372337235,-0.0009999922656014034,-0.021000258103313737,0.019000376547611674
2.723872387238724,-0.0009999922874275844,-0.02100025774504994,0.019000376024939664
2.7243724372437246,-0.0009999923092972914,-0.021000257387283432,0.019000375502993157
2.724872487248725,-0.0009999923312099628,-0.021000257030013528,0.019000374981771144
2.725372537253725,-0.000999992353165038,-0.02100025667323954,0.019000374461272618
2.725872587258726,-0.0009999923751619587,-0.021000256316960772,0.01900037394149658
2.7263726372637263,-0.0009999923972001676,-0.021000255961176544,0.019000373422442023
2.726872687268727,-0.0009999924192791098,-0.02100025560588617,0.019000372904107946
2.7273727372737273,-0.000999992441398231,-0.021000255251088958,0.01900037238649335
2.727872787278728,-0.0009999924635569792,-0.021000254896784226,0.019000371869597237
2.7283728372837284,-0.0009999924857548035,-0.021000254542971296,0.019000371353418605
2.7288728872887287,-0.0009999925079911553,-0.021000254189649476,0.019000370837956467
2.7293729372937294,-0.0009999925302654872,-0.021000253836818094,0.01900037032320982
2.7298729872987297,-0.0009999925525772532,-0.021000253484476462,0.019000369809177676
2.7303730373037305,-0.0009999925749259093,-0.0210002531326239,0.019000369295859038
2.730873087308731,-0.0009999925973109129,-0.021000252781259734,0.01900036878325292
2.7313731373137315,-0.0009999926197317229,-0.021000252430383285,0.019000368271358335
2.731873187318732,-0.0009999926421878004,-0.021000252079993873,0.01900036776017429
2.7323732373237326,-0.0009999926646786076,-0.021000251730090826,0.0190003672496998
2.732873287328733,-0.0009999926872036084,-0.021000251380673466,0.019000366739933883
2.733373337333733,-0.0009999927097622684,-0.021000251031741118,0.019000366230875552
2.733873387338734,-0.0009999927323540551,-0.02100025068329311,0.019000365722523827
2.7343734373437343,-0.000999992754978437,-0.021000250335328773,0.019000365214877725
2.734873487348735,-0.000999992777634885,-0.02100024998784743,0.01900036470793627
2.7353735373537353,-0.000999992800322871,-0.021000249640848415,0.01900036420169848
2.735873587358736,-0.000999992823041869,-0.021000249294331055,0.019000363696163383
2.7363736373637364,-0.0009999928457913544,-0.02100024894829468,0.01900036319133
2.7368736873687367,-0.0009999928685708042,-0.021000248602738632,0.019000362687197354
2.7373737373737375,-0.0009999928913796974,-0.021000248257662234,0.019000362183764483
2.7378737873787378,-0.000999992914217514,-0.021000247913064825,0.019000361681030403
2.7383738373837385,-0.0009999929370837367,-0.021000247568945737,0.019000361178994153
2.738873887388739,-0.0009999929599778488,-0.021000247225304313,0.01900036067765476
2.7393739373937396,-0.0009999929828993358,-0.021000246882139882,0.019000360177011257
2.73987398739874,-0.0009999930058476848,-0.021000246539451786,0.01900035967706268
2.74037403740374,-0.0009999930288223844,-0.02100024619723936,0.019000359177808065
2.740874087408741,-0.000999993051822925,-0.021000245855501948,0.019000358679246446
2.7413741374137413,-0.000999993074848799,-0.021000245514238892,0.01900035818137686
2.741874187418742,-0.0009999930978995,-0.021000245173449526,0.01900035768419835
2.7423742374237423,-0.0009999931209745232,-0.021000244833133203,0.019000357187709958
2.742874287428743,-0.0009999931440733657,-0.021000244493289258,0.01900035669191072
2.7433743374337434,-0.0009999931671955263,-0.021000244153917037,0.019000356196799684
2.7438743874387437,-0.0009999931903405057,-0.021000243815015886,0.019000355702375894
2.7443744374437444,-0.0009999932135078059,-0.02100024347658515,0.019000355208638395
2.7448744874487447,-0.0009999932366969303,-0.02100024313862418,0.019000354715586233
2.7453745374537455,-0.000999993259907385,-0.021000242801132323,0.01900035422321846
2.745874587458746,-0.0009999932831386766,-0.021000242464108924,0.01900035373153413
2.7463746374637465,-0.0009999933063903144,-0.021000242127553335,0.019000353240532283
2.746874687468747,-0.0009999933296618087,-0.021000241791464907,0.01900035275021198
2.7473747374737476,-0.0009999933529526719,-0.021000241455842988,0.019000352260572274
2.747874787478748,-0.0009999933762624177,-0.021000241120686935,0.019000351771612217
2.7483748374837482,-0.000999993399590562,-0.0210002407859961,0.019000351283330868
2.748874887488749,-0.000999993422936622,-0.02100024045176984,0.019000350795727282
2.7493749374937493,-0.0009999934463001165,-0.021000240118007506,0.019000350308800526
2.74987498749875,-0.0009999934696805664,-0.021000239784708455,0.01900034982254965
2.7503750375037503,-0.0009999934930774942,-0.021000239451872044,0.019000349336973726
2.750875087508751,-0.0009999935164904238,-0.02100023911949763,0.01900034885207181
2.7513751375137514,-0.000999993539918881,-0.021000238787584575,0.019000348367842968
2.7518751875187517,-0.0009999935633623934,-0.021000238456132237,0.019000347884286267
2.7523752375237525,-0.0009999935868204904,-0.021000238125139972,0.019000347401400774
2.7528752875287528,-0.0009999936102927025,-0.02100023779460715,0.019000346919185555
2.7533753375337535,-0.0009999936337785626,-0.021000237464533125,0.019000346437639683
2.753875387538754,-0.0009999936572776048,-0.021000237134917263,0.019000345956762227
2.7543754375437546,-0.0009999936807893654,-0.02100023680575893,0.019000345476552258
2.754875487548755,-0.000999993704313382,-0.021000236477057493,0.019000344997008853
2.755375537553755,-0.0009999937278491937,-0.02100023614881231,0.019000344518131082
2.755875587558756,-0.0009999937513963423,-0.021000235821022752,0.019000344039918026
2.7563756375637563,-0.0009999937749543702,-0.02100023549368819,0.019000343562368762
2.756875687568757,-0.0009999937985228223,-0.021000235166807987,0.019000343085482364
2.7573757375737573,-0.0009999938221012447,-0.021000234840381517,0.019000342609257915
2.757875787578758,-0.0009999938456891854,-0.021000234514408144,0.019000342133694496
2.7583758375837584,-0.000999993869286194,-0.021000234188887246,0.01900034165879119
2.7588758875887587,-0.0009999938928918221,-0.02100023386381819,0.01900034118454708
2.7593759375937594,-0.0009999939165056227,-0.02100023353920035,0.01900034071096125
2.7598759875987597,-0.000999993940127151,-0.021000233215033103,0.019000340238032785
2.7603760376037605,-0.0009999939637559633,-0.021000232891315817,0.01900033976576078
2.760876087608761,-0.0009999939873916177,-0.021000232568047873,0.019000339294144315
2.7613761376137615,-0.0009999940110336748,-0.021000232245228647,0.019000338823182483
2.761876187618762,-0.0009999940346816958,-0.021000231922857514,0.019000338352874378
2.7623762376237626,-0.0009999940583352443,-0.02100023160093385,0.019000337883219087
2.762876287628763,-0.0009999940819938856,-0.02100023127945704,0.019000337414215713
2.7633763376337632,-0.0009999941056571863,-0.021000230958426458,0.019000336945863342
2.763876387638764,-0.0009999941293247154,-0.021000230637841486,0.019000336478161073
2.7643764376437643,-0.0009999941529960428,-0.021000230317701506,0.019000336011108006
2.764876487648765,-0.000999994176670741,-0.021000229998005902,0.019000335544703238
2.7653765376537653,-0.0009999942003483834,-0.02100022967875406,0.01900033507894587
2.765876587658766,-0.0009999942240285456,-0.021000229359945354,0.019000334613835004
2.7663766376637664,-0.000999994247710805,-0.021000229041579176,0.01900033414936974
2.7668766876687667,-0.0009999942713947402,-0.02100022872365491,0.01900033368554918
2.7673767376737675,-0.000999994295079932,-0.021000228406171946,0.019000333222372438
2.7678767876787678,-0.000999994318765963,-0.021000228089129665,0.019000332759838614
2.7683768376837685,-0.0009999943424524168,-0.021000227772527462,0.019000332297946815
2.768876887688769,-0.0009999943661388798,-0.02100022745636472,0.01900033183669615
2.7693769376937696,-0.0009999943898249392,-0.021000227140640832,0.01900033137608573
2.76987698769877,-0.0009999944135101844,-0.02100022682535519,0.01900033091611467
2.77037703770377,-0.0009999944371942061,-0.021000226510507185,0.019000330456782073
2.770877087708771,-0.0009999944608765974,-0.02100022619609621,0.019000329998087064
2.7713771377137713,-0.0009999944845569526,-0.021000225882121658,0.01900032954002875
2.771877187718772,-0.0009999945082348677,-0.021000225568582918,0.01900032908260625
2.7723772377237723,-0.0009999945319099407,-0.021000225255479395,0.019000328625818685
2.772877287728773,-0.0009999945555817713,-0.021000224942810477,0.019000328169665168
2.7733773377337734,-0.0009999945792499606,-0.021000224630575562,0.01900032771414482
2.7738773877387737,-0.000999994602914112,-0.02100022431877405,0.019000327259256766
2.7743774377437744,-0.0009999946265738299,-0.021000224007405338,0.019000326805000124
2.7748774877487747,-0.0009999946502287206,-0.02100022369646883,0.019000326351374018
2.7753775377537755,-0.000999994673878393,-0.021000223385963915,0.019000325898377576
2.775877587758776,-0.0009999946975224564,-0.021000223075890005,0.019000325446009922
2.7763776377637766,-0.0009999947211605227,-0.021000222766246496,0.01900032499427018
2.776877687768777,-0.000999994744792205,-0.02100022245703279,0.019000324543157483
2.7773777377737776,-0.000999994768417119,-0.021000222148248295,0.01900032409267096
2.777877787778778,-0.000999994792034881,-0.02100022183989241,0.01900032364280974
2.7783778377837782,-0.0009999948156451095,-0.021000221531964545,0.019000323193572956
2.778877887788779,-0.000999994839247425,-0.0210002212244641,0.01900032274495974
2.7793779377937793,-0.000999994862841449,-0.02100022091739049,0.01900032229696923
2.77987798779878,-0.0009999948864268058,-0.021000220610743112,0.019000321849600557
2.7803780378037803,-0.0009999949100031203,-0.021000220304521384,0.019000321402852863
2.780878087808781,-0.00099999493357002,-0.02100021999872471,0.01900032095672528
2.7813781378137814,-0.0009999949571271333,-0.0210002196933525,0.019000320511216952
2.7818781878187817,-0.000999994980674091,-0.02100021938840417,0.019000320066327018
2.7823782378237825,-0.000999995004210525,-0.021000219083879126,0.01900031962205462
2.7828782878287828,-0.0009999950277360696,-0.021000218779776782,0.0190003191783989
2.7833783378337835,-0.0009999950512503606,-0.02100021847609655,0.019000318735359
2.783878387838784,-0.0009999950747530348,-0.021000218172837846,0.01900031829293407
2.7843784378437846,-0.0009999950982437318,-0.021000217870000084,0.019000317851123254
2.784878487848785,-0.0009999951217220923,-0.02100021756758268,0.0190003174099257
2.785378537853785,-0.0009999951451877586,-0.021000217265585052,0.019000316969340555
2.785878587858786,-0.000999995168640375,-0.021000216964006616,0.01900031652936697
2.7863786378637863,-0.0009999951920795875,-0.02100021666284679,0.019000316090004098
2.786878687868787,-0.0009999952155050438,-0.02100021636210499,0.019000315651251088
2.7873787378737873,-0.000999995238916393,-0.021000216061780642,0.019000315213107095
2.787878787878788,-0.0009999952623132864,-0.02100021576187316,0.019000314775571275
2.7883788378837884,-0.0009999952856953765,-0.021000215462381972,0.01900031433864278
2.7888788878887887,-0.0009999953090623177,-0.021000215163306496,0.01900031390232077
2.7893789378937894,-0.0009999953324137663,-0.021000214864646156,0.019000313466604406
2.7898789878987897,-0.00099999535574938,-0.021000214566400374,0.01900031303149284
2.7903790379037905,-0.0009999953790688187,-0.021000214268568577,0.01900031259698524
2.790879087908791,-0.0009999954023717434,-0.021000213971150188,0.019000312163080763
2.7913791379137916,-0.0009999954256578168,-0.021000213674144636,0.01900031172977857
2.791879187918792,-0.0009999954489267038,-0.021000213377551348,0.01900031129707783
2.7923792379237926,-0.0009999954721780706,-0.021000213081369748,0.019000310864977707
2.792879287928793,-0.0009999954954115853,-0.021000212785599267,0.019000310433477368
2.7933793379337932,-0.0009999955186269175,-0.021000212490239336,0.019000310002575977
2.793879387938794,-0.0009999955418237387,-0.021000212195289383,0.0190003095722727
2.7943794379437943,-0.0009999955650017219,-0.021000211900748838,0.01900030914256672
2.794879487948795,-0.000999995588160542,-0.021000211606617136,0.019000308713457193
2.7953795379537953,-0.0009999956112998754,-0.021000211312893705,0.0190003082849433
2.795879587958796,-0.0009999956344194,-0.021000211019577983,0.01900030785702421
2.7963796379637964,-0.0009999956575187962,-0.0210002107266694,0.0190003074296991
2.7968796879687967,-0.0009999956805977449,-0.021000210434167395,0.01900030700296714
2.7973797379737975,-0.0009999957036559294,-0.021000210142071398,0.019000306576827518
2.7978797879787978,-0.0009999957266930348,-0.02100020985038085,0.0190003061512794
2.7983798379837985,-0.0009999957497087476,-0.02100020955909519,0.019000305726321973
2.798879887988799,-0.000999995772702756,-0.02100020926821385,0.01900030530195441
2.7993799379937996,-0.0009999957956747497,-0.021000208977736273,0.019000304878175903
2.7998799879988,-0.0009999958186244205,-0.021000208687661896,0.01900030445498562
2.8003800380038,-0.0009999958415514614,-0.02100020839799016,0.019000304032382755
2.800880088008801,-0.0009999958644555677,-0.02100020810872051,0.019000303610366493
2.8013801380138013,-0.0009999958873364355,-0.021000207819852384,0.019000303188936012
2.801880188018802,-0.0009999959101937635,-0.021000207531385224,0.019000302768090505
2.8023802380238023,-0.0009999959330272512,-0.021000207243318473,0.019000302347829158
2.802880288028803,-0.0009999959558366005,-0.02100020695565158,0.01900030192815116
2.8033803380338034,-0.0009999959786215144,-0.021000206668383984,0.0190003015090557
2.8038803880388037,-0.0009999960013816977,-0.021000206381515136,0.019000301090541974
2.8043804380438044,-0.0009999960241168573,-0.02100020609504448,0.01900030067260917
2.8048804880488047,-0.0009999960468267013,-0.021000205808971464,0.019000300255256484
2.8053805380538055,-0.0009999960695109393,-0.021000205523295533,0.01900029983848311
2.805880588058806,-0.000999996092169283,-0.021000205238016142,0.019000299422288244
2.8063806380638066,-0.0009999961148014457,-0.021000204953132734,0.019000299006671086
2.806880688068807,-0.000999996137407142,-0.021000204668644763,0.019000298591630826
2.8073807380738076,-0.0009999961599860884,-0.02100020438455168,0.01900029817716667
2.807880788078808,-0.0009999961825380031,-0.021000204100852935,0.019000297763277815
2.8083808380838082,-0.0009999962050626057,-0.021000203817547983,0.019000297349963467
2.808880888088809,-0.0009999962275596176,-0.021000203534636278,0.019000296937222824
2.8093809380938093,-0.000999996250028762,-0.02100020325211727,0.019000296525055093
2.80988098809881,-0.0009999962724697633,-0.021000202969990417,0.019000296113459474
2.8103810381038103,-0.0009999962948823479,-0.021000202688255174,0.01900029570243518
2.810881088108811,-0.0009999963172662438,-0.021000202406910997,0.01900029529198141
2.8113811381138114,-0.0009999963396211807,-0.021000202125957344,0.01900029488209738
2.8118811881188117,-0.0009999963619468895,-0.02100020184539367,0.01900029447278229
2.8123812381238125,-0.000999996384243103,-0.02100020156521944,0.019000294064035358
2.8128812881288128,-0.0009999964065095558,-0.021000201285434106,0.01900029365585579
2.8133813381338135,-0.000999996428745984,-0.021000201006037136,0.019000293248242806
2.813881388138814,-0.0009999964509521252,-0.021000200727027983,0.01900029284119561
2.8143814381438146,-0.0009999964731277188,-0.021000200448406114,0.019000292434713423
2.814881488148815,-0.0009999964952725055,-0.021000200170170992,0.01900029202879546
2.815381538153815,-0.000999996517386228,-0.021000199892322075,0.019000291623440937
2.815881588158816,-0.0009999965394686305,-0.02100019961485883,0.019000291218649074
2.8163816381638163,-0.0009999965615194585,-0.021000199337780724,0.019000290814419084
2.816881688168817,-0.0009999965835384595,-0.02100019906108722,0.019000290410750194
2.8173817381738173,-0.0009999966055253826,-0.021000198784777782,0.01900029000764162
2.817881788178818,-0.0009999966274799783,-0.02100019850885188,0.019000289605092584
2.8183818381838184,-0.0009999966494019985,-0.02100019823330898,0.019000289203102316
2.8188818881888187,-0.0009999966712911973,-0.021000197958148552,0.019000288801670033
2.8193819381938194,-0.0009999966931473299,-0.021000197683370064,0.019000288400794967
2.8198819881988197,-0.0009999967149701534,-0.021000197408972986,0.01900028800047634
2.8203820382038205,-0.000999996736759426,-0.021000197134956787,0.019000287600713376
2.820882088208821,-0.0009999967585149082,-0.02100019686132094,0.019000287201505314
2.8213821382138216,-0.0009999967802363616,-0.02100019658806492,0.019000286802851374
2.821882188218822,-0.0009999968019235494,-0.021000196315188194,0.019000286404750794
2.8223822382238226,-0.0009999968235762367,-0.02100019604269024,0.019000286007202803
2.822882288228823,-0.0009999968451941896,-0.02100019577057053,0.019000285610206634
2.8233823382338232,-0.0009999968667771765,-0.021000195498828537,0.019000285213761518
2.823882388238824,-0.000999996888324967,-0.02100019522746374,0.019000284817866694
2.8243824382438243,-0.0009999969098373317,-0.021000194956475617,0.0190002844225214
2.824882488248825,-0.0009999969313140443,-0.021000194685863643,0.019000284027724867
2.8253825382538253,-0.0009999969527548782,-0.021000194415627293,0.019000283633476337
2.825882588258826,-0.00099999697415961,-0.021000194145766052,0.01900028323977505
2.8263826382638264,-0.0009999969955280165,-0.02100019387627939,0.019000282846620246
2.8268826882688267,-0.0009999970168598773,-0.021000193607166796,0.019000282454011166
2.8273827382738275,-0.0009999970381549725,-0.021000193338427748,0.019000282061947052
2.8278827882788278,-0.0009999970594130846,-0.021000193070061724,0.01900028167042715
2.8283828382838285,-0.0009999970806339967,-0.02100019280206821,0.019000281279450696
2.828882888288829,-0.0009999971018174946,-0.021000192534446693,0.019000280889016948
2.8293829382938296,-0.0009999971229633646,-0.021000192267196644,0.019000280499125145
2.82988298829883,-0.0009999971440713953,-0.02100019200031756,0.019000280109774535
2.83038303830383,-0.0009999971651413764,-0.02100019173380892,0.01900027972096437
2.830883088308831,-0.0009999971861730992,-0.02100019146767021,0.0190002793326939
2.8313831383138313,-0.0009999972071663566,-0.021000191201900918,0.01900027894496237
2.831883188318832,-0.000999997228120943,-0.021000190936500532,0.019000278557769038
2.8323832383238323,-0.0009999972490366547,-0.021000190671468535,0.019000278171113157
2.832883288328833,-0.0009999972699132886,-0.021000190406804422,0.01900027778499398
2.8333833383338334,-0.0009999972907506443,-0.02100019014250768,0.019000277399410754
2.8338833883388337,-0.0009999973115485219,-0.0210001898785778,0.019000277014362747
2.8343834383438344,-0.0009999973323067237,-0.021000189615014268,0.01900027662984921
2.8348834883488347,-0.000999997353025053,-0.02100018935181658,0.019000276245869405
2.8353835383538355,-0.0009999973737033151,-0.02100018908898423,0.019000275862422585
2.835883588358836,-0.0009999973943413166,-0.021000188826516702,0.019000275479508014
2.8363836383638366,-0.0009999974149388653,-0.021000188564413498,0.019000275097124954
2.836883688368837,-0.000999997435495771,-0.02100018830267411,0.019000274715272665
2.8373837383738376,-0.0009999974560118447,-0.021000188041298037,0.01900027433395041
2.837883788378838,-0.000999997476486899,-0.021000187780284767,0.019000273953157457
2.8383838383838382,-0.000999997496920748,-0.0210001875196338,0.019000273572893068
2.838883888388839,-0.0009999975173132073,-0.021000187259344633,0.01900027319315651
2.8393839383938393,-0.0009999975376640937,-0.021000186999416765,0.01900027281394705
2.83988398839884,-0.000999997557973226,-0.021000186739849692,0.019000272435263955
2.8403840384038403,-0.0009999975782404244,-0.021000186480642915,0.0190002720571065
2.840884088408841,-0.0009999975984655099,-0.021000186221795933,0.01900027167947395
2.8413841384138414,-0.0009999976186483058,-0.02100018596330825,0.019000271302365576
2.8418841884188417,-0.0009999976387886364,-0.02100018570517936,0.019000270925780657
2.8423842384238425,-0.0009999976588863275,-0.021000185447408774,0.019000270549718458
2.8428842884288428,-0.000999997678941207,-0.021000185189995985,0.01900027017417826
2.8433843384338435,-0.0009999976989531032,-0.021000184932940504,0.019000269799159333
2.843884388438844,-0.0009999977189218466,-0.021000184676241835,0.019000269424660956
2.8443844384438446,-0.0009999977388472688,-0.021000184419899474,0.019000269050682406
2.844884488448845,-0.0009999977587292035,-0.021000184163912937,0.019000268677222966
2.845384538453845,-0.0009999977785674847,-0.021000183908281723,0.01900026830428191
2.845884588458846,-0.000999997798361949,-0.021000183653005343,0.01900026793185852
2.8463846384638463,-0.0009999978181124338,-0.021000183398083305,0.019000267559952072
2.846884688468847,-0.000999997837818778,-0.02100018314351511,0.01900026718856186
2.8473847384738473,-0.000999997857480822,-0.021000182889300275,0.01900026681768716
2.847884788478848,-0.000999997877098408,-0.021000182635438305,0.019000266447327257
2.8483848384838484,-0.0009999978966713792,-0.021000182381928714,0.019000266077481436
2.8488848884888487,-0.00099999791619958,-0.021000182128771007,0.019000265708148986
2.8493849384938494,-0.000999997935682857,-0.0210001818759647,0.019000265339329192
2.8498849884988497,-0.0009999979551210574,-0.021000181623509306,0.019000264971021343
2.8503850385038505,-0.0009999979745140305,-0.021000181371404334,0.01900026460322473
2.850885088508851,-0.0009999979938616263,-0.0210001811196493,0.01900026423593864
2.8513851385138516,-0.0009999980131636971,-0.02100018086824372,0.01900026386916237
2.851885188518852,-0.000999998032420096,-0.021000180617187107,0.019000263502895205
2.8523852385238526,-0.0009999980516306774,-0.021000180366478972,0.019000263137136444
2.852885288528853,-0.0009999980707952976,-0.02100018011611884,0.01900026277188538
2.8533853385338532,-0.0009999980899138138,-0.021000179866106222,0.019000262407141307
2.853885388538854,-0.0009999981089860851,-0.02100017961644064,0.01900026204290352
2.8543854385438543,-0.0009999981280119717,-0.021000179367121608,0.01900026167917132
2.854885488548855,-0.000999998146991335,-0.021000179118148644,0.019000261315944005
2.8553855385538554,-0.000999998165924038,-0.021000178869521272,0.019000260953220872
2.855885588558856,-0.0009999981848099453,-0.021000178621239013,0.019000260591001218
2.8563856385638564,-0.0009999982036489226,-0.021000178373301384,0.01900026022928435
2.8568856885688567,-0.000999998222440837,-0.021000178125707907,0.01900025986806957
2.8573857385738575,-0.0009999982411855572,-0.021000177878458107,0.019000259507356176
2.8578857885788578,-0.0009999982598829526,-0.021000177631551504,0.01900025914714348
2.8583858385838585,-0.0009999982785328949,-0.021000177384987627,0.019000258787430776
2.858885888588859,-0.0009999982971352565,-0.02100017713876599,0.01900025842821738
2.8593859385938596,-0.0009999983156899113,-0.02100017689288613,0.019000258069502594
2.85988598859886,-0.000999998334196735,-0.021000176647347563,0.019000257711285728
2.86038603860386,-0.0009999983526556037,-0.021000176402149823,0.01900025735356609
2.860886088608861,-0.0009999983710663957,-0.021000176157292428,0.019000256996342987
2.8613861386138613,-0.0009999983894289906,-0.021000175912774914,0.019000256639615732
2.861886188618862,-0.0009999984077432688,-0.021000175668596806,0.01900025628338364
2.8623862386238623,-0.0009999984260091123,-0.02100017542475763,0.01900025592764602
2.862886288628863,-0.0009999984442264046,-0.021000175181256922,0.019000255572402185
2.8633863386338634,-0.0009999984623950305,-0.021000174938094206,0.019000255217651453
2.8638863886388637,-0.000999998480514876,-0.021000174695269016,0.019000254863393136
2.8643864386438644,-0.000999998498585828,-0.021000174452780882,0.01900025450962655
2.8648864886488647,-0.0009999985166077759,-0.021000174210629337,0.01900025415635102
2.8653865386538655,-0.0009999985345806092,-0.021000173968813915,0.019000253803565854
2.865886588658866,-0.0009999985525042194,-0.021000173727334148,0.01900025345127038
2.8663866386638666,-0.000999998570378499,-0.021000173486189568,0.01900025309946391
2.866886688668867,-0.000999998588203342,-0.021000173245379714,0.019000252748145773
2.8673867386738676,-0.0009999986059786436,-0.02100017300490412,0.019000252397315287
2.867886788678868,-0.0009999986237043002,-0.02100017276476232,0.019000252046971776
2.8683868386838682,-0.0009999986413802098,-0.021000172524953852,0.019000251697114567
2.868886888688869,-0.0009999986590062712,-0.021000172285478257,0.01900025134774298
2.8693869386938693,-0.0009999986765823854,-0.021000172046335065,0.01900025099885634
2.86988698869887,-0.0009999986941084534,-0.02100017180752382,0.01900025065045398
2.8703870387038704,-0.0009999987115843784,-0.02100017156904406,0.019000250302535222
2.870887088708871,-0.000999998729010065,-0.021000171330895327,0.0190002499550994
2.8713871387138714,-0.000999998746385418,-0.021000171093077155,0.01900024960814584
2.8718871887188717,-0.0009999987637103447,-0.021000170855589095,0.019000249261673874
2.8723872387238725,-0.000999998780984753,-0.02100017061843068,0.019000248915682832
2.872887288728873,-0.0009999987982085522,-0.021000170381601457,0.01900024857017205
2.8733873387338735,-0.0009999988153816528,-0.021000170145100968,0.019000248225140858
2.873887388738874,-0.0009999988325039668,-0.021000169908928758,0.01900024788058859
2.8743874387438746,-0.000999998849575407,-0.02100016967308437,0.01900024753651458
2.874887488748875,-0.0009999988665958877,-0.021000169437567346,0.019000247192918172
2.875387538753875,-0.0009999988835653248,-0.02100016920237724,0.019000246849798695
2.875887588758876,-0.000999998900483635,-0.021000168967513586,0.01900024650715549
2.8763876387638763,-0.000999998917350736,-0.021000168732975943,0.019000246164987897
2.876887688768877,-0.0009999989341665473,-0.02100016849876385,0.01900024582329525
2.8773877387738773,-0.0009999989509309893,-0.02100016826487686,0.019000245482076898
2.877887788778878,-0.000999998967643984,-0.02100016803131452,0.019000245141332178
2.8783878387838784,-0.000999998984305454,-0.02100016779807638,0.019000244801060433
2.8788878887888787,-0.0009999990009153237,-0.021000167565161987,0.019000244461261005
2.8793879387938794,-0.0009999990174735182,-0.021000167332570895,0.019000244121933244
2.8798879887988797,-0.0009999990339799646,-0.021000167100302655,0.01900024378307649
2.8803880388038805,-0.00099999905043459,-0.021000166868356818,0.019000243444690087
2.880888088808881,-0.0009999990668373238,-0.021000166636732934,0.01900024310677339
2.8813881388138816,-0.000999999083188096,-0.02100016640543056,0.019000242769325743
2.881888188818882,-0.0009999990994868384,-0.02100016617444925,0.019000242432346492
2.8823882388238826,-0.0009999991157334832,-0.021000165943788555,0.01900024209583499
2.882888288828883,-0.0009999991319279641,-0.021000165713448034,0.01900024175979059
2.8833883388338832,-0.0009999991480702164,-0.02100016548342724,0.01900024142421264
2.883888388838884,-0.0009999991641601758,-0.02100016525372573,0.019000241089100492
2.8843884388438843,-0.0009999991801977798,-0.021000165024343057,0.0190002407544535
2.884888488848885,-0.000999999196182967,-0.021000164795278782,0.019000240420271024
2.8853885388538854,-0.000999999212115677,-0.021000164566532465,0.019000240086552413
2.885888588858886,-0.0009999992279958504,-0.02100016433810366,0.01900023975329702
2.8863886388638864,-0.0009999992438234292,-0.02100016410999193,0.019000239420504213
2.8868886888688867,-0.0009999992595983568,-0.021000163882196835,0.01900023908817334
2.8873887388738875,-0.0009999992753205774,-0.021000163654717935,0.019000238756303762
2.887888788878888,-0.0009999992909900362,-0.021000163427554785,0.019000238424894844
2.8883888388838885,-0.00099999930660668,-0.021000163200706957,0.01900023809394594
2.888888888888889,-0.0009999993221704564,-0.021000162974174005,0.019000237763456416
2.8893889388938896,-0.0009999993376813142,-0.021000162747955495,0.01900023743342563
2.88988898889889,-0.0009999993531392038,-0.021000162522050992,0.01900023710385295
2.89038903890389,-0.0009999993685440756,-0.02100016229646006,0.019000236774737736
2.890889088908891,-0.0009999993838958824,-0.02100016207118226,0.019000236446079354
2.8913891389138913,-0.0009999993991945775,-0.021000161846217162,0.019000236117877174
2.891889188918892,-0.0009999994144401152,-0.02100016162156433,0.01900023579013056
2.8923892389238923,-0.0009999994296324513,-0.02100016139722333,0.019000235462838876
2.892889288928893,-0.0009999994447715422,-0.021000161173193727,0.019000235136001492
2.8933893389338934,-0.000999999459857346,-0.021000160949475096,0.019000234809617784
2.8938893889388937,-0.0009999994748898216,-0.021000160726066995,0.019000234483687112
2.8943894389438944,-0.000999999489868929,-0.021000160502969004,0.019000234158208857
2.8948894889488948,-0.0009999995047946292,-0.021000160280180685,0.019000233833182386
2.8953895389538955,-0.0009999995196668845,-0.021000160057701608,0.01900023350860707
2.895889588958896,-0.000999999534485658,-0.02100015983553135,0.019000233184482285
2.8963896389638966,-0.0009999995492509146,-0.021000159613669477,0.019000232860807407
2.896889688968897,-0.0009999995639626193,-0.02100015939211556,0.01900023253758181
2.8973897389738976,-0.000999999578620739,-0.021000159170869177,0.019000232214804874
2.897889788978898,-0.0009999995932252405,-0.021000158949929897,0.01900023189247597
2.8983898389838982,-0.0009999996077760935,-0.021000158729297294,0.019000231570594477
2.898889888988899,-0.000999999622273267,-0.021000158508970943,0.01900023124915978
2.8993899389938993,-0.0009999996367167324,-0.02100015828895042,0.01900023092817125
2.8998899889989,-0.0009999996511064612,-0.0210001580692353,0.019000230607628277
2.9003900390039004,-0.0009999996654424263,-0.02100015784982516,0.019000230287530236
2.900890089008901,-0.0009999996797246016,-0.021000157630719572,0.019000229967876512
2.9013901390139014,-0.0009999996939529625,-0.021000157411918116,0.01900022964866649
2.9018901890189017,-0.0009999997081274845,-0.021000157193420372,0.01900022932989955
2.9023902390239025,-0.000999999722248145,-0.021000156975225916,0.019000229011575075
2.902890289028903,-0.0009999997363149221,-0.02100015675733433,0.01900022869369246
2.9033903390339035,-0.000999999750327795,-0.02100015653974519,0.019000228376251083
2.903890389038904,-0.0009999997642867436,-0.021000156322458077,0.019000228059250335
2.9043904390439046,-0.0009999997781917494,-0.021000156105472574,0.019000227742689606
2.904890489048905,-0.0009999997920427945,-0.021000155888788258,0.019000227426568282
2.905390539053905,-0.000999999805839862,-0.021000155672404715,0.019000227110885753
2.905890589058906,-0.0009999998195829364,-0.021000155456321525,0.019000226795641412
2.9063906390639063,-0.0009999998332720025,-0.021000155240538273,0.019000226480834652
2.906890689068907,-0.000999999846907047,-0.021000155025054545,0.019000226166464865
2.9073907390739073,-0.000999999860488057,-0.021000154809869918,0.01900022585253144
2.907890789078908,-0.0009999998740150204,-0.021000154594983982,0.019000225539033775
2.9083908390839084,-0.000999999887487927,-0.021000154380396322,0.01900022522597127
2.9088908890889087,-0.0009999999009067666,-0.02100015416610652,0.019000224913343307
2.9093909390939094,-0.0009999999142715303,-0.02100015395211417,0.019000224601149297
2.9098909890989098,-0.0009999999275822108,-0.021000153738418854,0.01900022428938863
2.9103910391039105,-0.0009999999408388006,-0.02100015352502016,0.01900022397806071
2.910891089108911,-0.0009999999540412944,-0.021000153311917676,0.019000223667164928
2.9113911391139116,-0.0009999999671896867,-0.021000153099110994,0.019000223356700693
2.911891189118912,-0.0009999999802839741,-0.0210001528865997,0.0190002230466674
2.9123912391239126,-0.0009999999933241533,-0.021000152674383387,0.019000222737064452
2.912891289128913,-0.0010000000063102221,-0.02100015246246164,0.019000222427891254
2.9133913391339132,-0.0010000000192421797,-0.021000152250834056,0.01900022211914721
2.913891389138914,-0.0010000000321200258,-0.021000152039500224,0.01900022181083172
2.9143914391439143,-0.0010000000449437612,-0.021000151828459736,0.01900022150294419
2.914891489148915,-0.001000000057713388,-0.02100015161771219,0.01900022119548403
2.9153915391539154,-0.0010000000704289082,-0.02100015140725717,0.019000220888450645
2.915891589158916,-0.0010000000830903257,-0.021000151197094277,0.01900022058184344
2.9163916391639164,-0.0010000000956976451,-0.021000150987223104,0.019000220275661825
2.9168916891689167,-0.0010000001082508718,-0.021000150777643244,0.01900021996990521
2.9173917391739175,-0.0010000001207500122,-0.021000150568354296,0.019000219664573006
2.917891789178918,-0.0010000001331950737,-0.021000150359355853,0.01900021935966462
2.9183918391839185,-0.0010000001455860643,-0.021000150150647514,0.019000219055179467
2.918891889188919,-0.001000000157922993,-0.021000149942228874,0.019000218751116963
2.9193919391939196,-0.00100000017020587,-0.021000149734099534,0.019000218447476513
2.91989198919892,-0.0010000001824347065,-0.021000149526259088,0.019000218144257536
2.92039203920392,-0.0010000001946095136,-0.02100014931870714,0.019000217841459444
2.920892089208921,-0.0010000002067303043,-0.021000149111443288,0.019000217539081658
2.9213921392139213,-0.0010000002187970924,-0.02100014890446713,0.019000217237123588
2.921892189218922,-0.0010000002308098923,-0.02100014869777827,0.01900021693558466
2.9223922392239223,-0.0010000002427687192,-0.021000148491376304,0.019000216634464284
2.922892289228923,-0.0010000002546735893,-0.02100014828526084,0.019000216333761883
2.9233923392339234,-0.0010000002665245197,-0.021000148079431475,0.019000216033476874
2.9238923892389237,-0.0010000002783215284,-0.021000147873887817,0.01900021573360868
2.9243924392439244,-0.0010000002900646344,-0.02100014766862946,0.019000215434156725
2.9248924892489248,-0.0010000003017538572,-0.021000147463656024,0.01900021513512043
2.9253925392539255,-0.0010000003133892172,-0.021000147258967098,0.01900021483649921
2.925892589258926,-0.001000000324970736,-0.021000147054562296,0.0190002145382925
2.9263926392639266,-0.001000000336498436,-0.021000146850441218,0.01900021424049972
2.926892689268927,-0.0010000003479723398,-0.021000146646603476,0.019000213943120292
2.9273927392739276,-0.0010000003593924717,-0.02100014644304867,0.019000213646153646
2.927892789278928,-0.0010000003707588566,-0.021000146239776415,0.019000213349599213
2.9283928392839282,-0.0010000003820715196,-0.021000146036786314,0.01900021305345641
2.928892889288929,-0.0010000003933304876,-0.021000145834077975,0.019000212757724677
2.9293929392939293,-0.0010000004045357875,-0.02100014563165101,0.019000212462403437
2.92989298929893,-0.0010000004156874476,-0.021000145429505023,0.01900021216749212
2.9303930393039304,-0.0010000004267854965,-0.02100014522763963,0.019000211872990162
2.930893089308931,-0.0010000004378299644,-0.02100014502605444,0.01900021157889699
2.9313931393139314,-0.0010000004488208813,-0.021000144824749063,0.019000211285212038
2.9318931893189317,-0.0010000004597582788,-0.021000144623723106,0.019000210991934736
2.9323932393239325,-0.0010000004706421889,-0.02100014442297619,0.019000210699064525
2.932893289328933,-0.0010000004814726448,-0.021000144222507924,0.019000210406600836
2.9333933393339335,-0.0010000004922496796,-0.02100014402231792,0.019000210114543104
2.933893389338934,-0.0010000005029733284,-0.02100014382240579,0.01900020982289077
2.9343934393439346,-0.0010000005136436264,-0.021000143622771153,0.019000209531643265
2.934893489348935,-0.0010000005242606093,-0.02100014342341362,0.01900020924080003
2.935393539353935,-0.0010000005348243142,-0.021000143224332808,0.019000208950360503
2.935893589358936,-0.0010000005453347789,-0.021000143025528335,0.019000208660324126
2.9363936393639363,-0.0010000005557920413,-0.021000142826999815,0.01900020837069034
2.936893689368937,-0.0010000005661961412,-0.021000142628746863,0.01900020808145858
2.9373937393739373,-0.0010000005765471178,-0.0210001424307691,0.019000207792628298
2.937893789378938,-0.0010000005868450125,-0.021000142233066142,0.019000207504198924
2.9383938393839384,-0.001000000597089866,-0.02100014203563761,0.019000207216169913
2.9388938893889387,-0.0010000006072817212,-0.02100014183848312,0.0190002069285407
2.9393939393939394,-0.0010000006174206207,-0.021000141641602292,0.01900020664131074
2.9398939893989398,-0.001000000627506608,-0.02100014144499475,0.019000206354479472
2.9403940394039405,-0.0010000006375397278,-0.02100014124866011,0.01900020606804634
2.940894089408941,-0.001000000647520025,-0.021000141052597995,0.0190002057820108
2.9413941394139416,-0.0010000006574475459,-0.021000140856808024,0.019000205496372293
2.941894189418942,-0.0010000006673223367,-0.021000140661289825,0.019000205211130272
2.9423942394239426,-0.001000000677144445,-0.021000140466043017,0.019000204926284184
2.942894289428943,-0.0010000006869139186,-0.021000140271067225,0.019000204641833482
2.9433943394339432,-0.0010000006966308064,-0.021000140076362073,0.019000204357777613
2.943894389438944,-0.001000000706295158,-0.02100013988192718,0.019000204074116032
2.9443944394439443,-0.0010000007159070236,-0.021000139687762178,0.019000203790848193
2.944894489448945,-0.0010000007254664539,-0.021000139493866688,0.01900020350797355
2.9453945394539454,-0.0010000007349735005,-0.021000139300240337,0.01900020322549155
2.945894589458946,-0.001000000744428216,-0.021000139106882754,0.019000202943401656
2.9463946394639464,-0.0010000007538306529,-0.021000138913793563,0.019000202661703318
2.9468946894689467,-0.0010000007631808653,-0.02100013872097239,0.019000202380395997
2.9473947394739475,-0.0010000007724789077,-0.021000138528418866,0.019000202099479148
2.947894789478948,-0.0010000007817248346,-0.02100013833613262,0.01900020181895223
2.9483948394839485,-0.001000000790918702,-0.021000138144113275,0.019000201538814702
2.948894889488949,-0.0010000008000605666,-0.02100013795236047,0.01900020125906602
2.9493949394939496,-0.0010000008091504851,-0.021000137760873828,0.01900020097970565
2.94989498949895,-0.0010000008181885154,-0.021000137569652983,0.019000200700733046
2.95039503950395,-0.0010000008271747157,-0.02100013737869756,0.019000200422147676
2.950895089508951,-0.0010000008361091455,-0.021000137188007202,0.019000200143949004
2.9513951395139513,-0.001000000844991864,-0.02100013699758153,0.019000199866136484
2.951895189518952,-0.0010000008538229319,-0.021000136807420182,0.019000199588709587
2.9523952395239523,-0.00100000086260241,-0.021000136617522792,0.019000199311667777
2.952895289528953,-0.0010000008713303603,-0.021000136427888987,0.019000199035010518
2.9533953395339534,-0.001000000880006845,-0.02100013623851841,0.019000198758737277
2.9538953895389537,-0.0010000008886319267,-0.02100013604941069,0.019000198482847522
2.9543954395439544,-0.0010000008972056694,-0.021000135860565462,0.019000198207340717
2.9548954895489548,-0.0010000009057281373,-0.021000135671982365,0.019000197932216335
2.9553955395539555,-0.0010000009141993948,-0.021000135483661034,0.019000197657473843
2.955895589558956,-0.0010000009226195077,-0.021000135295601106,0.019000197383112708
2.9563956395639566,-0.0010000009309885421,-0.021000135107802215,0.019000197109132408
2.956895689568957,-0.0010000009393065644,-0.021000134920264,0.019000196835532408
2.9573957395739576,-0.0010000009475736422,-0.0210001347329861,0.01900019656231218
2.957895789578958,-0.0010000009557898433,-0.021000134545968156,0.0190001962894712
2.9583958395839582,-0.0010000009639552364,-0.0210001343592098,0.019000196017008943
2.958895889588959,-0.00100000097206989,-0.021000134172710683,0.01900019574492488
2.9593959395939593,-0.0010000009801338745,-0.021000133986470434,0.019000195473218486
2.95989598959896,-0.00100000098814726,-0.0210001338004887,0.01900019520188924
2.9603960396039604,-0.0010000009961101172,-0.02100013361476512,0.019000194930936614
2.960896089608961,-0.0010000010040225175,-0.021000133429299336,0.019000194660360088
2.9613961396139614,-0.0010000010118845334,-0.02100013324409099,0.019000194390159143
2.9618961896189617,-0.001000001019696237,-0.021000133059139725,0.01900019412033325
2.9623962396239625,-0.0010000010274577018,-0.021000132874445188,0.01900019385088189
2.962896289628963,-0.0010000010351690018,-0.021000132690007015,0.01900019358180455
2.9633963396339635,-0.0010000010428302109,-0.021000132505824852,0.019000193313100707
2.963896389638964,-0.0010000010504414042,-0.02100013232189835,0.01900019304476984
2.9643964396439646,-0.001000001058002657,-0.021000132138227146,0.019000192776811434
2.964896489648965,-0.0010000010655140457,-0.021000131954810892,0.01900019250922497
2.965396539653965,-0.0010000010729756465,-0.02100013177164923,0.019000192242009932
2.965896589658966,-0.0010000010803875366,-0.021000131588741807,0.01900019197516581
2.9663966396639663,-0.0010000010877497937,-0.021000131406088272,0.01900019170869208
2.966896689668967,-0.0010000010950624962,-0.02100013122368827,0.019000191442588237
2.9673967396739673,-0.0010000011023257225,-0.021000131041541456,0.01900019117685376
2.967896789678968,-0.0010000011095395523,-0.02100013085964747,0.01900019091148814
2.9683968396839684,-0.0010000011167040647,-0.021000130678005963,0.01900019064649086
2.9688968896889687,-0.001000001123819341,-0.02100013049661659,0.01900019038186142
2.9693969396939695,-0.0010000011308854613,-0.021000130315478992,0.0190001901175993
2.9698969896989698,-0.001000001137902507,-0.02100013013459283,0.01900018985370399
2.9703970397039705,-0.0010000011448705606,-0.021000129953957745,0.019000189590174986
2.970897089708971,-0.0010000011517897038,-0.021000129773573396,0.01900018932701178
2.9713971397139716,-0.0010000011586600202,-0.02100012959343943,0.019000189064213857
2.971897189718972,-0.0010000011654815925,-0.0210001294135555,0.019000188801780716
2.9723972397239726,-0.001000001172254505,-0.021000129233921264,0.019000188539711846
2.972897289728973,-0.0010000011789788423,-0.021000129054536368,0.019000188278006747
2.9733973397339732,-0.001000001185654689,-0.02100012887540047,0.01900018801666491
2.973897389738974,-0.0010000011922821307,-0.02100012869651323,0.01900018775568583
2.9743974397439743,-0.0010000011988612531,-0.02100012851787429,0.019000187495069012
2.974897489748975,-0.001000001205392143,-0.021000128339483316,0.01900018723481394
2.9753975397539754,-0.0010000012118748865,-0.02100012816133996,0.019000186974920123
2.975897589758976,-0.0010000012183095717,-0.021000127983443875,0.019000186715387054
2.9763976397639764,-0.001000001224696286,-0.021000127805794723,0.019000186456214232
2.9768976897689767,-0.0010000012310351176,-0.021000127628392158,0.01900018619740116
2.9773977397739775,-0.0010000012373261556,-0.02100012745123584,0.019000185938947336
2.977897789778978,-0.0010000012435694892,-0.021000127274325427,0.019000185680852263
2.9783978397839785,-0.0010000012497652076,-0.021000127097660578,0.01900018542311544
2.978897889788979,-0.0010000012559134013,-0.02100012692124095,0.01900018516573638
2.9793979397939796,-0.001000001262014161,-0.0210001267450662,0.01900018490871457
2.97989798979898,-0.0010000012680675772,-0.021000126569135996,0.019000184652049525
2.98039803980398,-0.001000001274073742,-0.021000126393449992,0.01900018439574075
2.980898089808981,-0.001000001280032747,-0.021000126218007852,0.019000184139787744
2.9813981398139813,-0.0010000012859446843,-0.02100012604280924,0.019000183884190017
2.981898189818982,-0.0010000012918096471,-0.02100012586785381,0.01900018362894708
2.9823982398239823,-0.0010000012976277286,-0.021000125693141233,0.01900018337405843
2.982898289828983,-0.0010000013033990222,-0.021000125518671166,0.019000183119523586
2.9833983398339834,-0.001000001309123622,-0.021000125344443274,0.019000182865342052
2.9838983898389837,-0.0010000013148016228,-0.021000125170457223,0.01900018261151334
2.9843984398439845,-0.0010000013204331192,-0.021000124996712676,0.019000182358036955
2.9848984898489848,-0.0010000013260182067,-0.021000124823209298,0.019000182104912413
2.9853985398539855,-0.001000001331556981,-0.02100012464994675,0.019000181852139225
2.985898589858986,-0.0010000013370495384,-0.021000124476924703,0.019000181599716903
2.9863986398639866,-0.001000001342495975,-0.021000124304142824,0.019000181347644956
2.986898689868987,-0.0010000013478963883,-0.021000124131600774,0.019000181095922903
2.9873987398739876,-0.0010000013532508753,-0.021000123959298227,0.019000180844550255
2.987898789878988,-0.0010000013585595338,-0.021000123787234846,0.01900018059352653
2.9883988398839882,-0.001000001363822462,-0.021000123615410298,0.01900018034285124
2.988898889888989,-0.0010000013690397587,-0.021000123443824254,0.0190001800925239
2.9893989398939893,-0.0010000013742115224,-0.02100012327247638,0.019000179842544034
2.98989898989899,-0.0010000013793378525,-0.021000123101366352,0.019000179592911157
2.9903990399039904,-0.0010000013844188487,-0.021000122930493834,0.019000179343624784
2.990899089908991,-0.001000001389454611,-0.0210001227598585,0.01900017909468444
2.9913991399139914,-0.0010000013944452399,-0.021000122589460015,0.019000178846089635
2.9918991899189917,-0.0010000013993908363,-0.021000122419298054,0.019000178597839902
2.9923992399239925,-0.001000001404291501,-0.02100012224937229,0.01900017834993475
2.992899289928993,-0.001000001409147336,-0.021000122079682392,0.01900017810237371
2.9933993399339935,-0.0010000014139584428,-0.02100012191022804,0.0190001778551563
2.993899389938994,-0.0010000014187249238,-0.021000121741008893,0.01900017760828204
2.9943994399439946,-0.0010000014234468814,-0.02100012157202464,0.01900017736175046
2.994899489948995,-0.0010000014281244189,-0.021000121403274945,0.01900017711556108
2.995399539953995,-0.0010000014327576391,-0.021000121234759486,0.01900017686971343
2.995899589958996,-0.0010000014373466458,-0.021000121066477934,0.019000176624207027
2.9963996399639963,-0.0010000014418915433,-0.021000120898429973,0.019000176379041406
2.996899689968997,-0.0010000014463924353,-0.02100012073061527,0.01900017613421609
2.9973997399739973,-0.0010000014508494267,-0.021000120563033502,0.019000175889730606
2.997899789978998,-0.0010000014552626227,-0.021000120395684354,0.019000175645584486
2.9983998399839984,-0.0010000014596321283,-0.021000120228567492,0.01900017540177725
2.9988998899889987,-0.001000001463958049,-0.021000120061682604,0.01900017515830844
2.9993999399939995,-0.001000001468240491,-0.021000119895029357,0.01900017491517758
2.9998999899989998,-0.0010000014724795604,-0.02100011972860744,0.0190001746723842
3.000400040004,-0.0010000014766753636,-0.021000119562416524,0.01900017442992783
3.000900090009001,-0.001000001480828008,-0.021000119396456293,0.01900017418780801
3.0014001400140016,-0.0010000014849376,-0.021000119230726425,0.019000173946024265
3.0019001900190023,-0.0010000014890042476,-0.021000119065226603,0.01900017370457613
3.002400240024002,-0.0010000014930280586,-0.021000118899956503,0.01900017346346314
3.002900290029003,-0.0010000014970091408,-0.021000118734915807,0.01900017322268483
3.0034003400340037,-0.0010000015009476026,-0.0210001185701042,0.01900017298224074
3.0039003900390036,-0.001000001504843553,-0.02100011840552136,0.019000172742130398
3.0044004400440043,-0.0010000015086971004,-0.021000118241166973,0.019000172502353346
3.004900490049005,-0.0010000015125083545,-0.021000118077040723,0.019000172262909117
3.005400540054006,-0.0010000015162774244,-0.021000117913142286,0.019000172023797255
3.0059005900590057,-0.0010000015200044203,-0.021000117749471355,0.019000171785017294
3.0064006400640064,-0.0010000015236894522,-0.021000117586027607,0.019000171546568776
3.006900690069007,-0.0010000015273326302,-0.02100011742281073,0.019000171308451237
3.007400740074007,-0.001000001530934065,-0.021000117259820407,0.01900017107066422
3.007900790079008,-0.0010000015344938675,-0.021000117097056323,0.01900017083320727
3.0084008400840085,-0.001000001538012149,-0.02100011693451817,0.019000170596079925
3.0089008900890093,-0.0010000015414890209,-0.02100011677220563,0.019000170359281726
3.009400940094009,-0.0010000015449245945,-0.02100011661011839,0.01900017012281222
3.00990099009901,-0.001000001548318982,-0.021000116448256133,0.019000169886670946
3.0104010401040107,-0.0010000015516722954,-0.021000116286618555,0.019000169650857452
3.0109010901090105,-0.0010000015549846474,-0.021000116125205342,0.019000169415371283
3.0114011401140113,-0.0010000015582561504,-0.021000115964016176,0.01900016918021198
3.011901190119012,-0.0010000015614869174,-0.021000115803050754,0.0190001689453791
3.012401240124013,-0.0010000015646770618,-0.02100011564230876,0.01900016871087218
3.0129012901290126,-0.0010000015678266964,-0.02100011548178989,0.019000168476690768
3.0134013401340134,-0.0010000015709359352,-0.021000115321493828,0.019000168242834417
3.013901390139014,-0.0010000015740048922,-0.021000115161420266,0.01900016800930267
3.014401440144014,-0.001000001577033681,-0.021000115001568898,0.019000167776095086
3.0149014901490148,-0.0010000015800224163,-0.021000114841939414,0.019000167543211204
3.0154015401540155,-0.0010000015829712122,-0.021000114682531504,0.01900016731065058
3.0159015901590163,-0.0010000015858801841,-0.021000114523344864,0.019000167078412768
3.016401640164016,-0.0010000015887494465,-0.021000114364379183,0.019000166846497316
3.016901690169017,-0.0010000015915791144,-0.02100011420563416,0.019000166614903776
3.0174017401740176,-0.0010000015943693037,-0.021000114047109483,0.0190001663836317
3.0179017901790175,-0.0010000015971201295,-0.02100011388880485,0.019000166152680648
3.0184018401840182,-0.0010000015998317079,-0.02100011373071995,0.019000165922050172
3.018901890189019,-0.0010000016025041548,-0.021000113572854487,0.019000165691739825
3.0194019401940198,-0.0010000016051375865,-0.021000113415208146,0.01900016546174916
3.0199019901990196,-0.0010000016077321191,-0.02100011325778063,0.01900016523207774
3.0204020402040204,-0.0010000016102878694,-0.021000113100571635,0.019000165002725118
3.020902090209021,-0.001000001612804954,-0.021000112943580857,0.01900016477369085
3.021402140214021,-0.0010000016152834903,-0.02100011278680799,0.0190001645449745
3.0219021902190217,-0.001000001617723595,-0.021000112630252733,0.01900016431657562
3.0224022402240225,-0.0010000016201253856,-0.021000112473914787,0.01900016408849377
3.0229022902290232,-0.0010000016224889796,-0.021000112317793848,0.019000163860728517
3.023402340234023,-0.0010000016248144946,-0.02100011216188961,0.019000163633279412
3.023902390239024,-0.0010000016271020486,-0.021000112006201783,0.019000163406146024
3.0244024402440246,-0.0010000016293517594,-0.021000111850730058,0.01900016317932791
3.0249024902490254,-0.0010000016315637455,-0.02100011169547414,0.019000162952824636
3.025402540254025,-0.001000001633738125,-0.021000111540433724,0.01900016272663576
3.025902590259026,-0.0010000016358750166,-0.021000111385608512,0.01900016250076085
3.0264026402640267,-0.0010000016379745388,-0.021000111230998212,0.01900016227519947
3.0269026902690266,-0.0010000016400368106,-0.021000111076602518,0.019000162049951183
3.0274027402740273,-0.001000001642061951,-0.021000110922421135,0.019000161825015554
3.027902790279028,-0.001000001644050079,-0.02100011076845377,0.01900016160039215
3.028402840284029,-0.0010000016460013142,-0.021000110614700116,0.019000161376080536
3.0289028902890287,-0.0010000016479157756,-0.021000110461159884,0.019000161152080284
3.0294029402940295,-0.0010000016497935832,-0.021000110307832776,0.019000160928390956
3.02990299029903,-0.0010000016516348565,-0.021000110154718494,0.019000160705012124
3.03040304030403,-0.0010000016534397152,-0.021000110001816747,0.019000160481943355
3.030903090309031,-0.0010000016552082797,-0.021000109849127237,0.01900016025918422
3.0314031403140316,-0.00100000165694067,-0.021000109696649668,0.01900016003673429
3.0319031903190323,-0.0010000016586370062,-0.021000109544383746,0.019000159814593135
3.032403240324032,-0.001000001660297409,-0.021000109392329182,0.019000159592760326
3.032903290329033,-0.0010000016619219983,-0.02100010924048568,0.019000159371235434
3.0334033403340337,-0.0010000016635108955,-0.021000109088852942,0.019000159150018035
3.0339033903390336,-0.0010000016650642209,-0.021000108937430685,0.019000158929107697
3.0344034403440343,-0.0010000016665820954,-0.021000108786218608,0.019000158708503998
3.034903490349035,-0.0010000016680646402,-0.021000108635216425,0.01900015848820651
3.035403540354036,-0.0010000016695119764,-0.02100010848442384,0.019000158268214808
3.0359035903590357,-0.001000001670924225,-0.02100010833384057,0.01900015804852847
3.0364036403640364,-0.0010000016723015074,-0.021000108183466315,0.01900015782914707
3.036903690369037,-0.0010000016736439448,-0.02100010803330079,0.019000157610070185
3.037403740374037,-0.0010000016749516594,-0.021000107883343704,0.019000157391297394
3.037903790379038,-0.001000001676224772,-0.02100010773359477,0.019000157172828273
3.0384038403840385,-0.001000001677463405,-0.02100010758405369,0.019000156954662402
3.0389038903890393,-0.0010000016786676797,-0.02100010743472019,0.019000156736799355
3.039403940394039,-0.0010000016798377184,-0.021000107285593973,0.01900015651923872
3.03990399039904,-0.0010000016809736429,-0.021000107136674752,0.01900015630198007
3.0404040404040407,-0.0010000016820755752,-0.02100010698796224,0.019000156085022993
3.0409040904090405,-0.0010000016831436375,-0.02100010683945615,0.019000155868367063
3.0414041404140413,-0.0010000016841779523,-0.021000106691156196,0.019000155652011866
3.041904190419042,-0.0010000016851786416,-0.021000106543062093,0.019000155435956984
3.042404240424043,-0.0010000016861458282,-0.02100010639517355,0.019000155220201997
3.0429042904290426,-0.0010000016870796342,-0.021000106247490293,0.019000155004746496
3.0434043404340434,-0.001000001687980182,-0.021000106100012024,0.01900015478959006
3.043904390439044,-0.001000001688847595,-0.021000105952738466,0.01900015457473227
3.044404440444044,-0.001000001689681995,-0.02100010580566933,0.019000154360172723
3.0449044904490448,-0.0010000016904835054,-0.021000105658804342,0.019000154145910993
3.0454045404540455,-0.0010000016912522487,-0.021000105512143208,0.019000153931946675
3.0459045904590463,-0.0010000016919883478,-0.021000105365685647,0.01900015371827935
3.046404640464046,-0.0010000016926919257,-0.02100010521943138,0.019000153504908614
3.046904690469047,-0.0010000016933631051,-0.021000105073380126,0.01900015329183405
3.0474047404740476,-0.0010000016940020097,-0.0210001049275316,0.01900015307905524
3.0479047904790475,-0.001000001694608762,-0.021000104781885517,0.019000152866571786
3.0484048404840483,-0.0010000016951834851,-0.021000104636441603,0.019000152654383273
3.048904890489049,-0.0010000016957263027,-0.021000104491199573,0.019000152442489288
3.0494049404940498,-0.0010000016962373377,-0.02100010434615915,0.01900015223088943
3.0499049904990496,-0.0010000016967167131,-0.02100010420132005,0.01900015201958328
3.0504050405040504,-0.0010000016971645528,-0.021000104056681995,0.01900015180857044
3.050905090509051,-0.0010000016975809797,-0.02100010391224471,0.019000151597850498
3.051405140514051,-0.0010000016979661173,-0.021000103768007913,0.01900015138742305
3.0519051905190517,-0.0010000016983200892,-0.02100010362397132,0.019000151177287688
3.0524052405240525,-0.0010000016986430184,-0.021000103480134667,0.019000150967444007
3.0529052905290532,-0.0010000016989350287,-0.021000103336497666,0.0190001507578916
3.053405340534053,-0.0010000016991962436,-0.02100010319306004,0.01900015054863007
3.053905390539054,-0.0010000016994267866,-0.021000103049821518,0.019000150339659003
3.0544054405440546,-0.001000001699626781,-0.021000102906781816,0.019000150130978007
3.0549054905490554,-0.0010000016997963506,-0.021000102763940664,0.019000149922586668
3.055405540554055,-0.0010000016999356187,-0.021000102621297784,0.01900014971448459
3.055905590559056,-0.0010000017000447092,-0.021000102478852905,0.019000149506671376
3.0564056405640567,-0.0010000017001237456,-0.021000102336605743,0.019000149299146615
3.0569056905690566,-0.0010000017001728515,-0.021000102194556034,0.019000149091909915
3.0574057405740573,-0.0010000017001921503,-0.021000102052703497,0.01900014888496087
3.057905790579058,-0.0010000017001817658,-0.02100010191104786,0.019000148678299085
3.058405840584059,-0.0010000017001418216,-0.02100010176958885,0.019000148471924157
3.0589058905890587,-0.0010000017000724414,-0.021000101628326193,0.01900014826583569
3.0594059405940595,-0.0010000016999737486,-0.021000101487259618,0.019000148060033292
3.05990599059906,-0.001000001699845867,-0.021000101346388855,0.01900014785451656
3.06040604060406,-0.00100000169968892,-0.021000101205713627,0.019000147649285096
3.060906090609061,-0.0010000016995030314,-0.021000101065233666,0.019000147444338505
3.0614061406140616,-0.0010000016992883249,-0.0210001009249487,0.019000147239676395
3.0619061906190623,-0.0010000016990449237,-0.02100010078485846,0.01900014703529837
3.062406240624062,-0.0010000016987729515,-0.02100010064496267,0.01900014683120403
3.062906290629063,-0.0010000016984725321,-0.02100010050526107,0.01900014662739299
3.0634063406340637,-0.0010000016981437888,-0.02100010036575338,0.019000146423864855
3.0639063906390636,-0.0010000016977868452,-0.021000100226439337,0.019000146220619227
3.0644064406440643,-0.0010000016974018246,-0.02100010008731867,0.019000146017655716
3.064906490649065,-0.0010000016969888507,-0.021000099948391113,0.01900014581497393
3.065406540654066,-0.0010000016965480466,-0.021000099809656395,0.019000145612573485
3.0659065906590657,-0.0010000016960795362,-0.021000099671114252,0.01900014541045398
3.0664066406640664,-0.0010000016955834423,-0.02100009953276441,0.01900014520861503
3.066906690669067,-0.0010000016950598887,-0.02100009939460661,0.019000145007056244
3.067406740674067,-0.0010000016945089986,-0.02100009925664058,0.019000144805777237
3.067906790679068,-0.001000001693930895,-0.021000099118866057,0.019000144604777617
3.0684068406840685,-0.0010000016933257017,-0.021000098981282772,0.019000144404057
3.0689068906890693,-0.0010000016926935411,-0.021000098843890463,0.019000144203614993
3.069406940694069,-0.001000001692034537,-0.021000098706688862,0.01900014400345121
3.06990699069907,-0.0010000016913488123,-0.021000098569677706,0.01900014380356527
3.0704070407040707,-0.00100000169063649,-0.02100009843285673,0.019000143603956788
3.0709070907090705,-0.0010000016898976932,-0.02100009829622567,0.01900014340462537
3.0714071407140713,-0.0010000016891325446,-0.021000098159784264,0.019000143205570637
3.071907190719072,-0.0010000016883411674,-0.021000098023532247,0.019000143006792206
3.072407240724073,-0.0010000016875236844,-0.021000097887469357,0.019000142808289693
3.0729072907290726,-0.0010000016866802183,-0.02100009775159533,0.019000142610062713
3.0734073407340734,-0.0010000016858108917,-0.021000097615909905,0.019000142412110885
3.073907390739074,-0.0010000016849158275,-0.02100009748041282,0.019000142214433826
3.074407440744074,-0.0010000016839951484,-0.021000097345103812,0.019000142017031155
3.0749074907490748,-0.0010000016830489767,-0.021000097209982624,0.01900014181990249
3.0754075407540755,-0.001000001682077435,-0.02100009707504899,0.019000141623047456
3.0759075907590763,-0.0010000016810806458,-0.021000096940302655,0.01900014142646567
3.076407640764076,-0.0010000016800587313,-0.021000096805743353,0.01900014123015675
3.076907690769077,-0.001000001679011814,-0.021000096671370833,0.019000141034120316
3.0774077407740776,-0.0010000016779400155,-0.021000096537184827,0.019000140838355998
3.0779077907790775,-0.0010000016768434586,-0.021000096403185082,0.01900014064286341
3.0784078407840783,-0.0010000016757222652,-0.021000096269371334,0.01900014044764218
3.078907890789079,-0.001000001674576557,-0.02100009613574333,0.01900014025269193
3.0794079407940798,-0.0010000016734064562,-0.021000096002300808,0.01900014005801228
3.0799079907990796,-0.0010000016722120843,-0.021000095869043518,0.01900013986360286
3.0804080408040804,-0.0010000016709935632,-0.021000095735971194,0.019000139669463293
3.080908090809081,-0.0010000016697510148,-0.021000095603083583,0.019000139475593203
3.081408140814081,-0.0010000016684845602,-0.021000095470380425,0.019000139281992217
3.0819081908190817,-0.001000001667194321,-0.02100009533786147,0.01900013908865996
3.0824082408240825,-0.0010000016658804187,-0.021000095205526464,0.019000138895596066
3.0829082908290832,-0.0010000016645429744,-0.021000095073375143,0.01900013870280015
3.083408340834083,-0.0010000016631821094,-0.021000094941407258,0.019000138510271852
3.083908390839084,-0.0010000016617979447,-0.021000094809622553,0.019000138318010795
3.0844084408440846,-0.0010000016603906015,-0.021000094678020772,0.019000138126016607
3.0849084908490854,-0.0010000016589602006,-0.021000094546601664,0.019000137934288917
3.0854085408540852,-0.0010000016575068627,-0.021000094415364972,0.019000137742827362
3.085908590859086,-0.0010000016560307084,-0.021000094284310447,0.019000137551631564
3.0864086408640867,-0.0010000016545318583,-0.021000094153437832,0.01900013736070116
3.0869086908690866,-0.0010000016530104332,-0.021000094022746878,0.01900013717003578
3.0874087408740873,-0.0010000016514665534,-0.021000093892237334,0.019000136979635054
3.087908790879088,-0.0010000016499003388,-0.021000093761908943,0.019000136789498617
3.088408840884089,-0.0010000016483119097,-0.021000093631761453,0.019000136599626103
3.0889088908890887,-0.0010000016467013862,-0.02100009350179462,0.019000136410017143
3.0894089408940895,-0.0010000016450688882,-0.02100009337200819,0.01900013622067137
3.08990899089909,-0.0010000016434145358,-0.02100009324240191,0.019000136031588424
3.09040904090409,-0.0010000016417384481,-0.02100009311297553,0.019000135842767937
3.090909090909091,-0.001000001640040745,-0.021000092983728805,0.019000135654209542
3.0914091409140916,-0.001000001638321546,-0.02100009285466148,0.01900013546591288
3.0919091909190923,-0.0010000016365809702,-0.02100009272577331,0.019000135277877583
3.092409240924092,-0.001000001634819137,-0.021000092597064045,0.019000135090103294
3.092909290929093,-0.0010000016330361653,-0.021000092468533436,0.019000134902589647
3.0934093409340937,-0.0010000016312321743,-0.021000092340181235,0.01900013471533628
3.0939093909390936,-0.0010000016294072827,-0.021000092212007198,0.019000134528342837
3.0944094409440943,-0.001000001627561609,-0.021000092084011074,0.019000134341608948
3.094909490949095,-0.001000001625695272,-0.021000091956192613,0.019000134155134258
3.095409540954096,-0.00100000162380839,-0.021000091828551577,0.01900013396891841
3.0959095909590957,-0.0010000016219010813,-0.02100009170108771,0.01900013378296104
3.0964096409640964,-0.0010000016199734642,-0.021000091573800776,0.019000133597261788
3.096909690969097,-0.0010000016180256566,-0.02100009144669052,0.0190001334118203
3.097409740974097,-0.0010000016160577763,-0.021000091319756706,0.019000133226636216
3.097909790979098,-0.001000001614069941,-0.02100009119299908,0.01900013304170918
3.0984098409840986,-0.0010000016120622686,-0.0210000910664174,0.019000132857038835
3.0989098909890993,-0.001000001610034876,-0.02100009094001143,0.019000132672624823
3.099409940994099,-0.001000001607987881,-0.021000090813780917,0.01900013248846679
3.0999099909991,-0.0010000016059214009,-0.02100009068772562,0.01900013230456438
3.1004100410041007,-0.001000001603835552,-0.02100009056184529,0.019000132120917237
3.1009100910091005,-0.0010000016017304519,-0.021000090436139696,0.01900013193752501
3.1014101410141013,-0.0010000015996062168,-0.021000090310608586,0.01900013175438734
3.101910191019102,-0.0010000015974629634,-0.021000090185251726,0.01900013157150388
3.102410241024103,-0.0010000015953008081,-0.021000090060068866,0.019000131388874273
3.1029102910291027,-0.0010000015931198674,-0.02100008993505977,0.019000131206498166
3.1034103410341034,-0.001000001590920257,-0.02100008981022419,0.01900013102437521
3.103910391039104,-0.001000001588702093,-0.02100008968556189,0.019000130842505052
3.104410441044104,-0.0010000015864654913,-0.021000089561072632,0.019000130660887342
3.1049104910491048,-0.0010000015842105674,-0.021000089436756176,0.01900013047952173
3.1054105410541055,-0.0010000015819374368,-0.021000089312612276,0.01900013029840786
3.1059105910591063,-0.0010000015796462146,-0.021000089188640693,0.019000130117545394
3.106410641064106,-0.001000001577337016,-0.021000089064841194,0.019000129936933972
3.106910691069107,-0.0010000015750099562,-0.021000088941213534,0.019000129756573253
3.1074107410741076,-0.0010000015726651498,-0.02100008881775748,0.019000129576462885
3.1079107910791075,-0.0010000015703027115,-0.02100008869447279,0.01900012939660252
3.1084108410841083,-0.0010000015679227556,-0.021000088571359224,0.019000129216991814
3.108910891089109,-0.0010000015655253966,-0.02100008844841655,0.01900012903763042
3.1094109410941098,-0.0010000015631107483,-0.02100008832564453,0.01900012885851799
3.1099109910991096,-0.001000001560678925,-0.021000088203042923,0.019000128679654178
3.1104110411041104,-0.0010000015582300402,-0.021000088080611493,0.019000128501038643
3.110911091109111,-0.0010000015557642078,-0.021000087958350008,0.019000128322671037
3.111411141114112,-0.0010000015532815407,-0.02100008783625823,0.019000128144551015
3.1119111911191117,-0.0010000015507821527,-0.02100008771433592,0.019000127966678236
3.1124112411241125,-0.0010000015482661564,-0.02100008759258285,0.019000127789052357
3.1129112911291132,-0.0010000015457336648,-0.02100008747099878,0.01900012761167303
3.113411341134113,-0.001000001543184791,-0.021000087349583477,0.01900012743453992
3.113911391139114,-0.0010000015406196466,-0.021000087228336704,0.019000127257652683
3.1144114411441146,-0.001000001538038345,-0.02100008710725823,0.019000127081010974
3.1149114911491154,-0.0010000015354409975,-0.02100008698634782,0.019000126904614455
3.1154115411541152,-0.0010000015328277163,-0.02100008686560524,0.01900012672846279
3.115911591159116,-0.0010000015301986135,-0.021000086745030264,0.01900012655255563
3.1164116411641167,-0.0010000015275538,-0.02100008662462265,0.01900012637689264
3.1169116911691166,-0.0010000015248933878,-0.02100008650438217,0.019000126201473486
3.1174117411741173,-0.001000001522217488,-0.02100008638430859,0.01900012602629782
3.117911791179118,-0.0010000015195262113,-0.021000086264401682,0.01900012585136531
3.118411841184119,-0.0010000015168196686,-0.02100008614466121,0.01900012567667562
3.1189118911891187,-0.0010000015140979705,-0.021000086025086948,0.019000125502228408
3.1194119411941195,-0.0010000015113612276,-0.021000085905678662,0.01900012532802334
3.11991199119912,-0.0010000015086095498,-0.02100008578643612,0.019000125154060084
3.12041204120412,-0.0010000015058430475,-0.021000085667359097,0.019000124980338293
3.120912091209121,-0.0010000015030618302,-0.02100008554844736,0.019000124806857643
3.1214121412141216,-0.0010000015002660076,-0.02100008542970068,0.019000124633617797
3.1219121912191223,-0.0010000014974556892,-0.021000085311118827,0.019000124460618415
3.122412241224122,-0.0010000014946309843,-0.02100008519270157,0.019000124287859167
3.122912291229123,-0.0010000014917920016,-0.02100008507444869,0.019000124115339724
3.1234123412341237,-0.00100000148893885,-0.02100008495635995,0.019000123943059746
3.1239123912391236,-0.0010000014860716384,-0.021000084838435122,0.019000123771018902
3.1244124412441243,-0.0010000014831904748,-0.021000084720673984,0.019000123599216864
3.124912491249125,-0.0010000014802954676,-0.021000084603076306,0.0190001234276533
3.125412541254126,-0.0010000014773867247,-0.021000084485641862,0.019000123256327873
3.1259125912591257,-0.0010000014744643538,-0.021000084368370423,0.01900012308524026
3.1264126412641264,-0.0010000014715284627,-0.021000084251261764,0.019000122914390124
3.126912691269127,-0.0010000014685791585,-0.021000084134315658,0.019000122743777142
3.127412741274127,-0.0010000014656165483,-0.02100008401753188,0.01900012257340098
3.127912791279128,-0.0010000014626407392,-0.02100008390091021,0.01900012240326131
3.1284128412841286,-0.0010000014596518378,-0.021000083784450417,0.019000122233357807
3.1289128912891293,-0.0010000014566499506,-0.021000083668152276,0.019000122063690138
3.129412941294129,-0.001000001453635184,-0.021000083552015564,0.019000121894257982
3.12991299129913,-0.0010000014506076438,-0.021000083436040057,0.019000121725061006
3.1304130413041307,-0.001000001447567436,-0.021000083320225533,0.019000121556098887
3.1309130913091305,-0.001000001444514666,-0.021000083204571765,0.0190001213873713
3.1314131413141313,-0.0010000014414494396,-0.021000083089078532,0.019000121218877914
3.131913191319132,-0.0010000014383718615,-0.02100008297374561,0.01900012105061841
3.132413241324133,-0.0010000014352820371,-0.021000082858572782,0.01900012088259246
3.1329132913291327,-0.0010000014321800707,-0.021000082743559818,0.01900012071479974
3.1334133413341334,-0.0010000014290660673,-0.0210000826287065,0.01900012054723993
3.133913391339134,-0.0010000014259401308,-0.021000082514012603,0.0190001203799127
3.134413441344134,-0.001000001422802365,-0.021000082399477912,0.01900012021281773
3.1349134913491348,-0.0010000014196528744,-0.021000082285102202,0.019000120045954704
3.1354135413541355,-0.001000001416491762,-0.02100008217088525,0.01900011987932329
3.1359135913591363,-0.0010000014133191317,-0.02100008205682684,0.01900011971292317
3.136413641364136,-0.0010000014101350862,-0.02100008194292675,0.01900011954675403
3.136913691369137,-0.0010000014069397284,-0.021000081829184763,0.019000119380815538
3.1374137413741376,-0.0010000014037331614,-0.021000081715600655,0.01900011921510738
3.1379137913791375,-0.0010000014005154872,-0.02100008160217421,0.019000119049629238
3.1384138413841383,-0.0010000013972868082,-0.021000081488905205,0.019000118884380787
3.138913891389139,-0.0010000013940472264,-0.021000081375793428,0.019000118719361712
3.1394139413941398,-0.0010000013907968436,-0.021000081262838657,0.019000118554571694
3.1399139913991396,-0.0010000013875357612,-0.02100008115004067,0.019000118390010416
3.1404140414041404,-0.0010000013842640806,-0.02100008103739926,0.01900011822567756
3.140914091409141,-0.0010000013809819026,-0.0210000809249142,0.01900011806157281
3.141414141414142,-0.001000001377689328,-0.021000080812585278,0.019000117897695845
3.1419141914191417,-0.0010000013743864577,-0.021000080700412274,0.019000117734046352
3.1424142414241425,-0.001000001371073392,-0.021000080588394976,0.019000117570624014
3.1429142914291432,-0.0010000013677502306,-0.02100008047653316,0.01900011740742852
3.143414341434143,-0.0010000013644170735,-0.02100008036482662,0.019000117244459547
3.143914391439144,-0.0010000013610740204,-0.021000080253275134,0.019000117081716787
3.1444144414441446,-0.0010000013577211705,-0.02100008014187849,0.019000116919199925
3.1449144914491454,-0.0010000013543586233,-0.02100008003063647,0.019000116756908648
3.1454145414541452,-0.0010000013509864772,-0.021000079919548862,0.019000116594842638
3.145914591459146,-0.0010000013476048311,-0.02100007980861545,0.019000116433001587
3.1464146414641467,-0.0010000013442137833,-0.02100007969783602,0.019000116271385183
3.1469146914691466,-0.0010000013408134319,-0.02100007958721036,0.019000116109993113
3.1474147414741473,-0.001000001337403875,-0.021000079476738254,0.019000115948825065
3.147914791479148,-0.00100000133398521,-0.021000079366419493,0.01900011578788073
3.148414841484149,-0.0010000013305575344,-0.02100007925625386,0.019000115627159794
3.1489148914891487,-0.0010000013271209453,-0.021000079146241142,0.01900011546666195
3.1494149414941495,-0.0010000013236755396,-0.021000079036381132,0.019000115306386886
3.14991499149915,-0.0010000013202214142,-0.021000078926673615,0.019000115146334293
3.15041504150415,-0.0010000013167586652,-0.021000078817118375,0.019000114986503867
3.150915091509151,-0.001000001313287389,-0.021000078707715208,0.019000114826895294
3.1514151415141516,-0.0010000013098076812,-0.0210000785984639,0.019000114667508266
3.1519151915191523,-0.0010000013063196376,-0.021000078489364235,0.019000114508342478
3.152415241524152,-0.0010000013028233536,-0.02100007838041601,0.019000114349397624
3.152915291529153,-0.0010000012993189244,-0.021000078271619014,0.019000114190673392
3.1534153415341537,-0.0010000012958064448,-0.021000078162973033,0.019000114032169484
3.1539153915391536,-0.0010000012922860096,-0.021000078054477858,0.019000113873885588
3.1544154415441543,-0.001000001288757713,-0.021000077946133285,0.019000113715821398
3.154915491549155,-0.001000001285221649,-0.0210000778379391,0.019000113557976612
3.155415541554156,-0.0010000012816779118,-0.021000077729895095,0.019000113400350925
3.1559155915591557,-0.0010000012781265948,-0.02100007762200106,0.019000113242944032
3.1564156415641564,-0.0010000012745677914,-0.021000077514256792,0.01900011308575563
3.156915691569157,-0.0010000012710015948,-0.021000077406662078,0.019000112928785416
3.157415741574157,-0.0010000012674280976,-0.021000077299216713,0.019000112772033086
3.157915791579158,-0.0010000012638473926,-0.02100007719192049,0.01900011261549834
3.1584158415841586,-0.001000001260259572,-0.021000077084773198,0.019000112459180873
3.1589158915891593,-0.001000001256664728,-0.021000076977774635,0.019000112303080383
3.159415941594159,-0.0010000012530629522,-0.021000076870924592,0.019000112147196574
3.15991599159916,-0.0010000012494543362,-0.021000076764222865,0.01900011199152914
3.1604160416041607,-0.0010000012458389715,-0.021000076657669245,0.01900011183607778
3.1609160916091605,-0.0010000012422169487,-0.02100007655126353,0.0190001116808422
3.1614161416141613,-0.0010000012385883589,-0.02100007644500551,0.019000111525822094
3.161916191619162,-0.0010000012349532924,-0.021000076338894988,0.019000111371017165
3.162416241624163,-0.0010000012313118396,-0.02100007623293175,0.01900011121642712
3.1629162916291627,-0.0010000012276640902,-0.0210000761271156,0.019000111062051652
3.1634163416341634,-0.0010000012240101342,-0.021000076021446323,0.019000110907890465
3.163916391639164,-0.0010000012203500606,-0.021000075915923726,0.019000110753943266
3.164416441644164,-0.0010000012166839591,-0.0210000758105476,0.019000110600209758
3.1649164916491648,-0.0010000012130119184,-0.021000075705317745,0.019000110446689637
3.1654165416541655,-0.0010000012093340268,-0.021000075600233953,0.019000110293382614
3.1659165916591663,-0.0010000012056503732,-0.021000075495296023,0.019000110140288393
3.166416641664166,-0.0010000012019610453,-0.021000075390503758,0.019000109987406675
3.166916691669167,-0.001000001198266131,-0.021000075285856946,0.019000109834737166
3.1674167416741676,-0.0010000011945657183,-0.021000075181355393,0.01900010968227957
3.1679167916791675,-0.0010000011908598938,-0.021000075076998897,0.019000109530033598
3.1684168416841683,-0.001000001187148745,-0.02100007497278725,0.019000109377998953
3.168916891689169,-0.0010000011834323584,-0.02100007486872026,0.01900010922617534
3.1694169416941698,-0.0010000011797108208,-0.02100007476479772,0.01900010907456247
3.1699169916991696,-0.001000001175984218,-0.021000074661019427,0.019000108923160043
3.1704170417041704,-0.0010000011722526363,-0.021000074557385187,0.019000108771967776
3.170917091709171,-0.0010000011685161615,-0.0210000744538948,0.019000108620985376
3.171417141714172,-0.0010000011647748783,-0.021000074350548063,0.019000108470212544
3.1719171917191717,-0.0010000011610288727,-0.02100007424734478,0.019000108319649
3.1724172417241725,-0.001000001157278229,-0.021000074144284748,0.019000108169294445
3.1729172917291733,-0.0010000011535230319,-0.021000074041367767,0.01900010801914859
3.173417341734173,-0.001000001149763366,-0.021000073938593645,0.01900010786921115
3.173917391739174,-0.0010000011459993148,-0.02100007383596218,0.01900010771948183
3.1744174417441746,-0.0010000011422309626,-0.021000073733473172,0.019000107569960345
3.1749174917491754,-0.0010000011384583927,-0.021000073631126426,0.019000107420646405
3.1754175417541752,-0.001000001134681688,-0.021000073528921744,0.01900010727153972
3.175917591759176,-0.0010000011309009322,-0.02100007342685893,0.019000107122640008
3.1764176417641767,-0.0010000011271162072,-0.021000073324937783,0.019000106973946978
3.1769176917691766,-0.0010000011233275961,-0.02100007322315811,0.01900010682546034
3.1774177417741774,-0.0010000011195351803,-0.021000073121519715,0.019000106677179815
3.177917791779178,-0.0010000011157390424,-0.0210000730200224,0.019000106529105113
3.178417841784179,-0.0010000011119392633,-0.021000072918665968,0.019000106381235945
3.1789178917891787,-0.0010000011081359246,-0.021000072817450227,0.01900010623357203
3.1794179417941795,-0.0010000011043291076,-0.021000072716374982,0.01900010608611308
3.17991799179918,-0.0010000011005188926,-0.02100007261544003,0.019000105938858817
3.18041804180418,-0.0010000010967053602,-0.021000072514645186,0.019000105791808948
3.180918091809181,-0.0010000010928885908,-0.021000072413990253,0.019000105644963197
3.1814181418141816,-0.001000001089068664,-0.021000072313475032,0.019000105498321276
3.1819181918191823,-0.0010000010852456596,-0.021000072213099335,0.0190001053518829
3.182418241824182,-0.0010000010814196572,-0.021000072112862964,0.019000105205647794
3.182918291829183,-0.0010000010775907354,-0.021000072012765728,0.01900010505961567
3.1834183418341837,-0.0010000010737589732,-0.021000071912807432,0.01900010491378625
3.1839183918391836,-0.0010000010699244494,-0.021000071812987887,0.01900010476815925
3.1844184418441843,-0.001000001066087242,-0.0210000717133069,0.019000104622734385
3.184918491849185,-0.001000001062247429,-0.02100007161376427,0.01900010447751138
3.185418541854186,-0.001000001058405088,-0.021000071514359817,0.01900010433248996
3.1859185918591857,-0.0010000010545602965,-0.02100007141509334,0.01900010418766983
3.1864186418641864,-0.0010000010507131318,-0.021000071315964652,0.019000104043050726
3.186918691869187,-0.0010000010468636704,-0.021000071216973563,0.019000103898632364
3.187418741874187,-0.001000001043011989,-0.021000071118119877,0.01900010375441446
3.187918791879188,-0.0010000010391581643,-0.021000071019403408,0.019000103610396737
3.1884188418841886,-0.0010000010353022717,-0.021000070920823965,0.019000103466578926
3.1889188918891893,-0.0010000010314443874,-0.021000070822381357,0.01900010332296074
3.189418941894189,-0.0010000010275845867,-0.02100007072407539,0.019000103179541906
3.18991899189919,-0.0010000010237229445,-0.02100007062590588,0.019000103036322144
3.1904190419041907,-0.0010000010198595363,-0.021000070527872634,0.019000102893301184
3.1909190919091905,-0.001000001015994436,-0.021000070429975468,0.019000102750478743
3.1914191419141913,-0.0010000010121277185,-0.021000070332214186,0.01900010260785455
3.191919191919192,-0.0010000010082594575,-0.021000070234588605,0.01900010246542833
3.192419241924193,-0.001000001004389727,-0.02100007013709853,0.0190001023231998
3.1929192919291927,-0.0010000010005186005,-0.021000070039743784,0.0190001021811687
3.1934193419341934,-0.001000000996646151,-0.021000069942524166,0.019000102039334745
3.193919391939194,-0.0010000009927724515,-0.0210000698454395,0.019000101897697665
3.194419441944194,-0.0010000009888975747,-0.021000069748489593,0.019000101756257187
3.194919491949195,-0.001000000985021593,-0.021000069651674256,0.019000101615013035
3.1954195419541955,-0.0010000009811445784,-0.021000069554993308,0.019000101473964942
3.1959195919591963,-0.0010000009772666027,-0.021000069458446558,0.01900010133311263
3.196419641964196,-0.0010000009733877374,-0.02100006936203382,0.01900010119245583
3.196919691969197,-0.001000000969508054,-0.02100006926575491,0.019000101051994272
3.1974197419741976,-0.001000000965627623,-0.021000069169609642,0.019000100911727685
3.1979197919791975,-0.0010000009617465153,-0.02100006907359783,0.019000100771655794
3.1984198419841983,-0.0010000009578648014,-0.021000068977719284,0.019000100631778333
3.198919891989199,-0.0010000009539825514,-0.021000068881973828,0.01900010049209503
3.1994199419941998,-0.001000000950099835,-0.02100006878636127,0.019000100352605617
3.1999199919991996,-0.0010000009462167215,-0.021000068690881432,0.019000100213309824
3.2004200420042004,-0.0010000009423332807,-0.021000068595534122,0.019000100074207382
3.200920092009201,-0.0010000009384495813,-0.021000068500319165,0.019000099935298026
3.201420142014202,-0.001000000934565692,-0.02100006840523637,0.01900009979658148
3.2019201920192017,-0.001000000930681681,-0.021000068310285554,0.019000099658057486
3.2024202420242025,-0.001000000926797617,-0.021000068215466537,0.01900009951972577
3.2029202920292033,-0.0010000009229135674,-0.021000068120779133,0.019000099381586068
3.203420342034203,-0.0010000009190295998,-0.021000068026223166,0.01900009924363811
3.203920392039204,-0.0010000009151457817,-0.021000067931798445,0.019000099105881636
3.2044204420442046,-0.0010000009112621797,-0.021000067837504792,0.019000098968316375
3.2049204920492054,-0.0010000009073788609,-0.021000067743342024,0.01900009883094206
3.2054205420542052,-0.0010000009034958918,-0.021000067649309964,0.019000098693758436
3.205920592059206,-0.0010000008996133383,-0.02100006755540842,0.019000098556765228
3.2064206420642067,-0.001000000895731266,-0.021000067461637222,0.019000098419962176
3.2069206920692066,-0.0010000008918497412,-0.021000067367996183,0.019000098283349014
3.2074207420742074,-0.001000000887968829,-0.021000067274485123,0.019000098146925482
3.207920792079208,-0.001000000884088594,-0.021000067181103865,0.019000098010691312
3.208420842084209,-0.0010000008802091012,-0.021000067087852223,0.019000097874646245
3.2089208920892087,-0.0010000008763304152,-0.021000066994730022,0.01900009773879002
3.2094209420942095,-0.0010000008724526,-0.02100006690173708,0.01900009760312237
3.2099209920992102,-0.0010000008685757196,-0.02100006680887322,0.019000097467643032
3.21042104210421,-0.0010000008646998374,-0.021000066716138258,0.01900009733235175
3.210921092109211,-0.0010000008608250172,-0.02100006662353202,0.01900009719724826
3.2114211421142116,-0.0010000008569513216,-0.021000066531054323,0.019000097062332306
3.2119211921192123,-0.0010000008530788133,-0.02100006643870499,0.01900009692760362
3.212421242124212,-0.0010000008492075554,-0.021000066346483846,0.019000096793061947
3.212921292129213,-0.0010000008453376096,-0.02100006625439071,0.019000096658707027
3.2134213421342137,-0.001000000841469038,-0.021000066162425408,0.0190000965245386
3.2139213921392136,-0.001000000837601902,-0.02100006607058776,0.019000096390556408
3.2144214421442143,-0.0010000008337362632,-0.021000065978877585,0.01900009625676019
3.214921492149215,-0.0010000008298721827,-0.02100006588729471,0.019000096123149693
3.215421542154216,-0.0010000008260097214,-0.02100006579583896,0.01900009598972465
3.2159215921592157,-0.0010000008221489394,-0.021000065704510153,0.019000095856484815
3.2164216421642164,-0.0010000008182898972,-0.021000065613308118,0.019000095723429925
3.216921692169217,-0.001000000814432655,-0.02100006552223268,0.01900009559055972
3.217421742174217,-0.001000000810577272,-0.021000065431283656,0.019000095457873952
3.217921792179218,-0.001000000806723808,-0.021000065340460877,0.019000095325372356
3.2184218421842186,-0.0010000008028723218,-0.021000065249764166,0.01900009519305468
3.2189218921892193,-0.0010000007990228724,-0.021000065159193348,0.019000095060920673
3.219421942194219,-0.0010000007951755183,-0.021000065068748245,0.019000094928970077
3.21992199219922,-0.0010000007913303177,-0.021000064978428688,0.019000094797202636
3.2204220422042207,-0.0010000007874873288,-0.021000064888234502,0.019000094665618094
3.2209220922092205,-0.0010000007836466094,-0.021000064798165508,0.0190000945342162
3.2214221422142213,-0.0010000007798082165,-0.02100006470822154,0.0190000944029967
3.221922192219222,-0.0010000007759722077,-0.021000064618402415,0.019000094271959343
3.222422242224223,-0.0010000007721386397,-0.02100006452870797,0.019000094141103874
3.2229222922292227,-0.0010000007683075688,-0.02100006443913802,0.01900009401043004
3.2234223422342234,-0.001000000764479052,-0.021000064349692402,0.01900009387993759
3.223922392239224,-0.0010000007606531447,-0.02100006426037094,0.019000093749626273
3.224422442244224,-0.001000000756829903,-0.021000064171173463,0.019000093619495836
3.224922492249225,-0.001000000753009382,-0.021000064082099798,0.019000093489546024
3.2254225422542255,-0.0010000007491916376,-0.02100006399314977,0.019000093359776597
3.2259225922592263,-0.0010000007453767241,-0.021000063904323213,0.019000093230187292
3.226422642264226,-0.0010000007415646966,-0.02100006381561995,0.01900009310077787
3.226922692269227,-0.001000000737755609,-0.021000063727039817,0.019000092971548074
3.2274227422742277,-0.0010000007339495158,-0.021000063638582634,0.019000092842497658
3.2279227922792275,-0.0010000007301464706,-0.02100006355024824,0.019000092713626373
3.2284228422842283,-0.0010000007263465272,-0.021000063462036457,0.01900009258493397
3.228922892289229,-0.0010000007225497384,-0.02100006337394712,0.019000092456420196
3.2294229422942298,-0.0010000007187561577,-0.02100006328598005,0.019000092328084812
3.2299229922992296,-0.0010000007149658374,-0.02100006319813509,0.019000092199927564
3.2304230423042304,-0.0010000007111788303,-0.021000063110412064,0.019000092071948204
3.230923092309231,-0.0010000007073951882,-0.0210000630228108,0.01900009194414649
3.231423142314232,-0.0010000007036149632,-0.021000062935331135,0.019000091816522173
3.2319231923192318,-0.001000000699838207,-0.021000062847972897,0.019000091689075006
3.2324232423242325,-0.0010000006960649707,-0.02100006276073592,0.019000091561804745
3.2329232923292333,-0.0010000006922953053,-0.021000062673620028,0.019000091434711142
3.233423342334233,-0.0010000006885292618,-0.02100006258662506,0.019000091307793954
3.233923392339234,-0.001000000684766891,-0.021000062499750848,0.019000091181052933
3.2344234423442346,-0.0010000006810082424,-0.021000062412997223,0.019000091054487838
3.2349234923492354,-0.0010000006772533667,-0.02100006232636402,0.019000090928098425
3.2354235423542352,-0.001000000673502313,-0.021000062239851066,0.019000090801884445
3.235923592359236,-0.0010000006697551312,-0.021000062153458197,0.01900009067584566
3.2364236423642367,-0.00100000066601187,-0.021000062067185247,0.019000090549981825
3.2369236923692366,-0.0010000006622725786,-0.02100006198103205,0.0190000904242927
3.2374237423742374,-0.0010000006585373054,-0.02100006189499844,0.019000090298778034
3.237923792379238,-0.001000000654806099,-0.02100006180908425,0.01900009017343759
3.238423842384239,-0.0010000006510790071,-0.021000061723289314,0.01900009004827113
3.2389238923892387,-0.0010000006473560778,-0.021000061637613466,0.01900008992327841
3.2394239423942395,-0.0010000006436373583,-0.021000061552056543,0.019000089798459185
3.2399239923992402,-0.0010000006399228962,-0.021000061466618376,0.01900008967381322
3.24042404240424,-0.0010000006362127381,-0.021000061381298805,0.01900008954934027
3.240924092409241,-0.001000000632506931,-0.02100006129609766,0.019000089425040095
3.2414241424142416,-0.0010000006288055211,-0.021000061211014782,0.019000089300912456
3.2419241924192423,-0.0010000006251085548,-0.021000061126050008,0.019000089176957117
3.242424242424242,-0.001000000621416078,-0.021000061041203166,0.01900008905317383
3.242924292429243,-0.0010000006177281358,-0.021000060956474095,0.01900008892956237
3.2434243424342437,-0.0010000006140447742,-0.02100006087186264,0.019000088806122487
3.2439243924392436,-0.0010000006103660381,-0.021000060787368623,0.019000088682853945
3.2444244424442443,-0.001000000606691972,-0.021000060702991895,0.01900008855975651
3.244924492449245,-0.001000000603022621,-0.021000060618732285,0.019000088436829942
3.245424542454246,-0.001000000599358029,-0.021000060534589634,0.019000088314074
3.2459245924592457,-0.00100000059569824,-0.021000060450563775,0.019000088191488455
3.2464246424642464,-0.0010000005920432979,-0.02100006036665455,0.019000088069073065
3.246924692469247,-0.0010000005883932463,-0.0210000602828618,0.019000087946827598
3.247424742474247,-0.001000000584748128,-0.021000060199185357,0.01900008782475181
3.247924792479248,-0.0010000005811079862,-0.021000060115625063,0.019000087702845475
3.2484248424842486,-0.0010000005774728638,-0.021000060032180756,0.019000087581108355
3.2489248924892493,-0.001000000573842803,-0.021000059948852276,0.01900008745954021
3.249424942494249,-0.0010000005702178456,-0.021000059865639457,0.019000087338140813
3.24992499249925,-0.0010000005665980341,-0.021000059782542147,0.019000087216909923
3.2504250425042507,-0.0010000005629834101,-0.02100005969956018,0.01900008709584731
3.2509250925092505,-0.0010000005593740146,-0.0210000596166934,0.01900008697495274
3.2514251425142513,-0.0010000005557698887,-0.02100005953394164,0.01900008685422598
3.251925192519252,-0.0010000005521710736,-0.021000059451304745,0.019000086733666793
3.252425242524253,-0.0010000005485776096,-0.021000059368782558,0.019000086613274954
3.2529252925292527,-0.001000000544989537,-0.021000059286374915,0.019000086493050225
3.2534253425342534,-0.0010000005414068961,-0.02100005920408166,0.019000086372992376
3.253925392539254,-0.0010000005378297265,-0.021000059121902632,0.019000086253101175
3.254425442544254,-0.0010000005342580677,-0.021000059039837676,0.01900008613337639
3.254925492549255,-0.0010000005306919591,-0.02100005895788663,0.01900008601381779
3.2554255425542555,-0.0010000005271314396,-0.021000058876049336,0.019000085894425145
3.2559255925592563,-0.001000000523576548,-0.02100005879432564,0.019000085775198225
3.256425642564256,-0.0010000005200273229,-0.02100005871271538,0.0190000856561368
3.256925692569257,-0.0010000005164838024,-0.0210000586312184,0.01900008553724064
3.2574257425742577,-0.0010000005129460244,-0.02100005854983454,0.019000085418509515
3.2579257925792575,-0.001000000509414027,-0.02100005846856365,0.0190000852999432
3.2584258425842583,-0.0010000005058878473,-0.02100005838740557,0.019000085181541455
3.258925892589259,-0.0010000005023675224,-0.02100005830636014,0.019000085063304063
3.2594259425942598,-0.0010000004988530895,-0.02100005822542721,0.019000084945230793
3.2599259925992596,-0.0010000004953445852,-0.021000058144606617,0.019000084827321417
3.2604260426042604,-0.001000000491842046,-0.021000058063898208,0.019000084709575704
3.260926092609261,-0.0010000004883455081,-0.021000057983301828,0.01900008459199343
3.261426142614262,-0.0010000004848550075,-0.02100005790281732,0.01900008447457437
3.2619261926192618,-0.0010000004813705795,-0.02100005782244453,0.019000084357318293
3.2624262426242625,-0.0010000004778922599,-0.021000057742183303,0.019000084240224976
3.2629262926292633,-0.0010000004744200838,-0.021000057662033486,0.019000084123294188
3.263426342634263,-0.0010000004709540856,-0.02100005758199492,0.01900008400652571
3.263926392639264,-0.0010000004674943009,-0.021000057502067453,0.019000083889919316
3.2644264426442646,-0.0010000004640407633,-0.021000057422250928,0.019000083773474778
3.2649264926492654,-0.0010000004605935074,-0.021000057342545196,0.01900008365719187
3.2654265426542652,-0.0010000004571525667,-0.021000057262950098,0.019000083541070373
3.265926592659266,-0.0010000004537179753,-0.021000057183465485,0.01900008342511006
3.2664266426642667,-0.0010000004502897664,-0.021000057104091203,0.019000083309310706
3.2669266926692666,-0.001000000446867973,-0.021000057024827094,0.01900008319367209
3.2674267426742674,-0.0010000004434526282,-0.02100005694567301,0.019000083078193987
3.267926792679268,-0.0010000004400437647,-0.0210000568666288,0.019000082962876176
3.268426842684269,-0.0010000004366414147,-0.021000056787694305,0.01900008284771843
3.2689268926892687,-0.0010000004332456104,-0.02100005670886938,0.019000082732720535
3.2694269426942695,-0.0010000004298563838,-0.021000056630153863,0.01900008261788226
3.2699269926992702,-0.0010000004264737665,-0.021000056551547613,0.01900008250320339
3.27042704270427,-0.00100000042309779,-0.02100005647305047,0.019000082388683705
3.270927092709271,-0.0010000004197284853,-0.02100005639466229,0.019000082274322976
3.2714271427142716,-0.0010000004163658834,-0.021000056316382913,0.019000082160120987
3.2719271927192723,-0.001000000413010015,-0.021000056238212196,0.01900008204607752
3.272427242724272,-0.0010000004096609107,-0.021000056160149983,0.01900008193219235
3.272927292729273,-0.0010000004063186003,-0.021000056082196128,0.019000081818465263
3.2734273427342737,-0.0010000004029831141,-0.021000056004350474,0.019000081704896032
3.2739273927392736,-0.0010000003996544816,-0.02100005592661288,0.019000081591484447
3.2744274427442743,-0.0010000003963327323,-0.021000055848983186,0.01900008147823028
3.274927492749275,-0.0010000003930178954,-0.02100005577146125,0.01900008136513332
3.275427542754276,-0.0010000003897099998,-0.021000055694046917,0.019000081252193345
3.2759275927592757,-0.0010000003864090745,-0.02100005561674004,0.019000081139410138
3.2764276427642764,-0.0010000003831151477,-0.02100005553954047,0.019000081026783484
3.276927692769277,-0.0010000003798282477,-0.021000055462448063,0.01900008091431316
3.277427742774277,-0.0010000003765484025,-0.02100005538546266,0.01900008080199895
3.277927792779278,-0.0010000003732756402,-0.02100005530858412,0.019000080689840642
3.2784278427842786,-0.001000000370009988,-0.021000055231812288,0.019000080577838016
3.2789278927892793,-0.0010000003667514732,-0.021000055155147024,0.019000080465990856
3.279427942794279,-0.0010000003635001228,-0.021000055078588178,0.01900008035429895
3.27992799279928,-0.001000000360255964,-0.021000055002135597,0.019000080242762077
3.2804280428042807,-0.0010000003570190229,-0.021000054925789137,0.019000080131380024
3.2809280928092805,-0.0010000003537893262,-0.02100005484954865,0.019000080020152577
3.2814281428142813,-0.0010000003505668997,-0.021000054773413993,0.01900007990907952
3.281928192819282,-0.0010000003473517695,-0.021000054697385015,0.01900007979816064
3.282428242824283,-0.0010000003441439614,-0.02100005462146157,0.019000079687395723
3.2829282928292827,-0.0010000003409435004,-0.02100005454564351,0.019000079576784554
3.2834283428342834,-0.0010000003377504119,-0.02100005446993069,0.01900007946632692
3.283928392839284,-0.0010000003345647208,-0.021000054394322967,0.01900007935602261
3.284428442844284,-0.001000000331386452,-0.02100005431882019,0.01900007924587141
3.284928492849285,-0.0010000003282156294,-0.021000054243422217,0.019000079135873104
3.2854285428542855,-0.0010000003250522779,-0.0210000541681289,0.019000079026027485
3.2859285928592863,-0.0010000003218964212,-0.021000054092940094,0.01900007891633434
3.286428642864286,-0.001000000318748083,-0.021000054017855655,0.01900007880679345
3.286928692869287,-0.001000000315607287,-0.021000053942875442,0.019000078697404613
3.2874287428742877,-0.0010000003124740566,-0.021000053867999302,0.019000078588167615
3.2879287928792875,-0.001000000309348415,-0.021000053793227096,0.019000078479082246
3.2884288428842883,-0.0010000003062303846,-0.02100005371855868,0.019000078370148294
3.288928892889289,-0.0010000003031199883,-0.021000053643993905,0.019000078261365547
3.2894289428942898,-0.0010000003000172485,-0.021000053569532634,0.0190000781527338
3.2899289928992896,-0.0010000002969221874,-0.02100005349517472,0.01900007804425284
3.2904290429042904,-0.001000000293834827,-0.02100005342092002,0.019000077935922458
3.290929092909291,-0.0010000002907551888,-0.021000053346768386,0.019000077827742445
3.291429142914292,-0.0010000002876832947,-0.02100005327271968,0.019000077719712596
3.2919291929192918,-0.0010000002846191657,-0.021000053198773763,0.019000077611832696
3.2924292429242925,-0.001000000281562823,-0.021000053124930484,0.019000077504102538
3.2929292929292933,-0.0010000002785142874,-0.021000053051189706,0.01900007739652192
3.293429342934293,-0.0010000002754735793,-0.021000052977551285,0.01900007728909063
3.293929392939294,-0.0010000002724407195,-0.021000052904015076,0.01900007718180846
3.2944294429442946,-0.0010000002694157278,-0.021000052830580943,0.019000077074675208
3.2949294929492954,-0.0010000002663986243,-0.021000052757248738,0.01900007696769066
3.2954295429542952,-0.001000000263389429,-0.021000052684018326,0.019000076860854618
3.295929592959296,-0.001000000260388161,-0.02100005261088956,0.019000076754166866
3.2964296429642967,-0.0010000002573948396,-0.0210000525378623,0.019000076647627206
3.2969296929692966,-0.001000000254409484,-0.02100005246493641,0.01900007654123543
3.2974297429742974,-0.0010000002514321132,-0.021000052392111748,0.019000076434991332
3.297929792979298,-0.0010000002484627456,-0.021000052319388167,0.019000076328894708
3.298429842984299,-0.0010000002455013998,-0.02100005224676553,0.01900007622294535
3.2989298929892987,-0.0010000002425480938,-0.0210000521742437,0.01900007611714306
3.2994299429942995,-0.0010000002396028458,-0.021000052101822535,0.019000076011487628
3.2999299929993002,-0.0010000002366656736,-0.021000052029501896,0.019000075905978853
3.3004300430043,-0.0010000002337365946,-0.02100005195728164,0.019000075800616533
3.300930093009301,-0.0010000002308156262,-0.021000051885161634,0.01900007569540046
3.3014301430143016,-0.0010000002279027854,-0.02100005181314173,0.019000075590330436
3.3019301930193024,-0.0010000002249980892,-0.021000051741221798,0.01900007548540625
3.302430243024302,-0.0010000002221015546,-0.021000051669401696,0.01900007538062771
3.302930293029303,-0.0010000002192131977,-0.02100005159768128,0.01900007527599461
3.3034303430343037,-0.0010000002163330348,-0.021000051526060423,0.019000075171506748
3.3039303930393036,-0.0010000002134610824,-0.021000051454538975,0.019000075067163922
3.3044304430443043,-0.0010000002105973558,-0.021000051383116808,0.019000074962965928
3.304930493049305,-0.001000000207741871,-0.021000051311793777,0.01900007485891257
3.305430543054306,-0.0010000002048946434,-0.021000051240569747,0.01900007475500364
3.3059305930593057,-0.0010000002020556882,-0.02100005116944458,0.019000074651238947
3.3064306430643065,-0.0010000001992250204,-0.02100005109841814,0.019000074547618283
3.306930693069307,-0.0010000001964026548,-0.021000051027490287,0.01900007444414145
3.307430743074307,-0.0010000001935886063,-0.02100005095666089,0.019000074340808255
3.307930793079308,-0.0010000001907828889,-0.021000050885929804,0.01900007423761849
3.3084308430843086,-0.001000000187985517,-0.021000050815296902,0.019000074134571956
3.3089308930893093,-0.0010000001851965046,-0.021000050744762043,0.01900007403166846
3.309430943094309,-0.0010000001824158656,-0.021000050674325088,0.0190000739289078
3.30993099309931,-0.0010000001796436134,-0.021000050603985906,0.01900007382628978
3.3104310431043107,-0.0010000001768797615,-0.021000050533744357,0.0190000737238142
3.3109310931093106,-0.001000000174124323,-0.02100005046360031,0.01900007362148086
3.3114311431143113,-0.0010000001713773112,-0.021000050393553626,0.019000073519289565
3.311931193119312,-0.0010000001686387384,-0.02100005032360417,0.01900007341724012
3.312431243124313,-0.0010000001659086176,-0.02100005025375181,0.019000073315332325
3.3129312931293127,-0.001000000163186961,-0.02100005018399641,0.019000073213565987
3.3134313431343134,-0.0010000001604737808,-0.021000050114337834,0.019000073111940907
3.313931393139314,-0.001000000157769089,-0.02100005004477595,0.019000073010456888
3.314431443144314,-0.0010000001550728975,-0.02100004997531062,0.019000072909113732
3.314931493149315,-0.0010000001523852177,-0.021000049905941714,0.01900007280791125
3.3154315431543155,-0.0010000001497060612,-0.021000049836669095,0.019000072706849246
3.3159315931593163,-0.0010000001470354392,-0.021000049767492632,0.019000072605927516
3.316431643164316,-0.0010000001443733625,-0.02100004969841219,0.019000072505145876
3.316931693169317,-0.001000000141719842,-0.021000049629427635,0.019000072404504128
3.3174317431743177,-0.0010000001390748883,-0.021000049560538837,0.019000072304002077
3.3179317931793175,-0.0010000001364385122,-0.02100004949174566,0.019000072203639525
3.3184318431843183,-0.0010000001338107234,-0.02100004942304797,0.019000072103416286
3.318931893189319,-0.0010000001311915323,-0.021000049354445643,0.019000072003332164
3.31943194319432,-0.0010000001285809484,-0.021000049285938537,0.019000071903386963
3.3199319931993196,-0.0010000001259789818,-0.02100004921752652,0.019000071803580494
3.3204320432043204,-0.0010000001233856416,-0.021000049149209467,0.01900007170391256
3.320932093209321,-0.0010000001208009374,-0.02100004908098724,0.019000071604382975
3.321432143214322,-0.001000000118224878,-0.021000049012859713,0.019000071504991542
3.3219321932193218,-0.0010000001156574726,-0.02100004894482675,0.01900007140573807
3.3224322432243225,-0.0010000001130987294,-0.02100004887688822,0.01900007130662237
3.3229322932293233,-0.0010000001105486577,-0.021000048809043992,0.019000071207644246
3.323432343234323,-0.0010000001080072653,-0.02100004874129394,0.01900007110880351
3.323932393239324,-0.0010000001054745603,-0.021000048673637927,0.019000071010099973
3.3244324432443246,-0.0010000001029505509,-0.021000048606075825,0.019000070911533443
3.3249324932493254,-0.001000000100435245,-0.021000048538607503,0.019000070813103728
3.3254325432543252,-0.0010000000979286498,-0.02100004847123283,0.019000070714810642
3.325932593259326,-0.0010000000954307731,-0.02100004840395168,0.019000070616653993
3.3264326432643267,-0.001000000092941622,-0.02100004833676392,0.01900007051863359
3.3269326932693266,-0.0010000000904612037,-0.02100004826966942,0.019000070420749245
3.3274327432743274,-0.0010000000879895248,-0.021000048202668053,0.01900007032300077
3.327932793279328,-0.0010000000855265921,-0.021000048135759685,0.019000070225387976
3.328432843284329,-0.001000000083072412,-0.021000048068944194,0.019000070127910676
3.3289328932893287,-0.0010000000806269912,-0.021000048002221446,0.01900007003056868
3.3294329432943295,-0.0010000000781903355,-0.02100004793559131,0.019000069933361802
3.3299329932993302,-0.0010000000757624512,-0.021000047869053663,0.01900006983628985
3.33043304330433,-0.0010000000733433438,-0.021000047802608376,0.019000069739352643
3.330933093309331,-0.0010000000709330188,-0.021000047736255318,0.01900006964254999
3.3314331433143316,-0.0010000000685314822,-0.021000047669994363,0.019000069545881706
3.3319331933193324,-0.0010000000661387388,-0.021000047603825383,0.019000069449347606
3.332433243324332,-0.0010000000637547938,-0.021000047537748246,0.019000069352947496
3.332933293329333,-0.001000000061379652,-0.02100004747176283,0.0190000692566812
3.3334333433343337,-0.0010000000590133186,-0.02100004740586901,0.019000069160548524
3.3339333933393336,-0.0010000000566557977,-0.02100004734006665,0.01900006906454929
3.3344334433443343,-0.001000000054307094,-0.02100004727435563,0.019000068968683306
3.334933493349335,-0.0010000000519672116,-0.02100004720873582,0.01900006887295039
3.335433543354336,-0.0010000000496361544,-0.021000047143207096,0.01900006877735036
3.3359335933593357,-0.0010000000473139265,-0.02100004707776933,0.019000068681883028
3.3364336433643365,-0.0010000000450005318,-0.021000047012422394,0.01900006858654821
3.336933693369337,-0.0010000000426959733,-0.021000046947166166,0.019000068491345723
3.337433743374337,-0.0010000000404002548,-0.021000046882000516,0.019000068396275386
3.337933793379338,-0.0010000000381133794,-0.02100004681692532,0.01900006830133701
3.3384338433843386,-0.0010000000358353503,-0.021000046751940452,0.019000068206530413
3.3389338933893393,-0.0010000000335661703,-0.02100004668704579,0.019000068111855416
3.339433943394339,-0.0010000000313058418,-0.0210000466222412,0.01900006801731183
3.33993399339934,-0.0010000000290543677,-0.021000046557526568,0.01900006792289948
3.3404340434043407,-0.0010000000268117503,-0.021000046492901766,0.01900006782861818
3.3409340934093406,-0.0010000000245779918,-0.021000046428366663,0.01900006773446775
3.3414341434143413,-0.001000000022353094,-0.02100004636392114,0.019000067640448003
3.341934193419342,-0.0010000000201370594,-0.021000046299565072,0.019000067546558766
3.342434243424343,-0.0010000000179298891,-0.021000046235298334,0.01900006745279985
3.3429342934293427,-0.0010000000157315851,-0.021000046171120803,0.019000067359171077
3.3434343434343434,-0.0010000000135421485,-0.021000046107032353,0.019000067265672268
3.343934393439344,-0.001000000011361581,-0.02100004604303286,0.01900006717230324
3.344434443444344,-0.001000000009189883,-0.021000045979122205,0.019000067079063817
3.344934493449345,-0.001000000007027056,-0.021000045915300265,0.01900006698595381
3.3454345434543455,-0.0010000000048731006,-0.02100004585156691,0.019000066892973053
3.3459345934593463,-0.0010000000027280173,-0.02100004578792202,0.019000066800121354
3.346434643464346,-0.0010000000005918068,-0.021000045724365476,0.019000066707398542
3.346934693469347,-0.000999999998464469,-0.02100004566089715,0.019000066614804436
3.3474347434743477,-0.0009999999963460045,-0.021000045597516923,0.019000066522338856
3.3479347934793475,-0.000999999994236413,-0.021000045534224673,0.01900006643000162
3.3484348434843483,-0.0009999999921356942,-0.021000045471020277,0.019000066337792557
3.348934893489349,-0.0009999999900438482,-0.021000045407903612,0.019000066245711485
3.34943494349435,-0.0009999999879608745,-0.021000045344874554,0.01900006615375823
3.3499349934993496,-0.000999999985886772,-0.02100004528193299,0.01900006606193261
3.3504350435043504,-0.0009999999838215402,-0.02100004521907879,0.019000065970234452
3.350935093509351,-0.0009999999817651784,-0.021000045156311833,0.019000065878663572
3.351435143514352,-0.0009999999797176851,-0.021000045093632003,0.019000065787219803
3.3519351935193518,-0.0009999999776790594,-0.021000045031039177,0.01900006569590296
3.3524352435243525,-0.0009999999756492997,-0.021000044968533235,0.019000065604712874
3.3529352935293533,-0.0009999999736284046,-0.021000044906114054,0.019000065513649363
3.353435343534353,-0.0009999999716163723,-0.021000044843781512,0.019000065422712254
3.353935393539354,-0.0009999999696132013,-0.021000044781535495,0.019000065331901374
3.3544354435443546,-0.0009999999676188892,-0.021000044719375877,0.019000065241216543
3.3549354935493554,-0.000999999965633434,-0.021000044657302545,0.01900006515065759
3.3554355435543552,-0.0009999999636568337,-0.02100004459531537,0.019000065060224336
3.355935593559356,-0.0009999999616890857,-0.02100004453341424,0.019000064969916613
3.3564356435643568,-0.0009999999597301874,-0.02100004447159903,0.01900006487973424
3.3569356935693566,-0.0009999999577801361,-0.021000044409869627,0.019000064789677047
3.3574357435743574,-0.0009999999558389292,-0.021000044348225905,0.019000064699744856
3.357935793579358,-0.0009999999539065634,-0.021000044286667748,0.0190000646099375
3.358435843584359,-0.000999999951983036,-0.02100004422519504,0.0190000645202548
3.3589358935893587,-0.0009999999500683431,-0.02100004416380766,0.01900006443069659
3.3594359435943595,-0.0009999999481624818,-0.02100004410250549,0.01900006434126269
3.3599359935993602,-0.0009999999462654485,-0.02100004404128841,0.019000064251952928
3.36043604360436,-0.0009999999443772395,-0.021000043980156303,0.019000064162767134
3.360936093609361,-0.000999999942497851,-0.02100004391910905,0.019000064073705136
3.3614361436143616,-0.0009999999406272789,-0.021000043858146536,0.019000063984766762
3.3619361936193624,-0.000999999938765519,-0.021000043797268643,0.01900006389595184
3.362436243624362,-0.0009999999369125674,-0.021000043736475252,0.0190000638072602
3.362936293629363,-0.0009999999350684197,-0.021000043675766245,0.01900006371869167
3.3634363436343637,-0.000999999933233071,-0.021000043615141507,0.019000063630246075
3.3639363936393636,-0.0009999999314065173,-0.021000043554600917,0.01900006354192325
3.3644364436443643,-0.0009999999295887533,-0.021000043494144364,0.019000063453723025
3.364936493649365,-0.0009999999277797743,-0.02100004343377173,0.019000063365645227
3.365436543654366,-0.0009999999259795752,-0.021000043373482893,0.019000063277689685
3.3659365936593657,-0.000999999924188151,-0.021000043313277744,0.01900006318985623
3.3664366436643665,-0.0009999999224054963,-0.021000043253156162,0.019000063102144693
3.366936693669367,-0.0009999999206316056,-0.02100004319311803,0.019000063014554907
3.367436743674367,-0.0009999999188664735,-0.02100004313316324,0.0190000629270867
3.367936793679368,-0.000999999917110094,-0.021000043073291667,0.019000062839739908
3.3684368436843686,-0.0009999999153624617,-0.021000043013503205,0.019000062752514355
3.3689368936893693,-0.0009999999136235704,-0.02100004295379773,0.019000062665409878
3.369436943694369,-0.000999999911893414,-0.021000042894175126,0.01900006257842631
3.36993699369937,-0.0009999999101719863,-0.021000042834635288,0.019000062491563476
3.3704370437043707,-0.0009999999084592812,-0.021000042775178092,0.019000062404821216
3.3709370937093706,-0.0009999999067552923,-0.021000042715803427,0.019000062318199357
3.3714371437143713,-0.0009999999050600125,-0.02100004265651118,0.01900006223169774
3.371937193719372,-0.0009999999033734356,-0.02100004259730123,0.019000062145316188
3.372437243724373,-0.0009999999016955545,-0.021000042538173468,0.01900006205905454
3.3729372937293727,-0.0009999999000263624,-0.02100004247912778,0.019000061972912628
3.3734373437343734,-0.0009999998983658523,-0.021000042420164053,0.01900006188689029
3.373937393739374,-0.0009999998967140167,-0.02100004236128217,0.01900006180098735
3.374437443744374,-0.0009999998950708487,-0.02100004230248202,0.019000061715203655
3.374937493749375,-0.0009999998934363406,-0.021000042243763485,0.01900006162953903
3.3754375437543755,-0.0009999998918104847,-0.021000042185126456,0.019000061543993314
3.3759375937593763,-0.0009999998901932738,-0.02100004212657082,0.019000061458566343
3.376437643764376,-0.0009999998885846999,-0.021000042068096466,0.019000061373257948
3.376937693769377,-0.0009999998869847549,-0.021000042009703273,0.019000061288067964
3.3774377437743777,-0.0009999998853934308,-0.021000041951391137,0.019000061202996233
3.3779377937793775,-0.0009999998838107196,-0.02100004189315994,0.019000061118042585
3.3784378437843783,-0.000999999882236613,-0.021000041835009572,0.01900006103320686
3.378937893789379,-0.0009999998806711028,-0.02100004177693992,0.01900006094848889
3.37943794379438,-0.0009999998791141802,-0.021000041718950875,0.019000060863888515
3.3799379937993796,-0.0009999998775658367,-0.02100004166104232,0.01900006077940557
3.3804380438043804,-0.0009999998760260639,-0.021000041603214146,0.019000060695039893
3.380938093809381,-0.0009999998744948525,-0.02100004154546624,0.01900006061079132
3.381438143814382,-0.0009999998729721938,-0.021000041487798493,0.01900006052665969
3.3819381938193818,-0.0009999998714580786,-0.021000041430210795,0.019000060442644844
3.3824382438243825,-0.000999999869952498,-0.02100004137270303,0.01900006035874661
3.3829382938293833,-0.0009999998684554424,-0.021000041315275088,0.019000060274964835
3.383438343834383,-0.0009999998669669027,-0.02100004125792686,0.019000060191299354
3.383938393839384,-0.0009999998654868691,-0.021000041200658237,0.019000060107750006
3.3844384438443846,-0.0009999998640153323,-0.021000041143469105,0.01900006002431663
3.3849384938493854,-0.0009999998625522825,-0.021000041086359354,0.019000059940999063
3.3854385438543853,-0.00099999986109771,-0.021000041029328877,0.01900005985779715
3.385938593859386,-0.0009999998596516044,-0.02100004097237756,0.019000059774710722
3.3864386438643868,-0.0009999998582139562,-0.0210000409155053,0.019000059691739627
3.3869386938693866,-0.000999999856784755,-0.021000040858711978,0.0190000596088837
3.3874387438743874,-0.0009999998553639907,-0.02100004080199749,0.019000059526142782
3.387938793879388,-0.0009999998539516528,-0.021000040745361725,0.019000059443516713
3.388438843884389,-0.0009999998525477309,-0.021000040688804573,0.019000059361005336
3.3889388938893887,-0.0009999998511522144,-0.02100004063232593,0.019000059278608487
3.3894389438943895,-0.0009999998497650928,-0.021000040575925676,0.019000059196326014
3.3899389938993902,-0.0009999998483863552,-0.021000040519603715,0.019000059114157752
3.39043904390439,-0.0009999998470159909,-0.02100004046335993,0.019000059032103545
3.390939093909391,-0.0009999998456539888,-0.021000040407194217,0.019000058950163233
3.3914391439143916,-0.0009999998443003379,-0.02100004035110646,0.01900005886833666
3.3919391939193924,-0.000999999842955027,-0.021000040295096563,0.01900005878662367
3.3924392439243922,-0.000999999841618045,-0.021000040239164408,0.019000058705024102
3.392939293929393,-0.00099999984028938,-0.021000040183309893,0.019000058623537798
3.3934393439343937,-0.0009999998389690213,-0.021000040127532905,0.0190000585421646
3.3939393939393936,-0.000999999837656957,-0.02100004007183334,0.019000058460904357
3.3944394439443943,-0.0009999998363531754,-0.02100004001621109,0.019000058379756907
3.394939493949395,-0.0009999998350576646,-0.021000039960666045,0.019000058298722096
3.395439543954396,-0.0009999998337704133,-0.021000039905198102,0.019000058217799765
3.3959395939593957,-0.000999999832491409,-0.02100003984980715,0.01900005813698976
3.3964396439643965,-0.0009999998312206402,-0.021000039794493087,0.019000058056291923
3.396939693969397,-0.0009999998299580943,-0.0210000397392558,0.019000057975706103
3.397439743974397,-0.0009999998287037594,-0.02100003968409519,0.01900005789523214
3.397939793979398,-0.000999999827457623,-0.021000039629011143,0.019000057814869877
3.3984398439843986,-0.0009999998262196729,-0.021000039574003558,0.019000057734619165
3.3989398939893993,-0.0009999998249898964,-0.02100003951907233,0.019000057654479846
3.399439943994399,-0.000999999823768281,-0.021000039464217343,0.019000057574451765
3.3999399939994,-0.000999999822554814,-0.021000039409438502,0.019000057494534765
3.4004400440044007,-0.000999999821349483,-0.021000039354735697,0.0190000574147287
3.4009400940094006,-0.0009999998201522745,-0.021000039300108825,0.019000057335033408
3.4014401440144013,-0.000999999818963176,-0.021000039245557777,0.01900005725544874
3.401940194019402,-0.0009999998177821746,-0.021000039191082447,0.019000057175974538
3.402440244024403,-0.0009999998166092569,-0.021000039136682736,0.01900005709661065
3.4029402940294027,-0.0009999998154444098,-0.02100003908235853,0.01900005701735693
3.4034403440344034,-0.0009999998142876199,-0.021000039028109735,0.019000056938213213
3.403940394039404,-0.000999999813138874,-0.02100003897393624,0.019000056859179357
3.404440444044404,-0.000999999811998159,-0.02100003891983794,0.019000056780255202
3.404940494049405,-0.0009999998108654604,-0.02100003886581473,0.0190000567014406
3.4054405440544055,-0.0009999998097407654,-0.02100003881186651,0.0190000566227354
3.4059405940594063,-0.0009999998086240602,-0.021000038757993174,0.019000056544139443
3.406440644064406,-0.0009999998075153308,-0.021000038704194618,0.019000056465652584
3.406940694069407,-0.0009999998064145635,-0.021000038650470735,0.019000056387274672
3.4074407440744077,-0.000999999805321744,-0.021000038596821428,0.01900005630900555
3.4079407940794075,-0.0009999998042368589,-0.021000038543246585,0.019000056230845074
3.4084408440844083,-0.0009999998031598935,-0.02100003848974611,0.01900005615279309
3.408940894089409,-0.000999999802090834,-0.0210000384363199,0.019000056074849444
3.40944094409441,-0.0009999998010296659,-0.021000038382967844,0.01900005599701399
3.4099409940994097,-0.000999999799976375,-0.021000038329689847,0.019000055919286576
3.4104410441044104,-0.000999999798930947,-0.0210000382764858,0.019000055841667054
3.410941094109411,-0.0009999997978933672,-0.021000038223355607,0.019000055764155272
3.411441144114412,-0.000999999796863621,-0.02100003817029916,0.01900005568675108
3.4119411941194118,-0.0009999997958416937,-0.02100003811731636,0.019000055609454333
3.4124412441244125,-0.0009999997948275708,-0.021000038064407103,0.019000055532264876
3.4129412941294133,-0.0009999997938212376,-0.021000038011571288,0.019000055455182564
3.413441344134413,-0.000999999792822679,-0.02100003795880881,0.01900005537820725
3.413941394139414,-0.0009999997918318801,-0.02100003790611957,0.019000055301338775
3.4144414441444146,-0.0009999997908488258,-0.02100003785350347,0.019000055224577005
3.4149414941494154,-0.0009999997898735011,-0.0210000378009604,0.019000055147921784
3.4154415441544153,-0.000999999788905891,-0.021000037748490265,0.019000055071372965
3.415941594159416,-0.00099999978794598,-0.021000037696092964,0.019000054994930397
3.4164416441644168,-0.000999999786993753,-0.021000037643768392,0.01900005491859394
3.4169416941694166,-0.0009999997860491944,-0.02100003759151645,0.019000054842363442
3.4174417441744174,-0.0009999997851122889,-0.021000037539337036,0.01900005476623876
3.417941794179418,-0.0009999997841830211,-0.02100003748723005,0.019000054690219738
3.418441844184419,-0.0009999997832613751,-0.021000037435195393,0.01900005461430624
3.4189418941894187,-0.0009999997823473357,-0.021000037383232965,0.019000054538498113
3.4194419441944195,-0.000999999781440887,-0.02100003733134266,0.01900005446279521
3.4199419941994202,-0.0009999997805420129,-0.021000037279524385,0.01900005438719739
3.42044204420442,-0.0009999997796506978,-0.02100003722777804,0.019000054311704505
3.420942094209421,-0.0009999997787669258,-0.021000037176103516,0.019000054236316406
3.4214421442144216,-0.000999999777890681,-0.02100003712450072,0.019000054161032953
3.4219421942194224,-0.0009999997770219473,-0.021000037072969557,0.019000054085854
3.4224422442244222,-0.0009999997761607085,-0.021000037021509918,0.019000054010779397
3.422942294229423,-0.0009999997753069485,-0.021000036970121712,0.019000053935809003
3.4234423442344237,-0.000999999774460651,-0.021000036918804834,0.019000053860942674
3.4239423942394236,-0.0009999997736217998,-0.021000036867559187,0.019000053786180263
3.4244424442444243,-0.0009999997727903787,-0.02100003681638467,0.01900005371152163
3.424942494249425,-0.0009999997719663707,-0.02100003676528119,0.01900005363696662
3.425442544254426,-0.0009999997711497598,-0.021000036714248643,0.019000053562515107
3.4259425942594257,-0.0009999997703405295,-0.021000036663286935,0.01900005348816693
3.4264426442644265,-0.0009999997695386632,-0.021000036612395964,0.019000053413921955
3.426942694269427,-0.0009999997687441438,-0.02100003656157563,0.01900005333978004
3.427442744274427,-0.0009999997679569549,-0.02100003651082584,0.019000053265741036
3.427942794279428,-0.0009999997671770798,-0.021000036460146494,0.0190000531918048
3.4284428442844286,-0.0009999997664045014,-0.021000036409537494,0.019000053117971198
3.4289428942894293,-0.0009999997656392032,-0.021000036358998744,0.01900005304424008
3.429442944294429,-0.0009999997648811678,-0.021000036308530142,0.019000052970611303
3.42994299429943,-0.0009999997641303787,-0.021000036258131596,0.01900005289708473
3.4304430443044307,-0.0009999997633868183,-0.021000036207803004,0.019000052823660213
3.4309430943094306,-0.0009999997626504698,-0.021000036157544272,0.01900005275033762
3.4314431443144313,-0.000999999761921316,-0.021000036107355305,0.019000052677116797
3.431943194319432,-0.0009999997611993398,-0.021000036057236,0.019000052603997612
3.432443244324433,-0.0009999997604845236,-0.021000036007186265,0.01900005253097992
3.4329432943294327,-0.0009999997597768503,-0.021000035957206006,0.019000052458063584
3.4334433443344334,-0.0009999997590763026,-0.021000035907295118,0.019000052385248458
3.433943394339434,-0.0009999997583828627,-0.02100003585745351,0.019000052312534405
3.434443444344434,-0.0009999997576965135,-0.021000035807681085,0.01900005223992128
3.434943494349435,-0.0009999997570172372,-0.02100003575797775,0.01900005216740895
3.4354435443544356,-0.0009999997563450165,-0.021000035708343405,0.019000052094997274
3.4359435943594363,-0.0009999997556798335,-0.021000035658777956,0.019000052022686106
3.436443644364436,-0.0009999997550216705,-0.021000035609281306,0.019000051950475313
3.436943694369437,-0.0009999997543705102,-0.021000035559853362,0.019000051878364753
3.4374437443744377,-0.0009999997537263343,-0.021000035510494026,0.019000051806354286
3.4379437943794375,-0.000999999753089125,-0.021000035461203204,0.019000051734443774
3.4384438443844383,-0.0009999997524588649,-0.0210000354119808,0.01900005166263308
3.438943894389439,-0.0009999997518355356,-0.02100003536282672,0.01900005159092206
3.43944394439444,-0.0009999997512191194,-0.02100003531374087,0.019000051519310585
3.4399439943994397,-0.000999999750609598,-0.021000035264723153,0.019000051447798507
3.4404440444044404,-0.0009999997500069536,-0.02100003521577348,0.019000051376385694
3.440944094409441,-0.000999999749411168,-0.021000035166891747,0.019000051305072006
3.441444144414442,-0.0009999997488222233,-0.021000035118077867,0.01900005123385731
3.4419441944194418,-0.0009999997482401009,-0.021000035069331742,0.01900005116274146
3.4424442444244425,-0.0009999997476647828,-0.02100003502065328,0.019000051091724323
3.4429442944294433,-0.0009999997470962506,-0.02100003497204239,0.019000051020805764
3.443444344434443,-0.000999999746534486,-0.021000034923498972,0.019000050949985643
3.443944394439444,-0.000999999745979471,-0.021000034875022937,0.019000050879263826
3.4444444444444446,-0.0009999997454311865,-0.02100003482661419,0.019000050808640173
3.4449444944494454,-0.0009999997448896147,-0.021000034778272638,0.019000050738114553
3.4454445444544453,-0.0009999997443547368,-0.021000034729998184,0.019000050667686827
3.445944594459446,-0.0009999997438265343,-0.02100003468179074,0.019000050597356856
3.4464446444644468,-0.0009999997433049889,-0.02100003463365021,0.01900005052712451
3.4469446944694466,-0.0009999997427900815,-0.021000034585576505,0.019000050456989652
3.4474447444744474,-0.0009999997422817937,-0.021000034537569524,0.019000050386952145
3.447944794479448,-0.000999999741780107,-0.021000034489629185,0.019000050317011852
3.448444844484449,-0.0009999997412850025,-0.02100003444175539,0.019000050247168644
3.4489448944894487,-0.0009999997407964616,-0.021000034393948045,0.01900005017742238
3.4494449444944495,-0.0009999997403144652,-0.021000034346207057,0.01900005010777293
3.4499449944994502,-0.0009999997398389949,-0.021000034298532342,0.019000050038220157
3.45044504450445,-0.0009999997393700315,-0.0210000342509238,0.019000049968763928
3.450945094509451,-0.0009999997389075561,-0.02100003420338134,0.019000049899404108
3.4514451445144516,-0.0009999997384515502,-0.021000034155904873,0.019000049830140565
3.4519451945194524,-0.0009999997380019943,-0.021000034108494308,0.019000049760973164
3.4524452445244522,-0.0009999997375588698,-0.021000034061149548,0.019000049691901773
3.452945294529453,-0.0009999997371221575,-0.02100003401387051,0.019000049622926254
3.4534453445344537,-0.0009999997366918383,-0.021000033966657096,0.01900004955404648
3.4539453945394536,-0.0009999997362678931,-0.021000033919509217,0.019000049485262314
3.4544454445444543,-0.000999999735850303,-0.021000033872426785,0.019000049416573628
3.454945494549455,-0.0009999997354390485,-0.021000033825409704,0.01900004934798028
3.455445544554456,-0.0009999997350341107,-0.021000033778457886,0.01900004927948215
3.4559455945594557,-0.0009999997346354702,-0.02100003373157124,0.0190000492110791
3.4564456445644565,-0.0009999997342431078,-0.021000033684749675,0.019000049142770994
3.456945694569457,-0.0009999997338570046,-0.021000033637993104,0.019000049074557705
3.457445744574457,-0.0009999997334771407,-0.021000033591301433,0.0190000490064391
3.457945794579458,-0.0009999997331034969,-0.02100003354467457,0.01900004893841505
3.4584458445844586,-0.000999999732736054,-0.02100003349811243,0.01900004887048542
3.4589458945894593,-0.0009999997323747929,-0.021000033451614924,0.01900004880265008
3.459445944594459,-0.0009999997320196935,-0.021000033405181955,0.019000048734908903
3.45994599459946,-0.000999999731670737,-0.02100003335881344,0.01900004866726175
3.4604460446044607,-0.0009999997313279033,-0.021000033312509287,0.0190000485997085
3.4609460946094606,-0.0009999997309911735,-0.021000033266269407,0.019000048532249018
3.4614461446144613,-0.0009999997306605279,-0.021000033220093712,0.019000048464883172
3.461946194619462,-0.0009999997303359466,-0.02100003317398211,0.019000048397610835
3.462446244624463,-0.0009999997300174106,-0.021000033127934515,0.019000048330431875
3.4629462946294627,-0.0009999997297049,-0.02100003308195084,0.019000048263346166
3.4634463446344634,-0.000999999729398395,-0.02100003303603099,0.019000048196353574
3.463946394639464,-0.0009999997290978764,-0.021000032990174878,0.019000048129453974
3.464446444644464,-0.0009999997288033242,-0.02100003294438242,0.019000048062647233
3.464946494649465,-0.000999999728514719,-0.021000032898653525,0.019000047995933224
3.4654465446544656,-0.0009999997282320408,-0.021000032852988102,0.01900004792931182
3.4659465946594663,-0.0009999997279552702,-0.021000032807386066,0.01900004786278289
3.466446644664466,-0.000999999727684387,-0.02100003276184733,0.019000047796346304
3.466946694669467,-0.0009999997274193718,-0.021000032716371804,0.01900004773000194
3.4674467446744677,-0.0009999997271602048,-0.0210000326709594,0.019000047663749665
3.4679467946794675,-0.000999999726906866,-0.021000032625610034,0.019000047597589352
3.4684468446844683,-0.0009999997266593357,-0.021000032580323614,0.01900004753152087
3.468946894689469,-0.000999999726417594,-0.021000032535100056,0.019000047465544102
3.46944694469447,-0.000999999726181621,-0.021000032489939268,0.01900004739965891
3.4699469946994697,-0.000999999725951397,-0.02100003244484117,0.019000047333865174
3.4704470447044704,-0.000999999725726902,-0.02100003239980567,0.01900004726816276
3.470947094709471,-0.0009999997255081162,-0.02100003235483268,0.019000047202551548
3.471447144714472,-0.0009999997252950193,-0.021000032309922118,0.019000047137031406
3.4719471947194718,-0.0009999997250875916,-0.02100003226507389,0.019000047071602213
3.4724472447244725,-0.0009999997248858134,-0.021000032220287918,0.019000047006263836
3.4729472947294733,-0.0009999997246896643,-0.02100003217556411,0.019000046941016157
3.473447344734473,-0.0009999997244991244,-0.021000032130902384,0.01900004687585904
3.473947394739474,-0.0009999997243141739,-0.02100003208630265,0.01900004681079237
3.4744474447444746,-0.0009999997241347924,-0.021000032041764823,0.019000046745816016
3.4749474947494754,-0.0009999997239609603,-0.021000031997288816,0.019000046680929854
3.4754475447544753,-0.0009999997237926574,-0.02100003195287455,0.019000046616133758
3.475947594759476,-0.0009999997236298634,-0.021000031908521927,0.0190000465514276
3.4764476447644768,-0.0009999997234725585,-0.021000031864230873,0.019000046486811265
3.4769476947694766,-0.0009999997233207227,-0.021000031820001295,0.019000046422284617
3.4774477447744774,-0.0009999997231743354,-0.021000031775833112,0.019000046357847536
3.477947794779478,-0.000999999723033377,-0.021000031731726237,0.019000046293499898
3.478447844784479,-0.0009999997228978272,-0.021000031687680585,0.019000046229241577
3.4789478947894787,-0.0009999997227676657,-0.02100003164369607,0.019000046165072452
3.4794479447944795,-0.0009999997226428727,-0.02100003159977261,0.019000046100992398
3.4799479947994802,-0.000999999722523428,-0.021000031555910115,0.019000046037001294
3.48044804480448,-0.000999999722409311,-0.021000031512108507,0.019000045973099008
3.480948094809481,-0.000999999722300502,-0.0210000314683677,0.01900004590928543
3.4814481448144816,-0.0009999997221969807,-0.021000031424687607,0.01900004584556042
3.4819481948194824,-0.0009999997220987268,-0.02100003138106814,0.01900004578192387
3.4824482448244822,-0.0009999997220057203,-0.021000031337509224,0.01900004571837565
3.482948294829483,-0.0009999997219179407,-0.021000031294010773,0.019000045654915643
3.4834483448344837,-0.000999999721835368,-0.021000031250572697,0.019000045591543717
3.4839483948394836,-0.0009999997217579823,-0.021000031207194916,0.01900004552825976
3.4844484448444843,-0.0009999997216857627,-0.021000031163877348,0.01900004546506364
3.484948494849485,-0.0009999997216186894,-0.021000031120619905,0.019000045401955244
3.485448544854486,-0.000999999721556742,-0.021000031077422508,0.019000045338934443
3.4859485948594857,-0.0009999997214999005,-0.02100003103428507,0.01900004527600112
3.4864486448644865,-0.0009999997214481444,-0.02100003099120751,0.019000045213155157
3.486948694869487,-0.0009999997214014537,-0.021000030948189745,0.019000045150396425
3.487448744874487,-0.000999999721359808,-0.02100003090523169,0.019000045087724807
3.487948794879488,-0.0009999997213231868,-0.021000030862333267,0.019000045025140178
3.4884488448844886,-0.0009999997212915704,-0.02100003081949439,0.019000044962642425
3.4889488948894893,-0.000999999721264938,-0.02100003077671497,0.019000044900231418
3.489448944894489,-0.0009999997212432696,-0.021000030733994934,0.019000044837907043
3.48994899489949,-0.0009999997212265452,-0.021000030691334198,0.01900004477566918
3.4904490449044907,-0.0009999997212147439,-0.021000030648732675,0.019000044713517707
3.4909490949094906,-0.000999999721207846,-0.021000030606190285,0.019000044651452504
3.4914491449144913,-0.0009999997212058308,-0.02100003056370695,0.01900004458947345
3.491949194919492,-0.0009999997212086784,-0.021000030521282582,0.019000044527580428
3.492449244924493,-0.0009999997212163682,-0.021000030478917103,0.019000044465773316
3.4929492949294927,-0.0009999997212288801,-0.021000030436610428,0.019000044404051997
3.4934493449344934,-0.000999999721246194,-0.02100003039436248,0.019000044342416353
3.493949394939494,-0.0009999997212682893,-0.021000030352173172,0.01900004428086626
3.494449444944494,-0.0009999997212951461,-0.02100003031004243,0.019000044219401605
3.494949494949495,-0.0009999997213267437,-0.021000030267970163,0.019000044158022266
3.4954495449544956,-0.000999999721363062,-0.021000030225956298,0.019000044096728126
3.4959495949594963,-0.0009999997214040811,-0.02100003018400075,0.019000044035519064
3.496449644964496,-0.0009999997214497802,-0.02100003014210344,0.019000043974394965
3.496949694969497,-0.0009999997215001393,-0.021000030100264286,0.01900004391335571
3.4974497449744977,-0.000999999721555138,-0.021000030058483204,0.019000043852401186
3.4979497949794975,-0.0009999997216147563,-0.02100003001676012,0.019000043791531265
3.4984498449844983,-0.0009999997216789739,-0.02100002997509495,0.019000043730745837
3.498949894989499,-0.0009999997217477704,-0.021000029933487614,0.019000043670044785
3.4994499449945,-0.0009999997218211256,-0.02100002989193803,0.019000043609427985
3.4999499949994997,-0.0009999997218990192,-0.021000029850446123,0.01900004354889533
3.5004500450045004,-0.0009999997219814314,-0.021000029809011805,0.019000043488446694
3.500950095009501,-0.0009999997220683412,-0.021000029767635004,0.019000043428081967
3.501450145014502,-0.0009999997221597293,-0.021000029726315636,0.01900004336780103
3.5019501950195018,-0.0009999997222555747,-0.02100002968505362,0.019000043307603767
3.5024502450245025,-0.0009999997223558575,-0.02100002964384888,0.01900004324749006
3.5029502950295033,-0.0009999997224605576,-0.021000029602701333,0.0190000431874598
3.503450345034503,-0.0009999997225696548,-0.021000029561610904,0.01900004312751286
3.503950395039504,-0.0009999997226831287,-0.021000029520577508,0.01900004306764913
3.5044504450445046,-0.0009999997228009594,-0.02100002947960107,0.0190000430078685
3.5049504950495054,-0.0009999997229231264,-0.02100002943868151,0.019000042948170846
3.5054505450545053,-0.0009999997230496099,-0.021000029397818754,0.019000042888556053
3.505950595059506,-0.0009999997231803894,-0.02100002935701271,0.019000042829024014
3.5064506450645068,-0.0009999997233154452,-0.021000029316263314,0.019000042769574607
3.5069506950695066,-0.0009999997234547567,-0.021000029275570476,0.01900004271020772
3.5074507450745074,-0.000999999723598304,-0.021000029234934124,0.019000042650923237
3.507950795079508,-0.000999999723746067,-0.02100002919435418,0.019000042591721045
3.508450845084509,-0.0009999997238980256,-0.02100002915383056,0.01900004253260103
3.5089508950895087,-0.0009999997240541596,-0.02100002911336319,0.01900004247356308
3.5094509450945095,-0.0009999997242144492,-0.02100002907295199,0.019000042414607073
3.5099509950995103,-0.0009999997243788738,-0.021000029032596887,0.019000042355732903
3.51045104510451,-0.000999999724547414,-0.0210000289922978,0.019000042296940457
3.510951095109511,-0.000999999724720049,-0.021000028952054647,0.019000042238229615
3.5114511451145116,-0.0009999997248967595,-0.021000028911867356,0.019000042179600267
3.5119511951195124,-0.000999999725077525,-0.021000028871735847,0.019000042121052302
3.5124512451245122,-0.0009999997252623258,-0.021000028831660043,0.019000042062585605
3.512951295129513,-0.0009999997254511418,-0.02100002879163987,0.019000042004200066
3.5134513451345137,-0.0009999997256439526,-0.02100002875167524,0.019000041945895565
3.5139513951395136,-0.000999999725840739,-0.02100002871176609,0.019000041887671997
3.5144514451445144,-0.0009999997260414803,-0.021000028671912335,0.019000041829529246
3.514951495149515,-0.000999999726246157,-0.021000028632113896,0.019000041771467205
3.515451545154516,-0.0009999997264547491,-0.021000028592370705,0.019000041713485752
3.5159515951595157,-0.0009999997266672367,-0.021000028552682678,0.019000041655584783
3.5164516451645165,-0.0009999997268835999,-0.02100002851304974,0.019000041597764184
3.5169516951695172,-0.0009999997271038187,-0.021000028473471814,0.019000041540023847
3.517451745174517,-0.0009999997273278732,-0.021000028433948825,0.019000041482363655
3.517951795179518,-0.0009999997275557436,-0.0210000283944807,0.019000041424783495
3.5184518451845186,-0.0009999997277874103,-0.021000028355067354,0.019000041367283265
3.5189518951895193,-0.0009999997280228533,-0.02100002831570872,0.019000041309862846
3.519451945194519,-0.0009999997282620526,-0.02100002827640472,0.019000041252522134
3.51995199519952,-0.0009999997285049887,-0.02100002823715527,0.01900004119526101
3.5204520452045207,-0.0009999997287516418,-0.021000028197960305,0.019000041138079373
3.5209520952095206,-0.000999999729001992,-0.021000028158819746,0.019000041080977102
3.5214521452145213,-0.0009999997292560196,-0.021000028119733515,0.019000041023954098
3.521952195219522,-0.0009999997295137052,-0.021000028080701536,0.019000040967010242
3.522452245224523,-0.0009999997297750285,-0.02100002804172374,0.019000040910145427
3.5229522952295227,-0.0009999997300399704,-0.021000028002800045,0.01900004085335955
3.5234523452345234,-0.0009999997303085108,-0.021000027963930377,0.01900004079665249
3.523952395239524,-0.0009999997305806304,-0.021000027925114666,0.019000040740024142
3.524452445244524,-0.0009999997308563096,-0.021000027886352832,0.0190000406834744
3.524952495249525,-0.0009999997311355283,-0.021000027847644803,0.019000040627003154
3.5254525452545256,-0.0009999997314182674,-0.021000027808990504,0.01900004057061029
3.5259525952595263,-0.0009999997317045072,-0.021000027770389857,0.019000040514295706
3.526452645264526,-0.0009999997319942281,-0.021000027731842792,0.01900004045805929
3.526952695269527,-0.0009999997322874107,-0.021000027693349233,0.019000040401900932
3.5274527452745277,-0.0009999997325840354,-0.021000027654909104,0.019000040345820528
3.5279527952795275,-0.000999999732884083,-0.021000027616522334,0.019000040289817964
3.5284528452845283,-0.0009999997331875334,-0.021000027578188845,0.019000040233893137
3.528952895289529,-0.0009999997334943678,-0.021000027539908567,0.01900004017804594
3.52945294529453,-0.0009999997338045665,-0.021000027501681423,0.019000040122276258
3.5299529952995297,-0.0009999997341181102,-0.02100002746350734,0.019000040066583988
3.5304530453045304,-0.0009999997344349793,-0.021000027425386248,0.019000040010969024
3.530953095309531,-0.0009999997347551548,-0.02100002738731807,0.019000039955431255
3.531453145314532,-0.000999999735078617,-0.021000027349302734,0.01900003989997058
3.531953195319532,-0.0009999997354053472,-0.021000027311340163,0.019000039844586886
3.5324532453245325,-0.0009999997357353254,-0.021000027273430286,0.019000039789280068
3.5329532953295333,-0.0009999997360685328,-0.021000027235573034,0.01900003973405002
3.533453345334533,-0.0009999997364049502,-0.021000027197768327,0.019000039678896633
3.533953395339534,-0.000999999736744558,-0.0210000271600161,0.0190000396238198
3.5344534453445347,-0.0009999997370873375,-0.02100002712231627,0.019000039568819422
3.5349534953495354,-0.000999999737433269,-0.02100002708466877,0.019000039513895388
3.5354535453545353,-0.000999999737782334,-0.02100002704707353,0.019000039459047588
3.535953595359536,-0.000999999738134513,-0.02100002700953047,0.019000039404275925
3.5364536453645368,-0.0009999997384897868,-0.021000026972039527,0.019000039349580285
3.5369536953695366,-0.0009999997388481369,-0.021000026934600624,0.019000039294960566
3.5374537453745374,-0.0009999997392095435,-0.021000026897213687,0.019000039240416666
3.537953795379538,-0.0009999997395739883,-0.021000026859878645,0.019000039185948475
3.538453845384539,-0.000999999739941452,-0.021000026822595427,0.019000039131555888
3.5389538953895388,-0.0009999997403119154,-0.02100002678536396,0.019000039077238802
3.5394539453945395,-0.0009999997406853602,-0.021000026748184172,0.01900003902299711
3.5399539953995403,-0.000999999741061767,-0.021000026711055993,0.01900003896883071
3.54045404540454,-0.000999999741441117,-0.02100002667397935,0.0190000389147395
3.540954095409541,-0.0009999997418233915,-0.02100002663695417,0.019000038860723368
3.5414541454145416,-0.0009999997422085716,-0.021000026599980386,0.019000038806782214
3.5419541954195424,-0.0009999997425966386,-0.021000026563057925,0.019000038752915935
3.5424542454245422,-0.0009999997429875735,-0.021000026526186714,0.019000038699124425
3.542954295429543,-0.0009999997433813579,-0.02100002648936668,0.019000038645407582
3.5434543454345437,-0.0009999997437779727,-0.021000026452597756,0.0190000385917653
3.5439543954395436,-0.0009999997441773997,-0.02100002641587987,0.01900003853819748
3.5444544454445444,-0.0009999997445796199,-0.02100002637921295,0.01900003848470401
3.544954495449545,-0.0009999997449846147,-0.021000026342596925,0.019000038431284796
3.545454545454546,-0.0009999997453923658,-0.02100002630603173,0.019000038377939732
3.5459545954595457,-0.0009999997458028543,-0.021000026269517285,0.019000038324668712
3.5464546454645465,-0.0009999997462160617,-0.021000026233053526,0.019000038271471637
3.5469546954695472,-0.0009999997466319697,-0.02100002619664038,0.019000038218348402
3.547454745474547,-0.0009999997470505598,-0.02100002616027778,0.019000038165298907
3.547954795479548,-0.0009999997474718133,-0.021000026123965652,0.019000038112323047
3.5484548454845486,-0.000999999747895712,-0.021000026087703925,0.019000038059420722
3.5489548954895493,-0.0009999997483222376,-0.021000026051492537,0.019000038006591828
3.549454945494549,-0.0009999997487513718,-0.021000026015331408,0.019000037953836264
3.54995499549955,-0.0009999997491830959,-0.021000025979220478,0.019000037901153927
3.5504550455045507,-0.000999999749617392,-0.021000025943159667,0.019000037848544718
3.5509550955095506,-0.0009999997500542415,-0.021000025907148914,0.01900003779600853
3.5514551455145513,-0.0009999997504936263,-0.021000025871188144,0.01900003774354527
3.551955195519552,-0.0009999997509355285,-0.02100002583527729,0.019000037691154832
3.552455245524553,-0.0009999997513799295,-0.021000025799416285,0.019000037638837113
3.5529552955295527,-0.0009999997518268114,-0.021000025763605056,0.019000037586592015
3.5534553455345534,-0.0009999997522761562,-0.021000025727843534,0.019000037534419437
3.553955395539554,-0.0009999997527279456,-0.021000025692131653,0.01900003748231928
3.554455445544554,-0.0009999997531821617,-0.021000025656469343,0.01900003743029144
3.554955495549555,-0.0009999997536387865,-0.02100002562085653,0.019000037378335815
3.5554555455545556,-0.0009999997540978021,-0.021000025585293156,0.01900003732645231
3.5559555955595563,-0.0009999997545591902,-0.021000025549779144,0.01900003727464082
3.556455645564556,-0.0009999997550229334,-0.021000025514314426,0.019000037222901254
3.556955695569557,-0.0009999997554890137,-0.021000025478898936,0.0190000371712335
3.5574557455745577,-0.0009999997559574129,-0.021000025443532605,0.019000037119637467
3.5579557955795575,-0.0009999997564281136,-0.021000025408215366,0.01900003706811305
3.5584558455845583,-0.000999999756901098,-0.02100002537294715,0.019000037016660157
3.558955895589559,-0.0009999997573763482,-0.021000025337727886,0.019000036965278678
3.55945594559456,-0.0009999997578538466,-0.02100002530255751,0.019000036913968524
3.5599559955995597,-0.0009999997583335755,-0.021000025267435954,0.01900003686272959
3.5604560456045604,-0.0009999997588155173,-0.021000025232363145,0.019000036811561778
3.560956095609561,-0.0009999997592996543,-0.021000025197339022,0.01900003676046499
3.561456145614562,-0.000999999759785969,-0.021000025162363517,0.01900003670943913
3.561956195619562,-0.0009999997602744442,-0.021000025127436556,0.0190000366584841
3.5624562456245625,-0.000999999760765062,-0.021000025092558078,0.01900003660759979
3.5629562956295633,-0.000999999761257805,-0.021000025057728012,0.01900003655678612
3.563456345634563,-0.0009999997617526559,-0.021000025022946293,0.019000036506042976
3.563956395639564,-0.0009999997622495973,-0.021000024988212854,0.019000036455370267
3.5644564456445647,-0.0009999997627486118,-0.021000024953527627,0.019000036404767898
3.5649564956495654,-0.000999999763249682,-0.021000024918890546,0.019000036354235767
3.5654565456545653,-0.000999999763752791,-0.02100002488430154,0.01900003630377378
3.565956595659566,-0.0009999997642579212,-0.02100002484976055,0.019000036253381834
3.5664566456645668,-0.0009999997647650554,-0.021000024815267505,0.019000036203059834
3.5669566956695666,-0.0009999997652741766,-0.021000024780822336,0.019000036152807688
3.5674567456745674,-0.0009999997657852676,-0.02100002474642498,0.019000036102625295
3.567956795679568,-0.0009999997662983114,-0.02100002471207537,0.019000036052512558
3.568456845684569,-0.0009999997668132907,-0.021000024677773437,0.019000036002469377
3.5689568956895688,-0.0009999997673301889,-0.021000024643519122,0.019000035952495664
3.5694569456945695,-0.0009999997678489887,-0.02100002460931235,0.019000035902591316
3.5699569956995703,-0.0009999997683696731,-0.021000024575153063,0.019000035852756236
3.57045704570457,-0.0009999997688922256,-0.021000024541041187,0.019000035802990332
3.570957095709571,-0.0009999997694166288,-0.021000024506976665,0.01900003575329351
3.5714571457145716,-0.0009999997699428663,-0.021000024472959424,0.019000035703665666
3.5719571957195724,-0.0009999997704709211,-0.0210000244389894,0.019000035654106708
3.5724572457245722,-0.0009999997710007766,-0.021000024405066528,0.019000035604616543
3.572957295729573,-0.0009999997715324158,-0.021000024371190747,0.019000035555195072
3.5734573457345737,-0.0009999997720658222,-0.021000024337361985,0.019000035505842203
3.5739573957395736,-0.0009999997726009794,-0.02100002430358018,0.01900003545655784
3.5744574457445744,-0.0009999997731378705,-0.021000024269845267,0.01900003540734188
3.574957495749575,-0.000999999773676479,-0.02100002423615718,0.019000035358194244
3.575457545754576,-0.0009999997742167882,-0.021000024202515854,0.019000035309114822
3.5759575957595757,-0.000999999774758782,-0.021000024168921223,0.019000035260103527
3.5764576457645765,-0.0009999997753024439,-0.021000024135373226,0.01900003521116026
3.5769576957695772,-0.0009999997758477572,-0.021000024101871795,0.019000035162284934
3.577457745774577,-0.0009999997763947058,-0.021000024068416865,0.019000035113477448
3.577957795779578,-0.0009999997769432733,-0.021000024035008374,0.01900003506473771
3.5784578457845786,-0.0009999997774934432,-0.021000024001646255,0.019000035016065626
3.5789578957895793,-0.0009999997780451998,-0.021000023968330443,0.019000034967461103
3.579457945794579,-0.0009999997785985263,-0.02100002393506088,0.019000034918924047
3.57995799579958,-0.0009999997791534068,-0.021000023901837493,0.01900003487045436
3.5804580458045807,-0.0009999997797098252,-0.021000023868660223,0.019000034822051953
3.5809580958095806,-0.0009999997802677654,-0.021000023835529007,0.019000034773716735
3.5814581458145813,-0.0009999997808272114,-0.021000023802443778,0.019000034725448606
3.581958195819582,-0.0009999997813881472,-0.021000023769404474,0.019000034677247476
3.582458245824583,-0.0009999997819505567,-0.02100002373641103,0.019000034629113254
3.5829582958295827,-0.000999999782514424,-0.021000023703463384,0.019000034581045842
3.5834583458345834,-0.0009999997830797333,-0.02100002367056147,0.019000034533045156
3.583958395839584,-0.0009999997836464688,-0.021000023637705225,0.019000034485111093
3.584458445844584,-0.0009999997842146146,-0.02100002360489459,0.01900003443724357
3.584958495849585,-0.000999999784784155,-0.021000023572129496,0.019000034389442488
3.5854585458545856,-0.0009999997853550743,-0.021000023539409884,0.019000034341707755
3.5859585958595863,-0.0009999997859273567,-0.021000023506735688,0.01900003429403928
3.586458645864586,-0.0009999997865009868,-0.021000023474106844,0.019000034246436977
3.586958695869587,-0.0009999997870759488,-0.021000023441523293,0.019000034198900746
3.5874587458745877,-0.0009999997876522272,-0.021000023408984967,0.0190000341514305
3.5879587958795875,-0.0009999997882298066,-0.02100002337649181,0.019000034104026144
3.5884588458845883,-0.0009999997888086713,-0.021000023344043755,0.019000034056687588
3.588958895889589,-0.0009999997893888062,-0.021000023311640737,0.019000034009414742
3.58945894589459,-0.0009999997899701955,-0.0210000232792827,0.019000033962207515
3.5899589958995897,-0.0009999997905528243,-0.021000023246969576,0.01900003391506581
3.5904590459045904,-0.0009999997911366771,-0.021000023214701305,0.019000033867989544
3.590959095909591,-0.0009999997917217386,-0.021000023182477824,0.019000033820978625
3.591459145914592,-0.0009999997923079936,-0.02100002315029907,0.01900003377403296
3.591959195919592,-0.000999999792895427,-0.021000023118164984,0.019000033727152452
3.5924592459245925,-0.0009999997934840236,-0.021000023086075504,0.019000033680337022
3.5929592959295933,-0.0009999997940737682,-0.021000023054030564,0.019000033633586575
3.593459345934593,-0.000999999794664646,-0.021000023022030107,0.01900003358690102
3.593959395939594,-0.0009999997952566421,-0.021000022990074065,0.019000033540280268
3.5944594459445947,-0.0009999997958497413,-0.02100002295816238,0.019000033493724228
3.5949594959495954,-0.0009999997964439285,-0.021000022926294992,0.01900003344723281
3.5954595459545953,-0.0009999997970391893,-0.021000022894471837,0.019000033400805926
3.595959595959596,-0.0009999997976355085,-0.021000022862692858,0.019000033354443484
3.5964596459645968,-0.0009999997982328714,-0.021000022830957987,0.019000033308145398
3.5969596959695966,-0.0009999997988312634,-0.021000022799267166,0.019000033261911575
3.5974597459745974,-0.0009999997994306698,-0.021000022767620335,0.019000033215741927
3.597959795979598,-0.0009999998000310758,-0.02100002273601743,0.019000033169636367
3.598459845984599,-0.0009999998006324667,-0.021000022704458395,0.019000033123594804
3.5989598959895988,-0.0009999998012348282,-0.021000022672943163,0.019000033077617152
3.5994599459945995,-0.0009999998018381457,-0.021000022641471678,0.019000033031703317
3.5999599959996003,-0.0009999998024424045,-0.021000022610043877,0.019000032985853215
3.6004600460046,-0.0009999998030475903,-0.0210000225786597,0.019000032940066754
3.600960096009601,-0.000999999803653689,-0.021000022547319086,0.01900003289434385
3.6014601460146016,-0.000999999804260686,-0.021000022516021972,0.019000032848684408
3.6019601960196024,-0.0009999998048685669,-0.021000022484768305,0.01900003280308835
3.6024602460246022,-0.0009999998054773173,-0.021000022453558018,0.019000032757555577
3.602960296029603,-0.0009999998060869235,-0.021000022422391053,0.019000032712086008
3.6034603460346037,-0.000999999806697371,-0.02100002239126735,0.019000032666679555
3.6039603960396036,-0.0009999998073086456,-0.021000022360186846,0.01900003262133613
3.6044604460446044,-0.0009999998079207335,-0.021000022329149486,0.01900003257605564
3.604960496049605,-0.0009999998085336204,-0.02100002229815521,0.019000032530838006
3.605460546054606,-0.0009999998091472925,-0.021000022267203954,0.019000032485683136
3.6059605960596057,-0.0009999998097617354,-0.021000022236295657,0.019000032440590942
3.6064606460646065,-0.000999999810376936,-0.021000022205430267,0.01900003239556134
3.6069606960696072,-0.0009999998109928797,-0.021000022174607717,0.019000032350594245
3.607460746074607,-0.0009999998116095531,-0.021000022143827953,0.019000032305689564
3.607960796079608,-0.0009999998122269423,-0.021000022113090915,0.019000032260847215
3.6084608460846086,-0.0009999998128450334,-0.021000022082396538,0.01900003221606711
3.6089608960896093,-0.0009999998134638131,-0.02100002205174477,0.01900003217134916
3.609460946094609,-0.0009999998140832675,-0.021000022021135545,0.019000032126693284
3.60996099609961,-0.000999999814703383,-0.02100002199056881,0.01900003208209939
3.6104610461046107,-0.0009999998153241462,-0.021000021960044503,0.0190000320375674
3.6109610961096106,-0.0009999998159455434,-0.021000021929562566,0.01900003199309722
3.6114611461146113,-0.0009999998165675613,-0.02100002189912294,0.019000031948688767
3.611961196119612,-0.0009999998171901865,-0.021000021868725568,0.01900003190434196
3.612461246124613,-0.0009999998178134054,-0.021000021838370388,0.019000031860056703
3.6129612961296127,-0.000999999818437205,-0.02100002180805734,0.019000031815832923
3.6134613461346134,-0.000999999819061572,-0.02100002177778637,0.019000031771670523
3.613961396139614,-0.0009999998196864928,-0.02100002174755742,0.019000031727569425
3.614461446144614,-0.0009999998203119548,-0.021000021717370428,0.019000031683529543
3.614961496149615,-0.0009999998209379443,-0.02100002168722534,0.01900003163955079
3.6154615461546156,-0.0009999998215644483,-0.02100002165712209,0.019000031595633085
3.6159615961596163,-0.0009999998221914541,-0.02100002162706063,0.019000031551776337
3.616461646164616,-0.0009999998228189485,-0.021000021597040897,0.019000031507980467
3.616961696169617,-0.0009999998234469184,-0.02100002156706283,0.01900003146424539
3.6174617461746177,-0.000999999824075351,-0.02100002153712638,0.019000031420571016
3.6179617961796176,-0.0009999998247042336,-0.021000021507231476,0.019000031376957268
3.6184618461846183,-0.0009999998253335531,-0.021000021477378075,0.01900003133340406
3.618961896189619,-0.000999999825963297,-0.02100002144756611,0.019000031289911304
3.61946194619462,-0.0009999998265934524,-0.021000021417795525,0.019000031246478918
3.6199619961996197,-0.0009999998272240064,-0.021000021388066264,0.01900003120310682
3.6204620462046204,-0.0009999998278549468,-0.02100002135837827,0.019000031159794924
3.620962096209621,-0.0009999998284862608,-0.02100002132873148,0.01900003111654315
3.621462146214622,-0.0009999998291179359,-0.021000021299125846,0.01900003107335141
3.621962196219622,-0.0009999998297499596,-0.021000021269561308,0.019000031030219623
3.6224622462246225,-0.0009999998303823192,-0.021000021240037803,0.01900003098714771
3.6229622962296233,-0.0009999998310150026,-0.021000021210555282,0.019000030944135576
3.623462346234623,-0.0009999998316479973,-0.021000021181113684,0.01900003090118315
3.623962396239624,-0.0009999998322812913,-0.021000021151712952,0.019000030858290346
3.6244624462446247,-0.0009999998329148717,-0.02100002112235303,0.019000030815457078
3.6249624962496254,-0.000999999833548727,-0.021000021093033863,0.019000030772683266
3.6254625462546253,-0.0009999998341828442,-0.02100002106375539,0.019000030729968826
3.625962596259626,-0.000999999834817212,-0.02100002103451756,0.019000030687313676
3.6264626462646268,-0.0009999998354518176,-0.021000021005320314,0.019000030644717735
3.6269626962696266,-0.0009999998360866497,-0.021000020976163596,0.01900003060218092
3.6274627462746274,-0.0009999998367216955,-0.021000020947047348,0.01900003055970315
3.627962796279628,-0.0009999998373569437,-0.021000020917971512,0.019000030517284338
3.628462846284629,-0.0009999998379923822,-0.02100002088893604,0.01900003047492441
3.6289628962896288,-0.000999999838627999,-0.02100002085994087,0.01900003043262328
3.6294629462946295,-0.0009999998392637823,-0.021000020830985948,0.019000030390380864
3.6299629962996303,-0.0009999998398997204,-0.021000020802071216,0.019000030348197083
3.63046304630463,-0.0009999998405358019,-0.02100002077319662,0.019000030306071856
3.630963096309631,-0.0009999998411720145,-0.0210000207443621,0.019000030264005104
3.6314631463146316,-0.000999999841808347,-0.02100002071556761,0.01900003022199674
3.6319631963196324,-0.0009999998424447879,-0.021000020686813083,0.01900003018004669
3.6324632463246322,-0.0009999998430813254,-0.021000020658098473,0.019000030138154867
3.632963296329633,-0.000999999843717948,-0.02100002062942372,0.019000030096321195
3.6334633463346337,-0.0009999998443546447,-0.02100002060078877,0.019000030054545588
3.6339633963396336,-0.0009999998449914036,-0.021000020572193565,0.01900003001282797
3.6344634463446344,-0.0009999998456282134,-0.021000020543638052,0.01900002997116826
3.634963496349635,-0.0009999998462650631,-0.02100002051512218,0.01900002992956637
3.635463546354636,-0.0009999998469019413,-0.021000020486645884,0.01900002988802223
3.6359635963596357,-0.0009999998475388368,-0.02100002045820912,0.019000029846535756
3.6364636463646365,-0.0009999998481757383,-0.021000020429811826,0.019000029805106868
3.6369636963696372,-0.0009999998488126349,-0.021000020401453948,0.019000029763735486
3.637463746374637,-0.0009999998494495154,-0.021000020373135433,0.01900002972242153
3.637963796379638,-0.0009999998500863688,-0.021000020344856228,0.01900002968116492
3.6384638463846386,-0.000999999850723184,-0.021000020316616276,0.01900002963996558
3.6389638963896394,-0.0009999998513599505,-0.021000020288415522,0.019000029598823423
3.639463946394639,-0.000999999851996657,-0.02100002026025391,0.019000029557738374
3.63996399639964,-0.0009999998526332929,-0.02100002023213139,0.019000029516710357
3.6404640464046407,-0.000999999853269847,-0.021000020204047908,0.019000029475739286
3.6409640964096406,-0.000999999853906309,-0.021000020176003404,0.019000029434825087
3.6414641464146413,-0.000999999854542668,-0.02100002014799783,0.01900002939396768
3.641964196419642,-0.0009999998551789137,-0.02100002012003113,0.019000029353166987
3.642464246424643,-0.0009999998558150348,-0.021000020092103246,0.019000029312422926
3.6429642964296427,-0.0009999998564510215,-0.02100002006421413,0.01900002927173542
3.6434643464346435,-0.0009999998570868628,-0.021000020036363726,0.01900002923110439
3.643964396439644,-0.0009999998577225483,-0.02100002000855198,0.01900002919052976
3.644464446444644,-0.0009999998583580675,-0.02100001998077884,0.01900002915001145
3.644964496449645,-0.0009999998589934104,-0.02100001995304425,0.01900002910954938
3.6454645464546456,-0.0009999998596285661,-0.021000019925348154,0.019000029069143477
3.6459645964596463,-0.000999999860263525,-0.021000019897690507,0.01900002902879366
3.646464646464646,-0.0009999998608982764,-0.02100001987007125,0.01900002898849985
3.646964696469647,-0.0009999998615328103,-0.021000019842490326,0.01900002894826197
3.6474647464746477,-0.0009999998621671162,-0.021000019814947687,0.019000028908079943
3.6479647964796476,-0.0009999998628011846,-0.021000019787443282,0.01900002886795369
3.6484648464846483,-0.000999999863435005,-0.021000019759977055,0.01900002882788314
3.648964896489649,-0.0009999998640685675,-0.02100001973254895,0.019000028787868203
3.64946494649465,-0.0009999998647018623,-0.02100001970515892,0.019000028747908813
3.6499649964996497,-0.0009999998653348792,-0.021000019677806906,0.01900002870800489
3.6504650465046504,-0.0009999998659676087,-0.02100001965049286,0.019000028668156355
3.650965096509651,-0.0009999998666000405,-0.021000019623216726,0.01900002862836313
3.651465146514652,-0.0009999998672321653,-0.021000019595978456,0.019000028588625144
3.651965196519652,-0.000999999867863973,-0.02100001956877799,0.019000028548942317
3.6524652465246525,-0.0009999998684954543,-0.021000019541615286,0.019000028509314572
3.6529652965296533,-0.0009999998691265991,-0.021000019514490282,0.01900002846974183
3.653465346534653,-0.0009999998697573982,-0.02100001948740293,0.019000028430224022
3.653965396539654,-0.000999999870387842,-0.021000019460353174,0.019000028390761065
3.6544654465446547,-0.0009999998710179207,-0.02100001943334097,0.019000028351352883
3.6549654965496554,-0.000999999871647625,-0.021000019406366255,0.019000028311999404
3.6554655465546553,-0.0009999998722769459,-0.021000019379428986,0.01900002827270055
3.655965596559656,-0.0009999998729058733,-0.02100001935252911,0.019000028233456246
3.656465646564657,-0.0009999998735343986,-0.02100001932566657,0.019000028194266414
3.6569656965696566,-0.000999999874162512,-0.021000019298841315,0.01900002815513098
3.6574657465746574,-0.0009999998747902046,-0.0210000192720533,0.01900002811604987
3.657965796579658,-0.0009999998754174671,-0.021000019245302464,0.019000028077023005
3.658465846584659,-0.0009999998760442902,-0.02100001921858876,0.019000028038050315
3.6589658965896588,-0.0009999998766706652,-0.021000019191912137,0.019000027999131718
3.6594659465946595,-0.0009999998772965827,-0.021000019165272544,0.019000027960267146
3.6599659965996603,-0.0009999998779220338,-0.021000019138669928,0.019000027921456518
3.66046604660466,-0.0009999998785470096,-0.021000019112104237,0.019000027882699763
3.660966096609661,-0.0009999998791715013,-0.021000019085575423,0.019000027843996802
3.6614661466146616,-0.0009999998797954998,-0.02100001905908343,0.019000027805347566
3.6619661966196624,-0.0009999998804189965,-0.021000019032628214,0.019000027766751977
3.6624662466246622,-0.0009999998810419825,-0.021000019006209715,0.01900002772820996
3.662966296629663,-0.0009999998816644492,-0.021000018979827888,0.019000027689721442
3.6634663466346638,-0.0009999998822863877,-0.02100001895348268,0.01900002765128635
3.6639663966396636,-0.0009999998829077895,-0.021000018927174045,0.019000027612904608
3.6644664466446644,-0.0009999998835286462,-0.021000018900901925,0.019000027574576143
3.664966496649665,-0.0009999998841489488,-0.021000018874666272,0.019000027536300878
3.665466546654666,-0.0009999998847686894,-0.021000018848467035,0.019000027498078744
3.6659665966596657,-0.000999999885387859,-0.021000018822304165,0.01900002745990966
3.6664666466646665,-0.0009999998860064495,-0.021000018796177612,0.019000027421793565
3.6669666966696672,-0.0009999998866244524,-0.021000018770087323,0.019000027383730373
3.667466746674667,-0.0009999998872418595,-0.021000018744033247,0.019000027345720014
3.667966796679668,-0.0009999998878586624,-0.02100001871801534,0.019000027307762415
3.6684668466846686,-0.000999999888474853,-0.021000018692033544,0.019000027269857507
3.6689668966896694,-0.0009999998890904231,-0.021000018666087816,0.019000027232005213
3.669466946694669,-0.0009999998897053644,-0.021000018640178097,0.01900002719420546
3.66996699669967,-0.000999999890319669,-0.021000018614304346,0.019000027156458175
3.6704670467046707,-0.0009999998909333287,-0.02100001858846651,0.019000027118763283
3.6709670967096706,-0.0009999998915463358,-0.021000018562664535,0.019000027081120717
3.6714671467146713,-0.000999999892158682,-0.02100001853689838,0.0190000270435304
3.671967196719672,-0.0009999998927703593,-0.021000018511167985,0.019000027005992265
3.672467246724673,-0.00099999989338136,-0.02100001848547331,0.01900002696850623
3.6729672967296727,-0.0009999998939916766,-0.021000018459814297,0.01900002693107223
3.6734673467346735,-0.000999999894601301,-0.0210000184341909,0.01900002689369019
3.673967396739674,-0.0009999998952102255,-0.021000018408603074,0.01900002685636004
3.674467446744674,-0.0009999998958184423,-0.021000018383050763,0.019000026819081705
3.674967496749675,-0.0009999998964259438,-0.02100001835753392,0.019000026781855115
3.6754675467546756,-0.0009999998970327225,-0.0210000183320525,0.0190000267446802
3.6759675967596763,-0.0009999998976387707,-0.021000018306606444,0.019000026707556884
3.676467646764676,-0.0009999998982440812,-0.02100001828119571,0.019000026670485098
3.676967696769677,-0.0009999998988486462,-0.02100001825582025,0.01900002663346477
3.6774677467746777,-0.0009999998994524584,-0.021000018230480012,0.019000026596495828
3.6779677967796776,-0.0009999999000555103,-0.021000018205174945,0.019000026559578203
3.6784678467846783,-0.0009999999006577948,-0.021000018179905006,0.01900002652271182
3.678967896789679,-0.0009999999012593043,-0.021000018154670144,0.01900002648589661
3.67946794679468,-0.0009999999018600316,-0.021000018129470308,0.019000026449132505
3.6799679967996797,-0.00099999990245997,-0.021000018104305452,0.019000026412419428
3.6804680468046804,-0.0009999999030591115,-0.021000018079175526,0.01900002637575731
3.680968096809681,-0.0009999999036574498,-0.021000018054080482,0.019000026339146086
3.681468146814682,-0.0009999999042549772,-0.02100001802902027,0.019000026302585675
3.681968196819682,-0.000999999904851687,-0.021000018003994845,0.019000026266076015
3.6824682468246825,-0.000999999905447572,-0.021000017979004155,0.019000026229617033
3.6829682968296833,-0.0009999999060426256,-0.021000017954048156,0.019000026193208657
3.683468346834683,-0.0009999999066368406,-0.021000017929126796,0.01900002615685082
3.683968396839684,-0.0009999999072302101,-0.02100001790424003,0.01900002612054345
3.6844684468446847,-0.0009999999078227275,-0.021000017879387805,0.019000026084286477
3.6849684968496854,-0.0009999999084143857,-0.02100001785457008,0.019000026048079828
3.6854685468546853,-0.0009999999090051785,-0.0210000178297868,0.019000026011923438
3.685968596859686,-0.0009999999095950988,-0.021000017805037925,0.019000025975817236
3.686468646864687,-0.00099999991018414,-0.0210000177803234,0.01900002593976115
3.6869686968696866,-0.0009999999107722956,-0.021000017755643183,0.019000025903755116
3.6874687468746874,-0.000999999911359559,-0.02100001773099722,0.019000025867799055
3.687968796879688,-0.0009999999119459236,-0.02100001770638547,0.01900002583189291
3.688468846884689,-0.000999999912531383,-0.021000017681807884,0.019000025796036598
3.6889688968896888,-0.000999999913115931,-0.02100001765726441,0.01900002576023006
3.6894689468946895,-0.0009999999136995608,-0.021000017632755004,0.019000025724473225
3.6899689968996903,-0.0009999999142822663,-0.02100001760827962,0.01900002568876602
3.69046904690469,-0.0009999999148640414,-0.02100001758383821,0.019000025653108384
3.690969096909691,-0.0009999999154448793,-0.021000017559430723,0.01900002561750024
3.6914691469146916,-0.0009999999160247742,-0.02100001753505712,0.01900002558194152
3.6919691969196924,-0.0009999999166037197,-0.021000017510717346,0.01900002554643216
3.6924692469246922,-0.0009999999171817098,-0.02100001748641136,0.019000025510972088
3.692969296929693,-0.0009999999177587385,-0.021000017462139108,0.01900002547556124
3.6934693469346938,-0.0009999999183347996,-0.02100001743790055,0.01900002544019954
3.6939693969396936,-0.000999999918909887,-0.021000017413695636,0.019000025404886926
3.6944694469446944,-0.000999999919483995,-0.02100001738952432,0.01900002536962333
3.694969496949695,-0.0009999999200571174,-0.021000017365386554,0.01900002533440868
3.695469546954696,-0.0009999999206292485,-0.021000017341282293,0.019000025299242912
3.6959695969596957,-0.0009999999212003824,-0.021000017317211492,0.019000025264125954
3.6964696469646965,-0.0009999999217705133,-0.021000017293174102,0.019000025229057742
3.6969696969696972,-0.0009999999223396356,-0.021000017269170078,0.01900002519403821
3.697469746974697,-0.0009999999229077434,-0.021000017245199374,0.019000025159067284
3.697969796979698,-0.000999999923474831,-0.02100001722126194,0.0190000251241449
3.6984698469846986,-0.0009999999240408927,-0.021000017197357734,0.01900002508927099
3.6989698969896994,-0.0009999999246059234,-0.02100001717348671,0.019000025054445487
3.699469946994699,-0.000999999925169917,-0.021000017149648817,0.019000025019668323
3.6999699969997,-0.000999999925732868,-0.021000017125844015,0.019000024984939436
3.7004700470047007,-0.0009999999262947715,-0.021000017102072256,0.01900002495025875
3.7009700970097006,-0.0009999999268556214,-0.021000017078333495,0.019000024915626208
3.7014701470147013,-0.0009999999274154128,-0.02100001705462768,0.019000024881041733
3.701970197019702,-0.0009999999279741401,-0.021000017030954776,0.01900002484650527
3.702470247024703,-0.0009999999285317982,-0.021000017007314728,0.01900002481201674
3.7029702970297027,-0.0009999999290883816,-0.021000016983707494,0.019000024777576084
3.7034703470347035,-0.0009999999296438852,-0.02100001696013303,0.019000024743183234
3.703970397039704,-0.0009999999301983037,-0.021000016936591287,0.019000024708838124
3.704470447044704,-0.0009999999307516321,-0.02100001691308222,0.019000024674540684
3.704970497049705,-0.0009999999313038653,-0.021000016889605788,0.019000024640290856
3.7054705470547056,-0.0009999999318549982,-0.021000016866161944,0.019000024606088566
3.7059705970597063,-0.0009999999324050257,-0.02100001684275064,0.01900002457193375
3.706470647064706,-0.000999999932953943,-0.02100001681937183,0.019000024537826347
3.706970697069707,-0.000999999933501745,-0.021000016796025475,0.019000024503766286
3.7074707470747077,-0.0009999999340484268,-0.021000016772711523,0.0190000244697535
3.7079707970797076,-0.0009999999345939837,-0.021000016749429935,0.019000024435787927
3.7084708470847083,-0.0009999999351384108,-0.02100001672618066,0.0190000244018695
3.708970897089709,-0.0009999999356817032,-0.02100001670296366,0.019000024367998157
3.70947094709471,-0.0009999999362238564,-0.021000016679778886,0.019000024334173825
3.7099709970997097,-0.0009999999367648652,-0.02100001665662629,0.019000024300396448
3.7104710471047104,-0.0009999999373047257,-0.021000016633505834,0.019000024266665954
3.710971097109711,-0.0009999999378434326,-0.021000016610417473,0.019000024232982277
3.711471147114712,-0.0009999999383809818,-0.02100001658736116,0.01900002419934536
3.711971197119712,-0.0009999999389173682,-0.021000016564336848,0.01900002416575513
3.7124712471247125,-0.0009999999394525879,-0.021000016541344493,0.019000024132211527
3.7129712971297133,-0.000999999939986636,-0.021000016518384058,0.019000024098714485
3.713471347134713,-0.0009999999405195083,-0.021000016495455492,0.019000024065263937
3.713971397139714,-0.0009999999410512004,-0.02100001647255875,0.01900002403185982
3.7144714471447147,-0.000999999941581708,-0.021000016449693792,0.019000023998502074
3.7149714971497154,-0.0009999999421110265,-0.02100001642686057,0.019000023965190627
3.7154715471547153,-0.0009999999426391517,-0.021000016404059046,0.01900002393192542
3.715971597159716,-0.0009999999431660796,-0.02100001638128917,0.01900002389870639
3.716471647164717,-0.000999999943691806,-0.0210000163585509,0.019000023865533462
3.7169716971697166,-0.0009999999442163266,-0.021000016335844193,0.019000023832406586
3.7174717471747174,-0.0009999999447396373,-0.021000016313169,0.019000023799325694
3.717971797179718,-0.000999999945261734,-0.021000016290525288,0.019000023766290716
3.718471847184719,-0.0009999999457826127,-0.021000016267913004,0.019000023733301594
3.7189718971897188,-0.0009999999463022693,-0.021000016245332105,0.019000023700358262
3.7194719471947195,-0.0009999999468207,-0.021000016222782553,0.01900002366746066
3.7199719971997203,-0.0009999999473379007,-0.021000016200264298,0.01900002363460872
3.72047204720472,-0.0009999999478538678,-0.021000016177777303,0.019000023601802384
3.720972097209721,-0.000999999948368597,-0.02100001615532152,0.019000023569041583
3.7214721472147216,-0.000999999948882085,-0.02100001613289691,0.019000023536326256
3.7219721972197224,-0.0009999999493943276,-0.021000016110503422,0.019000023503656337
3.7224722472247223,-0.0009999999499053212,-0.02100001608814102,0.01900002347103177
3.722972297229723,-0.000999999950415062,-0.021000016065809656,0.019000023438452487
3.7234723472347238,-0.0009999999509235466,-0.021000016043509293,0.019000023405918425
3.7239723972397236,-0.000999999951430771,-0.02100001602123988,0.01900002337342952
3.7244724472447244,-0.000999999951936732,-0.021000015999001382,0.019000023340985717
3.724972497249725,-0.000999999952441426,-0.021000015976793754,0.019000023308586945
3.725472547254726,-0.0009999999529448492,-0.02100001595461695,0.019000023276233145
3.7259725972597257,-0.0009999999534469981,-0.021000015932470927,0.019000023243924257
3.7264726472647265,-0.0009999999539478696,-0.021000015910355645,0.01900002321166021
3.7269726972697272,-0.0009999999544474602,-0.02100001588827106,0.019000023179440953
3.727472747274727,-0.0009999999549457662,-0.02100001586621713,0.019000023147266416
3.727972797279728,-0.0009999999554427847,-0.021000015844193812,0.01900002311513654
3.7284728472847286,-0.000999999955938512,-0.021000015822201065,0.01900002308305126
3.7289728972897294,-0.0009999999564329453,-0.021000015800238844,0.01900002305101052
3.7294729472947292,-0.000999999956926081,-0.02100001577830711,0.019000023019014253
3.72997299729973,-0.0009999999574179161,-0.021000015756405817,0.0190000229870624
3.7304730473047307,-0.0009999999579084471,-0.021000015734534923,0.019000022955154895
3.7309730973097306,-0.0009999999583976715,-0.02100001571269439,0.01900002292329168
3.7314731473147313,-0.0009999999588855856,-0.02100001569088417,0.019000022891472696
3.731973197319732,-0.0009999999593721868,-0.021000015669104227,0.019000022859697877
3.732473247324733,-0.0009999999598574718,-0.021000015647354514,0.019000022827967165
3.7329732973297327,-0.0009999999603414378,-0.021000015625634992,0.019000022796280495
3.7334733473347335,-0.0009999999608240817,-0.02100001560394562,0.01900002276463781
3.733973397339734,-0.0009999999613054006,-0.02100001558228635,0.019000022733039044
3.734473447344734,-0.000999999961785392,-0.021000015560657146,0.019000022701484143
3.734973497349735,-0.0009999999622640526,-0.021000015539057965,0.01900002266997304
3.7354735473547356,-0.0009999999627413798,-0.021000015517488767,0.019000022638505677
3.7359735973597363,-0.0009999999632173708,-0.021000015495949504,0.019000022607081994
3.736473647364736,-0.0009999999636920228,-0.021000015474440144,0.019000022575701925
3.736973697369737,-0.0009999999641653332,-0.021000015452960638,0.01900002254436542
3.7374737473747377,-0.0009999999646372994,-0.021000015431510945,0.019000022513072406
3.7379737973797376,-0.0009999999651079186,-0.021000015410091027,0.019000022481822833
3.7384738473847383,-0.0009999999655771884,-0.021000015388700843,0.019000022450616633
3.738973897389739,-0.0009999999660451062,-0.02100001536734035,0.01900002241945375
3.73947394739474,-0.0009999999665116692,-0.021000015346009503,0.019000022388334124
3.7399739973997397,-0.0009999999669768754,-0.021000015324708268,0.019000022357257694
3.7404740474047404,-0.0009999999674407218,-0.0210000153034366,0.0190000223262244
3.740974097409741,-0.0009999999679032065,-0.021000015282194456,0.019000022295234183
3.741474147414742,-0.0009999999683643266,-0.0210000152609818,0.01900002226428698
3.741974197419742,-0.00099999996882408,-0.021000015239798588,0.019000022233382735
3.7424742474247426,-0.0009999999692824645,-0.021000015218644776,0.019000022202521387
3.7429742974297433,-0.0009999999697394779,-0.02100001519752033,0.019000022171702876
3.743474347434743,-0.0009999999701951173,-0.021000015176425208,0.019000022140927143
3.743974397439744,-0.000999999970649381,-0.021000015155359365,0.01900002211019413
3.7444744474447447,-0.000999999971102267,-0.021000015134322765,0.019000022079503777
3.7449744974497454,-0.0009999999715537727,-0.02100001511331536,0.019000022048856022
3.7454745474547453,-0.000999999972003896,-0.02100001509233712,0.01900002201825081
3.745974597459746,-0.0009999999724526352,-0.021000015071387997,0.01900002198768808
3.746474647464747,-0.0009999999728999881,-0.021000015050467953,0.01900002195716777
3.7469746974697467,-0.0009999999733459523,-0.02100001502957695,0.019000021926689824
3.7474747474747474,-0.0009999999737905262,-0.02100001500871494,0.019000021896254188
3.747974797479748,-0.0009999999742337077,-0.02100001498788189,0.019000021865860795
3.748474847484749,-0.000999999974675495,-0.021000014967077756,0.01900002183550959
3.7489748974897488,-0.000999999975115886,-0.021000014946302503,0.019000021805200516
3.7494749474947495,-0.000999999975554879,-0.021000014925556084,0.019000021774933512
3.7499749974997503,-0.000999999975992472,-0.021000014904838465,0.019000021744708523
3.75047504750475,-0.0009999999764286633,-0.0210000148841496,0.019000021714525483
3.750975097509751,-0.0009999999768634514,-0.021000014863489458,0.019000021684384343
3.7514751475147516,-0.000999999977296834,-0.02100001484285799,0.019000021654285038
3.7519751975197524,-0.00099999997772881,-0.021000014822255157,0.019000021624227516
3.7524752475247523,-0.0009999999781593774,-0.021000014801680927,0.019000021594211713
3.752975297529753,-0.0009999999785885343,-0.021000014781135255,0.019000021564237576
3.7534753475347538,-0.0009999999790162798,-0.021000014760618097,0.019000021534305044
3.7539753975397536,-0.0009999999794426118,-0.021000014740129424,0.01900002150441406
3.7544754475447544,-0.0009999999798675286,-0.021000014719669186,0.019000021474564567
3.754975497549755,-0.0009999999802910292,-0.02100001469923735,0.01900002144475651
3.755475547554756,-0.000999999980713112,-0.021000014678833875,0.019000021414989823
3.7559755975597557,-0.0009999999811337752,-0.02100001465845872,0.019000021385264458
3.7564756475647565,-0.0009999999815530176,-0.02100001463811185,0.019000021355580352
3.7569756975697572,-0.0009999999819708379,-0.02100001461779322,0.01900002132593745
3.757475747574757,-0.0009999999823872346,-0.021000014597502795,0.01900002129633569
3.757975797579758,-0.0009999999828022065,-0.02100001457724053,0.019000021266775025
3.7584758475847586,-0.000999999983215752,-0.021000014557006397,0.01900002123725539
3.7589758975897594,-0.0009999999836278702,-0.021000014536800345,0.01900002120777673
3.7594759475947592,-0.0009999999840385597,-0.021000014516622343,0.01900002117833899
3.75997599759976,-0.0009999999844478194,-0.02100001449647235,0.019000021148942108
3.7604760476047607,-0.0009999999848556479,-0.021000014476350325,0.019000021119586034
3.7609760976097606,-0.0009999999852620442,-0.02100001445625623,0.019000021090270706
3.7614761476147613,-0.0009999999856670071,-0.02100001443619003,0.019000021060996068
3.761976197619762,-0.0009999999860705357,-0.02100001441615168,0.019000021031762068
3.762476247624763,-0.0009999999864726285,-0.021000014396141145,0.019000021002568646
3.7629762976297627,-0.000999999986873285,-0.021000014376158387,0.019000020973415747
3.7634763476347635,-0.000999999987272504,-0.021000014356203366,0.019000020944303312
3.763976397639764,-0.0009999999876702844,-0.021000014336276043,0.01900002091523129
3.764476447644764,-0.0009999999880666254,-0.02100001431637638,0.01900002088619962
3.764976497649765,-0.0009999999884615259,-0.02100001429650434,0.019000020857208248
3.7654765476547656,-0.0009999999888549852,-0.021000014276659883,0.01900002082825712
3.7659765976597663,-0.0009999999892470026,-0.02100001425684297,0.019000020799346172
3.766476647664766,-0.0009999999896375766,-0.02100001423705357,0.01900002077047536
3.766976697669767,-0.0009999999900267072,-0.021000014217291633,0.01900002074164462
3.7674767476747677,-0.0009999999904143932,-0.02100001419755713,0.0190000207128539
3.7679767976797676,-0.0009999999908006341,-0.021000014177850017,0.01900002068410314
3.7684768476847683,-0.0009999999911854288,-0.021000014158170262,0.019000020655392292
3.768976897689769,-0.0009999999915687769,-0.021000014138517823,0.019000020626721296
3.76947694769477,-0.0009999999919506777,-0.02100001411889266,0.019000020598090094
3.7699769976997697,-0.0009999999923311306,-0.02100001409929474,0.01900002056949864
3.7704770477047704,-0.000999999992710135,-0.021000014079724023,0.019000020540946867
3.770977097709771,-0.00099999999308769,-0.021000014060180473,0.019000020512434726
3.771477147714772,-0.0009999999934637955,-0.02100001404066405,0.019000020483962165
3.771977197719772,-0.0009999999938384509,-0.021000014021174716,0.019000020455529124
3.7724772477247726,-0.0009999999942116554,-0.021000014001712433,0.01900002042713555
3.7729772977297733,-0.000999999994583409,-0.021000013982277167,0.019000020398781386
3.773477347734773,-0.000999999994953711,-0.021000013962868876,0.019000020370466584
3.773977397739774,-0.0009999999953225606,-0.02100001394348753,0.01900002034219108
3.7744774477447747,-0.0009999999956899581,-0.02100001392413308,0.019000020313954827
3.7749774977497754,-0.0009999999960559028,-0.0210000139048055,0.019000020285757768
3.7754775477547753,-0.0009999999964203944,-0.021000013885504747,0.019000020257599847
3.775977597759776,-0.0009999999967834328,-0.021000013866230783,0.01900002022948101
3.776477647764777,-0.0009999999971450173,-0.021000013846983575,0.019000020201401204
3.7769776977697767,-0.000999999997505148,-0.02100001382776308,0.019000020173360378
3.7774777477747774,-0.0009999999978638247,-0.02100001380856927,0.01900002014535847
3.777977797779778,-0.000999999998221047,-0.021000013789402097,0.019000020117395433
3.778477847784779,-0.0009999999985768147,-0.02100001377026153,0.01900002008947121
3.7789778977897788,-0.0009999999989311276,-0.02100001375114753,0.019000020061585746
3.7794779477947795,-0.000999999999283986,-0.021000013732060067,0.019000020033738994
3.7799779977997803,-0.0009999999996353896,-0.02100001371299909,0.01900002000593089
3.78047804780478,-0.000999999999985338,-0.021000013693964578,0.019000019978161385
3.780978097809781,-0.0010000000003338315,-0.021000013674956488,0.01900001995043043
3.7814781478147816,-0.00100000000068087,-0.02100001365597478,0.019000019922737962
3.7819781978197824,-0.0010000000010264537,-0.021000013637019418,0.019000019895083937
3.7824782478247823,-0.0010000000013705823,-0.02100001361809037,0.0190000198674683
3.782978297829783,-0.001000000001713256,-0.021000013599187593,0.01900001983989099
3.7834783478347838,-0.0010000000020544749,-0.021000013580311058,0.01900001981235196
3.7839783978397836,-0.0010000000023942391,-0.021000013561460723,0.019000019784851156
3.7844784478447844,-0.0010000000027325488,-0.02100001354263655,0.019000019757388527
3.784978497849785,-0.001000000003069404,-0.021000013523838512,0.019000019729964016
3.785478547854786,-0.001000000003404805,-0.021000013505066566,0.019000019702577572
3.7859785978597857,-0.001000000003738752,-0.021000013486320676,0.01900001967522914
3.7864786478647865,-0.0010000000040712453,-0.021000013467600807,0.019000019647918674
3.7869786978697872,-0.001000000004402285,-0.02100001344890692,0.019000019620646114
3.787478747874787,-0.0010000000047318714,-0.02100001343023898,0.01900001959341141
3.787978797879788,-0.0010000000050600047,-0.021000013411596956,0.01900001956621451
3.7884788478847886,-0.0010000000053866857,-0.02100001339298081,0.019000019539055363
3.7889788978897894,-0.0010000000057119143,-0.0210000133743905,0.019000019511933912
3.7894789478947892,-0.0010000000060356908,-0.021000013355825995,0.019000019484850108
3.78997899789979,-0.0010000000063580161,-0.021000013337287262,0.019000019457803895
3.7904790479047907,-0.0010000000066788903,-0.02100001331877426,0.01900001943079523
3.7909790979097906,-0.0010000000069983138,-0.021000013300286953,0.01900001940382405
3.7914791479147913,-0.0010000000073162871,-0.02100001328182531,0.01900001937689031
3.791979197919792,-0.0010000000076328109,-0.021000013263389294,0.019000019349993954
3.792479247924793,-0.0010000000079478856,-0.021000013244978865,0.019000019323134932
3.7929792979297927,-0.0010000000082615115,-0.021000013226593995,0.019000019296313196
3.7934793479347935,-0.0010000000085736895,-0.021000013208234643,0.019000019269528687
3.793979397939794,-0.0010000000088844201,-0.021000013189900774,0.019000019242781354
3.794479447944794,-0.0010000000091937038,-0.021000013171592353,0.019000019216071154
3.794979497949795,-0.0010000000095015413,-0.021000013153309346,0.019000019189398025
3.7954795479547956,-0.0010000000098079331,-0.021000013135051714,0.019000019162761922
3.7959795979597963,-0.0010000000101128802,-0.02100001311681943,0.01900001913616279
3.796479647964796,-0.001000000010416383,-0.02100001309861245,0.01900001910960058
3.796979697969797,-0.0010000000107184424,-0.021000013080430743,0.01900001908307524
3.7974797479747977,-0.0010000000110190592,-0.021000013062274274,0.019000019056586718
3.7979797979797976,-0.001000000011318234,-0.02100001304414301,0.019000019030134967
3.7984798479847983,-0.0010000000116159675,-0.02100001302603691,0.01900001900371993
3.798979897989799,-0.0010000000119122607,-0.021000013007955943,0.01900001897734156
3.7994799479948,-0.0010000000122071145,-0.021000012989900074,0.019000018950999804
3.7999799979997997,-0.0010000000125005295,-0.021000012971869268,0.01900001892469461
3.8004800480048004,-0.0010000000127925069,-0.021000012953863487,0.01900001889842593
3.800980098009801,-0.0010000000130830473,-0.021000012935882703,0.019000018872193717
3.801480148014802,-0.0010000000133721515,-0.021000012917926875,0.01900001884599791
3.801980198019802,-0.001000000013659821,-0.021000012899995972,0.01900001881983847
3.8024802480248026,-0.0010000000139460561,-0.02100001288208996,0.019000018793715337
3.8029802980298033,-0.0010000000142308583,-0.021000012864208797,0.019000018767628468
3.803480348034803,-0.0010000000145142284,-0.02100001284635246,0.019000018741577807
3.803980398039804,-0.0010000000147961671,-0.021000012828520907,0.019000018715563307
3.8044804480448047,-0.001000000015076676,-0.021000012810714102,0.019000018689584914
3.8049804980498054,-0.001000000015355756,-0.021000012792932017,0.019000018663642582
3.8054805480548053,-0.001000000015633408,-0.021000012775174614,0.01900001863773626
3.805980598059806,-0.0010000000159096332,-0.02100001275744186,0.0190000186118659
3.806480648064807,-0.0010000000161844327,-0.02100001273973372,0.019000018586031446
3.8069806980698067,-0.0010000000164578078,-0.02100001272205016,0.019000018560232854
3.8074807480748074,-0.0010000000167297595,-0.021000012704391148,0.019000018534470073
3.807980798079808,-0.001000000017000289,-0.021000012686756647,0.019000018508743048
3.808480848084809,-0.0010000000172693975,-0.021000012669146622,0.019000018483051738
3.8089808980898088,-0.0010000000175370862,-0.02100001265156104,0.019000018457396087
3.8094809480948095,-0.0010000000178033565,-0.021000012633999872,0.01900001843177605
3.8099809980998103,-0.0010000000180682095,-0.021000012616463077,0.019000018406191574
3.81048104810481,-0.0010000000183316466,-0.021000012598950624,0.019000018380642608
3.810981098109811,-0.001000000018593669,-0.02100001258146248,0.01900001835512911
3.8114811481148116,-0.001000000018854278,-0.02100001256399861,0.019000018329651026
3.8119811981198124,-0.001000000019113475,-0.02100001254655898,0.019000018304208305
3.8124812481248123,-0.0010000000193712613,-0.02100001252914356,0.0190000182788009
3.812981298129813,-0.0010000000196276385,-0.021000012511752313,0.019000018253428765
3.8134813481348138,-0.0010000000198826077,-0.021000012494385205,0.019000018228091844
3.8139813981398136,-0.0010000000201361705,-0.021000012477042206,0.019000018202790094
3.8144814481448144,-0.0010000000203883282,-0.02100001245972328,0.019000018177523465
3.814981498149815,-0.0010000000206390825,-0.02100001244242839,0.01900001815229191
3.815481548154816,-0.0010000000208884344,-0.02100001242515751,0.019000018127095373
3.8159815981598157,-0.001000000021136386,-0.0210000124079106,0.019000018101933813
3.8164816481648165,-0.0010000000213829384,-0.021000012390687633,0.01900001807680718
3.8169816981698172,-0.0010000000216280932,-0.021000012373488572,0.01900001805171542
3.817481748174817,-0.001000000021871852,-0.021000012356313384,0.019000018026658495
3.817981798179818,-0.0010000000221142163,-0.021000012339162034,0.019000018001636348
3.8184818481848186,-0.0010000000223551876,-0.021000012322034495,0.019000017976648933
3.8189818981898194,-0.0010000000225947679,-0.02100001230493073,0.019000017951696202
3.8194819481948192,-0.0010000000228329582,-0.0210000122878507,0.019000017926778107
3.81998199819982,-0.0010000000230697605,-0.021000012270794385,0.019000017901894598
3.8204820482048207,-0.0010000000233051766,-0.021000012253761743,0.01900001787704563
3.8209820982098206,-0.0010000000235392077,-0.02100001223675274,0.019000017852231155
3.8214821482148214,-0.0010000000237718558,-0.021000012219767352,0.019000017827451126
3.821982198219822,-0.0010000000240031226,-0.021000012202805538,0.01900001780270549
3.822482248224823,-0.00100000002423301,-0.021000012185867268,0.019000017777994205
3.8229822982298227,-0.0010000000244615192,-0.02100001216895251,0.01900001775331722
3.8234823482348235,-0.0010000000246886524,-0.02100001215206123,0.019000017728674486
3.823982398239824,-0.001000000024914411,-0.021000012135193397,0.01900001770406596
3.824482448244824,-0.0010000000251387973,-0.02100001211834898,0.01900001767949159
3.824982498249825,-0.0010000000253618125,-0.02100001210152794,0.019000017654951334
3.8254825482548256,-0.001000000025583459,-0.02100001208473025,0.019000017630445138
3.8259825982598263,-0.001000000025803738,-0.021000012067955875,0.01900001760597296
3.826482648264826,-0.0010000000260226522,-0.02100001205120479,0.019000017581534752
3.826982698269827,-0.0010000000262402025,-0.02100001203447695,0.019000017557130464
3.8274827482748277,-0.0010000000264563916,-0.02100001201777233,0.019000017532760052
3.8279827982798276,-0.0010000000266712208,-0.0210000120010909,0.019000017508423468
3.8284828482848283,-0.0010000000268846924,-0.02100001198443262,0.01900001748412066
3.828982898289829,-0.001000000027096808,-0.02100001196779747,0.019000017459851592
3.82948294829483,-0.00100000002730757,-0.021000011951185404,0.019000017435616207
3.8299829982998297,-0.00100000002751698,-0.0210000119345964,0.019000017411414466
3.8304830483048304,-0.0010000000277250402,-0.02100001191803042,0.019000017387246316
3.830983098309831,-0.0010000000279317522,-0.02100001190148744,0.019000017363111712
3.831483148314832,-0.0010000000281371183,-0.021000011884967418,0.019000017339010612
3.831983198319832,-0.0010000000283411407,-0.02100001186847033,0.01900001731494296
3.8324832483248326,-0.0010000000285438212,-0.021000011851996136,0.01900001729090872
3.8329832983298333,-0.0010000000287451617,-0.021000011835544813,0.01900001726690784
3.833483348334833,-0.0010000000289451644,-0.021000011819116326,0.019000017242940277
3.833983398339834,-0.0010000000291438317,-0.02100001180271064,0.01900001721900598
3.8344834483448347,-0.0010000000293411652,-0.021000011786327728,0.019000017195104905
3.8349834983498354,-0.0010000000295371672,-0.021000011769967557,0.019000017171237008
3.8354835483548353,-0.00100000002973184,-0.021000011753630095,0.019000017147402237
3.835983598359836,-0.0010000000299251856,-0.02100001173731531,0.019000017123600554
3.836483648364837,-0.001000000030117206,-0.02100001172102317,0.019000017099831908
3.8369836983698367,-0.0010000000303079038,-0.021000011704753643,0.019000017076096255
3.8374837483748374,-0.0010000000304972805,-0.021000011688506702,0.01900001705239355
3.837983798379838,-0.0010000000306853388,-0.021000011672282312,0.019000017028723743
3.838483848384839,-0.001000000030872081,-0.021000011656080442,0.019000017005086793
3.838983898389839,-0.001000000031057509,-0.02100001163990106,0.019000016981482654
3.8394839483948395,-0.0010000000312416252,-0.021000011623744142,0.019000016957911276
3.8399839983998403,-0.0010000000314244317,-0.021000011607609646,0.019000016934372616
3.84048404840484,-0.0010000000316059308,-0.021000011591497544,0.01900001691086663
3.840984098409841,-0.001000000031786125,-0.02100001157540781,0.019000016887393275
3.8414841484148416,-0.0010000000319650164,-0.02100001155934041,0.0190000168639525
3.8419841984198424,-0.0010000000321426074,-0.02100001154329531,0.01900001684054426
3.8424842484248423,-0.0010000000323189,-0.02100001152727248,0.019000016817168515
3.842984298429843,-0.001000000032493897,-0.021000011511271895,0.01900001679382522
3.8434843484348438,-0.0010000000326676004,-0.02100001149529352,0.01900001677051432
3.8439843984398436,-0.0010000000328400128,-0.021000011479337322,0.01900001674723578
3.8444844484448444,-0.0010000000330111364,-0.021000011463403273,0.019000016723989554
3.844984498449845,-0.0010000000331809736,-0.021000011447491338,0.019000016700775595
3.845484548454846,-0.0010000000333495267,-0.021000011431601493,0.019000016677593858
3.8459845984598457,-0.0010000000335167983,-0.021000011415733703,0.019000016654444295
3.8464846484648465,-0.001000000033682791,-0.02100001139988794,0.01900001663132687
3.8469846984698473,-0.0010000000338475066,-0.021000011384064172,0.01900001660824153
3.847484748474847,-0.001000000034010948,-0.021000011368262368,0.019000016585188236
3.847984798479848,-0.0010000000341731175,-0.021000011352482497,0.019000016562166943
3.8484848484848486,-0.0010000000343340179,-0.02100001133672453,0.019000016539177603
3.8489848984898494,-0.001000000034493651,-0.021000011320988436,0.019000016516220172
3.8494849484948492,-0.00100000003465202,-0.021000011305274187,0.019000016493294608
3.84998499849985,-0.001000000034809127,-0.021000011289581746,0.01900001647040087
3.8504850485048507,-0.0010000000349649745,-0.02100001127391109,0.019000016447538907
3.8509850985098506,-0.0010000000351195653,-0.021000011258262185,0.019000016424708676
3.8514851485148514,-0.0010000000352729016,-0.021000011242635,0.01900001640191014
3.851985198519852,-0.001000000035424986,-0.02100001122702951,0.019000016379143243
3.852485248524853,-0.0010000000355758216,-0.02100001121144568,0.019000016356407953
3.8529852985298527,-0.0010000000357254103,-0.021000011195883482,0.01900001633370422
3.8534853485348535,-0.0010000000358737547,-0.021000011180342882,0.019000016311032
3.8539853985398542,-0.001000000036020858,-0.021000011164823855,0.01900001628839125
3.854485448544854,-0.001000000036166722,-0.021000011149326373,0.01900001626578193
3.854985498549855,-0.00100000003631135,-0.0210000111338504,0.01900001624320399
3.8554855485548556,-0.0010000000364547442,-0.021000011118395907,0.01900001622065739
3.8559855985598563,-0.0010000000365969074,-0.021000011102962866,0.019000016198142088
3.856485648564856,-0.0010000000367378422,-0.02100001108755125,0.019000016175658038
3.856985698569857,-0.0010000000368775514,-0.021000011072161023,0.019000016153205197
3.8574857485748577,-0.0010000000370160374,-0.02100001105679216,0.01900001613078352
3.8579857985798576,-0.001000000037153303,-0.021000011041444628,0.01900001610839297
3.8584858485848583,-0.001000000037289351,-0.0210000110261184,0.019000016086033494
3.858985898589859,-0.001000000037424184,-0.02100001101081345,0.01900001606370506
3.85948594859486,-0.0010000000375578045,-0.02100001099552974,0.019000016041407615
3.8599859985998597,-0.0010000000376902156,-0.02100001098026725,0.019000016019141124
3.8604860486048604,-0.0010000000378214198,-0.021000010965025937,0.019000015996905536
3.860986098609861,-0.0010000000379514198,-0.021000010949805786,0.019000015974700815
3.861486148614862,-0.0010000000380802185,-0.02100001093460676,0.019000015952526917
3.861986198619862,-0.0010000000382078184,-0.02100001091942883,0.019000015930383796
3.8624862486248626,-0.0010000000383342225,-0.02100001090427197,0.01900001590827141
3.8629862986298633,-0.0010000000384594336,-0.021000010889136146,0.019000015886189717
3.863486348634863,-0.0010000000385834544,-0.021000010874021334,0.01900001586413868
3.863986398639864,-0.0010000000387062875,-0.0210000108589275,0.019000015842118245
3.8644864486448647,-0.001000000038827936,-0.02100001084385462,0.019000015820128377
3.8649864986498654,-0.0010000000389484025,-0.02100001082880266,0.019000015798169036
3.8654865486548653,-0.0010000000390676899,-0.021000010813771595,0.01900001577624017
3.865986598659866,-0.0010000000391858011,-0.021000010798761393,0.019000015754341747
3.866486648664867,-0.0010000000393027388,-0.021000010783772026,0.019000015732473723
3.8669866986698667,-0.0010000000394185058,-0.021000010768803465,0.01900001571063605
3.8674867486748674,-0.0010000000395331053,-0.021000010753855682,0.019000015688828687
3.867986798679868,-0.0010000000396465398,-0.021000010738928647,0.019000015667051597
3.868486848684869,-0.0010000000397588121,-0.02100001072402233,0.019000015645304732
3.868986898689869,-0.0010000000398699255,-0.021000010709136707,0.019000015623588055
3.8694869486948695,-0.0010000000399798825,-0.021000010694271744,0.019000015601901524
3.8699869986998703,-0.0010000000400886863,-0.021000010679427417,0.019000015580245094
3.87048704870487,-0.0010000000401963396,-0.021000010664603695,0.019000015558618723
3.870987098709871,-0.0010000000403028453,-0.021000010649800546,0.01900001553702237
3.8714871487148717,-0.0010000000404082063,-0.021000010635017944,0.019000015515455996
3.8719871987198724,-0.0010000000405124257,-0.021000010620255864,0.019000015493919557
3.8724872487248723,-0.0010000000406155062,-0.021000010605514274,0.019000015472413014
3.872987298729873,-0.001000000040717451,-0.021000010590793147,0.01900001545093632
3.8734873487348738,-0.0010000000408182629,-0.021000010576092455,0.01900001542948944
3.8739873987398736,-0.0010000000409179448,-0.021000010561412166,0.019000015408072328
3.8744874487448744,-0.0010000000410164997,-0.021000010546752254,0.019000015386684943
3.874987498749875,-0.0010000000411139306,-0.02100001053211269,0.01900001536532725
3.875487548754876,-0.0010000000412102408,-0.02100001051749345,0.0190000153439992
3.8759875987598758,-0.0010000000413054326,-0.0210000105028945,0.01900001532270075
3.8764876487648765,-0.0010000000413995095,-0.021000010488315814,0.01900001530143187
3.8769876987698773,-0.0010000000414924744,-0.021000010473757366,0.01900001528019251
3.877487748774877,-0.0010000000415843302,-0.021000010459219128,0.019000015258982633
3.877987798779878,-0.0010000000416750799,-0.021000010444701067,0.019000015237802193
3.8784878487848786,-0.0010000000417647267,-0.021000010430203157,0.019000015216651157
3.8789878987898794,-0.0010000000418532735,-0.021000010415725374,0.019000015195529477
3.8794879487948792,-0.0010000000419407233,-0.021000010401267685,0.019000015174437116
3.87998799879988,-0.0010000000420270793,-0.021000010386830064,0.019000015153374034
3.8804880488048807,-0.0010000000421123442,-0.021000010372412482,0.01900001513234019
3.8809880988098806,-0.0010000000421965217,-0.021000010358014916,0.01900001511133554
3.8814881488148814,-0.001000000042279614,-0.021000010343637333,0.019000015090360044
3.881988198819882,-0.0010000000423616249,-0.021000010329279707,0.019000015069413668
3.882488248824883,-0.001000000042442557,-0.02100001031494201,0.019000015048496362
3.8829882988298827,-0.0010000000425224138,-0.021000010300624216,0.019000015027608095
3.8834883488348835,-0.001000000042601198,-0.021000010286326296,0.01900001500674882
3.8839883988398842,-0.001000000042678913,-0.02100001027204822,0.0190000149859185
3.884488448844884,-0.0010000000427555615,-0.021000010257789966,0.01900001496511709
3.884988498849885,-0.0010000000428311469,-0.0210000102435515,0.019000014944344557
3.8854885488548856,-0.001000000042905672,-0.0210000102293328,0.019000014923600858
3.8859885988598863,-0.0010000000429791404,-0.021000010215133837,0.019000014902885953
3.886488648864886,-0.001000000043051555,-0.021000010200954582,0.0190000148821998
3.886988698869887,-0.0010000000431229187,-0.02100001018679501,0.01900001486154236
3.8874887488748877,-0.0010000000431932348,-0.02100001017265509,0.019000014840913595
3.8879887988798876,-0.0010000000432625064,-0.0210000101585348,0.019000014820313466
3.8884888488848883,-0.0010000000433307368,-0.021000010144434107,0.019000014799741928
3.888988898889889,-0.001000000043397929,-0.02100001013035299,0.019000014779198944
3.88948894889489,-0.001000000043464086,-0.021000010116291414,0.01900001475868448
3.8899889988998897,-0.0010000000435292115,-0.021000010102249358,0.019000014738198488
3.8904890489048904,-0.001000000043593308,-0.021000010088226793,0.01900001471774093
3.890989098909891,-0.0010000000436563789,-0.021000010074223693,0.01900001469731177
3.891489148914892,-0.0010000000437184273,-0.02100001006024003,0.019000014676910967
3.891989198919892,-0.0010000000437794566,-0.021000010046275778,0.019000014656538482
3.8924892489248926,-0.00100000004383947,-0.021000010032330912,0.019000014636194277
3.8929892989298933,-0.0010000000438984704,-0.021000010018405398,0.01900001461587831
3.893489348934893,-0.001000000043956461,-0.021000010004499213,0.01900001459559054
3.893989398939894,-0.0010000000440134453,-0.021000009990612335,0.019000014575330935
3.8944894489448947,-0.001000000044069426,-0.02100000997674473,0.019000014555099448
3.8949894989498954,-0.0010000000441244068,-0.021000009962896374,0.019000014534896047
3.8954895489548953,-0.0010000000441783908,-0.02100000994906724,0.019000014514720685
3.895989598959896,-0.001000000044231381,-0.021000009935257302,0.019000014494573333
3.896489648964897,-0.0010000000442833806,-0.021000009921466535,0.019000014474453944
3.8969896989698967,-0.001000000044334393,-0.02100000990769491,0.01900001445436248
3.8974897489748974,-0.0010000000443844213,-0.0210000098939424,0.01900001443429891
3.897989798979898,-0.0010000000444334689,-0.02100000988020898,0.019000014414263182
3.898489848984899,-0.0010000000444815387,-0.02100000986649462,0.01900001439425527
3.898989898989899,-0.001000000044528634,-0.0210000098527993,0.01900001437427513
3.8994899489948995,-0.0010000000445747584,-0.021000009839122986,0.019000014354322723
3.8999899989999003,-0.0010000000446199148,-0.021000009825465658,0.019000014334398012
3.9004900490049,-0.0010000000446641064,-0.02100000981182729,0.019000014314500956
3.900990099009901,-0.0010000000447073368,-0.021000009798207847,0.01900001429463152
3.9014901490149017,-0.0010000000447496088,-0.021000009784607313,0.019000014274789662
3.9019901990199024,-0.001000000044790926,-0.021000009771025657,0.019000014254975345
3.9024902490249023,-0.0010000000448312915,-0.021000009757462853,0.019000014235188534
3.902990299029903,-0.0010000000448707083,-0.021000009743918874,0.019000014215429187
3.9034903490349038,-0.0010000000449091801,-0.021000009730393697,0.01900001419569727
3.9039903990399036,-0.00100000004494671,-0.02100000971688729,0.01900001417599274
3.9044904490449044,-0.0010000000449833012,-0.021000009703399634,0.01900001415631556
3.904990499049905,-0.0010000000450189571,-0.0210000096899307,0.019000014136665695
3.905490549054906,-0.0010000000450536809,-0.02100000967648046,0.019000014117043107
3.9059905990599058,-0.0010000000450874757,-0.02100000966304889,0.019000014097447754
3.9064906490649065,-0.001000000045120345,-0.021000009649635963,0.019000014077879598
3.9069906990699073,-0.0010000000451522919,-0.021000009636241657,0.019000014058338607
3.907490749074907,-0.0010000000451833198,-0.02100000962286594,0.01900001403882474
3.907990799079908,-0.001000000045213432,-0.02100000960950879,0.01900001401933796
3.9084908490849086,-0.0010000000452426317,-0.021000009596170183,0.01900001399987823
3.9089908990899094,-0.0010000000452709224,-0.021000009582850088,0.01900001398044551
3.9094909490949092,-0.001000000045298307,-0.021000009569548485,0.01900001396103976
3.90999099909991,-0.001000000045324789,-0.021000009556265343,0.01900001394166095
3.9104910491049107,-0.001000000045350372,-0.021000009543000638,0.019000013922309038
3.9109910991099106,-0.0010000000453750588,-0.021000009529754348,0.01900001390298399
3.9114911491149114,-0.0010000000453988529,-0.021000009516526443,0.019000013883685763
3.911991199119912,-0.0010000000454217575,-0.0210000095033169,0.019000013864414328
3.912491249124913,-0.0010000000454437762,-0.02100000949012569,0.01900001384516964
3.9129912991299127,-0.0010000000454649118,-0.021000009476952793,0.019000013825951664
3.9134913491349135,-0.0010000000454851682,-0.02100000946379818,0.019000013806760363
3.9139913991399142,-0.001000000045504548,-0.021000009450661827,0.019000013787595704
3.914491449144914,-0.0010000000455230552,-0.02100000943754371,0.019000013768457644
3.914991499149915,-0.0010000000455406928,-0.0210000094244438,0.01900001374934615
3.9154915491549156,-0.001000000045557464,-0.021000009411362073,0.019000013730261184
3.9159915991599163,-0.0010000000455733724,-0.021000009398298502,0.01900001371120271
3.916491649164916,-0.001000000045588421,-0.02100000938525307,0.01900001369217069
3.916991699169917,-0.0010000000456026133,-0.02100000937222574,0.019000013673165086
3.9174917491749177,-0.0010000000456159527,-0.021000009359216497,0.019000013654185865
3.9179917991799176,-0.001000000045628442,-0.02100000934622531,0.019000013635232987
3.9184918491849183,-0.0010000000456400853,-0.021000009333252155,0.019000013616306415
3.918991899189919,-0.0010000000456508852,-0.021000009320297008,0.019000013597406117
3.91949194919492,-0.0010000000456608456,-0.021000009307359842,0.019000013578532055
3.9199919991999197,-0.0010000000456699693,-0.021000009294440635,0.01900001355968419
3.9204920492049204,-0.0010000000456782602,-0.02100000928153936,0.019000013540862486
3.920992099209921,-0.001000000045685721,-0.021000009268655993,0.01900001352206691
3.921492149214922,-0.0010000000456923555,-0.02100000925579051,0.01900001350329742
3.921992199219922,-0.0010000000456981666,-0.021000009242942885,0.019000013484553987
3.9224922492249226,-0.001000000045703158,-0.021000009230113095,0.019000013465836567
3.9229922992299233,-0.0010000000457073331,-0.02100000921730111,0.019000013447145133
3.923492349234923,-0.0010000000457106948,-0.02100000920450691,0.01900001342847964
3.923992399239924,-0.0010000000457132466,-0.021000009191730472,0.019000013409840057
3.9244924492449247,-0.0010000000457149917,-0.021000009178971765,0.019000013391226346
3.9249924992499254,-0.0010000000457159339,-0.02100000916623077,0.019000013372638472
3.9254925492549253,-0.001000000045716076,-0.021000009153507457,0.019000013354076403
3.925992599259926,-0.0010000000457154215,-0.021000009140801808,0.019000013335540095
3.926492649264927,-0.0010000000457139739,-0.021000009128113794,0.019000013317029517
3.9269926992699267,-0.001000000045711736,-0.02100000911544339,0.019000013298544637
3.9274927492749274,-0.0010000000457087118,-0.021000009102790578,0.01900001328008541
3.927992799279928,-0.0010000000457049043,-0.021000009090155328,0.019000013261651807
3.928492849284929,-0.0010000000457003168,-0.021000009077537612,0.019000013243243793
3.928992899289929,-0.0010000000456949526,-0.021000009064937413,0.019000013224861327
3.9294929492949295,-0.0010000000456888152,-0.021000009052354704,0.01900001320650438
3.9299929992999303,-0.0010000000456819077,-0.02100000903978946,0.019000013188172914
3.93049304930493,-0.0010000000456742337,-0.02100000902724166,0.01900001316986689
3.930993099309931,-0.0010000000456657963,-0.021000009014711274,0.019000013151586278
3.9314931493149317,-0.0010000000456565987,-0.021000009002198283,0.019000013133331044
3.9319931993199324,-0.0010000000456466445,-0.021000008989702657,0.019000013115101144
3.9324932493249323,-0.0010000000456359369,-0.021000008977224382,0.01900001309689655
3.932993299329933,-0.0010000000456244793,-0.021000008964763422,0.019000013078717227
3.9334933493349338,-0.0010000000456122748,-0.021000008952319762,0.019000013060563134
3.9339933993399336,-0.0010000000455993269,-0.021000008939893372,0.019000013042434243
3.9344934493449344,-0.001000000045585639,-0.021000008927484232,0.019000013024330516
3.934993499349935,-0.0010000000455712141,-0.02100000891509232,0.01900001300625192
3.935493549354936,-0.001000000045556056,-0.021000008902717603,0.019000012988198416
3.9359935993599358,-0.0010000000455401676,-0.021000008890360064,0.01900001297016997
3.9364936493649365,-0.0010000000455235524,-0.021000008878019682,0.01900001295216655
3.9369936993699373,-0.0010000000455062134,-0.021000008865696425,0.01900001293418812
3.937493749374937,-0.0010000000454881545,-0.021000008853390276,0.019000012916234644
3.937993799379938,-0.0010000000454693785,-0.021000008841101207,0.01900001289830609
3.9384938493849386,-0.0010000000454498889,-0.021000008828829197,0.01900001288040242
3.9389938993899394,-0.001000000045429689,-0.021000008816574222,0.019000012862523605
3.9394939493949392,-0.001000000045408782,-0.021000008804336254,0.019000012844669605
3.93999399939994,-0.0010000000453871715,-0.021000008792115277,0.019000012826840388
3.9404940494049407,-0.0010000000453648605,-0.02100000877991126,0.01900001280903592
3.9409940994099406,-0.0010000000453418523,-0.021000008767724187,0.01900001279125616
3.9414941494149414,-0.0010000000453181505,-0.02100000875555403,0.019000012773501086
3.941994199419942,-0.0010000000452937581,-0.021000008743400765,0.019000012755770655
3.942494249424943,-0.0010000000452686784,-0.02100000873126437,0.019000012738064835
3.9429942994299427,-0.001000000045242915,-0.021000008719144817,0.01900001272038359
3.9434943494349435,-0.0010000000452164708,-0.021000008707042092,0.01900001270272689
3.9439943994399442,-0.0010000000451893495,-0.021000008694956163,0.019000012685094696
3.944494449444944,-0.0010000000451615538,-0.02100000868288701,0.01900001266748698
3.944994499449945,-0.0010000000451330876,-0.021000008670834614,0.019000012649903704
3.9454945494549456,-0.001000000045103954,-0.021000008658798943,0.019000012632344833
3.9459945994599464,-0.001000000045074156,-0.02100000864677998,0.019000012614810335
3.946494649464946,-0.0010000000450436973,-0.0210000086347777,0.019000012597300178
3.946994699469947,-0.001000000045012581,-0.021000008622792082,0.019000012579814325
3.9474947494749477,-0.0010000000449808101,-0.021000008610823098,0.019000012562352744
3.9479947994799476,-0.0010000000449483883,-0.021000008598870728,0.0190000125449154
3.9484948494849483,-0.0010000000449153187,-0.02100000858693495,0.01900001252750226
3.948994899489949,-0.0010000000448816045,-0.021000008575015737,0.019000012510113292
3.94949494949495,-0.001000000044847249,-0.02100000856311307,0.01900001249274846
3.9499949994999497,-0.0010000000448122557,-0.021000008551226926,0.01900001247540773
3.9504950495049505,-0.0010000000447766275,-0.02100000853935728,0.019000012458091072
3.950995099509951,-0.001000000044740368,-0.02100000852750411,0.01900001244079845
3.951495149514952,-0.0010000000447034799,-0.02100000851566739,0.01900001242352983
3.951995199519952,-0.0010000000446659671,-0.021000008503847103,0.019000012406285183
3.9524952495249526,-0.0010000000446278327,-0.021000008492043223,0.01900001238906447
3.9529952995299533,-0.0010000000445890796,-0.021000008480255728,0.019000012371867662
3.953495349534953,-0.0010000000445497114,-0.021000008468484595,0.01900001235469472
3.953995399539954,-0.0010000000445097312,-0.0210000084567298,0.01900001233754562
3.9544954495449547,-0.0010000000444691424,-0.021000008444991322,0.019000012320420326
3.9549954995499554,-0.0010000000444279479,-0.021000008433269136,0.019000012303318797
3.9554955495549553,-0.0010000000443861512,-0.021000008421563222,0.01900001228624101
3.955995599559956,-0.0010000000443437555,-0.02100000840987356,0.019000012269186926
3.956495649564957,-0.001000000044300764,-0.02100000839820012,0.019000012252156515
3.9569956995699567,-0.00100000004425718,-0.021000008386542885,0.019000012235149744
3.9574957495749574,-0.0010000000442130065,-0.02100000837490183,0.01900001221816658
3.957995799579958,-0.001000000044168247,-0.021000008363276933,0.01900001220120699
3.958495849584959,-0.0010000000441229046,-0.021000008351668174,0.019000012184270935
3.958995899589959,-0.0010000000440769825,-0.021000008340075527,0.019000012167358395
3.9594959495949595,-0.001000000044030484,-0.021000008328498975,0.019000012150469328
3.9599959995999603,-0.001000000043983412,-0.02100000831693849,0.019000012133603705
3.96049604960496,-0.00100000004393577,-0.02100000830539405,0.019000012116761493
3.960996099609961,-0.0010000000438875611,-0.021000008293865634,0.019000012099942655
3.9614961496149617,-0.0010000000438387885,-0.02100000828235322,0.019000012083147166
3.9619961996199624,-0.0010000000437894554,-0.02100000827085679,0.019000012066374992
3.9624962496249623,-0.0010000000437395652,-0.021000008259376316,0.019000012049626095
3.962996299629963,-0.0010000000436891207,-0.021000008247911775,0.01900001203290045
3.9634963496349638,-0.0010000000436381253,-0.02100000823646315,0.01900001201619802
3.9639963996399636,-0.0010000000435865823,-0.021000008225030415,0.019000011999518774
3.9644964496449644,-0.0010000000435344944,-0.02100000821361355,0.019000011982862677
3.964996499649965,-0.0010000000434818653,-0.021000008202212532,0.019000011966229705
3.965496549654966,-0.001000000043428698,-0.02100000819082734,0.019000011949619817
3.9659965996599658,-0.0010000000433749957,-0.021000008179457953,0.019000011933032985
3.9664966496649665,-0.0010000000433207613,-0.021000008168104347,0.019000011916469176
3.9669966996699673,-0.0010000000432659982,-0.021000008156766496,0.01900001189992836
3.967496749674967,-0.0010000000432107096,-0.021000008145444386,0.019000011883410505
3.967996799679968,-0.0010000000431548983,-0.021000008134137993,0.019000011866915575
3.9684968496849686,-0.001000000043098568,-0.021000008122847292,0.019000011850443543
3.9689968996899694,-0.0010000000430417212,-0.021000008111572266,0.019000011833994374
3.9694969496949692,-0.0010000000429843618,-0.021000008100312887,0.019000011817568038
3.96999699969997,-0.0010000000429264922,-0.021000008089069138,0.019000011801164503
3.9704970497049707,-0.0010000000428681158,-0.021000008077840995,0.019000011784783735
3.9709970997099706,-0.0010000000428092358,-0.02100000806662844,0.019000011768425706
3.9714971497149714,-0.0010000000427498553,-0.021000008055431448,0.019000011752090384
3.971997199719972,-0.0010000000426899774,-0.021000008044249997,0.019000011735777738
3.972497249724973,-0.0010000000426296052,-0.021000008033084067,0.01900001171948773
3.9729972997299727,-0.0010000000425687417,-0.021000008021933636,0.019000011703220337
3.9734973497349735,-0.0010000000425073902,-0.021000008010798682,0.019000011686975526
3.9739973997399742,-0.0010000000424455538,-0.021000007999679184,0.01900001167075326
3.974497449744974,-0.0010000000423832354,-0.021000007988575122,0.019000011654553513
3.974997499749975,-0.0010000000423204382,-0.02100000797748647,0.019000011638376252
3.9754975497549756,-0.0010000000422571652,-0.02100000796641321,0.019000011622221445
3.9759975997599764,-0.0010000000421934196,-0.021000007955355324,0.019000011606089065
3.976497649764976,-0.0010000000421292044,-0.021000007944312785,0.019000011589979077
3.976997699769977,-0.0010000000420645227,-0.021000007933285575,0.01900001157389145
3.9774977497749777,-0.0010000000419993775,-0.02100000792227367,0.01900001155782615
3.9779977997799776,-0.001000000041933772,-0.02100000791127705,0.019000011541783154
3.9784978497849783,-0.0010000000418677092,-0.021000007900295697,0.019000011525762424
3.978997899789979,-0.001000000041801192,-0.021000007889329583,0.019000011509763937
3.97949794979498,-0.0010000000417342237,-0.021000007878378694,0.01900001149378765
3.9799979997999797,-0.0010000000416668074,-0.021000007867443004,0.019000011477833544
3.9804980498049805,-0.0010000000415989457,-0.021000007856522493,0.01900001146190158
3.980998099809981,-0.001000000041530642,-0.02100000784561714,0.019000011445991734
3.981498149814982,-0.001000000041461899,-0.021000007834726924,0.01900001143010397
3.981998199819982,-0.0010000000413927202,-0.021000007823851825,0.01900001141423826
3.9824982498249826,-0.0010000000413231084,-0.02100000781299182,0.01900001139839457
3.9829982998299833,-0.0010000000412530663,-0.02100000780214689,0.019000011382572877
3.983498349834983,-0.0010000000411825975,-0.021000007791317016,0.01900001136677314
3.983998399839984,-0.0010000000411117046,-0.021000007780502174,0.019000011350995338
3.9844984498449847,-0.0010000000410403905,-0.021000007769702345,0.019000011335239434
3.9849984998499854,-0.0010000000409686584,-0.021000007758917503,0.019000011319505402
3.9854985498549853,-0.0010000000408965115,-0.021000007748147632,0.01900001130379321
3.985998599859986,-0.0010000000408239523,-0.02100000773739271,0.019000011288102827
3.986498649864987,-0.001000000040750984,-0.021000007726652718,0.01900001127243422
3.9869986998699867,-0.0010000000406776097,-0.021000007715927634,0.019000011256787366
3.9874987498749874,-0.0010000000406038324,-0.021000007705217434,0.019000011241162233
3.987998799879988,-0.0010000000405296547,-0.021000007694522104,0.019000011225558784
3.988498849884989,-0.0010000000404550798,-0.02100000768384162,0.019000011209976995
3.988998899889989,-0.0010000000403801107,-0.021000007673175957,0.019000011194416834
3.9894989498949895,-0.0010000000403047502,-0.021000007662525102,0.019000011178878274
3.9899989998999903,-0.0010000000402290014,-0.02100000765188903,0.01900001116336128
3.99049904990499,-0.0010000000401528672,-0.021000007641267724,0.019000011147865824
3.990999099909991,-0.0010000000400763502,-0.021000007630661156,0.01900001113239188
3.9914991499149917,-0.0010000000399994539,-0.021000007620069316,0.01900001111693941
3.9919991999199924,-0.0010000000399221808,-0.021000007609492173,0.019000011101508393
3.9924992499249923,-0.001000000039844534,-0.021000007598929716,0.019000011086098795
3.992999299929993,-0.001000000039766516,-0.021000007588381917,0.019000011070710584
3.993499349934994,-0.0010000000396881304,-0.021000007577848763,0.019000011055343734
3.9939993999399936,-0.0010000000396093796,-0.021000007567330226,0.019000011039998214
3.9944994499449944,-0.0010000000395302665,-0.02100000755682629,0.019000011024673996
3.994999499949995,-0.0010000000394507942,-0.021000007546336935,0.01900001100937105
3.995499549954996,-0.0010000000393709655,-0.02100000753586214,0.019000010994089343
3.9959995999599958,-0.0010000000392907833,-0.021000007525401886,0.01900001097882885
3.9964996499649965,-0.0010000000392102503,-0.021000007514956148,0.019000010963589536
3.9969996999699973,-0.0010000000391293695,-0.021000007504524913,0.019000010948371376
3.997499749974997,-0.0010000000390481439,-0.021000007494108155,0.01900001093317434
3.997999799979998,-0.0010000000389665759,-0.021000007483705858,0.0190000109179984
3.9984998499849986,-0.0010000000388846687,-0.021000007473317997,0.019000010902843527
3.9989998999899994,-0.0010000000388024253,-0.02100000746294456,0.019000010887709685
3.9994999499949992,-0.0010000000387198479,-0.021000007452585515,0.019000010872596854
4.0,-0.00100000003863694,-0.021000007442240856,0.019000010857505
