Time (s),P_PCC (pu),P_down (pu),P_up (pu)
-1.0,0.5,0.48,0.52
-0.9996999699969997,0.5,0.48,0.52
-0.9993999399939995,0.5,0.48,0.52
-0.9990999099909991,0.5,0.48,0.52
-0.9987998799879988,0.5,0.48,0.52
-0.9984998499849985,0.5,0.48,0.52
-0.9981998199819982,0.5,0.48,0.52
-0.9978997899789979,0.5,0.48,0.52
-0.9975997599759976,0.5,0.48,0.52
-0.9972997299729973,0.5,0.48,0.52
-0.996999699969997,0.5,0.48,0.52
-0.9966996699669967,0.5,0.48,0.52
-0.9963996399639964,0.5,0.48,0.52
-0.9960996099609961,0.5,0.48,0.52
-0.9957995799579958,0.5,0.48,0.52
-0.9954995499549955,0.5,0.48,0.52
-0.9951995199519952,0.5,0.48,0.52
-0.9948994899489949,0.5,0.48,0.52
-0.9945994599459946,0.5,0.48,0.52
-0.9942994299429943,0.5,0.48,0.52
-0.993999399939994,0.5,0.48,0.52
-0.9936993699369937,0.5,0.48,0.52
-0.9933993399339934,0.5,0.48,0.52
-0.993099309930993,0.5,0.48,0.52
-0.9927992799279928,0.5,0.48,0.52
-0.9924992499249925,0.5,0.48,0.52
-0.9921992199219922,0.5,0.48,0.52
-0.991899189918992,0.5,0.48,0.52
-0.9915991599159916,0.5,0.48,0.52
-0.9912991299129913,0.5,0.48,0.52
-0.990999099909991,0.5,0.48,0.52
-0.9906990699069907,0.5,0.48,0.52
-0.9903990399039904,0.5,0.48,0.52
-0.9900990099009901,0.5,0.48,0.52
-0.9897989798979898,0.5,0.48,0.52
-0.9894989498949895,0.5,0.48,0.52
-0.9891989198919892,0.5,0.48,0.52
-0.9888988898889889,0.5,0.48,0.52
-0.9885988598859886,0.5,0.48,0.52
-0.9882988298829883,0.5,0.48,0.52
-0.987998799879988,0.5,0.48,0.52
-0.9876987698769877,0.5,0.48,0.52
-0.9873987398739874,0.5,0.48,0.52
-0.9870987098709871,0.5,0.48,0.52
-0.9867986798679867,0.5,0.48,0.52
-0.9864986498649865,0.5,0.48,0.52
-0.9861986198619862,0.5,0.48,0.52
-0.9858985898589859,0.5,0.48,0.52
-0.9855985598559855,0.5,0.48,0.52
-0.9852985298529853,0.5,0.48,0.52
-0.984998499849985,0.5,0.48,0.52
-0.9846984698469847,0.5,0.48,0.52
-0.9843984398439845,0.5,0.48,0.52
-0.9840984098409841,0.5,0.48,0.52
-0.9837983798379838,0.5,0.48,0.52
-0.9834983498349835,0.5,0.48,0.52
-0.9831983198319832,0.5,0.48,0.52
-0.9828982898289829,0.5,0.48,0.52
-0.9825982598259826,0.5,0.48,0.52
-0.9822982298229823,0.5,0.48,0.52
-0.981998199819982,0.5,0.48,0.52
-0.9816981698169817,0.5,0.48,0.52
-0.9813981398139814,0.5,0.48,0.52
-0.9810981098109811,0.5,0.48,0.52
-0.9807980798079808,0.5,0.48,0.52
-0.9804980498049805,0.5,0.48,0.52
-0.9801980198019802,0.5,0.48,0.52
-0.9798979897989799,0.5,0.48,0.52
-0.9795979597959796,0.5,0.48,0.52
-0.9792979297929792,0.5,0.48,0.52
-0.978997899789979,0.5,0.48,0.52
-0.9786978697869787,0.5,0.48,0.52
-0.9783978397839784,0.5,0.48,0.52
-0.978097809780978,0.5,0.48,0.52
-0.9777977797779778,0.5,0.48,0.52
-0.9774977497749775,0.5,0.48,0.52
-0.9771977197719772,0.5,0.48,0.52
-0.976897689768977,0.5,0.48,0.52
-0.9765976597659766,0.5,0.48,0.52
-0.9762976297629763,0.5,0.48,0.52
-0.975997599759976,0.5,0.48,0.52
-0.9756975697569757,0.5,0.48,0.52
-0.9753975397539754,0.5,0.48,0.52
-0.9750975097509751,0.5,0.48,0.52
-0.9747974797479748,0.5,0.48,0.52
-0.9744974497449745,0.5,0.48,0.52
-0.9741974197419742,0.5,0.48,0.52
-0.9738973897389739,0.5,0.48,0.52
-0.9735973597359736,0.5,0.48,0.52
-0.9732973297329733,0.5,0.48,0.52
-0.972997299729973,0.5,0.48,0.52
-0.9726972697269727,0.5,0.48,0.52
-0.9723972397239724,0.5,0.48,0.52
-0.9720972097209721,0.5,0.48,0.52
-0.9717971797179717,0.5,0.48,0.52
-0.9714971497149715,0.5,0.48,0.52
-0.9711971197119712,0.5,0.48,0.52
-0.9708970897089709,0.5,0.48,0.52
-0.9705970597059705,0.5,0.48,0.52
-0.9702970297029703,0.5,0.48,0.52
-0.96999699969997,0.5,0.48,0.52
-0.9696969696969697,0.5,0.48,0.52
-0.9693969396939695,0.5,0.48,0.52
-0.9690969096909691,0.5,0.48,0.52
-0.9687968796879688,0.5,0.48,0.52
-0.9684968496849685,0.5,0.48,0.52
-0.9681968196819682,0.5,0.48,0.52
-0.9678967896789679,0.5,0.48,0.52
-0.9675967596759676,0.5,0.48,0.52
-0.9672967296729673,0.5,0.48,0.52
-0.966996699669967,0.5,0.48,0.52
-0.9666966696669667,0.5,0.48,0.52
-0.9663966396639664,0.5,0.48,0.52
-0.9660966096609661,0.5,0.48,0.52
-0.9657965796579658,0.5,0.48,0.52
-0.9654965496549655,0.5,0.48,0.52
-0.9651965196519652,0.5,0.48,0.52
-0.9648964896489649,0.5,0.48,0.52
-0.9645964596459646,0.5,0.48,0.52
-0.9642964296429642,0.5,0.48,0.52
-0.963996399639964,0.5,0.48,0.52
-0.9636963696369637,0.5,0.48,0.52
-0.9633963396339634,0.5,0.48,0.52
-0.963096309630963,0.5,0.48,0.52
-0.9627962796279628,0.5,0.48,0.52
-0.9624962496249625,0.5,0.48,0.52
-0.9621962196219622,0.5,0.48,0.52
-0.961896189618962,0.5,0.48,0.52
-0.9615961596159616,0.5,0.48,0.52
-0.9612961296129613,0.5,0.48,0.52
-0.960996099609961,0.5,0.48,0.52
-0.9606960696069606,0.5,0.48,0.52
-0.9603960396039604,0.5,0.48,0.52
-0.9600960096009601,0.5,0.48,0.52
-0.9597959795979598,0.5,0.48,0.52
-0.9594959495949595,0.5,0.48,0.52
-0.9591959195919592,0.5,0.48,0.52
-0.9588958895889589,0.5,0.48,0.52
-0.9585958595859586,0.5,0.48,0.52
-0.9582958295829583,0.5,0.48,0.52
-0.957995799579958,0.5,0.48,0.52
-0.9576957695769577,0.5,0.48,0.52
-0.9573957395739574,0.5,0.48,0.52
-0.9570957095709571,0.5,0.48,0.52
-0.9567956795679567,0.5,0.48,0.52
-0.9564956495649565,0.5,0.48,0.52
-0.9561956195619562,0.5,0.48,0.52
-0.9558955895589559,0.5,0.48,0.52
-0.9555955595559555,0.5,0.48,0.52
-0.9552955295529553,0.5,0.48,0.52
-0.954995499549955,0.5,0.48,0.52
-0.9546954695469547,0.5,0.48,0.52
-0.9543954395439544,0.5,0.48,0.52
-0.9540954095409541,0.5,0.48,0.52
-0.9537953795379538,0.5,0.48,0.52
-0.9534953495349535,0.5,0.48,0.52
-0.9531953195319531,0.5,0.48,0.52
-0.9528952895289529,0.5,0.48,0.52
-0.9525952595259526,0.5,0.48,0.52
-0.9522952295229523,0.5,0.48,0.52
-0.951995199519952,0.5,0.48,0.52
-0.9516951695169517,0.5,0.48,0.52
-0.9513951395139514,0.5,0.48,0.52
-0.9510951095109511,0.5,0.48,0.52
-0.9507950795079508,0.5,0.48,0.52
-0.9504950495049505,0.5,0.48,0.52
-0.9501950195019502,0.5,0.48,0.52
-0.9498949894989499,0.5,0.48,0.52
-0.9495949594959496,0.5,0.48,0.52
-0.9492949294929492,0.5,0.48,0.52
-0.948994899489949,0.5,0.48,0.52
-0.9486948694869487,0.5,0.48,0.52
-0.9483948394839484,0.5,0.48,0.52
-0.948094809480948,0.5,0.48,0.52
-0.9477947794779478,0.5,0.48,0.52
-0.9474947494749475,0.5,0.48,0.52
-0.9471947194719472,0.5,0.48,0.52
-0.946894689468947,0.5,0.48,0.52
-0.9465946594659466,0.5,0.48,0.52
-0.9462946294629463,0.5,0.48,0.52
-0.945994599459946,0.5,0.48,0.52
-0.9456945694569456,0.5,0.48,0.52
-0.9453945394539454,0.5,0.48,0.52
-0.9450945094509451,0.5,0.48,0.52
-0.9447944794479448,0.5,0.48,0.52
-0.9444944494449445,0.5,0.48,0.52
-0.9441944194419442,0.5,0.48,0.52
-0.9438943894389439,0.5,0.48,0.52
-0.9435943594359436,0.5,0.48,0.52
-0.9432943294329433,0.5,0.48,0.52
-0.942994299429943,0.5,0.48,0.52
-0.9426942694269427,0.5,0.48,0.52
-0.9423942394239424,0.5,0.48,0.52
-0.9420942094209421,0.5,0.48,0.52
-0.9417941794179417,0.5,0.48,0.52
-0.9414941494149415,0.5,0.48,0.52
-0.9411941194119412,0.5,0.48,0.52
-0.9408940894089409,0.5,0.48,0.52
-0.9405940594059405,0.5,0.48,0.52
-0.9402940294029403,0.5,0.48,0.52
-0.93999399939994,0.5,0.48,0.52
-0.9396939693969397,0.5,0.48,0.52
-0.9393939393939394,0.5,0.48,0.52
-0.9390939093909391,0.5,0.48,0.52
-0.9387938793879388,0.5,0.48,0.52
-0.9384938493849385,0.5,0.48,0.52
-0.9381938193819381,0.5,0.48,0.52
-0.9378937893789379,0.5,0.48,0.52
-0.9375937593759376,0.5,0.48,0.52
-0.9372937293729373,0.5,0.48,0.52
-0.936993699369937,0.5,0.48,0.52
-0.9366936693669367,0.5,0.48,0.52
-0.9363936393639364,0.5,0.48,0.52
-0.9360936093609361,0.5,0.48,0.52
-0.9357935793579358,0.5,0.48,0.52
-0.9354935493549354,0.5,0.48,0.52
-0.9351935193519352,0.5,0.48,0.52
-0.9348934893489349,0.5,0.48,0.52
-0.9345934593459346,0.5,0.48,0.52
-0.9342934293429342,0.5,0.48,0.52
-0.933993399339934,0.5,0.48,0.52
-0.9336933693369337,0.5,0.48,0.52
-0.9333933393339334,0.5,0.48,0.52
-0.933093309330933,0.5,0.48,0.52
-0.9327932793279328,0.5,0.48,0.52
-0.9324932493249325,0.5,0.48,0.52
-0.9321932193219322,0.5,0.48,0.52
-0.931893189318932,0.5,0.48,0.52
-0.9315931593159316,0.5,0.48,0.52
-0.9312931293129313,0.5,0.48,0.52
-0.930993099309931,0.5,0.48,0.52
-0.9306930693069306,0.5,0.48,0.52
-0.9303930393039304,0.5,0.48,0.52
-0.9300930093009301,0.5,0.48,0.52
-0.9297929792979298,0.5,0.48,0.52
-0.9294929492949295,0.5,0.48,0.52
-0.9291929192919292,0.5,0.48,0.52
-0.9288928892889289,0.5,0.48,0.52
-0.9285928592859286,0.5,0.48,0.52
-0.9282928292829283,0.5,0.48,0.52
-0.927992799279928,0.5,0.48,0.52
-0.9276927692769277,0.5,0.48,0.52
-0.9273927392739274,0.5,0.48,0.52
-0.9270927092709271,0.5,0.48,0.52
-0.9267926792679267,0.5,0.48,0.52
-0.9264926492649265,0.5,0.48,0.52
-0.9261926192619262,0.5,0.48,0.52
-0.9258925892589259,0.5,0.48,0.52
-0.9255925592559255,0.5,0.48,0.52
-0.9252925292529253,0.5,0.48,0.52
-0.924992499249925,0.5,0.48,0.52
-0.9246924692469247,0.5,0.48,0.52
-0.9243924392439244,0.5,0.48,0.52
-0.9240924092409241,0.5,0.48,0.52
-0.9237923792379238,0.5,0.48,0.52
-0.9234923492349235,0.5,0.48,0.52
-0.9231923192319231,0.5,0.48,0.52
-0.9228922892289229,0.5,0.48,0.52
-0.9225922592259226,0.5,0.48,0.52
-0.9222922292229223,0.5,0.48,0.52
-0.921992199219922,0.5,0.48,0.52
-0.9216921692169217,0.5,0.48,0.52
-0.9213921392139214,0.5,0.48,0.52
-0.9210921092109211,0.5,0.48,0.52
-0.9207920792079208,0.5,0.48,0.52
-0.9204920492049204,0.5,0.48,0.52
-0.9201920192019202,0.5,0.48,0.52
-0.9198919891989199,0.5,0.48,0.52
-0.9195919591959196,0.5,0.48,0.52
-0.9192919291929192,0.5,0.48,0.52
-0.918991899189919,0.5,0.48,0.52
-0.9186918691869187,0.5,0.48,0.52
-0.9183918391839184,0.5,0.48,0.52
-0.918091809180918,0.5,0.48,0.52
-0.9177917791779178,0.5,0.48,0.52
-0.9174917491749175,0.5,0.48,0.52
-0.9171917191719172,0.5,0.48,0.52
-0.916891689168917,0.5,0.48,0.52
-0.9165916591659166,0.5,0.48,0.52
-0.9162916291629163,0.5,0.48,0.52
-0.915991599159916,0.5,0.48,0.52
-0.9156915691569156,0.5,0.48,0.52
-0.9153915391539154,0.5,0.48,0.52
-0.9150915091509151,0.5,0.48,0.52
-0.9147914791479148,0.5,0.48,0.52
-0.9144914491449145,0.5,0.48,0.52
-0.9141914191419142,0.5,0.48,0.52
-0.9138913891389139,0.5,0.48,0.52
-0.9135913591359136,0.5,0.48,0.52
-0.9132913291329133,0.5,0.48,0.52
-0.912991299129913,0.5,0.48,0.52
-0.9126912691269127,0.5,0.48,0.52
-0.9123912391239124,0.5,0.48,0.52
-0.9120912091209121,0.5,0.48,0.52
-0.9117911791179117,0.5,0.48,0.52
-0.9114911491149115,0.5,0.48,0.52
-0.9111911191119112,0.5,0.48,0.52
-0.9108910891089109,0.5,0.48,0.52
-0.9105910591059105,0.5,0.48,0.52
-0.9102910291029103,0.5,0.48,0.52
-0.90999099909991,0.5,0.48,0.52
-0.9096909690969097,0.5,0.48,0.52
-0.9093909390939094,0.5,0.48,0.52
-0.9090909090909091,0.5,0.48,0.52
-0.9087908790879088,0.5,0.48,0.52
-0.9084908490849085,0.5,0.48,0.52
-0.9081908190819081,0.5,0.48,0.52
-0.9078907890789079,0.5,0.48,0.52
-0.9075907590759076,0.5,0.48,0.52
-0.9072907290729073,0.5,0.48,0.52
-0.906990699069907,0.5,0.48,0.52
-0.9066906690669067,0.5,0.48,0.52
-0.9063906390639064,0.5,0.48,0.52
-0.9060906090609061,0.5,0.48,0.52
-0.9057905790579058,0.5,0.48,0.52
-0.9054905490549054,0.5,0.48,0.52
-0.9051905190519052,0.5,0.48,0.52
-0.9048904890489049,0.5,0.48,0.52
-0.9045904590459046,0.5,0.48,0.52
-0.9042904290429042,0.5,0.48,0.52
-0.903990399039904,0.5,0.48,0.52
-0.9036903690369037,0.5,0.48,0.52
-0.9033903390339034,0.5,0.48,0.52
-0.903090309030903,0.5,0.48,0.52
-0.9027902790279028,0.5,0.48,0.52
-0.9024902490249025,0.5,0.48,0.52
-0.9021902190219022,0.5,0.48,0.52
-0.9018901890189019,0.5,0.48,0.52
-0.9015901590159016,0.5,0.48,0.52
-0.9012901290129013,0.5,0.48,0.52
-0.900990099009901,0.5,0.48,0.52
-0.9006900690069006,0.5,0.48,0.52
-0.9003900390039004,0.5,0.48,0.52
-0.9000900090009001,0.5,0.48,0.52
-0.8997899789978998,0.5,0.48,0.52
-0.8994899489948995,0.5,0.48,0.52
-0.8991899189918992,0.5,0.48,0.52
-0.8988898889888989,0.5,0.48,0.52
-0.8985898589858986,0.5,0.48,0.52
-0.8982898289828982,0.5,0.48,0.52
-0.897989798979898,0.5,0.48,0.52
-0.8976897689768977,0.5,0.48,0.52
-0.8973897389738974,0.5,0.48,0.52
-0.8970897089708971,0.5,0.48,0.52
-0.8967896789678967,0.5,0.48,0.52
-0.8964896489648965,0.5,0.48,0.52
-0.8961896189618962,0.5,0.48,0.52
-0.8958895889588959,0.5,0.48,0.52
-0.8955895589558955,0.5,0.48,0.52
-0.8952895289528953,0.5,0.48,0.52
-0.894989498949895,0.5,0.48,0.52
-0.8946894689468947,0.5,0.48,0.52
-0.8943894389438944,0.5,0.48,0.52
-0.8940894089408941,0.5,0.48,0.52
-0.8937893789378938,0.5,0.48,0.52
-0.8934893489348935,0.5,0.48,0.52
-0.8931893189318931,0.5,0.48,0.52
-0.8928892889288929,0.5,0.48,0.52
-0.8925892589258926,0.5,0.48,0.52
-0.8922892289228923,0.5,0.48,0.52
-0.891989198919892,0.5,0.48,0.52
-0.8916891689168917,0.5,0.48,0.52
-0.8913891389138914,0.5,0.48,0.52
-0.8910891089108911,0.5,0.48,0.52
-0.8907890789078907,0.5,0.48,0.52
-0.8904890489048904,0.5,0.48,0.52
-0.8901890189018902,0.5,0.48,0.52
-0.8898889888988899,0.5,0.48,0.52
-0.8895889588958896,0.5,0.48,0.52
-0.8892889288928892,0.5,0.48,0.52
-0.888988898889889,0.5,0.48,0.52
-0.8886888688868887,0.5,0.48,0.52
-0.8883888388838884,0.5,0.48,0.52
-0.888088808880888,0.5,0.48,0.52
-0.8877887788778878,0.5,0.48,0.52
-0.8874887488748875,0.5,0.48,0.52
-0.8871887188718872,0.5,0.48,0.52
-0.8868886888688868,0.5,0.48,0.52
-0.8865886588658866,0.5,0.48,0.52
-0.8862886288628863,0.5,0.48,0.52
-0.885988598859886,0.5,0.48,0.52
-0.8856885688568856,0.5,0.48,0.52
-0.8853885388538854,0.5,0.48,0.52
-0.8850885088508851,0.5,0.48,0.52
-0.8847884788478848,0.5,0.48,0.52
-0.8844884488448845,0.5,0.48,0.52
-0.8841884188418841,0.5,0.48,0.52
-0.8838883888388839,0.5,0.48,0.52
-0.8835883588358836,0.5,0.48,0.52
-0.8832883288328832,0.5,0.48,0.52
-0.882988298829883,0.5,0.48,0.52
-0.8826882688268827,0.5,0.48,0.52
-0.8823882388238824,0.5,0.48,0.52
-0.8820882088208821,0.5,0.48,0.52
-0.8817881788178817,0.5,0.48,0.52
-0.8814881488148815,0.5,0.48,0.52
-0.8811881188118812,0.5,0.48,0.52
-0.8808880888088809,0.5,0.48,0.52
-0.8805880588058805,0.5,0.48,0.52
-0.8802880288028803,0.5,0.48,0.52
-0.87998799879988,0.5,0.48,0.52
-0.8796879687968797,0.5,0.48,0.52
-0.8793879387938793,0.5,0.48,0.52
-0.8790879087908791,0.5,0.48,0.52
-0.8787878787878788,0.5,0.48,0.52
-0.8784878487848785,0.5,0.48,0.52
-0.8781878187818781,0.5,0.48,0.52
-0.8778877887788779,0.5,0.48,0.52
-0.8775877587758776,0.5,0.48,0.52
-0.8772877287728773,0.5,0.48,0.52
-0.876987698769877,0.5,0.48,0.52
-0.8766876687668766,0.5,0.48,0.52
-0.8763876387638764,0.5,0.48,0.52
-0.8760876087608761,0.5,0.48,0.52
-0.8757875787578757,0.5,0.48,0.52
-0.8754875487548754,0.5,0.48,0.52
-0.8751875187518752,0.5,0.48,0.52
-0.8748874887488749,0.5,0.48,0.52
-0.8745874587458746,0.5,0.48,0.52
-0.8742874287428742,0.5,0.48,0.52
-0.873987398739874,0.5,0.48,0.52
-0.8736873687368737,0.5,0.48,0.52
-0.8733873387338733,0.5,0.48,0.52
-0.873087308730873,0.5,0.48,0.52
-0.8727872787278728,0.5,0.48,0.52
-0.8724872487248725,0.5,0.48,0.52
-0.8721872187218722,0.5,0.48,0.52
-0.8718871887188719,0.5,0.48,0.52
-0.8715871587158716,0.5,0.48,0.52
-0.8712871287128713,0.5,0.48,0.52
-0.870987098709871,0.5,0.48,0.52
-0.8706870687068706,0.5,0.48,0.52
-0.8703870387038704,0.5,0.48,0.52
-0.8700870087008701,0.5,0.48,0.52
-0.8697869786978698,0.5,0.48,0.52
-0.8694869486948695,0.5,0.48,0.52
-0.8691869186918691,0.5,0.48,0.52
-0.8688868886888689,0.5,0.48,0.52
-0.8685868586858686,0.5,0.48,0.52
-0.8682868286828682,0.5,0.48,0.52
-0.8679867986798679,0.5,0.48,0.52
-0.8676867686768677,0.5,0.48,0.52
-0.8673867386738674,0.5,0.48,0.52
-0.8670867086708671,0.5,0.48,0.52
-0.8667866786678667,0.5,0.48,0.52
-0.8664866486648665,0.5,0.48,0.52
-0.8661866186618662,0.5,0.48,0.52
-0.8658865886588658,0.5,0.48,0.52
-0.8655865586558655,0.5,0.48,0.52
-0.8652865286528653,0.5,0.48,0.52
-0.864986498649865,0.5,0.48,0.52
-0.8646864686468647,0.5,0.48,0.52
-0.8643864386438644,0.5,0.48,0.52
-0.8640864086408641,0.5,0.48,0.52
-0.8637863786378638,0.5,0.48,0.52
-0.8634863486348635,0.5,0.48,0.52
-0.8631863186318631,0.5,0.48,0.52
-0.8628862886288629,0.5,0.48,0.52
-0.8625862586258626,0.5,0.48,0.52
-0.8622862286228623,0.5,0.48,0.52
-0.861986198619862,0.5,0.48,0.52
-0.8616861686168616,0.5,0.48,0.52
-0.8613861386138614,0.5,0.48,0.52
-0.8610861086108611,0.5,0.48,0.52
-0.8607860786078607,0.5,0.48,0.52
-0.8604860486048604,0.5,0.48,0.52
-0.8601860186018602,0.5,0.48,0.52
-0.8598859885988599,0.5,0.48,0.52
-0.8595859585958596,0.5,0.48,0.52
-0.8592859285928592,0.5,0.48,0.52
-0.858985898589859,0.5,0.48,0.52
-0.8586858685868587,0.5,0.48,0.52
-0.8583858385838583,0.5,0.48,0.52
-0.858085808580858,0.5,0.48,0.52
-0.8577857785778578,0.5,0.48,0.52
-0.8574857485748575,0.5,0.48,0.52
-0.8571857185718572,0.5,0.48,0.52
-0.8568856885688569,0.5,0.48,0.52
-0.8565856585658566,0.5,0.48,0.52
-0.8562856285628563,0.5,0.48,0.52
-0.855985598559856,0.5,0.48,0.52
-0.8556855685568556,0.5,0.48,0.52
-0.8553855385538554,0.5,0.48,0.52
-0.8550855085508551,0.5,0.48,0.52
-0.8547854785478548,0.5,0.48,0.52
-0.8544854485448545,0.5,0.48,0.52
-0.8541854185418541,0.5,0.48,0.52
-0.8538853885388539,0.5,0.48,0.52
-0.8535853585358536,0.5,0.48,0.52
-0.8532853285328532,0.5,0.48,0.52
-0.8529852985298529,0.5,0.48,0.52
-0.8526852685268527,0.5,0.48,0.52
-0.8523852385238524,0.5,0.48,0.52
-0.8520852085208521,0.5,0.48,0.52
-0.8517851785178517,0.5,0.48,0.52
-0.8514851485148515,0.5,0.48,0.52
-0.8511851185118512,0.5,0.48,0.52
-0.8508850885088508,0.5,0.48,0.52
-0.8505850585058505,0.5,0.48,0.52
-0.8502850285028503,0.5,0.48,0.52
-0.84998499849985,0.5,0.48,0.52
-0.8496849684968497,0.5,0.48,0.52
-0.8493849384938494,0.5,0.48,0.52
-0.849084908490849,0.5,0.48,0.52
-0.8487848784878488,0.5,0.48,0.52
-0.8484848484848485,0.5,0.48,0.52
-0.8481848184818481,0.5,0.48,0.52
-0.8478847884788479,0.5,0.48,0.52
-0.8475847584758476,0.5,0.48,0.52
-0.8472847284728473,0.5,0.48,0.52
-0.846984698469847,0.5,0.48,0.52
-0.8466846684668466,0.5,0.48,0.52
-0.8463846384638464,0.5,0.48,0.52
-0.8460846084608461,0.5,0.48,0.52
-0.8457845784578457,0.5,0.48,0.52
-0.8454845484548454,0.5,0.48,0.52
-0.8451845184518452,0.5,0.48,0.52
-0.8448844884488449,0.5,0.48,0.52
-0.8445844584458446,0.5,0.48,0.52
-0.8442844284428442,0.5,0.48,0.52
-0.843984398439844,0.5,0.48,0.52
-0.8436843684368437,0.5,0.48,0.52
-0.8433843384338433,0.5,0.48,0.52
-0.843084308430843,0.5,0.48,0.52
-0.8427842784278428,0.5,0.48,0.52
-0.8424842484248425,0.5,0.48,0.52
-0.8421842184218422,0.5,0.48,0.52
-0.8418841884188419,0.5,0.48,0.52
-0.8415841584158416,0.5,0.48,0.52
-0.8412841284128413,0.5,0.48,0.52
-0.840984098409841,0.5,0.48,0.52
-0.8406840684068406,0.5,0.48,0.52
-0.8403840384038403,0.5,0.48,0.52
-0.8400840084008401,0.5,0.48,0.52
-0.8397839783978398,0.5,0.48,0.52
-0.8394839483948395,0.5,0.48,0.52
-0.8391839183918391,0.5,0.48,0.52
-0.8388838883888389,0.5,0.48,0.52
-0.8385838583858386,0.5,0.48,0.52
-0.8382838283828382,0.5,0.48,0.52
-0.8379837983798379,0.5,0.48,0.52
-0.8376837683768377,0.5,0.48,0.52
-0.8373837383738374,0.5,0.48,0.52
-0.8370837083708371,0.5,0.48,0.52
-0.8367836783678367,0.5,0.48,0.52
-0.8364836483648365,0.5,0.48,0.52
-0.8361836183618362,0.5,0.48,0.52
-0.8358835883588358,0.5,0.48,0.52
-0.8355835583558355,0.5,0.48,0.52
-0.8352835283528353,0.5,0.48,0.52
-0.834983498349835,0.5,0.48,0.52
-0.8346834683468347,0.5,0.48,0.52
-0.8343834383438344,0.5,0.48,0.52
-0.834083408340834,0.5,0.48,0.52
-0.8337833783378338,0.5,0.48,0.52
-0.8334833483348335,0.5,0.48,0.52
-0.8331833183318331,0.5,0.48,0.52
-0.8328832883288328,0.5,0.48,0.52
-0.8325832583258326,0.5,0.48,0.52
-0.8322832283228323,0.5,0.48,0.52
-0.831983198319832,0.5,0.48,0.52
-0.8316831683168316,0.5,0.48,0.52
-0.8313831383138314,0.5,0.48,0.52
-0.8310831083108311,0.5,0.48,0.52
-0.8307830783078307,0.5,0.48,0.52
-0.8304830483048304,0.5,0.48,0.52
-0.8301830183018302,0.5,0.48,0.52
-0.8298829882988299,0.5,0.48,0.52
-0.8295829582958296,0.5,0.48,0.52
-0.8292829282928292,0.5,0.48,0.52
-0.828982898289829,0.5,0.48,0.52
-0.8286828682868287,0.5,0.48,0.52
-0.8283828382838283,0.5,0.48,0.52
-0.828082808280828,0.5,0.48,0.52
-0.8277827782778278,0.5,0.48,0.52
-0.8274827482748275,0.5,0.48,0.52
-0.8271827182718272,0.5,0.48,0.52
-0.8268826882688269,0.5,0.48,0.52
-0.8265826582658266,0.5,0.48,0.52
-0.8262826282628263,0.5,0.48,0.52
-0.825982598259826,0.5,0.48,0.52
-0.8256825682568256,0.5,0.48,0.52
-0.8253825382538253,0.5,0.48,0.52
-0.8250825082508251,0.5,0.48,0.52
-0.8247824782478248,0.5,0.48,0.52
-0.8244824482448245,0.5,0.48,0.52
-0.8241824182418241,0.5,0.48,0.52
-0.8238823882388239,0.5,0.48,0.52
-0.8235823582358236,0.5,0.48,0.52
-0.8232823282328232,0.5,0.48,0.52
-0.8229822982298229,0.5,0.48,0.52
-0.8226822682268227,0.5,0.48,0.52
-0.8223822382238224,0.5,0.48,0.52
-0.8220822082208221,0.5,0.48,0.52
-0.8217821782178217,0.5,0.48,0.52
-0.8214821482148215,0.5,0.48,0.52
-0.8211821182118212,0.5,0.48,0.52
-0.8208820882088208,0.5,0.48,0.52
-0.8205820582058205,0.5,0.48,0.52
-0.8202820282028203,0.5,0.48,0.52
-0.81998199819982,0.5,0.48,0.52
-0.8196819681968197,0.5,0.48,0.52
-0.8193819381938194,0.5,0.48,0.52
-0.819081908190819,0.5,0.48,0.52
-0.8187818781878188,0.5,0.48,0.52
-0.8184818481848185,0.5,0.48,0.52
-0.8181818181818181,0.5,0.48,0.52
-0.8178817881788178,0.5,0.48,0.52
-0.8175817581758176,0.5,0.48,0.52
-0.8172817281728173,0.5,0.48,0.52
-0.816981698169817,0.5,0.48,0.52
-0.8166816681668166,0.5,0.48,0.52
-0.8163816381638164,0.5,0.48,0.52
-0.8160816081608161,0.5,0.48,0.52
-0.8157815781578157,0.5,0.48,0.52
-0.8154815481548154,0.5,0.48,0.52
-0.8151815181518152,0.5,0.48,0.52
-0.8148814881488149,0.5,0.48,0.52
-0.8145814581458146,0.5,0.48,0.52
-0.8142814281428142,0.5,0.48,0.52
-0.813981398139814,0.5,0.48,0.52
-0.8136813681368137,0.5,0.48,0.52
-0.8133813381338133,0.5,0.48,0.52
-0.813081308130813,0.5,0.48,0.52
-0.8127812781278128,0.5,0.48,0.52
-0.8124812481248125,0.5,0.48,0.52
-0.8121812181218122,0.5,0.48,0.52
-0.8118811881188118,0.5,0.48,0.52
-0.8115811581158116,0.5,0.48,0.52
-0.8112811281128113,0.5,0.48,0.52
-0.810981098109811,0.5,0.48,0.52
-0.8106810681068106,0.5,0.48,0.52
-0.8103810381038103,0.5,0.48,0.52
-0.8100810081008101,0.5,0.48,0.52
-0.8097809780978098,0.5,0.48,0.52
-0.8094809480948095,0.5,0.48,0.52
-0.8091809180918091,0.5,0.48,0.52
-0.8088808880888089,0.5,0.48,0.52
-0.8085808580858086,0.5,0.48,0.52
-0.8082808280828082,0.5,0.48,0.52
-0.8079807980798079,0.5,0.48,0.52
-0.8076807680768077,0.5,0.48,0.52
-0.8073807380738074,0.5,0.48,0.52
-0.8070807080708071,0.5,0.48,0.52
-0.8067806780678067,0.5,0.48,0.52
-0.8064806480648065,0.5,0.48,0.52
-0.8061806180618062,0.5,0.48,0.52
-0.8058805880588058,0.5,0.48,0.52
-0.8055805580558055,0.5,0.48,0.52
-0.8052805280528053,0.5,0.48,0.52
-0.804980498049805,0.5,0.48,0.52
-0.8046804680468047,0.5,0.48,0.52
-0.8043804380438043,0.5,0.48,0.52
-0.804080408040804,0.5,0.48,0.52
-0.8037803780378038,0.5,0.48,0.52
-0.8034803480348035,0.5,0.48,0.52
-0.8031803180318031,0.5,0.48,0.52
-0.8028802880288028,0.5,0.48,0.52
-0.8025802580258026,0.5,0.48,0.52
-0.8022802280228023,0.5,0.48,0.52
-0.801980198019802,0.5,0.48,0.52
-0.8016801680168016,0.5,0.48,0.52
-0.8013801380138014,0.5,0.48,0.52
-0.8010801080108011,0.5,0.48,0.52
-0.8007800780078007,0.5,0.48,0.52
-0.8004800480048004,0.5,0.48,0.52
-0.8001800180018002,0.5,0.48,0.52
-0.7998799879987999,0.5,0.48,0.52
-0.7995799579957996,0.5,0.48,0.52
-0.7992799279927992,0.5,0.48,0.52
-0.798979897989799,0.5,0.48,0.52
-0.7986798679867987,0.5,0.48,0.52
-0.7983798379837983,0.5,0.48,0.52
-0.798079807980798,0.5,0.48,0.52
-0.7977797779777978,0.5,0.48,0.52
-0.7974797479747975,0.5,0.48,0.52
-0.7971797179717972,0.5,0.48,0.52
-0.7968796879687968,0.5,0.48,0.52
-0.7965796579657966,0.5,0.48,0.52
-0.7962796279627963,0.5,0.48,0.52
-0.795979597959796,0.5,0.48,0.52
-0.7956795679567956,0.5,0.48,0.52
-0.7953795379537953,0.5,0.48,0.52
-0.7950795079507951,0.5,0.48,0.52
-0.7947794779477948,0.5,0.48,0.52
-0.7944794479447945,0.5,0.48,0.52
-0.7941794179417941,0.5,0.48,0.52
-0.7938793879387939,0.5,0.48,0.52
-0.7935793579357936,0.5,0.48,0.52
-0.7932793279327932,0.5,0.48,0.52
-0.7929792979297929,0.5,0.48,0.52
-0.7926792679267927,0.5,0.48,0.52
-0.7923792379237924,0.5,0.48,0.52
-0.7920792079207921,0.5,0.48,0.52
-0.7917791779177917,0.5,0.48,0.52
-0.7914791479147915,0.5,0.48,0.52
-0.7911791179117912,0.5,0.48,0.52
-0.7908790879087908,0.5,0.48,0.52
-0.7905790579057905,0.5,0.48,0.52
-0.7902790279027903,0.5,0.48,0.52
-0.78997899789979,0.5,0.48,0.52
-0.7896789678967897,0.5,0.48,0.52
-0.7893789378937893,0.5,0.48,0.52
-0.789078907890789,0.5,0.48,0.52
-0.7887788778877888,0.5,0.48,0.52
-0.7884788478847885,0.5,0.48,0.52
-0.7881788178817881,0.5,0.48,0.52
-0.7878787878787878,0.5,0.48,0.52
-0.7875787578757876,0.5,0.48,0.52
-0.7872787278727873,0.5,0.48,0.52
-0.786978697869787,0.5,0.48,0.52
-0.7866786678667866,0.5,0.48,0.52
-0.7863786378637864,0.5,0.48,0.52
-0.7860786078607861,0.5,0.48,0.52
-0.7857785778577857,0.5,0.48,0.52
-0.7854785478547854,0.5,0.48,0.52
-0.7851785178517852,0.5,0.48,0.52
-0.7848784878487849,0.5,0.48,0.52
-0.7845784578457846,0.5,0.48,0.52
-0.7842784278427842,0.5,0.48,0.52
-0.783978397839784,0.5,0.48,0.52
-0.7836783678367837,0.5,0.48,0.52
-0.7833783378337833,0.5,0.48,0.52
-0.783078307830783,0.5,0.48,0.52
-0.7827782778277828,0.5,0.48,0.52
-0.7824782478247825,0.5,0.48,0.52
-0.7821782178217822,0.5,0.48,0.52
-0.7818781878187818,0.5,0.48,0.52
-0.7815781578157815,0.5,0.48,0.52
-0.7812781278127813,0.5,0.48,0.52
-0.780978097809781,0.5,0.48,0.52
-0.7806780678067806,0.5,0.48,0.52
-0.7803780378037803,0.5,0.48,0.52
-0.7800780078007801,0.5,0.48,0.52
-0.7797779777977798,0.5,0.48,0.52
-0.7794779477947795,0.5,0.48,0.52
-0.7791779177917791,0.5,0.48,0.52
-0.7788778877887789,0.5,0.48,0.52
-0.7785778577857786,0.5,0.48,0.52
-0.7782778277827782,0.5,0.48,0.52
-0.7779777977797779,0.5,0.48,0.52
-0.7776777677767777,0.5,0.48,0.52
-0.7773777377737774,0.5,0.48,0.52
-0.7770777077707771,0.5,0.48,0.52
-0.7767776777677767,0.5,0.48,0.52
-0.7764776477647765,0.5,0.48,0.52
-0.7761776177617762,0.5,0.48,0.52
-0.7758775877587758,0.5,0.48,0.52
-0.7755775577557755,0.5,0.48,0.52
-0.7752775277527753,0.5,0.48,0.52
-0.774977497749775,0.5,0.48,0.52
-0.7746774677467747,0.5,0.48,0.52
-0.7743774377437743,0.5,0.48,0.52
-0.774077407740774,0.5,0.48,0.52
-0.7737773777377738,0.5,0.48,0.52
-0.7734773477347734,0.5,0.48,0.52
-0.7731773177317731,0.5,0.48,0.52
-0.7728772877287728,0.5,0.48,0.52
-0.7725772577257726,0.5,0.48,0.52
-0.7722772277227723,0.5,0.48,0.52
-0.771977197719772,0.5,0.48,0.52
-0.7716771677167716,0.5,0.48,0.52
-0.7713771377137714,0.5,0.48,0.52
-0.7710771077107711,0.5,0.48,0.52
-0.7707770777077707,0.5,0.48,0.52
-0.7704770477047704,0.5,0.48,0.52
-0.7701770177017702,0.5,0.48,0.52
-0.7698769876987699,0.5,0.48,0.52
-0.7695769576957696,0.5,0.48,0.52
-0.7692769276927692,0.5,0.48,0.52
-0.768976897689769,0.5,0.48,0.52
-0.7686768676867687,0.5,0.48,0.52
-0.7683768376837683,0.5,0.48,0.52
-0.768076807680768,0.5,0.48,0.52
-0.7677767776777678,0.5,0.48,0.52
-0.7674767476747675,0.5,0.48,0.52
-0.7671767176717672,0.5,0.48,0.52
-0.7668766876687668,0.5,0.48,0.52
-0.7665766576657665,0.5,0.48,0.52
-0.7662766276627663,0.5,0.48,0.52
-0.7659765976597659,0.5,0.48,0.52
-0.7656765676567656,0.5,0.48,0.52
-0.7653765376537653,0.5,0.48,0.52
-0.7650765076507651,0.5,0.48,0.52
-0.7647764776477648,0.5,0.48,0.52
-0.7644764476447645,0.5,0.48,0.52
-0.7641764176417641,0.5,0.48,0.52
-0.7638763876387639,0.5,0.48,0.52
-0.7635763576357636,0.5,0.48,0.52
-0.7632763276327632,0.5,0.48,0.52
-0.7629762976297629,0.5,0.48,0.52
-0.7626762676267627,0.5,0.48,0.52
-0.7623762376237624,0.5,0.48,0.52
-0.7620762076207621,0.5,0.48,0.52
-0.7617761776177617,0.5,0.48,0.52
-0.7614761476147615,0.5,0.48,0.52
-0.7611761176117612,0.5,0.48,0.52
-0.7608760876087608,0.5,0.48,0.52
-0.7605760576057605,0.5,0.48,0.52
-0.7602760276027603,0.5,0.48,0.52
-0.75997599759976,0.5,0.48,0.52
-0.7596759675967597,0.5,0.48,0.52
-0.7593759375937593,0.5,0.48,0.52
-0.759075907590759,0.5,0.48,0.52
-0.7587758775877588,0.5,0.48,0.52
-0.7584758475847584,0.5,0.48,0.52
-0.7581758175817581,0.5,0.48,0.52
-0.7578757875787578,0.5,0.48,0.52
-0.7575757575757576,0.5,0.48,0.52
-0.7572757275727573,0.5,0.48,0.52
-0.756975697569757,0.5,0.48,0.52
-0.7566756675667566,0.5,0.48,0.52
-0.7563756375637564,0.5,0.48,0.52
-0.7560756075607561,0.5,0.48,0.52
-0.7557755775577557,0.5,0.48,0.52
-0.7554755475547554,0.5,0.48,0.52
-0.7551755175517552,0.5,0.48,0.52
-0.7548754875487549,0.5,0.48,0.52
-0.7545754575457546,0.5,0.48,0.52
-0.7542754275427542,0.5,0.48,0.52
-0.753975397539754,0.5,0.48,0.52
-0.7536753675367537,0.5,0.48,0.52
-0.7533753375337533,0.5,0.48,0.52
-0.753075307530753,0.5,0.48,0.52
-0.7527752775277528,0.5,0.48,0.52
-0.7524752475247525,0.5,0.48,0.52
-0.7521752175217522,0.5,0.48,0.52
-0.7518751875187518,0.5,0.48,0.52
-0.7515751575157515,0.5,0.48,0.52
-0.7512751275127513,0.5,0.48,0.52
-0.7509750975097509,0.5,0.48,0.52
-0.7506750675067506,0.5,0.48,0.52
-0.7503750375037503,0.5,0.48,0.52
-0.7500750075007501,0.5,0.48,0.52
-0.7497749774977498,0.5,0.48,0.52
-0.7494749474947495,0.5,0.48,0.52
-0.7491749174917491,0.5,0.48,0.52
-0.7488748874887489,0.5,0.48,0.52
-0.7485748574857485,0.5,0.48,0.52
-0.7482748274827482,0.5,0.48,0.52
-0.7479747974797479,0.5,0.48,0.52
-0.7476747674767477,0.5,0.48,0.52
-0.7473747374737474,0.5,0.48,0.52
-0.7470747074707471,0.5,0.48,0.52
-0.7467746774677467,0.5,0.48,0.52
-0.7464746474647465,0.5,0.48,0.52
-0.7461746174617462,0.5,0.48,0.52
-0.7458745874587458,0.5,0.48,0.52
-0.7455745574557455,0.5,0.48,0.52
-0.7452745274527453,0.5,0.48,0.52
-0.744974497449745,0.5,0.48,0.52
-0.7446744674467447,0.5,0.48,0.52
-0.7443744374437444,0.5,0.48,0.52
-0.744074407440744,0.5,0.48,0.52
-0.7437743774377438,0.5,0.48,0.52
-0.7434743474347434,0.5,0.48,0.52
-0.7431743174317431,0.5,0.48,0.52
-0.7428742874287428,0.5,0.48,0.52
-0.7425742574257426,0.5,0.48,0.52
-0.7422742274227423,0.5,0.48,0.52
-0.741974197419742,0.5,0.48,0.52
-0.7416741674167416,0.5,0.48,0.52
-0.7413741374137414,0.5,0.48,0.52
-0.741074107410741,0.5,0.48,0.52
-0.7407740774077407,0.5,0.48,0.52
-0.7404740474047404,0.5,0.48,0.52
-0.7401740174017402,0.5,0.48,0.52
-0.7398739873987399,0.5,0.48,0.52
-0.7395739573957396,0.5,0.48,0.52
-0.7392739273927392,0.5,0.48,0.52
-0.738973897389739,0.5,0.48,0.52
-0.7386738673867387,0.5,0.48,0.52
-0.7383738373837383,0.5,0.48,0.52
-0.738073807380738,0.5,0.48,0.52
-0.7377737773777377,0.5,0.48,0.52
-0.7374737473747375,0.5,0.48,0.52
-0.7371737173717372,0.5,0.48,0.52
-0.7368736873687369,0.5,0.48,0.52
-0.7365736573657365,0.5,0.48,0.52
-0.7362736273627363,0.5,0.48,0.52
-0.7359735973597359,0.5,0.48,0.52
-0.7356735673567356,0.5,0.48,0.52
-0.7353735373537353,0.5,0.48,0.52
-0.7350735073507351,0.5,0.48,0.52
-0.7347734773477348,0.5,0.48,0.52
-0.7344734473447345,0.5,0.48,0.52
-0.7341734173417341,0.5,0.48,0.52
-0.7338733873387339,0.5,0.48,0.52
-0.7335733573357335,0.5,0.48,0.52
-0.7332733273327332,0.5,0.48,0.52
-0.7329732973297329,0.5,0.48,0.52
-0.7326732673267327,0.5,0.48,0.52
-0.7323732373237324,0.5,0.48,0.52
-0.7320732073207321,0.5,0.48,0.52
-0.7317731773177317,0.5,0.48,0.52
-0.7314731473147315,0.5,0.48,0.52
-0.7311731173117312,0.5,0.48,0.52
-0.7308730873087308,0.5,0.48,0.52
-0.7305730573057305,0.5,0.48,0.52
-0.7302730273027302,0.5,0.48,0.52
-0.72997299729973,0.5,0.48,0.52
-0.7296729672967297,0.5,0.48,0.52
-0.7293729372937294,0.5,0.48,0.52
-0.729072907290729,0.5,0.48,0.52
-0.7287728772877288,0.5,0.48,0.52
-0.7284728472847284,0.5,0.48,0.52
-0.7281728172817281,0.5,0.48,0.52
-0.7278727872787278,0.5,0.48,0.52
-0.7275727572757276,0.5,0.48,0.52
-0.7272727272727273,0.5,0.48,0.52
-0.726972697269727,0.5,0.48,0.52
-0.7266726672667266,0.5,0.48,0.52
-0.7263726372637264,0.5,0.48,0.52
-0.726072607260726,0.5,0.48,0.52
-0.7257725772577257,0.5,0.48,0.52
-0.7254725472547254,0.5,0.48,0.52
-0.7251725172517252,0.5,0.48,0.52
-0.7248724872487249,0.5,0.48,0.52
-0.7245724572457246,0.5,0.48,0.52
-0.7242724272427242,0.5,0.48,0.52
-0.723972397239724,0.5,0.48,0.52
-0.7236723672367236,0.5,0.48,0.52
-0.7233723372337233,0.5,0.48,0.52
-0.723072307230723,0.5,0.48,0.52
-0.7227722772277227,0.5,0.48,0.52
-0.7224722472247225,0.5,0.48,0.52
-0.7221722172217222,0.5,0.48,0.52
-0.7218721872187219,0.5,0.48,0.52
-0.7215721572157215,0.5,0.48,0.52
-0.7212721272127213,0.5,0.48,0.52
-0.7209720972097209,0.5,0.48,0.52
-0.7206720672067206,0.5,0.48,0.52
-0.7203720372037203,0.5,0.48,0.52
-0.7200720072007201,0.5,0.48,0.52
-0.7197719771977198,0.5,0.48,0.52
-0.7194719471947195,0.5,0.48,0.52
-0.7191719171917191,0.5,0.48,0.52
-0.7188718871887189,0.5,0.48,0.52
-0.7185718571857185,0.5,0.48,0.52
-0.7182718271827182,0.5,0.48,0.52
-0.7179717971797179,0.5,0.48,0.52
-0.7176717671767177,0.5,0.48,0.52
-0.7173717371737174,0.5,0.48,0.52
-0.7170717071707171,0.5,0.48,0.52
-0.7167716771677167,0.5,0.48,0.52
-0.7164716471647165,0.5,0.48,0.52
-0.7161716171617161,0.5,0.48,0.52
-0.7158715871587158,0.5,0.48,0.52
-0.7155715571557155,0.5,0.48,0.52
-0.7152715271527152,0.5,0.48,0.52
-0.714971497149715,0.5,0.48,0.52
-0.7146714671467147,0.5,0.48,0.52
-0.7143714371437144,0.5,0.48,0.52
-0.714071407140714,0.5,0.48,0.52
-0.7137713771377138,0.5,0.48,0.52
-0.7134713471347134,0.5,0.48,0.52
-0.7131713171317131,0.5,0.48,0.52
-0.7128712871287128,0.5,0.48,0.52
-0.7125712571257126,0.5,0.48,0.52
-0.7122712271227123,0.5,0.48,0.52
-0.711971197119712,0.5,0.48,0.52
-0.7116711671167116,0.5,0.48,0.52
-0.7113711371137114,0.5,0.48,0.52
-0.711071107110711,0.5,0.48,0.52
-0.7107710771077107,0.5,0.48,0.52
-0.7104710471047104,0.5,0.48,0.52
-0.7101710171017102,0.5,0.48,0.52
-0.7098709870987099,0.5,0.48,0.52
-0.7095709570957096,0.5,0.48,0.52
-0.7092709270927092,0.5,0.48,0.52
-0.708970897089709,0.5,0.48,0.52
-0.7086708670867086,0.5,0.48,0.52
-0.7083708370837083,0.5,0.48,0.52
-0.708070807080708,0.5,0.48,0.52
-0.7077707770777077,0.5,0.48,0.52
-0.7074707470747075,0.5,0.48,0.52
-0.7071707170717072,0.5,0.48,0.52
-0.7068706870687069,0.5,0.48,0.52
-0.7065706570657065,0.5,0.48,0.52
-0.7062706270627063,0.5,0.48,0.52
-0.7059705970597059,0.5,0.48,0.52
-0.7056705670567056,0.5,0.48,0.52
-0.7053705370537053,0.5,0.48,0.52
-0.7050705070507051,0.5,0.48,0.52
-0.7047704770477048,0.5,0.48,0.52
-0.7044704470447045,0.5,0.48,0.52
-0.7041704170417041,0.5,0.48,0.52
-0.7038703870387039,0.5,0.48,0.52
-0.7035703570357035,0.5,0.48,0.52
-0.7032703270327032,0.5,0.48,0.52
-0.7029702970297029,0.5,0.48,0.52
-0.7026702670267027,0.5,0.48,0.52
-0.7023702370237024,0.5,0.48,0.52
-0.7020702070207021,0.5,0.48,0.52
-0.7017701770177017,0.5,0.48,0.52
-0.7014701470147015,0.5,0.48,0.52
-0.7011701170117011,0.5,0.48,0.52
-0.7008700870087008,0.5,0.48,0.52
-0.7005700570057005,0.5,0.48,0.52
-0.7002700270027002,0.5,0.48,0.52
-0.6999699969997,0.5,0.48,0.52
-0.6996699669966997,0.5,0.48,0.52
-0.6993699369936994,0.5,0.48,0.52
-0.699069906990699,0.5,0.48,0.52
-0.6987698769876988,0.5,0.48,0.52
-0.6984698469846984,0.5,0.48,0.52
-0.6981698169816981,0.5,0.48,0.52
-0.6978697869786978,0.5,0.48,0.52
-0.6975697569756976,0.5,0.48,0.52
-0.6972697269726973,0.5,0.48,0.52
-0.696969696969697,0.5,0.48,0.52
-0.6966696669666966,0.5,0.48,0.52
-0.6963696369636964,0.5,0.48,0.52
-0.696069606960696,0.5,0.48,0.52
-0.6957695769576957,0.5,0.48,0.52
-0.6954695469546954,0.5,0.48,0.52
-0.6951695169516952,0.5,0.48,0.52
-0.6948694869486949,0.5,0.48,0.52
-0.6945694569456946,0.5,0.48,0.52
-0.6942694269426942,0.5,0.48,0.52
-0.693969396939694,0.5,0.48,0.52
-0.6936693669366936,0.5,0.48,0.52
-0.6933693369336933,0.5,0.48,0.52
-0.693069306930693,0.5,0.48,0.52
-0.6927692769276927,0.5,0.48,0.52
-0.6924692469246925,0.5,0.48,0.52
-0.6921692169216922,0.5,0.48,0.52
-0.6918691869186919,0.5,0.48,0.52
-0.6915691569156915,0.5,0.48,0.52
-0.6912691269126913,0.5,0.48,0.52
-0.6909690969096909,0.5,0.48,0.52
-0.6906690669066906,0.5,0.48,0.52
-0.6903690369036903,0.5,0.48,0.52
-0.6900690069006901,0.5,0.48,0.52
-0.6897689768976898,0.5,0.48,0.52
-0.6894689468946895,0.5,0.48,0.52
-0.6891689168916891,0.5,0.48,0.52
-0.6888688868886889,0.5,0.48,0.52
-0.6885688568856885,0.5,0.48,0.52
-0.6882688268826882,0.5,0.48,0.52
-0.6879687968796879,0.5,0.48,0.52
-0.6876687668766877,0.5,0.48,0.52
-0.6873687368736874,0.5,0.48,0.52
-0.6870687068706871,0.5,0.48,0.52
-0.6867686768676867,0.5,0.48,0.52
-0.6864686468646864,0.5,0.48,0.52
-0.6861686168616861,0.5,0.48,0.52
-0.6858685868586858,0.5,0.48,0.52
-0.6855685568556855,0.5,0.48,0.52
-0.6852685268526852,0.5,0.48,0.52
-0.684968496849685,0.5,0.48,0.52
-0.6846684668466847,0.5,0.48,0.52
-0.6843684368436844,0.5,0.48,0.52
-0.684068406840684,0.5,0.48,0.52
-0.6837683768376838,0.5,0.48,0.52
-0.6834683468346834,0.5,0.48,0.52
-0.6831683168316831,0.5,0.48,0.52
-0.6828682868286828,0.5,0.48,0.52
-0.6825682568256826,0.5,0.48,0.52
-0.6822682268226823,0.5,0.48,0.52
-0.681968196819682,0.5,0.48,0.52
-0.6816681668166816,0.5,0.48,0.52
-0.6813681368136814,0.5,0.48,0.52
-0.681068106810681,0.5,0.48,0.52
-0.6807680768076807,0.5,0.48,0.52
-0.6804680468046804,0.5,0.48,0.52
-0.6801680168016802,0.5,0.48,0.52
-0.6798679867986799,0.5,0.48,0.52
-0.6795679567956796,0.5,0.48,0.52
-0.6792679267926792,0.5,0.48,0.52
-0.678967896789679,0.5,0.48,0.52
-0.6786678667866786,0.5,0.48,0.52
-0.6783678367836783,0.5,0.48,0.52
-0.678067806780678,0.5,0.48,0.52
-0.6777677767776777,0.5,0.48,0.52
-0.6774677467746775,0.5,0.48,0.52
-0.6771677167716772,0.5,0.48,0.52
-0.6768676867686769,0.5,0.48,0.52
-0.6765676567656765,0.5,0.48,0.52
-0.6762676267626763,0.5,0.48,0.52
-0.6759675967596759,0.5,0.48,0.52
-0.6756675667566756,0.5,0.48,0.52
-0.6753675367536753,0.5,0.48,0.52
-0.6750675067506751,0.5,0.48,0.52
-0.6747674767476748,0.5,0.48,0.52
-0.6744674467446745,0.5,0.48,0.52
-0.6741674167416741,0.5,0.48,0.52
-0.6738673867386739,0.5,0.48,0.52
-0.6735673567356735,0.5,0.48,0.52
-0.6732673267326732,0.5,0.48,0.52
-0.6729672967296729,0.5,0.48,0.52
-0.6726672667266727,0.5,0.48,0.52
-0.6723672367236724,0.5,0.48,0.52
-0.6720672067206721,0.5,0.48,0.52
-0.6717671767176717,0.5,0.48,0.52
-0.6714671467146714,0.5,0.48,0.52
-0.6711671167116711,0.5,0.48,0.52
-0.6708670867086708,0.5,0.48,0.52
-0.6705670567056705,0.5,0.48,0.52
-0.6702670267026702,0.5,0.48,0.52
-0.66996699669967,0.5,0.48,0.52
-0.6696669666966697,0.5,0.48,0.52
-0.6693669366936694,0.5,0.48,0.52
-0.669066906690669,0.5,0.48,0.52
-0.6687668766876688,0.5,0.48,0.52
-0.6684668466846684,0.5,0.48,0.52
-0.6681668166816681,0.5,0.48,0.52
-0.6678667866786678,0.5,0.48,0.52
-0.6675667566756676,0.5,0.48,0.52
-0.6672667266726673,0.5,0.48,0.52
-0.666966696669667,0.5,0.48,0.52
-0.6666666666666666,0.5,0.48,0.52
-0.6663666366636664,0.5,0.48,0.52
-0.666066606660666,0.5,0.48,0.52
-0.6657665766576657,0.5,0.48,0.52
-0.6654665466546654,0.5,0.48,0.52
-0.6651665166516652,0.5,0.48,0.52
-0.6648664866486649,0.5,0.48,0.52
-0.6645664566456646,0.5,0.48,0.52
-0.6642664266426642,0.5,0.48,0.52
-0.663966396639664,0.5,0.48,0.52
-0.6636663666366636,0.5,0.48,0.52
-0.6633663366336633,0.5,0.48,0.52
-0.663066306630663,0.5,0.48,0.52
-0.6627662766276627,0.5,0.48,0.52
-0.6624662466246625,0.5,0.48,0.52
-0.6621662166216622,0.5,0.48,0.52
-0.6618661866186619,0.5,0.48,0.52
-0.6615661566156615,0.5,0.48,0.52
-0.6612661266126613,0.5,0.48,0.52
-0.6609660966096609,0.5,0.48,0.52
-0.6606660666066606,0.5,0.48,0.52
-0.6603660366036603,0.5,0.48,0.52
-0.6600660066006601,0.5,0.48,0.52
-0.6597659765976598,0.5,0.48,0.52
-0.6594659465946595,0.5,0.48,0.52
-0.6591659165916591,0.5,0.48,0.52
-0.6588658865886589,0.5,0.48,0.52
-0.6585658565856585,0.5,0.48,0.52
-0.6582658265826582,0.5,0.48,0.52
-0.6579657965796579,0.5,0.48,0.52
-0.6576657665766577,0.5,0.48,0.52
-0.6573657365736574,0.5,0.48,0.52
-0.6570657065706571,0.5,0.48,0.52
-0.6567656765676567,0.5,0.48,0.52
-0.6564656465646564,0.5,0.48,0.52
-0.6561656165616561,0.5,0.48,0.52
-0.6558655865586558,0.5,0.48,0.52
-0.6555655565556555,0.5,0.48,0.52
-0.6552655265526552,0.5,0.48,0.52
-0.654965496549655,0.5,0.48,0.52
-0.6546654665466547,0.5,0.48,0.52
-0.6543654365436543,0.5,0.48,0.52
-0.654065406540654,0.5,0.48,0.52
-0.6537653765376538,0.5,0.48,0.52
-0.6534653465346534,0.5,0.48,0.52
-0.6531653165316531,0.5,0.48,0.52
-0.6528652865286528,0.5,0.48,0.52
-0.6525652565256526,0.5,0.48,0.52
-0.6522652265226523,0.5,0.48,0.52
-0.651965196519652,0.5,0.48,0.52
-0.6516651665166516,0.5,0.48,0.52
-0.6513651365136514,0.5,0.48,0.52
-0.651065106510651,0.5,0.48,0.52
-0.6507650765076507,0.5,0.48,0.52
-0.6504650465046504,0.5,0.48,0.52
-0.6501650165016502,0.5,0.48,0.52
-0.6498649864986499,0.5,0.48,0.52
-0.6495649564956496,0.5,0.48,0.52
-0.6492649264926492,0.5,0.48,0.52
-0.648964896489649,0.5,0.48,0.52
-0.6486648664866486,0.5,0.48,0.52
-0.6483648364836483,0.5,0.48,0.52
-0.648064806480648,0.5,0.48,0.52
-0.6477647764776477,0.5,0.48,0.52
-0.6474647464746475,0.5,0.48,0.52
-0.6471647164716472,0.5,0.48,0.52
-0.6468646864686468,0.5,0.48,0.52
-0.6465646564656465,0.5,0.48,0.52
-0.6462646264626463,0.5,0.48,0.52
-0.6459645964596459,0.5,0.48,0.52
-0.6456645664566456,0.5,0.48,0.52
-0.6453645364536453,0.5,0.48,0.52
-0.6450645064506451,0.5,0.48,0.52
-0.6447644764476448,0.5,0.48,0.52
-0.6444644464446445,0.5,0.48,0.52
-0.6441644164416441,0.5,0.48,0.52
-0.6438643864386439,0.5,0.48,0.52
-0.6435643564356435,0.5,0.48,0.52
-0.6432643264326432,0.5,0.48,0.52
-0.6429642964296429,0.5,0.48,0.52
-0.6426642664266426,0.5,0.48,0.52
-0.6423642364236424,0.5,0.48,0.52
-0.6420642064206421,0.5,0.48,0.52
-0.6417641764176417,0.5,0.48,0.52
-0.6414641464146414,0.5,0.48,0.52
-0.6411641164116411,0.5,0.48,0.52
-0.6408640864086408,0.5,0.48,0.52
-0.6405640564056405,0.5,0.48,0.52
-0.6402640264026402,0.5,0.48,0.52
-0.63996399639964,0.5,0.48,0.52
-0.6396639663966397,0.5,0.48,0.52
-0.6393639363936393,0.5,0.48,0.52
-0.639063906390639,0.5,0.48,0.52
-0.6387638763876388,0.5,0.48,0.52
-0.6384638463846384,0.5,0.48,0.52
-0.6381638163816381,0.5,0.48,0.52
-0.6378637863786378,0.5,0.48,0.52
-0.6375637563756376,0.5,0.48,0.52
-0.6372637263726373,0.5,0.48,0.52
-0.636963696369637,0.5,0.48,0.52
-0.6366636663666366,0.5,0.48,0.52
-0.6363636363636364,0.5,0.48,0.52
-0.636063606360636,0.5,0.48,0.52
-0.6357635763576357,0.5,0.48,0.52
-0.6354635463546354,0.5,0.48,0.52
-0.6351635163516351,0.5,0.48,0.52
-0.6348634863486349,0.5,0.48,0.52
-0.6345634563456346,0.5,0.48,0.52
-0.6342634263426342,0.5,0.48,0.52
-0.6339633963396339,0.5,0.48,0.52
-0.6336633663366336,0.5,0.48,0.52
-0.6333633363336333,0.5,0.48,0.52
-0.633063306330633,0.5,0.48,0.52
-0.6327632763276327,0.5,0.48,0.52
-0.6324632463246325,0.5,0.48,0.52
-0.6321632163216322,0.5,0.48,0.52
-0.6318631863186318,0.5,0.48,0.52
-0.6315631563156315,0.5,0.48,0.52
-0.6312631263126313,0.5,0.48,0.52
-0.6309630963096309,0.5,0.48,0.52
-0.6306630663066306,0.5,0.48,0.52
-0.6303630363036303,0.5,0.48,0.52
-0.6300630063006301,0.5,0.48,0.52
-0.6297629762976298,0.5,0.48,0.52
-0.6294629462946295,0.5,0.48,0.52
-0.6291629162916291,0.5,0.48,0.52
-0.6288628862886289,0.5,0.48,0.52
-0.6285628562856285,0.5,0.48,0.52
-0.6282628262826282,0.5,0.48,0.52
-0.6279627962796279,0.5,0.48,0.52
-0.6276627662766276,0.5,0.48,0.52
-0.6273627362736274,0.5,0.48,0.52
-0.6270627062706271,0.5,0.48,0.52
-0.6267626762676267,0.5,0.48,0.52
-0.6264626462646264,0.5,0.48,0.52
-0.6261626162616261,0.5,0.48,0.52
-0.6258625862586258,0.5,0.48,0.52
-0.6255625562556255,0.5,0.48,0.52
-0.6252625262526252,0.5,0.48,0.52
-0.624962496249625,0.5,0.48,0.52
-0.6246624662466247,0.5,0.48,0.52
-0.6243624362436243,0.5,0.48,0.52
-0.624062406240624,0.5,0.48,0.52
-0.6237623762376237,0.5,0.48,0.52
-0.6234623462346234,0.5,0.48,0.52
-0.6231623162316231,0.5,0.48,0.52
-0.6228622862286228,0.5,0.48,0.52
-0.6225622562256226,0.5,0.48,0.52
-0.6222622262226223,0.5,0.48,0.52
-0.621962196219622,0.5,0.48,0.52
-0.6216621662166216,0.5,0.48,0.52
-0.6213621362136214,0.5,0.48,0.52
-0.621062106210621,0.5,0.48,0.52
-0.6207620762076207,0.5,0.48,0.52
-0.6204620462046204,0.5,0.48,0.52
-0.6201620162016201,0.5,0.48,0.52
-0.6198619861986199,0.5,0.48,0.52
-0.6195619561956196,0.5,0.48,0.52
-0.6192619261926192,0.5,0.48,0.52
-0.6189618961896189,0.5,0.48,0.52
-0.6186618661866186,0.5,0.48,0.52
-0.6183618361836183,0.5,0.48,0.52
-0.618061806180618,0.5,0.48,0.52
-0.6177617761776177,0.5,0.48,0.52
-0.6174617461746175,0.5,0.48,0.52
-0.6171617161716172,0.5,0.48,0.52
-0.6168616861686168,0.5,0.48,0.52
-0.6165616561656165,0.5,0.48,0.52
-0.6162616261626161,0.5,0.48,0.52
-0.6159615961596159,0.5,0.48,0.52
-0.6156615661566156,0.5,0.48,0.52
-0.6153615361536153,0.5,0.48,0.52
-0.6150615061506151,0.5,0.48,0.52
-0.6147614761476148,0.5,0.48,0.52
-0.6144614461446145,0.5,0.48,0.52
-0.6141614161416141,0.5,0.48,0.52
-0.6138613861386139,0.5,0.48,0.52
-0.6135613561356135,0.5,0.48,0.52
-0.6132613261326132,0.5,0.48,0.52
-0.6129612961296129,0.5,0.48,0.52
-0.6126612661266126,0.5,0.48,0.52
-0.6123612361236124,0.5,0.48,0.52
-0.6120612061206121,0.5,0.48,0.52
-0.6117611761176117,0.5,0.48,0.52
-0.6114611461146114,0.5,0.48,0.52
-0.6111611161116111,0.5,0.48,0.52
-0.6108610861086108,0.5,0.48,0.52
-0.6105610561056105,0.5,0.48,0.52
-0.6102610261026102,0.5,0.48,0.52
-0.60996099609961,0.5,0.48,0.52
-0.6096609660966097,0.5,0.48,0.52
-0.6093609360936093,0.5,0.48,0.52
-0.609060906090609,0.5,0.48,0.52
-0.6087608760876086,0.5,0.48,0.52
-0.6084608460846084,0.5,0.48,0.52
-0.6081608160816081,0.5,0.48,0.52
-0.6078607860786078,0.5,0.48,0.52
-0.6075607560756076,0.5,0.48,0.52
-0.6072607260726073,0.5,0.48,0.52
-0.606960696069607,0.5,0.48,0.52
-0.6066606660666066,0.5,0.48,0.52
-0.6063606360636064,0.5,0.48,0.52
-0.606060606060606,0.5,0.48,0.52
-0.6057605760576057,0.5,0.48,0.52
-0.6054605460546054,0.5,0.48,0.52
-0.6051605160516051,0.5,0.48,0.52
-0.6048604860486049,0.5,0.48,0.52
-0.6045604560456046,0.5,0.48,0.52
-0.6042604260426042,0.5,0.48,0.52
-0.6039603960396039,0.5,0.48,0.52
-0.6036603660366036,0.5,0.48,0.52
-0.6033603360336033,0.5,0.48,0.52
-0.603060306030603,0.5,0.48,0.52
-0.6027602760276027,0.5,0.48,0.52
-0.6024602460246025,0.5,0.48,0.52
-0.6021602160216022,0.5,0.48,0.52
-0.6018601860186018,0.5,0.48,0.52
-0.6015601560156015,0.5,0.48,0.52
-0.6012601260126011,0.5,0.48,0.52
-0.6009600960096009,0.5,0.48,0.52
-0.6006600660066006,0.5,0.48,0.52
-0.6003600360036003,0.5,0.48,0.52
-0.6000600060006,0.5,0.48,0.52
-0.5997599759975998,0.5,0.48,0.52
-0.5994599459945995,0.5,0.48,0.52
-0.5991599159915991,0.5,0.48,0.52
-0.5988598859885989,0.5,0.48,0.52
-0.5985598559855985,0.5,0.48,0.52
-0.5982598259825982,0.5,0.48,0.52
-0.5979597959795979,0.5,0.48,0.52
-0.5976597659765976,0.5,0.48,0.52
-0.5973597359735974,0.5,0.48,0.52
-0.5970597059705971,0.5,0.48,0.52
-0.5967596759675967,0.5,0.48,0.52
-0.5964596459645964,0.5,0.48,0.52
-0.5961596159615961,0.5,0.48,0.52
-0.5958595859585958,0.5,0.48,0.52
-0.5955595559555955,0.5,0.48,0.52
-0.5952595259525952,0.5,0.48,0.52
-0.594959495949595,0.5,0.48,0.52
-0.5946594659465947,0.5,0.48,0.52
-0.5943594359435943,0.5,0.48,0.52
-0.594059405940594,0.5,0.48,0.52
-0.5937593759375936,0.5,0.48,0.52
-0.5934593459345934,0.5,0.48,0.52
-0.5931593159315931,0.5,0.48,0.52
-0.5928592859285928,0.5,0.48,0.52
-0.5925592559255926,0.5,0.48,0.52
-0.5922592259225923,0.5,0.48,0.52
-0.591959195919592,0.5,0.48,0.52
-0.5916591659165916,0.5,0.48,0.52
-0.5913591359135913,0.5,0.48,0.52
-0.591059105910591,0.5,0.48,0.52
-0.5907590759075907,0.5,0.48,0.52
-0.5904590459045904,0.5,0.48,0.52
-0.5901590159015901,0.5,0.48,0.52
-0.5898589858985899,0.5,0.48,0.52
-0.5895589558955896,0.5,0.48,0.52
-0.5892589258925892,0.5,0.48,0.52
-0.5889588958895889,0.5,0.48,0.52
-0.5886588658865886,0.5,0.48,0.52
-0.5883588358835883,0.5,0.48,0.52
-0.588058805880588,0.5,0.48,0.52
-0.5877587758775877,0.5,0.48,0.52
-0.5874587458745875,0.5,0.48,0.52
-0.5871587158715872,0.5,0.48,0.52
-0.5868586858685868,0.5,0.48,0.52
-0.5865586558655865,0.5,0.48,0.52
-0.5862586258625861,0.5,0.48,0.52
-0.5859585958595859,0.5,0.48,0.52
-0.5856585658565856,0.5,0.48,0.52
-0.5853585358535853,0.5,0.48,0.52
-0.585058505850585,0.5,0.48,0.52
-0.5847584758475848,0.5,0.48,0.52
-0.5844584458445845,0.5,0.48,0.52
-0.5841584158415841,0.5,0.48,0.52
-0.5838583858385838,0.5,0.48,0.52
-0.5835583558355835,0.5,0.48,0.52
-0.5832583258325832,0.5,0.48,0.52
-0.5829582958295829,0.5,0.48,0.52
-0.5826582658265826,0.5,0.48,0.52
-0.5823582358235824,0.5,0.48,0.52
-0.5820582058205821,0.5,0.48,0.52
-0.5817581758175817,0.5,0.48,0.52
-0.5814581458145814,0.5,0.48,0.52
-0.581158115811581,0.5,0.48,0.52
-0.5808580858085808,0.5,0.48,0.52
-0.5805580558055805,0.5,0.48,0.52
-0.5802580258025802,0.5,0.48,0.52
-0.57995799579958,0.5,0.48,0.52
-0.5796579657965797,0.5,0.48,0.52
-0.5793579357935793,0.5,0.48,0.52
-0.579057905790579,0.5,0.48,0.52
-0.5787578757875786,0.5,0.48,0.52
-0.5784578457845784,0.5,0.48,0.52
-0.5781578157815781,0.5,0.48,0.52
-0.5778577857785778,0.5,0.48,0.52
-0.5775577557755776,0.5,0.48,0.52
-0.5772577257725773,0.5,0.48,0.52
-0.576957695769577,0.5,0.48,0.52
-0.5766576657665766,0.5,0.48,0.52
-0.5763576357635763,0.5,0.48,0.52
-0.576057605760576,0.5,0.48,0.52
-0.5757575757575757,0.5,0.48,0.52
-0.5754575457545754,0.5,0.48,0.52
-0.5751575157515751,0.5,0.48,0.52
-0.5748574857485749,0.5,0.48,0.52
-0.5745574557455746,0.5,0.48,0.52
-0.5742574257425742,0.5,0.48,0.52
-0.5739573957395739,0.5,0.48,0.52
-0.5736573657365736,0.5,0.48,0.52
-0.5733573357335733,0.5,0.48,0.52
-0.573057305730573,0.5,0.48,0.52
-0.5727572757275727,0.5,0.48,0.52
-0.5724572457245725,0.5,0.48,0.52
-0.5721572157215722,0.5,0.48,0.52
-0.5718571857185718,0.5,0.48,0.52
-0.5715571557155715,0.5,0.48,0.52
-0.5712571257125711,0.5,0.48,0.52
-0.5709570957095709,0.5,0.48,0.52
-0.5706570657065706,0.5,0.48,0.52
-0.5703570357035703,0.5,0.48,0.52
-0.57005700570057,0.5,0.48,0.52
-0.5697569756975698,0.5,0.48,0.52
-0.5694569456945695,0.5,0.48,0.52
-0.5691569156915691,0.5,0.48,0.52
-0.5688568856885688,0.5,0.48,0.52
-0.5685568556855685,0.5,0.48,0.52
-0.5682568256825682,0.5,0.48,0.52
-0.5679567956795679,0.5,0.48,0.52
-0.5676567656765676,0.5,0.48,0.52
-0.5673567356735674,0.5,0.48,0.52
-0.5670567056705671,0.5,0.48,0.52
-0.5667566756675667,0.5,0.48,0.52
-0.5664566456645664,0.5,0.48,0.52
-0.566156615661566,0.5,0.48,0.52
-0.5658565856585658,0.5,0.48,0.52
-0.5655565556555655,0.5,0.48,0.52
-0.5652565256525652,0.5,0.48,0.52
-0.564956495649565,0.5,0.48,0.52
-0.5646564656465647,0.5,0.48,0.52
-0.5643564356435643,0.5,0.48,0.52
-0.564056405640564,0.5,0.48,0.52
-0.5637563756375636,0.5,0.48,0.52
-0.5634563456345634,0.5,0.48,0.52
-0.5631563156315631,0.5,0.48,0.52
-0.5628562856285628,0.5,0.48,0.52
-0.5625562556255626,0.5,0.48,0.52
-0.5622562256225623,0.5,0.48,0.52
-0.561956195619562,0.5,0.48,0.52
-0.5616561656165616,0.5,0.48,0.52
-0.5613561356135613,0.5,0.48,0.52
-0.561056105610561,0.5,0.48,0.52
-0.5607560756075607,0.5,0.48,0.52
-0.5604560456045604,0.5,0.48,0.52
-0.5601560156015601,0.5,0.48,0.52
-0.5598559855985599,0.5,0.48,0.52
-0.5595559555955596,0.5,0.48,0.52
-0.5592559255925592,0.5,0.48,0.52
-0.5589558955895589,0.5,0.48,0.52
-0.5586558655865586,0.5,0.48,0.52
-0.5583558355835583,0.5,0.48,0.52
-0.558055805580558,0.5,0.48,0.52
-0.5577557755775577,0.5,0.48,0.52
-0.5574557455745575,0.5,0.48,0.52
-0.5571557155715572,0.5,0.48,0.52
-0.5568556855685568,0.5,0.48,0.52
-0.5565556555655565,0.5,0.48,0.52
-0.5562556255625561,0.5,0.48,0.52
-0.5559555955595559,0.5,0.48,0.52
-0.5556555655565556,0.5,0.48,0.52
-0.5553555355535553,0.5,0.48,0.52
-0.555055505550555,0.5,0.48,0.52
-0.5547554755475548,0.5,0.48,0.52
-0.5544554455445545,0.5,0.48,0.52
-0.5541554155415541,0.5,0.48,0.52
-0.5538553855385538,0.5,0.48,0.52
-0.5535553555355535,0.5,0.48,0.52
-0.5532553255325532,0.5,0.48,0.52
-0.5529552955295529,0.5,0.48,0.52
-0.5526552655265526,0.5,0.48,0.52
-0.5523552355235524,0.5,0.48,0.52
-0.5520552055205521,0.5,0.48,0.52
-0.5517551755175517,0.5,0.48,0.52
-0.5514551455145514,0.5,0.48,0.52
-0.551155115511551,0.5,0.48,0.52
-0.5508550855085508,0.5,0.48,0.52
-0.5505550555055505,0.5,0.48,0.52
-0.5502550255025502,0.5,0.48,0.52
-0.54995499549955,0.5,0.48,0.52
-0.5496549654965497,0.5,0.48,0.52
-0.5493549354935493,0.5,0.48,0.52
-0.549054905490549,0.5,0.48,0.52
-0.5487548754875486,0.5,0.48,0.52
-0.5484548454845484,0.5,0.48,0.52
-0.5481548154815481,0.5,0.48,0.52
-0.5478547854785478,0.5,0.48,0.52
-0.5475547554755475,0.5,0.48,0.52
-0.5472547254725473,0.5,0.48,0.52
-0.5469546954695469,0.5,0.48,0.52
-0.5466546654665466,0.5,0.48,0.52
-0.5463546354635463,0.5,0.48,0.52
-0.546054605460546,0.5,0.48,0.52
-0.5457545754575457,0.5,0.48,0.52
-0.5454545454545454,0.5,0.48,0.52
-0.5451545154515451,0.5,0.48,0.52
-0.5448544854485449,0.5,0.48,0.52
-0.5445544554455446,0.5,0.48,0.52
-0.5442544254425442,0.5,0.48,0.52
-0.5439543954395439,0.5,0.48,0.52
-0.5436543654365436,0.5,0.48,0.52
-0.5433543354335433,0.5,0.48,0.52
-0.543054305430543,0.5,0.48,0.52
-0.5427542754275427,0.5,0.48,0.52
-0.5424542454245425,0.5,0.48,0.52
-0.5421542154215422,0.5,0.48,0.52
-0.5418541854185418,0.5,0.48,0.52
-0.5415541554155415,0.5,0.48,0.52
-0.5412541254125411,0.5,0.48,0.52
-0.5409540954095409,0.5,0.48,0.52
-0.5406540654065406,0.5,0.48,0.52
-0.5403540354035403,0.5,0.48,0.52
-0.54005400540054,0.5,0.48,0.52
-0.5397539753975398,0.5,0.48,0.52
-0.5394539453945394,0.5,0.48,0.52
-0.5391539153915391,0.5,0.48,0.52
-0.5388538853885388,0.5,0.48,0.52
-0.5385538553855385,0.5,0.48,0.52
-0.5382538253825382,0.5,0.48,0.52
-0.5379537953795379,0.5,0.48,0.52
-0.5376537653765376,0.5,0.48,0.52
-0.5373537353735374,0.5,0.48,0.52
-0.5370537053705371,0.5,0.48,0.52
-0.5367536753675367,0.5,0.48,0.52
-0.5364536453645364,0.5,0.48,0.52
-0.536153615361536,0.5,0.48,0.52
-0.5358535853585358,0.5,0.48,0.52
-0.5355535553555355,0.5,0.48,0.52
-0.5352535253525352,0.5,0.48,0.52
-0.534953495349535,0.5,0.48,0.52
-0.5346534653465347,0.5,0.48,0.52
-0.5343534353435343,0.5,0.48,0.52
-0.534053405340534,0.5,0.48,0.52
-0.5337533753375336,0.5,0.48,0.52
-0.5334533453345334,0.5,0.48,0.52
-0.5331533153315331,0.5,0.48,0.52
-0.5328532853285328,0.5,0.48,0.52
-0.5325532553255325,0.5,0.48,0.52
-0.5322532253225323,0.5,0.48,0.52
-0.5319531953195319,0.5,0.48,0.52
-0.5316531653165316,0.5,0.48,0.52
-0.5313531353135313,0.5,0.48,0.52
-0.531053105310531,0.5,0.48,0.52
-0.5307530753075307,0.5,0.48,0.52
-0.5304530453045304,0.5,0.48,0.52
-0.5301530153015301,0.5,0.48,0.52
-0.5298529852985299,0.5,0.48,0.52
-0.5295529552955296,0.5,0.48,0.52
-0.5292529252925292,0.5,0.48,0.52
-0.5289528952895289,0.5,0.48,0.52
-0.5286528652865286,0.5,0.48,0.52
-0.5283528352835283,0.5,0.48,0.52
-0.528052805280528,0.5,0.48,0.52
-0.5277527752775277,0.5,0.48,0.52
-0.5274527452745275,0.5,0.48,0.52
-0.5271527152715272,0.5,0.48,0.52
-0.5268526852685268,0.5,0.48,0.52
-0.5265526552655265,0.5,0.48,0.52
-0.5262526252625261,0.5,0.48,0.52
-0.5259525952595259,0.5,0.48,0.52
-0.5256525652565256,0.5,0.48,0.52
-0.5253525352535253,0.5,0.48,0.52
-0.525052505250525,0.5,0.48,0.52
-0.5247524752475248,0.5,0.48,0.52
-0.5244524452445244,0.5,0.48,0.52
-0.5241524152415241,0.5,0.48,0.52
-0.5238523852385237,0.5,0.48,0.52
-0.5235523552355235,0.5,0.48,0.52
-0.5232523252325232,0.5,0.48,0.52
-0.5229522952295229,0.5,0.48,0.52
-0.5226522652265226,0.5,0.48,0.52
-0.5223522352235224,0.5,0.48,0.52
-0.5220522052205221,0.5,0.48,0.52
-0.5217521752175217,0.5,0.48,0.52
-0.5214521452145214,0.5,0.48,0.52
-0.521152115211521,0.5,0.48,0.52
-0.5208520852085208,0.5,0.48,0.52
-0.5205520552055205,0.5,0.48,0.52
-0.5202520252025202,0.5,0.48,0.52
-0.51995199519952,0.5,0.48,0.52
-0.5196519651965197,0.5,0.48,0.52
-0.5193519351935193,0.5,0.48,0.52
-0.519051905190519,0.5,0.48,0.52
-0.5187518751875186,0.5,0.48,0.52
-0.5184518451845184,0.5,0.48,0.52
-0.5181518151815181,0.5,0.48,0.52
-0.5178517851785178,0.5,0.48,0.52
-0.5175517551755175,0.5,0.48,0.52
-0.5172517251725173,0.5,0.48,0.52
-0.5169516951695169,0.5,0.48,0.52
-0.5166516651665166,0.5,0.48,0.52
-0.5163516351635162,0.5,0.48,0.52
-0.516051605160516,0.5,0.48,0.52
-0.5157515751575157,0.5,0.48,0.52
-0.5154515451545154,0.5,0.48,0.52
-0.5151515151515151,0.5,0.48,0.52
-0.5148514851485149,0.5,0.48,0.52
-0.5145514551455146,0.5,0.48,0.52
-0.5142514251425142,0.5,0.48,0.52
-0.5139513951395139,0.5,0.48,0.52
-0.5136513651365135,0.5,0.48,0.52
-0.5133513351335133,0.5,0.48,0.52
-0.513051305130513,0.5,0.48,0.52
-0.5127512751275127,0.5,0.48,0.52
-0.5124512451245125,0.5,0.48,0.52
-0.5121512151215122,0.5,0.48,0.52
-0.5118511851185118,0.5,0.48,0.52
-0.5115511551155115,0.5,0.48,0.52
-0.5112511251125111,0.5,0.48,0.52
-0.5109510951095109,0.5,0.48,0.52
-0.5106510651065106,0.5,0.48,0.52
-0.5103510351035103,0.5,0.48,0.52
-0.51005100510051,0.5,0.48,0.52
-0.5097509750975098,0.5,0.48,0.52
-0.5094509450945094,0.5,0.48,0.52
-0.5091509150915091,0.5,0.48,0.52
-0.5088508850885087,0.5,0.48,0.52
-0.5085508550855085,0.5,0.48,0.52
-0.5082508250825082,0.5,0.48,0.52
-0.5079507950795079,0.5,0.48,0.52
-0.5076507650765076,0.5,0.48,0.52
-0.5073507350735074,0.5,0.48,0.52
-0.5070507050705071,0.5,0.48,0.52
-0.5067506750675067,0.5,0.48,0.52
-0.5064506450645064,0.5,0.48,0.52
-0.506150615061506,0.5,0.48,0.52
-0.5058505850585058,0.5,0.48,0.52
-0.5055505550555055,0.5,0.48,0.52
-0.5052505250525052,0.5,0.48,0.52
-0.504950495049505,0.5,0.48,0.52
-0.5046504650465047,0.5,0.48,0.52
-0.5043504350435043,0.5,0.48,0.52
-0.504050405040504,0.5,0.48,0.52
-0.5037503750375036,0.5,0.48,0.52
-0.5034503450345034,0.5,0.48,0.52
-0.5031503150315031,0.5,0.48,0.52
-0.5028502850285028,0.5,0.48,0.52
-0.5025502550255025,0.5,0.48,0.52
-0.5022502250225023,0.5,0.48,0.52
-0.5019501950195019,0.5,0.48,0.52
-0.5016501650165016,0.5,0.48,0.52
-0.5013501350135012,0.5,0.48,0.52
-0.501050105010501,0.5,0.48,0.52
-0.5007500750075007,0.5,0.48,0.52
-0.5004500450045004,0.5,0.48,0.52
-0.5001500150015001,0.5,0.48,0.52
-0.49984998499849986,0.5,0.48,0.52
-0.4995499549954995,0.5,0.48,0.52
-0.4992499249924992,0.5,0.48,0.52
-0.49894989498949893,0.5,0.48,0.52
-0.49864986498649866,0.5,0.48,0.52
-0.4983498349834983,0.5,0.48,0.52
-0.498049804980498,0.5,0.48,0.52
-0.4977497749774977,0.5,0.48,0.52
-0.49744974497449745,0.5,0.48,0.52
-0.49714971497149707,0.5,0.48,0.52
-0.4968496849684968,0.5,0.48,0.52
-0.4965496549654965,0.5,0.48,0.52
-0.49624962496249625,0.5,0.48,0.52
-0.49594959495949587,0.5,0.48,0.52
-0.4956495649564956,0.5,0.48,0.52
-0.4953495349534953,0.5,0.48,0.52
-0.49504950495049505,0.5,0.48,0.52
-0.49474947494749466,0.5,0.48,0.52
-0.4944494449444944,0.5,0.48,0.52
-0.4941494149414941,0.5,0.48,0.52
-0.49384938493849384,0.5,0.48,0.52
-0.49354935493549346,0.5,0.48,0.52
-0.4932493249324932,0.5,0.48,0.52
-0.4929492949294929,0.5,0.48,0.52
-0.49264926492649264,0.5,0.48,0.52
-0.49234923492349236,0.5,0.48,0.52
-0.492049204920492,0.5,0.48,0.52
-0.4917491749174917,0.5,0.48,0.52
-0.49144914491449143,0.5,0.48,0.52
-0.49114911491149116,0.5,0.48,0.52
-0.4908490849084908,0.5,0.48,0.52
-0.4905490549054905,0.5,0.48,0.52
-0.4902490249024902,0.5,0.48,0.52
-0.48994899489948995,0.5,0.48,0.52
-0.48964896489648957,0.5,0.48,0.52
-0.4893489348934893,0.5,0.48,0.52
-0.489048904890489,0.5,0.48,0.52
-0.48874887488748875,0.5,0.48,0.52
-0.48844884488448836,0.5,0.48,0.52
-0.4881488148814881,0.5,0.48,0.52
-0.4878487848784878,0.5,0.48,0.52
-0.48754875487548754,0.5,0.48,0.52
-0.48724872487248716,0.5,0.48,0.52
-0.4869486948694869,0.5,0.48,0.52
-0.4866486648664866,0.5,0.48,0.52
-0.48634863486348634,0.5,0.48,0.52
-0.48604860486048596,0.5,0.48,0.52
-0.4857485748574857,0.5,0.48,0.52
-0.4854485448544854,0.5,0.48,0.52
-0.48514851485148514,0.5,0.48,0.52
-0.48484848484848486,0.5,0.48,0.52
-0.4845484548454845,0.5,0.48,0.52
-0.4842484248424842,0.5,0.48,0.52
-0.48394839483948393,0.5,0.48,0.52
-0.48364836483648366,0.5,0.48,0.52
-0.4833483348334833,0.5,0.48,0.52
-0.483048304830483,0.5,0.48,0.52
-0.4827482748274827,0.5,0.48,0.52
-0.48244824482448245,0.5,0.48,0.52
-0.48214821482148207,0.5,0.48,0.52
-0.4818481848184818,0.5,0.48,0.52
-0.4815481548154815,0.5,0.48,0.52
-0.48124812481248125,0.5,0.48,0.52
-0.48094809480948086,0.5,0.48,0.52
-0.4806480648064806,0.5,0.48,0.52
-0.4803480348034803,0.5,0.48,0.52
-0.48004800480048004,0.5,0.48,0.52
-0.47974797479747966,0.5,0.48,0.52
-0.4794479447944794,0.5,0.48,0.52
-0.4791479147914791,0.5,0.48,0.52
-0.47884788478847884,0.5,0.48,0.52
-0.47854785478547845,0.5,0.48,0.52
-0.4782478247824782,0.5,0.48,0.52
-0.4779477947794779,0.5,0.48,0.52
-0.47764776477647763,0.5,0.48,0.52
-0.47734773477347736,0.5,0.48,0.52
-0.477047704770477,0.5,0.48,0.52
-0.4767476747674767,0.5,0.48,0.52
-0.47644764476447643,0.5,0.48,0.52
-0.47614761476147616,0.5,0.48,0.52
-0.4758475847584758,0.5,0.48,0.52
-0.4755475547554755,0.5,0.48,0.52
-0.4752475247524752,0.5,0.48,0.52
-0.47494749474947495,0.5,0.48,0.52
-0.47464746474647457,0.5,0.48,0.52
-0.4743474347434743,0.5,0.48,0.52
-0.474047404740474,0.5,0.48,0.52
-0.47374737473747375,0.5,0.48,0.52
-0.47344734473447336,0.5,0.48,0.52
-0.4731473147314731,0.5,0.48,0.52
-0.4728472847284728,0.5,0.48,0.52
-0.47254725472547254,0.5,0.48,0.52
-0.47224722472247216,0.5,0.48,0.52
-0.4719471947194719,0.5,0.48,0.52
-0.4716471647164716,0.5,0.48,0.52
-0.47134713471347134,0.5,0.48,0.52
-0.47104710471047095,0.5,0.48,0.52
-0.4707470747074707,0.5,0.48,0.52
-0.4704470447044704,0.5,0.48,0.52
-0.47014701470147013,0.5,0.48,0.52
-0.46984698469846986,0.5,0.48,0.52
-0.4695469546954695,0.5,0.48,0.52
-0.4692469246924692,0.5,0.48,0.52
-0.46894689468946893,0.5,0.48,0.52
-0.46864686468646866,0.5,0.48,0.52
-0.46834683468346827,0.5,0.48,0.52
-0.468046804680468,0.5,0.48,0.52
-0.4677467746774677,0.5,0.48,0.52
-0.46744674467446745,0.5,0.48,0.52
-0.46714671467146707,0.5,0.48,0.52
-0.4668466846684668,0.5,0.48,0.52
-0.4665466546654665,0.5,0.48,0.52
-0.46624662466246625,0.5,0.48,0.52
-0.46594659465946586,0.5,0.48,0.52
-0.4656465646564656,0.5,0.48,0.52
-0.4653465346534653,0.5,0.48,0.52
-0.46504650465046504,0.5,0.48,0.52
-0.46474647464746466,0.5,0.48,0.52
-0.4644464446444644,0.5,0.48,0.52
-0.4641464146414641,0.5,0.48,0.52
-0.46384638463846384,0.5,0.48,0.52
-0.46354635463546345,0.5,0.48,0.52
-0.4632463246324632,0.5,0.48,0.52
-0.4629462946294629,0.5,0.48,0.52
-0.46264626462646263,0.5,0.48,0.52
-0.46234623462346236,0.5,0.48,0.52
-0.462046204620462,0.5,0.48,0.52
-0.4617461746174617,0.5,0.48,0.52
-0.46144614461446143,0.5,0.48,0.52
-0.46114611461146116,0.5,0.48,0.52
-0.46084608460846077,0.5,0.48,0.52
-0.4605460546054605,0.5,0.48,0.52
-0.4602460246024602,0.5,0.48,0.52
-0.45994599459945995,0.5,0.48,0.52
-0.45964596459645957,0.5,0.48,0.52
-0.4593459345934593,0.5,0.48,0.52
-0.459045904590459,0.5,0.48,0.52
-0.45874587458745875,0.5,0.48,0.52
-0.45844584458445836,0.5,0.48,0.52
-0.4581458145814581,0.5,0.48,0.52
-0.4578457845784578,0.5,0.48,0.52
-0.45754575457545754,0.5,0.48,0.52
-0.45724572457245716,0.5,0.48,0.52
-0.4569456945694569,0.5,0.48,0.52
-0.4566456645664566,0.5,0.48,0.52
-0.45634563456345634,0.5,0.48,0.52
-0.45604560456045595,0.5,0.48,0.52
-0.4557455745574557,0.5,0.48,0.52
-0.4554455445544554,0.5,0.48,0.52
-0.45514551455145513,0.5,0.48,0.52
-0.45484548454845475,0.5,0.48,0.52
-0.4545454545454545,0.5,0.48,0.52
-0.4542454245424542,0.5,0.48,0.52
-0.45394539453945393,0.5,0.48,0.52
-0.45364536453645365,0.5,0.48,0.52
-0.45334533453345327,0.5,0.48,0.52
-0.453045304530453,0.5,0.48,0.52
-0.4527452745274527,0.5,0.48,0.52
-0.45244524452445245,0.5,0.48,0.52
-0.45214521452145207,0.5,0.48,0.52
-0.4518451845184518,0.5,0.48,0.52
-0.4515451545154515,0.5,0.48,0.52
-0.45124512451245125,0.5,0.48,0.52
-0.45094509450945086,0.5,0.48,0.52
-0.4506450645064506,0.5,0.48,0.52
-0.4503450345034503,0.5,0.48,0.52
-0.45004500450045004,0.5,0.48,0.52
-0.44974497449744966,0.5,0.48,0.52
-0.4494449444944494,0.5,0.48,0.52
-0.4491449144914491,0.5,0.48,0.52
-0.44884488448844884,0.5,0.48,0.52
-0.44854485448544845,0.5,0.48,0.52
-0.4482448244824482,0.5,0.48,0.52
-0.4479447944794479,0.5,0.48,0.52
-0.44764476447644763,0.5,0.48,0.52
-0.44734473447344725,0.5,0.48,0.52
-0.447044704470447,0.5,0.48,0.52
-0.4467446744674467,0.5,0.48,0.52
-0.4464446444644464,0.5,0.48,0.52
-0.44614461446144615,0.5,0.48,0.52
-0.44584458445844577,0.5,0.48,0.52
-0.4455445544554455,0.5,0.48,0.52
-0.4452445244524452,0.5,0.48,0.52
-0.44494449444944495,0.5,0.48,0.52
-0.44464446444644457,0.5,0.48,0.52
-0.4443444344434443,0.5,0.48,0.52
-0.444044404440444,0.5,0.48,0.52
-0.44374437443744374,0.5,0.48,0.52
-0.44344434443444336,0.5,0.48,0.52
-0.4431443144314431,0.5,0.48,0.52
-0.4428442844284428,0.5,0.48,0.52
-0.44254425442544254,0.5,0.48,0.52
-0.44224422442244216,0.5,0.48,0.52
-0.4419441944194419,0.5,0.48,0.52
-0.4416441644164416,0.5,0.48,0.52
-0.44134413441344134,0.5,0.48,0.52
-0.44104410441044095,0.5,0.48,0.52
-0.4407440744074407,0.5,0.48,0.52
-0.4404440444044404,0.5,0.48,0.52
-0.44014401440144013,0.5,0.48,0.52
-0.43984398439843975,0.5,0.48,0.52
-0.4395439543954395,0.5,0.48,0.52
-0.4392439243924392,0.5,0.48,0.52
-0.4389438943894389,0.5,0.48,0.52
-0.43864386438643865,0.5,0.48,0.52
-0.43834383438343827,0.5,0.48,0.52
-0.438043804380438,0.5,0.48,0.52
-0.4377437743774377,0.5,0.48,0.52
-0.43744374437443745,0.5,0.48,0.52
-0.43714371437143706,0.5,0.48,0.52
-0.4368436843684368,0.5,0.48,0.52
-0.4365436543654365,0.5,0.48,0.52
-0.43624362436243624,0.5,0.48,0.52
-0.43594359435943586,0.5,0.48,0.52
-0.4356435643564356,0.5,0.48,0.52
-0.4353435343534353,0.5,0.48,0.52
-0.43504350435043504,0.5,0.48,0.52
-0.43474347434743466,0.5,0.48,0.52
-0.4344434443444344,0.5,0.48,0.52
-0.4341434143414341,0.5,0.48,0.52
-0.43384338433843384,0.5,0.48,0.52
-0.43354335433543345,0.5,0.48,0.52
-0.4332433243324332,0.5,0.48,0.52
-0.4329432943294329,0.5,0.48,0.52
-0.43264326432643263,0.5,0.48,0.52
-0.43234323432343225,0.5,0.48,0.52
-0.432043204320432,0.5,0.48,0.52
-0.4317431743174317,0.5,0.48,0.52
-0.4314431443144314,0.5,0.48,0.52
-0.43114311431143115,0.5,0.48,0.52
-0.43084308430843077,0.5,0.48,0.52
-0.4305430543054305,0.5,0.48,0.52
-0.4302430243024302,0.5,0.48,0.52
-0.42994299429942995,0.5,0.48,0.52
-0.42964296429642956,0.5,0.48,0.52
-0.4293429342934293,0.5,0.48,0.52
-0.429042904290429,0.5,0.48,0.52
-0.42874287428742874,0.5,0.48,0.52
-0.42844284428442836,0.5,0.48,0.52
-0.4281428142814281,0.5,0.48,0.52
-0.4278427842784278,0.5,0.48,0.52
-0.42754275427542754,0.5,0.48,0.52
-0.42724272427242715,0.5,0.48,0.52
-0.4269426942694269,0.5,0.48,0.52
-0.4266426642664266,0.5,0.48,0.52
-0.42634263426342633,0.5,0.48,0.52
-0.42604260426042595,0.5,0.48,0.52
-0.4257425742574257,0.5,0.48,0.52
-0.4254425442544254,0.5,0.48,0.52
-0.42514251425142513,0.5,0.48,0.52
-0.42484248424842475,0.5,0.48,0.52
-0.42454245424542447,0.5,0.48,0.52
-0.4242424242424242,0.5,0.48,0.52
-0.4239423942394239,0.5,0.48,0.52
-0.42364236423642365,0.5,0.48,0.52
-0.42334233423342327,0.5,0.48,0.52
-0.423042304230423,0.5,0.48,0.52
-0.4227422742274227,0.5,0.48,0.52
-0.42244224422442245,0.5,0.48,0.52
-0.42214221422142206,0.5,0.48,0.52
-0.4218421842184218,0.5,0.48,0.52
-0.4215421542154215,0.5,0.48,0.52
-0.42124212421242124,0.5,0.48,0.52
-0.42094209420942086,0.5,0.48,0.52
-0.4206420642064206,0.5,0.48,0.52
-0.4203420342034203,0.5,0.48,0.52
-0.42004200420042004,0.5,0.48,0.52
-0.41974197419741965,0.5,0.48,0.52
-0.4194419441944194,0.5,0.48,0.52
-0.4191419141914191,0.5,0.48,0.52
-0.41884188418841883,0.5,0.48,0.52
-0.41854185418541845,0.5,0.48,0.52
-0.4182418241824182,0.5,0.48,0.52
-0.4179417941794179,0.5,0.48,0.52
-0.41764176417641763,0.5,0.48,0.52
-0.41734173417341724,0.5,0.48,0.52
-0.41704170417041697,0.5,0.48,0.52
-0.4167416741674167,0.5,0.48,0.52
-0.4164416441644164,0.5,0.48,0.52
-0.41614161416141615,0.5,0.48,0.52
-0.41584158415841577,0.5,0.48,0.52
-0.4155415541554155,0.5,0.48,0.52
-0.4152415241524152,0.5,0.48,0.52
-0.41494149414941495,0.5,0.48,0.52
-0.41464146414641456,0.5,0.48,0.52
-0.4143414341434143,0.5,0.48,0.52
-0.414041404140414,0.5,0.48,0.52
-0.41374137413741374,0.5,0.48,0.52
-0.41344134413441336,0.5,0.48,0.52
-0.4131413141314131,0.5,0.48,0.52
-0.4128412841284128,0.5,0.48,0.52
-0.41254125412541254,0.5,0.48,0.52
-0.41224122412241215,0.5,0.48,0.52
-0.4119411941194119,0.5,0.48,0.52
-0.4116411641164116,0.5,0.48,0.52
-0.41134113411341133,0.5,0.48,0.52
-0.41104110411041095,0.5,0.48,0.52
-0.4107410741074107,0.5,0.48,0.52
-0.4104410441044104,0.5,0.48,0.52
-0.41014101410141013,0.5,0.48,0.52
-0.40984098409840974,0.5,0.48,0.52
-0.40954095409540947,0.5,0.48,0.52
-0.4092409240924092,0.5,0.48,0.52
-0.4089408940894089,0.5,0.48,0.52
-0.40864086408640854,0.5,0.48,0.52
-0.40834083408340827,0.5,0.48,0.52
-0.408040804080408,0.5,0.48,0.52
-0.4077407740774077,0.5,0.48,0.52
-0.40744074407440745,0.5,0.48,0.52
-0.40714071407140706,0.5,0.48,0.52
-0.4068406840684068,0.5,0.48,0.52
-0.4065406540654065,0.5,0.48,0.52
-0.40624062406240624,0.5,0.48,0.52
-0.40594059405940586,0.5,0.48,0.52
-0.4056405640564056,0.5,0.48,0.52
-0.4053405340534053,0.5,0.48,0.52
-0.40504050405040504,0.5,0.48,0.52
-0.40474047404740465,0.5,0.48,0.52
-0.4044404440444044,0.5,0.48,0.52
-0.4041404140414041,0.5,0.48,0.52
-0.40384038403840383,0.5,0.48,0.52
-0.40354035403540345,0.5,0.48,0.52
-0.4032403240324032,0.5,0.48,0.52
-0.4029402940294029,0.5,0.48,0.52
-0.40264026402640263,0.5,0.48,0.52
-0.40234023402340224,0.5,0.48,0.52
-0.40204020402040197,0.5,0.48,0.52
-0.4017401740174017,0.5,0.48,0.52
-0.4014401440144014,0.5,0.48,0.52
-0.40114011401140104,0.5,0.48,0.52
-0.40084008400840077,0.5,0.48,0.52
-0.4005400540054005,0.5,0.48,0.52
-0.4002400240024002,0.5,0.48,0.52
-0.39993999399939995,0.5,0.48,0.52
-0.39963996399639956,0.5,0.48,0.52
-0.3993399339933993,0.5,0.48,0.52
-0.399039903990399,0.5,0.48,0.52
-0.39873987398739874,0.5,0.48,0.52
-0.39843984398439836,0.5,0.48,0.52
-0.3981398139813981,0.5,0.48,0.52
-0.3978397839783978,0.5,0.48,0.52
-0.39753975397539754,0.5,0.48,0.52
-0.39723972397239715,0.5,0.48,0.52
-0.3969396939693969,0.5,0.48,0.52
-0.3966396639663966,0.5,0.48,0.52
-0.39633963396339633,0.5,0.48,0.52
-0.39603960396039595,0.5,0.48,0.52
-0.3957395739573957,0.5,0.48,0.52
-0.3954395439543954,0.5,0.48,0.52
-0.3951395139513951,0.5,0.48,0.52
-0.39483948394839474,0.5,0.48,0.52
-0.39453945394539447,0.5,0.48,0.52
-0.3942394239423942,0.5,0.48,0.52
-0.3939393939393939,0.5,0.48,0.52
-0.39363936393639354,0.5,0.48,0.52
-0.39333933393339326,0.5,0.48,0.52
-0.393039303930393,0.5,0.48,0.52
-0.3927392739273927,0.5,0.48,0.52
-0.39243924392439244,0.5,0.48,0.52
-0.39213921392139206,0.5,0.48,0.52
-0.3918391839183918,0.5,0.48,0.52
-0.3915391539153915,0.5,0.48,0.52
-0.39123912391239124,0.5,0.48,0.52
-0.39093909390939086,0.5,0.48,0.52
-0.3906390639063906,0.5,0.48,0.52
-0.3903390339033903,0.5,0.48,0.52
-0.39003900390039004,0.5,0.48,0.52
-0.38973897389738965,0.5,0.48,0.52
-0.3894389438943894,0.5,0.48,0.52
-0.3891389138913891,0.5,0.48,0.52
-0.38883888388838883,0.5,0.48,0.52
-0.38853885388538845,0.5,0.48,0.52
-0.3882388238823882,0.5,0.48,0.52
-0.3879387938793879,0.5,0.48,0.52
-0.3876387638763876,0.5,0.48,0.52
-0.38733873387338724,0.5,0.48,0.52
-0.38703870387038697,0.5,0.48,0.52
-0.3867386738673867,0.5,0.48,0.52
-0.3864386438643864,0.5,0.48,0.52
-0.38613861386138604,0.5,0.48,0.52
-0.38583858385838576,0.5,0.48,0.52
-0.3855385538553855,0.5,0.48,0.52
-0.3852385238523852,0.5,0.48,0.52
-0.38493849384938494,0.5,0.48,0.52
-0.38463846384638456,0.5,0.48,0.52
-0.3843384338433843,0.5,0.48,0.52
-0.384038403840384,0.5,0.48,0.52
-0.38373837383738374,0.5,0.48,0.52
-0.38343834383438336,0.5,0.48,0.52
-0.3831383138313831,0.5,0.48,0.52
-0.3828382838283828,0.5,0.48,0.52
-0.38253825382538253,0.5,0.48,0.52
-0.38223822382238215,0.5,0.48,0.52
-0.3819381938193819,0.5,0.48,0.52
-0.3816381638163816,0.5,0.48,0.52
-0.38133813381338133,0.5,0.48,0.52
-0.38103810381038095,0.5,0.48,0.52
-0.3807380738073807,0.5,0.48,0.52
-0.3804380438043804,0.5,0.48,0.52
-0.3801380138013801,0.5,0.48,0.52
-0.37983798379837974,0.5,0.48,0.52
-0.37953795379537947,0.5,0.48,0.52
-0.3792379237923792,0.5,0.48,0.52
-0.3789378937893789,0.5,0.48,0.52
-0.37863786378637854,0.5,0.48,0.52
-0.37833783378337826,0.5,0.48,0.52
-0.378037803780378,0.5,0.48,0.52
-0.3777377737773777,0.5,0.48,0.52
-0.37743774377437744,0.5,0.48,0.52
-0.37713771377137706,0.5,0.48,0.52
-0.3768376837683768,0.5,0.48,0.52
-0.3765376537653765,0.5,0.48,0.52
-0.37623762376237624,0.5,0.48,0.52
-0.37593759375937585,0.5,0.48,0.52
-0.3756375637563756,0.5,0.48,0.52
-0.3753375337533753,0.5,0.48,0.52
-0.37503750375037503,0.5,0.48,0.52
-0.37473747374737465,0.5,0.48,0.52
-0.3744374437443744,0.5,0.48,0.52
-0.3741374137413741,0.5,0.48,0.52
-0.37383738373837383,0.5,0.48,0.52
-0.37353735373537345,0.5,0.48,0.52
-0.37323732373237317,0.5,0.48,0.52
-0.3729372937293729,0.5,0.48,0.52
-0.3726372637263726,0.5,0.48,0.52
-0.37233723372337224,0.5,0.48,0.52
-0.37203720372037197,0.5,0.48,0.52
-0.3717371737173717,0.5,0.48,0.52
-0.3714371437143714,0.5,0.48,0.52
-0.37113711371137104,0.5,0.48,0.52
-0.37083708370837076,0.5,0.48,0.52
-0.3705370537053705,0.5,0.48,0.52
-0.3702370237023702,0.5,0.48,0.52
-0.36993699369936994,0.5,0.48,0.52
-0.36963696369636956,0.5,0.48,0.52
-0.3693369336933693,0.5,0.48,0.52
-0.369036903690369,0.5,0.48,0.52
-0.36873687368736874,0.5,0.48,0.52
-0.36843684368436835,0.5,0.48,0.52
-0.3681368136813681,0.5,0.48,0.52
-0.3678367836783678,0.5,0.48,0.52
-0.36753675367536753,0.5,0.48,0.52
-0.36723672367236715,0.5,0.48,0.52
-0.3669366936693669,0.5,0.48,0.52
-0.3666366636663666,0.5,0.48,0.52
-0.36633663366336633,0.5,0.48,0.52
-0.36603660366036594,0.5,0.48,0.52
-0.36573657365736567,0.5,0.48,0.52
-0.3654365436543654,0.5,0.48,0.52
-0.3651365136513651,0.5,0.48,0.52
-0.36483648364836474,0.5,0.48,0.52
-0.36453645364536447,0.5,0.48,0.52
-0.3642364236423642,0.5,0.48,0.52
-0.3639363936393639,0.5,0.48,0.52
-0.36363636363636354,0.5,0.48,0.52
-0.36333633363336326,0.5,0.48,0.52
-0.363036303630363,0.5,0.48,0.52
-0.3627362736273627,0.5,0.48,0.52
-0.36243624362436244,0.5,0.48,0.52
-0.36213621362136206,0.5,0.48,0.52
-0.3618361836183618,0.5,0.48,0.52
-0.3615361536153615,0.5,0.48,0.52
-0.36123612361236124,0.5,0.48,0.52
-0.36093609360936085,0.5,0.48,0.52
-0.3606360636063606,0.5,0.48,0.52
-0.3603360336033603,0.5,0.48,0.52
-0.36003600360036003,0.5,0.48,0.52
-0.35973597359735965,0.5,0.48,0.52
-0.3594359435943594,0.5,0.48,0.52
-0.3591359135913591,0.5,0.48,0.52
-0.35883588358835883,0.5,0.48,0.52
-0.35853585358535844,0.5,0.48,0.52
-0.35823582358235817,0.5,0.48,0.52
-0.3579357935793579,0.5,0.48,0.52
-0.3576357635763576,0.5,0.48,0.52
-0.35733573357335724,0.5,0.48,0.52
-0.35703570357035697,0.5,0.48,0.52
-0.3567356735673567,0.5,0.48,0.52
-0.3564356435643564,0.5,0.48,0.52
-0.35613561356135603,0.5,0.48,0.52
-0.35583558355835576,0.5,0.48,0.52
-0.3555355535553555,0.5,0.48,0.52
-0.3552355235523552,0.5,0.48,0.52
-0.35493549354935483,0.5,0.48,0.52
-0.35463546354635456,0.5,0.48,0.52
-0.3543354335433543,0.5,0.48,0.52
-0.354035403540354,0.5,0.48,0.52
-0.35373537353735374,0.5,0.48,0.52
-0.35343534353435335,0.5,0.48,0.52
-0.3531353135313531,0.5,0.48,0.52
-0.3528352835283528,0.5,0.48,0.52
-0.35253525352535253,0.5,0.48,0.52
-0.35223522352235215,0.5,0.48,0.52
-0.3519351935193519,0.5,0.48,0.52
-0.3516351635163516,0.5,0.48,0.52
-0.3513351335133513,0.5,0.48,0.52
-0.35103510351035094,0.5,0.48,0.52
-0.35073507350735067,0.5,0.48,0.52
-0.3504350435043504,0.5,0.48,0.52
-0.3501350135013501,0.5,0.48,0.52
-0.34983498349834974,0.5,0.48,0.52
-0.34953495349534947,0.5,0.48,0.52
-0.3492349234923492,0.5,0.48,0.52
-0.3489348934893489,0.5,0.48,0.52
-0.34863486348634853,0.5,0.48,0.52
-0.34833483348334826,0.5,0.48,0.52
-0.348034803480348,0.5,0.48,0.52
-0.3477347734773477,0.5,0.48,0.52
-0.34743474347434733,0.5,0.48,0.52
-0.34713471347134706,0.5,0.48,0.52
-0.3468346834683468,0.5,0.48,0.52
-0.3465346534653465,0.5,0.48,0.52
-0.34623462346234624,0.5,0.48,0.52
-0.34593459345934585,0.5,0.48,0.52
-0.3456345634563456,0.5,0.48,0.52
-0.3453345334533453,0.5,0.48,0.52
-0.34503450345034503,0.5,0.48,0.52
-0.34473447344734465,0.5,0.48,0.52
-0.3444344434443444,0.5,0.48,0.52
-0.3441344134413441,0.5,0.48,0.52
-0.3438343834383438,0.5,0.48,0.52
-0.34353435343534344,0.5,0.48,0.52
-0.34323432343234317,0.5,0.48,0.52
-0.3429342934293429,0.5,0.48,0.52
-0.3426342634263426,0.5,0.48,0.52
-0.34233423342334224,0.5,0.48,0.52
-0.34203420342034196,0.5,0.48,0.52
-0.3417341734173417,0.5,0.48,0.52
-0.3414341434143414,0.5,0.48,0.52
-0.34113411341134103,0.5,0.48,0.52
-0.34083408340834076,0.5,0.48,0.52
-0.3405340534053405,0.5,0.48,0.52
-0.3402340234023402,0.5,0.48,0.52
-0.33993399339933983,0.5,0.48,0.52
-0.33963396339633956,0.5,0.48,0.52
-0.3393339333933393,0.5,0.48,0.52
-0.339033903390339,0.5,0.48,0.52
-0.33873387338733874,0.5,0.48,0.52
-0.33843384338433835,0.5,0.48,0.52
-0.3381338133813381,0.5,0.48,0.52
-0.3378337833783378,0.5,0.48,0.52
-0.33753375337533753,0.5,0.48,0.52
-0.33723372337233715,0.5,0.48,0.52
-0.3369336933693369,0.5,0.48,0.52
-0.3366336633663366,0.5,0.48,0.52
-0.3363336333633363,0.5,0.48,0.52
-0.33603360336033594,0.5,0.48,0.52
-0.33573357335733567,0.5,0.48,0.52
-0.3354335433543354,0.5,0.48,0.52
-0.3351335133513351,0.5,0.48,0.52
-0.33483348334833474,0.5,0.48,0.52
-0.33453345334533446,0.5,0.48,0.52
-0.3342334233423342,0.5,0.48,0.52
-0.3339333933393339,0.5,0.48,0.52
-0.33363336333633353,0.5,0.48,0.52
-0.33333333333333326,0.5,0.48,0.52
-0.333033303330333,0.5,0.48,0.52
-0.3327332733273327,0.5,0.48,0.52
-0.33243324332433233,0.5,0.48,0.52
-0.33213321332133205,0.5,0.48,0.52
-0.3318331833183318,0.5,0.48,0.52
-0.3315331533153315,0.5,0.48,0.52
-0.33123312331233123,0.5,0.48,0.52
-0.33093309330933085,0.5,0.48,0.52
-0.3306330633063306,0.5,0.48,0.52
-0.3303330333033303,0.5,0.48,0.52
-0.33003300330033003,0.5,0.48,0.52
-0.32973297329732965,0.5,0.48,0.52
-0.3294329432943294,0.5,0.48,0.52
-0.3291329132913291,0.5,0.48,0.52
-0.3288328832883288,0.5,0.48,0.52
-0.32853285328532844,0.5,0.48,0.52
-0.32823282328232817,0.5,0.48,0.52
-0.3279327932793279,0.5,0.48,0.52
-0.3276327632763276,0.5,0.48,0.52
-0.32733273327332724,0.5,0.48,0.52
-0.32703270327032696,0.5,0.48,0.52
-0.3267326732673267,0.5,0.48,0.52
-0.3264326432643264,0.5,0.48,0.52
-0.32613261326132603,0.5,0.48,0.52
-0.32583258325832576,0.5,0.48,0.52
-0.3255325532553255,0.5,0.48,0.52
-0.3252325232523252,0.5,0.48,0.52
-0.3249324932493248,0.5,0.48,0.52
-0.32463246324632455,0.5,0.48,0.52
-0.3243324332433243,0.5,0.48,0.52
-0.324032403240324,0.5,0.48,0.52
-0.32373237323732373,0.5,0.48,0.52
-0.32343234323432335,0.5,0.48,0.52
-0.3231323132313231,0.5,0.48,0.52
-0.3228322832283228,0.5,0.48,0.52
-0.32253225322532253,0.5,0.48,0.52
-0.32223222322232214,0.5,0.48,0.52
-0.32193219321932187,0.5,0.48,0.52
-0.3216321632163216,0.5,0.48,0.52
-0.3213321332133213,0.5,0.48,0.52
-0.32103210321032094,0.5,0.48,0.52
-0.32073207320732067,0.5,0.48,0.52
-0.3204320432043204,0.5,0.48,0.52
-0.3201320132013201,0.5,0.48,0.52
-0.31983198319831974,0.5,0.48,0.52
-0.31953195319531946,0.5,0.48,0.52
-0.3192319231923192,0.5,0.48,0.52
-0.3189318931893189,0.5,0.48,0.52
-0.31863186318631853,0.5,0.48,0.52
-0.31833183318331826,0.5,0.48,0.52
-0.318031803180318,0.5,0.48,0.52
-0.3177317731773177,0.5,0.48,0.52
-0.3174317431743173,0.5,0.48,0.52
-0.31713171317131705,0.5,0.48,0.52
-0.3168316831683168,0.5,0.48,0.52
-0.3165316531653165,0.5,0.48,0.52
-0.31623162316231623,0.5,0.48,0.52
-0.31593159315931585,0.5,0.48,0.52
-0.3156315631563156,0.5,0.48,0.52
-0.3153315331533153,0.5,0.48,0.52
-0.31503150315031503,0.5,0.48,0.52
-0.31473147314731464,0.5,0.48,0.52
-0.31443144314431437,0.5,0.48,0.52
-0.3141314131413141,0.5,0.48,0.52
-0.3138313831383138,0.5,0.48,0.52
-0.31353135313531344,0.5,0.48,0.52
-0.31323132313231317,0.5,0.48,0.52
-0.3129312931293129,0.5,0.48,0.52
-0.3126312631263126,0.5,0.48,0.52
-0.31233123312331224,0.5,0.48,0.52
-0.31203120312031196,0.5,0.48,0.52
-0.3117311731173117,0.5,0.48,0.52
-0.3114311431143114,0.5,0.48,0.52
-0.31113111311131103,0.5,0.48,0.52
-0.31083108310831076,0.5,0.48,0.52
-0.3105310531053105,0.5,0.48,0.52
-0.3102310231023102,0.5,0.48,0.52
-0.3099309930993098,0.5,0.48,0.52
-0.30963096309630955,0.5,0.48,0.52
-0.3093309330933093,0.5,0.48,0.52
-0.309030903090309,0.5,0.48,0.52
-0.3087308730873086,0.5,0.48,0.52
-0.30843084308430835,0.5,0.48,0.52
-0.3081308130813081,0.5,0.48,0.52
-0.3078307830783078,0.5,0.48,0.52
-0.30753075307530753,0.5,0.48,0.52
-0.30723072307230714,0.5,0.48,0.52
-0.30693069306930687,0.5,0.48,0.52
-0.3066306630663066,0.5,0.48,0.52
-0.3063306330633063,0.5,0.48,0.52
-0.30603060306030594,0.5,0.48,0.52
-0.30573057305730567,0.5,0.48,0.52
-0.3054305430543054,0.5,0.48,0.52
-0.3051305130513051,0.5,0.48,0.52
-0.30483048304830473,0.5,0.48,0.52
-0.30453045304530446,0.5,0.48,0.52
-0.3042304230423042,0.5,0.48,0.52
-0.3039303930393039,0.5,0.48,0.52
-0.30363036303630353,0.5,0.48,0.52
-0.30333033303330326,0.5,0.48,0.52
-0.303030303030303,0.5,0.48,0.52
-0.3027302730273027,0.5,0.48,0.52
-0.3024302430243023,0.5,0.48,0.52
-0.30213021302130205,0.5,0.48,0.52
-0.3018301830183018,0.5,0.48,0.52
-0.3015301530153015,0.5,0.48,0.52
-0.3012301230123011,0.5,0.48,0.52
-0.30093009300930085,0.5,0.48,0.52
-0.3006300630063006,0.5,0.48,0.52
-0.3003300330033003,0.5,0.48,0.52
-0.3000300030003,0.5,0.48,0.52
-0.29972997299729964,0.5,0.48,0.52
-0.29942994299429937,0.5,0.48,0.52
-0.2991299129912991,0.5,0.48,0.52
-0.2988298829882988,0.5,0.48,0.52
-0.29852985298529844,0.5,0.48,0.52
-0.29822982298229817,0.5,0.48,0.52
-0.2979297929792979,0.5,0.48,0.52
-0.2976297629762976,0.5,0.48,0.52
-0.29732973297329723,0.5,0.48,0.52
-0.29702970297029696,0.5,0.48,0.52
-0.2967296729672967,0.5,0.48,0.52
-0.2964296429642964,0.5,0.48,0.52
-0.29612961296129603,0.5,0.48,0.52
-0.29582958295829576,0.5,0.48,0.52
-0.2955295529552955,0.5,0.48,0.52
-0.2952295229522952,0.5,0.48,0.52
-0.2949294929492948,0.5,0.48,0.52
-0.29462946294629455,0.5,0.48,0.52
-0.2943294329432943,0.5,0.48,0.52
-0.294029402940294,0.5,0.48,0.52
-0.2937293729372936,0.5,0.48,0.52
-0.29342934293429335,0.5,0.48,0.52
-0.2931293129312931,0.5,0.48,0.52
-0.2928292829282928,0.5,0.48,0.52
-0.2925292529252925,0.5,0.48,0.52
-0.29222922292229214,0.5,0.48,0.52
-0.29192919291929187,0.5,0.48,0.52
-0.2916291629162916,0.5,0.48,0.52
-0.2913291329132913,0.5,0.48,0.52
-0.29102910291029094,0.5,0.48,0.52
-0.29072907290729066,0.5,0.48,0.52
-0.2904290429042904,0.5,0.48,0.52
-0.2901290129012901,0.5,0.48,0.52
-0.28982898289828973,0.5,0.48,0.52
-0.28952895289528946,0.5,0.48,0.52
-0.2892289228922892,0.5,0.48,0.52
-0.2889288928892889,0.5,0.48,0.52
-0.28862886288628853,0.5,0.48,0.52
-0.28832883288328826,0.5,0.48,0.52
-0.288028802880288,0.5,0.48,0.52
-0.2877287728772877,0.5,0.48,0.52
-0.2874287428742873,0.5,0.48,0.52
-0.28712871287128705,0.5,0.48,0.52
-0.2868286828682868,0.5,0.48,0.52
-0.2865286528652865,0.5,0.48,0.52
-0.2862286228622861,0.5,0.48,0.52
-0.28592859285928585,0.5,0.48,0.52
-0.2856285628562856,0.5,0.48,0.52
-0.2853285328532853,0.5,0.48,0.52
-0.285028502850285,0.5,0.48,0.52
-0.28472847284728464,0.5,0.48,0.52
-0.28442844284428437,0.5,0.48,0.52
-0.2841284128412841,0.5,0.48,0.52
-0.2838283828382838,0.5,0.48,0.52
-0.28352835283528344,0.5,0.48,0.52
-0.28322832283228316,0.5,0.48,0.52
-0.2829282928292829,0.5,0.48,0.52
-0.2826282628262826,0.5,0.48,0.52
-0.28232823282328223,0.5,0.48,0.52
-0.28202820282028196,0.5,0.48,0.52
-0.2817281728172817,0.5,0.48,0.52
-0.2814281428142814,0.5,0.48,0.52
-0.28112811281128103,0.5,0.48,0.52
-0.28082808280828075,0.5,0.48,0.52
-0.2805280528052805,0.5,0.48,0.52
-0.2802280228022802,0.5,0.48,0.52
-0.2799279927992798,0.5,0.48,0.52
-0.27962796279627955,0.5,0.48,0.52
-0.2793279327932793,0.5,0.48,0.52
-0.279027902790279,0.5,0.48,0.52
-0.2787278727872786,0.5,0.48,0.52
-0.27842784278427835,0.5,0.48,0.52
-0.27812781278127807,0.5,0.48,0.52
-0.2778277827782778,0.5,0.48,0.52
-0.2775277527752775,0.5,0.48,0.52
-0.27722772277227714,0.5,0.48,0.52
-0.27692769276927687,0.5,0.48,0.52
-0.2766276627662766,0.5,0.48,0.52
-0.2763276327632763,0.5,0.48,0.52
-0.27602760276027594,0.5,0.48,0.52
-0.27572757275727566,0.5,0.48,0.52
-0.2754275427542754,0.5,0.48,0.52
-0.2751275127512751,0.5,0.48,0.52
-0.27482748274827473,0.5,0.48,0.52
-0.27452745274527446,0.5,0.48,0.52
-0.2742274227422742,0.5,0.48,0.52
-0.2739273927392739,0.5,0.48,0.52
-0.2736273627362735,0.5,0.48,0.52
-0.27332733273327325,0.5,0.48,0.52
-0.273027302730273,0.5,0.48,0.52
-0.2727272727272727,0.5,0.48,0.52
-0.2724272427242723,0.5,0.48,0.52
-0.27212721272127205,0.5,0.48,0.52
-0.2718271827182718,0.5,0.48,0.52
-0.2715271527152715,0.5,0.48,0.52
-0.2712271227122711,0.5,0.48,0.52
-0.27092709270927084,0.5,0.48,0.52
-0.27062706270627057,0.5,0.48,0.52
-0.2703270327032703,0.5,0.48,0.52
-0.27002700270027,0.5,0.48,0.52
-0.26972697269726964,0.5,0.48,0.52
-0.26942694269426937,0.5,0.48,0.52
-0.2691269126912691,0.5,0.48,0.52
-0.2688268826882688,0.5,0.48,0.52
-0.26852685268526844,0.5,0.48,0.52
-0.26822682268226816,0.5,0.48,0.52
-0.2679267926792679,0.5,0.48,0.52
-0.2676267626762676,0.5,0.48,0.52
-0.26732673267326723,0.5,0.48,0.52
-0.26702670267026696,0.5,0.48,0.52
-0.2667266726672667,0.5,0.48,0.52
-0.2664266426642664,0.5,0.48,0.52
-0.266126612661266,0.5,0.48,0.52
-0.26582658265826575,0.5,0.48,0.52
-0.2655265526552655,0.5,0.48,0.52
-0.2652265226522652,0.5,0.48,0.52
-0.2649264926492648,0.5,0.48,0.52
-0.26462646264626455,0.5,0.48,0.52
-0.2643264326432643,0.5,0.48,0.52
-0.264026402640264,0.5,0.48,0.52
-0.2637263726372636,0.5,0.48,0.52
-0.26342634263426334,0.5,0.48,0.52
-0.26312631263126307,0.5,0.48,0.52
-0.2628262826282628,0.5,0.48,0.52
-0.2625262526252625,0.5,0.48,0.52
-0.26222622262226214,0.5,0.48,0.52
-0.26192619261926187,0.5,0.48,0.52
-0.2616261626162616,0.5,0.48,0.52
-0.2613261326132613,0.5,0.48,0.52
-0.26102610261026093,0.5,0.48,0.52
-0.26072607260726066,0.5,0.48,0.52
-0.2604260426042604,0.5,0.48,0.52
-0.2601260126012601,0.5,0.48,0.52
-0.25982598259825973,0.5,0.48,0.52
-0.25952595259525946,0.5,0.48,0.52
-0.2592259225922592,0.5,0.48,0.52
-0.2589258925892589,0.5,0.48,0.52
-0.2586258625862585,0.5,0.48,0.52
-0.25832583258325825,0.5,0.48,0.52
-0.258025802580258,0.5,0.48,0.52
-0.2577257725772577,0.5,0.48,0.52
-0.2574257425742573,0.5,0.48,0.52
-0.25712571257125705,0.5,0.48,0.52
-0.2568256825682568,0.5,0.48,0.52
-0.2565256525652565,0.5,0.48,0.52
-0.2562256225622561,0.5,0.48,0.52
-0.25592559255925584,0.5,0.48,0.52
-0.25562556255625557,0.5,0.48,0.52
-0.2553255325532553,0.5,0.48,0.52
-0.2550255025502549,0.5,0.48,0.52
-0.25472547254725464,0.5,0.48,0.52
-0.25442544254425437,0.5,0.48,0.52
-0.2541254125412541,0.5,0.48,0.52
-0.2538253825382538,0.5,0.48,0.52
-0.25352535253525343,0.5,0.48,0.52
-0.25322532253225316,0.5,0.48,0.52
-0.2529252925292529,0.5,0.48,0.52
-0.2526252625262526,0.5,0.48,0.52
-0.25232523252325223,0.5,0.48,0.52
-0.25202520252025196,0.5,0.48,0.52
-0.2517251725172517,0.5,0.48,0.52
-0.2514251425142514,0.5,0.48,0.52
-0.251125112511251,0.5,0.48,0.52
-0.25082508250825075,0.5,0.48,0.52
-0.2505250525052505,0.5,0.48,0.52
-0.2502250225022502,0.5,0.48,0.52
-0.24992499249924982,0.5,0.48,0.52
-0.24962496249624955,0.5,0.48,0.52
-0.24932493249324927,0.5,0.48,0.52
-0.249024902490249,0.5,0.48,0.52
-0.24872487248724862,0.5,0.48,0.52
-0.24842484248424834,0.5,0.48,0.52
-0.24812481248124807,0.5,0.48,0.52
-0.2478247824782478,0.5,0.48,0.52
-0.2475247524752474,0.5,0.48,0.52
-0.24722472247224714,0.5,0.48,0.52
-0.24692469246924686,0.5,0.48,0.52
-0.2466246624662466,0.5,0.48,0.52
-0.24632463246324632,0.5,0.48,0.52
-0.24602460246024593,0.5,0.48,0.52
-0.24572457245724566,0.5,0.48,0.52
-0.2454245424542454,0.5,0.48,0.52
-0.2451245124512451,0.5,0.48,0.52
-0.24482448244824473,0.5,0.48,0.52
-0.24452445244524446,0.5,0.48,0.52
-0.24422442244224418,0.5,0.48,0.52
-0.2439243924392439,0.5,0.48,0.52
-0.24362436243624352,0.5,0.48,0.52
-0.24332433243324325,0.5,0.48,0.52
-0.24302430243024298,0.5,0.48,0.52
-0.2427242724272427,0.5,0.48,0.52
-0.24242424242424232,0.5,0.48,0.52
-0.24212421242124205,0.5,0.48,0.52
-0.24182418241824177,0.5,0.48,0.52
-0.2415241524152415,0.5,0.48,0.52
-0.24122412241224112,0.5,0.48,0.52
-0.24092409240924084,0.5,0.48,0.52
-0.24062406240624057,0.5,0.48,0.52
-0.2403240324032403,0.5,0.48,0.52
-0.2400240024002399,0.5,0.48,0.52
-0.23972397239723964,0.5,0.48,0.52
-0.23942394239423936,0.5,0.48,0.52
-0.2391239123912391,0.5,0.48,0.52
-0.23882388238823882,0.5,0.48,0.52
-0.23852385238523843,0.5,0.48,0.52
-0.23822382238223816,0.5,0.48,0.52
-0.2379237923792379,0.5,0.48,0.52
-0.2376237623762376,0.5,0.48,0.52
-0.23732373237323723,0.5,0.48,0.52
-0.23702370237023695,0.5,0.48,0.52
-0.23672367236723668,0.5,0.48,0.52
-0.2364236423642364,0.5,0.48,0.52
-0.23612361236123602,0.5,0.48,0.52
-0.23582358235823575,0.5,0.48,0.52
-0.23552355235523548,0.5,0.48,0.52
-0.2352235223522352,0.5,0.48,0.52
-0.23492349234923482,0.5,0.48,0.52
-0.23462346234623455,0.5,0.48,0.52
-0.23432343234323427,0.5,0.48,0.52
-0.234023402340234,0.5,0.48,0.52
-0.23372337233723361,0.5,0.48,0.52
-0.23342334233423334,0.5,0.48,0.52
-0.23312331233123307,0.5,0.48,0.52
-0.2328232823282328,0.5,0.48,0.52
-0.2325232523252324,0.5,0.48,0.52
-0.23222322232223214,0.5,0.48,0.52
-0.23192319231923186,0.5,0.48,0.52
-0.2316231623162316,0.5,0.48,0.52
-0.23132313231323132,0.5,0.48,0.52
-0.23102310231023093,0.5,0.48,0.52
-0.23072307230723066,0.5,0.48,0.52
-0.23042304230423039,0.5,0.48,0.52
-0.2301230123012301,0.5,0.48,0.52
-0.22982298229822973,0.5,0.48,0.52
-0.22952295229522945,0.5,0.48,0.52
-0.22922292229222918,0.5,0.48,0.52
-0.2289228922892289,0.5,0.48,0.52
-0.22862286228622852,0.5,0.48,0.52
-0.22832283228322825,0.5,0.48,0.52
-0.22802280228022798,0.5,0.48,0.52
-0.2277227722772277,0.5,0.48,0.52
-0.22742274227422732,0.5,0.48,0.52
-0.22712271227122705,0.5,0.48,0.52
-0.22682268226822677,0.5,0.48,0.52
-0.2265226522652265,0.5,0.48,0.52
-0.22622262226222611,0.5,0.48,0.52
-0.22592259225922584,0.5,0.48,0.52
-0.22562256225622557,0.5,0.48,0.52
-0.2253225322532253,0.5,0.48,0.52
-0.2250225022502249,0.5,0.48,0.52
-0.22472247224722464,0.5,0.48,0.52
-0.22442244224422436,0.5,0.48,0.52
-0.2241224122412241,0.5,0.48,0.52
-0.22382238223822382,0.5,0.48,0.52
-0.22352235223522343,0.5,0.48,0.52
-0.22322232223222316,0.5,0.48,0.52
-0.22292229222922288,0.5,0.48,0.52
-0.2226222622262226,0.5,0.48,0.52
-0.22232223222322223,0.5,0.48,0.52
-0.22202220222022195,0.5,0.48,0.52
-0.22172217221722168,0.5,0.48,0.52
-0.2214221422142214,0.5,0.48,0.52
-0.22112211221122102,0.5,0.48,0.52
-0.22082208220822075,0.5,0.48,0.52
-0.22052205220522048,0.5,0.48,0.52
-0.2202220222022202,0.5,0.48,0.52
-0.21992199219921982,0.5,0.48,0.52
-0.21962196219621954,0.5,0.48,0.52
-0.21932193219321927,0.5,0.48,0.52
-0.219021902190219,0.5,0.48,0.52
-0.2187218721872186,0.5,0.48,0.52
-0.21842184218421834,0.5,0.48,0.52
-0.21812181218121807,0.5,0.48,0.52
-0.2178217821782178,0.5,0.48,0.52
-0.2175217521752174,0.5,0.48,0.52
-0.21722172217221714,0.5,0.48,0.52
-0.21692169216921686,0.5,0.48,0.52
-0.2166216621662166,0.5,0.48,0.52
-0.21632163216321632,0.5,0.48,0.52
-0.21602160216021593,0.5,0.48,0.52
-0.21572157215721566,0.5,0.48,0.52
-0.21542154215421538,0.5,0.48,0.52
-0.2151215121512151,0.5,0.48,0.52
-0.21482148214821473,0.5,0.48,0.52
-0.21452145214521445,0.5,0.48,0.52
-0.21422142214221418,0.5,0.48,0.52
-0.2139213921392139,0.5,0.48,0.52
-0.21362136213621352,0.5,0.48,0.52
-0.21332133213321325,0.5,0.48,0.52
-0.21302130213021298,0.5,0.48,0.52
-0.2127212721272127,0.5,0.48,0.52
-0.21242124212421232,0.5,0.48,0.52
-0.21212121212121204,0.5,0.48,0.52
-0.21182118211821177,0.5,0.48,0.52
-0.2115211521152115,0.5,0.48,0.52
-0.2112211221122111,0.5,0.48,0.52
-0.21092109210921084,0.5,0.48,0.52
-0.21062106210621057,0.5,0.48,0.52
-0.2103210321032103,0.5,0.48,0.52
-0.2100210021002099,0.5,0.48,0.52
-0.20972097209720963,0.5,0.48,0.52
-0.20942094209420936,0.5,0.48,0.52
-0.2091209120912091,0.5,0.48,0.52
-0.20882088208820881,0.5,0.48,0.52
-0.20852085208520843,0.5,0.48,0.52
-0.20822082208220816,0.5,0.48,0.52
-0.20792079207920788,0.5,0.48,0.52
-0.2076207620762076,0.5,0.48,0.52
-0.20732073207320723,0.5,0.48,0.52
-0.20702070207020695,0.5,0.48,0.52
-0.20672067206720668,0.5,0.48,0.52
-0.2064206420642064,0.5,0.48,0.52
-0.20612061206120602,0.5,0.48,0.52
-0.20582058205820575,0.5,0.48,0.52
-0.20552055205520547,0.5,0.48,0.52
-0.2052205220522052,0.5,0.48,0.52
-0.20492049204920482,0.5,0.48,0.52
-0.20462046204620454,0.5,0.48,0.52
-0.20432043204320427,0.5,0.48,0.52
-0.204020402040204,0.5,0.48,0.52
-0.2037203720372036,0.5,0.48,0.52
-0.20342034203420334,0.5,0.48,0.52
-0.20312031203120307,0.5,0.48,0.52
-0.2028202820282028,0.5,0.48,0.52
-0.2025202520252024,0.5,0.48,0.52
-0.20222022202220213,0.5,0.48,0.52
-0.20192019201920186,0.5,0.48,0.52
-0.2016201620162016,0.5,0.48,0.52
-0.2013201320132012,0.5,0.48,0.52
-0.20102010201020093,0.5,0.48,0.52
-0.20072007200720066,0.5,0.48,0.52
-0.20042004200420038,0.5,0.48,0.52
-0.2001200120012001,0.5,0.48,0.52
-0.19981998199819972,0.5,0.48,0.52
-0.19951995199519945,0.5,0.48,0.52
-0.19921992199219918,0.5,0.48,0.52
-0.1989198919891989,0.5,0.48,0.52
-0.19861986198619852,0.5,0.48,0.52
-0.19831983198319825,0.5,0.48,0.52
-0.19801980198019797,0.5,0.48,0.52
-0.1977197719771977,0.5,0.48,0.52
-0.19741974197419732,0.5,0.48,0.52
-0.19711971197119704,0.5,0.48,0.52
-0.19681968196819677,0.5,0.48,0.52
-0.1965196519651965,0.5,0.48,0.52
-0.1962196219621961,0.5,0.48,0.52
-0.19591959195919584,0.5,0.48,0.52
-0.19561956195619556,0.5,0.48,0.52
-0.1953195319531953,0.5,0.48,0.52
-0.1950195019501949,0.5,0.48,0.52
-0.19471947194719463,0.5,0.48,0.52
-0.19441944194419436,0.5,0.48,0.52
-0.1941194119411941,0.5,0.48,0.52
-0.1938193819381937,0.5,0.48,0.52
-0.19351935193519343,0.5,0.48,0.52
-0.19321932193219316,0.5,0.48,0.52
-0.19291929192919288,0.5,0.48,0.52
-0.1926192619261926,0.5,0.48,0.52
-0.19231923192319222,0.5,0.48,0.52
-0.19201920192019195,0.5,0.48,0.52
-0.19171917191719168,0.5,0.48,0.52
-0.1914191419141914,0.5,0.48,0.52
-0.19111911191119102,0.5,0.48,0.52
-0.19081908190819075,0.5,0.48,0.52
-0.19051905190519047,0.5,0.48,0.52
-0.1902190219021902,0.5,0.48,0.52
-0.18991899189918982,0.5,0.48,0.52
-0.18961896189618954,0.5,0.48,0.52
-0.18931893189318927,0.5,0.48,0.52
-0.189018901890189,0.5,0.48,0.52
-0.1887188718871886,0.5,0.48,0.52
-0.18841884188418834,0.5,0.48,0.52
-0.18811881188118806,0.5,0.48,0.52
-0.1878187818781878,0.5,0.48,0.52
-0.1875187518751874,0.5,0.48,0.52
-0.18721872187218713,0.5,0.48,0.52
-0.18691869186918686,0.5,0.48,0.52
-0.18661866186618659,0.5,0.48,0.52
-0.1863186318631862,0.5,0.48,0.52
-0.18601860186018593,0.5,0.48,0.52
-0.18571857185718565,0.5,0.48,0.52
-0.18541854185418538,0.5,0.48,0.52
-0.1851185118511851,0.5,0.48,0.52
-0.18481848184818472,0.5,0.48,0.52
-0.18451845184518445,0.5,0.48,0.52
-0.18421842184218418,0.5,0.48,0.52
-0.1839183918391839,0.5,0.48,0.52
-0.18361836183618352,0.5,0.48,0.52
-0.18331833183318325,0.5,0.48,0.52
-0.18301830183018297,0.5,0.48,0.52
-0.1827182718271827,0.5,0.48,0.52
-0.18241824182418231,0.5,0.48,0.52
-0.18211821182118204,0.5,0.48,0.52
-0.18181818181818177,0.5,0.48,0.52
-0.1815181518151815,0.5,0.48,0.52
-0.1812181218121811,0.5,0.48,0.52
-0.18091809180918084,0.5,0.48,0.52
-0.18061806180618056,0.5,0.48,0.52
-0.1803180318031803,0.5,0.48,0.52
-0.1800180018001799,0.5,0.48,0.52
-0.17971797179717963,0.5,0.48,0.52
-0.17941794179417936,0.5,0.48,0.52
-0.17911791179117909,0.5,0.48,0.52
-0.1788178817881787,0.5,0.48,0.52
-0.17851785178517843,0.5,0.48,0.52
-0.17821782178217815,0.5,0.48,0.52
-0.17791779177917788,0.5,0.48,0.52
-0.1776177617761776,0.5,0.48,0.52
-0.17731773177317722,0.5,0.48,0.52
-0.17701770177017695,0.5,0.48,0.52
-0.17671767176717668,0.5,0.48,0.52
-0.1764176417641764,0.5,0.48,0.52
-0.17611761176117602,0.5,0.48,0.52
-0.17581758175817574,0.5,0.48,0.52
-0.17551755175517547,0.5,0.48,0.52
-0.1752175217521752,0.5,0.48,0.52
-0.1749174917491748,0.5,0.48,0.52
-0.17461746174617454,0.5,0.48,0.52
-0.17431743174317427,0.5,0.48,0.52
-0.174017401740174,0.5,0.48,0.52
-0.1737173717371736,0.5,0.48,0.52
-0.17341734173417334,0.5,0.48,0.52
-0.17311731173117306,0.5,0.48,0.52
-0.1728172817281728,0.5,0.48,0.52
-0.1725172517251724,0.5,0.48,0.52
-0.17221722172217213,0.5,0.48,0.52
-0.17191719171917186,0.5,0.48,0.52
-0.17161716171617158,0.5,0.48,0.52
-0.1713171317131712,0.5,0.48,0.52
-0.17101710171017093,0.5,0.48,0.52
-0.17071707170717065,0.5,0.48,0.52
-0.17041704170417038,0.5,0.48,0.52
-0.1701170117011701,0.5,0.48,0.52
-0.16981698169816972,0.5,0.48,0.52
-0.16951695169516945,0.5,0.48,0.52
-0.16921692169216918,0.5,0.48,0.52
-0.1689168916891689,0.5,0.48,0.52
-0.16861686168616852,0.5,0.48,0.52
-0.16831683168316824,0.5,0.48,0.52
-0.16801680168016797,0.5,0.48,0.52
-0.1677167716771677,0.5,0.48,0.52
-0.1674167416741673,0.5,0.48,0.52
-0.16711671167116704,0.5,0.48,0.52
-0.16681668166816677,0.5,0.48,0.52
-0.1665166516651665,0.5,0.48,0.52
-0.1662166216621661,0.5,0.48,0.52
-0.16591659165916584,0.5,0.48,0.52
-0.16561656165616556,0.5,0.48,0.52
-0.1653165316531653,0.5,0.48,0.52
-0.1650165016501649,0.5,0.48,0.52
-0.16471647164716463,0.5,0.48,0.52
-0.16441644164416436,0.5,0.48,0.52
-0.16411641164116408,0.5,0.48,0.52
-0.1638163816381637,0.5,0.48,0.52
-0.16351635163516343,0.5,0.48,0.52
-0.16321632163216315,0.5,0.48,0.52
-0.16291629162916288,0.5,0.48,0.52
-0.1626162616261626,0.5,0.48,0.52
-0.16231623162316222,0.5,0.48,0.52
-0.16201620162016195,0.5,0.48,0.52
-0.16171617161716167,0.5,0.48,0.52
-0.1614161416141614,0.5,0.48,0.52
-0.16111611161116102,0.5,0.48,0.52
-0.16081608160816074,0.5,0.48,0.52
-0.16051605160516047,0.5,0.48,0.52
-0.1602160216021602,0.5,0.48,0.52
-0.1599159915991598,0.5,0.48,0.52
-0.15961596159615954,0.5,0.48,0.52
-0.15931593159315927,0.5,0.48,0.52
-0.159015901590159,0.5,0.48,0.52
-0.1587158715871586,0.5,0.48,0.52
-0.15841584158415833,0.5,0.48,0.52
-0.15811581158115806,0.5,0.48,0.52
-0.1578157815781578,0.5,0.48,0.52
-0.1575157515751574,0.5,0.48,0.52
-0.15721572157215713,0.5,0.48,0.52
-0.15691569156915686,0.5,0.48,0.52
-0.15661566156615658,0.5,0.48,0.52
-0.1563156315631562,0.5,0.48,0.52
-0.15601560156015593,0.5,0.48,0.52
-0.15571557155715565,0.5,0.48,0.52
-0.15541554155415538,0.5,0.48,0.52
-0.1551155115511551,0.5,0.48,0.52
-0.15481548154815472,0.5,0.48,0.52
-0.15451545154515445,0.5,0.48,0.52
-0.15421542154215417,0.5,0.48,0.52
-0.1539153915391539,0.5,0.48,0.52
-0.15361536153615352,0.5,0.48,0.52
-0.15331533153315324,0.5,0.48,0.52
-0.15301530153015297,0.5,0.48,0.52
-0.1527152715271527,0.5,0.48,0.52
-0.1524152415241523,0.5,0.48,0.52
-0.15211521152115204,0.5,0.48,0.52
-0.15181518151815176,0.5,0.48,0.52
-0.1515151515151515,0.5,0.48,0.52
-0.1512151215121511,0.5,0.48,0.52
-0.15091509150915083,0.5,0.48,0.52
-0.15061506150615056,0.5,0.48,0.52
-0.1503150315031503,0.5,0.48,0.52
-0.1500150015001499,0.5,0.48,0.52
-0.14971497149714963,0.5,0.48,0.52
-0.14941494149414936,0.5,0.48,0.52
-0.14911491149114908,0.5,0.48,0.52
-0.1488148814881487,0.5,0.48,0.52
-0.14851485148514842,0.5,0.48,0.52
-0.14821482148214815,0.5,0.48,0.52
-0.14791479147914788,0.5,0.48,0.52
-0.1476147614761475,0.5,0.48,0.52
-0.14731473147314722,0.5,0.48,0.52
-0.14701470147014695,0.5,0.48,0.52
-0.14671467146714667,0.5,0.48,0.52
-0.1464146414641464,0.5,0.48,0.52
-0.14611461146114602,0.5,0.48,0.52
-0.14581458145814574,0.5,0.48,0.52
-0.14551455145514547,0.5,0.48,0.52
-0.1452145214521452,0.5,0.48,0.52
-0.1449144914491448,0.5,0.48,0.52
-0.14461446144614454,0.5,0.48,0.52
-0.14431443144314426,0.5,0.48,0.52
-0.144014401440144,0.5,0.48,0.52
-0.1437143714371436,0.5,0.48,0.52
-0.14341434143414333,0.5,0.48,0.52
-0.14311431143114306,0.5,0.48,0.52
-0.1428142814281428,0.5,0.48,0.52
-0.1425142514251424,0.5,0.48,0.52
-0.14221422142214213,0.5,0.48,0.52
-0.14191419141914186,0.5,0.48,0.52
-0.14161416141614158,0.5,0.48,0.52
-0.1413141314131412,0.5,0.48,0.52
-0.14101410141014092,0.5,0.48,0.52
-0.14071407140714065,0.5,0.48,0.52
-0.14041404140414038,0.5,0.48,0.52
-0.14011401140114,0.5,0.48,0.52
-0.13981398139813972,0.5,0.48,0.52
-0.13951395139513945,0.5,0.48,0.52
-0.13921392139213917,0.5,0.48,0.52
-0.1389138913891389,0.5,0.48,0.52
-0.13861386138613851,0.5,0.48,0.52
-0.13831383138313824,0.5,0.48,0.52
-0.13801380138013797,0.5,0.48,0.52
-0.1377137713771377,0.5,0.48,0.52
-0.1374137413741373,0.5,0.48,0.52
-0.13711371137113704,0.5,0.48,0.52
-0.13681368136813676,0.5,0.48,0.52
-0.1365136513651365,0.5,0.48,0.52
-0.1362136213621361,0.5,0.48,0.52
-0.13591359135913583,0.5,0.48,0.52
-0.13561356135613556,0.5,0.48,0.52
-0.13531353135313529,0.5,0.48,0.52
-0.1350135013501349,0.5,0.48,0.52
-0.13471347134713463,0.5,0.48,0.52
-0.13441344134413435,0.5,0.48,0.52
-0.13411341134113408,0.5,0.48,0.52
-0.1338133813381337,0.5,0.48,0.52
-0.13351335133513342,0.5,0.48,0.52
-0.13321332133213315,0.5,0.48,0.52
-0.13291329132913288,0.5,0.48,0.52
-0.1326132613261325,0.5,0.48,0.52
-0.13231323132313222,0.5,0.48,0.52
-0.13201320132013195,0.5,0.48,0.52
-0.13171317131713167,0.5,0.48,0.52
-0.1314131413141314,0.5,0.48,0.52
-0.13111311131113101,0.5,0.48,0.52
-0.13081308130813074,0.5,0.48,0.52
-0.13051305130513047,0.5,0.48,0.52
-0.1302130213021302,0.5,0.48,0.52
-0.1299129912991298,0.5,0.48,0.52
-0.12961296129612954,0.5,0.48,0.52
-0.12931293129312926,0.5,0.48,0.52
-0.129012901290129,0.5,0.48,0.52
-0.1287128712871286,0.5,0.48,0.52
-0.12841284128412833,0.5,0.48,0.52
-0.12811281128112806,0.5,0.48,0.52
-0.12781278127812779,0.5,0.48,0.52
-0.1275127512751274,0.5,0.48,0.52
-0.12721272127212713,0.5,0.48,0.52
-0.12691269126912685,0.5,0.48,0.52
-0.12661266126612658,0.5,0.48,0.52
-0.1263126312631262,0.5,0.48,0.52
-0.12601260126012592,0.5,0.48,0.52
-0.12571257125712565,0.5,0.48,0.52
-0.12541254125412538,0.5,0.48,0.52
-0.125112511251125,0.5,0.48,0.52
-0.12481248124812472,0.5,0.48,0.52
-0.12451245124512444,0.5,0.48,0.52
-0.12421242124212417,0.5,0.48,0.52
-0.1239123912391239,0.5,0.48,0.52
-0.12361236123612351,0.5,0.48,0.52
-0.12331233123312324,0.5,0.48,0.52
-0.12301230123012297,0.5,0.48,0.52
-0.1227122712271227,0.5,0.48,0.52
-0.12241224122412231,0.5,0.48,0.52
-0.12211221122112204,0.5,0.48,0.52
-0.12181218121812176,0.5,0.48,0.52
-0.12151215121512149,0.5,0.48,0.52
-0.1212121212121211,0.5,0.48,0.52
-0.12091209120912083,0.5,0.48,0.52
-0.12061206120612056,0.5,0.48,0.52
-0.12031203120312028,0.5,0.48,0.52
-0.1200120012001199,0.5,0.48,0.52
-0.11971197119711963,0.5,0.48,0.52
-0.11941194119411935,0.5,0.48,0.52
-0.11911191119111908,0.5,0.48,0.52
-0.1188118811881187,0.5,0.48,0.52
-0.11851185118511842,0.5,0.48,0.52
-0.11821182118211815,0.5,0.48,0.52
-0.11791179117911788,0.5,0.48,0.52
-0.11761176117611749,0.5,0.48,0.52
-0.11731173117311722,0.5,0.48,0.52
-0.11701170117011694,0.5,0.48,0.52
-0.11671167116711667,0.5,0.48,0.52
-0.1164116411641164,0.5,0.48,0.52
-0.11611161116111601,0.5,0.48,0.52
-0.11581158115811574,0.5,0.48,0.52
-0.11551155115511547,0.5,0.48,0.52
-0.11521152115211519,0.5,0.48,0.52
-0.11491149114911481,0.5,0.48,0.52
-0.11461146114611453,0.5,0.48,0.52
-0.11431143114311426,0.5,0.48,0.52
-0.11401140114011399,0.5,0.48,0.52
-0.1137113711371136,0.5,0.48,0.52
-0.11341134113411333,0.5,0.48,0.52
-0.11311131113111306,0.5,0.48,0.52
-0.11281128112811278,0.5,0.48,0.52
-0.1125112511251124,0.5,0.48,0.52
-0.11221122112211213,0.5,0.48,0.52
-0.11191119111911185,0.5,0.48,0.52
-0.11161116111611158,0.5,0.48,0.52
-0.1113111311131112,0.5,0.48,0.52
-0.11101110111011092,0.5,0.48,0.52
-0.11071107110711065,0.5,0.48,0.52
-0.11041104110411037,0.5,0.48,0.52
-0.11011101110110999,0.5,0.48,0.52
-0.10981098109810972,0.5,0.48,0.52
-0.10951095109510944,0.5,0.48,0.52
-0.10921092109210917,0.5,0.48,0.52
-0.1089108910891089,0.5,0.48,0.52
-0.10861086108610851,0.5,0.48,0.52
-0.10831083108310824,0.5,0.48,0.52
-0.10801080108010797,0.5,0.48,0.52
-0.10771077107710769,0.5,0.48,0.52
-0.10741074107410731,0.5,0.48,0.52
-0.10711071107110703,0.5,0.48,0.52
-0.10681068106810676,0.5,0.48,0.52
-0.10651065106510649,0.5,0.48,0.52
-0.1062106210621061,0.5,0.48,0.52
-0.10591059105910583,0.5,0.48,0.52
-0.10561056105610556,0.5,0.48,0.52
-0.10531053105310528,0.5,0.48,0.52
-0.1050105010501049,0.5,0.48,0.52
-0.10471047104710463,0.5,0.48,0.52
-0.10441044104410435,0.5,0.48,0.52
-0.10411041104110408,0.5,0.48,0.52
-0.1038103810381037,0.5,0.48,0.52
-0.10351035103510342,0.5,0.48,0.52
-0.10321032103210315,0.5,0.48,0.52
-0.10291029102910287,0.5,0.48,0.52
-0.10261026102610249,0.5,0.48,0.52
-0.10231023102310222,0.5,0.48,0.52
-0.10201020102010194,0.5,0.48,0.52
-0.10171017101710167,0.5,0.48,0.52
-0.10141014101410128,0.5,0.48,0.52
-0.10111011101110101,0.5,0.48,0.52
-0.10081008100810074,0.5,0.48,0.52
-0.10051005100510046,0.5,0.48,0.52
-0.10021002100210019,0.5,0.48,0.52
-0.09990999099909981,0.5,0.48,0.52
-0.09960996099609953,0.5,0.48,0.52
-0.09930993099309926,0.5,0.48,0.52
-0.09900990099009899,0.5,0.48,0.52
-0.0987098709870986,0.5,0.48,0.52
-0.09840984098409833,0.5,0.48,0.52
-0.09810981098109806,0.5,0.48,0.52
-0.09780978097809778,0.5,0.48,0.52
-0.0975097509750974,0.5,0.48,0.52
-0.09720972097209712,0.5,0.48,0.52
-0.09690969096909685,0.5,0.48,0.52
-0.09660966096609658,0.5,0.48,0.52
-0.0963096309630962,0.5,0.48,0.52
-0.09600960096009592,0.5,0.48,0.52
-0.09570957095709565,0.5,0.48,0.52
-0.09540954095409537,0.5,0.48,0.52
-0.09510951095109499,0.5,0.48,0.52
-0.09480948094809472,0.5,0.48,0.52
-0.09450945094509444,0.5,0.48,0.52
-0.09420942094209417,0.5,0.48,0.52
-0.09390939093909378,0.5,0.48,0.52
-0.09360936093609351,0.5,0.48,0.52
-0.09330933093309324,0.5,0.48,0.52
-0.09300930093009296,0.5,0.48,0.52
-0.09270927092709269,0.5,0.48,0.52
-0.0924092409240923,0.5,0.48,0.52
-0.09210921092109203,0.5,0.48,0.52
-0.09180918091809176,0.5,0.48,0.52
-0.09150915091509149,0.5,0.48,0.52
-0.0912091209120911,0.5,0.48,0.52
-0.09090909090909083,0.5,0.48,0.52
-0.09060906090609055,0.5,0.48,0.52
-0.09030903090309028,0.5,0.48,0.52
-0.0900090009000899,0.5,0.48,0.52
-0.08970897089708962,0.5,0.48,0.52
-0.08940894089408935,0.5,0.48,0.52
-0.08910891089108908,0.5,0.48,0.52
-0.08880888088808869,0.5,0.48,0.52
-0.08850885088508842,0.5,0.48,0.52
-0.08820882088208815,0.5,0.48,0.52
-0.08790879087908787,0.5,0.48,0.52
-0.08760876087608749,0.5,0.48,0.52
-0.08730873087308721,0.5,0.48,0.52
-0.08700870087008694,0.5,0.48,0.52
-0.08670867086708667,0.5,0.48,0.52
-0.08640864086408628,0.5,0.48,0.52
-0.08610861086108601,0.5,0.48,0.52
-0.08580858085808574,0.5,0.48,0.52
-0.08550855085508546,0.5,0.48,0.52
-0.08520852085208519,0.5,0.48,0.52
-0.0849084908490848,0.5,0.48,0.52
-0.08460846084608453,0.5,0.48,0.52
-0.08430843084308426,0.5,0.48,0.52
-0.08400840084008399,0.5,0.48,0.52
-0.0837083708370836,0.5,0.48,0.52
-0.08340834083408333,0.5,0.48,0.52
-0.08310831083108305,0.5,0.48,0.52
-0.08280828082808278,0.5,0.48,0.52
-0.0825082508250824,0.5,0.48,0.52
-0.08220822082208212,0.5,0.48,0.52
-0.08190819081908185,0.5,0.48,0.52
-0.08160816081608158,0.5,0.48,0.52
-0.08130813081308119,0.5,0.48,0.52
-0.08100810081008092,0.5,0.48,0.52
-0.08070807080708065,0.5,0.48,0.52
-0.08040804080408037,0.5,0.48,0.52
-0.08010801080107999,0.5,0.48,0.52
-0.07980798079807971,0.5,0.48,0.52
-0.07950795079507944,0.5,0.48,0.52
-0.07920792079207917,0.5,0.48,0.52
-0.07890789078907878,0.5,0.48,0.52
-0.07860786078607851,0.5,0.48,0.52
-0.07830783078307824,0.5,0.48,0.52
-0.07800780078007796,0.5,0.48,0.52
-0.07770777077707769,0.5,0.48,0.52
-0.0774077407740773,0.5,0.48,0.52
-0.07710771077107703,0.5,0.48,0.52
-0.07680768076807676,0.5,0.48,0.52
-0.07650765076507648,0.5,0.48,0.52
-0.0762076207620761,0.5,0.48,0.52
-0.07590759075907583,0.5,0.48,0.52
-0.07560756075607555,0.5,0.48,0.52
-0.07530753075307528,0.5,0.48,0.52
-0.0750075007500749,0.5,0.48,0.52
-0.07470747074707462,0.5,0.48,0.52
-0.07440744074407435,0.5,0.48,0.52
-0.07410741074107408,0.5,0.48,0.52
-0.07380738073807369,0.5,0.48,0.52
-0.07350735073507342,0.5,0.48,0.52
-0.07320732073207314,0.5,0.48,0.52
-0.07290729072907287,0.5,0.48,0.52
-0.07260726072607249,0.5,0.48,0.52
-0.07230723072307221,0.5,0.48,0.52
-0.07200720072007194,0.5,0.48,0.52
-0.07170717071707167,0.5,0.48,0.52
-0.07140714071407128,0.5,0.48,0.52
-0.07110711071107101,0.5,0.48,0.52
-0.07080708070807074,0.5,0.48,0.52
-0.07050705070507046,0.5,0.48,0.52
-0.07020702070207019,0.5,0.48,0.52
-0.0699069906990698,0.5,0.48,0.52
-0.06960696069606953,0.5,0.48,0.52
-0.06930693069306926,0.5,0.48,0.52
-0.06900690069006898,0.5,0.48,0.52
-0.0687068706870686,0.5,0.48,0.52
-0.06840684068406833,0.5,0.48,0.52
-0.06810681068106805,0.5,0.48,0.52
-0.06780678067806778,0.5,0.48,0.52
-0.0675067506750674,0.5,0.48,0.52
-0.06720672067206712,0.5,0.48,0.52
-0.06690669066906685,0.5,0.48,0.52
-0.06660666066606657,0.5,0.48,0.52
-0.06630663066306619,0.5,0.48,0.52
-0.06600660066006592,0.5,0.48,0.52
-0.06570657065706564,0.5,0.48,0.52
-0.06540654065406537,0.5,0.48,0.52
-0.06510651065106499,0.5,0.48,0.52
-0.06480648064806471,0.5,0.48,0.52
-0.06450645064506444,0.5,0.48,0.52
-0.06420642064206417,0.5,0.48,0.52
-0.06390639063906378,0.5,0.48,0.52
-0.06360636063606351,0.5,0.48,0.52
-0.06330633063306323,0.5,0.48,0.52
-0.06300630063006296,0.5,0.48,0.52
-0.06270627062706269,0.5,0.48,0.52
-0.062406240624062304,0.5,0.48,0.52
-0.06210621062106203,0.5,0.48,0.52
-0.06180618061806176,0.5,0.48,0.52
-0.06150615061506148,0.5,0.48,0.52
-0.0612061206120611,0.5,0.48,0.52
-0.060906090609060826,0.5,0.48,0.52
-0.06060606060606055,0.5,0.48,0.52
-0.06030603060306028,0.5,0.48,0.52
-0.060006000600059894,0.5,0.48,0.52
-0.05970597059705962,0.5,0.48,0.52
-0.05940594059405935,0.5,0.48,0.52
-0.059105910591059074,0.5,0.48,0.52
-0.05880588058805869,0.5,0.48,0.52
-0.058505850585058417,0.5,0.48,0.52
-0.05820582058205814,0.5,0.48,0.52
-0.05790579057905787,0.5,0.48,0.52
-0.057605760576057485,0.5,0.48,0.52
-0.05730573057305721,0.5,0.48,0.52
-0.05700570057005694,0.5,0.48,0.52
-0.056705670567056665,0.5,0.48,0.52
-0.05640564056405628,0.5,0.48,0.52
-0.05610561056105601,0.5,0.48,0.52
-0.055805580558055734,0.5,0.48,0.52
-0.05550555055505546,0.5,0.48,0.52
-0.05520552055205519,0.5,0.48,0.52
-0.0549054905490548,0.5,0.48,0.52
-0.05460546054605453,0.5,0.48,0.52
-0.054305430543054256,0.5,0.48,0.52
-0.05400540054005398,0.5,0.48,0.52
-0.0537053705370536,0.5,0.48,0.52
-0.053405340534053325,0.5,0.48,0.52
-0.05310531053105305,0.5,0.48,0.52
-0.05280528052805278,0.5,0.48,0.52
-0.052505250525052394,0.5,0.48,0.52
-0.05220522052205212,0.5,0.48,0.52
-0.05190519051905185,0.5,0.48,0.52
-0.051605160516051574,0.5,0.48,0.52
-0.05130513051305119,0.5,0.48,0.52
-0.051005100510050916,0.5,0.48,0.52
-0.05070507050705064,0.5,0.48,0.52
-0.05040504050405037,0.5,0.48,0.52
-0.050105010501049985,0.5,0.48,0.52
-0.04980498049804971,0.5,0.48,0.52
-0.04950495049504944,0.5,0.48,0.52
-0.049204920492049165,0.5,0.48,0.52
-0.04890489048904878,0.5,0.48,0.52
-0.04860486048604851,0.5,0.48,0.52
-0.04830483048304823,0.5,0.48,0.52
-0.04800480048004796,0.5,0.48,0.52
-0.047704770477047576,0.5,0.48,0.52
-0.0474047404740473,0.5,0.48,0.52
-0.04710471047104703,0.5,0.48,0.52
-0.046804680468046755,0.5,0.48,0.52
-0.04650465046504648,0.5,0.48,0.52
-0.0462046204620461,0.5,0.48,0.52
-0.045904590459045824,0.5,0.48,0.52
-0.04560456045604555,0.5,0.48,0.52
-0.04530453045304528,0.5,0.48,0.52
-0.04500450045004489,0.5,0.48,0.52
-0.04470447044704462,0.5,0.48,0.52
-0.044404440444044346,0.5,0.48,0.52
-0.04410441044104407,0.5,0.48,0.52
-0.04380438043804369,0.5,0.48,0.52
-0.043504350435043415,0.5,0.48,0.52
-0.04320432043204314,0.5,0.48,0.52
-0.04290429042904287,0.5,0.48,0.52
-0.042604260426042484,0.5,0.48,0.52
-0.04230423042304221,0.5,0.48,0.52
-0.04200420042004194,0.5,0.48,0.52
-0.041704170417041664,0.5,0.48,0.52
-0.04140414041404128,0.5,0.48,0.52
-0.041104110411041006,0.5,0.48,0.52
-0.04080408040804073,0.5,0.48,0.52
-0.04050405040504046,0.5,0.48,0.52
-0.040204020402040075,0.5,0.48,0.52
-0.0399039903990398,0.5,0.48,0.52
-0.03960396039603953,0.5,0.48,0.52
-0.039303930393039255,0.5,0.48,0.52
-0.03900390039003898,0.5,0.48,0.52
-0.0387038703870386,0.5,0.48,0.52
-0.038403840384038324,0.5,0.48,0.52
-0.03810381038103805,0.5,0.48,0.52
-0.03780378037803778,0.5,0.48,0.52
-0.03750375037503739,0.5,0.48,0.52
-0.03720372037203712,0.5,0.48,0.52
-0.036903690369036846,0.5,0.48,0.52
-0.03660366036603657,0.5,0.48,0.52
-0.03630363036303619,0.5,0.48,0.52
-0.036003600360035914,0.5,0.48,0.52
-0.03570357035703564,0.5,0.48,0.52
-0.03540354035403537,0.5,0.48,0.52
-0.03510351035103498,0.5,0.48,0.52
-0.03480348034803471,0.5,0.48,0.52
-0.034503450345034437,0.5,0.48,0.52
-0.03420342034203416,0.5,0.48,0.52
-0.03390339033903378,0.5,0.48,0.52
-0.033603360336033505,0.5,0.48,0.52
-0.03330333033303323,0.5,0.48,0.52
-0.03300330033003296,0.5,0.48,0.52
-0.032703270327032574,0.5,0.48,0.52
-0.0324032403240323,0.5,0.48,0.52
-0.03210321032103203,0.5,0.48,0.52
-0.031803180318031754,0.5,0.48,0.52
-0.03150315031503148,0.5,0.48,0.52
-0.031203120312031096,0.5,0.48,0.52
-0.030903090309030823,0.5,0.48,0.52
-0.03060306030603055,0.5,0.48,0.52
-0.030303030303030276,0.5,0.48,0.52
-0.03000300030002989,0.5,0.48,0.52
-0.02970297029702962,0.5,0.48,0.52
-0.029402940294029345,0.5,0.48,0.52
-0.02910291029102907,0.5,0.48,0.52
-0.028802880288028687,0.5,0.48,0.52
-0.028502850285028414,0.5,0.48,0.52
-0.02820282028202814,0.5,0.48,0.52
-0.027902790279027867,0.5,0.48,0.52
-0.027602760276027483,0.5,0.48,0.52
-0.02730273027302721,0.5,0.48,0.52
-0.027002700270026936,0.5,0.48,0.52
-0.026702670267026662,0.5,0.48,0.52
-0.026402640264026278,0.5,0.48,0.52
-0.026102610261026005,0.5,0.48,0.52
-0.02580258025802573,0.5,0.48,0.52
-0.025502550255025458,0.5,0.48,0.52
-0.025202520252025074,0.5,0.48,0.52
-0.0249024902490248,0.5,0.48,0.52
-0.024602460246024527,0.5,0.48,0.52
-0.024302430243024253,0.5,0.48,0.52
-0.02400240024002398,0.5,0.48,0.52
-0.023702370237023596,0.5,0.48,0.52
-0.023402340234023322,0.5,0.48,0.52
-0.02310231023102305,0.5,0.48,0.52
-0.022802280228022775,0.5,0.48,0.52
-0.02250225022502239,0.5,0.48,0.52
-0.022202220222022118,0.5,0.48,0.52
-0.021902190219021844,0.5,0.48,0.52
-0.02160216021602157,0.5,0.48,0.52
-0.021302130213021186,0.5,0.48,0.52
-0.021002100210020913,0.5,0.48,0.52
-0.02070207020702064,0.5,0.48,0.52
-0.020402040204020366,0.5,0.48,0.52
-0.020102010201019982,0.5,0.48,0.52
-0.01980198019801971,0.5,0.48,0.52
-0.019501950195019435,0.5,0.48,0.52
-0.019201920192019162,0.5,0.48,0.52
-0.018901890189018777,0.5,0.48,0.52
-0.018601860186018504,0.5,0.48,0.52
-0.01830183018301823,0.5,0.48,0.52
-0.018001800180017957,0.5,0.48,0.52
-0.017701770177017573,0.5,0.48,0.52
-0.0174017401740173,0.5,0.48,0.52
-0.017101710171017026,0.5,0.48,0.52
-0.016801680168016753,0.5,0.48,0.52
-0.01650165016501648,0.5,0.48,0.52
-0.016201620162016095,0.5,0.48,0.52
-0.01590159015901582,0.5,0.48,0.52
-0.015601560156015548,0.5,0.48,0.52
-0.015301530153015275,0.5,0.48,0.52
-0.01500150015001489,0.5,0.48,0.52
-0.014701470147014617,0.5,0.48,0.52
-0.014401440144014344,0.5,0.48,0.52
-0.01410141014101407,0.5,0.48,0.52
-0.013801380138013686,0.5,0.48,0.52
-0.013501350135013412,0.5,0.48,0.52
-0.013201320132013139,0.5,0.48,0.52
-0.012901290129012866,0.5,0.48,0.52
-0.012601260126012481,0.5,0.48,0.52
-0.012301230123012208,0.5,0.48,0.52
-0.012001200120011934,0.5,0.48,0.52
-0.011701170117011661,0.5,0.48,0.52
-0.011401140114011277,0.5,0.48,0.52
-0.011101110111011003,0.5,0.48,0.52
-0.01080108010801073,0.5,0.48,0.52
-0.010501050105010457,0.5,0.48,0.52
-0.010201020102010072,0.5,0.48,0.52
-0.009900990099009799,0.5,0.48,0.52
-0.009600960096009525,0.5,0.48,0.52
-0.009300930093009252,0.5,0.48,0.52
-0.009000900090008979,0.5,0.48,0.52
-0.008700870087008594,0.5,0.48,0.52
-0.00840084008400832,0.5,0.48,0.52
-0.008100810081008047,0.5,0.48,0.52
-0.007800780078007774,0.5,0.48,0.52
-0.00750075007500739,0.5,0.48,0.52
-0.007200720072007116,0.5,0.48,0.52
-0.006900690069006843,0.5,0.48,0.52
-0.0066006600660065695,0.5,0.48,0.52
-0.006300630063006185,0.5,0.48,0.52
-0.006000600060005912,0.5,0.48,0.52
-0.005700570057005638,0.5,0.48,0.52
-0.005400540054005365,0.5,0.48,0.52
-0.0051005100510049806,0.5,0.48,0.52
-0.004800480048004707,0.5,0.48,0.52
-0.004500450045004434,0.5,0.48,0.52
-0.00420042004200416,0.5,0.48,0.52
-0.003900390039003776,0.5,0.48,0.52
-0.0036003600360035026,0.5,0.48,0.52
-0.0033003300330032292,0.5,0.48,0.52
-0.003000300030002956,0.5,0.48,0.52
-0.0027002700270025715,0.5,0.48,0.52
-0.002400240024002298,0.5,0.48,0.52
-0.0021002100210020247,0.5,0.48,0.52
-0.0018001800180017513,0.5,0.48,0.52
-0.001500150015001367,0.5,0.48,0.52
-0.0012001200120010935,0.5,0.48,0.52
-0.0009000900090008201,0.5,0.48,0.52
-0.0006000600060005468,0.5,0.48,0.52
-0.0003000300030002734,0.5,0.48,0.52
0.0,0.5,0.48,1.15
0.0003000300030002734,0.5,0.48,1.15
0.0006000600060007688,0.5,0.48,1.15
0.0009000900090010422,0.5,0.48,1.15
0.0012001200120013156,0.5,0.48,1.15
0.001500150015001589,0.5,0.48,1.15
0.0018001800180018623,0.5,0.48,1.15
0.0021002100210021357,0.5,0.48,1.15
0.002400240024002409,0.5,0.48,1.15
0.0027002700270026825,0.5,0.48,1.15
0.003000300030003178,0.5,0.48,1.15
0.0033003300330034513,0.5,0.48,1.15
0.0036003600360037247,0.5,0.48,1.15
0.003900390039003998,0.5,0.48,1.15
0.0042004200420042714,0.5,0.48,1.15
0.004500450045004545,0.5,0.48,1.15
0.004800480048004818,0.5,0.48,1.15
0.005100510051005092,0.5,0.48,1.15
0.005400540054005587,0.5,0.48,1.15
0.00570057005700586,0.5,0.48,1.15
0.006000600060006134,0.5,0.48,1.15
0.006300630063006407,0.5,0.48,1.15
0.0066006600660066805,0.5,0.48,1.15
0.006900690069006954,0.5,0.48,1.15
0.007200720072007227,0.5,0.48,1.15
0.007500750075007501,0.5,0.48,1.15
0.007800780078007774,0.5,0.48,1.15
0.00810081008100827,0.5,0.48,1.15
0.008400840084008543,0.5,0.48,1.15
0.008700870087008816,0.5,0.48,1.15
0.00900090009000909,0.5,0.48,1.15
0.009300930093009363,0.5,0.48,1.15
0.009600960096009636,0.5,0.48,1.15
0.00990099009900991,0.5,0.48,1.15
0.010201020102010183,0.5,0.48,1.15
0.010501050105010679,0.5,0.48,1.15
0.010801080108010952,0.5,0.48,1.15
0.011101110111011225,0.5,0.48,1.15
0.011401140114011499,0.5,0.48,1.15
0.011701170117011772,0.5,0.48,1.15
0.012001200120012046,0.5,0.48,1.15
0.012301230123012319,0.5,0.48,1.15
0.012601260126012592,0.5,0.48,1.15
0.012901290129013088,0.5,0.48,1.15
0.013201320132013361,0.5,0.48,1.15
0.013501350135013634,0.5,0.48,1.15
0.013801380138013908,0.5,0.48,1.15
0.014101410141014181,0.5,0.48,1.15
0.014401440144014455,0.5,0.48,1.15
0.014701470147014728,0.5,0.48,1.15
0.015001500150015001,0.5,0.48,1.15
0.015301530153015275,0.5,0.48,1.15
0.01560156015601577,0.5,0.48,1.15
0.015901590159016044,0.5,0.48,1.15
0.016201620162016317,0.5,0.48,1.15
0.01650165016501659,0.5,0.48,1.15
0.016801680168016864,0.5,0.48,1.15
0.017101710171017137,0.5,0.48,1.15
0.01740174017401741,0.5,0.48,1.15
0.017701770177017684,0.5,0.48,1.15
0.01800180018001818,0.5,0.48,1.15
0.018301830183018453,0.5,0.48,1.15
0.018601860186018726,0.5,0.48,1.15
0.018901890189019,0.5,0.48,1.15
0.019201920192019273,0.5,0.48,1.15
0.019501950195019546,0.5,0.48,1.15
0.01980198019801982,1.0714285714285714,0.48,1.15
0.020102010201020093,1.0714170919410588,0.48,1.15
0.02040204020402059,1.07138288212274,0.48,1.15
0.020702070207020862,1.0713262817888052,0.48,1.15
0.021002100210021135,1.0712476265921205,0.48,1.15
0.02130213021302141,1.0711472480717508,0.48,1.15
0.021602160216021682,1.0710254737009244,0.48,1.15
0.021902190219021955,1.070882626934448,0.48,1.15
0.02220222022202223,1.0707190272555747,0.48,1.15
0.022502250225022502,1.0705349902223347,0.48,1.15
0.022802280228022775,1.070330827513333,0.48,1.15
0.02310231023102327,1.070106846973022,0.48,1.15
0.023402340234023544,1.0698633526564498,0.48,1.15
0.023702370237023818,1.0696006448735,0.48,1.15
0.02400240024002409,1.069319020232617,0.48,1.15
0.024302430243024364,1.0690187716840325,0.48,1.15
0.024602460246024638,1.0687001885624938,0.48,1.15
0.02490249024902491,1.0683635566295004,0.48,1.15
0.025202520252025185,1.0680091581150553,0.48,1.15
0.02550255025502568,1.0676372717589357,0.48,1.15
0.025802580258025953,1.067248172851491,0.48,1.15
0.026102610261026227,1.0668421332739682,0.48,1.15
0.0264026402640265,1.0664194215383764,0.48,1.15
0.026702670267026773,1.0659803028268917,0.48,1.15
0.027002700270027047,1.0655250390308098,0.48,1.15
0.02730273027302732,1.0650538887890466,0.48,1.15
0.027602760276027594,1.064567107526203,0.48,1.15
0.02790279027902809,1.0640649474901847,0.48,1.15
0.028202820282028362,1.0635476577893934,0.48,1.15
0.028502850285028636,1.063015484429488,0.48,1.15
0.02880288028802891,1.0624686703497246,0.48,1.15
0.029102910291029183,1.061907455458876,0.48,1.15
0.029402940294029456,1.061332076670741,0.48,1.15
0.02970297029702973,1.060742767939241,0.7857142857142857,1.15
0.030003000300030003,1.0601397602931164,0.7857085459705294,1.15
0.030303030303030276,1.059523281870221,0.78569144106137,1.15
0.03060306030603077,1.0588935579514238,0.7856631408944026,1.15
0.030903090309031045,1.0582508109941182,0.7856238132960602,1.15
0.03120312031203132,1.0575952606653476,0.7855736240358754,1.15
0.03150315031503159,1.056927123874547,0.7855127368504622,1.15
0.031803180318031865,1.0562466148059118,0.785441313467224,1.15
0.03210321032103214,1.0555539449503883,0.7853595136277873,1.15
0.03240324032403241,1.0548493231373017,0.7852674951111673,1.15
0.032703270327032685,1.0541329555656143,0.7851654137566665,1.15
0.03300330033003318,1.053405045834829,0.785053423486511,1.15
0.033303330333033454,1.0526657949755316,0.7849316763282249,1.15
0.03360336033603373,1.0519154014795857,0.78480032243675,1.15
0.033903390339034,1.0511540613299768,0.7846595101163085,1.15
0.034203420342034274,1.0503819680303148,0.7845093858420162,1.15
0.03450345034503455,1.0495993126339946,0.7843500942812469,1.15
0.03480348034803482,1.0488062837730223,0.7841817783147502,1.15
0.035103510351035094,1.0480030676865082,0.7840045790575276,1.15
0.03540354035403559,1.0471898482488309,0.7838186358794679,1.15
0.03570357035703586,1.046366806997481,0.7836240864257455,1.15
0.036003600360036137,1.0455341231605764,0.7834210666369841,1.15
0.03630363036303641,1.044691973684067,0.7832097107691882,1.15
0.03660366036603668,1.0438405332586238,0.7829901514134459,1.15
0.03690369036903696,1.0429799743462165,0.7827625195154049,1.15
0.03720372037203723,1.0421104672063863,0.7825269443945233,1.15
0.0375037503750375,1.0412321799222162,0.7822835537631015,1.15
0.03780378037803778,1.040345278425999,0.7820324737450923,1.15
0.03810381038103827,1.039449926524615,0.7817738288946967,1.15
0.038403840384038546,1.038546285924609,0.781507742214744,1.15
0.03870387038703882,1.0376345162569856,0.7812343351748623,1.15
0.03900390039003909,1.0367147751017134,0.780953727729438,1.15
0.039303930393039366,1.0357872180119498,0.7806660383353705,1.15
0.03960396039603964,1.034851998537985,0.7803713839696205,1.15
0.03990399039903991,1.033909268250908,0.7800698801465582,1.15
0.040204020402040186,1.0329591767660031,0.7797616409351105,1.15
0.04050405040504068,1.0320018717658765,0.7794467789757119,1.15
0.040804080408040955,1.0310374990233089,0.7791254054970591,1.15
0.04110411041104123,1.0300662024238534,0.7787976303326738,1.15
0.0414041404140415,1.0290881239881688,0.7784635619372735,1.15
0.041704170417041775,1.0281034038940937,0.7781233074029559,1.15
0.04200420042004205,1.0271121804984678,0.7777769724751942,1.15
0.04230423042304232,1.0261145903587008,0.7774246615686509,1.15
0.042604260426042595,1.0251107682540916,0.7770664777828071,1.15
0.04290429042904309,1.0241008472069026,0.7767025229174145,1.1490654644420824
0.043204320432043364,1.023084958503191,0.7763328974877658,1.1473979673583339
0.04350435043504364,1.0220632317133944,0.7759577007397929,1.1457301536794473
0.04380438043804391,1.021035794712687,0.7755770306649884,1.1440620949620177
0.044104410441044184,1.0200027737010937,0.7751909840151574,1.1423938617070157
0.04440444044404446,1.0189642932233758,0.7747996563169973,1.1407255233726796
0.04470447044704473,1.0179204761886849,0.7744031418865112,1.1390571483872591
0.045004500450045004,1.0168714438899906,0.7740015338432541,1.1373888041616067
0.04530453045304528,1.015817316023283,0.7735949241244154,1.1357205571016258
0.04560456045604577,1.0147582107065563,0.7731834034987405,1.134052472620572
0.045904590459046046,1.0136942444985668,0.7727670615802882,1.1323846151512145
0.04620462046204632,1.0126255324173794,0.7723459868420335,1.1307170481578472
0.04650465046504659,1.0115521879586997,0.7719202666293119,1.129049834148169
0.046804680468046866,1.0104743231139892,0.7714899871731082,1.1273830346850215
0.04710471047104714,1.0093920483883783,0.7710552336031932,1.1257167103979897
0.04740474047404741,1.0083054728183645,0.7706160899611081,1.124050920994868
0.04770477047704769,1.0072147039893116,0.7701726392129995,1.1223857252729919
0.04800480048004818,1.006119848052747,0.7697249632623075,1.1207211811304374
0.048304830483048455,1.0050210097434507,0.7692731429623045,1.1190573455770947
0.04860486048604873,1.0039182923963579,0.7688172581284928,1.1173942747456
0.048904890489049,1.0028117979632567,0.7683573875508567,1.1157320239021535
0.049204920492049276,1.0017016270292998,0.7678936090059749,1.1140706474572033
0.04950495049504955,1.000587878829319,0.7674259992689925,1.1124101989760078
0.04980498049804982,0.999470651263956,0.766954634125454,1.1107507311890716
0.050105010501050096,0.9983500409156022,0.7664795883830016,1.1090922960024625
0.05040504050405059,0.9972261430641569,0.7660009358829383,1.1074349445080056
0.050705070507050864,0.9960990517026045,0.7655187495116544,1.1057787269933628
0.05100510051005114,0.994968859552404,0.7650331012119267,1.104123692951985
0.05130513051305141,0.9938356580787093,0.7645440619940844,1.1024698910929596
0.051605160516051685,0.9926995375054078,0.7640517019470469,1.1008173693507328
0.05190519051905196,0.991560586829987,0.7635560902492339,1.0991661748947257
0.05220522052205223,0.990418893838227,0.7630572951793504,1.0975163541388337
0.052505250525052505,0.9892745451187257,0.7625553841270458,1.095867952750815
0.05280528052805278,0.9881276260772511,0.7620504236034513,1.0942210156615708
0.053105310531053274,0.9869782209509357,0.7615424792515955,1.0925755870743141
0.05340534053405355,0.9858264128222939,0.7610316158566972,1.090931710473639
0.05370537053705382,0.9846722836330887,0.7605178973563435,1.0892894286344699
0.054005400540054094,0.9835159141980314,0.7600013868505469,1.087648783630918
0.05430543054305437,0.9823573842183243,0.7594821466116879,1.08600981684503
0.05460546054605464,0.9811967722950458,0.7589602380943424,1.0843725689754335
0.054905490549054914,0.9800341559423806,0.7584357219449953,1.0827370800458809
0.05520552055205519,0.9788696116006956,0.7579086580116415,1.0811033894136948
0.05550555055505568,0.9777032146494689,0.7573791053532781,1.0794715357781128
0.055805580558055956,0.9765350394200587,0.7568471222492834,1.0778415571885382
0.05610561056105623,0.9753651592083347,0.7563127662086897,1.0762134910526853
0.0564056405640565,0.974193646287157,0.7557760939793499,1.0745873741446381
0.056705670567056776,0.9730205719187122,0.7552371615569946,1.0729632426128108
0.05700570057005705,0.9718460063667053,0.7546960241941891,1.0713411319878143
0.05730573057305732,0.9706700189084108,0.7541527364091822,1.0697210771902312
0.057605760576057596,0.9694926778465839,0.7536073519946558,1.0681031125382994
0.05790579057905809,0.968314050521232,0.7530599240263735,1.0664872717555036
0.058205820582058365,0.9671342033212547,0.7525105048717253,1.0648735879780848
0.05850585058505864,0.9659532016959386,0.7519591461981789,1.0632620937624495
0.05880588058805891,0.9647711101663291,0.7514058989816284,1.0616528210925007
0.059105910591059185,0.9635879923364635,0.7508508135146499,1.0600458013868816
0.05940594059405946,0.9624039109044773,0.7502939394146595,1.058441065506132
0.05970597059705973,0.9612189276735783,0.749735325631978,1.0568386437597614
0.060006000600060005,0.9600331035628956,0.7491750204578012,1.0552385659132386
0.06030603060306028,0.9588464986182005,0.7486130715320785,1.0536408611948997
0.060606060606060774,0.9576591720225074,0.7480495258513022,1.052045558302773
0.06090609060906105,0.9564711821065426,0.747484429776202,1.050452685411329
0.06120612061206132,0.9552825863591003,0.7469178290393547,1.048862270178141
0.061506150615061594,0.9540934414372737,0.7463497687527039,1.047274339750476
0.06180618061806187,0.9529038031765675,0.7457802934149935,1.045688920771806
0.06210621062106214,0.9517137266008941,0.7452094469191135,1.0441060393882395
0.062406240624062415,0.9505232659324516,0.7446372725593629,1.0425257212548793
0.06270627062706269,0.9493324746014875,0.7440638130386256,1.040947991542106
0.06300630063006318,0.9481414052559527,0.7434891104754678,1.0393728749417854
0.06330633063306346,0.9469501097710338,0.742913206411147,1.0378003956734072
0.06360636063606373,0.9457586392585842,0.7423361418165444,1.0362305774901426
0.063906390639064,0.9445670440764398,0.7417579570990157,1.0346634436848379
0.06420642064206428,0.9433753738376285,0.7411786921091621,1.0330990170959362
0.06450645064506455,0.9421836774194707,0.7405983861475229,1.0315373201133267
0.06480648064806482,0.9409920029725762,0.7400170779711903,1.0299783746841262
0.0651065106510651,0.9398003979297328,0.7394348058003478,1.0284222023183922
0.06540654065406559,0.9386089090146943,0.7388516073247344,1.0268688240947679
0.06570657065706587,0.9374175822508676,0.7382675197100294,1.0253182606660642
0.06600660066006614,0.9362264629698909,0.7376825796041673,1.0237705322647674
0.06630663066306641,0.9350355958201206,0.7370968231435785,1.0222256587084892
0.06660666066606669,0.9338450247750154,0.7365102859593561,1.0206836594053508
0.06690669066906696,0.9326547931414213,0.7359230031833526,1.0191445533593004
0.06720672067206723,0.9314649435677627,0.7353350094542054,1.0176083591753706
0.0675067506750675,0.930275518052137,0.734746338923292,1.016075095064872
0.06780678067806778,0.9290865579503125,0.734157025260616,1.0145447788505253
0.06810681068106827,0.9278981039836391,0.7335671016606273,1.013017427971533
0.06840684068406855,0.9267101962468572,0.7329766008479692,1.0114930594885934
0.06870687068706882,0.9255228742158239,0.7323855550831646,1.0099716900888485
0.0690069006900691,0.9243361767551452,0.7317939961682318,1.008453336090779
0.06930693069306937,0.9231501421257199,0.7312019554522386,1.0069380134490407
0.06960696069606964,0.921964807992194,0.7306094638367892,1.0054257377592406
0.06990699069906992,0.9207802114303305,0.7300165517814479,1.0039165242626586
0.07020702070207019,0.9195963889342896,0.7294232493091002,1.002410387850913
0.07050705070507068,0.9184133764238305,0.7288295860112537,1.0009073430705673
0.07080708070807096,0.917231209251418,0.7282355910532713,0.9994074041276912
0.07110711071107123,0.9160499222092567,0.7276412931795502,0.9979105848923531
0.0714071407140715,0.9148695495362377,0.7270467207186369,0.9964168989030718
0.07170717071707178,0.9136901249248042,0.7264519015882838,0.99492635937121
0.07200720072007205,0.9125116815277384,0.7258568633004471,0.9934389791853151
0.07230723072307232,0.911334251964868,0.7252616329662258,0.9919547709154101
0.0726072607260726,0.9101578683296934,0.7246662373007438,0.9904737468172318
0.0729072907290731,0.9089825621959386,0.7240707026279763,0.9889959188364186
0.07320732073207337,0.9078083646240278,0.7234750548855169,0.9875212986126533
0.07350735073507364,0.9066353061674786,0.7228793196292921,0.9860498974837448
0.07380738073807391,0.9054634168792273,0.7222835220382199,0.9845817264896742
0.07410741074107419,0.9042927263178787,0.7216876869188142,0.9831167963765848
0.07440744074407446,0.9031232635538812,0.7210918387097354,0.9816551176007264
0.07470747074707473,0.9019550571756292,0.7204960014862881,0.9801967003323534
0.075007500750075,0.9007881352954963,0.7199001989648663,0.978741554459575
0.07530753075307528,0.8996225255557948,0.7193044545073471,0.97728968959216
0.07560756075607578,0.89845825513467,0.7187087911254337,0.9758411150652947
0.07590759075907605,0.8972953507519179,0.7181132314849454,0.9743958399433023
0.07620762076207632,0.8961338386747415,0.7175177979100603,0.9729538730233049
0.0765076507650766,0.8949737447234365,0.7169225123875077,0.9715152228388554
0.07680768076807687,0.8938150942770103,0.7163273965707107,0.970079897663517
0.07710771077107714,0.8926579122787366,0.7157324717838813,0.9686479055144044
0.07740774077407742,0.8915022232416424,0.7151377590260686,0.9672192541556792
0.07770777077707769,0.8903480512539312,0.7145432789751562,0.965793951102007
0.07800780078007818,0.8891954199843464,0.7139490519918196,0.9643720036219687
0.07830783078307846,0.888044352687464,0.7133550981234287,0.9629534187414376
0.07860786078607873,0.8868948722089289,0.712761437107912,0.961538203246906
0.078907890789079,0.8857470009906298,0.7121680883775726,0.9601263636887809
0.07920792079207928,0.8846007610758087,0.7115750710628599,0.9587179063846359
0.07950795079507955,0.8834561741141154,0.710982403996097,0.9573128374224256
0.07980798079807983,0.882313261366599,0.7103901057151653,0.9559111626636588
0.0801080108010801,0.8811720437106427,0.7097981944671448,0.954512887746537
0.0804080408040806,0.8800325416448378,0.7092066882119152,0.9531180180890512
0.08070807080708087,0.8788947752938063,0.708615604625709,0.9517265588920483
0.08100810081008114,0.8777587644129577,0.7080249611046283,0.9503385151422493
0.08130813081308141,0.8766245283931973,0.7074347747681189,0.9489538916152422
0.08160816081608169,0.875492086265576,0.7068450624624021,0.9475726928784327
0.08190819081908196,0.8743614567058854,0.7062558407638693,0.9461949232939614
0.08220822082208223,0.8732326580391996,0.705667125982434,0.9448205870215852
0.08250825082508251,0.8721057082443615,0.7050789341648467,0.9434496880215235
0.082808280828083,0.8709806249584182,0.7044912810979693,0.9420822300572698
0.08310831083108328,0.8698574254810052,0.7039041823120139,0.9407182166983747
0.08340834083408355,0.8687361267786732,0.7033176530837393,0.9393576513231834
0.08370837083708382,0.8676167454891699,0.7027317084396136,0.9380005371215518
0.0840084008400841,0.8664992979256687,0.7021463631589393,0.9366468770975246
0.08430843084308437,0.8653838000809477,0.7015616317769406,0.9352966740719807
0.08460846084608464,0.8642702676315187,0.7009775285878146,0.933949930685248
0.08490849084908492,0.8631587159417089,0.7003940676477481,0.9326066493996858
0.08520852085208519,0.8620491600676914,0.6998112627778974,0.9312668325022355
0.08550855085508569,0.8609416147614746,0.699229127567335,0.9299304821069412
0.08580858085808596,0.8598360944748339,0.698647675375959,0.928597600157441
0.08610861086108623,0.8587326133632067,0.6980669193373708,0.9272681884294232
0.0864086408640865,0.8576311852895364,0.6974868723617182,0.9259422485330571
0.08670867086708678,0.8565318238280719,0.6969075471385051,0.9246197819153941
0.08700870087008705,0.855434542268122,0.6963289561393683,0.9233007898627373
0.08730873087308733,0.8543393536177657,0.6957511116208213,0.9219852735029838
0.0876087608760876,0.8532462706075181,0.6951740256269656,0.920673233807938
0.0879087908790881,0.8521553056939521,0.6945977099921732,0.9193646715955954
0.08820882088208837,0.8510664710632809,0.694022176343732,0.9180595875324051
0.08850885088508864,0.8499797786348917,0.6934474361044645,0.9167579821354925
0.08880888088808891,0.8488952400648422,0.6928735004953148,0.9154598557748661
0.08910891089108919,0.8478128667493148,0.6923003805379043,0.9141652086755923
0.08940894089408946,0.8467326698280289,0.6917280870570577,0.9128740409199446
0.08970897089708973,0.8456546601876134,0.6911566306832995,0.9115863524495267
0.09000900090009001,0.8445788484649378,0.6905860218553214,0.9103021430673683
0.0903090309030905,0.8435052450504053,0.6900162708224189,0.9090214124399967
0.09060906090609078,0.842433860091208,0.6894473876469032,0.9077441600994854
0.09090909090909105,0.841364703494538,0.6888793822064789,0.9064703854454697
0.09120912091209132,0.8402977849307656,0.6883122641965986,0.9052000877471458
0.0915091509150916,0.8392331138365785,0.687746043132788,0.9039332661452426
0.09180918091809187,0.8381706994180822,0.6871807283529427,0.9026699196539674
0.09210921092109214,0.8371105506538643,0.6866163290195998,0.9014100471629303
0.09240924092409242,0.8360526762980227,0.6860528541221808,0.9001536474390436
0.09270927092709269,0.8349970848831562,0.6854903124792091,0.8989007191283982
0.09300930093009319,0.8339437847233238,0.6849287127405026,0.8976512607581162
0.09330933093309346,0.8328927839169606,0.6843680633893365,0.8964052707381834
0.09360936093609373,0.8318440903497673,0.683808372744585,0.8951627473632545
0.093909390939094,0.8307977116975606,0.6832496489628344,0.8939236888144395
0.09420942094209428,0.8297536554290903,0.6826919000404739,0.8926880931610682
0.09450945094509455,0.8287119288088238,0.6821351338157593,0.8914559583624307
0.09480948094809483,0.8276725388996964,0.6815793579708544,0.890227282269499
0.0951095109510951,0.8266354925658286,0.6810245800338457,0.8890020626266244
0.0954095409540956,0.8256007964752106,0.6804708073807373,0.8877802970732156
0.09570957095709587,0.8245684571023588,0.6799180472374169,0.8865619831453988
0.09600960096009614,0.8235384807309322,0.6793663066816034,0.8853471182776494
0.09630963096309642,0.8225108734563253,0.6788155926447682,0.884135699804412
0.09660966096609669,0.8214856411882265,0.678265911914036,0.8829277249616951
0.09690969096909696,0.820462789653146,0.677717271134061,0.8817231908886478
0.09720972097209724,0.8194423243969138,0.6771696768088828,0.8805220946291175
0.09750975097509751,0.818424250787148,0.6766231353037591,0.8793244331331858
0.097809780978098,0.817408574015692,0.6760776528469761,0.8781302032586873
0.09810981098109828,0.8163952991010268,0.6755332355316405,0.8769394017727121
0.09840984098409855,0.8153844308906472,0.6749898893174459,0.875752025353081
0.09870987098709882,0.8143759740634149,0.6744476200324211,0.8745680705898122
0.0990099009900991,0.8133699331318829,0.6739064333746574,0.8733875339865627
0.09930993099309937,0.8123663124445897,0.6733663349140144,0.8722104119620564
0.09960996099609964,0.8113651161883277,0.6728273300938067,0.8710367008514908
0.09990999099909992,0.8103663483903836,0.6722894242324688,0.8698663969079281
0.10021002100210019,0.8093700129207508,0.6717526225252026,0.8686994963036684
0.10051005100510069,0.8083761134943201,0.671216930045604,0.8675359951316042
0.10081008100810096,0.8073846536730352,0.670682351747269,0.8663758894065635
0.10111011101110123,0.8063956368680301,0.6701488924653828,0.8652191750666263
0.10141014101410151,0.8054090663417377,0.6696165569182893,0.8640658479744334
0.10171017101710178,0.8044249452099724,0.6690853497090411,0.8629159039184751
0.10201020102010205,0.8034432764439894,0.6685552753269322,0.8617693386143637
0.10231023102310233,0.8024640628725168,0.6680263381490114,0.8606261477060906
0.1026102610261026,0.8014873071837642,0.667498542441578,0.8594863267672668
0.1029102910291031,0.8005130119274105,0.6669718923616619,0.858349871302348
0.10321032103210337,0.7995411795165596,0.6664463919584803,0.8572167767478474
0.10351035103510364,0.7985718122296799,0.6659220451748836,0.8560870384735252
0.10381038103810392,0.7976049122125175,0.6653988558487802,0.8549606517835718
0.10411041104110419,0.7966404814799862,0.6648768277145451,0.8538376119177713
0.10441044104410446,0.7956785219180342,0.6643559644044119,0.8527179140526506
0.10471047104710474,0.7947190352854898,0.6638362694498482,0.851601553302616
0.10501050105010501,0.7937620232158825,0.6633177462829143,0.8504885247210727
0.1053105310531055,0.7928074872192437,0.6628003982376053,0.8493788233015307
0.10561056105610578,0.7918554286838864,0.6622842285511794,0.8482724439787013
0.10591059105910605,0.7909058488781593,0.661769240365466,0.8471693816295698
0.10621062106210633,0.7899587489521835,0.6612554367281627,0.8460696310744642
0.1065106510651066,0.7890141299395672,0.6607428205941133,0.844973187078105
0.10681068106810687,0.7880719927590981,0.660231394826573,0.8438800443506438
0.10711071107110715,0.787132338216417,0.6597211621984569,0.8427901975486867
0.10741074107410742,0.7861951670056699,0.659212125393574,0.8417036412763073
0.10771077107710769,0.7852604797111395,0.658704287007846,0.8406203700860431
0.10801080108010819,0.7843282768088609,0.6581976495505134,0.8395403784798823
0.10831083108310846,0.783398558668209,0.6576922154453235,0.8384636609102387
0.10861086108610873,0.7824713255534758,0.6571879870317074,0.8373902117809083
0.10891089108910901,0.781546577625423,0.6566849665659414,0.83632002544802
0.10921092109210928,0.7806243149428176,0.6561831562222948,0.8352530962209708
0.10951095109510955,0.7797045374639475,0.6556825580941639,0.8341894183633498
0.10981098109810983,0.7787872450481202,0.6551831741951918,0.8331289860938511
0.1101110111011101,0.7778724374571405,0.6546850064603754,0.8320717935871718
0.1104110411041106,0.7769601143567753,0.6541880567471601,0.831017834974902
0.11071107110711087,0.7760502753181926,0.6536923268365176,0.8299671043464039
0.11101110111011114,0.7751429198193899,0.653197818434015,0.8289195957496722
0.11131113111311142,0.7742380472466018,0.6527045331708689,0.8278753031921934
0.11161116111611169,0.773335656895691,0.6522124726049863,0.8268342206417865
0.11191119111911196,0.7724357479735215,0.6517216382219947,0.825796342027437
0.11221122112211224,0.7715383195993168,0.6512320314362584,0.8247616612401167
0.11251125112511251,0.7706433708059988,0.650743653591882,0.8237301721335966
0.112811281128113,0.7697509005415115,0.6502565059637053,0.8227018685252441
0.11311131113111328,0.768860907670131,0.6497705897582797,0.821676744196818
0.11341134113411355,0.7679733909737532,0.6492859061148399,0.8206547928952417
0.11371137113711383,0.767088349153171,0.6488024561062588,0.8196360083333767
0.1140114011401141,0.7662057808293344,0.6483202407399931,0.8186203841907802
0.11431143114311437,0.7653256845445934,0.6478392609590171,0.8176079141144545
0.11461146114611465,0.764448058763928,0.6473595176427449,0.8165985917195868
0.11491149114911492,0.7635729018761603,0.6468810116079413,0.8155924105902783
0.11521152115211519,0.762700212195154,0.6464037436096218,0.814589364280264
0.11551155115511569,0.7618299879609991,0.6459277143419432,0.8135894463136231
0.11581158115811596,0.7609622273411782,0.6454529244390796,0.8125926501854828
0.11611161116111623,0.7600969284317228,0.6449793744760918,0.811598969362705
0.11641164116411651,0.7592340892583536,0.6445070649697836,0.8106083972845737
0.11671167116711678,0.7583737077776056,0.644035996379549,0.8096209273634654
0.11701170117011706,0.757515781877941,0.6435661691082085,0.8086365529855155
0.11731173117311733,0.7566603093808469,0.643097583502835,0.8076552675112741
0.1176117611761176,0.7558072880419195,0.6426302398555698,0.8066770642763519
0.1179117911791181,0.7549567155519372,0.6421641384044304,0.8057019365920586
0.11821182118211837,0.7541085895379152,0.6416992793341045,0.8047298777460361
0.11851185118511864,0.7532629075641515,0.6412356627767379,0.8037608810028749
0.11881188118811892,0.752419667133259,0.6407732888127116,0.80279493960473
0.11911191119111919,0.7515788656871831,0.6403121574714088,0.8018320467719264
0.11941194119411946,0.7507405006082077,0.6398522687319738,0.800872195703554
0.11971197119711974,0.7499045692199486,0.6393936225240602,0.7999153795780576
0.12001200120012001,0.7490710687883346,0.6389362187285703,0.7989615915538175
0.1203120312031205,0.7482399965225744,0.6384800571783876,0.7980108247697217
0.12061206120612078,0.7474113495761168,0.6380251376590963,0.7970630723457335
0.12091209120912105,0.7465851250475901,0.6375714599096949,0.796118327383445
0.12121212121212133,0.7457613199817381,0.6371190236233009,0.7951765829666306
0.1215121512151216,0.7449399313703393,0.6366678284478455,0.794237832161788
0.12181218121812187,0.744120956153117,0.6362178739867608,0.7933020680186735
0.12211221122112215,0.7433043912186361,0.6357691597996584,0.79236928357083
0.12241224122412242,0.7424902334051906,0.6353216854029994,0.7914394718361072
0.1227122712271227,0.7416784795016771,0.6348754502707558,0.7905126258171757
0.12301230123012319,0.7408691262484624,0.6344304538350656,0.7895887385020324
0.12331233123312346,0.7400621703382323,0.6339866954868766,0.7886678028645027
0.12361236123612374,0.739257608416837,0.6335441745765855,0.7877498118647291
0.12391239123912401,0.7384554370841223,0.6331028904146672,0.7868347584496602
0.12421242124212428,0.7376556528947504,0.6326628422722966,0.785922635553528
0.12451245124512456,0.7368582523590115,0.632224029381964,0.7850134360983221
0.12481248124812483,0.7360632319436233,0.6317864509380802,0.784107152994254
0.1251125112511251,0.7352705880725219,0.631350106097577,0.7832037791402175
0.1254125412541256,0.7344803171276437,0.6309149939804995,0.7823033074242414
0.12571257125712587,0.7336924154496927,0.6304811136705891,0.7814057307239379
0.12601260126012614,0.732906879338903,0.6300484642158615,0.7805110419069405
0.12631263126312642,0.7321237050557893,0.6296170446291768,0.7796192338313401
0.1266126612661267,0.7313428888218884,0.6291868538888028,0.7787302993461129
0.12691269126912696,0.7305644268204905,0.6287578909389705,0.777844231291543
0.12721272127212724,0.7297883151973623,0.6283301546904234,0.7769610224996384
0.1275127512751275,0.7290145500614593,0.6279036440209598,0.7760806657945414
0.127812781278128,0.7282431274856301,0.6274783577759686,0.7752031539929336
0.12811281128112828,0.7274740435073134,0.6270542947689576,0.7743284799044361
0.12841284128412855,0.7267072941292202,0.6266314537820757,0.7734566363320001
0.12871287128712883,0.7259428753200142,0.6262098335666295,0.7725876160722965
0.1290129012901291,0.725180783014979,0.6257894328435916,0.7717214119160978
0.12931293129312937,0.7244210131166785,0.6253702503041039,0.7708580166486547
0.12961296129612965,0.723663561495608,0.6249522846099743,0.7699974230500675
0.12991299129912992,0.722908423990837,0.6245355343941673,0.7691396238956523
0.1302130213021302,0.7221555964106443,0.6241199982612873,0.7682846119563016
0.1305130513051307,0.7214050745331455,0.6237056747880584,0.7674323799988396
0.13081308130813096,0.7206568541069087,0.6232925625237951,0.7665829207863744
0.13111311131113124,0.7199109308515667,0.6228806599908691,0.7657362270786405
0.1314131413141315,0.7191673004584189,0.6224699656851697,0.7648922916323412
0.13171317131713178,0.7184259585910264,0.6220604780765585,0.7640511072014835
0.13201320132013206,0.7176869008857977,0.6216521956093181,0.763212666537709
0.13231323132313233,0.716950122952569,0.6212451167025953,0.7623769623906188
0.1326132613261326,0.7162156203751744,0.6208392397508385,0.7615439875080953
0.1329132913291331,0.7154833887120129,0.6204345631242312,0.7607137346366175
0.13321332133213337,0.7147534234966012,0.6200310851691161,0.7598861965215749
0.13351335133513365,0.7140257202381262,0.6196288042084185,0.7590613659075711
0.13381338133813392,0.7133002744219858,0.6192277185420612,0.7582392355387285
0.1341134113411342,0.7125770815103247,0.6188278264473752,0.7574197981589857
0.13441344134413447,0.711856136942562,0.6184291261795057,0.7566030465123914
0.13471347134713474,0.7111374361359131,0.6180316159718117,0.7557889733433925
0.135013501350135,0.7104209744859029,0.6176352940362609,0.7549775713971205
0.1353135313531355,0.7097067473668737,0.6172401585638219,0.7541688334196706
0.13561356135613578,0.7089947501324876,0.6168462077248463,0.7533627521583798
0.13591359135913605,0.7082849781162179,0.6164534396694514,0.752559320362097
0.13621362136213633,0.7075774266318383,0.6160618525278947,0.7517585307814525
0.1365136513651366,0.7068720909739038,0.6156714444109442,0.7509603761691217
0.13681368136813687,0.7061689664182254,0.6152822134102452,0.7501648492800846
0.13711371137113715,0.7054680482223387,0.6148941575986812,0.749371942871883
0.13741374137413742,0.7047693316259657,0.6145072750307297,0.7485816497048715
0.1377137713771377,0.7040728118514705,0.6141215637428151,0.7477939625424663
0.1380138013801382,0.7033784841043116,0.6137370217536567,0.747008874151389
0.13831383138313846,0.702686343573482,0.6133536470646102,0.7462263773019092
0.13861386138613874,0.7019963854319501,0.6129714376600072,0.745446464768079
0.138913891389139,0.7013086048370902,0.6125903915074895,0.7446691293279672
0.13921392139213928,0.70062299693111,0.6122105065583392,0.7438943637638895
0.13951395139513956,0.6999395568414697,0.611831780747804,0.7431221608626338
0.13981398139813983,0.6992582796812983,0.6114542119954185,0.7423525134156833
0.1401140114011401,0.6985791605498013,0.6110777982053222,0.7415854142194349
0.1404140414041406,0.6979021945326667,0.6107025372665728,0.7408208560754146
0.14071407140714087,0.6972273767024607,0.6103284270534544,0.7400588317904919
0.14101410141014115,0.6965547021190219,0.6099554654257834,0.7392993341770846
0.14131413141314142,0.6958841658298487,0.6095836502292095,0.7385423560533672
0.1416141614161417,0.6952157628704811,0.6092129792955132,0.737787890243472
0.14191419141914197,0.6945494882648786,0.6088434504428989,0.7370359295776884
0.14221422142214224,0.6938853370257909,0.6084750614762845,0.7362864668926579
0.1425142514251425,0.6932233041551255,0.6081078101875872,0.7355394950315673
0.142814281428143,0.6925633846443089,0.6077416943560064,0.7347950068443374
0.14311431143114328,0.6919055734746448,0.6073767117483007,0.734052995187811
0.14341434143414356,0.6912498656176637,0.6070128601190631,0.7333134529259331
0.14371437143714383,0.6905962560354715,0.6066501372109929,0.7325763729299339
0.1440144014401441,0.6899447396810915,0.6062885407551624,0.7318417480785047
0.14431443144314438,0.6892953114988015,0.605928068471281,0.7311095712579724
0.14461446144614465,0.6886479664244671,0.6055687180679565,0.730379835362471
0.14491449144914492,0.6880026993858697,0.6052104872429515,0.7296525332941106
0.1452145214521452,0.6873595053030295,0.6048533736834368,0.7289276579631422
0.1455145514551457,0.6867183790885272,0.6044973750662438,0.7282052022881208
0.14581458145814596,0.6860793156478147,0.604142489058109,0.7274851591960674
0.14611461146114624,0.6854423098795287,0.6037887133159192,0.7267675216226234
0.1464146414641465,0.684807356675795,0.6034360454869518,0.7260522825122071
0.14671467146714678,0.6841744509225307,0.6030844832091127,0.7253394348181659
0.14701470147014706,0.6835435874997416,0.6027340241111694,0.7246289715029252
0.14731473147314733,0.6829147612818153,0.6023846658129828,0.7239208855381356
0.1476147614761476,0.6822879671378097,0.6020364059257353,0.7232151699048172
0.1479147914791481,0.6816631999317401,0.6016892420521558,0.7225118175935004
0.14821482148214837,0.6810404545228572,0.601343171786741,0.7218108216043682
0.14851485148514865,0.6804197257659261,0.600998192715975,0.7211121749473891
0.14881488148814892,0.6798010085114984,0.6006543024185451,0.720415870642454
0.1491149114911492,0.6791842976061819,0.600311498465555,0.7197219017195078
0.14941494149414947,0.6785695878929053,0.5999637341048818,0.7190302612186783
0.14971497149714974,0.6779568742111801,0.5995549678087789,0.7183409421904049
0.15001500150015,0.6773461513973583,0.5991474963298807,0.7176539376955622
0.1503150315031505,0.6767374142848854,0.5987413167196001,0.7169692408055826
0.15061506150615078,0.6761306577045532,0.5983364260214764,0.7162868446025796
0.15091509150915106,0.6755258764847432,0.5979328212714131,0.7156067421794622
0.15121512151215133,0.6749230654516722,0.5975304994979092,0.7149289266400529
0.1515151515151516,0.6743222194296311,0.5971294577222886,0.7142533910992015
0.15181518151815188,0.6737233332412207,0.5967296929589272,0.7135801286828969
0.15211521152115215,0.6731264017075849,0.5963312022154745,0.7129091325283765
0.15241524152415242,0.6725314196486395,0.5959339824930753,0.7122403957842336
0.1527152715271527,0.6719383818832982,0.5955380307865853,0.7115739116105233
0.1530153015301532,0.6713472832296964,0.5951433440847869,0.7109096731788654
0.15331533153315346,0.6707581185054079,0.5947499193705982,0.7102476736725477
0.15361536153615374,0.6701708825276632,0.594357753621283,0.7095879062866224
0.153915391539154,0.6695855701135612,0.5939668438086549,0.7089303642280059
0.15421542154215429,0.6690021760802796,0.5935771868992809,0.7082750407155739
0.15451545154515456,0.6684206952452804,0.5931887798546802,0.7076219289802549
0.15481548154815483,0.6678411224265147,0.5928016196315218,0.7069710222651221
0.1551155115511551,0.6672634524426218,0.5924157031818177,0.7063223138254836
0.1554155415541556,0.6666876801131284,0.5920310274531163,0.7056757969289698
0.15571557155715587,0.6661138002586408,0.5916475893886888,0.7050314648556216
0.15601560156015615,0.6655418077010375,0.5912653859277173,0.7043893108979724
0.15631563156315642,0.6649716972636583,0.590884414005477,0.7037493283611325
0.1566156615661567,0.6644034637714891,0.5905046705535184,0.7031115105628699
0.15691569156915697,0.663837102051345,0.590126152499845,0.7024758508336896
0.15721572157215724,0.6632726069320511,0.5897488567690892,0.7018423425169109
0.15751575157515751,0.6627099732446188,0.5893727802826858,0.7012109789687442
0.157815781578158,0.6621491958224206,0.588997919959044,0.7005817535583638
0.15811581158115828,0.6615902695013638,0.5886242727137143,0.6999546596679834
0.15841584158415856,0.6610331891200564,0.5882518354595556,0.699329690692924
0.15871587158715883,0.6604779495199766,0.587880605106899,0.6987068400416854
0.1590159015901591,0.6599245455456354,0.5875105785637091,0.698086101136013
0.15931593159315938,0.6593729720447384,0.5871417527357432,0.6974674674109658
0.15961596159615965,0.6588232238683452,0.5867741245267081,0.6968509323149794
0.15991599159915992,0.658275295871025,0.586407690838415,0.6962364893099311
0.1602160216021602,0.6577291829110105,0.5860424485709312,0.6956241318712003
0.1605160516051607,0.6571848798503513,0.5856783946227319,0.6950138534877297
0.16081608160816097,0.6566423815550604,0.5853155258908459,0.6944056476620853
0.16111611161116124,0.6561016828952623,0.5849538392710034,0.6937995079105119
0.1614161416141615,0.6555627787453372,0.5845933316577787,0.6931954277629904
0.16171617161716179,0.6550256639840631,0.5842339999447325,0.6925934007632927
0.16201620162016206,0.6544903334947556,0.5838758410245509,0.6919934204690348
0.16231623162316233,0.6539567821654053,0.5835188517891837,0.6913954804517289
0.1626162616261626,0.6534250048888124,0.583163029129979,0.6907995742968345
0.1629162916291631,0.6528949965627221,0.5828083699378178,0.6902056956038066
0.16321632163216337,0.6523667520899522,0.5824548711032448,0.6896138379861464
0.16351635163516365,0.6518402663785242,0.5821025295165979,0.6890239950714452
0.16381638163816392,0.651315534341789,0.5817513420681367,0.6884361605014312
0.1641164116411642,0.6507925508985517,0.5814013056481677,0.6878503279320145
0.16441644164416447,0.6502713109731936,0.5810524171471683,0.6872664910333293
0.16471647164716474,0.6497518094957933,0.5807046734559088,0.6866846434897758
0.16501650165016502,0.6492340414022444,0.580358071465573,0.6861047790000618
0.1653165316531655,0.648718001634372,0.580012608067877,0.6855268912772408
0.16561656165616578,0.6482036851400481,0.5796682801551845,0.6849509740487523
0.16591659165916606,0.6476910868733023,0.5793250846206225,0.684377021056457
0.16621662166216633,0.6471802017944337,0.578983018358195,0.6838050260566738
0.1665166516651666,0.6466710248701185,0.5786420782628934,0.6832349828202149
0.16681668166816688,0.646163551073518,0.5783022612308071,0.6826668851324194
0.16711671167116715,0.6456577753843826,0.5779635641592307,0.682100726793186
0.16741674167416742,0.6451536927891551,0.5776259839467712,0.6815365016170051
0.1677167716771677,0.6446512982810717,0.5772895174934524,0.680974203432989
0.1680168016801682,0.644150586860263,0.5769541617008183,0.6804138260849012
0.16831683168316847,0.6436515535338494,0.5766199134720338,0.6798553634311868
0.16861686168616874,0.6431541933160386,0.576286769711986,0.6792988093449975
0.168916891689169,0.6426585012282198,0.5759547273273812,0.6787441577142197
0.1692169216921693,0.642164472299056,0.575623783226843,0.6781914024414998
0.16951695169516956,0.641672101564575,0.5752939343210072,0.6776405374442686
0.16981698169816983,0.6411813840682586,0.574965177522615,0.6770915566547651
0.1701170117011701,0.6406923148611304,0.5746375097466063,0.6765444540200594
0.1704170417041706,0.6402048890018426,0.5743109279102108,0.6759992235020735
0.17071707170717088,0.6397191015567587,0.5739854289330363,0.6754558590776045
0.17101710171017115,0.6392349476000377,0.5736610097371574,0.6749143547383415
0.17131713171317142,0.6387524222137153,0.5733376672472023,0.6743747044908864
0.1716171617161717,0.6382715204877836,0.5730153983904378,0.6738369023567717
0.17191719171917197,0.6377922375202689,0.5726942000968533,0.6733009423724782
0.17221722172217224,0.6373145684173097,0.5723740692992432,0.6727668185894504
0.17251725172517252,0.636838508293231,0.5720550029332875,0.6722345250741137
0.172817281728173,0.6363640522706182,0.5717369979376332,0.6717040559078868
0.17311731173117328,0.6358911954803912,0.5714200512539713,0.6711754051871991
0.17341734173417356,0.6354199330618732,0.5711041598271145,0.6706485670235001
0.17371737173717383,0.6349502601628614,0.5707893206050734,0.6701235355432741
0.1740174017401741,0.6344821719396957,0.570475530539131,0.6696003048880508
0.17431743174317438,0.6340156635573249,0.5701627865839162,0.6690788692144164
0.17461746174617465,0.633550730189373,0.569851085697476,0.6685592226940239
0.17491749174917492,0.6330873670182027,0.5695404248413467,0.6680413595136017
0.1752175217521752,0.6326255692349785,0.5692308009806232,0.6675252738749624
0.1755175517551757,0.6321653320397298,0.5689222110840289,0.6670109599950105
0.17581758175817597,0.6317066506414089,0.5686146521239814,0.6664984121057503
0.17611761176117624,0.6312495202579518,0.5683081210766602,0.6659876244542908
0.1764176417641765,0.6307939361163357,0.568002614922071,0.6654785913028524
0.1767176717671768,0.6303398934526354,0.5676981306441108,0.664971306928771
0.17701770177017706,0.6298873875120792,0.5673946652306295,0.6644657656245037
0.17731773177317733,0.629436413549103,0.567092215673493,0.6639619616976306
0.1776177617761776,0.6289869668274027,0.566790778968643,0.6634598894708594
0.1779177917791781,0.6285390426199882,0.5664903521161578,0.6629595432820263
0.17821782178217838,0.6280926362092315,0.5661909321203096,0.6624609174840996
0.17851785178517865,0.627647742886918,0.5658925159896232,0.6619640064451783
0.17881788178817892,0.627204357954295,0.5655951007369319,0.6614688045484938
0.1791179117911792,0.6267624767221184,0.5652986833794336,0.66097530619241
0.17941794179417947,0.6263220945106995,0.565003260938745,0.6604835057904217
0.17971797179717974,0.6258832066499508,0.5647088304409552,0.6599933977711541
0.18001800180018002,0.6254458084794288,0.5644153889166783,0.6595049765783597
0.1803180318031805,0.6250098953483784,0.5641229334011055,0.6590182366709163
0.18061806180618079,0.6245754626157752,0.5638314609340552,0.6585331725228248
0.18091809180918106,0.6241425056503657,0.5635409685600227,0.6580497786232038
0.18121812181218133,0.6237110198307074,0.5632514533282292,0.6575680494762861
0.1815181518151816,0.6232810005452091,0.5629629122926701,0.6570879796014143
0.18181818181818188,0.6228524431921677,0.5626753425121613,0.656609563533035
0.18211821182118215,0.6224253431798064,0.5623887410503858,0.6561327958206932
0.18241824182418243,0.6219996959263103,0.5621031049759386,0.6556576710290256
0.18271827182718292,0.6215754968598619,0.5618184313623709,0.6551841837377541
0.1830183018301832,0.621152741418676,0.5615347172882348,0.6547123285416788
0.18331833183318347,0.6207314250510323,0.561251959837124,0.654242100050669
0.18361836183618374,0.620311543215308,0.5609701560977168,0.6537734928896556
0.18391839183918401,0.6198930913800104,0.5606893031638174,0.6533065016986221
0.1842184218421843,0.6194760650238066,0.5604093981343949,0.6528411211325955
0.18451845184518456,0.6190604596355541,0.5601304381136237,0.6523773458616362
0.18481848184818483,0.6186462707143299,0.5598524202109215,0.6519151705708278
0.1851185118511851,0.6182334937694577,0.5595753415409871,0.651454589960267
0.1854185418541856,0.6178221243205374,0.5592991992238379,0.6509955987450512
0.18571857185718588,0.6174121578974693,0.5590239903848453,0.650538191655269
0.18601860186018615,0.6170035900404813,0.5587497121547711,0.650082363435986
0.18631863186318642,0.6165964163001535,0.5584763616698014,0.6496281088472335
0.1866186618661867,0.6161906322374424,0.5582039360715813,0.6491754226639959
0.18691869186918697,0.6157862334237043,0.5579324325072476,0.6487242996761966
0.18721872187218724,0.615383215440718,0.5576618481294617,0.6482747346886854
0.18751875187518752,0.6149815738807064,0.5573921800964416,0.6478267225212235
0.187818781878188,0.614581304346358,0.5571234255719929,0.6473802580084698
0.18811881188118829,0.6141824024508478,0.5568555817255388,0.6469353359999661
0.18841884188418856,0.6137848638178554,0.5565886457321508,0.6464919513601212
0.18871887188718883,0.6133886840815855,0.556322614772577,0.6460500989681959
0.1890189018901891,0.6129938588867856,0.556057486033271,0.6456097737182871
0.18931893189318938,0.6126003838887633,0.5557932567064198,0.6451709705193115
0.18961896189618965,0.6122082547534037,0.5555299239899705,0.6447336842949888
0.18991899189918993,0.6118174671571852,0.5552674850876573,0.6442979099838249
0.19021902190219042,0.6114280167871954,0.555005937209027,0.6438636425390942
0.1905190519051907,0.6110398993411461,0.5547452775694651,0.6434308769288233
0.19081908190819097,0.6106531105273868,0.5544855033902194,0.6429996081357712
0.19111911191119124,0.6102676460649189,0.5542266118984245,0.6425698311574118
0.19141914191419152,0.6098835016834084,0.5539686003271255,0.6421415410059159
0.1917191719171918,0.6095006731231987,0.5537114659153006,0.6417147327081314
0.19201920192019206,0.6091191561353217,0.5534552059078839,0.6412894013055643
0.19231923192319234,0.6087389464815098,0.5531998175557862,0.6408655418543596
0.1926192619261926,0.608360039934205,0.5529452981159171,0.6404431494252808
0.1929192919291931,0.6079824322765708,0.5526916448512056,0.6400222191036901
0.19321932193219338,0.6076061193025001,0.5524388550306194,0.6396027459895287
0.19351935193519365,0.6072310968166243,0.5521869259291848,0.639184725197295
0.19381938193819392,0.6068573606343219,0.5519358548280062,0.6387681518560239
0.1941194119411942,0.6064849065817259,0.5516856390142839,0.638353021109266
0.19441944194419447,0.6061137304957314,0.5514362757813325,0.6379393281150658
0.19471947194719474,0.6057438282240012,0.5511877624285979,0.6375270680459403
0.19501950195019502,0.6053751956249731,0.5509400962616746,0.6371162360888564
0.1953195319531955,0.6050078285678646,0.5506932745923224,0.6367068274452088
0.1956195619561958,0.6046417229326788,0.5504472947384815,0.6362988373307985
0.19591959195919606,0.6042768746102077,0.5502021540242887,0.6358922609758084
0.19621962196219633,0.6039132795020374,0.5499578497800921,0.6354870936247813
0.1965196519651966,0.6035509335205508,0.5497143793424655,0.6350833305365966
0.19681968196819688,0.6031898325889311,0.5494717400542226,0.6346809669844468
0.19711971197119715,0.6028299726411648,0.5492299292644307,0.6342799982558134
0.19741974197419743,0.6024713496220424,0.5489889443284238,0.633880419652444
0.19771977197719792,0.6021139594871617,0.5487487826078148,0.6334822264903267
0.1980198019801982,0.6017577982029283,0.5485094414705086,0.6330854140996679
0.19831983198319847,0.6014028617465559,0.5482709182907133,0.6326899778248655
0.19861986198619874,0.601049146106067,0.5480332104489514,0.6322959130244854
0.19891989198919902,0.6006966472802928,0.5477963153320713,0.6319032150712365
0.1992199219921993,0.6003453612788727,0.547560230333258,0.6315118793519454
0.19951995199519956,0.5999952841222529,0.5473249528520422,0.6311219012675311
0.19981998199819984,0.5996464118416855,0.5470904802943112,0.6307332762329795
0.2001200120012001,0.5992987404792259,0.5468568100723172,0.6303459996773175
0.2004200420042006,0.598952266087732,0.5466239396046877,0.6299600670435874
0.20072007200720088,0.5986069847308598,0.5463918663164321,0.6295754737888216
0.20102010201020115,0.5982628924830615,0.5461605876389513,0.6291922153840144
0.20132013201320142,0.5979199854295817,0.545930101010045,0.6288102873140973
0.2016201620162017,0.5975782596664536,0.5457004038739192,0.6284296850779119
0.20192019201920197,0.5972377113004951,0.5454714936811931,0.6280504041881831
0.20222022202220225,0.596898336449304,0.5452433678889059,0.6276724401714926
0.20252025202520252,0.596560131241253,0.545016023960523,0.6272957885682514
0.20282028202820301,0.5962230918154849,0.5447894593659425,0.6269204449326724
0.2031203120312033,0.5958872143219065,0.5445636715815001,0.6265464048327445
0.20342034203420356,0.5955524949211826,0.5443386580899746,0.6261736638502032
0.20372037203720383,0.5952189297847301,0.5441144163805932,0.6258022175805042
0.2040204020402041,0.594886515094711,0.5438909439490356,0.6254320616327955
0.20432043204320438,0.5945552470440258,0.5436682382974388,0.625063191629889
0.20462046204620465,0.5942251218363056,0.5434462969344007,0.6246956032082329
0.20492049204920493,0.5938961356859049,0.5432251173749839,0.6243292920178837
0.20522052205220542,0.5935682848178937,0.5430046971407188,0.623964253722477
0.2055205520552057,0.5932415654680493,0.5427850337596073,0.623600483999201
0.20582058205820597,0.5929159738828471,0.5425661247661246,0.6232379785387656
0.20612061206120624,0.5925915063194526,0.5423479677012224,0.6228767330453754
0.20642064206420652,0.5922681590457113,0.5421305601123304,0.6225167432367004
0.2067206720672068,0.5919459283401404,0.5419138995533587,0.622158004843847
0.20702070207020706,0.5916248104919181,0.5416979835846988,0.6218005136113295
0.20732073207320734,0.591304801800874,0.5414828097732255,0.6214442652970404
0.2076207620762076,0.5909858985774784,0.541268375692297,0.6210892556722221
0.2079207920792081,0.590668097142833,0.541054678921757,0.620735480521436
0.20822082208220838,0.590351393828658,0.5408417170479335,0.6203829356425355
0.20852085208520865,0.5900357849772828,0.5406294876636402,0.6200316168466344
0.20882088208820893,0.5897212669416336,0.5404179883681757,0.6196815199580782
0.2091209120912092,0.5894078360852225,0.5402072167673236,0.6193326408144143
0.20942094209420947,0.5890954887821349,0.5399971704733517,0.6189849752663625
0.20972097209720975,0.5887842214170178,0.5397878471050113,0.6186385191777851
0.21002100210021002,0.5884740303850673,0.5395792442875356,0.6182932684256566
0.21032103210321051,0.5881649120920167,0.5393713596526393,0.6179492189000336
0.2106210621062108,0.5878568629541222,0.5391641908385159,0.6176063665040262
0.21092109210921106,0.5875498793981513,0.5389577354898369,0.6172647071537659
0.21122112211221133,0.5872439578613685,0.538751991257749,0.6169242367783764
0.2115211521152116,0.5869390947915225,0.5385469557998721,0.6165849513199431
0.21182118211821188,0.5866352866468316,0.5383426267802971,0.6162468467334827
0.21212121212121215,0.5863325298959712,0.5381390018695824,0.6159099189869132
0.21242124212421243,0.5860308210180577,0.5379360787447518,0.6155741640610226
0.21272127212721292,0.5857301565026357,0.537733855089291,0.615239577949439
0.2130213021302132,0.5854305328496634,0.5375323285931438,0.6149061566586
0.21332133213321347,0.5851319465694964,0.5373314969527095,0.6145738962077216
0.21362136213621374,0.5848343941828742,0.5371313578708381,0.6142427926287676
0.21392139213921402,0.5845378722209043,0.5369319090568266,0.613912841966419
0.2142214221422143,0.584242377225047,0.5367331482264155,0.6135840402780433
0.21452145214521456,0.5839479057471002,0.5365350731017834,0.6132563836336629
0.21482148214821484,0.5836544543491832,0.536337681411543,0.6129298681159251
0.2151215121512151,0.5833620196037206,0.5361409708907362,0.6126044898200705
0.2154215421542156,0.5830705980934275,0.5359449392808296,0.6122802448539022
0.21572157215721588,0.5827801864112917,0.5357495843297083,0.611957129337755
0.21602160216021615,0.5824907811605581,0.5355549037916716,0.6116351394044637
0.21632163216321643,0.5822023789547118,0.5353608954274268,0.6113142711993323
0.2166216621662167,0.5819149764174619,0.5351675570040842,0.6109945208801031
0.21692169216921697,0.5816285701827238,0.5349748862951509,0.6106758846169248
0.21722172217221725,0.5813431568946028,0.5347828810805244,0.610358358592322
0.21752175217521752,0.5810587332073762,0.534591539146487,0.6100419390011635
0.21782178217821802,0.580775295785477,0.5344008582856997,0.6097266220506309
0.2181218121812183,0.5804928413034753,0.5342108362971948,0.609412403960188
0.21842184218421856,0.580211366446061,0.5340214709863697,0.6090992809615486
0.21872187218721884,0.5799308679080261,0.5338327601649802,0.6087872492986454
0.2190219021902191,0.5796513423942468,0.5336447016511335,0.6084763052275985
0.21932193219321938,0.5793727866196651,0.5334572932692809,0.6081664450166846
0.21962196219621966,0.5790951973092711,0.5332705328502106,0.6078576649463048
0.21992199219921993,0.578818571198084,0.5330844182310404,0.6075499613089532
0.22022202220222042,0.5785429050311339,0.53289894725521,0.6072433304091861
0.2205220522052207,0.578268195563444,0.5327141177724734,0.6069377685635902
0.22082208220822097,0.5779944395600103,0.5325299276388908,0.6066332721007504
0.22112211221122124,0.5777216337957838,0.5323463747168211,0.6063298373612191
0.22142214221422152,0.5774497750556513,0.5321634568749135,0.6060274606974846
0.2217221722172218,0.5771788601344165,0.531981171988099,0.6057261384739392
0.22202220222022206,0.5769088858367805,0.5317995179375827,0.6054258670668481
0.22232223222322234,0.5766398489773225,0.5316184926108346,0.6051266428643172
0.2226222622262226,0.5763717463804803,0.5314380939015815,0.6048284622662624
0.2229222922292231,0.5761045748805318,0.531258319709798,0.6045313216843772
0.22322232223222338,0.5758383313215737,0.5310791679416978,0.6042352175421022
0.22352235223522365,0.575573012557503,0.5309006365097245,0.6039401462745922
0.22382238223822393,0.5753086154519969,0.5307227233325426,0.6036461043286858
0.2241224122412242,0.5750451368784921,0.5305454263350282,0.603353088162873
0.22442244224422447,0.5747825737201664,0.5303687434482601,0.6030610942472644
0.22472247224722475,0.5745209228699169,0.5301926726095099,0.602770119063559
0.22502250225022502,0.5742601812303407,0.5300172117622324,0.6024801591050132
0.22532253225322552,0.5740003457137149,0.5298423588560565,0.6021912108764085
0.2256225622562258,0.5737414132419754,0.529668111846775,0.6019032708940212
0.22592259225922606,0.5734833807466967,0.5294944686963349,0.6016163356855897
0.22622262226222634,0.5732262451690717,0.5293214273728272,0.6013304017902834
0.2265226522652266,0.5729700034598907,0.5291489858504772,0.6010454657586715
0.22682268226822688,0.572714652579521,0.5289771421096343,0.6007615241526909
0.22712271227122716,0.572460189497886,0.5288058941367617,0.6004785735456153
0.22742274227422743,0.5722066111944444,0.5286352399244257,0.6001966105220237
0.22772277227722793,0.5719539146581686,0.5284651774712863,0.5999156316777682
0.2280228022802282,0.5717020968875254,0.5282957047820852,0.599635633619944
0.22832283228322847,0.5714511548904532,0.5281268198676365,0.5993566129668563
0.22862286228622875,0.5712010856843416,0.5279585207448156,0.5990785663479902
0.22892289228922902,0.5709518862960102,0.527790805436548,0.5988014904039787
0.2292229222922293,0.5707035537616876,0.527623671971799,0.5985253817865716
0.22952295229522957,0.5704560851269894,0.5274571183855626,0.5982502371586039
0.22982298229822984,0.5702094774468975,0.5272911427188504,0.5979760531939651
0.2301230123012301,0.5699637277857383,0.5271257430186803,0.597702826577567
0.2304230423042306,0.5697188332171615,0.5269609173380664,0.597430554005313
0.23072307230723088,0.5694747908241184,0.5267966637360062,0.5971592321840673
0.23102310231023115,0.5692315976988402,0.5266329802774703,0.5968888578316226
0.23132313231323143,0.5689892509428165,0.5264698650333908,0.5966194276766696
0.2316231623162317,0.5687477476667734,0.52630731608065,0.5963509384587661
0.23192319231923197,0.5685070849906523,0.5261453315020683,0.596083386928305
0.23222322232223225,0.5682672600435876,0.5259839093863935,0.5958167698464839
0.23252325232523252,0.568028269963885,0.5258230478282881,0.595551083985274
0.23282328232823302,0.567790111899,0.5256627449283191,0.5952863261273885
0.2331233123312333,0.5675527830055154,0.5255029987929443,0.5950224930662528
0.23342334233423356,0.5673162804491197,0.5253438075345018,0.5947595816059718
0.23372337233723384,0.567080601404585,0.5251851692711981,0.5944975885613003
0.2340234023402341,0.5668457430557452,0.5250270821270953,0.5942365107576117
0.23432343234323438,0.5666117025954736,0.5248695442320999,0.593976345030867
0.23462346234623466,0.5663784772256608,0.5247125537219501,0.5937170882275842
0.23492349234923493,0.5661460641571933,0.5245561087382045,0.593458737204807
0.23522352235223543,0.5659144606099301,0.524400207428229,0.5932012888300745
0.2355235523552357,0.5656836638126821,0.5242448479451852,0.592944739981391
0.23582358235823597,0.5654536710031883,0.524090028448018,0.5926890875471938
0.23612361236123625,0.5652244794280945,0.523935747101443,0.592434328426324
0.23642364236423652,0.5649960863429307,0.5237820020759344,0.5921804595279951
0.2367236723672368,0.5647684890120892,0.5236287915477127,0.5919274777717625
0.23702370237023707,0.5645416847088015,0.5234761136987316,0.5916753800874932
0.23732373237323734,0.5643156707151168,0.5233239667166666,0.5914241634153355
0.2376237623762376,0.5640904443218793,0.5231723487949012,0.591173824705688
0.2379237923792381,0.5638660028287058,0.5230212581325152,0.5909243609191694
0.23822382238223838,0.5636423435439634,0.5228706929342719,0.5906757690265887
0.23852385238523865,0.5634194637847467,0.522720651410605,0.5904280460089136
0.23882388238823893,0.5631973608768561,0.5225711317776062,0.5901811888572419
0.2391239123912392,0.5629760321547748,0.5224221322570125,0.5899351945727697
0.23942394239423948,0.5627554749616462,0.5222736510761936,0.5896900601667622
0.23972397239723975,0.5625356866492524,0.5221256864681385,0.5894457826605232
0.24002400240024002,0.5623166645779901,0.5219782366714429,0.5892023590853651
0.24032403240324052,0.5620984061168501,0.521831299930297,0.588959786482579
0.2406240624062408,0.5618809086433931,0.5216848744944711,0.5887180619034043
0.24092409240924106,0.5616641695437279,0.5215389586193041,0.588477182408999
0.24122412241224134,0.561448186212489,0.5213935505656898,0.5882371450704101
0.2415241524152416,0.5612329560528138,0.521248648600064,0.5879979469685431
0.24182418241824188,0.5610184764763201,0.5211042509943914,0.5877595851941326
0.24212421242124216,0.5608047449030837,0.5209603560261525,0.5875220568477125
0.24242424242424243,0.560591758761616,0.5208169619783309,0.5872853590395865
0.24272427242724293,0.5603795154888409,0.5206740671394,0.5870494888897977
0.2430243024302432,0.560168012530073,0.5205316698033092,0.5868144435281002
0.24332433243324347,0.5599572473389944,0.5203897682694718,0.5865802200939285
0.24362436243624375,0.5597472173776327,0.5202483608427511,0.5863468157363685
0.24392439243924402,0.5595379201163379,0.5201074458334471,0.5861142276141277
0.2442244224422443,0.5593293530337603,0.5199670215572841,0.5858824528955064
0.24452445244524457,0.5591215136168279,0.5198270863353964,0.5856514887583677
0.24482448244824484,0.5589143993607237,0.519687638494316,0.5854213323901089
0.2451245124512451,0.5587080077688632,0.519548676365958,0.5851919809876315
0.2454245424542456,0.5585023363528723,0.5194101982876093,0.5849634317573124
0.24572457245724588,0.558297382632564,0.519272202601913,0.5847356819149754
0.24602460246024616,0.5580931441359167,0.5191346876568568,0.584508728685861
0.24632463246324643,0.557889618399051,0.5189976518057585,0.5842825693045979
0.2466246624662467,0.5576868029662078,0.5188610934072535,0.5840572010151743
0.24692469246924698,0.5574846953897252,0.5187250108252809,0.5838326210709088
0.24722472247224725,0.5572832932300169,0.51858940242907,0.5836088267344212
0.24752475247524752,0.5570825940555487,0.5184542665931275,0.5833858152776042
0.24782478247824802,0.556882595442817,0.5183196016972235,0.5831635839815945
0.2481248124812483,0.5566832949763258,0.518185406126378,0.5829421301367445
0.24842484248424856,0.5564846902485644,0.518051678270848,0.5827214510425927
0.24872487248724884,0.5562867788599848,0.5179184165261137,0.5825015440078362
0.2490249024902491,0.5560895584189797,0.5177856192928648,0.5822824063503014
0.24932493249324938,0.5558930265418599,0.5176532849769877,0.5820640353969162
0.24962496249624966,0.5556971808528322,0.5175214119895514,0.5818464284836814
0.24992499249924993,0.5555020189839764,0.517389998746794,0.581629582955642
0.2502250225022504,0.5553075385752235,0.5172590436701101,0.5814134961668594
0.2505250525052507,0.5551137372743338,0.5171285451860359,0.5811981654803835
0.250825082508251,0.5549206127368733,0.5169985017262367,0.5809835882682233
0.25112511251125125,0.5547281626261926,0.5168689117274934,0.5807697619113201
0.2514251425142515,0.5545363846134044,0.5167397736316882,0.580556683799519
0.2517251725172518,0.5543452763773606,0.516611085885792,0.5803443513315407
0.25202520252025207,0.5541548356046313,0.5164828469418502,0.5801327619149542
0.25232523252325234,0.5539650599894814,0.5163550552569696,0.5799219129661481
0.2526252625262526,0.5537759472338489,0.5162277092933045,0.5797118019103038
0.2529252925292531,0.5535874950473234,0.5161008075180438,0.5795024261813668
0.2532253225322534,0.5533997011471227,0.5159743484033967,0.5792937832220202
0.25352535253525366,0.5532125632580717,0.5158483304265796,0.5790858704836557
0.25382538253825393,0.5530260791125798,0.5157227520698028,0.5788786854263472
0.2541254125412542,0.5528402464506194,0.5155976118202562,0.578672225518823
0.2544254425442545,0.552655063019703,0.5154729081700967,0.5784664882384379
0.25472547254725475,0.5524705265748622,0.5153486396164342,0.5782614710711468
0.255025502550255,0.5522866348786246,0.5152248046613179,0.5780571715114764
0.2553255325532555,0.5521033857009936,0.5151014018117234,0.5778535870624986
0.2556255625562558,0.5519207768194242,0.5149784295795384,0.5776507152358036
0.25592559255925607,0.5517388060188029,0.51485588648155,0.5774485535514718
0.25622562256225634,0.5515574710914251,0.5147337710394306,0.5772470995380479
0.2565256525652566,0.5513767698369731,0.5146120817797246,0.5770463507325128
0.2568256825682569,0.5511967000624952,0.5144908172338352,0.5768463046802579
0.25712571257125716,0.5510172595823826,0.5143699759380101,0.5766469589350571
0.25742574257425743,0.5508384462183487,0.5142495564333293,0.5764483110590412
0.25772577257725793,0.5506602577994067,0.5141295572656902,0.5762503586226696
0.2580258025802582,0.5504826921618491,0.5140099769857955,0.5760530992047058
0.2583258325832585,0.5503057471492241,0.5138908141491386,0.5758565303921888
0.25862586258625875,0.5501294206123156,0.5137720673159908,0.5756606497804073
0.258925892589259,0.5499537104091212,0.5136537350513878,0.5754654549728739
0.2592259225922593,0.5497786144048301,0.513535815925116,0.5752709435812979
0.25952595259525957,0.5496041304718022,0.5134183085116993,0.5750771132255589
0.25982598259825984,0.5494302564895466,0.5133012113903859,0.5748839615336812
0.2601260126012601,0.5492569903446992,0.5131845231451341,0.574691486141807
0.2604260426042606,0.5490843299310031,0.5130682423646002,0.5744996846941705
0.2607260726072609,0.548912273149285,0.5129523676421239,0.5743085548430722
0.26102610261026116,0.5487408179074358,0.5128368975757156,0.5741180942488522
0.26132613261326143,0.5485699621203879,0.5127218307680426,0.5739283005798645
0.2616261626162617,0.5483997037100947,0.5126071658264164,0.5737391715124516
0.261926192619262,0.548230040605509,0.5124929013627788,0.5735507047309175
0.26222622262226225,0.5480609707425618,0.5123790359936888,0.5733628979275037
0.2625262526252625,0.5478924920641411,0.5122655683403093,0.5731757488023619
0.262826282628263,0.5477246025200716,0.512152497028394,0.5729892550635292
0.2631263126312633,0.5475573000670918,0.5120398206882736,0.5728034144269026
0.26342634263426357,0.5473905826688347,0.511927537954843,0.5726182246162131
0.26372637263726384,0.5472244482958055,0.5118156474675479,0.5724336833630007
0.2640264026402641,0.5470588949253617,0.5117041478703716,0.5722497884065886
0.2643264326432644,0.5468939205416913,0.5115930378118217,0.5720665374940581
0.26462646264626466,0.546729523135792,0.5114823159449172,0.5718839283802237
0.26492649264926493,0.5465657007054511,0.5113719809271748,0.5717019588276074
0.26522652265226543,0.5464024512552231,0.5112620314205961,0.5715206266064141
0.2655265526552657,0.546239772796411,0.5111524660916545,0.5713399294945063
0.265826582658266,0.5460776633470436,0.5110432836112817,0.5711598652773792
0.26612661266126625,0.5459161209318557,0.5109344826548551,0.5709804317481356
0.2664266426642665,0.5457551435822674,0.5108260619021839,0.5708016267074615
0.2667266726672668,0.5455947293363634,0.5107180200374971,0.570623447963601
0.26702670267026707,0.5454348762388722,0.5106103557494295,0.5704458933323316
0.26732673267326734,0.5452755823411459,0.5105030677310092,0.5702689606369401
0.2676267626762676,0.5451168457011389,0.510396154679644,0.570092647708197
0.2679267926792681,0.5449586643833889,0.5102896152971094,0.569916952384333
0.2682268226822684,0.5448010364589948,0.5101834482895344,0.5697418725110144
0.26852685268526866,0.5446439600055972,0.5100776523673893,0.5695674059413178
0.26882688268826893,0.5444874331073581,0.5099722262454727,0.5693935505357073
0.2691269126912692,0.5443314538549402,0.509867168642898,0.5692203041620089
0.2694269426942695,0.5441760203454867,0.5097624782830814,0.569047664695387
0.26972697269726975,0.5440211306826015,0.5096581538937279,0.5688756300183204
0.27002700270027,0.5438667829763282,0.5095541942068196,0.568704198020578
0.2703270327032705,0.5437129753431311,0.5094505979586018,0.5685333665991948
0.2706270627062708,0.5435597059058738,0.509347363889571,0.5683631336584481
0.27092709270927107,0.5434069727938001,0.5092444907444614,0.5681934971098338
0.27122712271227134,0.5432547741425136,0.5091419772722328,0.5680244548720421
0.2715271527152716,0.5431031080939577,0.5090398222260568,0.5678560048709345
0.2718271827182719,0.5429519727963958,0.5089380243633054,0.5676881450395196
0.27212721272127216,0.5428013664043916,0.5088365824455371,0.5675208733179297
0.27242724272427243,0.5426512870787885,0.5087354952384847,0.5673541876533975
0.27272727272727293,0.5425017329866906,0.5086347615120429,0.5671880860002323
0.2730273027302732,0.542352702301443,0.5085343800402551,0.5670225663197969
0.2733273327332735,0.5422041932026113,0.5084343496013007,0.5668576265804841
0.27362736273627375,0.5420562038759623,0.5083346689774833,0.5666932647576935
0.273927392739274,0.541908732513445,0.508235336955217,0.5665294788338084
0.2742274227422743,0.54176177731317,0.5081363523250148,0.5663662667981726
0.27452745274527457,0.5416153364793905,0.5080377138814752,0.566203626647067
0.27482748274827484,0.5414694082224831,0.5079394204232706,0.5660415563836876
0.2751275127512751,0.5413239907589276,0.5078414707531339,0.5658800540181212
0.2754275427542756,0.5411790823112883,0.5077438636778466,0.565719117567324
0.2757275727572759,0.5410346811081942,0.5076465980082261,0.5655587450550977
0.27602760276027616,0.5408907853843199,0.5075496725591134,0.5653989345120671
0.27632763276327643,0.5407473933803663,0.5074530861493605,0.5652396839756575
0.2766276627662767,0.5406045033430413,0.507356837601818,0.5650809914900724
0.276927692769277,0.5404621135250408,0.5072609257433234,0.5649228551062702
0.27722772277227725,0.5403202221850294,0.5071653494046875,0.5647652728819423
0.2775277527752775,0.5401788275876211,0.5070701074206834,0.5646082428814909
0.277827782778278,0.5400379280033613,0.5069751986300334,0.5644517631760059
0.2781278127812783,0.5398975217087062,0.5068806218753968,0.5642958318432434
0.27842784278427857,0.5397576069860053,0.5067863760033583,0.5641404469676028
0.27872787278727884,0.5396181821234814,0.5066924598644149,0.5639856066401053
0.2790279027902791,0.5394792454152127,0.5065988723129641,0.5638313089583715
0.2793279327932794,0.5393407951611136,0.5065056122072921,0.5636775520265991
0.27962796279627966,0.5392028296669151,0.5064126784095608,0.5635243339555415
0.27992799279927993,0.5390653472441478,0.5063200697857969,0.5633716528624856
0.28022802280228043,0.5389283462101218,0.5062277852058786,0.5632195068712298
0.2805280528052807,0.5387918248879088,0.5061358235435243,0.563067894112063
0.280828082808281,0.538655781606323,0.50604418367628,0.5629168127217419
0.28112811281128125,0.5385202146999033,0.5059528644855081,0.5627662608434699
0.2814281428142815,0.5383851225088939,0.5058618648563746,0.5626162366268755
0.2817281728172818,0.5382505033792269,0.5057711836778375,0.5624667382279909
0.28202820282028207,0.5381163556625026,0.5056808198426349,0.5623177638092302
0.28232823282328234,0.5379826777159727,0.5055907722472731,0.5621693115393682
0.28262826282628284,0.5378494679025209,0.5055010397920143,0.5620213795935192
0.2829282928292831,0.5377167245906447,0.5054116213808658,0.5618739661531159
0.2832283228322834,0.537584446154438,0.5053225159215667,0.5617270694058877
0.28352835283528366,0.537452630973572,0.5052337223255774,0.5615806875458398
0.28382838283828393,0.5373212774332775,0.505145239508067,0.5614348187732322
0.2841284128412842,0.5371903839243272,0.5050570663879019,0.5612894612945588
0.2844284428442845,0.5370599488430169,0.5049692018876343,0.5611446133225264
0.28472847284728475,0.5369299705911482,0.5048816449334899,0.5610002730760335
0.285028502850285,0.5368004475760101,0.5047943944553566,0.5608564387801498
0.2853285328532855,0.5366713782103617,0.5047074493867729,0.5607131086660957
0.2856285628562858,0.5365427609124137,0.5046208086649165,0.560570280971221
0.28592859285928607,0.5364145941058112,0.5045344712305919,0.5604279539389848
0.28622862286228634,0.5362868762196153,0.5044484360282198,0.5602861258189346
0.2865286528652866,0.5361596056882865,0.5043627020058248,0.5601447948666858
0.2868286828682869,0.5360327809516655,0.5042772681150245,0.5600039593439017
0.28712871287128716,0.5359064004549572,0.5041921333110176,0.5598636175182726
0.28742874287428744,0.5357804626487122,0.5041072965525727,0.5597237676634959
0.28772877287728793,0.5356549659888094,0.5040227568020168,0.559584408059255
0.2880288028802882,0.5355299089364388,0.5039385130252237,0.5594455369912008
0.2883288328832885,0.5354052899580842,0.5038545641916031,0.5593071527509298
0.28862886288628875,0.5352811075255052,0.5037709092740889,0.5591692536359648
0.288928892889289,0.5351573601157206,0.5036875472491277,0.559031837949735
0.2892289228922893,0.5350340462109907,0.5036044770966681,0.5588949040015558
0.28952895289528957,0.5349111642988004,0.5035216978001491,0.5587584501066092
0.28982898289828984,0.5347887128718415,0.5034392083464887,0.5586224745859235
0.29012901290129034,0.5346666904279963,0.5033570077260731,0.558486975766354
0.2904290429042906,0.5345450954703201,0.5032750949327452,0.5583519519805633
0.2907290729072909,0.5344239265070242,0.5031934689637938,0.5582174015670012
0.29102910291029116,0.5343031820514587,0.5031121288199419,0.5580833228698855
0.29132913291329143,0.5341828606220961,0.5030310735053364,0.5579497142391823
0.2916291629162917,0.5340629607425139,0.5029503020275361,0.5578165740305866
0.291929192919292,0.5339434809413783,0.5028698133975016,0.5576839006055032
0.29222922292229225,0.5338244197524268,0.5027896066295836,0.5575516923310269
0.2925292529252925,0.5337057757144517,0.5027096807415125,0.5574199475799233
0.292829282928293,0.5335875473712834,0.5026300347543868,0.5572886647306097
0.2931293129312933,0.5334697332717744,0.5025506676926628,0.5571578421671362
0.29342934293429357,0.5333523319697812,0.5024715785841432,0.5570274782791658
0.29372937293729384,0.5332353420241489,0.5023927664599666,0.5568975714619564
0.2940294029402941,0.5331187619986947,0.5023142303545963,0.5567681201163409
0.2943294329432944,0.5330025904621908,0.5022359693058102,0.556639122648709
0.29462946294629466,0.5328868259883482,0.5021579823546889,0.5565105774709876
0.29492949294929494,0.5327714671558009,0.5020802685456061,0.5563824830006229
0.29522952295229543,0.5326565125480885,0.502002826926217,0.5562548376605605
0.2955295529552957,0.5325419607536412,0.5019256565474483,0.5561276398792281
0.295829582958296,0.5324278103657623,0.5018487564634867,0.5560008880905156
0.29612961296129625,0.5323140599826125,0.5017721257317692,0.5558745807337572
0.2964296429642965,0.5322007082071946,0.5016957634129718,0.5557487162537128
0.2967296729672968,0.5320877536473358,0.5016196685709993,0.5556232931005495
0.29702970297029707,0.5319751949156731,0.5015438402729743,0.5554983097298231
0.29732973297329734,0.5318630306296364,0.5014682775892273,0.5553737646024599
0.29762976297629784,0.5317512594114328,0.5013929795932855,0.5552496561847384
0.2979297929792981,0.531639879888031,0.5013179453618632,0.5551259829482712
0.2982298229822984,0.5315288906911448,0.5012431739748505,0.5550027433699865
0.29852985298529866,0.5314182904572181,0.5011686645153031,0.5548799359321102
0.29882988298829893,0.5313080778274082,0.5010944160694324,0.5547575591221476
0.2991299129912992,0.5311982514475708,0.5010204277265944,0.5546356114328663
0.2994299429942995,0.5310888099682439,0.5009466985792802,0.554514091362277
0.29972997299729975,0.5309797520446325,0.5008732277231049,0.5543929974136165
0.3000300030003,0.5308710763365927,0.5008000142567978,0.5542723280953294
0.3003300330033005,0.5307627815086164,0.500727057282192,0.5541520819210506
0.3006300630063008,0.5306548662298156,0.5006543559042145,0.5540322574095878
0.30093009300930107,0.530547329173907,0.5005819092308752,0.5539128530849032
0.30123012301230134,0.5304401690191968,0.5005097163732576,0.5537938674760965
0.3015301530153016,0.5303333844485649,0.5004377764455084,0.5536752991173869
0.3018301830183019,0.5302269741494501,0.500366088564827,0.5535571465480961
0.30213021302130216,0.5301209368138344,0.500294651851456,0.5534394083126305
0.30243024302430244,0.530015271138228,0.500223465428671,0.5533220829604639
0.30273027302730293,0.5299099758236543,0.5001525284227701,0.5532051690461203
0.3030303030303032,0.5298050495756341,0.5000818399630647,0.5530886651291567
0.3033303330333035,0.5297004911041713,0.5000113991818687,0.5529725697741453
0.30363036303630375,0.5295962991237373,0.49994120521448937,0.5528568815506575
0.303930393039304,0.5294924723532564,0.4998712571992168,0.5527415990332454
0.3042304230423043,0.5293890095160902,0.49980155427731443,0.5526267208014259
0.30453045304530457,0.5292859093400238,0.49973209559300896,0.5525122454396633
0.30483048304830485,0.5291831705572498,0.49966288029348055,0.5523981715373519
0.30513051305130534,0.5290807919043541,0.49959390752885313,0.5522844976888002
0.3054305430543056,0.5289787721223007,0.49952517645218475,0.5521712224932129
0.3057305730573059,0.5288771099564177,0.4994566862194573,0.5520583445546752
0.30603060306030616,0.5287758041563818,0.4993884359895675,0.551945862482135
0.30633063306330643,0.5286748534762041,0.4993204249243167,0.5518337748893871
0.3066306630663067,0.5285742566742155,0.4992526521884015,0.5517220803950564
0.306930693069307,0.5284740125130519,0.4991851169494039,0.5516107776225811
0.30723072307230725,0.5283741197596399,0.4991178183777818,0.5514998652001962
0.30753075307530753,0.5282745771851822,0.49905075564685963,0.5513893417609176
0.307830783078308,0.5281753835651435,0.4989839279328186,0.5512792059425247
0.3081308130813083,0.5280765376792356,0.49891733441468694,0.5511694563875453
0.30843084308430857,0.5279780383114034,0.4988509742743309,0.5510600917432382
0.30873087308730884,0.5278798842498107,0.49878484669644496,0.5509511106615778
0.3090309030903091,0.5277820742868256,0.49871895086854245,0.5508425117992372
0.3093309330933094,0.5276846072190066,0.4986532859809464,0.5507342938175727
0.30963096309630966,0.5275874818470883,0.4985878512267795,0.5506264553826072
0.30993099309930994,0.5274906969759672,0.49852264580195566,0.5505189951650148
0.31023102310231043,0.5273942514146881,0.49845766890516985,0.550411911840104
0.3105310531053107,0.5272981439764295,0.49839291973788935,0.5503052040878027
0.310831083108311,0.5272023734784896,0.4983283975043442,0.5501988705926415
0.31113111311131125,0.527106938742273,0.4982641014115181,0.5500929100437384
0.3114311431143115,0.5270118385932762,0.4982000306691389,0.549987321134783
0.3117311731173118,0.5269170718610737,0.49813618448967006,0.5498821025640204
0.3120312031203121,0.5268226373793049,0.49807256208830064,0.549777253034236
0.31233123312331235,0.5267285339856596,0.4980091626829368,0.5496727712527397
0.31263126312631284,0.5266347605218641,0.49794598549419256,0.5495686559313503
0.3129312931293131,0.5265413158336687,0.49788302974538046,0.5494649057863801
0.3132313231323134,0.5264481987708327,0.49782029466250277,0.5493615195386191
0.31353135313531366,0.5263554081871117,0.4977577794742424,0.5492584959133204
0.31383138313831394,0.5262629429402436,0.4976954834119538,0.5491558336401838
0.3141314131413142,0.526170801891935,0.49763340570965414,0.5490535314533413
0.3144314431443145,0.5260789839078484,0.49757154560401434,0.5489515880913414
0.31473147314731476,0.5259874878575878,0.49750990233434994,0.5488500022971342
0.31503150315031503,0.5258963126146861,0.4974484751426124,0.5487487728180559
0.3153315331533155,0.5258054570565915,0.49738726327338045,0.548647898405814
0.3156315631563158,0.525714920064654,0.4973262659738506,0.5485473778164721
0.31593159315931607,0.5256247005241123,0.49726548249382907,0.548447209810435
0.31623162316231634,0.5255347973240806,0.4972049120857225,0.5483473931524337
0.3165316531653166,0.5254452093575354,0.49714455400452934,0.5482479266115102
0.3168316831683169,0.5253559355213022,0.4970844075078311,0.5481488089610032
0.31713171317131716,0.5252669747160428,0.4970244718557839,0.5480500389785328
0.31743174317431744,0.5251783258462417,0.4969647463111093,0.5479516154459858
0.31773177317731793,0.5250899878201938,0.4969052301390861,0.5478535371495016
0.3180318031803182,0.5250019595499904,0.49684592260754135,0.5477558028794567
0.3183318331833185,0.5249142399515072,0.49678682298684207,0.5476584114304504
0.31863186318631875,0.5248268279443912,0.4967279305498864,0.5475613616012905
0.318931893189319,0.5247397224520474,0.4966692445720953,0.5474646521949784
0.3192319231923193,0.5246529224016264,0.49661076433140394,0.5473682820186948
0.3195319531953196,0.5245664267240118,0.49655248910825295,0.5472722498837854
0.31983198319831985,0.5244802343538068,0.4964944181855803,0.5471765546057462
0.32013201320132034,0.5243943442293219,0.4964365508488129,0.5470811950042094
0.3204320432043206,0.5243087552925627,0.49637888638585764,0.5469861699029293
0.3207320732073209,0.5242234664892166,0.4963214240870938,0.5468914781297676
0.32103210321032116,0.5241384767686403,0.4962641632453638,0.5467971185166796
0.32133213321332144,0.5240537850838478,0.4962071031559657,0.5467030898996998
0.3216321632163217,0.5239693903914973,0.49615024311664424,0.5466093911189283
0.321932193219322,0.5238852916518789,0.49609358242758295,0.5465160210185159
0.32223222322232226,0.5238014878289028,0.4960371203913957,0.546422978446651
0.32253225322532253,0.5237179778900859,0.49598085631311845,0.546330262255545
0.322832283228323,0.5236347608065405,0.4959247895002012,0.5462378713014189
0.3231323132313233,0.523551835552961,0.4958689192624996,0.546145804444489
0.32343234323432357,0.5234692011076125,0.495813244912267,0.5460540605489533
0.32373237323732384,0.5233868564523182,0.4957577657641461,0.545962638482978
0.3240324032403241,0.5233048005724471,0.49570248113516097,0.5458715371186829
0.3243324332433244,0.5232230324569024,0.495647390344709,0.5457807553321289
0.32463246324632467,0.5231415510981086,0.4955924927145527,0.5456902920033035
0.32493249324932494,0.5230603554920001,0.49553778756881167,0.5456001460161077
0.32523252325232543,0.5229794446380093,0.4954832742339549,0.5455103162583421
0.3255325532553257,0.5228988175390537,0.4954289520387924,0.5454208016216938
0.325832583258326,0.522818473201525,0.4953748203144674,0.5453316010017225
0.32613261326132625,0.5227384106352765,0.4953208783944483,0.5452427132978476
0.3264326432643265,0.5226586288536117,0.4952671256145212,0.5451541374133344
0.3267326732673268,0.5225791268732722,0.4952135613127813,0.545065872255281
0.3270327032703271,0.5224999037144259,0.4951601848296257,0.544977916734605
0.32733273327332735,0.5224209584006554,0.49510699550774506,0.5448902697660305
0.32763276327632784,0.5223422899589462,0.49505399269211625,0.5448029302680744
0.3279327932793281,0.5222638974196752,0.4950011757299942,0.5447158971630336
0.3282328232823284,0.5221857798165987,0.4949485439709043,0.5446291693769723
0.32853285328532866,0.5221079361868413,0.4948960967666347,0.544542745839708
0.32883288328832894,0.5220303655708837,0.49484383347122846,0.5444566254847992
0.3291329132913292,0.5219530670125518,0.49479175344097587,0.5443708072495327
0.3294329432943295,0.5218760395590052,0.49473985603440707,0.5442852900749096
0.32973297329732976,0.5217992822607248,0.49468814061228406,0.5442000729056333
0.33003300330033003,0.5217227941715028,0.4946366065375931,0.544115154690097
0.3303330333033305,0.5216465743484304,0.49458525317553764,0.5440305343803694
0.3306330633063308,0.5215706218518867,0.49453407989352993,0.543946210932184
0.3309330933093311,0.5214949357455274,0.4944830860611842,0.5438621833049244
0.33123312331233135,0.5214195150962736,0.4944322710503087,0.5437784504616133
0.3315331533153316,0.5213443589743003,0.49438163423489834,0.5436950113688986
0.3318331833183319,0.5212694664530257,0.49433117499112733,0.5436118649970418
0.33213321332133217,0.5211948366090998,0.49428089269734166,0.543529010319905
0.33243324332433244,0.521120468522393,0.4942307867340516,0.5434464463149381
0.33273327332733293,0.5210463612759857,0.4941808564839243,0.5433641719631672
0.3330333033303332,0.5209725139561565,0.49413110133177657,0.5432821862491817
0.3333333333333335,0.5208989256523717,0.4940815206645675,0.5432004881611218
0.33363336333633375,0.5208255954572741,0.4940321138713909,0.5431190766906661
0.33393339333933403,0.5207525224666724,0.49398288034346827,0.5430379508330202
0.3342334233423343,0.5206797057795296,0.4939338194741414,0.5429571095869032
0.3345334533453346,0.520607144497953,0.49388493065886513,0.5428765519545368
0.33483348334833485,0.5205348377271828,0.49383621329520005,0.5427962769416319
0.33513351335133534,0.5204627845755814,0.49378766678280556,0.5427162835573773
0.3354335433543356,0.5203909841546229,0.4937392905234322,0.5426365708144275
0.3357335733573359,0.5203194355788822,0.493691083920915,0.5425571377288906
0.33603360336033616,0.5202481379660241,0.4936430463811659,0.542477983320316
0.33633363336333644,0.520177090436793,0.49359517731216707,0.542399106611683
0.3366336633663367,0.5201062921150023,0.4935474761239633,0.5423205066293886
0.336933693369337,0.5200357421275233,0.49349994222865556,0.5422421824032356
0.33723372337233726,0.5199654396042755,0.49345257504039325,0.5421641329664209
0.33753375337533753,0.5198953836782154,0.4934053739753677,0.5420863573555234
0.337833783378338,0.5198255734853262,0.4933583384518051,0.5420088546104928
0.3381338133813383,0.5197560081646074,0.4933114678899592,0.5419316237746374
0.3384338433843386,0.5196866868580646,0.49326476171210476,0.541854663894613
0.33873387338733885,0.5196176087106988,0.49321821934253024,0.5417779740204104
0.3390339033903391,0.5195487728704963,0.49317184020753113,0.5417015532053444
0.3393339333933394,0.5194801784884181,0.4931256237354031,0.5416254005060424
0.33963396339633967,0.5194118247183901,0.4930795693564349,0.5415495149824322
0.33993399339933994,0.5193437107172925,0.4930336765029017,0.5414738956977316
0.34023402340234044,0.5192758356449495,0.49298794460905826,0.5413985417184359
0.3405340534053407,0.5192081986641197,0.49294237311113204,0.541323452114307
0.340834083408341,0.5191407989404854,0.4928969614473165,0.541248625958362
0.34113411341134126,0.5190736356426428,0.49285170905776415,0.5411740623268618
0.34143414341434153,0.5190067079420916,0.49280661538458015,0.5410997602993002
0.3417341734173418,0.5189400150132256,0.49276167987181546,0.541025718958392
0.3420342034203421,0.5188735560333222,0.49271690196545986,0.5409519373900623
0.34233423342334235,0.5188073301825322,0.4926722811134358,0.5408784146834351
0.34263426342634284,0.5187413366438707,0.4926278167655914,0.5408051499308224
0.3429342934293431,0.5186755746032065,0.4925835083736939,0.540732142227713
0.3432343234323434,0.5186100432492524,0.492539355391423,0.5406593906727613
0.34353435343534366,0.5185447417735557,0.4924953572743645,0.5405868943677763
0.34383438343834394,0.5184796693704877,0.49245151348000343,0.5405146524177111
0.3441344134413442,0.5184148252372349,0.4924078234677178,0.5404426639306512
0.3444344434443445,0.5183502085737882,0.4923642866987718,0.5403709280178043
0.34473447344734476,0.5182858185829341,0.4923209026363097,0.5402994437934889
0.34503450345034503,0.5182216544702444,0.49227767074534884,0.5402282103751241
0.3453345334533455,0.518157715444067,0.49223459049277374,0.5401572268832179
0.3456345634563458,0.5180940007155161,0.4921916613473293,0.5400864924413573
0.3459345934593461,0.5180305094984626,0.49214888277961444,0.5400160061761974
0.34623462346234635,0.5179672410095245,0.4921062542620758,0.5399457672174501
0.3465346534653466,0.5179041944680578,0.49206377526900136,0.5398757746978743
0.3468346834683469,0.5178413690961464,0.49202144527651404,0.5398060277532649
0.34713471347134717,0.5177787641185932,0.49197926376256534,0.5397365255224422
0.34743474347434744,0.5177163787629102,0.49193723020692925,0.5396672671472414
0.34773477347734794,0.5176542122593097,0.49189534409119573,0.5395982517725022
0.3480348034803482,0.5175922638406945,0.49185360489876445,0.5395294785460583
0.3483348334833485,0.5175305327426485,0.49181201211483877,0.5394609466187266
0.34863486348634876,0.517469018203428,0.4917705652264193,0.5393926551442977
0.34893489348934903,0.5174077194639519,0.4917292637222978,0.5393246032795247
0.3492349234923493,0.5173466357677925,0.4916881070930509,0.5392567901841131
0.3495349534953496,0.5172857663611667,0.4916470948310341,0.5391892150207108
0.34983498349834985,0.5172251104929264,0.49160622643037544,0.5391218769548977
0.35013501350135035,0.5171646674145496,0.4915655013869697,0.5390547751551749
0.3504350435043506,0.5171044363801314,0.4915249191984718,0.5389879087929557
0.3507350735073509,0.5170444166463746,0.49148447936429124,0.5389212770425545
0.35103510351035117,0.5169846074725809,0.49144418138558565,0.5388548790811772
0.35133513351335144,0.5169250081206419,0.49140402476525497,0.5387887140889107
0.3516351635163517,0.5168656178550299,0.49136400900793537,0.5387227812487132
0.351935193519352,0.5168064359427893,0.4913241336199933,0.538657079746404
0.35223522352235226,0.5167474616535273,0.4912843981095193,0.5385916087706537
0.35253525352535253,0.5166886942594052,0.4912448019863224,0.5385263675129742
0.352835283528353,0.5166301330351298,0.49120534476192385,0.5384613551677087
0.3531353135313533,0.5165717772579441,0.49116602594955144,0.5383965709320219
0.3534353435343536,0.5165136262076186,0.4911268450641334,0.5383320140058904
0.35373537353735385,0.516455679166443,0.49108780162229265,0.5382676835920921
0.3540354035403541,0.5163979354192166,0.49104889514234096,0.5382035788961977
0.3543354335433544,0.5163403942532406,0.49101012514427295,0.53813969912656
0.35463546354635467,0.5162830549583085,0.49097149114976046,0.5380760434943042
0.35493549354935494,0.516225916826698,0.49093299268214663,0.5380126112133187
0.35523552355235544,0.5161689791531625,0.4908946292664402,0.5379494015002453
0.3555355535553557,0.5161122412349218,0.49085640042930967,0.5378864135744696
0.355835583558356,0.5160557023716543,0.49081830569907753,0.5378236466581114
0.35613561356135626,0.5159993618654879,0.49078034460571474,0.5377610999760152
0.35643564356435653,0.5159432190209918,0.4907425166808347,0.5376987727557402
0.3567356735673568,0.5158872731451682,0.4907048214576879,0.537636664227552
0.3570357035703571,0.5158315235474434,0.49066725847115594,0.5375747736244119
0.35733573357335735,0.5157759695396595,0.4906298272577461,0.5375131001819682
0.35763576357635785,0.5157206104360662,0.49059252735558584,0.5374516431385469
0.3579357935793581,0.5156654455533125,0.49055535830441666,0.537390401735142
0.3582358235823584,0.5156104742104378,0.4905183196455891,0.5373293752154061
0.35853585358535867,0.5155556957288645,0.4904814109220568,0.5372685628256417
0.35883588358835894,0.5155011094323888,0.49044463167837116,0.5372079638147915
0.3591359135913592,0.5154467146471731,0.4904079814606755,0.5371475774344291
0.3594359435943595,0.5153925107017373,0.4903714598167,0.5370874029387502
0.35973597359735976,0.5153384969269512,0.49033506629575585,0.5370274395845633
0.36003600360036003,0.5152846726560256,0.49029880044872975,0.5369676866312805
0.36033603360336053,0.515231037224505,0.4902626618280788,0.5369081433409083
0.3606360636063608,0.5151775899702585,0.4902266499878248,0.5368488089780391
0.3609360936093611,0.5151243302334727,0.49019076448354854,0.5367896828098413
0.36123612361236135,0.515071257356643,0.4901550048723851,0.5367307641060513
0.3615361536153616,0.5150183706845657,0.4901193707130179,0.5366720521389635
0.3618361836183619,0.5149656695643302,0.4900838615656735,0.5366135461834224
0.36213621362136217,0.5149131533453108,0.49004847699211634,0.5365552455168129
0.36243624362436244,0.5148608213791589,0.4900132165556431,0.5364971494190517
0.36273627362736294,0.514808673019795,0.4899780798210779,0.5364392571725788
0.3630363036303632,0.5147567076234009,0.4899430663547665,0.536381568062348
0.3633363336333635,0.5147049245484117,0.4899081757245712,0.536324081375819
0.36363636363636376,0.5146533231555079,0.4898734074998658,0.5362667964029475
0.36393639363936403,0.514601902807608,0.48983876125153,0.5362097124361779
0.3642364236423643,0.5145506628698602,0.4898042365519443,0.5361528287704331
0.3645364536453646,0.514499602709635,0.4897698329749851,0.5360961447031072
0.36483648364836485,0.5144487216965172,0.4897355500960188,0.5360396595340561
0.36513651365136535,0.5143980192022984,0.4897013874918975,0.5359833725655887
0.3654365436543656,0.5143474946009695,0.4896673447409531,0.5359272831024594
0.3657365736573659,0.5142971472687123,0.4896334214229926,0.5358713904518584
0.36603660366036617,0.514246976583893,0.48959961711929273,0.5358156939234038
0.36633663366336644,0.5141969819270531,0.48956593141259513,0.5357601928291329
0.3666366636663667,0.5141471626809035,0.489532363887101,0.5357048864834939
0.366936693669367,0.5140975182303159,0.4894989141284661,0.5356497742033374
0.36723672367236726,0.5140480479623153,0.48946558172379573,0.535594855307908
0.36753675367536753,0.513998751266073,0.4894323662616397,0.5355401291188361
0.36783678367836803,0.5139496275328987,0.48939926733198746,0.5354855949601292
0.3681368136813683,0.5139006761562332,0.48936628452626274,0.535431252158164
0.3684368436843686,0.5138518965316412,0.48933341743731873,0.5353771000416779
0.36873687368736885,0.5138032880568033,0.4893006656594333,0.5353231379417608
0.3690369036903691,0.5137548501315093,0.48926802878830383,0.5352693651918468
0.3693369336933694,0.5137065821576506,0.4892355064210424,0.5352157811277061
0.36963696369636967,0.5136584835392126,0.4892030981561707,0.5351623850874369
0.36993699369936994,0.5136105536822677,0.48917080359361537,0.5351091764114572
0.37023702370237044,0.5135627919949683,0.489138622334703,0.5350561544424967
0.3705370537053707,0.513515197887539,0.48910655398215513,0.5350033185255885
0.370837083708371,0.5134677707722695,0.48907459814008364,0.5349506680080616
0.37113711371137126,0.5134205100635076,0.4890427544139858,0.5348982022395321
0.37143714371437153,0.5133734151776523,0.4890110224107394,0.5348459205718962
0.3717371737173718,0.5133264855331457,0.4889794017385981,0.5347938223593212
0.3720372037203721,0.5132797205504669,0.48894789200718647,0.5347419069582382
0.37233723372337235,0.5132331196521245,0.48891649282749533,0.5346901737273341
0.37263726372637285,0.5131866822626491,0.488885203811877,0.5346386220275434
0.3729372937293731,0.513140407808587,0.48885402457404054,0.5345872512220409
0.3732373237323734,0.5130942957184931,0.488822954729047,0.5345360606762334
0.37353735373537367,0.513048345422923,0.48879199389330474,0.534485049757752
0.37383738373837394,0.513002556354427,0.4887611416845648,0.5344342178364445
0.3741374137413742,0.5129569279475429,0.4887303977219161,0.5343835642843674
0.3744374437443745,0.5129114596387887,0.488699761625781,0.5343330884757783
0.37473747374737476,0.5128661508666562,0.4886692330179103,0.5342827897871285
0.37503750375037503,0.5128210010716038,0.4886388115213791,0.5342326675970546
0.37533753375337553,0.5127760096960498,0.4886084967605817,0.5341827212863716
0.3756375637563758,0.5127311761843654,0.4885782883612274,0.5341329502380648
0.3759375937593761,0.512686499982868,0.4885481859503357,0.5340833538372827
0.37623762376237635,0.5126419805398145,0.48851818915623185,0.5340339314713288
0.3765376537653766,0.5125976173053942,0.4884882976085421,0.5339846825296546
0.3768376837683769,0.5125534097317227,0.48845851093818954,0.5339356064038517
0.37713771377137717,0.5125093572728344,0.4884288287773892,0.5338867024876448
0.37743774377437744,0.5124654593846764,0.4883992507596438,0.5338379701768836
0.37773777377737794,0.5124217155251014,0.48836977651973923,0.533789408869536
0.3780378037803782,0.5123781251538615,0.48834040569374,0.5337410179656802
0.3783378337833785,0.5123346877326013,0.48831113791898473,0.5336927968674977
0.37863786378637876,0.5122914027248511,0.48828197283408203,0.5336447449792656
0.37893789378937903,0.5122482695960208,0.48825291007890564,0.5335968617073497
0.3792379237923793,0.512205287813393,0.48822394929459034,0.5335491464601966
0.3795379537953796,0.5121624568461166,0.4881950901235276,0.5335015986483268
0.37983798379837985,0.5121197761652003,0.4881663322093606,0.5334542176843279
0.38013801380138035,0.512077245243506,0.48813767519698104,0.533407002982846
0.3804380438043806,0.5120348635557422,0.4881091187325234,0.5333599539605804
0.3807380738073809,0.5119926305784581,0.4880806624633617,0.5333130700362746
0.38103810381038117,0.5119505457900366,0.4880523060381046,0.5332663506307102
0.38133813381338144,0.5119086086706882,0.48802404910659136,0.5332197951666995
0.3816381638163817,0.5118668187024445,0.4879958913198874,0.5331734030690785
0.381938193819382,0.5118251753691521,0.4879678323302802,0.5331271737646995
0.38223822382238226,0.5117836781564655,0.4879398717912747,0.5330811066824248
0.38253825382538276,0.5117423265518419,0.48791200935758944,0.5330352012531184
0.38283828382838303,0.5117011200445343,0.48788424468515224,0.5329894569096403
0.3831383138313833,0.511660058125585,0.48785657743109584,0.5329438730868388
0.3834383438343836,0.5116191402878196,0.4878290072537538,0.5328984492215434
0.38373837383738385,0.5115783660258413,0.4878015338126562,0.5328531847525588
0.3840384038403841,0.5115377348360236,0.4877741567685257,0.5328080791206568
0.3843384338433844,0.5114972462165052,0.4877468757832732,0.5327631317685703
0.38463846384638467,0.5114568996671829,0.4877196905199937,0.5327183421409857
0.38493849384938494,0.5114166946897062,0.48769260064296227,0.5326737096845371
0.38523852385238544,0.5113766307874711,0.48766560581762985,0.5326292338477983
0.3855385538553857,0.5113367074656132,0.4876387057106192,0.532584914081277
0.385838583858386,0.5112969242310027,0.48761189998972077,0.5325407498374071
0.38613861386138626,0.5112572805922377,0.48758518832388864,0.5324967405705431
0.38643864386438653,0.5112177760596385,0.4875585703832365,0.5324528857369522
0.3867386738673868,0.511178410145241,0.48753204583903365,0.5324091847948085
0.3870387038703871,0.5111391823627914,0.48750561436370066,0.5323656372041856
0.38733873387338735,0.5111000922277401,0.48747927563080584,0.532322242427051
0.38763876387638785,0.5110611392572352,0.48745302931506085,0.5322789999272579
0.3879387938793881,0.5110223229701172,0.4874268750923169,0.5322359091705403
0.3882388238823884,0.5109836428869128,0.48740081263956075,0.5321929696245051
0.38853885388538867,0.5109450985298292,0.4873748416349106,0.5321501807586264
0.38883888388838894,0.5109066894227476,0.48734896175761244,0.5321075420442385
0.3891389138913892,0.5108684150912186,0.4873231726880358,0.5320650529545293
0.3894389438943895,0.5108302750624549,0.48729747410767,0.5320227129645344
0.38973897389738976,0.5107922688653266,0.4872718656991202,0.5319805215511301
0.39003900390039026,0.5107543960303548,0.48724634714610354,0.531938478193027
0.39033903390339053,0.5107166560897061,0.4872209181334453,0.5318965823707639
0.3906390639063908,0.5106790485771868,0.48719557834707483,0.531854833566701
0.3909390939093911,0.5106415730282372,0.48717032747402195,0.5318132312650139
0.39123912391239135,0.5106042289799259,0.4871451652024129,0.531771774951687
0.3915391539153916,0.5105670159709437,0.48712009122146677,0.5317304641145072
0.3918391839183919,0.5105299335415987,0.48709510522149124,0.5316892982430576
0.39213921392139217,0.51049298123381,0.4870702068938793,0.5316482768287113
0.39243924392439244,0.5104561585911024,0.4870453959311052,0.5316073993646251
0.39273927392739294,0.5104194651586006,0.4870206720267206,0.531566665345733
0.3930393039303932,0.5103829004830238,0.486996034875351,0.5315260742687407
0.3933393339333935,0.51034646411268,0.4869714841726918,0.5314856256321183
0.39363936393639376,0.5103101555974603,0.4869470196155048,0.531445318936095
0.39393939393939403,0.5102739744888338,0.4869226409016142,0.5314051536826527
0.3942394239423943,0.5102379203398417,0.4868983477299031,0.5313651293755198
0.3945394539453946,0.5102019927050918,0.48687413980030975,0.5313252455201651
0.39483948394839485,0.5101661911407532,0.4868500168138237,0.5312855016237916
0.39513951395139535,0.5101305152045511,0.4868259784724826,0.5312458971953308
0.3954395439543956,0.5100949644557605,0.4868020244793679,0.531206431745436
0.3957395739573959,0.5100595384552019,0.4867781545386016,0.5311671047864771
0.39603960396039617,0.5100242367652349,0.48675436835534264,0.5311279158325338
0.39633963396339644,0.5099890589497533,0.4867306656357831,0.5310888643993902
0.3966396639663967,0.5099540045741798,0.4867070460871446,0.5310499500045285
0.396939693969397,0.5099190732054606,0.48668350941767485,0.531011172167123
0.39723972397239726,0.5098842644120597,0.486660055336644,0.5309725304080346
0.39753975397539776,0.5098495777639542,0.4866366835543411,0.5309340242498044
0.39783978397839803,0.5098150128326288,0.4866133937820703,0.5308956532166482
0.3981398139813983,0.5097805691910698,0.4865901857321477,0.5308574168344503
0.3984398439843986,0.5097462464137612,0.48656705911789744,0.5308193146307579
0.39873987398739885,0.5097120440766784,0.4865440136536486,0.5307813461347752
0.3990399039903991,0.5096779617572832,0.48652104905473115,0.5307435108773576
0.3993399339933994,0.5096439990345192,0.48649816503747295,0.5307058083910059
0.39963996399639967,0.5096101554888056,0.48647536131919594,0.5306682382098605
0.39993999399939995,0.509576430702033,0.48645263761821284,0.5306307998696957
0.40024002400240044,0.5095428242575575,0.4864299936538236,0.5305934929079142
0.4005400540054007,0.5095093357401961,0.4864074291463121,0.530556316863541
0.400840084008401,0.5094759647362215,0.48638494381694236,0.5305192712772178
0.40114011401140126,0.5094427108333568,0.48636253738795554,0.5304823556911976
0.40144014401440153,0.5094095736207703,0.48634020958256624,0.5304455696493388
0.4017401740174018,0.5093765526890711,0.4863179601249592,0.5304089126970997
0.4020402040204021,0.5093436476303034,0.486295788740286,0.5303723843815329
0.40234023402340235,0.5093108580379417,0.48627369515466146,0.5303359842512796
0.40264026402640285,0.5092781835068859,0.48625167909516037,0.5302997118565642
0.4029402940294031,0.5092456236334563,0.4862297402898143,0.5302635667491885
0.4032403240324034,0.5092131780153881,0.486207878467608,0.5302275484825266
0.40354035403540367,0.5091808462518277,0.4861860933584762,0.530191656611519
0.40384038403840394,0.5091486279433263,0.4861643846933003,0.5301558906926671
0.4041404140414042,0.5091165226918358,0.486142752203905,0.5301202502840282
0.4044404440444045,0.5090845301007041,0.48612119562305506,0.5300847349452094
0.40474047404740476,0.5090526497746694,0.48609971468445196,0.5300493442373626
0.40504050405040526,0.5090208813198559,0.48607830912273065,0.5300140777231791
0.40534053405340553,0.5089892243437693,0.4860569786734563,0.529978934966884
0.4056405640564058,0.5089576784552908,0.48603572307312115,0.5299439155342309
0.4059405940594061,0.5089262432646736,0.4860145420591409,0.5299090189924966
0.40624062406240635,0.5088949183835373,0.48599343536985196,0.5298742449104759
0.4065406540654066,0.5088637034248632,0.48597240274450787,0.5298395928584757
0.4068406840684069,0.5088325980029897,0.4859514439232763,0.5298050624083104
0.4071407140714072,0.5088016017336078,0.48593055864723583,0.5297706531332963
0.40744074407440745,0.5087707142337556,0.48590974665837255,0.5297363646082464
0.40774077407740794,0.5087399351218145,0.4858890076995772,0.5297021964094648
0.4080408040804082,0.5087092640175037,0.48586834151464187,0.5296681481147423
0.4083408340834085,0.508678700541876,0.48584774784825674,0.5296342193033504
0.40864086408640876,0.5086482443173131,0.485827226446007,0.5296004095560364
0.40894089408940903,0.508617894967521,0.4858067770543699,0.5295667184550181
0.4092409240924093,0.5085876521175247,0.4857863994207115,0.5295331455839792
0.4095409540954096,0.5085575153936643,0.48576609329328335,0.5294996905280634
0.40984098409840986,0.5085274844235907,0.48574585842121976,0.5294663528738698
0.41014101410141035,0.5084975588362599,0.48572569455453446,0.5294331322094472
0.4104410441044106,0.5084677382619293,0.4857056014441177,0.5294000281242901
0.4107410741074109,0.5084380223321529,0.4856855788417329,0.5293670402093326
0.41104110411041117,0.5084084106797765,0.48566562650001405,0.5293341680569437
0.41134113411341144,0.5083789029389337,0.4856457441724622,0.5293014112609223
0.4116411641164117,0.5083494987450411,0.4856259316134427,0.5292687694164925
0.411941194119412,0.5083201977347938,0.48560618857818205,0.5292362421202979
0.41224122412241226,0.5082909995461607,0.48558651482276505,0.5292038289703972
0.41254125412541276,0.5082619038183808,0.48556691010413155,0.5291715295662591
0.41284128412841303,0.5082329101919576,0.4855473741800737,0.5291393435087574
0.4131413141314133,0.5082040183086559,0.4855279068092329,0.5291072704001657
0.4134413441344136,0.5081752278114964,0.4855085077510966,0.5290753098441532
0.41374137413741385,0.508146538344752,0.4854891767659958,0.529043461445779
0.4140414041404141,0.5081179495539427,0.4854699136151015,0.529011724811488
0.4143414341434144,0.5080894610858322,0.48545071806042245,0.5289800995491052
0.4146414641464147,0.5080610725884226,0.4854315898648016,0.5289485852678318
0.41494149414941495,0.5080327837109505,0.48541252879191354,0.5289171815782399
0.41524152415241544,0.5080045941038829,0.48539353460626156,0.5288858880922672
0.4155415541554157,0.5079765034189122,0.4853746070731745,0.5288547044232134
0.415841584158416,0.5079485113089527,0.48535574595880415,0.5288236301857343
0.41614161416141626,0.5079206174281359,0.48533695103012237,0.5287926649958375
0.41644164416441654,0.507892821431806,0.4853182220549179,0.5287618084708781
0.4167416741674168,0.5078651229765164,0.4852995588017939,0.528731060229553
0.4170417041704171,0.5078375217200247,0.4852809610401647,0.5287004198918969
0.41734173417341736,0.5078100173212888,0.48526242854025337,0.5286698870792775
0.41764176417641785,0.5077826094404629,0.4852439610730887,0.5286394614143909
0.4179417941794181,0.507755297738893,0.4852255584105022,0.5286091425212567
0.4182418241824184,0.5077280818791128,0.48520722032512564,0.5285789300252133
0.41854185418541867,0.5077009615248395,0.4851889465903879,0.5285488235529137
0.41884188418841894,0.5076739363409697,0.48517073698051255,0.5285188227323205
0.4191419141914192,0.5076470059935756,0.48515259127051474,0.5284889271927016
0.4194419441944195,0.5076201701499004,0.4851345092361986,0.5284591365646254
0.41974197419741976,0.5075934284783541,0.4851164906541544,0.5284294504799563
0.42004200420042026,0.5075667806485102,0.48509853530175595,0.5283998685718501
0.42034203420342053,0.5075402263311007,0.4850806429571576,0.5283703904747497
0.4206420642064208,0.5075137651980127,0.4850628133992917,0.5283410158243803
0.4209420942094211,0.507487396922284,0.4850450464078659,0.5283117442577453
0.42124212421242135,0.5074611211780992,0.4850273417633602,0.5282825754131213
0.4215421542154216,0.5074349376407855,0.4850096992470247,0.528253508930054
0.4218421842184219,0.5074088459868092,0.48499211864087627,0.5282245444493536
0.4221422142214222,0.5073828458937711,0.48497459972769646,0.5281956816130906
0.42244224422442245,0.507356937040403,0.4849571422910285,0.5281669200645909
0.42274227422742294,0.5073311191065633,0.4849397461151746,0.5281382594484318
0.4230423042304232,0.5073053917732333,0.48492241098519356,0.5281096994104378
0.4233423342334235,0.5072797547225136,0.48490513668689783,0.5280812395976756
0.42364236423642376,0.5072542076376194,0.4848879230068512,0.5280528796584503
0.42394239423942404,0.5072287502028773,0.48487076973236565,0.5280246192423006
0.4242424242424243,0.507203382103721,0.48485367665149937,0.5279964579999948
0.4245424542454246,0.5071781030266875,0.48483664355305356,0.5279683955835267
0.42484248424842486,0.5071529126594136,0.48481967022657035,0.5279404316461107
0.42514251425142535,0.5071278106906314,0.48480275646232973,0.5279125658421778
0.4254425442544256,0.5071027968101649,0.4847859020513473,0.5278847978273716
0.4257425742574259,0.5070778707089262,0.48476910678537166,0.5278571272585437
0.42604260426042617,0.5070530320789114,0.4847523704568815,0.5278295537937496
0.42634263426342645,0.5070282806131969,0.48473569285908363,0.5278020770922444
0.4266426642664267,0.507003616005936,0.48471907378590984,0.5277746968144786
0.426942694269427,0.5069790379523545,0.48470251303201484,0.5277474126220942
0.42724272427242727,0.5069545461487474,0.4846860103927733,0.5277202241779202
0.42754275427542776,0.5069301402924749,0.48466956566427777,0.5276931311459682
0.42784278427842803,0.5069058200819588,0.48465317864333585,0.5276661331914291
0.4281428142814283,0.5068815852166788,0.4846368491274677,0.5276392299806681
0.4284428442844286,0.5068574353971688,0.4846205769149037,0.5276124211812211
0.42874287428742885,0.506833370325013,0.48460436180458183,0.5275857064617903
0.42904290429042913,0.5068093897028423,0.48458820359614535,0.5275590854922401
0.4293429342934294,0.5067854932343311,0.4845721020899402,0.5275325579435935
0.4296429642964297,0.5067616806241927,0.4845560570870125,0.5275061234880275
0.42994299429942995,0.5067379515781766,0.4845400683891061,0.5274797817988693
0.43024302430243044,0.5067143058030644,0.48452413579866044,0.5274535325505921
0.4305430543054307,0.5066907430066662,0.4845082591188076,0.5274273754188114
0.430843084308431,0.5066672628978169,0.4844924381533704,0.5274013100802805
0.43114311431143126,0.506643865186373,0.48447667270685946,0.5273753362128871
0.43144314431443154,0.5066205495832089,0.4844609625844713,0.5273494534956489
0.4317431743174318,0.5065973158002127,0.48444530759208554,0.5273236616087097
0.4320432043204321,0.5065741635502837,0.4844297075362627,0.5272979602333356
0.43234323432343236,0.5065510925473279,0.4844141622242418,0.527272349051911
0.43264326432643285,0.5065281025062552,0.48439867146393795,0.5272468277479345
0.4329432943294331,0.5065051931429755,0.48438323506394,0.5272213960060154
0.4332433243324334,0.5064823641743952,0.48436785283350814,0.5271960535118694
0.4335433543354337,0.5064596153184135,0.4843525245825716,0.5271707999523148
0.43384338433843395,0.5064369462939199,0.48433725012172635,0.5271456350152688
0.4341434143414342,0.5064143568207894,0.48432202926223256,0.5271205583897436
0.4344434443444345,0.5063918466198799,0.4843068618160125,0.5270955697658425
0.43474347434743477,0.5063694154130285,0.4842917475956482,0.527070668834756
0.43504350435043526,0.506347062923048,0.4842766864143788,0.5270458552887581
0.43534353435343554,0.5063247888737239,0.484261678086099,0.5270211288212028
0.4356435643564358,0.5063025929898102,0.4842467224253557,0.5269964891265193
0.4359435943594361,0.5062804749970269,0.4842318192473468,0.5269719359002096
0.43624362436243636,0.5062584346220558,0.48421696836791817,0.5269474688388438
0.43654365436543663,0.5062364715925378,0.4842021696035616,0.5269230876400564
0.4368436843684369,0.5062145856370691,0.4841874227714127,0.5268987920025431
0.4371437143714372,0.5061927764851982,0.48417272768924846,0.5268745816260567
0.43744374437443745,0.5061710438674221,0.4841580841754849,0.5268504562114033
0.43774377437743794,0.5061493875151833,0.4841434920491753,0.5268264154604387
0.4380438043804382,0.5061278071608666,0.4841289511300073,0.5268024590760653
0.4383438343834385,0.5061063025377954,0.48411446123830126,0.5267785867622271
0.43864386438643876,0.5060848733802289,0.4841000221950078,0.5267547982239077
0.43894389438943904,0.5060635194233583,0.4840856338217054,0.5267310931671251
0.4392439243924393,0.5060422404033038,0.4840712959405986,0.526707471298929
0.4395439543954396,0.5060210360571116,0.4840570083745156,0.5266839323273974
0.43984398439843986,0.50599990612275,0.48404277094690595,0.5266604759616318
0.44014401440144035,0.5059788503391068,0.48402858348183864,0.5266371019117551
0.4404440444044406,0.5059578684459859,0.48401444580399966,0.5266138098889066
0.4407440744074409,0.5059369601841038,0.48400035773869016,0.5265905996052396
0.4410441044104412,0.5059161252950867,0.4839863191118238,0.5265674707739173
0.44134413441344145,0.5058953635214671,0.4839723297499253,0.5265444231091091
0.4416441644164417,0.5058746746066811,0.48395838948012765,0.5265214563259876
0.441944194419442,0.5058540582950647,0.4839444981301702,0.5264985701407243
0.44224422442244227,0.5058335143318506,0.48393065552839676,0.5264757642704873
0.44254425442544276,0.5058130424631656,0.4839168615037532,0.5264530384334363
0.44284428442844304,0.5057926424360271,0.48390311588578533,0.5264303923487204
0.4431443144314433,0.5057723139983398,0.48388941850463707,0.5264078257364739
0.4434443444344436,0.505752056898893,0.48387576919104813,0.5263853383178133
0.44374437443744386,0.5057318708873575,0.48386216777635194,0.5263629298148332
0.44404440444044413,0.5057117557142821,0.48384861409247365,0.526340599950604
0.4443444344434444,0.5056917111310906,0.4838351079719279,0.5263183484491669
0.4446444644464447,0.505671736890079,0.48382164924781706,0.5262961750355322
0.44494449444944495,0.5056518327444127,0.4838082377538288,0.5262740794356743
0.44524452445244544,0.5056319984481226,0.4837948733242343,0.5262520613765298
0.4455445544554457,0.5056122337561026,0.4837815557938861,0.5262301205859929
0.445844584458446,0.5055925384241069,0.4837682849982161,0.5262082567929129
0.44614461446144626,0.505572912208746,0.48375506077323344,0.5261864697270904
0.44644464446444654,0.5055533548674848,0.4837418829555227,0.5261647591192737
0.4467446744674468,0.5055338661586387,0.4837287513822415,0.5261431247011565
0.4470447044704471,0.5055144458413715,0.4837156658911189,0.5261215662053735
0.44734473447344736,0.5054950936756916,0.48370262632045324,0.5261000833654976
0.44764476447644785,0.5054758094224494,0.48368963250911,0.5260786759160365
0.4479447944794481,0.5054565928433344,0.48367668429651994,0.5260573435924297
0.4482448244824484,0.5054374437008722,0.4836637815226773,0.5260360861310448
0.4485448544854487,0.5054183617584216,0.48365092402813736,0.5260149032691742
0.44884488448844895,0.5053993467801715,0.483638111654015,0.5259937947450327
0.4491449144914492,0.5053803985311383,0.48362534424198234,0.5259727602977531
0.4494449444944495,0.5053615167771626,0.48361262163426694,0.5259517996673838
0.44974497449744977,0.5053427012849067,0.48359994367365,0.5259309125948852
0.45004500450045026,0.5053239518218515,0.4835873102034641,0.5259100988221268
0.45034503450345054,0.5053052681562938,0.4835747210675916,0.5258893580918838
0.4506450645064508,0.5052866500573432,0.48356217611046226,0.5258686901478337
0.4509450945094511,0.5052680972949194,0.483549675177052,0.5258480947345535
0.45124512451245136,0.5052496096397492,0.4835372181128803,0.5258275715975169
0.45154515451545163,0.5052311868633641,0.4835248047640087,0.5258071204830901
0.4518451845184519,0.5052128287380968,0.48351243497703883,0.5257867411385295
0.4521452145214522,0.5051945350370792,0.48350010859911036,0.5257664333119785
0.45244524452445245,0.505176305534239,0.48348782547789937,0.5257461967524638
0.45274527452745295,0.5051581400042967,0.48347558546161623,0.5257260312098931
0.4530453045304532,0.5051400382227638,0.4834633883990038,0.5257059364350517
0.4533453345334535,0.5051219999659391,0.48345123413933583,0.525685912179599
0.45364536453645377,0.5051040250109062,0.4834391225324145,0.5256659581960661
0.45394539453945404,0.5050861131355311,0.48342705342856923,0.5256460742378524
0.4542454245424543,0.505068264118459,0.4834150266786543,0.5256262600592225
0.4545454545454546,0.5050504777391114,0.48340304213404744,0.5256065154153032
0.45484548454845486,0.5050327537776844,0.4833910996466476,0.5255868400620808
0.45514551455145535,0.5050150920151448,0.48337919906887356,0.5255672337563975
0.45544554455445563,0.5049974922332281,0.4833673402536616,0.525547696255949
0.4557455745574559,0.5049799542144354,0.4833555230544641,0.5255282273192811
0.4560456045604562,0.5049624777420313,0.4833437473252476,0.5255088267057867
0.45634563456345645,0.5049450626000402,0.48333201292049083,0.5254894941757033
0.4566456645664567,0.5049277085732451,0.48332031969518324,0.5254702294901095
0.456945694569457,0.5049104154471833,0.48330866750482293,0.5254510324109221
0.45724572457245727,0.5048931830081451,0.48329705620541497,0.5254319027008936
0.45754575457545776,0.5048760110431705,0.4832854856534696,0.5254128401236089
0.45784578457845804,0.5048588993400466,0.4832739557060006,0.5253938444434825
0.4581458145814583,0.5048418476873051,0.4832624662205233,0.5253749154257553
0.4584458445844586,0.5048248558742198,0.48325101705505297,0.5253560528364924
0.45874587458745886,0.5048079236908036,0.4832396080681029,0.5253372564425794
0.45904590459045913,0.5047910509278065,0.48322823911868296,0.5253185260117201
0.4593459345934594,0.5047742373767125,0.4832169100662975,0.5252998613124332
0.4596459645964597,0.504757482829737,0.483205620770944,0.5252812621140499
0.45994599459945995,0.5047407870798251,0.4831943710931109,0.5252627281867107
0.46024602460246045,0.5047241499206475,0.4831831608937763,0.5252442593013625
0.4605460546054607,0.5047075711465997,0.4831719900344059,0.5252258552297562
0.460846084608461,0.5046910505527981,0.4831608583769516,0.5252075157444436
0.46114611461146127,0.5046745879350779,0.4831497657838495,0.5251892406187745
0.46144614461446154,0.5046581830899911,0.48313871211801845,0.5251710296268939
0.4617461746174618,0.5046418358148032,0.4831276972428581,0.5251528825437397
0.4620462046204621,0.5046255459074909,0.48311672102224756,0.525134799145039
0.46234623462346236,0.5046093131667402,0.4831057833205434,0.5251167792073065
0.46264626462646286,0.5045931373919431,0.48309488400257805,0.5250988225078407
0.46294629462946313,0.5045770183831957,0.48308402293365826,0.5250809288247213
0.4632463246324634,0.5045609559412952,0.48307319997956344,0.5250630979368076
0.4635463546354637,0.504544949867738,0.48306241500654373,0.5250453296237341
0.46384638463846395,0.5045289999647171,0.48305166788131865,0.5250276236659086
0.4641464146414642,0.5045131060351192,0.48304095847107537,0.5250099798445099
0.4644464446444645,0.5044972678825229,0.48303028664346687,0.5249923979414843
0.46474647464746477,0.504481485311196,0.48301965226661064,0.5249748777395434
0.46504650465046526,0.5044657581260927,0.4830090552090869,0.5249574190221613
0.46534653465346554,0.5044500861328521,0.4829984953399369,0.5249400215735717
0.4656465646564658,0.504434469137795,0.48298797252866127,0.5249226851787655
0.4659465946594661,0.5044189069479217,0.4829774866452188,0.5249054096234882
0.46624662466246636,0.5044033993709098,0.4829670375600242,0.5248881946942371
0.46654665466546663,0.5043879462151118,0.48295662514394705,0.5248710401782585
0.4668466846684669,0.5043725472895525,0.48294624926831,0.5248539458635454
0.4671467146714672,0.5043572024039269,0.4829359098048871,0.5248369115388348
0.46744674467446745,0.5043419113685975,0.48292560662590234,0.524819936993605
0.46774677467746795,0.5043266739945926,0.48291533960402794,0.5248030220180727
0.4680468046804682,0.5043114900936034,0.48290510861238306,0.5247861664031914
0.4683468346834685,0.5042963594779816,0.48289491352453184,0.5247693699406476
0.46864686468646877,0.5042812819607376,0.4828847542144822,0.524752632422859
0.46894689468946904,0.504266257355538,0.4828746305566839,0.5247359536429717
0.4692469246924693,0.5042512854767027,0.48286454242602744,0.5247193333948574
0.4695469546954696,0.5042363661392038,0.4828544896978422,0.5247027714731117
0.46984698469846986,0.504221499158662,0.482844472247895,0.5246862676730505
0.47014701470147036,0.5042066843513455,0.48283448995238853,0.524669821790708
0.47044704470447063,0.5041919215341669,0.4828245426879598,0.5246534336228342
0.4707470747074709,0.5041772105246811,0.4828146303316788,0.5246371029668926
0.4710471047104712,0.5041625511410835,0.4828047527610468,0.5246208296210568
0.47134713471347145,0.5041479432022072,0.48279490985399465,0.5246046133842092
0.4716471647164717,0.5041333865275212,0.4827851014888819,0.5245884540559376
0.471947194719472,0.5041188809371274,0.48277532754449454,0.5245723514365331
0.47224722472247227,0.5041044262517599,0.4827655879000441,0.5245563053269878
0.47254725472547277,0.5040900222927808,0.4827558824351659,0.524540315528992
0.47284728472847304,0.5040756688821798,0.4827462110299174,0.5245243818449318
0.4731473147314733,0.5040613658425708,0.4827365735647771,0.5245085040778869
0.4734473447344736,0.5040471129971901,0.48272696992064285,0.5244926820316277
0.47374737473747386,0.5040329101698946,0.4827173999788303,0.5244769155106137
0.47404740474047413,0.5040187571851589,0.48270786362107154,0.5244612043199903
0.4743474347434744,0.5040046538680737,0.4826983607295138,0.5244455482655864
0.4746474647464747,0.5039906000443434,0.4826888911867176,0.5244299471539129
0.47494749474947495,0.503976595540284,0.4826794548756556,0.5244144007921588
0.47524752475247545,0.5039626401828208,0.4826700516797113,0.5243989089881906
0.4755475547554757,0.5039487337994865,0.482660681482677,0.5243834715505485
0.475847584758476,0.5039348762184191,0.482651344168753,0.5243680882884447
0.47614761476147627,0.5039210672683595,0.4826420396225459,0.5243527590117607
0.47644764476447654,0.5039073067786496,0.4826327677290671,0.5243374835310455
0.4767476747674768,0.50389359457923,0.4826235283737315,0.5243222616575124
0.4770477047704771,0.5038799305006383,0.4826143214423561,0.5243070932030378
0.47734773477347736,0.5038663143740063,0.4826051468211585,0.5242919779801578
0.47764776477647786,0.5038527460310589,0.4825960043967556,0.5242769158020665
0.47794779477947813,0.503839225304111,0.48258689405616206,0.5242619064826134
0.4782478247824784,0.503825752026066,0.482577815686789,0.5242469498363014
0.4785478547854787,0.5038123260304139,0.4825687691764426,0.5242320456782842
0.47884788478847895,0.5037989471512286,0.4825597544133228,0.5242171938243643
0.4791479147914792,0.5037856152231667,0.48255077128602164,0.5242023940909903
0.4794479447944795,0.5037723300814643,0.4825418196835223,0.5241876462952552
0.47974797479747977,0.5037590915619362,0.48253289949519723,0.5241729502548937
0.48004800480048027,0.5037458995009733,0.4825240106108073,0.52415830578828
0.48034803480348054,0.5037327537355402,0.4825151529205001,0.5241437127144261
0.4806480648064808,0.503719654103174,0.48250632631480866,0.5241291708529783
0.4809480948094811,0.5037066004419818,0.4824975306846501,0.5241146800242166
0.48124812481248136,0.5036935925906385,0.48248876592132434,0.5241002400490512
0.48154815481548163,0.5036806303883855,0.4824800319165127,0.524085850749021
0.4818481848184819,0.5036677136750279,0.4824713285622765,0.5240715119462909
0.4821482148214822,0.5036548422909333,0.4824626557510559,0.52405722346365
0.48244824482448245,0.503642016077029,0.4824540133756685,0.5240429851245093
0.48274827482748295,0.503629234874801,0.48244540132930785,0.5240287967528994
0.4830483048304832,0.5036164985262912,0.48243681950554246,0.5240146581734683
0.4833483348334835,0.5036038068740957,0.48242826779831405,0.5240005692114796
0.48364836483648377,0.5035911597613633,0.4824197461019367,0.5239865296928099
0.48394839483948404,0.5035785570317928,0.4824112543110953,0.5239725394439468
0.4842484248424843,0.5035659985296317,0.4824027923208442,0.523958598291987
0.4845484548454846,0.5035534840996739,0.4823943600266061,0.5239447060646336
0.48484848484848486,0.5035410135872581,0.48238595732417033,0.5239308625901946
0.48514851485148536,0.5035285868382655,0.48237758410969245,0.5239170676975805
0.48544854485448563,0.5035162036991182,0.4823692402796919,0.523903321216302
0.4857485748574859,0.5035038640167773,0.48236092573105144,0.5238896229764681
0.4860486048604862,0.5034915676387408,0.4823526403610157,0.5238759728087841
0.48634863486348645,0.5034793144130417,0.48234438406718977,0.5238623705445493
0.4866486648664867,0.5034671041882467,0.48233615674753805,0.5238488160156551
0.486948694869487,0.5034549368134534,0.48232795830038294,0.5238353090545829
0.48724872487248727,0.5034428121382892,0.48231978862440383,0.5238218494944014
0.48754875487548777,0.5034307300129091,0.4823116476186353,0.5238084371687658
0.48784878487848804,0.5034186902879939,0.4823035351824666,0.5237950719119147
0.4881488148814883,0.5034066928147483,0.4822954512156396,0.5237817535586683
0.4884488448844886,0.5033947374448993,0.48228739561824835,0.5237684819444266
0.48874887488748886,0.503382824030694,0.4822793682907372,0.5237552569051673
0.48904890489048913,0.5033709524248982,0.48227136913389995,0.5237420782774435
0.4893489348934894,0.5033591224807941,0.4822633980488785,0.5237289458983818
0.4896489648964897,0.5033473340521789,0.4822554549371617,0.5237158596056807
0.4899489948994902,0.5033355869933628,0.4822475397005839,0.5237028192376079
0.49024902490249045,0.5033238811591673,0.4822396522413241,0.5236898246329987
0.4905490549054907,0.5033122164049233,0.4822317924619044,0.5236768756312543
0.490849084908491,0.5033005925864692,0.48222396026518904,0.5236639720723391
0.49114911491149127,0.5032890095601494,0.48221615555438313,0.5236511137967791
0.49144914491449154,0.5032774671828125,0.48220837823303125,0.5236383006456601
0.4917491749174918,0.5032659653118093,0.48220062820501675,0.5236255324606256
0.4920492049204921,0.5032545038049914,0.48219290537455994,0.5236128090838745
0.49234923492349236,0.5032430825207086,0.4821852096462174,0.5236001303581599
0.49264926492649286,0.5032317013178084,0.4821775409248806,0.5235874961267863
0.49294929492949313,0.5032203600556334,0.4821698991157747,0.5235749062336084
0.4932493249324934,0.5032090585940198,0.48216228412445744,0.5235623605230286
0.4935493549354937,0.5031977967932956,0.48215469585681797,0.5235498588399954
0.49384938493849395,0.5031865745142787,0.4821471342190757,0.5235374010300016
0.4941494149414942,0.5031753916182761,0.482139599117779,0.5235249869390818
0.4944494449444945,0.5031642479670806,0.4821320904598043,0.5235126164138112
0.49474947494749477,0.5031531434229707,0.48212460815235486,0.5235002893013034
0.49504950495049527,0.5031420778487077,0.4821171521029593,0.5234880054492085
0.49534953495349554,0.5031310511075348,0.4821097222194709,0.523475764705711
0.4956495649564958,0.5031200630631748,0.4821023184100664,0.5234635669195284
0.4959495949594961,0.5031091135798291,0.4820949405832444,0.5234514119399092
0.49624962496249636,0.5030982025221753,0.482087588647825,0.5234392996166304
0.49654965496549663,0.503087329755366,0.482080262512948,0.5234272297999967
0.4968496849684969,0.5030764951450271,0.48207296208807204,0.5234152023408378
0.4971497149714972,0.5030656985572556,0.48206568728297355,0.5234032170905072
0.4974497449744977,0.5030549398586189,0.48205843800774545,0.5233912739008796
0.49774977497749795,0.5030442189161524,0.48205121417279634,0.5233793726243497
0.4980498049804982,0.5030335355973581,0.48204401568884897,0.5233675131138305
0.4983498349834985,0.503022889770203,0.48203684246693956,0.5233556952227506
0.49864986498649877,0.5030122813031174,0.4820296944184164,0.5233439188050533
0.49894989498949904,0.5030017100649931,0.4820225714549389,0.5233321837151944
0.4992499249924993,0.5029911759251823,0.48201547348847645,0.5233204898081404
0.4995499549954996,0.5029806787534955,0.4820084004313073,0.5233088369393667
0.49984998499849986,0.5029702184202001,0.4820013521960177,0.5232972249648561
0.5001500150015004,0.5029597947960186,0.4819943286955004,0.5232856537410965
0.5004500450045006,0.5029494077521274,0.48198732984295395,0.5232741231250797
0.5007500750075009,0.5029390571601547,0.48198035555188146,0.5232626329742991
0.5010501050105012,0.5029287428921795,0.48197340573608966,0.5232511831467483
0.5013501350135015,0.5029184648207293,0.48196648030968753,0.5232397735009193
0.5016501650165017,0.5029082228187792,0.48195957918708565,0.5232284038958006
0.501950195019502,0.50289801675975,0.4819527022829948,0.5232170741908755
0.5022502250225023,0.5028878465175066,0.48194584951242514,0.5232057842461205
0.5025502550255028,0.5028777119663567,0.48193902079068507,0.5231945339220035
0.502850285028503,0.5028676129810488,0.48193221603338005,0.5231833230794821
0.5031503150315033,0.5028575494367712,0.4819254351564119,0.5231721515800015
0.5034503450345036,0.5028475212091499,0.4819186780759773,0.5231610192854935
0.5037503750375039,0.5028375281742478,0.48191194470856724,0.5231499260583743
0.5040504050405041,0.5028275702085622,0.4819052349709656,0.5231388717615428
0.5043504350435044,0.502817647189024,0.48189854878024835,0.5231278562583792
0.5046504650465047,0.5028077589929962,0.48189188605378236,0.523116879412743
0.5049504950495052,0.5027979054982717,0.48188524670922456,0.5231059410889716
0.5052505250525055,0.5027880865830728,0.4818786306645208,0.5230950411518782
0.5055505550555057,0.5027783021260487,0.4818720378379049,0.5230841794667507
0.505850585058506,0.5027685520062743,0.48186546814789744,0.5230733558993497
0.5061506150615063,0.5027588361032496,0.48185892151330517,0.5230625703159066
0.5064506450645065,0.5027491542968966,0.4818523978532196,0.5230518225831228
0.5067506750675068,0.5027395064675592,0.4818458970870162,0.5230411125681667
0.5070507050705071,0.502729892496001,0.48183941913435335,0.5230304401386734
0.5073507350735074,0.5027203122634042,0.48183296391517133,0.5230198051627425
0.5076507650765079,0.5027107656513676,0.48182653134969144,0.5230092075089361
0.5079507950795081,0.5027012525419059,0.4818201213584149,0.5229986470462781
0.5082508250825084,0.5026917728174476,0.4818137338621218,0.5229881236442513
0.5085508550855087,0.5026823263608338,0.4818073687818704,0.5229776371727973
0.508850885088509,0.5026729130553167,0.4818010260389958,0.5229671875023136
0.5091509150915092,0.5026635327845584,0.4817947055551094,0.5229567745036526
0.5094509450945095,0.5026541854326291,0.4817884072520973,0.5229463980481202
0.5097509750975098,0.5026448708840056,0.48178213105212003,0.5229360580074733
0.5100510051005103,0.5026355890235705,0.48177587687761114,0.5229257542539196
0.5103510351035105,0.5026263397366102,0.4817696446512764,0.5229154866601148
0.5106510651065108,0.5026171229088137,0.4817634342960928,0.5229052550991614
0.5109510951095111,0.5026079384262707,0.48175724573530765,0.5228950594446076
0.5112511251125114,0.5025987861754715,0.48175107889243757,0.522884899570445
0.5115511551155116,0.502589666043304,0.48174493369126753,0.5228747753511077
0.5118511851185119,0.5025805779170532,0.48173881005585,0.5228646866614702
0.5121512151215122,0.5025715216843999,0.481732707910504,0.5228546333768462
0.5124512451245127,0.5025624972334188,0.481726627179814,0.522844615372987
0.512751275127513,0.5025535044525774,0.48172056778862926,0.5228346325260799
0.5130513051305132,0.5025445432307347,0.4817145296620627,0.5228246847127465
0.5133513351335135,0.5025356134571396,0.48170851272549,0.5228147718100417
0.5136513651365138,0.5025267150214296,0.4817025169045486,0.5228048936954517
0.513951395139514,0.5025178478136298,0.4816965421251373,0.5227950502468925
0.5142514251425143,0.5025090117241509,0.48169058831341444,0.5227852413427088
0.5145514551455146,0.5025002066437881,0.4816846553957977,0.522775466861672
0.5148514851485149,0.5024914324637203,0.4816787432989631,0.522765726682979
0.5151515151515154,0.5024826890755079,0.4816728519498437,0.5227560206862507
0.5154515451545156,0.5024739763710917,0.4816669812756292,0.5227463487515304
0.5157515751575159,0.5024652942427923,0.48166113120376464,0.5227367107592821
0.5160516051605162,0.5024566425833074,0.48165530166194975,0.5227271065903898
0.5163516351635165,0.5024480212857119,0.48164949257813794,0.5227175361261552
0.5166516651665167,0.5024394302434556,0.4816437038805355,0.5227079992482966
0.516951695169517,0.5024308693503623,0.4816379354976006,0.5226984958389472
0.5172517251725173,0.5024223385006282,0.4816321873580425,0.5226890257806542
0.5175517551755178,0.5024138375888213,0.48162645939082055,0.5226795889563768
0.517851785178518,0.5024053665098789,0.48162075152514355,0.5226701852494847
0.5181518151815183,0.5023969251591075,0.4816150636904685,0.5226608145437572
0.5184518451845186,0.5023885134321809,0.48160939581650025,0.5226514767233815
0.5187518751875189,0.5023801312251388,0.48160374783319004,0.522642171672951
0.5190519051905191,0.502371778434386,0.48159811967073507,0.5226328992774641
0.5193519351935194,0.5023634549566905,0.4815925112595774,0.5226236594223229
0.5196519651965197,0.502355160689183,0.48158692253040336,0.5226144519933316
0.5199519951995202,0.5023468955293546,0.4815813534141423,0.5226052768766951
0.5202520252025205,0.502338659375057,0.48157580384196613,0.5225961339590178
0.5205520552055207,0.5023304521244993,0.48157027374528816,0.5225870231273019
0.520852085208521,0.5023222736762488,0.48156476305576246,0.5225779442689462
0.5211521152115213,0.502314123929228,0.4815592717052829,0.5225688972717445
0.5214521452145215,0.5023060027827146,0.4815537996259824,0.5225598820238847
0.5217521752175218,0.5022979101363396,0.48154834675023195,0.5225508984139468
0.5220522052205221,0.5022898458900861,0.48154291301063995,0.5225419463309017
0.5223522352235224,0.5022818099442883,0.4815374983400513,0.5225330256641104
0.5226522652265229,0.50227380219963,0.48153210267154645,0.5225241363033217
0.5229522952295231,0.5022658225571439,0.4815267259384408,0.5225152781386716
0.5232523252325234,0.5022578709182096,0.48152136807428375,0.5225064510606815
0.5235523552355237,0.5022499471845531,0.4815160290128578,0.522497654960257
0.523852385238524,0.5022420512582448,0.4815107086881779,0.5224888897286867
0.5241524152415242,0.5022341830416994,0.4815054070344905,0.5224801552576405
0.5244524452445245,0.5022263424376736,0.4815001239862729,0.5224714514391684
0.5247524752475248,0.5022185293492654,0.48149485947823223,0.5224627781656995
0.5250525052505253,0.502210743679913,0.4814896134453047,0.5224541353300405
0.5253525352535255,0.5022029853333934,0.48148438582265507,0.5224455228253736
0.5256525652565258,0.5021952542138212,0.48147917654567535,0.5224369405452567
0.5259525952595261,0.5021875502256476,0.48147398554998444,0.5224283883836206
0.5262526252625264,0.5021798732736591,0.48146881277142717,0.5224198662347688
0.5265526552655266,0.5021722232629762,0.48146365814607334,0.5224113739933752
0.5268526852685269,0.5021646000990524,0.48145852161021735,0.5224029115544838
0.5271527152715272,0.5021570036876732,0.48145340310037693,0.5223944788135069
0.5274527452745277,0.5021494339349544,0.48144830255329274,0.5223860756662233
0.527752775277528,0.5021418907473415,0.48144321990592737,0.5223777020087782
0.5280528052805282,0.5021343740316081,0.4814381550954645,0.5223693577376809
0.5283528352835285,0.5021268836948553,0.48143310805930856,0.5223610427498039
0.5286528652865288,0.5021194196445097,0.4814280787350833,0.5223527569423818
0.528952895289529,0.5021119817883233,0.4814230670606316,0.5223445002130096
0.5292529252925293,0.5021045700343716,0.4814180729740143,0.5223362724596419
0.5295529552955296,0.5020971842910524,0.48141309641350977,0.5223280735805911
0.5298529852985299,0.5020898244670855,0.4814081373176128,0.5223199034745267
0.5301530153015304,0.5020824904715105,0.48140319562503414,0.5223117620404738
0.5304530453045306,0.5020751822136867,0.4813982712746996,0.5223036491778118
0.5307530753075309,0.5020678996032911,0.4813933642057493,0.5222955647862733
0.5310531053105312,0.5020606425503179,0.48138847435753684,0.5222875087659423
0.5313531353135315,0.5020534109650769,0.4813836016696288,0.5222794810172543
0.5316531653165317,0.5020462047581931,0.48137874608180375,0.5222714814409934
0.531953195319532,0.5020390238406044,0.4813739075340517,0.5222635099382923
0.5322532253225323,0.5020318681235622,0.48136908596657296,0.5222555664106305
0.5325532553255328,0.5020247375186284,0.48136428131977804,0.5222476507598335
0.532853285328533,0.502017631937676,0.48135949353428636,0.5222397628880707
0.5331533153315333,0.502010551292887,0.4813547225509258,0.5222319026978557
0.5334533453345336,0.5020034954967512,0.48134996831073185,0.5222240700920435
0.5337533753375339,0.501996464462066,0.4813452307549469,0.5222162649738303
0.5340534053405341,0.5019894581019348,0.48134050982501964,0.5222084872467522
0.5343534353435344,0.5019824763297657,0.4813358054626041,0.5222007368146833
0.5346534653465347,0.5019755190592707,0.4813311176095592,0.5221930135818353
0.5349534953495352,0.5019685862044648,0.4813264462079478,0.5221853174527564
0.5352535253525355,0.5019616776796645,0.48132179120003604,0.5221776483323294
0.5355535553555357,0.5019547933994872,0.4813171525282927,0.5221700061257708
0.535853585358536,0.5019479332788499,0.48131253013538855,0.5221623907386299
0.5361536153615363,0.501941097232968,0.48130792396419547,0.5221548020767877
0.5364536453645365,0.5019342851773547,0.4813033339577857,0.5221472400464551
0.5367536753675368,0.5019274970278195,0.48129876005943145,0.5221397045541721
0.5370537053705371,0.5019207327004673,0.48129420221260394,0.5221321955068071
0.5373537353735374,0.5019139921116976,0.48128966036097265,0.5221247128115551
0.5376537653765379,0.5019072751782033,0.48128513444840487,0.5221172563759366
0.5379537953795381,0.5019005818169695,0.48128062441896485,0.522109826107797
0.5382538253825384,0.5018939119452726,0.4812761302169131,0.5221024219153049
0.5385538553855387,0.5018872654806793,0.48127165178670583,0.522095043706951
0.538853885388539,0.5018806423410458,0.481267189072994,0.5220876913915476
0.5391539153915392,0.5018740424445164,0.4812627420206229,0.5220803648782266
0.5394539453945395,0.5018674657095226,0.4812583105746314,0.5220730640764388
0.5397539753975398,0.5018609120547822,0.48125389468025126,0.5220657888959531
0.5400540054005403,0.5018543813992985,0.4812494942829063,0.5220585392468547
0.5403540354035405,0.5018478736623585,0.481245109328212,0.5220513150395445
0.5406540654065408,0.501841388763533,0.4812407397619747,0.5220441161847379
0.5409540954095411,0.5018349266226747,0.4812363855301907,0.5220369425934634
0.5412541254125414,0.5018284871599177,0.48123204657904617,0.5220297941770621
0.5415541554155416,0.5018220702956763,0.48122772285491583,0.5220226708471858
0.5418541854185419,0.501815675950644,0.48122341430436266,0.5220155725157966
0.5421542154215422,0.5018093040457932,0.48121912087413726,0.5220084990951654
0.5424542454245427,0.5018029545023727,0.4812148425111771,0.5220014504978714
0.542754275427543,0.5017966272419083,0.4812105791626056,0.5219944266368
0.5430543054305432,0.5017903221862011,0.48120633077573216,0.5219874274251427
0.5433543354335435,0.5017840392573265,0.4812020972980507,0.5219804527763954
0.5436543654365438,0.5017777783776334,0.4811978786772396,0.5219735026043578
0.543954395439544,0.5017715394697432,0.48119367486116094,0.521966576823132
0.5442544254425443,0.5017653224565488,0.4811894857978594,0.5219596753471214
0.5445544554455446,0.501759127261214,0.4811853114355624,0.5219527980910301
0.5448544854485449,0.5017529538071718,0.4811811517226789,0.5219459449698614
0.5451545154515454,0.501746802018124,0.4811770066077987,0.5219391158989167
0.5454545454545456,0.5017406718180405,0.48117287603969233,0.5219323107937949
0.5457545754575459,0.5017345631311576,0.4811687599673099,0.5219255295703908
0.5460546054605462,0.5017284758819777,0.4811646583397808,0.5219187721448948
0.5463546354635465,0.501722409995268,0.4811605711064128,0.5219120384337911
0.5466546654665467,0.5017163653960599,0.48115649821669165,0.5219053283538567
0.546954695469547,0.5017103420096477,0.48115243962028037,0.5218986418221614
0.5472547254725473,0.501704339761588,0.4811483952670186,0.5218919787560654
0.5475547554755478,0.5016983585776987,0.481144365106922,0.5218853390732192
0.547854785478548,0.5016923983840578,0.48114034909018166,0.5218787226915623
0.5481548154815483,0.5016864591070028,0.4811363471671635,0.521872129529322
0.5484548454845486,0.5016805406731298,0.4811323592884076,0.5218655595050127
0.5487548754875489,0.5016746430092925,0.4811283854046275,0.5218590125374347
0.5490549054905491,0.5016687660426014,0.4811244254667098,0.5218524885456735
0.5493549354935494,0.5016629097004222,0.48112047942571357,0.5218459874490979
0.5496549654965497,0.5016570739103762,0.48111654723286934,0.5218395091673607
0.5499549954995502,0.5016512586003384,0.48111262883957906,0.5218330536203956
0.5502550255025505,0.501645463698437,0.4811087241974151,0.521826620728418
0.5505550555055507,0.5016396891330523,0.4811048332581198,0.521820210411923
0.550855085508551,0.5016339348328159,0.4811009559736048,0.5218138225916847
0.5511551155115513,0.5016282007266102,0.4810970922959506,0.5218074571887554
0.5514551455145515,0.5016224867435667,0.48109324217740573,0.5218011141244643
0.5517551755175518,0.5016167928130659,0.48108940557038643,0.5217947933204168
0.5520552055205521,0.5016111188647361,0.4810855824274759,0.5217884946984932
0.5523552355235524,0.5016054648284525,0.4810817727014236,0.5217822181808482
0.5526552655265529,0.5015998306343362,0.481077976345145,0.5217759636899096
0.5529552955295531,0.5015942162127541,0.48107419331172063,0.5217697311483773
0.5532553255325534,0.5015886214943168,0.4810704235543959,0.5217635204792228
0.5535553555355537,0.5015830464098788,0.48106666702658,0.5217573316056875
0.553855385538554,0.5015774908905373,0.4810629236818459,0.5217511644512824
0.5541554155415542,0.5015719548676308,0.48105919347392934,0.521745018939787
0.5544554455445545,0.5015664382727395,0.4810554763567284,0.5217388949952481
0.5547554755475548,0.5015609410376831,0.48105177228430307,0.5217327925419792
0.5550555055505553,0.5015554630945209,0.48104808121087445,0.5217267115045593
0.5553555355535555,0.5015500043755505,0.4810444030908243,0.5217206518078321
0.5556555655565558,0.5015445648133071,0.48104073787869456,0.5217146133769052
0.5559555955595561,0.5015391443405627,0.4810370855291866,0.5217085961371487
0.5562556255625564,0.501533742890325,0.4810334459971608,0.521702600014195
0.5565556555655566,0.5015283603958373,0.48102981923763594,0.5216966249339372
0.5568556855685569,0.5015229967905765,0.48102620520578865,0.5216906708225285
0.5571557155715572,0.5015176520082536,0.48102260385695284,0.5216847376063815
0.5574557455745577,0.5015123259828119,0.4810190151466192,0.5216788252121665
0.557755775577558,0.5015070186484265,0.48101543903043464,0.5216729335668118
0.5580558055805582,0.5015017299395035,0.48101187546420165,0.5216670625975017
0.5583558355835585,0.5014964597906794,0.4810083244038779,0.5216612122316762
0.5586558655865588,0.5014912081368197,0.48100478580557554,0.5216553823970299
0.558955895589559,0.5014859749130189,0.4810012596255608,0.521649573021511
0.5592559255925593,0.5014807600545992,0.4809977458202533,0.521643784033321
0.5595559555955596,0.5014755634971093,0.48099424434622573,0.5216380153609128
0.5598559855985599,0.5014703851763248,0.48099075516020307,0.5216322669329907
0.5601560156015604,0.5014652250282461,0.48098727821906223,0.5216265386785093
0.5604560456045606,0.5014600829890985,0.4809838134798314,0.5216208305266722
0.5607560756075609,0.5014549589953311,0.4809803608996896,0.5216151424069316
0.5610561056105612,0.5014498529836158,0.4809769204359661,0.5216094742489876
0.5613561356135615,0.501444764890847,0.48097349204614004,0.5216038259827864
0.5616561656165617,0.5014396946541404,0.48097007568783956,0.5215981975385205
0.561956195619562,0.5014346422108324,0.4809666713188417,0.5215925888466272
0.5622562256225623,0.5014296074984795,0.48096327889707147,0.521586999837788
0.5625562556255628,0.5014245904548571,0.48095989838060177,0.5215814304429275
0.562856285628563,0.5014195910179591,0.48095652972765246,0.521575880593213
0.5631563156315633,0.5014146091259967,0.48095317289659006,0.521570350220053
0.5634563456345636,0.5014096447173985,0.4809498278459273,0.5215648392550971
0.5637563756375639,0.5014046977308085,0.48094649453432237,0.5215593476302344
0.5640564056405641,0.5013997681050867,0.48094317292057853,0.5215538752775932
0.5643564356435644,0.5013948557793072,0.4809398629636437,0.5215484221295401
0.5646564656465647,0.5013899606927581,0.4809365646226099,0.5215429881186789
0.5649564956495652,0.5013850827849405,0.4809332778567126,0.5215375731778499
0.5652565256525655,0.5013802219955678,0.4809300026253303,0.5215321772401291
0.5655565556555657,0.5013753782645649,0.48092673888798426,0.5215268002388275
0.565856585658566,0.5013705515320678,0.4809234866043376,0.5215214421074899
0.5661566156615663,0.5013657417384222,0.480920245734195,0.5215161027798945
0.5664566456645665,0.5013609488241834,0.4809170162375023,0.5215107821900519
0.5667566756675668,0.5013561727301153,0.4809137980743459,0.5215054802722041
0.5670567056705671,0.5013514133971896,0.48091059120495216,0.5215001969608242
0.5673567356735674,0.5013466707665852,0.48090739558968715,0.5214949321906148
0.5676567656765679,0.5013419447796874,0.48090421118905585,0.521489685896508
0.5679567956795681,0.5013372353780872,0.4809010379637021,0.5214844580136643
0.5682568256825684,0.5013325425035805,0.4808978758744076,0.5214792484774713
0.5685568556855687,0.5013278660981677,0.48089472488209184,0.5214740572235438
0.568856885688569,0.5013232061040525,0.48089158494781137,0.5214688841877224
0.5691569156915692,0.5013185624636414,0.4808884560327595,0.521463729306073
0.5694569456945695,0.5013139351195433,0.4808853380982656,0.5214585925148854
0.5697569756975698,0.5013093240145683,0.48088223110579487,0.5214534737506734
0.5700570057005703,0.5013047290917271,0.4808791350169477,0.5214483729501737
0.5703570357035705,0.5013001502942307,0.4808760497934591,0.5214432900503446
0.5706570657065708,0.5012955875654891,0.48087297539719864,0.5214382249883659
0.5709570957095711,0.501291040849111,0.48086991179016947,0.5214331777016379
0.5712571257125714,0.5012865100889031,0.4808668589345082,0.5214281481277803
0.5715571557155716,0.5012819952288691,0.48086381679248424,0.5214231362046321
0.5718571857185719,0.5012774962132094,0.4808607853264995,0.52141814187025
0.5721572157215722,0.5012730129863202,0.48085776449908774,0.5214131650629087
0.5724572457245727,0.5012685454927925,0.4808547542729143,0.5214082057210989
0.572757275727573,0.5012640936774124,0.48085175461077545,0.5214032637835274
0.5730573057305732,0.5012596574851591,0.480848765475598,0.5213983391891163
0.5733573357335735,0.5012552368612053,0.48084578683043905,0.5213934318770016
0.5736573657365738,0.501250831750916,0.4808428186384851,0.5213885417865334
0.573957395739574,0.5012464420998478,0.480839860863052,0.5213836688572742
0.5742574257425743,0.5012420678537487,0.48083691346758434,0.5213788130289988
0.5745574557455746,0.5012377089585566,0.4808339764156549,0.5213739742416934
0.5748574857485749,0.5012333653603995,0.4808310496709643,0.5213691524355548
0.5751575157515754,0.5012290370055944,0.48082813319734063,0.5213643475509896
0.5754575457545756,0.5012247238406465,0.48082522695873897,0.5213595595286135
0.5757575757575759,0.5012204258122491,0.48082233091924065,0.5213547883092506
0.5760576057605762,0.5012161428672821,0.4808194450430533,0.521350033833933
0.5763576357635765,0.5012118749528123,0.48081656929451005,0.5213452960438991
0.5766576657665767,0.5012076220160918,0.4808137036380692,0.5213405748805942
0.576957695769577,0.5012033840045581,0.48081084803831375,0.5213358702856685
0.5772577257725773,0.5011991608658333,0.4808080024599511,0.5213311822009775
0.5775577557755778,0.5011949525477227,0.48080516686781244,0.5213265105685803
0.577857785778578,0.5011907589982155,0.4808023412268523,0.5213218553307397
0.5781578157815783,0.501186580165483,0.4807995255021483,0.5213172164299208
0.5784578457845786,0.5011824159978785,0.4807967196589006,0.5213125938087909
0.5787578757875789,0.5011782664439365,0.48079392366243145,0.5213079874102182
0.5790579057905791,0.5011741314523721,0.48079113747818486,0.5213033971772717
0.5793579357935794,0.5011700109720806,0.48078836107172596,0.5212988230532201
0.5796579657965797,0.5011659049521362,0.48078559440874097,0.521294264981531
0.5799579957995802,0.5011618133417923,0.48078283745503625,0.5212897229058706
0.5802580258025805,0.5011577360904801,0.4807800901765384,0.5212851967701028
0.5805580558055807,0.5011536731478083,0.48077735253929343,0.5212806865182883
0.580858085808581,0.5011496244635626,0.4807746245094666,0.5212761920946842
0.5811581158115813,0.5011455899877046,0.48077190605334186,0.5212717134437436
0.5814581458145816,0.5011415696703718,0.48076919713732147,0.5212672505101139
0.5817581758175818,0.5011375634618765,0.4807664977279257,0.5212628032386372
0.5820582058205821,0.5011335713127058,0.4807638077917921,0.521258371574349
0.5823582358235824,0.5011295931735197,0.48076112729567555,0.5212539554624777
0.5826582658265829,0.5011256289951521,0.48075845620644747,0.5212495548484438
0.5829582958295831,0.5011216787286094,0.4807557944910955,0.5212451696778597
0.5832583258325834,0.5011177423250693,0.4807531421167232,0.5212407998965284
0.5835583558355837,0.5011138197358818,0.4807504990505496,0.521236445450443
0.583858385838584,0.5011099109125666,0.4807478652599087,0.5212321062857863
0.5841584158415842,0.5011060158068144,0.48074524071224917,0.5212277823489301
0.5844584458445845,0.5011021343704849,0.48074262537513396,0.5212234735864341
0.5847584758475848,0.5010982665556071,0.4807400192162397,0.5212191799450456
0.5850585058505853,0.5010944123143779,0.48073742220335663,0.521214901371699
0.5853585358535855,0.5010905715991625,0.4807348343043879,0.5212106378135147
0.5856585658565858,0.5010867443624928,0.48073225548734944,0.5212063892177988
0.5859585958595861,0.5010829305570675,0.4807296857203693,0.5212021555320423
0.5862586258625864,0.5010791301357513,0.48072712497168735,0.5211979367039203
0.5865586558655866,0.5010753430515744,0.4807245732096551,0.521193732681292
0.5868586858685869,0.5010715692577316,0.48072203040273487,0.5211895434121989
0.5871587158715872,0.5010678087075819,0.4807194965194999,0.5211853688448654
0.5874587458745877,0.5010640613546485,0.48071697152863363,0.5211812089276974
0.587758775877588,0.5010603271526173,0.4807144553989293,0.5211770636092818
0.5880588058805882,0.5010566060553366,0.4807119480992898,0.5211729328383861
0.5883588358835885,0.5010528980168171,0.4807094495987271,0.5211688165639573
0.5886588658865888,0.5010492029912303,0.48070695986636186,0.521164714735122
0.588958895889589,0.5010455209329092,0.48070447887142326,0.521160627301185
0.5892589258925893,0.5010418517963467,0.48070200658324835,0.5211565542116289
0.5895589558955896,0.5010381955361953,0.48069954297128176,0.5211524954161141
0.5898589858985901,0.5010345521072669,0.4806970880050754,0.521148450864477
0.5901590159015904,0.5010309214645319,0.48069464165428805,0.5211444205067307
0.5904590459045906,0.5010273035631185,0.480692203888685,0.5211404042930633
0.5907590759075909,0.5010236983583127,0.48068977467813756,0.5211364021738377
0.5910591059105912,0.5010201058055573,0.48068735399262275,0.5211324140995913
0.5913591359135915,0.5010165258604514,0.4806849418022231,0.5211284400210348
0.5916591659165917,0.50101295847875,0.48068253807712596,0.5211244798890518
0.591959195919592,0.5010094036163634,0.48068014278762344,0.5211205336546987
0.5922592259225923,0.5010058612293564,0.4806777559041118,0.5211166012692032
0.5925592559255928,0.5010023312739482,0.48067537739709126,0.5211126826839645
0.592859285928593,0.5009988137065117,0.4806730072371656,0.5211087778505522
0.5931593159315933,0.5009953084835727,0.4806706453950416,0.5211048867207058
0.5934593459345936,0.5009918155618095,0.48066829184152904,0.5211010092463343
0.5937593759375939,0.500988334898053,0.48066594654753997,0.5210971453795152
0.5940594059405941,0.5009848664492849,0.48066360948408865,0.5210932950724948
0.5943594359435944,0.5009814101726382,0.48066128062229097,0.5210894582776863
0.5946594659465947,0.5009779660253963,0.48065895993336427,0.5210856349476701
0.5949594959495952,0.5009745339649926,0.4806566473886268,0.5210818250351933
0.5952595259525955,0.5009711139490096,0.4806543429594975,0.5210780284931684
0.5955595559555957,0.500967705935179,0.48065204661749567,0.5210742452746736
0.595859585958596,0.5009643098813806,0.4806497583342405,0.5210704753329514
0.5961596159615963,0.5009609257456422,0.4806474780814508,0.5210667186214084
0.5964596459645966,0.5009575534861387,0.4806452058309446,0.521062975093615
0.5967596759675968,0.5009541930611918,0.48064294155463894,0.5210592447033043
0.5970597059705971,0.5009508444292696,0.48064068522454917,0.5210555274043719
0.5973597359735976,0.500947507548986,0.48063843681278917,0.5210518231508752
0.5976597659765979,0.5009441823790998,0.4806361962915704,0.5210481318970325
0.5979597959795981,0.5009408688785149,0.480633963633202,0.5210444535972232
0.5982598259825984,0.5009375670062792,0.4806317388100902,0.5210407882059866
0.5985598559855987,0.5009342767215844,0.4806295217947382,0.5210371356780216
0.598859885988599,0.5009309979837655,0.48062731255974556,0.521033495968186
0.5991599159915992,0.5009277307523,0.48062511107780803,0.5210298690314962
0.5994599459945995,0.5009244749868078,0.4806229173217172,0.5210262548231261
0.5997599759975998,0.5009212306470504,0.48062073126436017,0.5210226532984075
0.6000600060006003,0.5009179976929306,0.48061855287871913,0.5210190644128282
0.6003600360036006,0.5009147760844916,0.4806163821378711,0.5210154881220328
0.6006600660066008,0.5009115657819173,0.48061421901498763,0.5210119243818214
0.6009600960096011,0.5009083667455312,0.4806120634833344,0.5210083731481492
0.6012601260126014,0.5009051789357957,0.48060991551627086,0.5210048343771259
0.6015601560156016,0.5009020023133123,0.48060777508725006,0.5210013080250152
0.6018601860186019,0.5008988368388206,0.48060564216981805,0.5209977940482345
0.6021602160216022,0.5008956824731983,0.4806035167376138,0.5209942924033539
0.6024602460246027,0.5008925391774599,0.4806013987643689,0.5209908030470962
0.602760276027603,0.500889406912757,0.48059928822390696,0.5209873259363359
0.6030603060306032,0.5008862856403774,0.48059718509014354,0.5209838610280987
0.6033603360336035,0.500883175321745,0.4805950893370857,0.5209804082795613
0.6036603660366038,0.5008800759184189,0.4805930009388318,0.5209769676480506
0.603960396039604,0.500876987392093,0.4805909198695709,0.5209735390910435
0.6042604260426043,0.5008739097045958,0.4805888461035829,0.5209701225661657
0.6045604560456046,0.5008708428178897,0.48058677961523777,0.520966718031192
0.6048604860486051,0.5008677866940707,0.4805847203789955,0.5209633254440451
0.6051605160516054,0.5008647412953676,0.4805826683694058,0.5209599447627957
0.6054605460546056,0.500861706584142,0.4805806235611074,0.5209565759456611
0.6057605760576059,0.5008586825228873,0.4805785859288284,0.520953218951006
0.6060606060606062,0.5008556690742288,0.4805765554473853,0.5209498737373404
0.6063606360636065,0.5008526662009228,0.4805745320916832,0.5209465402633204
0.6066606660666067,0.5008496738658563,0.48057251583671506,0.520943218487747
0.606960696069607,0.5008466920320467,0.4805705066575618,0.5209399083695662
0.6072607260726073,0.5008437206626409,0.48056850452939154,0.5209366098678673
0.6075607560756078,0.5008407597209156,0.4805665094274599,0.5209333229418839
0.607860786078608,0.5008378091702758,0.4805645213271089,0.5209300475509921
0.6081608160816083,0.5008348689742552,0.48056254020376754,0.5209267836547111
0.6084608460846086,0.5008319390965157,0.48056056603295066,0.5209235312127019
0.6087608760876089,0.5008290195008464,0.4805585987902593,0.5209202901847667
0.6090609060906091,0.5008261101511635,0.48055663845138,0.5209170605308495
0.6093609360936094,0.5008232110115101,0.4805546849920847,0.5209138422110343
0.6096609660966097,0.5008203220460551,0.48055273838823026,0.5209106351855455
0.6099609960996102,0.5008174432190934,0.48055079861575833,0.5209074394147469
0.6102610261026105,0.5008145744950452,0.480548865650695,0.5209042548591415
0.6105610561056107,0.5008117158384555,0.4805469394691504,0.5209010814793709
0.610861086108611,0.5008088672139938,0.4805450200473187,0.5208979192362146
0.6111611161116113,0.5008060285864534,0.4805431073614774,0.5208947680905903
0.6114611461146116,0.5008031999207513,0.4805412013879874,0.5208916280035523
0.6117611761176118,0.5008003811819276,0.48053930210329243,0.5208884989362916
0.6120612061206121,0.5007975723351452,0.480537409483919,0.5208853808501358
0.6123612361236126,0.500794773345689,0.48053552350647594,0.5208822737065479
0.6126612661266129,0.5007919841789659,0.48053364414765415,0.5208791774671263
0.6129612961296131,0.5007892048005042,0.4805317713842264,0.520876092093604
0.6132613261326134,0.500786435175953,0.480529905193047,0.5208730175478484
0.6135613561356137,0.5007836752710824,0.4805280455510513,0.5208699537918607
0.613861386138614,0.500780925051782,0.48052619243525574,0.5208669007877755
0.6141614161416142,0.5007781844840616,0.4805243458227575,0.5208638584978602
0.6144614461446145,0.5007754535340501,0.48052250569073385,0.5208608268845146
0.6147614761476148,0.5007727321679952,0.48052067201644244,0.5208578059102706
0.6150615061506153,0.5007700203522631,0.4805188447772206,0.5208547955377916
0.6153615361536156,0.5007673180533383,0.48051702395048523,0.5208517957298716
0.6156615661566158,0.5007646252378224,0.4805152095137324,0.5208488064494358
0.6159615961596161,0.5007619418724346,0.4805134014445373,0.5208458276595391
0.6162616261626164,0.5007592679240107,0.4805115997205537,0.5208428593233662
0.6165616561656166,0.5007566033595031,0.4805098043195138,0.5208399014042309
0.6168616861686169,0.50075394814598,0.48050801521922804,0.5208369538655758
0.6171617161716172,0.500751302250625,0.4805062323975846,0.520834016670972
0.6174617461746177,0.5007486656407375,0.48050445583254936,0.520831089784118
0.617761776177618,0.5007460382837309,0.48050268550216546,0.52082817316884
0.6180618061806182,0.5007434201471332,0.48050092138455314,0.5208252667890911
0.6183618361836185,0.5007408111985868,0.48049916345790944,0.520822370608951
0.6186618661866188,0.5007382114058472,0.4804974117005078,0.5208194845926252
0.618961896189619,0.500735620736783,0.4804956660906981,0.520816608704445
0.6192619261926193,0.5007330391593758,0.48049392660690604,0.5208137429088668
0.6195619561956196,0.5007304666417196,0.48049219322763304,0.520810887170472
0.6198619861986201,0.5007279031520201,0.48049046593145606,0.5208080414539659
0.6201620162016204,0.5007253486585949,0.4804887446970271,0.5208052057241777
0.6204620462046206,0.5007228031298725,0.4804870295030733,0.5208023799460604
0.6207620762076209,0.5007202665343923,0.48048532032839625,0.5207995640846896
0.6210621062106212,0.5007177388408042,0.48048361715187204,0.5207967581052637
0.6213621362136215,0.500715220017868,0.48048191995245076,0.5207939619731032
0.6216621662166217,0.5007127100344532,0.4804802287091566,0.5207911756536502
0.621962196219622,0.5007102088595385,0.4804785434010871,0.5207883991124681
0.6222622262226223,0.5007077164622116,0.48047686400741335,0.5207856323152411
0.6225622562256228,0.5007052328116685,0.4804751905073795,0.5207828752277741
0.622862286228623,0.5007027578772133,0.4804735228803025,0.5207801278159918
0.6231623162316233,0.500700291628258,0.48047186110557183,0.5207773900459384
0.6234623462346236,0.5006978340343219,0.48047020516264943,0.5207746618837773
0.6237623762376239,0.5006953850650311,0.4804685550310692,0.5207719432957909
0.6240624062406241,0.5006929446901184,0.48046691069043695,0.5207692342483795
0.6243624362436244,0.5006905128794229,0.48046527212043005,0.5207665347080618
0.6246624662466247,0.5006880896028894,0.4804636393007971,0.5207638446414735
0.6249624962496252,0.5006856748305684,0.4804620122113579,0.5207611640153679
0.6252625262526255,0.5006832685326151,0.480460390832003,0.5207584927966146
0.6255625562556257,0.50068087067929,0.4804587751426934,0.5207558309521994
0.625862586258626,0.5006784812409574,0.48045716512346076,0.5207531784492243
0.6261626162616263,0.500676100188086,0.48045556075440643,0.5207505352549067
0.6264626462646266,0.5006737274912479,0.48045396201570184,0.5207479013365788
0.6267626762676268,0.5006713631211187,0.48045236888758797,0.5207452766616875
0.6270627062706271,0.5006690070484766,0.48045078135037506,0.5207426611977941
0.6273627362736276,0.5006666592442027,0.48044919938444247,0.5207400549125738
0.6276627662766279,0.5006643196792802,0.4804476229702385,0.5207374577738149
0.6279627962796281,0.5006619883247937,0.48044605208827995,0.520734869749419
0.6282628262826284,0.5006596651519298,0.48044448671915213,0.5207322908074004
0.6285628562856287,0.5006573501319762,0.4804429268435083,0.5207297209158853
0.628862886288629,0.500655043236321,0.4804413724420698,0.5207271600431123
0.6291629162916292,0.500652744436453,0.48043982349562553,0.5207246081574308
0.6294629462946295,0.5006504537039611,0.48043827998503175,0.520722065227302
0.6297629762976298,0.5006481710105335,0.4804367418912121,0.5207195312212972
0.6300630063006303,0.5006458963279582,0.4804352091951569,0.5207170061080982
0.6303630363036306,0.500643629628122,0.48043368187792346,0.5207144898564969
0.6306630663066308,0.5006413708830105,0.48043215992063537,0.5207119824353944
0.6309630963096311,0.5006391200647073,0.4804306433044825,0.520709483813801
0.6312631263126314,0.5006368771453944,0.4804291320107208,0.5207069939608361
0.6315631563156316,0.5006346420973511,0.4804276260206719,0.5207045128457268
0.6318631863186319,0.5006324148929542,0.48042612531572315,0.520702040437809
0.6321632163216322,0.5006301955046771,0.480424629877327,0.5206995767065257
0.6324632463246327,0.5006279839050902,0.48042313968700107,0.520697121621427
0.632763276327633,0.50062578006686,0.480421654726328,0.5206946751521704
0.6330633063306332,0.5006235839627489,0.48042017497695483,0.5206922372685194
0.6333633363336335,0.5006213955656148,0.4804187004205931,0.520689807940344
0.6336633663366338,0.5006192148484111,0.4804172310390186,0.5206873871376195
0.633963396339634,0.5006170417841859,0.480415766814071,0.5206849748304271
0.6342634263426343,0.5006148763460818,0.4804143077276537,0.5206825709889523
0.6345634563456346,0.5006127185073361,0.48041285376173365,0.520680175583486
0.6348634863486351,0.5006105682412797,0.480411404898341,0.5206777885844229
0.6351635163516354,0.5006084255213369,0.4804099611195691,0.5206754099622616
0.6354635463546356,0.5006062903210255,0.480408522407574,0.5206730396876044
0.6357635763576359,0.5006041626139565,0.48040708874457444,0.5206706777311566
0.6360636063606362,0.500602042373833,0.4804056601128516,0.5206683240637265
0.6363636363636365,0.5005999295744507,0.4804042364947488,0.5206659786562247
0.6366636663666367,0.500597824189697,0.4804028178726712,0.5206636414796639
0.636963696369637,0.5005957261935514,0.480401404229086,0.5206613125051586
0.6372637263726373,0.5005936355600843,0.48039999554652163,0.5206589917039246
0.6375637563756378,0.5005915522634571,0.48039859180756805,0.5206566790472789
0.637863786378638,0.5005894762779223,0.4803971929948762,0.5206543745066387
0.6381638163816383,0.5005874075778222,0.4803957990911579,0.5206520780535219
0.6384638463846386,0.5005853461375894,0.4803944100791857,0.5206497896595464
0.6387638763876389,0.5005832919317464,0.4803930259417926,0.5206475092964294
0.6390639063906391,0.5005812449349049,0.48039164666187184,0.5206452369359877
0.6393639363936394,0.5005792051217657,0.4803902722223766,0.5206429725501368
0.6396639663966397,0.5005771724671184,0.4803889026063201,0.5206407161108906
0.6399639963996402,0.5005751469458413,0.4803875377967749,0.5206384675903616
0.6402640264026405,0.5005731285329003,0.4803861777768732,0.5206362269607597
0.6405640564056407,0.5005711172033497,0.4803848225298063,0.520633994194393
0.640864086408641,0.5005691129323313,0.4803834720388244,0.520631769263666
0.6411641164116413,0.5005671156950737,0.48038212628723664,0.5206295521410808
0.6414641464146416,0.500565125466893,0.48038078525841066,0.5206273427992352
0.6417641764176418,0.5005631422231914,0.4803794489357725,0.5206251412108237
0.6420642064206421,0.500561165939458,0.4803781173028063,0.5206229473486368
0.6423642364236426,0.5005591965912672,0.48037679034305414,0.5206207611855598
0.6426642664266429,0.5005572341542799,0.480375468040116,0.5206185826945738
0.6429642964296431,0.5005552786042416,0.4803741503776493,0.5206164118487545
0.6432643264326434,0.5005533299169838,0.48037283733936886,0.5206142486212719
0.6435643564356437,0.500551388068422,0.48037152890904666,0.5206120929853904
0.643864386438644,0.5005494530345568,0.4803702250705115,0.5206099449144681
0.6441644164416442,0.5005475247914727,0.4803689258076491,0.5206078043819566
0.6444644464446445,0.5005456033153383,0.4803676311044017,0.520605671361401
0.6447644764476448,0.5005436885824056,0.48036634094476777,0.5206035458264386
0.6450645064506453,0.5005417805690103,0.4803650553128021,0.5206014277507998
0.6453645364536456,0.500539879251571,0.48036377419261533,0.5205993171083066
0.6456645664566458,0.5005379846065888,0.4803624975683739,0.5205972138728737
0.6459645964596461,0.5005360966106477,0.4803612254242998,0.5205951180185067
0.6462646264626464,0.5005342152404134,0.4803599577446704,0.5205930295193024
0.6465646564656466,0.500532340472634,0.48035869451381824,0.5205909483494489
0.6468646864686469,0.5005304722841387,0.4803574357161308,0.5205888744832246
0.6471647164716472,0.5005286106518384,0.48035618133605057,0.5205868078949982
0.6474647464746477,0.5005267555527249,0.4803549313580743,0.5205847485592285
0.647764776477648,0.5005249069638708,0.48035368576675336,0.5205826964504638
0.6480648064806482,0.5005230648624288,0.4803524445466933,0.5205806515433418
0.6483648364836485,0.5005212292256324,0.4803512076825536,0.520578613812589
0.6486648664866488,0.5005194000307944,0.48034997515904787,0.5205765832330209
0.6489648964896491,0.5005175772553078,0.48034874696094293,0.5205745597795413
0.6492649264926493,0.5005157608766443,0.48034752307305945,0.5205725434271417
0.6495649564956496,0.5005139508723552,0.4803463034802711,0.5205705341509019
0.6498649864986501,0.5005121472200702,0.4803450881675047,0.520568531925989
0.6501650165016504,0.5005103498974978,0.48034387711974014,0.520566536727657
0.6504650465046506,0.5005085588824245,0.48034267032200983,0.5205645485312469
0.6507650765076509,0.500506774152715,0.48034146775939873,0.5205625673121864
0.6510651065106512,0.5005049956863115,0.4803402694170442,0.5205605930459892
0.6513651365136515,0.5005032234612334,0.4803390752801358,0.5205586257082552
0.6516651665166517,0.5005014574555778,0.48033788533391486,0.5205566652746694
0.651965196519652,0.5004996976475183,0.48033669956367475,0.5205547117210028
0.6522652265226523,0.500497944015305,0.48033551795476037,0.5205527650231108
0.6525652565256528,0.5004961965372645,0.4803343404925679,0.5205508251569341
0.652865286528653,0.5004944551917996,0.480333167162545,0.5205488920984975
0.6531653165316533,0.5004927199573885,0.48033199795019027,0.52054696582391
0.6534653465346536,0.5004909908125854,0.4803308328410532,0.5205450463093645
0.6537653765376539,0.5004892677360193,0.4803296718207341,0.5205431335311373
0.6540654065406541,0.5004875507063945,0.4803285148748836,0.5205412274655882
0.6543654365436544,0.50048583970249,0.48032736198920295,0.5205393280891596
0.6546654665466547,0.5004841347031592,0.4803262131494434,0.520537435378377
0.6549654965496552,0.5004824356873298,0.4803250683414062,0.5205355493098481
0.6552655265526555,0.5004807426340031,0.4803239275509426,0.5205336698602625
0.6555655565556557,0.5004790555222547,0.4803227907639533,0.520531797006392
0.655865586558656,0.5004773743312332,0.4803216579663886,0.5205299307250894
0.6561656165616563,0.5004756990401605,0.48032052914424805,0.5205280709932891
0.6564656465646566,0.5004740296283313,0.48031940428358033,0.5205262177880066
0.6567656765676568,0.5004723660751133,0.4803182833704832,0.5205243710863375
0.6570657065706571,0.5004707083599462,0.48031716639110306,0.5205225308654584
0.6573657365736576,0.500469056462342,0.48031605333163496,0.5205206971026256
0.6576657665766579,0.5004674103618847,0.48031494417832243,0.5205188697751753
0.6579657965796581,0.5004657700382299,0.48031383891745727,0.5205170488605232
0.6582658265826584,0.5004641354711046,0.4803127375353794,0.5205152343361643
0.6585658565856587,0.5004625066403068,0.48031164001847665,0.5205134261796729
0.658865886588659,0.5004608835257055,0.48031054635318465,0.5205116243687012
0.6591659165916592,0.5004592661072406,0.48030945652598656,0.5205098288809809
0.6594659465946595,0.5004576543649218,0.4803083705234131,0.5205080396943207
0.6597659765976598,0.5004560482788297,0.4803072883320421,0.5205062567866081
0.6600660066006603,0.5004544478291141,0.48030620993849865,0.5205044801358077
0.6603660366036606,0.500452852995995,0.48030513532945474,0.5205027097199617
0.6606660666066608,0.5004512637597615,0.480304064491629,0.5205009455171892
0.6609660966096611,0.500449680100772,0.4803029974117869,0.520499187505686
0.6612661266126614,0.5004481019994537,0.4803019340767401,0.5204974356637248
0.6615661566156616,0.5004465294363026,0.48030087447334674,0.520495689969654
0.6618661866186619,0.5004449623918834,0.480299818588511,0.5204939504018985
0.6621662166216622,0.5004434008468285,0.480298766409183,0.5204922169389585
0.6624662466246627,0.5004418447818385,0.48029771792235876,0.5204904895594101
0.662766276627663,0.5004402941776818,0.4802966731150798,0.5204887682419042
0.6630663066306632,0.5004387490151941,0.48029563197443315,0.5204870529651666
0.6633663366336635,0.5004372092752788,0.48029459448755124,0.5204853437079981
0.6636663666366638,0.5004356749389057,0.4802935606416116,0.5204836404492738
0.6639663966396641,0.5004341459871119,0.48029253042383674,0.5204819431679425
0.6642664266426643,0.5004326224010007,0.480291503821494,0.5204802518430275
0.6645664566456646,0.5004311041617419,0.4802904808218955,0.5204785664536253
0.6648664866486651,0.5004295912505712,0.4802894614123978,0.5204768869789062
0.6651665166516654,0.5004280836487905,0.48028844558040185,0.5204752133981128
0.6654665466546656,0.500426581337767,0.48028743331335283,0.5204735456905614
0.6657665766576659,0.5004250842989333,0.48028642459873994,0.5204718838356402
0.6660666066606662,0.5004235925137874,0.4802854194240963,0.5204702278128105
0.6663666366636665,0.500422105963892,0.4802844177769988,0.520468577601605
0.6666666666666667,0.5004206246308747,0.480283419645068,0.5204669331816284
0.666966696669667,0.5004191484964273,0.4802824250159677,0.5204652945325572
0.6672667266726673,0.500417677542306,0.4802814338774052,0.5204636616341389
0.6675667566756678,0.5004162117503312,0.48028044621713084,0.5204620344661923
0.6678667866786681,0.500414751102387,0.480279462022938,0.520460413008607
0.6681668166816683,0.5004132955804207,0.48027848128266276,0.5204587972413433
0.6684668466846686,0.5004118451664435,0.48027750398418406,0.5204571871444312
0.6687668766876689,0.5004103998425294,0.4802765301154233,0.5204555826979717
0.6690669066906691,0.5004089595908155,0.4802755596643443,0.5204539838821349
0.6693669366936694,0.5004075243935014,0.4802745926189531,0.520452390677161
0.6696669666966697,0.5004060942328493,0.4802736289672978,0.5204508030633592
0.6699669966996702,0.5004046690911835,0.4802726686974685,0.5204492210211078
0.6702670267026705,0.5004032489508907,0.480271711797597,0.5204476445308543
0.6705670567056707,0.5004018337944189,0.48027075825585686,0.5204460735731145
0.670867086708671,0.500400423604278,0.48026980806046315,0.5204445081284725
0.6711671167116713,0.5003990183630393,0.4802688611996722,0.520442948177581
0.6714671467146716,0.5003976180533353,0.4802679176617816,0.5204413937011602
0.6717671767176718,0.5003962226578591,0.48026697743513,0.5204398446799979
0.6720672067206721,0.5003948321593649,0.48026604050809707,0.5204383010949498
0.6723672367236726,0.5003934465406672,0.48026510686910306,0.5204367629269382
0.6726672667266729,0.5003920657846411,0.4802641765066091,0.5204352301569528
0.6729672967296731,0.5003906898742214,0.4802632494091165,0.5204337027660497
0.6732673267326734,0.5003893187924032,0.4802623255651673,0.5204321807353518
0.6735673567356737,0.5003879525222409,0.48026140496334346,0.5204306640460479
0.673867386738674,0.5003865910468487,0.48026048759226714,0.5204291526793932
0.6741674167416742,0.5003852343493997,0.48025957344060044,0.5204276466167082
0.6744674467446745,0.5003838824131265,0.48025866249704513,0.5204261458393793
0.6747674767476748,0.50038253522132,0.4802577547503427,0.5204246503288582
0.6750675067506753,0.5003811927573304,0.4802568501892743,0.5204231600666617
0.6753675367536756,0.5003798550045656,0.48025594880266015,0.5204216750343713
0.6756675667566758,0.5003785219464923,0.48025505057935997,0.5204201952136333
0.6759675967596761,0.5003771935666351,0.48025415550827244,0.5204187205861582
0.6762676267626764,0.5003758698485761,0.4802532635783352,0.5204172511337211
0.6765676567656767,0.5003745507759554,0.4802523747785248,0.5204157868381606
0.6768676867686769,0.5003732363324703,0.48025148909785637,0.5204143276813793
0.6771677167716772,0.5003719265018755,0.48025060652538365,0.5204128736453432
0.6774677467746777,0.5003706212679823,0.48024972705019875,0.5204114247120816
0.677767776777678,0.5003693206146594,0.4802488506614322,0.520409980863687
0.6780678067806782,0.5003680245258317,0.4802479773482524,0.5204085420823145
0.6783678367836785,0.5003667329854806,0.4802471070998661,0.520407108350182
0.6786678667866788,0.5003654459776438,0.4802462399055177,0.5204056796495699
0.6789678967896791,0.5003641634864149,0.4802453757544893,0.5204042559628204
0.6792679267926793,0.5003628854959433,0.48024451463610085,0.5204028372723382
0.6795679567956796,0.5003616119904344,0.4802436565397096,0.5204014235605893
0.6798679867986801,0.5003603429541484,0.48024280145471016,0.5204000148101013
0.6801680168016804,0.5003590783714013,0.4802419493705344,0.5203986110034636
0.6804680468046806,0.5003578182265637,0.48024110027665134,0.5203972121233259
0.6807680768076809,0.5003565625040615,0.4802402541625668,0.5203958181523995
0.6810681068106812,0.5003553111883748,0.48023941101782364,0.5203944290734559
0.6813681368136815,0.5003540642640386,0.48023857083200117,0.5203930448693274
0.6816681668166817,0.5003528217156418,0.48023773359471544,0.5203916655229062
0.681968196819682,0.5003515835278275,0.4802368992956189,0.5203902910171448
0.6822682268226823,0.5003503496852929,0.4802360679244003,0.5203889213350555
0.6825682568256828,0.5003491201727887,0.48023523947078467,0.5203875564597102
0.6828682868286831,0.500347894975119,0.48023441392453287,0.5203861963742401
0.6831683168316833,0.5003466740771415,0.4802335912754419,0.5203848410618357
0.6834683468346836,0.5003454574637669,0.48023277151334454,0.5203834905057465
0.6837683768376839,0.5003442451199589,0.4802319546281092,0.5203821446892808
0.6840684068406842,0.5003430370307339,0.48023114060963984,0.5203808035958052
0.6843684368436844,0.500341833181161,0.48023032944787586,0.5203794672087452
0.6846684668466847,0.5003406335563615,0.48022952113279205,0.520378135511584
0.6849684968496852,0.5003394381415092,0.48022871565439823,0.5203768084878628
0.6852685268526855,0.5003382469218295,0.48022791300273937,0.5203754861211811
0.6855685568556857,0.5003370598826002,0.48022711316789546,0.5203741683951951
0.685868586858686,0.5003358770091504,0.48022631613998107,0.5203728552936192
0.6861686168616863,0.5003346982868607,0.4802255219091457,0.5203715468002242
0.6864686468646866,0.5003335237011631,0.48022473046557324,0.5203702428988385
0.6867686768676868,0.5003323532375408,0.4802239417994822,0.5203689435733468
0.6870687068706871,0.5003311868815278,0.48022315590112524,0.5203676488076906
0.6873687368736876,0.5003300246187088,0.4802223727607894,0.5203663585858677
0.6876687668766879,0.5003288664347193,0.48022159236879564,0.5203650728919318
0.6879687968796881,0.5003277123152452,0.480220814715499,0.5203637917099931
0.6882688268826884,0.5003265622460223,0.48022003979128836,0.5203625150242172
0.6885688568856887,0.5003254162128369,0.4802192675865863,0.520361242818825
0.688868886888689,0.500324274201525,0.4802184980918489,0.5203599750780936
0.6891689168916892,0.5003231361979722,0.480217731297566,0.5203587117863544
0.6894689468946895,0.5003220021881137,0.4802169671942606,0.5203574529279944
0.6897689768976898,0.5003208721579342,0.480216205772489,0.5203561984874551
0.6900690069006903,0.5003197460934674,0.48021544702284075,0.5203549484492325
0.6903690369036906,0.5003186239807961,0.4802146909359382,0.5203537027978773
0.6906690669066908,0.5003175058060518,0.4802139375024369,0.5203524615179944
0.6909690969096911,0.500316391555415,0.4802131867130249,0.5203512245942424
0.6912691269126914,0.5003152812151144,0.48021243855842316,0.520349992011334
0.6915691569156917,0.5003141747714271,0.48021169302938504,0.5203487637540357
0.6918691869186919,0.5003130722106784,0.4802109501166965,0.5203475398071671
0.6921692169216922,0.5003119735192416,0.48021020981117574,0.5203463201556011
0.6924692469246927,0.5003108786835377,0.4802094721036732,0.5203451047842641
0.692769276927693,0.5003097876900355,0.4802087369850714,0.520343893678135
0.6930693069306932,0.5003087005252512,0.4802080044462849,0.5203426868222456
0.6933693369336935,0.5003076171757486,0.48020727447826017,0.5203414842016799
0.6936693669366938,0.5003065376281379,0.48020654707197535,0.5203402858015749
0.6939693969396941,0.5003054618690772,0.4802058222184404,0.5203390916071191
0.6942694269426943,0.5003043898852709,0.4802050999086966,0.5203379016035534
0.6945694569456946,0.5003033216634701,0.4802043801338169,0.5203367157761702
0.6948694869486951,0.5003022571904726,0.48020366288490546,0.5203355341103139
0.6951695169516954,0.5003011964531223,0.4802029481530977,0.5203343565913797
0.6954695469546956,0.5003001394383095,0.48020223592956013,0.5203331832048149
0.6957695769576959,0.5002990861329701,0.4802015262054902,0.520332013936117
0.6960696069606962,0.5002980365240866,0.4802008189721164,0.5203308487708352
0.6963696369636965,0.5002969905986862,0.48020011422069786,0.5203296876945689
0.6966696669666967,0.5002959483438423,0.48019941194252447,0.520328530692968
0.696969696969697,0.5002949097466737,0.4801987121289167,0.520327377751733
0.6972697269726975,0.500293874794344,0.48019801477122526,0.5203262288566146
0.6975697569756978,0.5002928434740621,0.4801973198608316,0.5203250839934134
0.6978697869786981,0.5002918157730817,0.4801966273891471,0.5203239431479798
0.6981698169816983,0.5002907916787014,0.4801959373476134,0.5203228063062139
0.6984698469846986,0.5002897711782641,0.48019524972770217,0.5203216734540652
0.6987698769876989,0.5002887542591574,0.48019456452091497,0.5203205445775327
0.6990699069906992,0.500287740908813,0.4801938817187833,0.5203194196626645
0.6993699369936994,0.5002867311147066,0.48019320131286825,0.5203182986955573
0.6996699669966997,0.5002857248643582,0.4801925232947605,0.5203171816623573
0.6999699969997002,0.5002847221453312,0.4801918476560804,0.5203160685492585
0.7002700270027005,0.5002837229452328,0.48019117438847764,0.520314959342504
0.7005700570057007,0.500282727251714,0.48019050348363107,0.5203138540283848
0.700870087008701,0.5002817350524685,0.480189834933249,0.5203127525932403
0.7011701170117013,0.5002807463352338,0.48018916872906864,0.5203116550234574
0.7014701470147016,0.5002797610877902,0.48018850486285625,0.5203105613054714
0.7017701770177018,0.5002787792979606,0.48018784332640707,0.5203094714257646
0.7020702070207021,0.5002778009536111,0.48018718411154493,0.5203083853708671
0.7023702370237026,0.5002768260426501,0.4801865272101226,0.5203073031273561
0.7026702670267029,0.5002758545530287,0.4801858726140213,0.520306224681856
0.7029702970297032,0.5002748864727398,0.48018522031515076,0.5203051500210382
0.7032703270327034,0.500273921789819,0.4801845703054491,0.5203040791316206
0.7035703570357037,0.5002729604923434,0.48018392257688275,0.520303012000368
0.703870387038704,0.5002720025684323,0.4801832771214463,0.5203019486140916
0.7041704170417042,0.5002710480062466,0.48018263393116256,0.5203008889596488
0.7044704470447045,0.5002700967939885,0.4801819929980821,0.5202998330239431
0.704770477047705,0.500269148919902,0.4801813543142836,0.5202987807939241
0.7050705070507053,0.5002682043722722,0.48018071787187344,0.520297732256587
0.7053705370537056,0.5002672631394252,0.4801800836629857,0.520296687398973
0.7056705670567058,0.500266325209728,0.4801794516797821,0.5202956462081681
0.7059705970597061,0.5002653905715888,0.4801788219144519,0.5202946086713044
0.7062706270627064,0.5002644592134561,0.48017819435921166,0.5202935747755587
0.7065706570657067,0.5002635311238192,0.48017756900630537,0.520292544508153
0.7068706870687069,0.5002626062912076,0.4801769458480042,0.5202915178563539
0.7071707170717072,0.5002616847041912,0.4801763248766064,0.5202904948074728
0.7074707470747077,0.5002607663513798,0.48017570608443727,0.5202894753488659
0.707770777077708,0.5002598512214237,0.480175089463849,0.5202884594679333
0.7080708070807082,0.5002589393030122,0.4801744750072208,0.5202874471521198
0.7083708370837085,0.5002580305848751,0.4801738627069585,0.5202864383889139
0.7086708670867088,0.5002571250557811,0.4801732525554945,0.520285433165848
0.7089708970897091,0.5002562227045388,0.4801726445452878,0.5202844314704986
0.7092709270927093,0.500255323519996,0.48017203866882396,0.5202834332904854
0.7095709570957096,0.5002544274910393,0.48017143491861486,0.5202824386134719
0.7098709870987101,0.5002535346065946,0.4801708332871987,0.5202814474271645
0.7101710171017104,0.5002526448556267,0.4801702337671397,0.5202804597193131
0.7104710471047107,0.5002517582271389,0.48016963635102833,0.5202794754777106
0.7107710771077109,0.5002508747101732,0.4801690410314811,0.5202784946901923
0.7110711071107112,0.50024999429381,0.48016844780114026,0.5202775173446366
0.7113711371137115,0.5002491169671683,0.4801678566526741,0.5202765434289643
0.7116711671167117,0.500248242719405,0.48016726757877637,0.5202755729311388
0.711971197119712,0.5002473715397151,0.48016668057216666,0.5202746058391654
0.7122712271227125,0.5002465034173316,0.4801660956255901,0.5202736421410915
0.7125712571257128,0.500245638341525,0.4801655127318172,0.5202726818250069
0.7128712871287131,0.5002447763016039,0.4801649318836439,0.5202717248790427
0.7131713171317133,0.5002439172869143,0.4801643530738914,0.5202707712913719
0.7134713471347136,0.5002430612868393,0.480163776295406,0.5202698210502089
0.7137713771377139,0.5002422082907994,0.4801632015410594,0.5202688741438095
0.7140714071407142,0.5002413582882524,0.48016262880374794,0.5202679305604708
0.7143714371437144,0.5002405112686931,0.4801620580763931,0.520266990288531
0.7146714671467147,0.5002396672216527,0.48016148935194125,0.5202660533163689
0.7149714971497152,0.5002388261366998,0.4801609226233633,0.5202651196324044
0.7152715271527155,0.5002379880034392,0.4801603578836551,0.5202641892250979
0.7155715571557157,0.5002371528115123,0.4801597951258368,0.5202632620829504
0.715871587158716,0.5002363205505966,0.48015923434295327,0.5202623381945032
0.7161716171617163,0.5002354912104063,0.4801586755280737,0.5202614175483378
0.7164716471647166,0.5002346647806915,0.4801581186742915,0.5202605001330757
0.7167716771677168,0.5002338412512379,0.48015756377472457,0.5202595859373784
0.7170717071707171,0.5002330206118676,0.4801570108225147,0.5202586749499475
0.7173717371737176,0.5002322028524382,0.48015645981082794,0.5202577671595235
0.7176717671767179,0.5002313879628427,0.4801559107328542,0.5202568625548872
0.7179717971797182,0.5002305759330099,0.4801553635818073,0.5202559611248584
0.7182718271827184,0.5002297667529036,0.48015481835092505,0.520255062858296
0.7185718571857187,0.5002289604125234,0.4801542750334687,0.5202541677440984
0.718871887188719,0.5002281569019031,0.48015373362272334,0.5202532757712025
0.7191719171917192,0.5002273562111124,0.4801531941119976,0.5202523869285844
0.7194719471947195,0.5002265583302552,0.4801526564946236,0.5202515012052588
0.71977197719772,0.5002257632494703,0.48015212076395675,0.5202506185902788
0.7200720072007203,0.5002249709589315,0.480151586913376,0.520249739072736
0.7203720372037206,0.5002241814488463,0.4801510549362833,0.5202488626417603
0.7206720672067208,0.5002233947094573,0.4801505248261039,0.5202479892865198
0.7209720972097211,0.500222610731041,0.48014999657628604,0.5202471189962206
0.7212721272127214,0.5002218295039081,0.480149470180301,0.5202462517601064
0.7215721572157217,0.5002210510184033,0.480148945631643,0.5202453875674591
0.7218721872187219,0.5002202752649051,0.4801484229238291,0.520244526407598
0.7221722172217222,0.5002195022338258,0.4801479020503989,0.5202436682698798
0.7224722472247227,0.5002187319156114,0.480147383004915,0.5202428131436987
0.722772277227723,0.5002179643007415,0.4801468657809624,0.5202419610184859
0.7230723072307232,0.500217199379729,0.48014635037214853,0.52024111188371
0.7233723372337235,0.50021643714312,0.48014583677210354,0.5202402657288764
0.7236723672367238,0.500215677581494,0.48014532497447965,0.5202394225435273
0.7239723972397241,0.5002149206854635,0.4801448149729515,0.5202385823172415
0.7242724272427243,0.5002141664456736,0.48014430676121583,0.5202377450396347
0.7245724572457246,0.5002134148528029,0.48014380033299164,0.5202369107003587
0.7248724872487251,0.5002126658975622,0.4801432956820199,0.5202360792891019
0.7251725172517254,0.500211919570695,0.4801427928020635,0.5202352507955886
0.7254725472547257,0.5002111758629773,0.4801422916869073,0.5202344252095795
0.7257725772577259,0.5002104347652174,0.480141792330358,0.5202336025208708
0.7260726072607262,0.5002096962682563,0.4801412947262438,0.520232782719295
0.7263726372637265,0.5002089603629664,0.4801407988684149,0.5202319657947198
0.7266726672667267,0.5002082270402527,0.4801403047507427,0.5202311517370488
0.726972697269727,0.500207496291052,0.48013981236712056,0.5202303405362211
0.7272727272727275,0.5002067681063328,0.4801393217114629,0.5202295321822106
0.7275727572757278,0.5002060424770952,0.48013883277770564,0.520228726665027
0.7278727872787281,0.5002053193943713,0.48013834555980595,0.5202279239747145
0.7281728172817283,0.5002045988492242,0.4801378600517422,0.5202271241013527
0.7284728472847286,0.5002038808327486,0.480137376247514,0.5202263270350559
0.7287728772877289,0.5002031653360705,0.4801368941411419,0.5202255327659729
0.7290729072907292,0.5002024523503468,0.48013641372666743,0.5202247412842873
0.7293729372937294,0.5002017418667656,0.4801359349981531,0.5202239525802168
0.7296729672967297,0.5002010338765461,0.4801354579496822,0.520223166644014
0.7299729972997302,0.500200328370938,0.48013498257535886,0.5202223834659652
0.7302730273027305,0.5001996253412219,0.4801345088693078,0.520221603036391
0.7305730573057307,0.5001989247787088,0.4801340368256744,0.5202208253456458
0.730873087308731,0.5001982266747405,0.48013356643862465,0.5202200503841183
0.7311731173117313,0.5001975310206889,0.4801330977023449,0.5202192781422303
0.7314731473147316,0.5001968378079563,0.480132630611042,0.5202185086104378
0.7317731773177318,0.5001961470279752,0.480132165158943,0.52021774177923
0.7320732073207321,0.5001954586722083,0.4801317013402955,0.5202169776391292
0.7323732373237326,0.5001947727321477,0.48013123914936684,0.5202162161806916
0.7326732673267329,0.5001940891993162,0.4801307785804449,0.5202154573945061
0.7329732973297332,0.5001934080652656,0.48013031962783737,0.5202147012711946
0.7332733273327334,0.5001927293215778,0.480129862285872,0.5202139478014123
0.7335733573357337,0.5001920529598639,0.4801294065488964,0.5202131969758468
0.733873387338734,0.5001913789717649,0.48012895241127806,0.5202124487852184
0.7341734173417342,0.5001907073489507,0.4801284998674042,0.5202117032202804
0.7344734473447345,0.5001900380831206,0.48012804891168176,0.5202109602718179
0.734773477347735,0.5001893711660031,0.4801275995385373,0.520210219930649
0.7350735073507353,0.5001887065893557,0.48012715174241694,0.5202094821876233
0.7353735373537356,0.5001880443449646,0.48012670551778636,0.5202087470336233
0.7356735673567358,0.5001873844246452,0.48012626085913046,0.5202080144595629
0.7359735973597361,0.5001867268202412,0.48012581776095375,0.5202072844563881
0.7362736273627364,0.5001860715236255,0.48012537621777984,0.5202065570150768
0.7365736573657367,0.500185418526699,0.48012493622415164,0.5202058321266383
0.7368736873687369,0.500184767821391,0.48012449777463123,0.5202051097821135
0.7371737173717372,0.5001841193996597,0.48012406086379966,0.5202043899725751
0.7374737473747377,0.5001834732534909,0.48012362548625714,0.5202036726891267
0.737773777377738,0.5001828293748989,0.48012319163662276,0.5202029579229032
0.7380738073807382,0.5001821877559257,0.4801227593095345,0.5202022456650708
0.7383738373837385,0.5001815483886417,0.48012232849964914,0.5202015359068265
0.7386738673867388,0.5001809112651446,0.4801218992016422,0.5202008286393983
0.7389738973897391,0.5001802763775604,0.48012147141020806,0.520200123854045
0.7392739273927393,0.500179643718042,0.4801210451200594,0.5201994215420561
0.7395739573957396,0.5001790132787706,0.48012062032592767,0.5201987216947515
0.7398739873987401,0.5001783850519542,0.4801201970225628,0.5201980243034816
0.7401740174017404,0.5001777590298288,0.4801197752047331,0.5201973293596275
0.7404740474047407,0.500177135204657,0.48011935486722523,0.5201966368545999
0.7407740774077409,0.5001765135687289,0.48011893600484423,0.5201959467798404
0.7410741074107412,0.5001758941143617,0.4801185186124133,0.52019525912682
0.7413741374137415,0.5001752768338994,0.4801181026847738,0.5201945738870399
0.7416741674167417,0.5001746617197128,0.48011768821678513,0.5201938910520312
0.741974197419742,0.5001740487641998,0.4801172752033249,0.5201932106133546
0.7422742274227425,0.5001734379597848,0.4801168636392887,0.5201925325626003
0.7425742574257428,0.5001728292989185,0.4801164535195897,0.5201918568913884
0.7428742874287431,0.5001722227740786,0.4801160448391594,0.520191183591368
0.7431743174317433,0.5001716183777688,0.4801156375929467,0.5201905126542177
0.7434743474347436,0.5001710161025195,0.48011523177591836,0.5201898440716453
0.7437743774377439,0.5001704159408867,0.48011482738305894,0.5201891778353877
0.7440744074407442,0.5001698178854533,0.4801144244093704,0.5201885139372108
0.7443744374437444,0.5001692219288276,0.48011402284987237,0.5201878523689092
0.7446744674467447,0.5001686280636443,0.4801136226996019,0.5201871931223065
0.7449744974497452,0.5001680362825633,0.4801132239536134,0.5201865361892553
0.7452745274527455,0.5001674465782711,0.48011282660697874,0.520185881561636
0.7455745574557457,0.5001668589434791,0.4801124306547871,0.5201852292313582
0.745874587458746,0.500166273370925,0.48011203609214476,0.5201845791903595
0.7461746174617463,0.5001656898533713,0.4801116429141753,0.5201839314306062
0.7464746474647466,0.5001651083836063,0.4801112511160193,0.5201832859440922
0.7467746774677468,0.5001645289544436,0.4801108606928346,0.5201826427228401
0.7470747074707471,0.5001639515587218,0.4801104716397958,0.5201820017589
0.7473747374737476,0.500163376189305,0.48011008395209454,0.5201813630443501
0.7476747674767479,0.5001628028390818,0.4801096976249393,0.5201807265712968
0.7479747974797482,0.5001622315009663,0.48010931265355544,0.5201800923318733
0.7482748274827484,0.500161662167897,0.48010892903318503,0.5201794603182414
0.7485748574857487,0.5001610948328378,0.4801085467590868,0.5201788305225895
0.748874887488749,0.5001605294887767,0.4801081658265362,0.5201782029371342
0.7491749174917492,0.5001599661287264,0.48010778623082523,0.5201775775541189
0.7494749474947495,0.5001594047457243,0.4801074079672623,0.5201769543658145
0.74977497749775,0.5001588453328323,0.4801070310311726,0.5201763333645186
0.7500750075007503,0.5001582878831364,0.48010665541789727,0.5201757145425566
0.7503750375037506,0.500157732389747,0.4801062811227942,0.5201750978922801
0.7506750675067508,0.5001571788457988,0.4801059081412374,0.5201744834060679
0.7509750975097511,0.5001566272444503,0.48010553646861703,0.5201738710763253
0.7512751275127514,0.5001560775788841,0.4801051661003396,0.5201732608954847
0.7515751575157517,0.5001555298423072,0.48010479703182773,0.5201726528560044
0.7518751875187519,0.5001549840279494,0.4801044292585199,0.5201720469503699
0.7521752175217522,0.5001544401290654,0.48010406277587087,0.5201714431710925
0.7524752475247527,0.500153898138933,0.4801036975793511,0.5201708415107101
0.752775277527753,0.5001533580508534,0.48010333366444713,0.5201702419617866
0.7530753075307532,0.5001528198581516,0.48010297102666133,0.5201696445169122
0.7533753375337535,0.5001522835541763,0.4801026096615117,0.5201690491687028
0.7536753675367538,0.5001517491322989,0.48010224956453207,0.5201684559098004
0.7539753975397541,0.5001512165859145,0.480101890731272,0.520167864732873
0.7542754275427543,0.5001506859084414,0.4801015331572966,0.5201672756306139
0.7545754575457546,0.5001501570933207,0.48010117683818654,0.5201666885957426
0.7548754875487551,0.5001496301340167,0.480100821769538,0.5201661036210036
0.7551755175517554,0.5001491050240167,0.48010046794696265,0.5201655206991671
0.7554755475547557,0.5001485817568306,0.4801001153660875,0.5201649398230288
0.7557755775577559,0.5001480603259915,0.480099764022555,0.5201643609854094
0.7560756075607562,0.5001475407250549,0.48009941391202277,0.5201637841791551
0.7563756375637565,0.5001470229475987,0.4800990650301638,0.5201632093971369
0.7566756675667567,0.500146506987224,0.4800987173726662,0.5201626366322512
0.756975697569757,0.5001459928375537,0.4800983709352331,0.5201620658774188
0.7572757275727575,0.5001454804922333,0.48009802571358295,0.5201614971255859
0.7575757575757578,0.5001449699449309,0.4800976817034491,0.520160930369723
0.7578757875787581,0.5001444611893363,0.48009733890057976,0.5201603656028257
0.7581758175817583,0.5001439542191618,0.48009699730073824,0.5201598028179137
0.7584758475847586,0.5001434490281417,0.4800966568997027,0.5201592420080318
0.7587758775877589,0.5001429456100321,0.480096317693266,0.5201586831662485
0.7590759075907592,0.5001424439586115,0.4800959796772358,0.520158126285657
0.7593759375937594,0.5001419440676796,0.48009564284743456,0.5201575713593749
0.7596759675967597,0.5001414459310584,0.48009530719969934,0.5201570183805437
0.7599759975997602,0.500140949542591,0.48009497272988183,0.5201564673423291
0.7602760276027605,0.5001404548961428,0.4800946394338482,0.5201559182379207
0.7605760576057607,0.5001399619856003,0.48009430730747926,0.5201553710605319
0.760876087608761,0.5001394708048714,0.48009397634667017,0.5201548258034002
0.7611761176117613,0.5001389813478856,0.4800936465473305,0.5201542824597866
0.7614761476147616,0.5001384936085937,0.4800933179053843,0.5201537410229758
0.7617761776177618,0.5001380075809675,0.48009299041676967,0.5201532014862762
0.7620762076207621,0.5001375232590002,0.4800926640774393,0.5201526638430195
0.7623762376237626,0.5001370406367059,0.4800923388833598,0.5201521280865609
0.7626762676267629,0.50013655970812,0.480092014830512,0.5201515942102788
0.7629762976297632,0.5001360804672984,0.480091691914891,0.520151062207575
0.7632763276327634,0.500135602908318,0.48009137013250575,0.5201505320718744
0.7635763576357637,0.500135127025277,0.48009104947937936,0.5201500037966251
0.763876387638764,0.5001346528122934,0.4800907299515487,0.5201494773752978
0.7641764176417642,0.5001341802635065,0.4800904115450648,0.5201489528013865
0.7644764476447645,0.5001337093730761,0.4800900942559924,0.520148430068408
0.764776477647765,0.5001332401351823,0.48008977808041,0.5201479091699016
0.7650765076507653,0.5001327725440258,0.48008946301440997,0.5201473900994295
0.7653765376537656,0.5001323065938272,0.4800891490540984,0.5201468728505764
0.7656765676567658,0.5001318422788282,0.4800888361955949,0.5201463574169495
0.7659765976597661,0.5001313795932901,0.4800885244350329,0.5201458437921784
0.7662766276627664,0.5001309185314945,0.48008821376855926,0.5201453319699154
0.7665766576657667,0.5001304590877429,0.4800879041923344,0.5201448219438346
0.7668766876687669,0.5001300012563571,0.4800875957025322,0.5201443137076325
0.7671767176717672,0.5001295450316787,0.48008728829534,0.5201438072550277
0.7674767476747677,0.5001290904080691,0.4800869819669585,0.520143302579761
0.767776777677768,0.5001286373799095,0.4800866767136018,0.520142799675595
0.7680768076807682,0.5001281859416009,0.48008637253149705,0.5201422985363141
0.7683768376837685,0.500127736087564,0.480086069416885,0.5201417991557248
0.7686768676867688,0.5001272878122387,0.4800857673660193,0.520141301527655
0.7689768976897691,0.500126841110085,0.4800854663751669,0.5201408056459547
0.7692769276927693,0.5001263959755817,0.4800851664406078,0.5201403115044948
0.7695769576957696,0.5001259524032277,0.480084867558635,0.5201398190971684
0.7698769876987701,0.5001255103875404,0.48008456972555463,0.5201393284178899
0.7701770177017704,0.5001250699230572,0.4800842729376857,0.5201388394605946
0.7704770477047707,0.5001246310043341,0.48008397719136015,0.5201383522192395
0.7707770777077709,0.5001241936259466,0.4800836824829228,0.5201378666878027
0.7710771077107712,0.500123757782489,0.48008338880873136,0.5201373828602835
0.7713771377137715,0.5001233234685746,0.4800830961651562,0.5201369007307022
0.7716771677167718,0.5001228906788356,0.48008280454858054,0.5201364202931
0.771977197719772,0.5001224594079232,0.48008251395540014,0.5201359415415391
0.7722772277227725,0.5001220296505072,0.4800822243820236,0.5201354644701026
0.7725772577257728,0.5001216014012762,0.48008193582487196,0.5201349890728941
0.7728772877287731,0.5001211746549372,0.480081648280379,0.5201345153440384
0.7731773177317733,0.5001207494062162,0.48008136174499083,0.5201340432776804
0.7734773477347736,0.5001203256498574,0.48008107621516616,0.5201335728679858
0.7737773777377739,0.5001199033806235,0.48008079168737605,0.5201331041091407
0.7740774077407742,0.5001194825932957,0.48008050815810394,0.5201326369953516
0.7743774377437744,0.5001190632826733,0.48008022562384567,0.5201321715208455
0.7746774677467747,0.500118645443574,0.4800799440811094,0.5201317076798694
0.7749774977497752,0.5001182290708336,0.4800796635264154,0.5201312454666905
0.7752775277527755,0.5001178141593062,0.48007938395629635,0.5201307848755966
0.7755775577557757,0.5001174007038639,0.480079105367297,0.5201303259008948
0.775877587758776,0.5001169886993965,0.4800788277559741,0.5201298685369128
0.7761776177617763,0.5001165781408121,0.4800785511188967,0.5201294127779978
0.7764776477647766,0.5001161690230365,0.48007827545264575,0.5201289586185172
0.7767776777677768,0.5001157613410134,0.4800780007538143,0.5201285060528577
0.7770777077707771,0.5001153550897042,0.48007772701900725,0.5201280550754261
0.7773777377737776,0.5001149502640879,0.48007745424484144,0.5201276056806488
0.7776777677767779,0.5001145468591612,0.4800771824279457,0.5201271578629714
0.7779777977797782,0.5001141448699384,0.4800769115649606,0.5201267116168595
0.7782778277827784,0.5001137442914513,0.4800766416525384,0.5201262669367978
0.7785778577857787,0.5001133451187488,0.4800763726873432,0.5201258238172902
0.778877887788779,0.5001129473468978,0.48007610466605094,0.5201253822528604
0.7791779177917793,0.5001125509709821,0.48007583758534905,0.520124942238051
0.7794779477947795,0.5001121559861027,0.4800755714419366,0.5201245037674237
0.77977797779778,0.500111762387378,0.48007530623252426,0.5201240668355593
0.7800780078007803,0.5001113701699433,0.4800750419538343,0.5201236314370579
0.7803780378037806,0.5001109793289513,0.4800747786026005,0.520123197566538
0.7806780678067808,0.5001105898595716,0.480074516175568,0.5201227652186377
0.7809780978097811,0.5001102017569904,0.4800742546694934,0.5201223343880133
0.7812781278127814,0.5001098150164113,0.48007399408114476,0.5201219050693402
0.7815781578157817,0.5001094296330544,0.4800737344073014,0.5201214772573123
0.7818781878187819,0.5001090456021567,0.48007347564475394,0.5201210509466422
0.7821782178217822,0.500108662918972,0.4800732177903043,0.5201206261320611
0.7824782478247827,0.5001082815787705,0.4800729608407657,0.5201202028083186
0.782778277827783,0.5001079015768393,0.4800727047929623,0.520119780970183
0.7830783078307832,0.5001075229084817,0.48007244964372975,0.5201193606124404
0.7833783378337835,0.5001071455690179,0.48007219538991447,0.5201189417298956
0.7836783678367838,0.5001067695537842,0.4800719420283741,0.5201185243173717
0.7839783978397841,0.5001063948581332,0.4800716895559774,0.5201181083697097
0.7842784278427843,0.5001060214774343,0.48007143796960394,0.520117693881769
0.7845784578457846,0.5001056494070726,0.4800711872661444,0.5201172808484267
0.7848784878487851,0.5001052786424496,0.4800709374425002,0.520116869264578
0.7851785178517854,0.5001049091789831,0.48007068849558376,0.5201164591251364
0.7854785478547857,0.5001045410121068,0.48007044042231833,0.5201160504250325
0.7857785778577859,0.5001041741372704,0.4800701932196379,0.5201156431592154
0.7860786078607862,0.5001038085499395,0.48006994688448723,0.5201152373226515
0.7863786378637865,0.5001034442455962,0.4800697014138219,0.5201148329103251
0.7866786678667868,0.5001030812197375,0.48006945680460805,0.5201144299172379
0.786978697869787,0.500102719467877,0.4800692130538225,0.5201140283384093
0.7872787278727875,0.5001023589855436,0.48006897015845273,0.520113628168876
0.7875787578757878,0.5001019997682822,0.4800687281154967,0.5201132294036924
0.7878787878787881,0.500101641811653,0.480068486921963,0.52011283203793
0.7881788178817883,0.500101285111232,0.48006824657487074,0.5201124360666778
0.7884788478847886,0.5001009296626108,0.4800680070712493,0.5201120414850418
0.7887788778877889,0.5001005754613962,0.4800677684081387,0.5201116482881453
0.7890789078907892,0.5001002225032106,0.4800675305825893,0.5201112564711287
0.7893789378937894,0.5000998707836918,0.4800672935916616,0.5201108660291496
0.7896789678967897,0.5000995202984928,0.4800670574324268,0.5201104769573823
0.7899789978997902,0.5000991710432818,0.480066822101966,0.5201100892510184
0.7902790279027905,0.5000988230137425,0.4800665875973708,0.520109702905266
0.7905790579057907,0.5000984762055734,0.4800663539157429,0.5201093179153503
0.790879087908791,0.5000981306144883,0.4800661210541943,0.520108934276513
0.7911791179117913,0.5000977862362158,0.48006588900984676,0.5201085519840127
0.7914791479147916,0.5000974430665,0.4800656577798327,0.5201081710331247
0.7917791779177918,0.5000971011010994,0.48006542736129404,0.5201077914191407
0.7920792079207921,0.5000967603357875,0.48006519775138323,0.5201074131373689
0.7923792379237926,0.500096420766353,0.4800649689472623,0.5201070361831341
0.7926792679267929,0.5000960823885989,0.4800647409461036,0.5201066605517775
0.7929792979297932,0.5000957451983431,0.48006451374508907,0.5201062862386566
0.7932793279327934,0.5000954091914184,0.48006428734141077,0.5201059132391451
0.7935793579357937,0.500095074363672,0.4800640617322705,0.5201055415486332
0.793879387938794,0.5000947407109655,0.48006383691487997,0.5201051711625271
0.7941794179417943,0.5000944082291753,0.4800636128864606,0.5201048020762489
0.7944794479447945,0.5000940769141924,0.48006338964424355,0.5201044342852372
0.794779477947795,0.5000937467619219,0.48006316718546976,0.5201040677849466
0.7950795079507953,0.5000934177682833,0.48006294550738987,0.520103702570847
0.7953795379537956,0.5000930899292106,0.48006272460726407,0.520103338638425
0.7956795679567958,0.500092763240652,0.4800625044823622,0.5201029759831826
0.7959795979597961,0.5000924376985699,0.48006228512996374,0.5201026146006376
0.7962796279627964,0.5000921132989408,0.48006206654735767,0.5201022544863237
0.7965796579657967,0.5000917900377555,0.4800618487318425,0.5201018956357902
0.7968796879687969,0.5000914679110187,0.4800616316807262,0.5201015380446021
0.7971797179717974,0.5000911469147491,0.4800614153913262,0.5201011817083396
0.7974797479747977,0.5000908270449795,0.4800611998609693,0.5201008266225989
0.797779777977798,0.5000905082977568,0.4800609850869918,0.5201004727829914
0.7980798079807983,0.5000901906691412,0.4800607710667392,0.520100120185144
0.7983798379837985,0.5000898741552073,0.48006055779756646,0.5200997688246985
0.7986798679867988,0.5000895587520432,0.4800603452768377,0.5200994186973129
0.7989798979897991,0.5000892444557508,0.48006013350192633,0.5200990697986597
0.7992799279927993,0.5000889312624455,0.48005992247021506,0.5200987221244266
0.7995799579957996,0.5000886191682566,0.48005971217909565,0.520098375670317
0.7998799879988001,0.500088308169327,0.4800595026259691,0.5200980304320488
0.8001800180018004,0.5000879982618128,0.4800592938082455,0.5200976864053553
0.8004800480048007,0.5000876894418841,0.48005908572334405,0.5200973435859843
0.8007800780078009,0.5000873817057238,0.48005887836869293,0.5200970019696991
0.8010801080108012,0.5000870750495287,0.4800586717417295,0.5200966615522775
0.8013801380138015,0.5000867694695087,0.4800584658399,0.5200963223295123
0.8016801680168018,0.5000864649618872,0.4800582606606596,0.520095984297211
0.801980198019802,0.5000861615229008,0.4800580562014725,0.5200956474511957
0.8022802280228025,0.500085859148799,0.4800578524598118,0.5200953117873034
0.8025802580258028,0.500085557835845,0.4800576494331593,0.5200949773013854
0.8028802880288031,0.5000852575803145,0.4800574471190059,0.5200946439893079
0.8031803180318033,0.5000849583784969,0.48005724551485107,0.5200943118469514
0.8034803480348036,0.5000846602266941,0.48005704461820314,0.5200939808702107
0.8037803780378039,0.5000843631212212,0.48005684442657925,0.5200936510549956
0.8040804080408042,0.5000840670584064,0.4800566449375052,0.5200933223972295
0.8043804380438044,0.5000837720345904,0.48005644614851545,0.5200929948928505
0.8046804680468049,0.5000834780461272,0.4800562480571531,0.5200926685378112
0.8049804980498052,0.5000831850893831,0.48005605066096996,0.5200923433280779
0.8052805280528055,0.5000828931607375,0.48005585395752637,0.5200920192596312
0.8055805580558058,0.5000826022565824,0.4800556579443912,0.520091696328466
0.805880588058806,0.5000823123733226,0.48005546261914195,0.5200913745305912
0.8061806180618063,0.5000820235073751,0.4800552679793645,0.5200910538620295
0.8064806480648066,0.5000817356551699,0.4800550740226533,0.5200907343188178
0.8067806780678068,0.5000814488131494,0.4800548807466112,0.5200904158970069
0.8070807080708071,0.5000811629777686,0.48005468814884944,0.5200900985926612
0.8073807380738076,0.5000808781454945,0.48005449622698776,0.5200897824018591
0.8076807680768079,0.5000805943128072,0.4800543049786541,0.5200894673206928
0.8079807980798082,0.5000803114761984,0.4800541144014847,0.5200891533452682
0.8082808280828084,0.5000800296321727,0.4800539244931244,0.5200888404717048
0.8085808580858087,0.5000797487772466,0.4800537352512259,0.5200885286961356
0.808880888088809,0.5000794689079491,0.4800535466734504,0.5200882180147075
0.8091809180918093,0.5000791900208211,0.4800533587574673,0.5200879084235808
0.8094809480948095,0.500078912112416,0.480053171500954,0.5200875999189288
0.80978097809781,0.5000786351792988,0.4800529849015962,0.5200872924969392
0.8100810081008103,0.5000783592180471,0.48005279895708775,0.5200869861538121
0.8103810381038106,0.5000780842252501,0.4800526136651304,0.5200866808857615
0.8106810681068108,0.5000778101975093,0.48005242902343426,0.5200863766890145
0.8109810981098111,0.5000775371314377,0.4800522450297172,0.5200860735598116
0.8112811281128114,0.5000772650236606,0.4800520616817052,0.5200857714944063
0.8115811581158117,0.5000769938708147,0.48005187897713236,0.5200854704890652
0.8118811881188119,0.5000767236695493,0.4800516969137405,0.5200851705400683
0.8121812181218124,0.5000764544165244,0.48005151548927943,0.5200848716437084
0.8124812481248127,0.5000761861084125,0.48005133470150696,0.5200845737962914
0.812781278127813,0.5000759187418975,0.4800511545481887,0.5200842769941362
0.8130813081308133,0.5000756523136751,0.4800509750270981,0.5200839812335745
0.8133813381338135,0.5000753868204523,0.4800507961360164,0.5200836865109509
0.8136813681368138,0.5000751222589479,0.48005061787273273,0.5200833928226232
0.8139813981398141,0.5000748586258921,0.48005044023504384,0.5200831001649612
0.8142814281428143,0.5000745959180266,0.4800502632207543,0.5200828085343482
0.8145814581458146,0.5000743341321047,0.4800500868276763,0.5200825179271797
0.8148814881488151,0.5000740732648907,0.4800499110536299,0.5200822283398642
0.8151815181518154,0.5000738133131607,0.4800497358964425,0.5200819397688226
0.8154815481548157,0.5000735542737018,0.48004956135394944,0.5200816522104882
0.8157815781578159,0.5000732961433125,0.4800493874239935,0.5200813656613074
0.8160816081608162,0.5000730389188027,0.480049214104425,0.5200810801177383
0.8163816381638165,0.5000727825969931,0.48004904139310195,0.5200807955762521
0.8166816681668168,0.5000725271747157,0.48004886928788965,0.520080512033332
0.816981698169817,0.500072272648814,0.48004869778666115,0.5200802294854737
0.8172817281728175,0.5000720190161421,0.4800485268872967,0.520079947929185
0.8175817581758178,0.5000717662735653,0.4800483565876843,0.5200796673609862
0.8178817881788181,0.5000715144179599,0.48004818688571904,0.5200793877774098
0.8181818181818183,0.5000712634462133,0.4800480177793036,0.5200791091750002
0.8184818481848186,0.5000710133552235,0.48004784926634797,0.5200788315503142
0.8187818781878189,0.5000707641418998,0.48004768134476944,0.5200785548999206
0.8190819081908192,0.500070515803162,0.4800475140124927,0.5200782792204002
0.8193819381938194,0.5000702683359407,0.4800473472674496,0.5200780045083458
0.8196819681968199,0.5000700217371777,0.4800471811075793,0.5200777307603623
0.8199819981998202,0.5000697760038252,0.4800470155308283,0.5200774579730663
0.8202820282028205,0.5000695311328459,0.4800468505351501,0.5200771861430864
0.8205820582058208,0.5000692871212136,0.48004668611850554,0.520076915267063
0.820882088208821,0.5000690439659126,0.48004652227886263,0.5200766453416483
0.8211821182118213,0.5000688016639374,0.4800463590141963,0.5200763763635063
0.8214821482148216,0.5000685602122936,0.48004619632248885,0.5200761083293126
0.8217821782178218,0.5000683196079969,0.48004603420172953,0.5200758412357545
0.8220822082208221,0.5000680798480739,0.4800458726499146,0.5200755750795311
0.8223822382238226,0.500067840929561,0.4800457116650475,0.5200753098573526
0.8226822682268229,0.5000676028495057,0.48004555124513854,0.5200750455659414
0.8229822982298232,0.5000673656049652,0.48004539138820507,0.520074782202031
0.8232823282328234,0.5000671291930077,0.4800452320922714,0.5200745197623663
0.8235823582358237,0.5000668936107111,0.4800450733553687,0.5200742582437039
0.823882388238824,0.5000666588551639,0.48004491517553527,0.5200739976428117
0.8241824182418243,0.5000664249234646,0.480044757550816,0.5200737379564687
0.8244824482448245,0.5000661918127223,0.4800446004792628,0.5200734791814655
0.824782478247825,0.5000659595200556,0.4800444439589344,0.520073221314604
0.8250825082508253,0.5000657280425936,0.4800442879878964,0.5200729643526969
0.8253825382538256,0.5000654973774757,0.48004413256422107,0.5200727082925685
0.8256825682568258,0.5000652675218509,0.48004397768598756,0.5200724531310541
0.8259825982598261,0.5000650384728782,0.4800438233512816,0.5200721988650001
0.8262826282628264,0.5000648102277271,0.48004366955819583,0.5200719454912641
0.8265826582658267,0.5000645827835764,0.48004351630482944,0.5200716930067144
0.8268826882688269,0.5000643561376151,0.4800433635892884,0.5200714414082307
0.8271827182718274,0.5000641302870422,0.48004321140968526,0.5200711906927034
0.8274827482748277,0.5000639052290663,0.4800430597641392,0.5200709408570338
0.827782778277828,0.5000636809609059,0.480042908650776,0.5200706918981342
0.8280828082808283,0.5000634574797891,0.48004275806772795,0.5200704438129276
0.8283828382838285,0.500063234782954,0.48004260801313414,0.5200701965983479
0.8286828682868288,0.5000630128676482,0.4800424584851399,0.5200699502513397
0.8289828982898291,0.5000627917311291,0.48004230948189713,0.5200697047688586
0.8292829282928293,0.5000625713706635,0.48004216100156444,0.5200694601478704
0.8295829582958296,0.500062351783528,0.48004201304230665,0.5200692163853518
0.8298829882988301,0.5000621329670086,0.48004186560229506,0.5200689734782901
0.8301830183018304,0.500061914918401,0.4800417186797075,0.5200687314236832
0.8304830483048307,0.5000616976350104,0.48004157227272815,0.5200684902185395
0.8307830783078309,0.5000614811141512,0.4800414263795475,0.5200682498598781
0.8310831083108312,0.5000612653531473,0.4800412809983624,0.520068010344728
0.8313831383138315,0.5000610503493322,0.48004113612737614,0.5200677716701293
0.8316831683168318,0.5000608361000488,0.4800409917647982,0.520067533833132
0.831983198319832,0.5000606226026488,0.4800408479088443,0.5200672968307967
0.8322832283228325,0.5000604098544938,0.4800407045577366,0.5200670606601943
0.8325832583258328,0.5000601978529544,0.4800405617097034,0.5200668253184058
0.8328832883288331,0.5000599865954104,0.48004041936297914,0.5200665908025226
0.8331833183318333,0.5000597760792507,0.48004027751580464,0.5200663571096463
0.8334833483348336,0.5000595663018736,0.48004013616642666,0.5200661242368888
0.8337833783378339,0.5000593572606865,0.4800399953130984,0.5200658921813718
0.8340834083408342,0.5000591489531058,0.4800398549540788,0.5200656609402273
0.8343834383438344,0.5000589413765569,0.4800397150876334,0.5200654305105975
0.8346834683468349,0.5000587345284744,0.4800395757120334,0.5200652008896343
0.8349834983498352,0.5000585284063018,0.4800394368255562,0.5200649720744999
0.8352835283528355,0.5000583230074916,0.4800392984264854,0.5200647440623661
0.8355835583558358,0.5000581183295052,0.4800391605131105,0.5200645168504153
0.835883588358836,0.5000579143698131,0.4800390230837269,0.520064290435839
0.8361836183618363,0.5000577111258944,0.4800388861366362,0.520064064815839
0.8364836483648366,0.5000575085952371,0.4800387496701458,0.5200638399876268
0.8367836783678368,0.5000573067753383,0.48003861368256906,0.5200636159484238
0.8370837083708371,0.5000571056637035,0.48003847817222534,0.5200633926954609
0.8373837383738376,0.5000569052578473,0.48003834313743976,0.520063170225979
0.8376837683768379,0.5000567055552927,0.4800382085765435,0.5200629485372286
0.8379837983798382,0.5000565065535716,0.4800380744878735,0.5200627276264698
0.8382838283828384,0.5000563082502244,0.4800379408697724,0.5200625074909722
0.8385838583858387,0.5000561106428004,0.48003780772058896,0.5200622881280151
0.838883888388839,0.5000559137288573,0.48003767503867745,0.5200620695348875
0.8391839183918393,0.5000557175059613,0.4800375428223981,0.5200618517088877
0.8394839483948395,0.5000555219716873,0.48003741107011677,0.5200616346473237
0.83978397839784,0.5000553271236188,0.48003727978020516,0.5200614183475125
0.8400840084008403,0.5000551329593474,0.48003714895104066,0.5200612028067811
0.8403840384038406,0.5000549394764736,0.4800370185810062,0.5200609880224654
0.8406840684068408,0.500054746672606,0.4800368886684907,0.520060773991911
0.8409840984098411,0.5000545545453616,0.4800367592118884,0.5200605607124724
0.8412841284128414,0.5000543630923662,0.48003663020959936,0.520060348181514
0.8415841584158417,0.5000541723112533,0.48003650166002926,0.5200601363964089
0.8418841884188419,0.500053982199665,0.4800363735615893,0.5200599253545396
0.8421842184218424,0.5000537927552519,0.48003624591269634,0.5200597150532977
0.8424842484248427,0.5000536039756724,0.48003611871177265,0.5200595054900844
0.842784278427843,0.5000534158585935,0.4800359919572462,0.5200592966623093
0.8430843084308433,0.5000532284016902,0.4800358656475504,0.5200590885673917
0.8433843384338435,0.5000530416026456,0.4800357397811242,0.5200588812027596
0.8436843684368438,0.5000528554591512,0.48003561435641195,0.5200586745658502
0.8439843984398441,0.5000526699689062,0.48003548937186347,0.5200584686541095
0.8442844284428443,0.5000524851296182,0.4800353648259342,0.5200582634649928
0.8445844584458446,0.5000523009390028,0.48003524071708464,0.5200580589959641
0.8448844884488451,0.5000521173947835,0.4800351170437811,0.5200578552444963
0.8451845184518454,0.5000519344946918,0.48003499380449494,0.5200576522080712
0.8454845484548457,0.5000517522364673,0.48003487099770314,0.5200574498841793
0.8457845784578459,0.5000515706178572,0.4800347486218879,0.5200572482703203
0.8460846084608462,0.5000513896366172,0.48003462667553665,0.5200570473640023
0.8463846384638465,0.5000512092905103,0.4800345051571423,0.5200568471627421
0.8466846684668468,0.5000510295773076,0.480034384065203,0.5200566476640657
0.846984698469847,0.5000508504947881,0.48003426339822214,0.5200564488655073
0.8472847284728475,0.5000506720407384,0.4800341431547084,0.5200562507646098
0.8475847584758478,0.500050494212953,0.48003402333317563,0.520056053358925
0.8478847884788481,0.500050317009234,0.48003390393214296,0.5200558566460132
0.8481848184818483,0.5000501404273914,0.48003378495013466,0.5200556606234429
0.8484848484848486,0.5000499644652427,0.48003366638568024,0.5200554652887917
0.8487848784878489,0.5000497891206133,0.48003354823731437,0.5200552706396453
0.8490849084908492,0.500049614391336,0.4800334305035768,0.520055076673598
0.8493849384938494,0.5000494402752512,0.4800333131830124,0.5200548833882526
0.8496849684968499,0.5000492667702072,0.4800331962741713,0.5200546907812201
0.8499849984998502,0.5000490938740594,0.48003307977560844,0.5200544988501203
0.8502850285028505,0.5000489215846711,0.48003296368588416,0.520054307592581
0.8505850585058508,0.5000487498999129,0.48003284800356355,0.5200541170062382
0.850885088508851,0.5000485788176628,0.48003273272721697,0.5200539270887367
0.8511851185118513,0.5000484083358067,0.4800326178554197,0.520053737837729
0.8514851485148516,0.5000482384522371,0.4800325033867519,0.5200535492508764
0.8517851785178518,0.5000480691648548,0.480032389319799,0.520053361325848
0.8520852085208521,0.5000479004715673,0.4800322756531511,0.5200531740603211
0.8523852385238526,0.5000477323702898,0.48003216238540347,0.5200529874519815
0.8526852685268529,0.5000475648589447,0.4800320495151561,0.5200528014985225
0.8529852985298532,0.5000473979354617,0.48003193704101416,0.5200526161976463
0.8532853285328534,0.5000472315977778,0.4800318249615874,0.5200524315470624
0.8535853585358537,0.500047065843837,0.4800317132754907,0.5200522475444889
0.853885388538854,0.500046900671591,0.48003160198134376,0.5200520641876515
0.8541854185418543,0.5000467360789982,0.48003149107777093,0.5200518814742842
0.8544854485448545,0.5000465720640245,0.48003138056340167,0.5200516994021287
0.854785478547855,0.5000464086246428,0.4800312704368701,0.5200515179689349
0.8550855085508553,0.5000462457588329,0.48003116069681506,0.5200513371724602
0.8553855385538556,0.5000460834645823,0.48003105134188034,0.5200511570104703
0.8556855685568558,0.5000459217398849,0.48003094237071436,0.5200509774807386
0.8559855985598561,0.5000457605827421,0.4800308337819703,0.520050798581046
0.8562856285628564,0.500045599991162,0.4800307255743062,0.5200506203091817
0.8565856585658567,0.5000454399631599,0.4800306177463846,0.5200504426629422
0.8568856885688569,0.5000452804967578,0.4800305102968729,0.5200502656401321
0.8571857185718574,0.500045121589985,0.48003040322444307,0.5200500892385636
0.8574857485748577,0.5000449632408775,0.4800302965277718,0.5200499134560562
0.857785778577858,0.5000448054474784,0.4800301902055404,0.5200497382904378
0.8580858085808583,0.5000446482078372,0.4800300842564348,0.5200495637395431
0.8583858385838585,0.5000444915200108,0.4800299786791456,0.5200493898012152
0.8586858685868588,0.5000443353820625,0.480029873472368,0.520049216473304
0.8589858985898591,0.5000441797920627,0.48002976863480157,0.5200490437536676
0.8592859285928593,0.5000440247480883,0.48002966416515075,0.520048871640171
0.8595859585958596,0.5000438702482233,0.4800295600621243,0.5200487001306874
0.8598859885988601,0.5000437162905579,0.48002945632443567,0.5200485292230967
0.8601860186018604,0.5000435628731896,0.4800293529508027,0.520048358915287
0.8604860486048607,0.5000434099942221,0.4800292499399477,0.5200481892051532
0.8607860786078609,0.500043257651766,0.4800291472905977,0.5200480200905979
0.8610861086108612,0.5000431058439386,0.48002904500148397,0.5200478515695309
0.8613861386138615,0.5000429545688635,0.48002894307134225,0.5200476836398696
0.8616861686168618,0.5000428038246711,0.48002884149891284,0.5200475162995384
0.861986198619862,0.5000426536094984,0.4800287402829404,0.520047349546469
0.8622862286228625,0.5000425039214889,0.4800286394221739,0.5200471833786008
0.8625862586258628,0.5000423547587923,0.48002853891536684,0.5200470177938797
0.8628862886288631,0.5000422061195655,0.480028438761277,0.5200468527902596
0.8631863186318633,0.5000420580019711,0.48002833895866664,0.5200466883657009
0.8634863486348636,0.5000419104041787,0.4800282395063022,0.5200465245181716
0.8637863786378639,0.500041763324364,0.48002814040295455,0.5200463612456466
0.8640864086408642,0.5000416167607092,0.48002804164739893,0.5200461985461081
0.8643864386438644,0.5000414707114029,0.4800279432384147,0.5200460364175452
0.8646864686468649,0.5000413251746402,0.48002784517478564,0.5200458748579541
0.8649864986498652,0.5000411801486223,0.4800277474552998,0.5200457138653379
0.8652865286528655,0.5000410356315567,0.4800276500787494,0.5200455534377073
0.8655865586558658,0.5000408916216573,0.48002755304393097,0.5200453935730792
0.865886588658866,0.5000407481171445,0.4800274563496453,0.5200452342694779
0.8661866186618663,0.5000406051162444,0.4800273599946972,0.5200450755249345
0.8664866486648666,0.5000404626171898,0.4800272639778959,0.5200449173374871
0.8667866786678669,0.5000403206182195,0.4800271682980547,0.5200447597051806
0.8670867086708671,0.5000401791175785,0.480027072953991,0.5200446026260669
0.8673867386738676,0.5000400381135178,0.48002697794452653,0.5200444460982044
0.8676867686768679,0.5000398976042951,0.480026883268487,0.5200442901196589
0.8679867986798682,0.5000397575881735,0.48002678892470235,0.5200441346885023
0.8682868286828684,0.5000396180634226,0.4800266949120065,0.5200439798028138
0.8685868586858687,0.500039479028318,0.4800266012292375,0.5200438254606791
0.868886888688869,0.5000393404811414,0.4800265078752376,0.5200436716601905
0.8691869186918693,0.5000392024201804,0.480026414848853,0.5200435183994474
0.8694869486948695,0.5000390648437287,0.4800263221489339,0.5200433656765554
0.86978697869787,0.500038927750086,0.48002622977433473,0.5200432134896272
0.8700870087008703,0.5000387911375578,0.4800261377239137,0.5200430618367817
0.8703870387038706,0.5000386550044559,0.48002604599653326,0.5200429107161447
0.8706870687068708,0.5000385193490976,0.4800259545910596,0.5200427601258485
0.8709870987098711,0.5000383841698065,0.48002586350636317,0.5200426100640319
0.8712871287128714,0.5000382494649117,0.4800257727413181,0.5200424605288402
0.8715871587158717,0.5000381152327485,0.4800256822948027,0.5200423115184253
0.8718871887188719,0.5000379814716579,0.48002559216569907,0.5200421630309455
0.8721872187218724,0.5000378481799868,0.4800255023528933,0.5200420150645658
0.8724872487248727,0.5000377153560875,0.48002541285527545,0.5200418676174573
0.872787278727873,0.5000375829983188,0.4800253236717393,0.5200417206877977
0.8730873087308733,0.5000374511050446,0.4800252348011827,0.5200415742737712
0.8733873387338735,0.5000373196746349,0.4800251462425072,0.520041428373568
0.8736873687368738,0.5000371887054653,0.48002505799461836,0.5200412829853851
0.8739873987398741,0.5000370581959173,0.4800249700564255,0.5200411381074256
0.8742874287428744,0.5000369281443776,0.48002488242684177,0.5200409937378988
0.8745874587458746,0.5000367985492392,0.48002479510478413,0.5200408498750205
0.8748874887488751,0.5000366694089001,0.48002470808917336,0.5200407065170127
0.8751875187518754,0.5000365407217645,0.480024621378934,0.5200405636621036
0.8754875487548757,0.5000364124862419,0.4800245349729944,0.5200404213085276
0.8757875787578759,0.5000362847007471,0.48002444887028667,0.5200402794545252
0.8760876087608762,0.5000361573637012,0.4800243630697466,0.5200401380983436
0.8763876387638765,0.5000360304735302,0.48002427757031385,0.5200399972382354
0.8766876687668768,0.5000359040286658,0.4800241923709317,0.5200398568724597
0.876987698769877,0.5000357780275454,0.4800241074705471,0.5200397169992819
0.8772877287728775,0.5000356524686116,0.48002402286811074,0.5200395776169731
0.8775877587758778,0.5000355273503126,0.480023938562577,0.5200394387238108
0.8778877887788781,0.5000354026711022,0.4800238545529041,0.5200393003180782
0.8781878187818783,0.5000352784294394,0.4800237708380536,0.5200391623980649
0.8784878487848786,0.5000351546237886,0.4800236874169908,0.5200390249620663
0.8787878787878789,0.5000350312526196,0.48002360428868485,0.5200388880083837
0.8790879087908792,0.5000349083144079,0.48002352145210825,0.5200387515353245
0.8793879387938794,0.5000347858076338,0.4800234389062372,0.5200386155412021
0.8796879687968799,0.5000346637307834,0.4800233566500516,0.5200384800243357
0.8799879987998802,0.5000345420823479,0.4800232746825347,0.5200383449830503
0.8802880288028805,0.5000344208608237,0.4800231930026735,0.5200382104156771
0.8805880588058808,0.5000343000647128,0.48002311160945854,0.5200380763205528
0.880888088808881,0.5000341796925221,0.4800230305018839,0.5200379426960201
0.8811881188118813,0.500034059742764,0.48002294967894704,0.5200378095404276
0.8814881488148816,0.500033940213956,0.48002286913964914,0.5200376768521295
0.8817881788178819,0.5000338211046208,0.48002278888299477,0.520037544629486
0.8820882088208821,0.5000337024132863,0.48002270890799204,0.5200374128708629
0.8823882388238826,0.5000335841384855,0.4800226292136525,0.5200372815746318
0.8826882688268829,0.5000334662787569,0.4800225497989913,0.5200371507391699
0.8829882988298832,0.5000333488326435,0.4800224706630267,0.5200370203628601
0.8832883288328834,0.500033231798694,0.48002239180478096,0.5200368904440914
0.8835883588358837,0.5000331151754619,0.4800223132232792,0.5200367609812578
0.883888388838884,0.5000329989615058,0.48002223491755036,0.5200366319727593
0.8841884188418843,0.5000328831553894,0.4800221568866266,0.5200365034170016
0.8844884488448845,0.5000327677556815,0.48002207912954353,0.5200363753123957
0.884788478847885,0.5000326527609557,0.4800220016453401,0.5200362476573585
0.8850885088508853,0.5000325381697909,0.4800219244330587,0.520036120450312
0.8853885388538856,0.5000324239807709,0.4800218474917451,0.5200359936896843
0.8856885688568858,0.5000323101924842,0.4800217708204483,0.5200358673739087
0.8859885988598861,0.5000321968035246,0.48002169441822073,0.5200357415014241
0.8862886288628864,0.5000320838124908,0.4800216182841181,0.5200356160706745
0.8865886588658867,0.5000319712179861,0.48002154241719946,0.52003549108011
0.8868886888688869,0.5000318590186192,0.48002146681652724,0.5200353665281858
0.8871887188718874,0.5000317472130033,0.48002139148116696,0.5200352424133624
0.8874887488748877,0.5000316357997564,0.48002131641018764,0.5200351187341059
0.887788778877888,0.5000315247775017,0.48002124160266135,0.5200349954888878
0.8880888088808883,0.500031414144867,0.4800211670576636,0.5200348726761848
0.8883888388838885,0.500031303900485,0.48002109277427313,0.520034750294479
0.8886888688868888,0.5000311940429932,0.48002101875157177,0.520034628342258
0.8889888988898891,0.5000310845710338,0.4800209449886447,0.5200345068180144
0.8892889288928894,0.5000309754832539,0.4800208714845803,0.5200343857202464
0.8895889588958896,0.5000308667783051,0.48002079823847005,0.5200342650474574
0.8898889888988901,0.5000307584548441,0.4800207252494087,0.5200341447981558
0.8901890189018904,0.500030650511532,0.48002065251649423,0.5200340249708555
0.8904890489048907,0.5000305429470346,0.4800205800388277,0.5200339055640756
0.8907890789078909,0.5000304357600228,0.48002050781551325,0.5200337865763401
0.8910891089108912,0.5000303289491715,0.4800204358456584,0.5200336680061788
0.8913891389138915,0.5000302225131609,0.48002036412837357,0.5200335498521259
0.8916891689168918,0.5000301164506754,0.48002029266277246,0.5200334321127212
0.891989198919892,0.5000300107604042,0.48002022144797174,0.5200333147865097
0.8922892289228925,0.500029905441041,0.4800201504830913,0.5200331978720413
0.8925892589258928,0.5000298004912841,0.48002007976725414,0.520033081367871
0.8928892889288931,0.5000296959098366,0.4800200092995861,0.5200329652725587
0.8931893189318934,0.5000295916954057,0.4800199390792164,0.5200328495846699
0.8934893489348936,0.5000294878467036,0.48001986910527716,0.5200327343027745
0.8937893789378939,0.5000293843624468,0.4800197993769035,0.520032619425448
0.8940894089408942,0.5000292812413563,0.48001972989323366,0.5200325049512704
0.8943894389438944,0.5000291784821574,0.48001966065340884,0.5200323908788269
0.8946894689468949,0.5000290760835805,0.48001959165657343,0.5200322772067077
0.8949894989498952,0.5000289740443596,0.48001952290187455,0.520032163933508
0.8952895289528955,0.500028872363234,0.4800194543884625,0.5200320510578278
0.8955895589558958,0.5000287710389466,0.4800193861154905,0.520031938578272
0.895889588958896,0.5000286700702454,0.4800193180821148,0.5200318264934504
0.8961896189618963,0.5000285694558824,0.4800192502874945,0.5200317148019777
0.8964896489648966,0.5000284691946141,0.4800191827307917,0.5200316035024738
0.8967896789678969,0.5000283692852013,0.48001911541117154,0.5200314925935627
0.8970897089708973,0.5000282697264093,0.4800190483278019,0.5200313820738739
0.8973897389738976,0.5000281705170077,0.48001898147985383,0.5200312719420415
0.8976897689768979,0.5000280716557701,0.480018914866501,0.5200311621967042
0.8979897989798982,0.500027973141475,0.4800188484869202,0.5200310528365057
0.8982898289828984,0.5000278749729045,0.480018782340291,0.5200309438600945
0.8985898589858987,0.5000277771488455,0.4800187164257959,0.5200308352661237
0.898889888988899,0.500027679668089,0.4800186507426203,0.520030727053251
0.8991899189918993,0.5000275825294301,0.48001858528995234,0.5200306192201393
0.8994899489948995,0.5000274857316683,0.4800185200669831,0.5200305117654556
0.8997899789979,0.5000273892736075,0.48001845507290647,0.5200304046878719
0.9000900090009003,0.500027293154055,0.4800183903069192,0.5200302979860648
0.9003900390039006,0.5000271973718234,0.4800183257682208,0.5200301916587158
0.9006900690069009,0.5000271019257286,0.4800182614560137,0.5200300857045104
0.9009900990099011,0.5000270068145911,0.48001819736950296,0.5200299801221393
0.9012901290129014,0.5000269120372354,0.48001813350789657,0.5200298749102976
0.9015901590159017,0.50002681759249,0.48001806987040524,0.5200297700676849
0.9018901890189019,0.5000267234791879,0.4800180064562425,0.5200296655930056
0.9021902190219024,0.5000266296961655,0.48001794326462455,0.5200295614849683
0.9024902490249027,0.5000265362422642,0.4800178802947705,0.5200294577422863
0.902790279027903,0.5000264431163287,0.48001781754590195,0.5200293543636775
0.9030903090309033,0.5000263503172081,0.4800177550172434,0.5200292513478642
0.9033903390339035,0.5000262578437555,0.4800176927080222,0.5200291486935732
0.9036903690369038,0.500026165694828,0.4800176306174681,0.5200290463995358
0.9039903990399041,0.5000260738692869,0.48001756874481377,0.5200289444644879
0.9042904290429044,0.5000259823659969,0.48001750708929447,0.5200288428871693
0.9045904590459048,0.5000258911838275,0.4800174456501483,0.520028741666325
0.9048904890489051,0.5000258003216514,0.4800173844266158,0.5200286408007035
0.9051905190519054,0.5000257097783459,0.4800173234179404,0.5200285402890588
0.9054905490549057,0.500025619552792,0.48001726262336797,0.520028440130148
0.9057905790579059,0.5000255296438743,0.48001720204214726,0.5200283403227338
0.9060906090609062,0.5000254400504818,0.48001714167352943,0.5200282408655823
0.9063906390639065,0.5000253507715072,0.4800170815167685,0.5200281417574644
0.9066906690669068,0.5000252618058469,0.4800170215711208,0.5200280429971552
0.906990699069907,0.5000251731524017,0.48001696183584563,0.5200279445834342
0.9072907290729075,0.5000250848100757,0.4800169023102046,0.5200278465150849
0.9075907590759078,0.500024996777777,0.4800168429934621,0.5200277487908954
0.9078907890789081,0.5000249090544177,0.48001678388488495,0.5200276514096579
0.9081908190819084,0.5000248216389136,0.4800167249837427,0.5200275543701688
0.9084908490849086,0.5000247345301843,0.4800166662893073,0.5200274576712288
0.9087908790879089,0.5000246477271532,0.48001660780085337,0.5200273613116427
0.9090909090909092,0.5000245612287475,0.48001654951765804,0.5200272652902198
0.9093909390939094,0.5000244750338981,0.48001649143900105,0.5200271696057731
0.9096909690969099,0.5000243891415399,0.48001643356416446,0.5200270742571201
0.9099909990999102,0.5000243035506111,0.48001637589243307,0.5200269792430825
0.9102910291029105,0.5000242182600539,0.48001631842309406,0.5200268845624858
0.9105910591059108,0.5000241332688145,0.4800162611554372,0.52002679021416
0.910891089108911,0.5000240485758419,0.48001620408875467,0.5200266961969389
0.9111911191119113,0.5000239641800899,0.48001614722234126,0.5200266025096606
0.9114911491149116,0.5000238800805152,0.48001609055549405,0.5200265091511672
0.9117911791179119,0.5000237962760784,0.4800160340875127,0.5200264161203049
0.9120912091209123,0.5000237127657438,0.48001597781769934,0.5200263234159237
0.9123912391239126,0.5000236295484792,0.4800159217453585,0.5200262310368782
0.9126912691269129,0.5000235466232562,0.4800158658697972,0.5200261389820264
0.9129912991299132,0.50002346398905,0.48001581019032485,0.5200260472502307
0.9132913291329134,0.500023381644839,0.48001575470625335,0.5200259558403574
0.9135913591359137,0.5000232995896057,0.48001569941689687,0.5200258647512765
0.913891389138914,0.5000232178223359,0.4800156443215721,0.5200257739818627
0.9141914191419143,0.5000231363420192,0.48001558941959815,0.5200256835309937
0.9144914491449145,0.5000230551476484,0.48001553471029645,0.5200255933975517
0.914791479147915,0.5000229742382201,0.4800154801929909,0.520025503580423
0.9150915091509153,0.5000228936127341,0.4800154258670076,0.5200254140784972
0.9153915391539156,0.5000228132701943,0.4800153717316752,0.5200253248906683
0.9156915691569159,0.5000227332096074,0.48001531778632456,0.520025236015834
0.9159915991599161,0.5000226534299841,0.4800152640302891,0.5200251474528959
0.9162916291629164,0.5000225739303384,0.4800152104629043,0.5200250592007593
0.9165916591659167,0.5000224947096876,0.48001515708350817,0.5200249712583336
0.916891689168917,0.5000224157670528,0.48001510389144103,0.5200248836245318
0.9171917191719174,0.5000223371014582,0.4800150508860454,0.520024796298271
0.9174917491749177,0.5000222587119316,0.4800149980666662,0.5200247092784719
0.917791779177918,0.5000221805975041,0.4800149454326506,0.5200246225640588
0.9180918091809183,0.5000221027572104,0.48001489298334815,0.5200245361539602
0.9183918391839185,0.5000220251900883,0.48001484071811057,0.520024450047108
0.9186918691869188,0.5000219478951793,0.4800147886362919,0.5200243642424379
0.9189918991899191,0.500021870871528,0.4800147367372485,0.5200242787388898
0.9192919291929194,0.5000217941181826,0.4800146850203389,0.5200241935354065
0.9195919591959199,0.5000217176341942,0.4800146334849239,0.5200241086309353
0.9198919891989201,0.5000216414186177,0.48001458213036663,0.5200240240244267
0.9201920192019204,0.5000215654705112,0.48001453095603236,0.5200239397148351
0.9204920492049207,0.500021489788936,0.48001447996128865,0.5200238557011184
0.9207920792079209,0.5000214143729567,0.4800144291455052,0.5200237719822384
0.9210921092109212,0.5000213392216412,0.48001437850805395,0.5200236885571602
0.9213921392139215,0.5000212643340607,0.4800143280483091,0.5200236054248529
0.9216921692169218,0.5000211897092897,0.48001427776564703,0.5200235225842891
0.921992199219922,0.5000211153464059,0.4800142276594463,0.5200234400344448
0.9222922292229225,0.5000210412444902,0.48001417772908755,0.5200233577742998
0.9225922592259228,0.5000209674026268,0.4800141279739537,0.5200232758028375
0.9228922892289231,0.500020893819903,0.48001407839342997,0.5200231941190447
0.9231923192319234,0.5000208204954094,0.4800140289869034,0.520023112721912
0.9234923492349236,0.5000207474282399,0.4800139797537634,0.5200230316104333
0.9237923792379239,0.5000206746174913,0.4800139306934016,0.520022950783606
0.9240924092409242,0.5000206020622638,0.48001388180521154,0.5200228702404315
0.9243924392439244,0.5000205297616607,0.480013833088589,0.520022789979914
0.9246924692469249,0.5000204577147883,0.48001378454293203,0.5200227100010618
0.9249924992499252,0.5000203859207563,0.4800137361676405,0.5200226303028863
0.9252925292529255,0.5000203143786772,0.4800136879621166,0.5200225508844025
0.9255925592559258,0.500020243087667,0.48001363992576446,0.5200224717446288
0.925892589258926,0.5000201720468445,0.4800135920579905,0.5200223928825872
0.9261926192619263,0.5000201012553317,0.48001354435820304,0.5200223142973031
0.9264926492649266,0.5000200307122538,0.48001349682581257,0.5200222359878051
0.9267926792679269,0.5000199604167387,0.48001344946023167,0.5200221579531253
0.9270927092709274,0.5000198903679178,0.4800134022608749,0.5200220801922995
0.9273927392739276,0.5000198205649253,0.48001335522715893,0.5200220027043665
0.9276927692769279,0.5000197510068985,0.4800133083585025,0.5200219254883686
0.9279927992799282,0.5000196816929777,0.48001326165432623,0.5200218485433514
0.9282928292829284,0.5000196126223063,0.480013215114053,0.5200217718683641
0.9285928592859287,0.5000195437940306,0.4800131687371076,0.520021695462459
0.928892889288929,0.5000194752072998,0.48001312252291684,0.5200216193246917
0.9291929192919293,0.5000194068612666,0.4800130764709095,0.5200215434541213
0.9294929492949295,0.5000193387550859,0.48001303058051653,0.5200214678498101
0.92979297929793,0.5000192708879161,0.48001298485117067,0.5200213925108237
0.9300930093009303,0.5000192032589185,0.48001293928230676,0.5200213174362308
0.9303930393039306,0.5000191358672571,0.4800128938733616,0.5200212426251039
0.9306930693069309,0.5000190687120992,0.48001284862377397,0.5200211680765179
0.9309930993099311,0.5000190017926147,0.4800128035329847,0.5200210937895519
0.9312931293129314,0.5000189351079766,0.4800127586004364,0.5200210197632875
0.9315931593159317,0.5000188686573606,0.4800127138255738,0.5200209459968099
0.931893189318932,0.5000188024399456,0.4800126692078435,0.5200208724892075
0.9321932193219324,0.500018736454913,0.4800126247466941,0.5200207992395716
0.9324932493249327,0.5000186707014475,0.4800125804415761,0.520020726246997
0.932793279327933,0.5000186051787362,0.4800125362919418,0.5200206535105816
0.9330933093309333,0.5000185398859696,0.4800124922972457,0.5200205810294264
0.9333933393339335,0.5000184748223404,0.48001244845694396,0.5200205088026356
0.9336933693369338,0.5000184099870447,0.4800124047704948,0.5200204368293165
0.9339933993399341,0.5000183453792811,0.4800123612373583,0.5200203651085796
0.9342934293429344,0.5000182809982513,0.4800123178569964,0.5200202936395386
0.9345934593459349,0.5000182168431593,0.48001227462887297,0.5200202224213101
0.9348934893489351,0.5000181529132123,0.48001223155245376,0.5200201514530138
0.9351935193519354,0.5000180892076203,0.4800121886272063,0.5200200807337727
0.9354935493549357,0.5000180257255957,0.4800121458526002,0.5200200102627128
0.935793579357936,0.5000179624663541,0.4800121032281067,0.5200199400389631
0.9360936093609362,0.5000178994291138,0.480012060753199,0.5200198700616557
0.9363936393639365,0.5000178366130954,0.48001201842735225,0.5200198003299258
0.9366936693669368,0.5000177740175228,0.4800119762500432,0.5200197308429114
0.936993699369937,0.5000177116416222,0.48001193422075067,0.5200196615997539
0.9372937293729375,0.5000176494846228,0.4800118923389552,0.5200195925995973
0.9375937593759378,0.5000175875457563,0.4800118506041391,0.520019523841589
0.9378937893789381,0.5000175258242572,0.48001180901578666,0.5200194553248791
0.9381938193819384,0.5000174643193628,0.48001176757338376,0.5200193870486209
0.9384938493849386,0.5000174030303128,0.4800117262764183,0.5200193190119704
0.9387938793879389,0.5000173419563498,0.4800116851243799,0.5200192512140869
0.9390939093909392,0.500017281096719,0.4800116441167599,0.5200191836541324
0.9393939393939394,0.5000172204506681,0.4800116032530515,0.5200191163312718
0.9396939693969399,0.5000171600174477,0.4800115625327496,0.5200190492446732
0.9399939993999402,0.5000170997963108,0.4800115219553511,0.5200189823935074
0.9402940294029405,0.5000170397865131,0.4800114815203543,0.5200189157769483
0.9405940594059408,0.5000169799873131,0.4800114412272595,0.5200188493941723
0.940894089408941,0.5000169203979716,0.48001140107556883,0.5200187832443592
0.9411941194119413,0.5000168610177521,0.4800113610647859,0.5200187173266915
0.9414941494149416,0.5000168018459208,0.48001132119441636,0.5200186516403542
0.9417941794179419,0.5000167428817462,0.4800112814639673,0.5200185861845358
0.9420942094209424,0.5000166841244998,0.4800112418729478,0.520018520958427
0.9423942394239426,0.5000166255734554,0.4800112024208685,0.520018455961222
0.9426942694269429,0.5000165672278891,0.48001116310724173,0.5200183911921173
0.9429942994299432,0.50001650908708,0.48001112393158174,0.5200183266503124
0.9432943294329434,0.5000164511503095,0.48001108489340427,0.5200182623350097
0.9435943594359437,0.5000163934168615,0.4800110459922268,0.5200181982454142
0.943894389438944,0.5000163358860226,0.48001100722756873,0.520018134380734
0.9441944194419443,0.5000162785570815,0.48001096859895076,0.5200180707401795
0.9444944494449445,0.5000162214293299,0.4800109301058956,0.5200180073229643
0.944794479447945,0.5000161645020617,0.4800108917479274,0.5200179441283047
0.9450945094509453,0.5000161077745732,0.4800108535245721,0.5200178811554197
0.9453945394539456,0.5000160512461634,0.4800108154353574,0.5200178184035308
0.9456945694569459,0.5000159949161338,0.48001077747981247,0.5200177558718625
0.9459945994599461,0.5000159387837879,0.48001073965746827,0.5200176935596421
0.9462946294629464,0.5000158828484322,0.4800107019678572,0.5200176314660994
0.9465946594659467,0.5000158271093752,0.48001066441051365,0.5200175695904669
0.946894689468947,0.5000157715659282,0.4800106269849733,0.5200175079319799
0.9471947194719474,0.5000157162174046,0.48001058969077365,0.5200174464898764
0.9474947494749477,0.5000156610631203,0.4800105525274538,0.5200173852633969
0.947794779477948,0.5000156061023939,0.4800105154945543,0.5200173242517848
0.9480948094809483,0.5000155513345458,0.48001047859161766,0.5200172634542862
0.9483948394839485,0.5000154967588993,0.4800104418181877,0.5200172028701494
0.9486948694869488,0.5000154423747798,0.4800104051738099,0.5200171424986259
0.9489948994899491,0.5000153881815153,0.48001036865803137,0.5200170823389693
0.9492949294929494,0.5000153341784358,0.48001033227040085,0.5200170223904362
0.9495949594959499,0.5000152803648741,0.48001029601046863,0.5200169626522857
0.9498949894989501,0.5000152267401649,0.48001025987778645,0.5200169031237795
0.9501950195019504,0.5000151733036455,0.4800102238719079,0.5200168438041819
0.9504950495049507,0.5000151200546556,0.48001018799238787,0.5200167846927596
0.950795079507951,0.5000150669925371,0.48001015223878296,0.5200167257887821
0.9510951095109512,0.500015014116634,0.48001011661065124,0.5200166670915216
0.9513951395139515,0.5000149614262929,0.48001008110755244,0.5200166086002523
0.9516951695169518,0.5000149089208624,0.48001004572904776,0.5200165503142516
0.951995199519952,0.500014856599694,0.48001001047469993,0.520016492232799
0.9522952295229525,0.5000148044621407,0.4800099753440732,0.5200164343551767
0.9525952595259528,0.5000147525075582,0.48000994033673344,0.5200163766806694
0.9528952895289531,0.5000147007353045,0.480009905452248,0.5200163192085642
0.9531953195319534,0.5000146491447397,0.4800098706901857,0.5200162619381508
0.9534953495349536,0.500014597735226,0.4800098360501169,0.5200162048687214
0.9537953795379539,0.5000145465061283,0.4800098015316135,0.5200161479995707
0.9540954095409542,0.5000144954568133,0.48000976713424887,0.5200160913299959
0.9543954395439544,0.50001444458665,0.4800097328575979,0.5200160348592966
0.954695469546955,0.5000143938950099,0.480009698701237,0.5200159785867747
0.9549954995499552,0.5000143433812663,0.48000966466474393,0.5200159225117349
0.9552955295529555,0.5000142930447949,0.4800096307476981,0.5200158666334841
0.9555955595559558,0.5000142428849736,0.48000959694968026,0.5200158109513316
0.955895589558956,0.5000141929011827,0.4800095632702728,0.5200157554645894
0.9561956195619563,0.5000141430928041,0.4800095297090593,0.5200157001725717
0.9564956495649566,0.5000140934592224,0.48000949626562517,0.520015645074595
0.9567956795679569,0.5000140439998242,0.48000946293955693,0.5200155901699784
0.9570957095709574,0.5000139947139981,0.48000942973044275,0.5200155354580434
0.9573957395739576,0.500013945601135,0.48000939663787223,0.5200154809381136
0.9576957695769579,0.5000138966606279,0.4800093636614363,0.5200154266095154
0.9579957995799582,0.5000138478918721,0.4800093308007275,0.5200153724715773
0.9582958295829584,0.5000137992942646,0.48000929805533954,0.52001531852363
0.9585958595859587,0.5000137508672049,0.4800092654248679,0.520015264765007
0.958895889588959,0.5000137026100946,0.4800092329089091,0.5200152111950439
0.9591959195919593,0.500013654522337,0.4800092005070615,0.5200151578130784
0.9594959495949595,0.500013606603338,0.4800091682189244,0.5200151046184509
0.95979597959796,0.5000135588525053,0.48000913604409895,0.5200150516105039
0.9600960096009603,0.5000135112692488,0.4800091039821873,0.5200149987885823
0.9603960396039606,0.5000134638529803,0.4800090720327934,0.5200149461520331
0.9606960696069609,0.5000134166031137,0.48000904019552226,0.5200148937002061
0.9609960996099611,0.5000133695190654,0.48000900846998035,0.5200148414324528
0.9612961296129614,0.500013322600253,0.4800089768557757,0.5200147893481273
0.9615961596159617,0.500013275846097,0.4800089453525175,0.5200147374465858
0.961896189618962,0.5000132292560193,0.4800089139598164,0.5200146857271868
0.9621962196219624,0.5000131828294443,0.4800088826772844,0.5200146341892912
0.9624962496249627,0.500013136565798,0.480008851504535,0.5200145828322621
0.962796279627963,0.5000130904645089,0.48000882044118276,0.5200145316554645
0.9630963096309633,0.5000130445250069,0.48000878948684383,0.5200144806582663
0.9633963396339635,0.5000129987467244,0.4800087586411356,0.5200144298400368
0.9636963696369638,0.5000129531290957,0.480008727903677,0.5200143792001481
0.9639963996399641,0.5000129076715568,0.48000869727408796,0.5200143287379746
0.9642964296429644,0.5000128623735459,0.48000866675199,0.5200142784528922
0.9645964596459649,0.5000128172345034,0.4800086363370059,0.5200142283442796
0.9648964896489651,0.5000127722538712,0.4800086060287597,0.5200141784115175
0.9651965196519654,0.5000127274310934,0.48000857582687695,0.5200141286539888
0.9654965496549657,0.5000126827656161,0.4800085457309842,0.5200140790710784
0.965796579657966,0.5000126382568872,0.48000851574070963,0.5200140296621738
0.9660966096609662,0.5000125939043567,0.48000848585568245,0.520013980426664
0.9663966396639665,0.5000125497074763,0.48000845607553344,0.5200139313639407
0.9666966696669668,0.5000125056656999,0.4800084263998945,0.5200138824733975
0.966996699669967,0.5000124617784831,0.48000839682839885,0.5200138337544301
0.9672967296729675,0.5000124180452835,0.480008367360681,0.5200137852064364
0.9675967596759678,0.5000123744655606,0.48000833799637677,0.5200137368288164
0.9678967896789681,0.5000123310387758,0.48000830873512323,0.5200136886209721
0.9681968196819684,0.5000122877643924,0.4800082795765588,0.5200136405823078
0.9684968496849686,0.5000122446418755,0.480008250520323,0.5200135927122298
0.9687968796879689,0.5000122016706924,0.4800082215660567,0.5200135450101463
0.9690969096909692,0.5000121588503116,0.4800081927134022,0.520013497475468
0.9693969396939695,0.5000121161802041,0.4800081639620028,0.5200134501076071
0.96969696969697,0.5000120736598425,0.4800081353115032,0.5200134029059785
0.9699969996999702,0.5000120312887013,0.48000810676154926,0.5200133558699986
0.9702970297029705,0.5000119890662569,0.48000807831178816,0.5200133089990862
0.9705970597059708,0.5000119469919873,0.48000804996186824,0.5200132622926619
0.970897089708971,0.5000119050653725,0.4800080217114392,0.5200132157501485
0.9711971197119713,0.5000118632858945,0.48000799356015184,0.5200131693709708
0.9714971497149716,0.5000118216530369,0.4800079655076582,0.5200131231545555
0.9717971797179719,0.500011780166285,0.4800079375536116,0.5200130771003315
0.9720972097209724,0.5000117388251263,0.4800079096976666,0.5200130312077297
0.9723972397239726,0.5000116976290495,0.48000788193947885,0.5200129854761827
0.9726972697269729,0.5000116565775458,0.48000785427870535,0.5200129399051253
0.9729972997299732,0.5000116156701077,0.48000782671500414,0.5200128944939945
0.9732973297329734,0.5000115749062296,0.48000779924803466,0.5200128492422289
0.9735973597359737,0.5000115342854077,0.4800077718774574,0.5200128041492692
0.973897389738974,0.5000114938071399,0.48000774460293405,0.520012759214558
0.9741974197419743,0.5000114534709261,0.48000771742412757,0.5200127144375403
0.9744974497449745,0.5000114132762676,0.48000769034070206,0.5200126698176624
0.974797479747975,0.5000113732226678,0.4800076633523227,0.5200126253543729
0.9750975097509753,0.5000113333096315,0.4800076364586561,0.5200125810471222
0.9753975397539756,0.5000112935366655,0.48000760965936967,0.5200125368953629
0.9756975697569759,0.5000112539032782,0.4800075829541323,0.5200124928985491
0.9759975997599761,0.5000112144089798,0.480007556342614,0.5200124490561372
0.9762976297629764,0.5000111750532822,0.4800075298244858,0.5200124053675852
0.9765976597659767,0.5000111358356989,0.48000750339941994,0.5200123618323533
0.976897689768977,0.5000110967557453,0.48000747706708985,0.5200123184499034
0.9771977197719774,0.5000110578129383,0.4800074508271701,0.5200122752196992
0.9774977497749777,0.5000110190067967,0.4800074246793364,0.5200122321412065
0.977797779777978,0.5000109803368409,0.4800073986232655,0.5200121892138929
0.9780978097809783,0.5000109418025929,0.48000737265863547,0.5200121464372279
0.9783978397839785,0.5000109034035765,0.48000734678512536,0.5200121038106827
0.9786978697869788,0.500010865139317,0.4800073210024154,0.5200120613337306
0.9789978997899791,0.5000108270093417,0.48000729531018693,0.5200120190058465
0.9792979297929794,0.5000107890131792,0.48000726970812246,0.5200119768265072
0.9795979597959799,0.5000107511503599,0.4800072441959055,0.5200119347951917
0.9798979897989801,0.5000107134204159,0.4800072187732208,0.5200118929113803
0.9801980198019804,0.5000106758228808,0.4800071934397541,0.5200118511745553
0.9804980498049807,0.5000106383572901,0.48000716819519235,0.520011809584201
0.980798079807981,0.5000106010231806,0.48000714303922354,0.5200117681398034
0.9810981098109812,0.5000105638200909,0.4800071179715367,0.5200117268408502
0.9813981398139815,0.5000105267475612,0.48000709299182215,0.520011685686831
0.9816981698169818,0.5000104898051334,0.480007068099771,0.520011644677237
0.981998199819982,0.5000104529923509,0.4800070432950757,0.5200116038115618
0.9822982298229825,0.5000104163087586,0.4800070185774297,0.5200115630892999
0.9825982598259828,0.5000103797539033,0.48000699394652746,0.5200115225099481
0.9828982898289831,0.5000103433273331,0.4800069694020646,0.5200114820730051
0.9831983198319834,0.5000103070285977,0.48000694494373775,0.5200114417779708
0.9834983498349836,0.5000102708572487,0.4800069205712446,0.5200114016243474
0.9837983798379839,0.5000102348128389,0.48000689628428395,0.5200113616116386
0.9840984098409842,0.5000101988949229,0.48000687208255566,0.5200113217393499
0.9843984398439845,0.5000101631030568,0.4800068479657606,0.5200112820069885
0.984698469846985,0.5000101274367982,0.48000682393360067,0.5200112424140634
0.9849984998499852,0.5000100918957062,0.4800067999857789,0.5200112029600851
0.9852985298529855,0.5000100564793418,0.48000677612199927,0.520011163644566
0.9855985598559858,0.500010021187267,0.48000675234196694,0.5200111244670204
0.985898589858986,0.5000099860190458,0.48000672864538785,0.5200110854269638
0.9861986198619863,0.5000099509742434,0.4800067050319693,0.520011046523914
0.9864986498649866,0.5000099160524268,0.48000668150141934,0.5200110077573898
0.9867986798679869,0.5000098812531644,0.48000665805344717,0.5200109691269126
0.9870987098709874,0.500009846576026,0.48000663468776295,0.5200109306320045
0.9873987398739876,0.5000098120205831,0.480006611404078,0.52001089227219
0.9876987698769879,0.5000097775864086,0.4800065882021045,0.520010854046995
0.9879987998799882,0.500009743273077,0.4800065650815557,0.5200108159559469
0.9882988298829884,0.5000097090801641,0.4800065420421459,0.520010777998575
0.9885988598859887,0.5000096750072474,0.4800065190835902,0.5200107401744102
0.988898889888989,0.5000096410539057,0.48000649620560504,0.5200107024829851
0.9891989198919893,0.5000096072197194,0.48000647340790753,0.5200106649238336
0.9894989498949895,0.5000095735042703,0.48000645069021597,0.5200106274964919
0.98979897989799,0.5000095399071419,0.4800064280522495,0.5200105902004971
0.9900990099009903,0.5000095064279187,0.4800064054937285,0.5200105530353885
0.9903990399039906,0.500009473066187,0.48000638301437404,0.5200105160007065
0.9906990699069909,0.5000094398215347,0.48000636061390833,0.5200104790959935
0.9909990999099911,0.5000094066935505,0.4800063382920545,0.5200104423207935
0.9912991299129914,0.5000093736818254,0.4800063160485367,0.5200104056746518
0.9915991599159917,0.5000093407859512,0.48000629388308,0.5200103691571156
0.991899189918992,0.5000093080055212,0.4800062717954105,0.5200103327677337
0.9921992199219924,0.5000092753401305,0.4800062497852552,0.5200102965060561
0.9924992499249927,0.5000092427893752,0.4800062278523419,0.5200102603716348
0.992799279927993,0.5000092103528532,0.4800062059963998,0.5200102243640231
0.9930993099309933,0.5000091780301634,0.4800061842171586,0.520010188482776
0.9933993399339935,0.5000091458209065,0.48000616251434924,0.5200101527274501
0.9936993699369938,0.5000091137246844,0.4800061408877034,0.5200101170976035
0.9939993999399941,0.5000090817411003,0.4800061193369538,0.5200100815927958
0.9942994299429944,0.5000090498697588,0.4800060978618341,0.5200100462125882
0.9945994599459949,0.5000090181102663,0.48000607646207893,0.5200100109565434
0.9948994899489951,0.5000089864622301,0.4800060551374238,0.5200099758242257
0.9951995199519954,0.5000089549252592,0.48000603388760504,0.5200099408152009
0.9954995499549957,0.5000089234989636,0.4800060127123602,0.5200099059290364
0.995799579957996,0.5000088921829552,0.48000599161142743,0.5200098711653008
0.9960996099609962,0.5000088609768466,0.480005970584546,0.5200098365235647
0.9963996399639965,0.5000088298802524,0.4800059496314561,0.5200098020033997
0.9966996699669968,0.5000087988927882,0.4800059287518986,0.5200097676043794
0.9969996999699973,0.5000087680140708,0.4800059079456156,0.5200097333260786
0.9972997299729975,0.500008737243719,0.4800058872123499,0.5200096991680736
0.9975997599759978,0.5000087065813521,0.4800058665518452,0.5200096651299423
0.9978997899789981,0.5000086760265914,0.4800058459638462,0.5200096312112639
0.9981998199819984,0.5000086455790591,0.48000582544809844,0.5200095974116192
0.9984998499849986,0.5000086152383789,0.4800058050043484,0.5200095637305906
0.9987998799879989,0.500008585004176,0.48000578463234345,0.5200095301677616
0.9990999099909992,0.5000085548760766,0.4800057643318316,0.5200094967227178
0.9993999399939995,0.5000085248537084,0.48000574410256225,0.5200094633950454
0.999699969997,0.5000084949367002,0.48000572394428515,0.5200094301843328
1.0,0.5000084651246823,0.48000570385675123,0.5200093970901694
1.0003000300030003,0.5000084354172865,0.4800056838397122,0.5200093641121462
1.0006000600060005,0.5000084058141453,0.48000566389292076,0.5200093312498556
1.0009000900090013,0.5000083763148929,0.48000564401613033,0.5200092985028916
1.0012001200120015,0.500008346919165,0.4800056242090952,0.5200092658708492
1.0015001500150018,0.5000083176265979,0.48000560447157065,0.5200092333533254
1.001800180018002,0.5000082884368298,0.48000558480331273,0.5200092009499181
1.0021002100210024,0.5000082593494999,0.4800055652040783,0.5200091686602268
1.0024002400240026,0.5000082303642487,0.48000554567362513,0.5200091364838526
1.002700270027003,0.5000082014807179,0.48000552621171194,0.5200091044203978
1.0030003000300032,0.5000081726985506,0.48000550681809806,0.520009072469466
1.0033003300330035,0.500008144017391,0.4800054874925439,0.5200090406306623
1.0036003600360037,0.5000081154368847,0.4800054682348106,0.5200090089035935
1.003900390039004,0.5000080869566785,0.48000544904466014,0.5200089772878671
1.0042004200420043,0.5000080585764204,0.4800054299218553,0.5200089457830924
1.0045004500450045,0.5000080302957596,0.4800054108661598,0.5200089143888803
1.0048004800480048,0.5000080021143465,0.4800053918773381,0.5200088831048426
1.005100510051005,0.5000079740318328,0.4800053729551555,0.5200088519305927
1.0054005400540054,0.5000079460478717,0.48000535409937817,0.5200088208657453
1.0057005700570056,0.500007918162117,0.4800053353097731,0.5200087899099164
1.0060006000600064,0.5000078903742242,0.48000531658610796,0.5200087590627235
1.0063006300630066,0.5000078626838499,0.48000529792815144,0.5200087283237853
1.006600660066007,0.5000078350906518,0.4800052793356729,0.520008697692722
1.0069006900690072,0.500007807594289,0.4800052608084425,0.5200086671691548
1.0072007200720074,0.5000077801944215,0.4800052423462314,0.5200086367527068
1.0075007500750077,0.5000077528907106,0.48000522394881123,0.5200086064430017
1.007800780078008,0.5000077256828191,0.48000520561595483,0.5200085762396652
1.0081008100810083,0.5000076985704107,0.48000518734743547,0.5200085461423238
1.0084008400840085,0.5000076715531502,0.4800051691430274,0.5200085161506057
1.0087008700870088,0.5000076446307036,0.4800051510025056,0.5200084862641401
1.009000900090009,0.5000076178027384,0.48000513292564595,0.5200084564825577
1.0093009300930094,0.5000075910689228,0.48000511491222503,0.5200084268054903
1.0096009600960096,0.5000075644289265,0.4800050969620201,0.5200083972325712
1.00990099009901,0.5000075378824202,0.48000507907480944,0.520008367763435
1.0102010201020102,0.5000075114290761,0.4800050612503719,0.5200083383977173
1.0105010501050105,0.5000074850685668,0.48000504348848716,0.5200083091350554
1.0108010801080112,0.5000074588005667,0.4800050257889358,0.5200082799750874
1.0111011101110114,0.5000074326247513,0.480005008151499,0.520008250917453
1.0114011401140117,0.5000074065407969,0.48000499057595875,0.520008221961793
1.011701170117012,0.5000073805483812,0.4800049730620979,0.5200081931077497
1.0120012001200123,0.5000073546471829,0.4800049556096999,0.5200081643549664
1.0123012301230125,0.5000073288368819,0.48000493821854917,0.5200081357030877
1.0126012601260128,0.5000073031171594,0.4800049208884307,0.5200081071517596
1.012901290129013,0.5000072774876971,0.48000490361913034,0.520008078700629
1.0132013201320134,0.5000072519481786,0.4800048864104346,0.5200080503493446
1.0135013501350136,0.5000072264982882,0.4800048692621309,0.5200080220975557
1.013801380138014,0.5000072011377112,0.4800048521740071,0.5200079939449133
1.0141014101410142,0.5000071758661344,0.48000483514585224,0.5200079658910693
1.0144014401440145,0.5000071506832453,0.4800048181774557,0.5200079379356772
1.0147014701470147,0.5000071255887327,0.4800048012686079,0.5200079100783914
1.015001500150015,0.5000071005822864,0.4800047844190997,0.5200078823188675
1.0153015301530153,0.5000070756635974,0.480004767628723,0.5200078546567626
1.0156015601560155,0.5000070508323577,0.4800047508972702,0.5200078270917347
1.0159015901590163,0.5000070260882605,0.48000473422453455,0.5200077996234431
1.0162016201620165,0.5000070014309999,0.48000471761030994,0.5200077722515484
1.0165016501650168,0.5000069768602711,0.4800047010543911,0.5200077449757122
1.016801680168017,0.5000069523757704,0.48000468455657336,0.5200077177955975
1.0171017101710174,0.5000069279771955,0.4800046681166529,0.5200076907108684
1.0174017401740176,0.5000069036642445,0.4800046517344264,0.52000766372119
1.017701770177018,0.500006879436617,0.4800046354096915,0.5200076368262289
1.0180018001800182,0.5000068552940137,0.4800046191422464,0.5200076100256524
1.0183018301830185,0.5000068312361361,0.48000460293189007,0.5200075833191297
1.0186018601860187,0.5000068072626869,0.48000458677842217,0.5200075567063305
1.018901890189019,0.5000067833733698,0.480004570681643,0.5200075301869258
1.0192019201920193,0.5000067595678895,0.48000455464135366,0.520007503760588
1.0195019501950195,0.500006735845952,0.48000453865735593,0.5200074774269905
1.0198019801980198,0.5000067122072638,0.48000452272945215,0.5200074511858077
1.02010201020102,0.500006688651533,0.4800045068574456,0.5200074250367154
1.0204020402040204,0.5000066651784683,0.48000449104114007,0.5200073989793903
1.0207020702070206,0.5000066417877796,0.48000447528034007,0.5200073730135105
1.0210021002100214,0.500006618479178,0.4800044595748508,0.520007347138755
1.0213021302130216,0.5000065952523752,0.48000444392447816,0.520007321354804
1.021602160216022,0.5000065721070843,0.48000442832902873,0.5200072956613389
1.0219021902190222,0.5000065490430192,0.48000441278830974,0.520007270058042
1.0222022202220225,0.5000065260598947,0.4800043973021292,0.5200072445445971
1.0225022502250227,0.500006503157427,0.4800043818702956,0.5200072191206887
1.022802280228023,0.5000064803353329,0.4800043664926183,0.5200071937860027
1.0231023102310233,0.5000064575933303,0.4800043511689072,0.5200071685402258
1.0234023402340235,0.5000064349311382,0.48000433589897296,0.5200071433830461
1.0237023702370238,0.5000064123484764,0.4800043206826268,0.5200071183141527
1.024002400240024,0.5000063898450661,0.48000430551968065,0.5200070933332357
1.0243024302430244,0.5000063674206288,0.4800042904099472,0.5200070684399865
1.0246024602460246,0.5000063450748876,0.4800042753532396,0.5200070436340972
1.024902490249025,0.5000063228075662,0.4800042603493718,0.5200070189152615
1.0252025202520252,0.5000063006183895,0.48000424539815845,0.5200069942831737
1.0255025502550255,0.5000062785070831,0.48000423049941465,0.5200069697375294
1.0258025802580262,0.5000062564733739,0.4800042156529563,0.5200069452780252
1.0261026102610264,0.5000062345169896,0.4800042008585999,0.5200069209043588
1.0264026402640267,0.5000062126376585,0.48000418611616263,0.5200068966162292
1.026702670267027,0.5000061908351107,0.48000417142546226,0.520006872413336
1.0270027002700273,0.5000061691090762,0.48000415678631725,0.5200068482953801
1.0273027302730275,0.500006147459287,0.4800041421985467,0.5200068242620635
1.0276027602760278,0.5000061258854751,0.4800041276619702,0.520006800313089
1.027902790279028,0.5000061043873741,0.48000411317640823,0.5200067764481606
1.0282028202820284,0.5000060829647184,0.48000409874168165,0.5200067526669837
1.0285028502850286,0.5000060616172429,0.48000408435761216,0.520006728969264
1.028802880288029,0.500006040344684,0.4800040700240219,0.5200067053547088
1.0291029102910292,0.5000060191467788,0.48000405574073374,0.5200066818230262
1.0294029402940295,0.5000059980232652,0.4800040415075712,0.5200066583739255
1.0297029702970297,0.5000059769738822,0.4800040273243583,0.5200066350071165
1.03000300030003,0.5000059559983695,0.4800040131909198,0.5200066117223109
1.0303030303030303,0.5000059350964681,0.48000399910708097,0.5200065885192205
1.0306030603060305,0.5000059142679195,0.4800039850726678,0.5200065653975589
1.0309030903090313,0.5000058935124664,0.4800039710875068,0.52000654235704
1.0312031203120315,0.5000058728298522,0.48000395715142513,0.5200065193973793
1.0315031503150318,0.5000058522198212,0.4800039432642506,0.5200064965182929
1.031803180318032,0.5000058316821189,0.4800039294258115,0.520006473719498
1.0321032103210324,0.5000058112164912,0.48000391563593686,0.520006451000713
1.0324032403240326,0.5000057908226854,0.4800039018944562,0.520006428361657
1.032703270327033,0.5000057705004494,0.4800038882011997,0.52000640580205
1.0330033003300332,0.5000057502495319,0.4800038745559982,0.5200063833216136
1.0333033303330335,0.5000057300696826,0.4800038609586829,0.5200063609200697
1.0336033603360337,0.5000057099606523,0.48000384740908586,0.5200063385971414
1.033903390339034,0.5000056899221924,0.4800038339070396,0.520006316352553
1.0342034203420343,0.5000056699540552,0.48000382045237727,0.5200062941860294
1.0345034503450345,0.5000056500559938,0.48000380704493256,0.5200062720972967
1.0348034803480348,0.5000056302277626,0.4800037936845397,0.5200062500860819
1.035103510351035,0.5000056104691162,0.4800037803710337,0.520006228152113
1.0354035403540354,0.5000055907798105,0.48000376710424986,0.5200062062951188
1.0357035703570356,0.5000055711596022,0.48000375388402433,0.5200061845148293
1.0360036003600364,0.5000055516082489,0.4800037407101937,0.5200061628109752
1.0363036303630366,0.5000055321255087,0.48000372758259513,0.5200061411832885
1.036603660366037,0.5000055127111411,0.4800037145010664,0.5200061196315016
1.0369036903690372,0.500005493364906,0.48000370146544574,0.5200060981553482
1.0372037203720375,0.5000054740865643,0.4800036884755722,0.5200060767545629
1.0375037503750377,0.5000054548758778,0.4800036755312851,0.5200060554288813
1.037803780378038,0.5000054357326089,0.4800036626324245,0.5200060341780398
1.0381038103810383,0.5000054166565212,0.48000364977883103,0.5200060130017756
1.0384038403840385,0.500005397647379,0.48000363697034576,0.5200059918998272
1.0387038703870388,0.500005378704947,0.4800036242068104,0.5200059708719337
1.039003900390039,0.5000053598289914,0.48000361148806725,0.5200059499178352
1.0393039303930394,0.500005341019279,0.4800035988139591,0.5200059290372727
1.0396039603960396,0.5000053222755769,0.48000358618432926,0.5200059082299883
1.03990399039904,0.5000053035976538,0.4800035735990217,0.5200058874957245
1.0402040204020402,0.5000052849852789,0.48000356105788083,0.5200058668342253
1.0405040504050405,0.5000052664382217,0.4800035485607517,0.5200058462452354
1.0408040804080412,0.5000052479562536,0.4800035361074798,0.5200058257285002
1.0411041104110415,0.5000052295391457,0.48000352369791127,0.520005805283766
1.0414041404140417,0.5000052111866706,0.48000351133189273,0.5200057849107805
1.041704170417042,0.5000051928986015,0.4800034990092713,0.5200057646092916
1.0420042004200423,0.5000051746747123,0.48000348672989473,0.5200057443790485
1.0423042304230425,0.5000051565147776,0.48000347449361125,0.5200057242198011
1.0426042604260428,0.5000051384185733,0.4800034623002696,0.5200057041313002
1.042904290429043,0.5000051203858755,0.4800034501497191,0.5200056841132977
1.0432043204320434,0.5000051024164615,0.48000343804180956,0.5200056641655462
1.0435043504350436,0.500005084510109,0.4800034259763914,0.520005644287799
1.043804380438044,0.5000050666665969,0.48000341395331547,0.5200056244798105
1.0441044104410442,0.5000050488857046,0.48000340197243313,0.520005604741336
1.0444044404440445,0.5000050311672123,0.4800033900335963,0.5200055850721312
1.0447044704470447,0.500005013510901,0.48000337813665755,0.5200055654719534
1.045004500450045,0.5000049959165526,0.48000336628146967,0.5200055459405603
1.0453045304530453,0.5000049783839495,0.4800033544678863,0.5200055264777101
1.0456045604560456,0.5000049609128752,0.48000334269576134,0.5200055070831628
1.0459045904590463,0.5000049435031135,0.4800033309649493,0.5200054877566785
1.0462046204620465,0.5000049261544495,0.48000331927530526,0.5200054684980182
1.0465046504650468,0.5000049088666686,0.48000330762668464,0.520005449306944
1.046804680468047,0.5000048916395572,0.4800032960189436,0.5200054301832188
1.0471047104710474,0.5000048744729024,0.48000328445193857,0.520005411126606
1.0474047404740476,0.5000048573664921,0.48000327292552664,0.5200053921368704
1.047704770477048,0.5000048403201147,0.48000326143956534,0.5200053732137769
1.0480048004800482,0.5000048233335598,0.48000324999391275,0.520005354357092
1.0483048304830485,0.5000048064066172,0.48000323858842736,0.5200053355665825
1.0486048604860487,0.5000047895390777,0.48000322722296823,0.5200053168420161
1.048904890489049,0.5000047727307331,0.48000321589739486,0.5200052981831615
1.0492049204920493,0.5000047559813753,0.48000320461156737,0.520005279589788
1.0495049504950495,0.5000047392907976,0.48000319336534614,0.5200052610616659
1.0498049804980498,0.5000047226587935,0.4800031821585923,0.5200052425985661
1.05010501050105,0.5000047060851576,0.4800031709911673,0.5200052242002604
1.0504050405040504,0.5000046895696849,0.48000315986293307,0.5200052058665215
1.050705070507051,0.5000046731121714,0.48000314877375216,0.5200051875971229
1.0510051005100514,0.5000046567124138,0.48000313772348746,0.5200051693918385
1.0513051305130516,0.5000046403702092,0.4800031267120024,0.5200051512504436
1.051605160516052,0.5000046240853557,0.4800031157391609,0.5200051331727138
1.0519051905190522,0.5000046078576521,0.48000310480482733,0.5200051151584258
1.0522052205220525,0.5000045916868978,0.4800030939088666,0.5200050972073569
1.0525052505250527,0.5000045755728929,0.480003083051144,0.5200050793192853
1.052805280528053,0.5000045595154383,0.48000307223152533,0.5200050614939897
1.0531053105310533,0.5000045435143355,0.48000306144987687,0.5200050437312501
1.0534053405340535,0.5000045275693867,0.4800030507060654,0.5200050260308468
1.0537053705370538,0.500004511680395,0.48000303999995814,0.5200050083925609
1.054005400540054,0.5000044958471639,0.48000302933142275,0.5200049908161748
1.0543054305430544,0.5000044800694976,0.48000301870032736,0.5200049733014709
1.0546054605460546,0.5000044643472014,0.4800030081065406,0.5200049558482329
1.054905490549055,0.5000044486800806,0.48000299754993153,0.5200049384562451
1.0552055205520552,0.500004433067942,0.4800029870303697,0.5200049211252924
1.0555055505550555,0.5000044175105923,0.48000297654772506,0.5200049038551608
1.0558055805580562,0.5000044020078395,0.4800029661018681,0.5200048866456367
1.0561056105610565,0.5000043865594918,0.48000295569266965,0.5200048694965076
1.0564056405640567,0.5000043711653582,0.48000294532000115,0.5200048524075613
1.056705670567057,0.5000043558252487,0.4800029349837343,0.5200048353785868
1.0570057005700573,0.5000043405389735,0.48000292468374145,0.5200048184093735
1.0573057305730575,0.5000043253063438,0.48000291441989523,0.5200048014997118
1.0576057605760578,0.5000043101271713,0.48000290419206887,0.5200047846493926
1.057905790579058,0.5000042950012683,0.48000289400013585,0.5200047678582077
1.0582058205820584,0.500004279928448,0.4800028838439703,0.5200047511259496
1.0585058505850586,0.5000042649085241,0.48000287372344663,0.5200047344524114
1.058805880588059,0.5000042499413109,0.4800028636384398,0.5200047178373871
1.0591059105910592,0.5000042350266234,0.48000285358882516,0.5200047012806713
1.0594059405940595,0.5000042201642773,0.48000284357447853,0.5200046847820595
1.0597059705970597,0.500004205354089,0.48000283359527607,0.5200046683413476
1.06000600060006,0.5000041905958753,0.48000282365109453,0.5200046519583327
1.0603060306030603,0.5000041758894539,0.480002813741811,0.520004635632812
1.0606060606060606,0.500004161234643,0.4800028038673029,0.5200046193645839
1.0609060906090613,0.5000041466312615,0.4800027940274483,0.5200046031534473
1.0612061206120615,0.500004132079129,0.48000278422212556,0.5200045869992018
1.0615061506150618,0.5000041175780654,0.4800027744512135,0.5200045709016479
1.061806180618062,0.5000041031278918,0.4800027647145913,0.5200045548605865
1.0621062106210624,0.5000040887284293,0.4800027550121387,0.5200045388758193
1.0624062406240626,0.5000040743795002,0.48000274534373577,0.5200045229471489
1.062706270627063,0.500004060080927,0.480002735709263,0.5200045070743784
1.0630063006300632,0.500004045832533,0.4800027261086013,0.5200044912573115
1.0633063306330635,0.5000040316341422,0.48000271654163207,0.5200044754957529
1.0636063606360637,0.5000040174855789,0.480002707008237,0.5200044597895076
1.063906390639064,0.5000040033866685,0.4800026975082983,0.5200044441383816
1.0642064206420643,0.5000039893372366,0.4800026880416986,0.5200044285421815
1.0645064506450646,0.5000039753371096,0.4800026786083208,0.5200044130007145
1.0648064806480648,0.5000039613861145,0.4800026692080484,0.5200043975137886
1.065106510651065,0.5000039474840787,0.4800026598407652,0.5200043820812122
1.0654065406540654,0.5000039336308306,0.48000265050635543,0.5200043667027947
1.065706570657066,0.500003919826199,0.4800026412047037,0.520004351378346
1.0660066006600664,0.500003906070013,0.48000263193569503,0.5200043361076768
1.0663066306630666,0.5000038923621029,0.48000262269921495,0.5200043208905982
1.066606660666067,0.5000038787022991,0.4800026134951492,0.5200043057269222
1.0669066906690672,0.5000038650904329,0.4800026043233841,0.5200042906164615
1.0672067206720675,0.500003851526336,0.4800025951838063,0.5200042755590292
1.0675067506750677,0.5000038380098407,0.48000258607630275,0.5200042605544392
1.067806780678068,0.5000038245407801,0.480002577000761,0.5200042456025061
1.0681068106810683,0.5000038111189875,0.4800025679570688,0.5200042307030452
1.0684068406840685,0.5000037977442973,0.48000255894511445,0.5200042158558722
1.0687068706870688,0.5000037844165439,0.48000254996478653,0.5200042010608037
1.069006900690069,0.5000037711355628,0.480002541015974,0.5200041863176569
1.0693069306930694,0.5000037579011899,0.48000253209856636,0.5200041716262493
1.0696069606960696,0.5000037447132615,0.48000252321245335,0.5200041569863997
1.06990699069907,0.5000037315716146,0.48000251435752517,0.5200041423979269
1.0702070207020702,0.5000037184760868,0.4800025055336723,0.5200041278606508
1.0705070507050705,0.5000037054265163,0.48000249674078577,0.5200041133743916
1.0708070807080712,0.5000036924227418,0.4800024879787569,0.5200040989389701
1.0711071107110715,0.5000036794646026,0.48000247924747735,0.5200040845542083
1.0714071407140717,0.5000036665519385,0.48000247054683925,0.5200040702199281
1.071707170717072,0.5000036536845899,0.48000246187673506,0.5200040559359524
1.0720072007200723,0.5000036408623978,0.4800024532370576,0.5200040417021048
1.0723072307230725,0.5000036280852037,0.4800024446277001,0.5200040275182093
1.0726072607260728,0.5000036153528498,0.4800024360485562,0.5200040133840904
1.072907290729073,0.5000036026651786,0.4800024274995198,0.5200039992995737
1.0732073207320734,0.5000035900220334,0.4800024189804853,0.520003985264485
1.0735073507350736,0.5000035774232579,0.48000241049134734,0.5200039712786508
1.073807380738074,0.5000035648686962,0.4800024020320011,0.5200039573418984
1.0741074107410742,0.5000035523581935,0.480002393602342,0.5200039434540554
1.0744074407440745,0.500003539891595,0.48000238520226574,0.5200039296149502
1.0747074707470747,0.5000035274687464,0.4800023768316687,0.5200039158244117
1.075007500750075,0.5000035150894946,0.48000236849044725,0.5200039020822697
1.0753075307530753,0.5000035027536863,0.4800023601784984,0.5200038883883541
1.0756075607560756,0.5000034904611691,0.4800023518957194,0.5200038747424958
1.0759075907590763,0.5000034782117911,0.48000234364200783,0.520003861144526
1.0762076207620765,0.5000034660054009,0.4800023354172617,0.5200038475942768
1.0765076507650768,0.5000034538418477,0.4800023272213795,0.5200038340915807
1.076807680768077,0.5000034417209811,0.4800023190542597,0.5200038206362707
1.0771077107710774,0.5000034296426513,0.4800023109158016,0.5200038072281805
1.0774077407740776,0.500003417606709,0.4800023028059044,0.5200037938671447
1.077707770777078,0.5000034056130055,0.48000229472446804,0.5200037805529978
1.0780078007800782,0.5000033936613926,0.4800022866713925,0.5200037672855754
1.0783078307830785,0.5000033817517224,0.48000227864657835,0.5200037540647136
1.0786078607860787,0.5000033698838479,0.48000227064992634,0.5200037408902488
1.078907890789079,0.5000033580576224,0.4800022626813377,0.5200037277620183
1.0792079207920793,0.5000033462728997,0.48000225474071395,0.52000371467986
1.0795079507950796,0.500003334529534,0.4800022468279569,0.5200037016436119
1.0798079807980798,0.5000033228273805,0.4800022389429688,0.520003688653113
1.08010801080108,0.5000033111662943,0.4800022310856521,0.5200036757082028
1.0804080408040804,0.5000032995461313,0.4800022232559098,0.5200036628087213
1.080708070807081,0.5000032879667481,0.4800022154536451,0.5200036499545092
1.0810081008100814,0.5000032764280014,0.48000220767876156,0.5200036371454074
1.0813081308130816,0.5000032649297484,0.48000219993116305,0.5200036243812577
1.081608160816082,0.5000032534718475,0.4800021922107539,0.5200036116619023
1.0819081908190822,0.5000032420541567,0.4800021845174387,0.5200035989871842
1.0822082208220825,0.500003230676535,0.48000217685112223,0.5200035863569464
1.0825082508250827,0.5000032193388417,0.4800021692117099,0.520003573771033
1.082808280828083,0.5000032080409368,0.4800021615991072,0.5200035612292886
1.0831083108310833,0.5000031967826807,0.48000215401322005,0.5200035487315579
1.0834083408340835,0.5000031855639341,0.4800021464539547,0.5200035362776866
1.0837083708370838,0.5000031743845583,0.48000213892121774,0.5200035238675207
1.084008400840084,0.5000031632444154,0.4800021314149161,0.520003511500907
1.0843084308430844,0.5000031521433675,0.48000212393495695,0.5200034991776924
1.0846084608460846,0.5000031410812775,0.48000211648124785,0.5200034868977247
1.084908490849085,0.5000031300580088,0.4800021090536967,0.5200034746608523
1.0852085208520852,0.5000031190734248,0.4800021016522118,0.5200034624669237
1.0855085508550855,0.50000310812739,0.4800020942767015,0.5200034503157883
1.0858085808580862,0.5000030972197691,0.4800020869270747,0.520003438207296
1.0861086108610865,0.5000030863504273,0.4800020796032406,0.5200034261412971
1.0864086408640867,0.5000030755192302,0.4800020723051086,0.5200034141176424
1.086708670867087,0.5000030647260439,0.4800020650325887,0.5200034021361835
1.0870087008700873,0.5000030539707351,0.4800020577855908,0.520003390196772
1.0873087308730875,0.5000030432531708,0.4800020505640254,0.5200033782992605
1.0876087608760878,0.5000030325732187,0.4800020433678033,0.5200033664435021
1.087908790879088,0.5000030219307465,0.4800020361968355,0.52000335462935
1.0882088208820884,0.500003011325623,0.48000202905103345,0.5200033428566584
1.0885088508850886,0.500003000757717,0.4800020219303087,0.5200033311252817
1.088808880888089,0.5000029902268978,0.48000201483457344,0.520003319435075
1.0891089108910892,0.5000029797330353,0.4800020077637398,0.5200033077858938
1.0894089408940895,0.5000029692759997,0.4800020007177204,0.5200032961775939
1.0897089708970897,0.5000029588556621,0.48000199369642826,0.5200032846100321
1.09000900090009,0.5000029484718934,0.48000198669977656,0.5200032730830654
1.0903090309030903,0.5000029381245654,0.48000197972767883,0.5200032615965512
1.0906090609060906,0.5000029278135502,0.48000197278004886,0.5200032501503477
1.0909090909090913,0.5000029175387203,0.48000196585680077,0.5200032387443133
1.0912091209120915,0.5000029072999487,0.4800019589578491,0.5200032273783072
1.0915091509150918,0.5000028970971089,0.4800019520831085,0.5200032160521887
1.091809180918092,0.5000028869300749,0.480001945232494,0.5200032047658179
1.0921092109210924,0.5000028767987209,0.480001938405921,0.5200031935190553
1.0924092409240926,0.5000028667029217,0.480001931603305,0.5200031823117621
1.092709270927093,0.5000028566425526,0.48000192482456205,0.5200031711437996
1.0930093009300932,0.5000028466174893,0.4800019180696084,0.5200031600150297
1.0933093309330935,0.5000028366276077,0.4800019113383604,0.520003148925315
1.0936093609360937,0.5000028266727846,0.480001904630735,0.5200031378745184
1.093909390939094,0.5000028167528967,0.48000189794664927,0.5200031268625033
1.0942094209420943,0.5000028068678216,0.48000189128602055,0.5200031158891336
1.0945094509450946,0.500002797017437,0.48000188464876653,0.5200031049542738
1.0948094809480948,0.5000027872016212,0.48000187803480526,0.5200030940577886
1.095109510951095,0.5000027774202529,0.4800018714440549,0.5200030831995434
1.0954095409540954,0.5000027676732113,0.48000186487643404,0.5200030723794039
1.095709570957096,0.5000027579603757,0.4800018583318615,0.5200030615972365
1.0960096009600964,0.5000027482816263,0.4800018518102564,0.5200030508529079
1.0963096309630966,0.5000027386368433,0.4800018453115381,0.5200030401462853
1.096609660966097,0.5000027290259076,0.48000183883562636,0.5200030294772364
1.0969096909690972,0.5000027194487005,0.48000183238244104,0.5200030188456293
1.0972097209720975,0.5000027099051033,0.4800018259519025,0.5200030082513326
1.0975097509750977,0.5000027003949984,0.4800018195439312,0.5200029976942154
1.097809780978098,0.5000026909182681,0.4800018131584479,0.5200029871741472
1.0981098109810983,0.5000026814747954,0.4800018067953738,0.520002976690998
1.0984098409840986,0.5000026720644634,0.48000180045463015,0.5200029662446383
1.0987098709870988,0.500002662687156,0.48000179413613864,0.5200029558349387
1.099009900990099,0.5000026533427571,0.48000178783982117,0.520002945461771
1.0993099309930994,0.5000026440311514,0.48000178156559986,0.5200029351250066
1.0996099609960996,0.5000026347522236,0.48000177531339727,0.5200029248245179
1.0999099909991,0.5000026255058592,0.4800017690831361,0.5200029145601778
1.1002100210021002,0.5000026162919439,0.4800017628747392,0.520002904331859
1.1005100510051005,0.5000026071103637,0.4800017566881301,0.5200028941394355
1.1008100810081012,0.5000025979610053,0.48000175052323213,0.520002883982781
1.1011101110111015,0.5000025888437555,0.4800017443799692,0.5200028738617702
1.1014101410141017,0.5000025797585017,0.48000173825826536,0.520002863776278
1.101710171017102,0.5000025707051315,0.4800017321580449,0.5200028537261796
1.1020102010201023,0.5000025616835332,0.4800017260792325,0.520002843711351
1.1023102310231025,0.5000025526935951,0.48000172002175306,0.5200028337316681
1.1026102610261028,0.5000025437352061,0.4800017139855316,0.5200028237870079
1.102910291029103,0.5000025348082556,0.4800017079704936,0.5200028138772474
1.1032103210321034,0.5000025259126333,0.48000170197656467,0.5200028040022641
1.1035103510351036,0.5000025170482291,0.48000169600367076,0.5200027941619358
1.103810381038104,0.5000025082149335,0.48000169005173804,0.5200027843561411
1.1041104110411042,0.5000024994126374,0.48000168412069294,0.5200027745847587
1.1044104410441045,0.5000024906412319,0.4800016782104622,0.5200027648476678
1.1047104710471047,0.5000024819006088,0.48000167232097274,0.5200027551447483
1.105010501050105,0.5000024731906598,0.48000166645215175,0.5200027454758799
1.1053105310531053,0.5000024645112774,0.48000166060392674,0.5200027358409434
1.1056105610561056,0.5000024558623544,0.4800016547762254,0.5200027262398196
1.1059105910591063,0.5000024472437836,0.4800016489689758,0.5200027166723898
1.1062106210621065,0.5000024386554589,0.480001643182106,0.5200027071385359
1.1065106510651068,0.5000024300972739,0.4800016374155446,0.52000269763814
1.106810681068107,0.5000024215691228,0.4800016316692202,0.5200026881710845
1.1071107110711074,0.5000024130709003,0.480001625943062,0.5200026787372527
1.1074107410741076,0.5000024046025014,0.48000162023699905,0.5200026693365278
1.107710771077108,0.5000023961638215,0.4800016145509609,0.5200026599687938
1.1080108010801082,0.500002387754756,0.48000160888487725,0.5200026506339347
1.1083108310831085,0.5000023793752012,0.480001603238678,0.5200026413318353
1.1086108610861087,0.5000023710250536,0.48000159761229355,0.5200026320623804
1.108910891089109,0.5000023627042098,0.48000159200565423,0.5200026228254557
1.1092109210921093,0.5000023544125671,0.4800015864186908,0.520002613620947
1.1095109510951096,0.5000023461500229,0.48000158085133415,0.5200026044487405
1.1098109810981098,0.5000023379164753,0.4800015753035155,0.5200025953087226
1.11011101110111,0.5000023297118223,0.4800015697751663,0.5200025862007808
1.1104110411041104,0.5000023215359627,0.4800015642662182,0.5200025771248021
1.110711071107111,0.5000023133887952,0.48000155877660317,0.5200025680806747
1.1110111011101114,0.5000023052702194,0.4800015533062533,0.5200025590682865
1.1113111311131116,0.5000022971801348,0.480001547855101,0.5200025500875264
1.111611161116112,0.5000022891184414,0.4800015424230789,0.5200025411382831
1.1119111911191122,0.5000022810850395,0.4800015370101199,0.5200025322204462
1.1122112211221125,0.50000227307983,0.48000153161615705,0.5200025233339055
1.1125112511251127,0.500002265102714,0.4800015262411237,0.5200025144785511
1.112811281128113,0.5000022571535926,0.4800015208849534,0.5200025056542735
1.1131113111311133,0.5000022492323678,0.48000151554757997,0.5200024968609638
1.1134113411341136,0.5000022413389417,0.48000151022893744,0.5200024880985131
1.1137113711371138,0.5000022334732166,0.4800015049289601,0.5200024793668133
1.114011401140114,0.5000022256350954,0.48000149964758243,0.5200024706657563
1.1143114311431144,0.5000022178244813,0.48000149438473916,0.5200024619952348
1.1146114611461146,0.5000022100412775,0.4800014891403653,0.5200024533551415
1.114911491149115,0.500002202285388,0.4800014839143959,0.5200024447453696
1.1152115211521152,0.500002194556717,0.48000147870676646,0.5200024361658128
1.1155115511551155,0.500002186855169,0.48000147351741257,0.5200024276163648
1.1158115811581162,0.5000021791806485,0.48000146834627017,0.5200024190969204
1.1161116111611165,0.5000021715330609,0.4800014631932753,0.5200024106073737
1.1164116411641167,0.5000021639123117,0.4800014580583643,0.5200024021476204
1.116711671167117,0.5000021563183066,0.48000145294147367,0.5200023937175554
1.1170117011701173,0.5000021487509518,0.48000144784254023,0.5200023853170749
1.1173117311731176,0.5000021412101538,0.48000144276150086,0.5200023769460749
1.1176117611761178,0.5000021336958195,0.48000143769829284,0.5200023686044519
1.117911791179118,0.5000021262078557,0.4800014326528536,0.520002360292103
1.1182118211821184,0.5000021187461702,0.48000142762512077,0.5200023520089253
1.1185118511851186,0.5000021113106705,0.48000142261503215,0.5200023437548165
1.118811881188119,0.500002103901265,0.4800014176225259,0.5200023355296746
1.1191119111911192,0.5000020965178619,0.48000141264754026,0.5200023273333978
1.1194119411941195,0.50000208916037,0.48000140769001376,0.5200023191658849
1.1197119711971197,0.5000020818286984,0.4800014027498852,0.520002311027035
1.12001200120012,0.5000020745227565,0.4800013978270934,0.5200023029167475
1.1203120312031203,0.5000020672424539,0.48000139292157756,0.5200022948349221
1.1206120612061206,0.5000020599877008,0.48000138803327713,0.520002286781459
1.1209120912091213,0.5000020527584073,0.48000138316213165,0.5200022787562586
1.1212121212121215,0.5000020455544842,0.4800013783080809,0.5200022707592217
1.1215121512151218,0.5000020383758426,0.4800013734710648,0.5200022627902494
1.121812181218122,0.5000020312223935,0.4800013686510237,0.5200022548492435
1.1221122112211224,0.5000020240940487,0.48000136384789804,0.5200022469361055
1.1224122412241226,0.50000201699072,0.4800013590616284,0.5200022390507378
1.122712271227123,0.5000020099123196,0.48000135429215557,0.520002231193043
1.1230123012301232,0.5000020028587601,0.4800013495394207,0.5200022233629238
1.1233123312331235,0.5000019958299542,0.48000134480336504,0.5200022155602836
1.1236123612361237,0.500001988825815,0.48000134008393,0.5200022077850258
1.123912391239124,0.5000019818462562,0.48000133538105727,0.5200022000370544
1.1242124212421243,0.5000019748911914,0.48000133069468875,0.5200021923162736
1.1245124512451246,0.5000019679605344,0.48000132602476653,0.5200021846225881
1.1248124812481248,0.5000019610541999,0.48000132137123286,0.5200021769559027
1.125112511251125,0.5000019541721025,0.48000131673403024,0.5200021693161225
1.1254125412541254,0.5000019473141568,0.4800013121131014,0.5200021617031534
1.125712571257126,0.5000019404802785,0.4800013075083891,0.5200021541169011
1.1260126012601264,0.5000019336703828,0.48000130291983656,0.520002146557272
1.1263126312631266,0.5000019268843857,0.48000129834738703,0.5200021390241725
1.126612661266127,0.5000019201222032,0.480001293790984,0.5200021315175095
1.1269126912691272,0.500001913383752,0.4800012892505711,0.5200021240371903
1.1272127212721275,0.5000019066689485,0.4800012847260923,0.5200021165831225
1.1275127512751277,0.5000018999777098,0.48000128021749167,0.5200021091552138
1.127812781278128,0.5000018933099534,0.4800012757247134,0.5200021017533726
1.1281128112811283,0.5000018866655966,0.4800012712477021,0.5200020943775072
1.1284128412841286,0.5000018800445575,0.4800012667864023,0.5200020870275267
1.1287128712871288,0.5000018734467541,0.48000126234075896,0.52000207970334
1.129012901290129,0.500001866872105,0.4800012579107171,0.5200020724048569
1.1293129312931294,0.5000018603205288,0.48000125349622197,0.5200020651319868
1.1296129612961296,0.5000018537919447,0.48000124909721903,0.52000205788464
1.12991299129913,0.500001847286272,0.48000124471365385,0.5200020506627271
1.1302130213021302,0.5000018408034301,0.4800012403454723,0.5200020434661586
1.1305130513051305,0.500001834343339,0.48000123599262046,0.5200020362948456
1.1308130813081312,0.500001827905919,0.4800012316550444,0.5200020291486996
1.1311131113111315,0.5000018214910903,0.48000122733269057,0.5200020220276322
1.1314131413141317,0.5000018150987736,0.4800012230255056,0.5200020149315553
1.131713171317132,0.5000018087288902,0.4800012187334361,0.5200020078603813
1.1320132013201323,0.500001802381361,0.4800012144564292,0.5200020008140228
1.1323132313231326,0.500001796056108,0.480001210194432,0.5200019937923928
1.1326132613261328,0.5000017897530525,0.48000120594739176,0.5200019867954042
1.132913291329133,0.500001783472117,0.480001201715256,0.5200019798229709
1.1332133213321334,0.5000017772132236,0.4800011974979725,0.5200019728750065
1.1335133513351336,0.5000017709762952,0.480001193295489,0.5200019659514252
1.133813381338134,0.5000017647612546,0.48000118910775375,0.5200019590521414
1.1341134113411342,0.5000017585680249,0.4800011849347148,0.5200019521770699
1.1344134413441345,0.5000017523965297,0.4800011807763207,0.5200019453261256
1.1347134713471347,0.5000017462466926,0.48000117663251995,0.520001938499224
1.135013501350135,0.5000017401184377,0.48000117250326146,0.5200019316962806
1.1353135313531353,0.5000017340116892,0.4800011683884941,0.5200019249172114
1.1356135613561356,0.5000017279263717,0.4800011642881671,0.5200019181619326
1.1359135913591363,0.5000017218624099,0.48000116020222966,0.5200019114303607
1.1362136213621365,0.5000017158197289,0.48000115613063143,0.5200019047224124
1.1365136513651368,0.5000017097982539,0.48000115207332195,0.5200018980380049
1.136813681368137,0.5000017037979106,0.4800011480302512,0.5200018913770555
1.1371137113711374,0.5000016978186249,0.48000114400136906,0.5200018847394821
1.1374137413741376,0.5000016918603228,0.4800011399866259,0.5200018781252024
1.137713771377138,0.5000016859229307,0.480001135985972,0.5200018715341348
1.1380138013801382,0.5000016800063752,0.48000113199935796,0.5200018649661978
1.1383138313831385,0.5000016741105833,0.48000112802673445,0.5200018584213103
1.1386138613861387,0.5000016682354819,0.48000112406805245,0.5200018518993913
1.138913891389139,0.5000016623809984,0.480001120123263,0.5200018454003602
1.1392139213921393,0.5000016565470606,0.48000111619231733,0.5200018389241368
1.1395139513951396,0.5000016507335965,0.48000111227516684,0.5200018324706408
1.1398139813981398,0.5000016449405339,0.4800011083717632,0.5200018260397927
1.14011401140114,0.5000016391678015,0.48000110448205807,0.520001819631513
1.1404140414041404,0.5000016334153279,0.48000110060600343,0.5200018132457224
1.140714071407141,0.5000016276830418,0.48000109674355135,0.520001806882342
1.1410141014101414,0.5000016219708726,0.48000109289465415,0.5200018005412931
1.1413141314131416,0.5000016162787496,0.4800010890592642,0.5200017942224975
1.141614161416142,0.5000016106066025,0.4800010852373341,0.5200017879258769
1.1419141914191422,0.5000016049543611,0.48000108142881664,0.5200017816513536
1.1422142214221425,0.5000015993219556,0.48000107763366473,0.5200017753988501
1.1425142514251427,0.5000015937093164,0.4800010738518315,0.520001769168289
1.142814281428143,0.5000015881163742,0.48000107008327014,0.5200017629595933
1.1431143114311433,0.5000015825430597,0.48000106632793416,0.5200017567726863
1.1434143414341436,0.5000015769893041,0.4800010625857771,0.5200017506074917
1.1437143714371438,0.5000015714550389,0.4800010588567527,0.5200017444639331
1.144014401440144,0.5000015659401954,0.4800010551408149,0.5200017383419345
1.1443144314431444,0.5000015604447058,0.4800010514379178,0.5200017322414205
1.1446144614461446,0.5000015549685018,0.48000104774801555,0.5200017261623155
1.144914491449145,0.5000015495115161,0.4800010440710626,0.5200017201045445
1.1452145214521452,0.500001544073681,0.4800010404070135,0.5200017140680324
1.1455145514551455,0.5000015386549294,0.480001036755823,0.5200017080527048
1.1458145814581462,0.5000015332551943,0.4800010331174459,0.5200017020584875
1.1461146114611465,0.5000015278744089,0.48000102949183726,0.5200016960853061
1.1464146414641467,0.5000015225125067,0.4800010258789523,0.5200016901330868
1.146714671467147,0.5000015171694216,0.4800010222787464,0.5200016842017563
1.1470147014701473,0.5000015118450875,0.48000101869117495,0.5200016782912411
1.1473147314731476,0.5000015065394384,0.4800010151161937,0.5200016724014681
1.1476147614761478,0.5000015012524089,0.48000101155375846,0.5200016665323647
1.147914791479148,0.5000014959839337,0.48000100800382517,0.5200016606838581
1.1482148214821484,0.5000014907339476,0.4800010044663499,0.5200016548558763
1.1485148514851486,0.5000014855023858,0.4800010009412891,0.5200016490483471
1.148814881488149,0.5000014802891835,0.48000099742859903,0.5200016432611988
1.1491149114911492,0.5000014750942763,0.4800009939282364,0.5200016374943598
1.1494149414941495,0.5000014699176001,0.48000099044015787,0.5200016317477589
1.1497149714971497,0.5000014647590908,0.48000098696432036,0.520001626021325
1.15001500150015,0.5000014596186847,0.4800009835006809,0.5200016203149874
1.1503150315031503,0.5000014544963184,0.4800009800491967,0.5200016146286756
1.1506150615061506,0.5000014493919283,0.4800009766098251,0.5200016089623192
1.1509150915091513,0.5000014443054516,0.48000097318252355,0.5200016033158482
1.1512151215121516,0.5000014392368253,0.48000096976724976,0.520001597689193
1.1515151515151518,0.5000014341859866,0.4800009663639615,0.5200015920822837
1.151815181518152,0.5000014291528735,0.4800009629726167,0.5200015864950513
1.1521152115211524,0.5000014241374233,0.48000095959317335,0.5200015809274268
1.1524152415241526,0.5000014191395744,0.48000095622558986,0.520001575379341
1.152715271527153,0.5000014141592649,0.48000095286982447,0.5200015698507258
1.1530153015301532,0.5000014091964332,0.48000094952583583,0.5200015643415125
1.1533153315331535,0.500001404251018,0.48000094619358247,0.5200015588516332
1.1536153615361537,0.5000013993229582,0.4800009428730233,0.52000155338102
1.153915391539154,0.5000013944121928,0.48000093956411727,0.5200015479296054
1.1542154215421543,0.5000013895186612,0.48000093626682344,0.5200015424973218
1.1545154515451546,0.5000013846423029,0.48000093298110114,0.5200015370841022
1.1548154815481548,0.5000013797830576,0.48000092970690966,0.5200015316898797
1.155115511551155,0.5000013749408653,0.4800009264442086,0.5200015263145876
1.1554155415541554,0.5000013701156661,0.4800009231929576,0.5200015209581595
1.155715571557156,0.5000013653074005,0.48000091995311656,0.5200015156205292
1.1560156015601564,0.5000013605160089,0.48000091672464534,0.5200015103016307
1.1563156315631566,0.500001355741432,0.48000091350750407,0.5200015050013983
1.156615661566157,0.5000013509836111,0.480000910301653,0.5200014997197664
1.1569156915691572,0.5000013462424872,0.48000090710705245,0.5200014944566698
1.1572157215721575,0.5000013415180017,0.48000090392366307,0.5200014892120435
1.1575157515751577,0.5000013368100963,0.48000090075144536,0.5200014839858225
1.157815781578158,0.5000013321187128,0.48000089759036024,0.5200014787779424
1.1581158115811583,0.5000013274437931,0.4800008944403686,0.5200014735883388
1.1584158415841586,0.5000013227852795,0.4800008913014314,0.5200014684169475
1.1587158715871588,0.5000013181431144,0.48000088817351005,0.5200014632637046
1.159015901590159,0.5000013135172405,0.48000088505656574,0.5200014581285464
1.1593159315931594,0.5000013089076006,0.48000088195056,0.5200014530114094
1.1596159615961597,0.5000013043141377,0.48000087885545445,0.5200014479122306
1.15991599159916,0.500001299736795,0.4800008757712108,0.5200014428309466
1.1602160216021602,0.500001295175516,0.480000872697791,0.520001437767495
1.1605160516051605,0.5000012906302442,0.480000869635157,0.5200014327218128
1.1608160816081612,0.5000012861009236,0.48000086658327096,0.520001427693838
1.1611161116111615,0.5000012815874982,0.48000086354209515,0.5200014226835082
1.1614161416141617,0.500001277089912,0.480000860511592,0.5200014176907616
1.161716171617162,0.5000012726081098,0.48000085749172405,0.5200014127155366
1.1620162016201623,0.5000012681420357,0.480000854482454,0.5200014077577714
1.1623162316231626,0.500001263691635,0.48000085148374466,0.520001402817405
1.1626162616261628,0.5000012592568523,0.48000084849555896,0.5200013978943763
1.162916291629163,0.5000012548376331,0.48000084551785993,0.5200013929886244
1.1632163216321634,0.5000012504339226,0.4800008425506108,0.5200013881000887
1.1635163516351636,0.5000012460456664,0.4800008395937749,0.5200013832287087
1.163816381638164,0.5000012416728103,0.4800008366473157,0.5200013783744242
1.1641164116411642,0.5000012373153003,0.48000083371119673,0.5200013735371753
1.1644164416441645,0.5000012329730825,0.48000083078538175,0.5200013687169023
1.1647164716471647,0.5000012286461032,0.48000082786983456,0.5200013639135453
1.165016501650165,0.5000012243343089,0.4800008249645192,0.5200013591270454
1.1653165316531653,0.5000012200376464,0.4800008220693997,0.520001354357343
1.165616561656166,0.5000012157560625,0.48000081918444026,0.5200013496043794
1.1659165916591663,0.5000012114895043,0.4800008163096053,0.5200013448680957
1.1662166216621666,0.5000012072379192,0.48000081344485923,0.5200013401484335
1.1665166516651668,0.5000012030012545,0.4800008105901667,0.5200013354453344
1.166816681668167,0.5000011987794579,0.4800008077454923,0.5200013307587403
1.1671167116711674,0.5000011945724773,0.48000080491080105,0.5200013260885933
1.1674167416741676,0.5000011903802605,0.4800008020860578,0.5200013214348357
1.167716771677168,0.5000011862027558,0.48000079927122763,0.5200013167974098
1.1680168016801682,0.5000011820399116,0.48000079646627586,0.5200013121762586
1.1683168316831685,0.5000011778916765,0.48000079367116766,0.5200013075713246
1.1686168616861687,0.5000011737579991,0.48000079088586867,0.5200013029825512
1.168916891689169,0.5000011696388285,0.4800007881103443,0.5200012984098816
1.1692169216921693,0.5000011655341134,0.48000078534456037,0.5200012938532592
1.1695169516951696,0.5000011614438036,0.4800007825884826,0.5200012893126278
1.1698169816981698,0.5000011573678481,0.480000779842077,0.5200012847879312
1.17011701170117,0.5000011533061969,0.4800007771053096,0.5200012802791135
1.1704170417041704,0.5000011492587995,0.48000077437814653,0.5200012757861191
1.170717071707171,0.5000011452256059,0.4800007716605542,0.5200012713088923
1.1710171017101714,0.5000011412065664,0.48000076895249894,0.5200012668473777
1.1713171317131716,0.5000011372016312,0.4800007662539472,0.5200012624015204
1.171617161716172,0.500001133210751,0.4800007635648658,0.5200012579712653
1.1719171917191722,0.5000011292338762,0.4800007608852215,0.5200012535565577
1.1722172217221725,0.5000011252709579,0.480000758214981,0.520001249157343
1.1725172517251727,0.500001121321947,0.4800007555541114,0.5200012447735668
1.172817281728173,0.5000011173867946,0.4800007529025799,0.520001240405175
1.1731173117311733,0.5000011134654523,0.4800007502603536,0.5200012360521136
1.1734173417341736,0.5000011095578715,0.48000074762739986,0.5200012317143288
1.1737173717371738,0.5000011056640038,0.4800007450036862,0.5200012273917669
1.174017401740174,0.5000011017838013,0.4800007423891802,0.5200012230843746
1.1743174317431744,0.5000010979172159,0.4800007397838495,0.5200012187920986
1.1746174617461747,0.5000010940641998,0.4800007371876619,0.5200012145148858
1.174917491749175,0.5000010902247055,0.48000073460058534,0.5200012102526834
1.1752175217521752,0.5000010863986853,0.4800007320225878,0.5200012060054388
1.1755175517551755,0.5000010825860923,0.4800007294536375,0.5200012017730993
1.1758175817581762,0.500001078786879,0.4800007268937026,0.5200011975556128
1.1761176117611765,0.5000010750009988,0.4800007243427515,0.520001193352927
1.1764176417641767,0.5000010712284045,0.4800007218007527,0.5200011891649902
1.176717671767177,0.5000010674690498,0.48000071926767474,0.5200011849917504
1.1770177017701773,0.5000010637228882,0.4800007167434863,0.520001180833156
1.1773177317731776,0.5000010599898732,0.48000071422815627,0.5200011766891559
1.1776177617761778,0.5000010562699588,0.4800007117216535,0.5200011725596987
1.177917791779178,0.5000010525630991,0.480000709223947,0.5200011684447332
1.1782178217821784,0.5000010488692482,0.4800007067350059,0.5200011643442088
1.1785178517851786,0.5000010451883604,0.48000070425479946,0.5200011602580747
1.178817881788179,0.5000010415203903,0.48000070178329707,0.5200011561862805
1.1791179117911792,0.5000010378652925,0.48000069932046807,0.5200011521287757
1.1794179417941795,0.5000010342230219,0.48000069686628216,0.5200011480855103
1.1797179717971797,0.5000010305935333,0.4800006944207089,0.5200011440564344
1.18001800180018,0.5000010269767821,0.4800006919837181,0.5200011400414979
1.1803180318031803,0.5000010233727235,0.48000068955527964,0.5200011360406515
1.180618061806181,0.5000010197813128,0.48000068713536354,0.5200011320538456
1.1809180918091813,0.5000010162025058,0.4800006847239398,0.5200011280810308
1.1812181218121816,0.5000010126362583,0.48000068232097876,0.5200011241221583
1.1815181518151818,0.5000010090825261,0.48000067992645057,0.5200011201771789
1.181818181818182,0.5000010055412653,0.4800006775403257,0.5200011162460441
1.1821182118211824,0.5000010020124321,0.4800006751625747,0.520001112328705
1.1824182418241826,0.5000009984959831,0.48000067279316816,0.5200011084251135
1.182718271827183,0.5000009949918746,0.4800006704320768,0.5200011045352211
1.1830183018301832,0.5000009915000633,0.4800006680792714,0.52000110065898
1.1833183318331835,0.5000009880205062,0.4800006657347229,0.520001096796342
1.1836183618361837,0.5000009845531601,0.4800006633984023,0.5200010929472595
1.183918391839184,0.5000009810979824,0.4800006610702808,0.5200010891116849
1.1842184218421843,0.5000009776549302,0.48000065875032955,0.5200010852895708
1.1845184518451846,0.500000974223961,0.48000065643851986,0.5200010814808701
1.1848184818481848,0.5000009708050324,0.4800006541348233,0.5200010776855355
1.185118511851185,0.5000009673981022,0.48000065183921126,0.5200010739035202
1.1854185418541854,0.5000009640031281,0.4800006495516554,0.5200010701347775
1.185718571857186,0.5000009606200684,0.48000064727212743,0.5200010663792607
1.1860186018601864,0.500000957248881,0.48000064500059925,0.5200010626369236
1.1863186318631866,0.5000009538895246,0.48000064273704274,0.5200010589077196
1.186618661866187,0.5000009505419574,0.48000064048142993,0.520001055191603
1.1869186918691872,0.5000009472061381,0.4800006382337329,0.5200010514885276
1.1872187218721875,0.5000009438820254,0.48000063599392395,0.5200010477984478
1.1875187518751877,0.5000009405695784,0.4800006337619753,0.5200010441213179
1.187818781878188,0.500000937268756,0.4800006315378595,0.5200010404570924
1.1881188118811883,0.5000009339795176,0.4800006293215489,0.5200010368057261
1.1884188418841886,0.5000009307018223,0.4800006271130162,0.5200010331671739
1.1887188718871888,0.5000009274356297,0.48000062491223416,0.5200010295413908
1.189018901890189,0.5000009241808995,0.4800006227191755,0.5200010259283319
1.1893189318931894,0.5000009209375913,0.4800006205338131,0.5200010223279526
1.1896189618961897,0.5000009177056651,0.48000061835612,0.5200010187402085
1.18991899189919,0.5000009144850811,0.48000061618606926,0.5200010151650553
1.1902190219021902,0.5000009112757994,0.4800006140236341,0.5200010116024485
1.1905190519051905,0.5000009080777802,0.4800006118687877,0.5200010080523443
1.1908190819081912,0.5000009048909841,0.4800006097215035,0.5200010045146989
1.1911191119111915,0.5000009017153717,0.480000607581755,0.5200010009894683
1.1914191419141917,0.5000008985509038,0.48000060544951567,0.5200009974766092
1.191719171917192,0.5000008953975412,0.4800006033247592,0.520000993976078
1.1920192019201923,0.500000892255245,0.4800006012074593,0.5200009904878317
1.1923192319231926,0.5000008891239763,0.48000059909758985,0.5200009870118268
1.1926192619261928,0.5000008860036964,0.4800005969951247,0.5200009835480206
1.192919291929193,0.5000008828943668,0.480000594900038,0.5200009800963703
1.1932193219321934,0.5000008797959491,0.48000059281230373,0.5200009766568332
1.1935193519351937,0.500000876708405,0.4800005907318961,0.5200009732293667
1.193819381938194,0.5000008736316961,0.4800005886587894,0.5200009698139285
1.1941194119411942,0.5000008705657847,0.48000058659295813,0.5200009664104763
1.1944194419441945,0.5000008675106327,0.4800005845343766,0.5200009630189684
1.1947194719471947,0.5000008644662024,0.4800005824830194,0.5200009596393623
1.195019501950195,0.5000008614324563,0.4800005804388613,0.5200009562716168
1.1953195319531953,0.5000008584093566,0.4800005784018769,0.5200009529156898
1.195619561956196,0.5000008553968662,0.480000576372041,0.5200009495715402
1.1959195919591963,0.5000008523949478,0.48000057434932863,0.5200009462391265
1.1962196219621966,0.5000008494035644,0.48000057233371474,0.5200009429184075
1.1965196519651968,0.5000008464226788,0.4800005703251744,0.5200009396093422
1.196819681968197,0.5000008434522544,0.4800005683236829,0.5200009363118897
1.1971197119711974,0.5000008404922542,0.4800005663292153,0.5200009330260091
1.1974197419741976,0.5000008375426419,0.4800005643417471,0.5200009297516601
1.197719771977198,0.5000008346033809,0.48000056236125366,0.520000926488802
1.1980198019801982,0.5000008316744349,0.48000056038771055,0.5200009232373946
1.1983198319831985,0.5000008287557677,0.48000055842109335,0.5200009199973975
1.1986198619861987,0.5000008258473432,0.48000055646137785,0.5200009167687709
1.198919891989199,0.5000008229491255,0.4800005545085397,0.5200009135514747
1.1992199219921993,0.5000008200610788,0.48000055256255475,0.5200009103454694
1.1995199519951996,0.5000008171831674,0.4800005506233991,0.5200009071507151
1.1998199819981998,0.5000008143153557,0.4800005486910487,0.5200009039671725
1.2001200120012,0.5000008114576082,0.4800005467654796,0.5200009007948021
1.2004200420042004,0.5000008086098897,0.4800005448466681,0.5200008976335648
1.200720072007201,0.5000008057721649,0.48000054293459044,0.5200008944834215
1.2010201020102014,0.5000008029443987,0.480000541029223,0.5200008913443332
1.2013201320132016,0.5000008001265563,0.48000053913054225,0.5200008882162613
1.201620162016202,0.5000007973186029,0.4800005372385247,0.520000885099167
1.2019201920192022,0.5000007945205036,0.480000535353147,0.5200008819930118
1.2022202220222025,0.5000007917322239,0.48000053347438576,0.5200008788977573
1.2025202520252027,0.5000007889537293,0.4800005316022179,0.5200008758133652
1.202820282028203,0.5000007861849857,0.4800005297366201,0.5200008727397973
1.2031203120312033,0.5000007834259586,0.48000052787756947,0.520000869677016
1.2034203420342036,0.5000007806766139,0.48000052602504295,0.520000866624983
1.2037203720372038,0.5000007779369178,0.4800005241790177,0.5200008635836608
1.204020402040204,0.5000007752068363,0.4800005223394708,0.5200008605530118
1.2043204320432044,0.5000007724863358,0.4800005205063796,0.5200008575329985
1.2046204620462047,0.5000007697753824,0.48000051867972143,0.5200008545235836
1.204920492049205,0.500000767073943,0.48000051685947376,0.52000085152473
1.2052205220522052,0.5000007643819839,0.480000515045614,0.5200008485364004
1.2055205520552055,0.5000007616994719,0.48000051323811976,0.520000845558558
1.2058205820582062,0.500000759026374,0.4800005114369687,0.5200008425911661
1.2061206120612065,0.500000756362657,0.48000050964213864,0.5200008396341879
1.2064206420642067,0.5000007537082879,0.4800005078536073,0.5200008366875868
1.206720672067207,0.500000751063234,0.4800005060713526,0.5200008337513266
1.2070207020702073,0.5000007484274627,0.4800005042953525,0.5200008308253707
1.2073207320732076,0.5000007458009413,0.4800005025255851,0.5200008279096832
1.2076207620762078,0.5000007431836374,0.48000050076202855,0.520000825004228
1.207920792079208,0.5000007405755187,0.4800004990046609,0.5200008221089691
1.2082208220822084,0.5000007379765528,0.4800004972534606,0.5200008192238709
1.2085208520852087,0.5000007353867076,0.48000049550840596,0.5200008163488975
1.208820882088209,0.5000007328059514,0.48000049376947534,0.5200008134840135
1.2091209120912092,0.500000730234252,0.4800004920366473,0.5200008106291836
1.2094209420942095,0.5000007276715775,0.48000049030990044,0.5200008077843723
1.2097209720972097,0.5000007251178966,0.4800004885892134,0.5200008049495446
1.21002100210021,0.5000007225731775,0.4800004868745649,0.5200008021246654
1.2103210321032103,0.5000007200373888,0.4800004851659338,0.5200007993096997
1.210621062106211,0.5000007175104991,0.48000048346329893,0.5200007965046128
1.2109210921092113,0.5000007149924773,0.48000048176663923,0.5200007937093702
1.2112211221122116,0.5000007124832923,0.4800004800759338,0.5200007909239371
1.2115211521152118,0.5000007099829129,0.4800004783911617,0.5200007881482791
1.211821182118212,0.5000007074913083,0.48000047671230217,0.520000785382362
1.2121212121212124,0.5000007050084477,0.48000047503933435,0.5200007826261517
1.2124212421242127,0.5000007025343005,0.4800004733722376,0.5200007798796139
1.212721272127213,0.5000007000688359,0.4800004717109914,0.5200007771427148
1.2130213021302132,0.5000006976120237,0.4800004700555751,0.5200007744154205
1.2133213321332135,0.5000006951638334,0.48000046840596833,0.5200007716976972
1.2136213621362137,0.5000006927242346,0.4800004667621507,0.5200007689895116
1.213921392139214,0.5000006902931974,0.48000046512410177,0.52000076629083
1.2142214221422143,0.5000006878706916,0.4800004634918015,0.5200007636016192
1.2145214521452146,0.5000006854566874,0.4800004618652295,0.5200007609218459
1.2148214821482148,0.5000006830511549,0.4800004602443658,0.5200007582514768
1.215121512151215,0.5000006806540642,0.48000045862919033,0.5200007555904792
1.2154215421542154,0.5000006782653859,0.4800004570196832,0.5200007529388201
1.215721572157216,0.5000006758850903,0.48000045541582437,0.5200007502964665
1.2160216021602164,0.5000006735131483,0.48000045381759415,0.5200007476633861
1.2163216321632166,0.5000006711495302,0.48000045222497273,0.5200007450395462
1.216621662166217,0.5000006687942069,0.4800004506379404,0.5200007424249143
1.2169216921692172,0.5000006664471495,0.4800004490564776,0.5200007398194582
1.2172217221722175,0.5000006641083287,0.4800004474805648,0.5200007372231457
1.2175217521752177,0.5000006617777157,0.4800004459101824,0.5200007346359445
1.217821782178218,0.5000006594552818,0.4800004443453112,0.5200007320578229
1.2181218121812183,0.5000006571409982,0.4800004427859317,0.520000729488749
1.2184218421842186,0.5000006548348364,0.4800004412320246,0.5200007269286908
1.2187218721872188,0.5000006525367677,0.4800004396835708,0.520000724377617
1.219021902190219,0.5000006502467639,0.48000043814055116,0.5200007218354958
1.2193219321932194,0.5000006479647965,0.48000043660294656,0.520000719302296
1.2196219621962197,0.5000006456908375,0.480000435070738,0.520000716777986
1.21992199219922,0.5000006434248586,0.4800004335439065,0.5200007142625349
1.2202220222022202,0.500000641166832,0.48000043202243325,0.5200007117559114
1.2205220522052205,0.5000006389167296,0.4800004305062995,0.5200007092580847
1.2208220822082212,0.5000006366745238,0.48000042899548645,0.5200007067690239
1.2211221122112215,0.5000006344401867,0.4800004274899754,0.520000704288698
1.2214221422142217,0.5000006322136907,0.48000042598974774,0.5200007018170767
1.221722172217222,0.5000006299950084,0.48000042449478497,0.5200006993541292
1.2220222022202223,0.5000006277841124,0.4800004230050686,0.5200006968998251
1.2223222322232226,0.5000006255809751,0.48000042152058026,0.5200006944541341
1.2226222622262228,0.5000006233855695,0.48000042004130156,0.520000692017026
1.222922292229223,0.5000006211978685,0.4800004185672142,0.5200006895884707
1.2232223222322234,0.500000619017845,0.4800004170983,0.5200006871684381
1.2235223522352237,0.500000616845472,0.48000041563454077,0.5200006847568983
1.223822382238224,0.5000006146807228,0.48000041417591843,0.5200006823538216
1.2241224122412242,0.5000006125235704,0.480000412722415,0.5200006799591781
1.2244224422442245,0.5000006103739884,0.48000041127401244,0.5200006775729384
1.2247224722472247,0.5000006082319499,0.4800004098306929,0.520000675195073
1.225022502250225,0.5000006060974288,0.4800004083924385,0.5200006728255524
1.2253225322532253,0.5000006039703986,0.4800004069592315,0.5200006704643473
1.225622562256226,0.500000601850833,0.4800004055310542,0.5200006681114286
1.2259225922592263,0.5000005997387056,0.4800004041078889,0.5200006657667673
1.2262226222622266,0.5000005976339905,0.48000040268971805,0.5200006634303342
1.2265226522652268,0.5000005955366618,0.48000040127652416,0.5200006611021006
1.226822682268227,0.5000005934466933,0.48000039986828963,0.5200006587820377
1.2271227122712274,0.5000005913640594,0.4800003984649972,0.5200006564701168
1.2274227422742277,0.5000005892887343,0.48000039706662945,0.5200006541663094
1.227722772277228,0.5000005872206922,0.4800003956731691,0.5200006518705869
1.2280228022802282,0.5000005851599078,0.48000039428459895,0.5200006495829208
1.2283228322832285,0.5000005831063553,0.4800003929009018,0.5200006473032832
1.2286228622862287,0.5000005810600097,0.4800003915220606,0.5200006450316457
1.228922892289229,0.5000005790208454,0.4800003901480583,0.5200006427679802
1.2292229222922293,0.5000005769888374,0.4800003887788779,0.5200006405122588
1.2295229522952296,0.5000005749639604,0.48000038741450246,0.5200006382644536
1.2298229822982298,0.5000005729461895,0.4800003860549152,0.5200006360245368
1.2301230123012301,0.5000005709354998,0.4800003847000992,0.5200006337924807
1.2304230423042304,0.5000005689318664,0.4800003833500378,0.5200006315682578
1.230723072307231,0.5000005669352644,0.4800003820047143,0.5200006293518407
1.2310231023102314,0.5000005649456694,0.480000380664112,0.5200006271432016
1.2313231323132316,0.5000005629630565,0.48000037932821443,0.5200006249423137
1.231623162316232,0.5000005609874015,0.48000037799700507,0.5200006227491494
1.2319231923192322,0.5000005590186798,0.4800003766704674,0.5200006205636818
1.2322232223222325,0.5000005570568671,0.4800003753485851,0.5200006183858839
1.2325232523252327,0.5000005551019391,0.4800003740313417,0.5200006162157287
1.232823282328233,0.5000005531538717,0.4800003727187211,0.5200006140531894
1.2331233123312333,0.5000005512126409,0.480000371410707,0.5200006118982393
1.2334233423342336,0.5000005492782226,0.4800003701072832,0.5200006097508518
1.2337233723372338,0.5000005473505928,0.4800003688084336,0.5200006076110003
1.234023402340234,0.500000545429728,0.4800003675141422,0.5200006054786583
1.2343234323432344,0.5000005435156042,0.48000036622439296,0.5200006033537996
1.2346234623462347,0.5000005416081977,0.48000036493917,0.5200006012363978
1.234923492349235,0.5000005397074851,0.48000036365845733,0.5200005991264267
1.2352235223522352,0.5000005378134429,0.48000036238223914,0.5200005970238605
1.2355235523552355,0.5000005359260475,0.48000036111049976,0.5200005949286729
1.2358235823582362,0.5000005340452758,0.48000035984322337,0.5200005928408381
1.2361236123612365,0.5000005321711044,0.48000035858039436,0.5200005907603303
1.2364236423642367,0.5000005303035102,0.4800003573219971,0.520000588687124
1.236723672367237,0.5000005284424701,0.480000356068016,0.5200005866211932
1.2370237023702373,0.5000005265879611,0.48000035481843567,0.5200005845625125
1.2373237323732376,0.5000005247399604,0.48000035357324056,0.5200005825110566
1.2376237623762378,0.500000522898445,0.48000035233241534,0.5200005804668001
1.237923792379238,0.5000005210633921,0.48000035109594463,0.5200005784297176
1.2382238223822384,0.5000005192347792,0.48000034986381324,0.520000576399784
1.2385238523852387,0.5000005174125836,0.4800003486360058,0.5200005743769743
1.238823882388239,0.5000005155967827,0.48000034741250724,0.5200005723612634
1.2391239123912392,0.5000005137873542,0.4800003461933024,0.5200005703526264
1.2394239423942395,0.5000005119842758,0.48000034497837624,0.5200005683510385
1.2397239723972397,0.5000005101875249,0.4800003437677137,0.520000566356475
1.24002400240024,0.5000005083970797,0.48000034256129986,0.5200005643689111
1.2403240324032403,0.5000005066129176,0.4800003413591198,0.5200005623883223
1.240624062406241,0.500000504835017,0.48000034016115867,0.5200005604146842
1.2409240924092413,0.5000005030633558,0.48000033896740163,0.5200005584479723
1.2412241224122416,0.5000005012979118,0.4800003377778339,0.5200005564881625
1.2415241524152418,0.5000004995386637,0.4800003365924409,0.5200005545352303
1.241824182418242,0.5000004977855893,0.48000033541120785,0.5200005525891518
1.2421242124212424,0.5000004960386673,0.48000033423412025,0.5200005506499028
1.2424242424242427,0.5000004942978757,0.48000033306116346,0.5200005487174593
1.242724272427243,0.5000004925631933,0.48000033189232305,0.5200005467917975
1.2430243024302432,0.5000004908345986,0.4800003307275845,0.5200005448728937
1.2433243324332435,0.5000004891120702,0.48000032956693356,0.5200005429607241
1.2436243624362437,0.5000004873955868,0.4800003284103557,0.5200005410552649
1.243924392439244,0.5000004856851272,0.4800003272578368,0.5200005391564927
1.2442244224422443,0.5000004839806703,0.4800003261093625,0.5200005372643841
1.2445244524452446,0.500000482282195,0.4800003249649186,0.5200005353789157
1.2448244824482448,0.5000004805896803,0.4800003238244911,0.520000533500064
1.2451245124512451,0.5000004789031052,0.48000032268806575,0.520000531627806
1.2454245424542454,0.500000477222449,0.48000032155562855,0.5200005297621184
1.245724572457246,0.5000004755476909,0.4800003204271655,0.5200005279029783
1.2460246024602464,0.5000004738788102,0.4800003193026626,0.5200005260503626
1.2463246324632467,0.5000004722157863,0.48000031818210614,0.5200005242042485
1.246624662466247,0.5000004705585984,0.4800003170654821,0.520000522364613
1.2469246924692472,0.5000004689072263,0.4800003159527767,0.5200005205314336
1.2472247224722475,0.5000004672616495,0.4800003148439762,0.5200005187046876
1.2475247524752477,0.5000004656218477,0.480000313739067,0.5200005168843522
1.247824782478248,0.5000004639878006,0.4800003126380353,0.5200005150704051
1.2481248124812483,0.500000462359488,0.48000031154086753,0.5200005132628239
1.2484248424842486,0.5000004607368898,0.48000031044755015,0.5200005114615862
1.2487248724872488,0.5000004591199858,0.48000030935806964,0.5200005096666697
1.2490249024902491,0.5000004575087563,0.4800003082724125,0.5200005078780523
1.2493249324932494,0.5000004559031811,0.4800003071905654,0.5200005060957118
1.2496249624962497,0.5000004543032406,0.48000030611251493,0.5200005043196263
1.24992499249925,0.5000004527089148,0.48000030503824775,0.5200005025497737
1.2502250225022502,0.5000004511201842,0.4800003039677506,0.5200005007861321
1.2505250525052505,0.500000449537029,0.4800003029010102,0.52000049902868
1.2508250825082512,0.5000004479594298,0.48000030183801345,0.5200004972773954
1.2511251125112515,0.5000004463873668,0.4800003007787471,0.5200004955322567
1.2514251425142517,0.500000444820821,0.4800002997231982,0.5200004937932424
1.251725172517252,0.5000004432597728,0.4800002986713536,0.5200004920603309
1.2520252025202523,0.5000004417042028,0.48000029762320034,0.5200004903335009
1.2523252325232526,0.500000440154092,0.48000029657872545,0.5200004886127311
1.2526252625262528,0.500000438609421,0.480000295537916,0.5200004868980002
1.252925292529253,0.5000004370701709,0.48000029450075915,0.5200004851892868
1.2532253225322534,0.5000004355363227,0.4800002934672421,0.5200004834865699
1.2535253525352537,0.5000004340078573,0.4800002924373521,0.5200004817898286
1.253825382538254,0.5000004324847559,0.4800002914110763,0.5200004800990418
1.2541254125412542,0.5000004309669996,0.4800002903884022,0.5200004784141886
1.2544254425442545,0.5000004294545698,0.480000289369317,0.5200004767352482
1.2547254725472547,0.5000004279474477,0.48000028835380815,0.5200004750621998
1.255025502550255,0.5000004264456146,0.4800002873418631,0.5200004733950229
1.2553255325532553,0.5000004249490521,0.4800002863334694,0.5200004717336967
1.255625562556256,0.5000004234577415,0.48000028532861455,0.5200004700782007
1.2559255925592563,0.5000004219716645,0.48000028432728614,0.5200004684285146
1.2562256225622566,0.5000004204908027,0.4800002833294717,0.5200004667846178
1.2565256525652568,0.5000004190151379,0.480000282335159,0.52000046514649
1.256825682568257,0.5000004175446519,0.4800002813443358,0.5200004635141111
1.2571257125712574,0.5000004160793262,0.4800002803569897,0.5200004618874609
1.2574257425742577,0.5000004146191429,0.48000027937310863,0.5200004602665191
1.257725772577258,0.5000004131640841,0.48000027839268034,0.520000458651266
1.2580258025802582,0.5000004117141315,0.4800002774156928,0.5200004570416813
1.2583258325832585,0.5000004102692673,0.48000027644213383,0.5200004554377453
1.2586258625862587,0.5000004088294738,0.48000027547199153,0.5200004538394382
1.258925892589259,0.5000004073947332,0.4800002745052538,0.5200004522467401
1.2592259225922593,0.5000004059650275,0.48000027354190866,0.5200004506596314
1.2595259525952596,0.5000004045403392,0.48000027258194433,0.5200004490780925
1.2598259825982598,0.5000004031206507,0.4800002716253489,0.5200004475021038
1.2601260126012601,0.5000004017059445,0.48000027067211054,0.5200004459316458
1.2604260426042604,0.500000400296203,0.48000026972221743,0.5200004443666992
1.260726072607261,0.5000003988914088,0.4800002687756578,0.5200004428072447
1.2610261026102614,0.5000003974915447,0.4800002678324201,0.5200004412532628
1.2613261326132617,0.5000003960965931,0.4800002668924926,0.5200004397047345
1.261626162616262,0.500000394706537,0.48000026595586365,0.5200004381616405
1.2619261926192622,0.5000003933213591,0.4800002650225217,0.5200004366239619
1.2622262226222625,0.5000003919410424,0.48000026409245516,0.5200004350916796
1.2625262526252627,0.5000003905655697,0.4800002631656526,0.5200004335647747
1.262826282628263,0.5000003891949241,0.48000026224210257,0.5200004320432282
1.2631263126312633,0.5000003878290886,0.48000026132179363,0.5200004305270215
1.2634263426342636,0.5000003864680463,0.4800002604047144,0.5200004290161356
1.2637263726372638,0.5000003851117806,0.48000025949085356,0.5200004275105521
1.2640264026402641,0.5000003837602743,0.4800002585801998,0.5200004260102523
1.2643264326432644,0.5000003824135112,0.4800002576727419,0.5200004245152176
1.2646264626462647,0.5000003810714743,0.48000025676846864,0.5200004230254296
1.264926492649265,0.5000003797341471,0.4800002558673688,0.5200004215408697
1.2652265226522652,0.5000003784015131,0.4800002549694312,0.5200004200615198
1.265526552655266,0.5000003770735559,0.4800002540746449,0.5200004185873615
1.2658265826582662,0.500000375750259,0.4800002531829987,0.5200004171183765
1.2661266126612665,0.500000374431606,0.4800002522944817,0.5200004156545469
1.2664266426642667,0.5000003731175807,0.48000025140908276,0.5200004141958544
1.266726672667267,0.5000003718081669,0.4800002505267911,0.5200004127422809
1.2670267026702673,0.5000003705033482,0.4800002496475957,0.5200004112938087
1.2673267326732676,0.5000003692031088,0.4800002487714857,0.5200004098504196
1.2676267626762678,0.5000003679074323,0.4800002478984504,0.520000408412096
1.267926792679268,0.5000003666163028,0.4800002470284789,0.5200004069788201
1.2682268226822684,0.5000003653297044,0.48000024616156045,0.520000405550574
1.2685268526852687,0.5000003640476213,0.4800002452976843,0.5200004041273403
1.268826882688269,0.5000003627700373,0.4800002444368399,0.5200004027091011
1.2691269126912692,0.500000361496937,0.4800002435790165,0.5200004012958391
1.2694269426942695,0.5000003602283045,0.48000024272420355,0.5200003998875369
1.2697269726972698,0.5000003589641241,0.48000024187239043,0.5200003984841769
1.27002700270027,0.5000003577043801,0.4800002410235667,0.5200003970857419
1.2703270327032703,0.5000003564490572,0.4800002401777218,0.5200003956922143
1.270627062706271,0.5000003551981396,0.4800002393348453,0.5200003943035774
1.2709270927092713,0.5000003539516119,0.4800002384949268,0.5200003929198137
1.2712271227122716,0.5000003527094589,0.48000023765795585,0.5200003915409062
1.2715271527152718,0.500000351471665,0.4800002368239222,0.5200003901668376
1.271827182718272,0.500000350238215,0.4800002359928155,0.5200003887975914
1.2721272127212724,0.5000003490090936,0.4800002351646254,0.5200003874331502
1.2724272427242727,0.5000003477842858,0.4800002343393418,0.5200003860734975
1.272727272727273,0.5000003465637762,0.4800002335169544,0.5200003847186163
1.2730273027302732,0.5000003453475499,0.4800002326974532,0.52000038336849
1.2733273327332735,0.5000003441355918,0.4800002318808278,0.5200003820231016
1.2736273627362737,0.500000342927887,0.4800002310670683,0.5200003806824348
1.273927392739274,0.5000003417244204,0.4800002302561646,0.520000379346473
1.2742274227422743,0.5000003405251773,0.4800002294481067,0.5200003780151995
1.2745274527452746,0.5000003393301428,0.48000022864288455,0.520000376688598
1.2748274827482748,0.5000003381393021,0.4800002278404883,0.5200003753666521
1.2751275127512751,0.5000003369526405,0.4800002270409079,0.5200003740493453
1.2754275427542754,0.5000003357701434,0.4800002262441336,0.5200003727366616
1.275727572757276,0.5000003345917962,0.4800002254501554,0.5200003714285845
1.2760276027602764,0.5000003334175841,0.48000022465896364,0.5200003701250979
1.2763276327632767,0.5000003322474929,0.48000022387054847,0.5200003688261858
1.276627662766277,0.500000331081508,0.48000022308490015,0.5200003675318321
1.2769276927692772,0.500000329919615,0.48000022230200895,0.5200003662420208
1.2772277227722775,0.5000003287617995,0.4800002215218652,0.520000364956736
1.2775277527752777,0.5000003276080471,0.48000022074445936,0.5200003636759616
1.277827782778278,0.5000003264583438,0.4800002199697817,0.5200003623996821
1.2781278127812783,0.5000003253126752,0.48000021919782265,0.5200003611278814
1.2784278427842786,0.5000003241710272,0.4800002184285727,0.520000359860544
1.2787278727872788,0.5000003230333858,0.4800002176620224,0.5200003585976543
1.2790279027902791,0.5000003218997368,0.4800002168981622,0.5200003573391964
1.2793279327932794,0.5000003207700661,0.4800002161369827,0.5200003560851549
1.2796279627962797,0.5000003196443599,0.4800002153784744,0.5200003548355144
1.27992799279928,0.5000003185226042,0.4800002146226281,0.5200003535902594
1.2802280228022802,0.5000003174047852,0.48000021386943426,0.5200003523493745
1.280528052805281,0.500000316290889,0.48000021311888375,0.5200003511128443
1.2808280828082812,0.500000315180902,0.4800002123709672,0.5200003498806536
1.2811281128112815,0.5000003140748104,0.4800002116256753,0.520000348652787
1.2814281428142817,0.5000003129726004,0.480000210882999,0.5200003474292295
1.281728172817282,0.5000003118742585,0.480000210142929,0.520000346209966
1.2820282028202823,0.5000003107797711,0.4800002094054562,0.5200003449949814
1.2823282328232826,0.5000003096891248,0.48000020867057147,0.5200003437842606
1.2826282628262828,0.5000003086023058,0.48000020793826575,0.5200003425777887
1.2829282928292831,0.500000307519301,0.48000020720853,0.5200003413755507
1.2832283228322834,0.5000003064400969,0.4800002064813551,0.5200003401775319
1.2835283528352837,0.5000003053646801,0.4800002057567322,0.5200003389837174
1.283828382838284,0.5000003042930373,0.48000020503465224,0.5200003377940925
1.2841284128412842,0.5000003032251554,0.48000020431510637,0.5200003366086424
1.2844284428442845,0.5000003021610211,0.48000020359808565,0.5200003354273525
1.2847284728472848,0.5000003011006212,0.48000020288358125,0.5200003342502082
1.285028502850285,0.5000003000439427,0.4800002021715843,0.520000333077195
1.2853285328532853,0.5000002989909725,0.48000020146208605,0.5200003319082983
1.285628562856286,0.5000002979416975,0.48000020075507766,0.5200003307435037
1.2859285928592863,0.5000002968961049,0.48000020005055044,0.5200003295827968
1.2862286228622866,0.5000002958541817,0.48000019934849575,0.5200003284261634
1.2865286528652868,0.500000294815915,0.48000019864890475,0.520000327273589
1.286828682868287,0.500000293781292,0.48000019795176896,0.5200003261250594
1.2871287128712874,0.5000002927502998,0.48000019725707965,0.5200003249805605
1.2874287428742877,0.5000002917229257,0.4800001965648283,0.520000323840078
1.287728772877288,0.5000002906991572,0.4800001958750063,0.520000322703598
1.2880288028802882,0.5000002896789815,0.4800001951876051,0.5200003215711062
1.2883288328832885,0.5000002886623859,0.48000019450261633,0.5200003204425889
1.2886288628862888,0.5000002876493579,0.48000019382003145,0.5200003193180319
1.288928892889289,0.5000002866398852,0.48000019313984205,0.5200003181974215
1.2892289228922893,0.5000002856339549,0.4800001924620396,0.5200003170807437
1.2895289528952896,0.5000002846315549,0.4800001917866159,0.5200003159679848
1.2898289828982898,0.5000002836326727,0.4800001911135625,0.5200003148591309
1.2901290129012901,0.500000282637296,0.4800001904428711,0.5200003137541684
1.2904290429042904,0.5000002816454124,0.48000018977453346,0.5200003126530838
1.290729072907291,0.5000002806570097,0.4800001891085412,0.5200003115558632
1.2910291029102914,0.5000002796720758,0.48000018844488623,0.5200003104624932
1.2913291329132917,0.5000002786905984,0.48000018778356024,0.5200003093729603
1.291629162916292,0.5000002777125653,0.4800001871245551,0.5200003082872509
1.2919291929192922,0.5000002767379644,0.4800001864678627,0.5200003072053517
1.2922292229222925,0.500000275766784,0.48000018581347487,0.5200003061272493
1.2925292529252927,0.5000002747990117,0.48000018516138354,0.5200003050529305
1.292829282928293,0.5000002738346356,0.4800001845115806,0.5200003039823817
1.2931293129312933,0.500000272873644,0.4800001838640581,0.5200003029155901
1.2934293429342936,0.5000002719160249,0.48000018321880805,0.5200003018525421
1.2937293729372938,0.5000002709617665,0.48000018257582244,0.5200003007932248
1.2940294029402941,0.5000002700108568,0.48000018193509325,0.5200002997376251
1.2943294329432944,0.5000002690632843,0.48000018129661265,0.5200002986857298
1.2946294629462947,0.5000002681190372,0.48000018066037275,0.5200002976375261
1.294929492949295,0.5000002671781038,0.48000018002636563,0.520000296593001
1.2952295229522952,0.5000002662404726,0.4800001793945835,0.5200002955521414
1.295529552955296,0.5000002653061317,0.48000017876501855,0.5200002945149347
1.2958295829582962,0.50000026437507,0.48000017813766294,0.5200002934813679
1.2961296129612965,0.5000002634472756,0.480000177512509,0.5200002924514282
1.2964296429642967,0.5000002625227372,0.480000176889549,0.5200002914251031
1.296729672967297,0.5000002616014434,0.48000017626877517,0.5200002904023797
1.2970297029702973,0.5000002606833828,0.48000017565017983,0.5200002893832455
1.2973297329732976,0.500000259768544,0.48000017503375547,0.5200002883676877
1.2976297629762978,0.5000002588569158,0.48000017441949433,0.520000287355694
1.2979297929792981,0.5000002579484867,0.48000017380738885,0.5200002863472518
1.2982298229822984,0.5000002570432457,0.48000017319743155,0.5200002853423485
1.2985298529852987,0.5000002561411816,0.48000017258961475,0.5200002843409719
1.298829882988299,0.5000002552422831,0.4800001719839311,0.5200002833431094
1.2991299129912992,0.5000002543465393,0.48000017138037293,0.520000282348749
1.2994299429942995,0.500000253453939,0.4800001707789329,0.520000281357878
1.2997299729972998,0.500000252564471,0.4800001701796036,0.5200002803704844
1.3000300030003,0.5000002516781247,0.48000016958237757,0.5200002793865559
1.3003300330033003,0.5000002507948887,0.48000016898724746,0.5200002784060805
1.300630063006301,0.5000002499147526,0.48000016839420584,0.5200002774290459
1.3009300930093013,0.500000249037705,0.48000016780324545,0.5200002764554401
1.3012301230123016,0.5000002481637355,0.480000167214359,0.5200002754852511
1.3015301530153018,0.5000002472928329,0.48000016662753914,0.5200002745184668
1.3018301830183021,0.5000002464249867,0.4800001660427787,0.5200002735550753
1.3021302130213024,0.5000002455601862,0.48000016546007035,0.5200002725950648
1.3024302430243027,0.5000002446984205,0.480000164879407,0.5200002716384233
1.302730273027303,0.5000002438396791,0.4800001643007814,0.520000270685139
1.3030303030303032,0.5000002429839514,0.4800001637241864,0.5200002697352002
1.3033303330333035,0.5000002421312267,0.4800001631496149,0.5200002687885951
1.3036303630363038,0.5000002412814947,0.48000016257705985,0.520000267845312
1.303930393039304,0.5000002404347446,0.4800001620065141,0.5200002669053392
1.3042304230423043,0.5000002395909661,0.4800001614379706,0.5200002659686651
1.3045304530453046,0.5000002387501488,0.48000016087142233,0.5200002650352783
1.3048304830483048,0.5000002379122821,0.48000016030686227,0.520000264105167
1.3051305130513051,0.500000237077356,0.4800001597442835,0.5200002631783198
1.3054305430543054,0.5000002362453598,0.48000015918367905,0.5200002622547253
1.305730573057306,0.5000002354162835,0.480000158625042,0.520000261334372
1.3060306030603064,0.5000002345901168,0.4800001580683654,0.5200002604172487
1.3063306330633067,0.5000002337668493,0.48000015751364233,0.5200002595033438
1.306630663066307,0.500000232946471,0.48000015696086606,0.5200002585926463
1.3069306930693072,0.5000002321289718,0.4800001564100297,0.5200002576851447
1.3072307230723075,0.5000002313143415,0.48000015586112643,0.5200002567808278
1.3075307530753078,0.50000023050257,0.4800001553141494,0.5200002558796847
1.307830783078308,0.5000002296936473,0.480000154769092,0.5200002549817039
1.3081308130813083,0.5000002288875635,0.48000015422594744,0.5200002540868746
1.3084308430843086,0.5000002280843086,0.48000015368470894,0.5200002531951854
1.3087308730873088,0.5000002272838725,0.48000015314536987,0.5200002523066256
1.3090309030903091,0.5000002264862455,0.48000015260792356,0.5200002514211841
1.3093309330933094,0.5000002256914177,0.48000015207236335,0.5200002505388499
1.3096309630963097,0.5000002248993792,0.4800001515386826,0.5200002496596122
1.30993099309931,0.5000002241101204,0.48000015100687476,0.5200002487834601
1.3102310231023102,0.5000002233236313,0.48000015047693323,0.5200002479103827
1.310531053105311,0.5000002225399023,0.48000014994885154,0.5200002470403693
1.3108310831083112,0.5000002217589237,0.48000014942262303,0.5200002461734091
1.3111311131113115,0.5000002209806859,0.4800001488982412,0.5200002453094915
1.3114311431143117,0.5000002202051792,0.4800001483756997,0.5200002444486056
1.311731173117312,0.500000219432394,0.480000147854992,0.5200002435907409
1.3120312031203123,0.5000002186623209,0.4800001473361117,0.5200002427358869
1.3123312331233126,0.5000002178949503,0.4800001468190523,0.5200002418840327
1.3126312631263128,0.5000002171302727,0.4800001463038075,0.5200002410351681
1.3129312931293131,0.5000002163682786,0.4800001457903708,0.5200002401892825
1.3132313231323134,0.5000002156089587,0.480000145278736,0.5200002393463654
1.3135313531353137,0.5000002148523034,0.4800001447688968,0.5200002385064065
1.313831383138314,0.5000002140983036,0.48000014426084675,0.5200002376693953
1.3141314131413142,0.5000002133469499,0.48000014375457967,0.5200002368353215
1.3144314431443145,0.5000002125982329,0.4800001432500892,0.5200002360041748
1.3147314731473148,0.5000002118521435,0.4800001427473693,0.5200002351759448
1.315031503150315,0.5000002111086724,0.4800001422464136,0.5200002343506215
1.3153315331533153,0.5000002103678105,0.4800001417472159,0.5200002335281946
1.315631563156316,0.5000002096295485,0.4800001412497701,0.5200002327086538
1.3159315931593163,0.5000002088938773,0.48000014075407005,0.5200002318919892
1.3162316231623166,0.5000002081607879,0.48000014026010956,0.5200002310781905
1.3165316531653168,0.5000002074302712,0.48000013976788264,0.5200002302672477
1.3168316831683171,0.5000002067023182,0.48000013927738305,0.5200002294591509
1.3171317131713174,0.5000002059769199,0.48000013878860487,0.5200002286538901
1.3174317431743177,0.5000002052540672,0.480000138301542,0.5200002278514552
1.317731773177318,0.5000002045337513,0.4800001378161884,0.5200002270518362
1.3180318031803182,0.5000002038159632,0.4800001373325381,0.5200002262550236
1.3183318331833185,0.5000002031006943,0.4800001368505851,0.5200002254610072
1.3186318631863188,0.5000002023879353,0.4800001363703235,0.5200002246697774
1.318931893189319,0.5000002016776778,0.4800001358917473,0.5200002238813242
1.3192319231923193,0.5000002009699128,0.4800001354148506,0.5200002230956381
1.3195319531953196,0.5000002002646318,0.4800001349396275,0.5200002223127093
1.3198319831983198,0.5000001995618257,0.4800001344660722,0.520000221532528
1.3201320132013201,0.5000001988614861,0.48000013399417873,0.5200002207550847
1.3204320432043204,0.5000001981636042,0.4800001335239414,0.5200002199803697
1.3207320732073211,0.5000001974681715,0.4800001330553542,0.5200002192083735
1.3210321032103214,0.5000001967751794,0.4800001325884115,0.5200002184390866
1.3213321332133217,0.5000001960846191,0.48000013212310755,0.5200002176724994
1.321632163216322,0.5000001953964823,0.48000013165943645,0.5200002169086023
1.3219321932193222,0.5000001947107605,0.4800001311973926,0.5200002161473862
1.3222322232223225,0.5000001940274452,0.4800001307369702,0.5200002153888414
1.3225322532253228,0.5000001933465279,0.48000013027816363,0.5200002146329588
1.322832283228323,0.5000001926680001,0.4800001298209672,0.5200002138797286
1.3231323132313233,0.5000001919918536,0.48000012936537517,0.520000213129142
1.3234323432343236,0.5000001913180799,0.48000012891138205,0.5200002123811894
1.3237323732373238,0.5000001906466709,0.48000012845898216,0.5200002116358617
1.3240324032403241,0.500000189977618,0.48000012800816994,0.5200002108931496
1.3243324332433244,0.5000001893109131,0.4800001275589397,0.520000210153044
1.3246324632463247,0.5000001886465478,0.4800001271112861,0.5200002094155357
1.324932493249325,0.5000001879845142,0.4800001266652035,0.5200002086806156
1.3252325232523252,0.5000001873248038,0.4800001262206863,0.5200002079482746
1.325532553255326,0.5000001866674086,0.4800001257777291,0.5200002072185037
1.3258325832583262,0.5000001860123205,0.4800001253363264,0.5200002064912939
1.3261326132613265,0.5000001853595314,0.48000012489647276,0.5200002057666361
1.3264326432643267,0.5000001847090331,0.48000012445816276,0.5200002050445214
1.326732673267327,0.5000001840608177,0.4800001240213909,0.5200002043249409
1.3270327032703273,0.5000001834148771,0.4800001235861519,0.5200002036078857
1.3273327332733276,0.5000001827712033,0.4800001231524403,0.5200002028933468
1.3276327632763278,0.5000001821297885,0.4800001227202508,0.5200002021813156
1.3279327932793281,0.5000001814906246,0.48000012228957795,0.5200002014717832
1.3282328232823284,0.5000001808537039,0.4800001218604165,0.5200002007647408
1.3285328532853287,0.5000001802190183,0.4800001214327612,0.5200002000601797
1.328832883288329,0.5000001795865601,0.4800001210066067,0.5200001993580912
1.3291329132913292,0.5000001789563214,0.48000012058194774,0.5200001986584665
1.3294329432943295,0.5000001783282945,0.480000120158779,0.5200001979612972
1.3297329732973298,0.5000001777024715,0.4800001197370954,0.5200001972665744
1.33003300330033,0.5000001770788448,0.4800001193168916,0.5200001965742898
1.3303330333033303,0.5000001764574067,0.4800001188981625,0.5200001958844345
1.330633063306331,0.5000001758381494,0.4800001184809029,0.5200001951970002
1.3309330933093313,0.5000001752210653,0.4800001180651076,0.5200001945119785
1.3312331233123316,0.5000001746061469,0.4800001176507715,0.5200001938293608
1.3315331533153318,0.5000001739933864,0.48000011723788943,0.5200001931491386
1.3318331833183321,0.5000001733827762,0.4800001168264563,0.5200001924713036
1.3321332133213324,0.5000001727743091,0.4800001164164671,0.5200001917958473
1.3324332433243327,0.5000001721679772,0.4800001160079167,0.5200001911227615
1.332733273327333,0.5000001715637732,0.4800001156008001,0.5200001904520379
1.3330333033303332,0.5000001709616896,0.48000011519511215,0.520000189783668
1.3333333333333335,0.500000170361719,0.480000114790848,0.5200001891176438
1.3336333633363338,0.5000001697638538,0.4800001143880025,0.5200001884539568
1.333933393339334,0.5000001691680868,0.4800001139865708,0.520000187792599
1.3342334233423343,0.5000001685744105,0.4800001135865478,0.5200001871335621
1.3345334533453346,0.5000001679828178,0.4800001131879287,0.5200001864768381
1.3348334833483348,0.5000001673933011,0.4800001127907085,0.5200001858224188
1.3351335133513351,0.5000001668058532,0.4800001123948823,0.5200001851702961
1.3354335433543354,0.500000166220467,0.4800001120004452,0.5200001845204619
1.3357335733573361,0.5000001656371351,0.4800001116073923,0.5200001838729083
1.3360336033603364,0.5000001650558503,0.4800001112157188,0.5200001832276271
1.3363336333633367,0.5000001644766056,0.4800001108254198,0.5200001825846106
1.336633663366337,0.5000001638993935,0.4800001104364906,0.5200001819438504
1.3369336933693372,0.5000001633242072,0.48000011004892623,0.5200001813053392
1.3372337233723375,0.5000001627510394,0.480000109662722,0.5200001806690686
1.3375337533753378,0.5000001621798831,0.4800001092778731,0.520000180035031
1.337833783378338,0.5000001616107311,0.4800001088943748,0.5200001794032185
1.3381338133813383,0.5000001610435766,0.4800001085122223,0.5200001787736231
1.3384338433843386,0.5000001604784123,0.480000108131411,0.5200001781462374
1.3387338733873388,0.5000001599152316,0.480000107751936,0.5200001775210534
1.3390339033903391,0.5000001593540272,0.48000010737379284,0.5200001768980633
1.3393339333933394,0.5000001587947923,0.48000010699697665,0.5200001762772597
1.3396339633963397,0.50000015823752,0.4800001066214829,0.5200001756586345
1.33993399339934,0.5000001576822033,0.4800001062473069,0.5200001750421805
1.3402340234023402,0.5000001571288355,0.48000010587444397,0.5200001744278898
1.340534053405341,0.5000001565774096,0.48000010550288963,0.5200001738157549
1.3408340834083412,0.5000001560279189,0.4800001051326392,0.5200001732057682
1.3411341134113415,0.5000001554803567,0.4800001047636881,0.5200001725979222
1.3414341434143418,0.500000154934716,0.4800001043960318,0.5200001719922094
1.341734173417342,0.5000001543909901,0.48000010402966575,0.5200001713886222
1.3420342034203423,0.5000001538491724,0.48000010366458545,0.5200001707871532
1.3423342334233426,0.5000001533092562,0.48000010330078635,0.5200001701877951
1.3426342634263428,0.5000001527712348,0.48000010293826395,0.5200001695905403
1.3429342934293431,0.5000001522351014,0.48000010257701375,0.5200001689953815
1.3432343234323434,0.5000001517008495,0.4800001022170314,0.5200001684023113
1.3435343534353437,0.5000001511684726,0.48000010185831227,0.5200001678113225
1.343834383438344,0.500000150637964,0.48000010150085204,0.5200001672224077
1.3441344134413442,0.5000001501093171,0.4800001011446463,0.5200001666355596
1.3444344434443445,0.5000001495825255,0.48000010078969063,0.5200001660507709
1.3447344734473448,0.5000001490575826,0.4800001004359806,0.5200001654680346
1.345034503450345,0.5000001485344818,0.48000010008351196,0.5200001648873432
1.3453345334533453,0.5000001480132169,0.4800000997322802,0.5200001643086899
1.345634563456346,0.5000001474937813,0.48000009938228105,0.5200001637320671
1.3459345934593463,0.5000001469761686,0.4800000990335102,0.520000163157468
1.3462346234623466,0.5000001464603724,0.48000009868596333,0.5200001625848854
1.3465346534653468,0.5000001459463863,0.48000009833963614,0.5200001620143121
1.3468346834683471,0.500000145434204,0.4800000979945243,0.5200001614457412
1.3471347134713474,0.5000001449238192,0.4800000976506236,0.5200001608791657
1.3474347434743477,0.5000001444152254,0.4800000973079298,0.5200001603145785
1.347734773477348,0.5000001439084165,0.4800000969664387,0.5200001597519727
1.3480348034803482,0.5000001434033863,0.48000009662614596,0.5200001591913412
1.3483348334833485,0.5000001429001284,0.48000009628704743,0.5200001586326772
1.3486348634863488,0.5000001423986365,0.48000009594913895,0.5200001580759738
1.348934893489349,0.5000001418989046,0.4800000956124163,0.5200001575212241
1.3492349234923493,0.5000001414009265,0.48000009527687537,0.5200001569684212
1.3495349534953496,0.500000140904696,0.480000094942512,0.5200001564175583
1.3498349834983498,0.5000001404102069,0.48000009460932197,0.5200001558686286
1.3501350135013501,0.5000001399174532,0.4800000942773013,0.5200001553216254
1.3504350435043504,0.5000001394264287,0.48000009394644577,0.5200001547765417
1.3507350735073511,0.5000001389371275,0.4800000936167514,0.520000154233371
1.3510351035103514,0.5000001384495434,0.480000093288214,0.5200001536921064
1.3513351335133517,0.5000001379636704,0.48000009296082957,0.5200001531527414
1.351635163516352,0.5000001374795026,0.4800000926345941,0.5200001526152692
1.3519351935193522,0.5000001369970338,0.48000009230950347,0.5200001520796832
1.3522352235223525,0.5000001365162583,0.4800000919855537,0.5200001515459768
1.3525352535253528,0.5000001360371699,0.4800000916627408,0.5200001510141433
1.352835283528353,0.5000001355597629,0.48000009134106086,0.5200001504841762
1.3531353135313533,0.5000001350840313,0.4800000910205097,0.5200001499560691
1.3534353435343536,0.5000001346099692,0.48000009070108357,0.5200001494298153
1.3537353735373538,0.5000001341375707,0.4800000903827784,0.5200001489054082
1.3540354035403541,0.5000001336668302,0.4800000900655903,0.5200001483828416
1.3543354335433544,0.5000001331977415,0.4800000897495153,0.5200001478621089
1.3546354635463547,0.5000001327302991,0.4800000894345495,0.5200001473432035
1.354935493549355,0.5000001322644972,0.48000008912068914,0.5200001468261193
1.3552355235523552,0.5000001318003299,0.48000008880793016,0.5200001463108497
1.355535553555356,0.5000001313377916,0.4800000884962688,0.5200001457973883
1.3558355835583562,0.5000001308768764,0.48000008818570117,0.5200001452857289
1.3561356135613565,0.500000130417579,0.48000008787622345,0.5200001447758651
1.3564356435643568,0.5000001299598932,0.4800000875678318,0.5200001442677906
1.356735673567357,0.5000001295038137,0.4800000872605224,0.5200001437614992
1.3570357035703573,0.5000001290493348,0.48000008695429147,0.5200001432569844
1.3573357335733576,0.5000001285964507,0.48000008664913524,0.5200001427542402
1.3576357635763578,0.500000128145156,0.4800000863450499,0.5200001422532604
1.3579357935793581,0.5000001276954451,0.48000008604203176,0.5200001417540387
1.3582358235823584,0.5000001272473125,0.480000085740077,0.520000141256569
1.3585358535853587,0.5000001268007525,0.48000008543918193,0.5200001407608451
1.358835883588359,0.5000001263557595,0.4800000851393428,0.5200001402668608
1.3591359135913592,0.5000001259123283,0.4800000848405559,0.5200001397746102
1.3594359435943595,0.5000001254704532,0.4800000845428176,0.5200001392840871
1.3597359735973598,0.5000001250301289,0.48000008424612417,0.5200001387952853
1.36003600360036,0.5000001245913499,0.48000008395047195,0.520000138308199
1.3603360336033603,0.5000001241541107,0.4800000836558573,0.5200001378228221
1.360636063606361,0.5000001237184059,0.4800000833622765,0.5200001373391484
1.3609360936093613,0.5000001232842302,0.480000083069726,0.5200001368571723
1.3612361236123616,0.5000001228515781,0.4800000827782023,0.5200001363768876
1.3615361536153618,0.5000001224204444,0.48000008248770154,0.5200001358982883
1.3618361836183621,0.5000001219908237,0.48000008219822027,0.5200001354213687
1.3621362136213624,0.5000001215627108,0.48000008190975496,0.5200001349461227
1.3624362436243627,0.5000001211361002,0.48000008162230196,0.5200001344725446
1.362736273627363,0.5000001207109868,0.48000008133585775,0.5200001340006284
1.3630363036303632,0.5000001202873653,0.48000008105041875,0.5200001335303684
1.3633363336333635,0.5000001198652304,0.4800000807659815,0.5200001330617587
1.3636363636363638,0.5000001194445769,0.48000008048254245,0.5200001325947935
1.363936393639364,0.5000001190253998,0.48000008020009804,0.5200001321294672
1.3642364236423643,0.5000001186076936,0.4800000799186449,0.5200001316657737
1.3645364536453646,0.5000001181914533,0.4800000796381795,0.5200001312037076
1.3648364836483649,0.5000001177766737,0.4800000793586983,0.5200001307432631
1.3651365136513651,0.5000001173633499,0.48000007908019793,0.5200001302844344
1.3654365436543658,0.5000001169514765,0.480000078802675,0.520000129827216
1.3657365736573661,0.5000001165410486,0.4800000785261259,0.520000129371602
1.3660366036603664,0.500000116132061,0.48000007825054736,0.5200001289175871
1.3663366336633667,0.5000001157245086,0.4800000779759359,0.5200001284651654
1.366636663666367,0.5000001153183866,0.4800000777022882,0.5200001280143315
1.3669366936693672,0.5000001149136898,0.4800000774296008,0.5200001275650796
1.3672367236723675,0.5000001145104132,0.4800000771578704,0.5200001271174045
1.3675367536753678,0.5000001141085518,0.4800000768870936,0.5200001266713004
1.367836783678368,0.5000001137081008,0.48000007661726707,0.5200001262267617
1.3681368136813683,0.5000001133090551,0.4800000763483875,0.5200001257837833
1.3684368436843686,0.5000001129114099,0.4800000760804515,0.5200001253423593
1.3687368736873688,0.5000001125151601,0.4800000758134557,0.5200001249024845
1.3690369036903691,0.5000001121203008,0.480000075547397,0.5200001244641534
1.3693369336933694,0.5000001117268273,0.48000007528227195,0.5200001240273605
1.3696369636963697,0.5000001113347348,0.48000007501807734,0.5200001235921006
1.36993699369937,0.5000001109440181,0.48000007475480994,0.5200001231583681
1.3702370237023702,0.5000001105546726,0.4800000744924664,0.5200001227261578
1.370537053705371,0.5000001101666935,0.4800000742310435,0.5200001222954642
1.3708370837083712,0.500000109780076,0.48000007397053807,0.5200001218662822
1.3711371137113715,0.5000001093948153,0.4800000737109469,0.5200001214386062
1.3714371437143718,0.5000001090109065,0.48000007345226664,0.5200001210124312
1.371737173717372,0.5000001086283451,0.4800000731944942,0.5200001205877518
1.3720372037203723,0.5000001082471263,0.4800000729376265,0.5200001201645628
1.3723372337233726,0.5000001078672452,0.4800000726816601,0.5200001197428589
1.3726372637263728,0.5000001074886974,0.48000007242659204,0.5200001193226348
1.3729372937293731,0.5000001071114779,0.48000007217241913,0.5200001189038855
1.3732373237323734,0.5000001067355824,0.48000007191913824,0.5200001184866059
1.3735373537353737,0.5000001063610059,0.48000007166674613,0.5200001180707905
1.373837383738374,0.500000105987744,0.4800000714152398,0.5200001176564345
1.3741374137413742,0.500000105615792,0.4800000711646161,0.5200001172435326
1.3744374437443745,0.5000001052451454,0.48000007091487196,0.5200001168320797
1.3747374737473748,0.5000001048757995,0.48000007066600425,0.5200001164220707
1.375037503750375,0.5000001045077498,0.4800000704180099,0.5200001160135006
1.3753375337533753,0.5000001041409916,0.4800000701708859,0.5200001156063644
1.375637563756376,0.5000001037755206,0.4800000699246291,0.5200001152006569
1.3759375937593763,0.5000001034113322,0.4800000696792366,0.5200001147963733
1.3762376237623766,0.5000001030484218,0.4800000694347052,0.5200001143935085
1.3765376537653768,0.5000001026867851,0.48000006919103194,0.5200001139920574
1.3768376837683771,0.5000001023264175,0.48000006894821384,0.5200001135920151
1.3771377137713774,0.5000001019673145,0.4800000687062479,0.5200001131933769
1.3774377437743777,0.5000001016094717,0.4800000684651311,0.5200001127961376
1.377737773777378,0.5000001012528849,0.4800000682248605,0.5200001124002923
1.3780378037803782,0.5000001008975493,0.4800000679854331,0.5200001120058362
1.3783378337833785,0.5000001005434608,0.4800000677468459,0.5200001116127644
1.3786378637863788,0.5000001001906149,0.480000067509096,0.520000111221072
1.378937893789379,0.5000000998390073,0.48000006727218053,0.5200001108307543
1.3792379237923793,0.5000000994886336,0.48000006703609643,0.5200001104418064
1.3795379537953796,0.5000000991394895,0.48000006680084084,0.5200001100542233
1.3798379837983799,0.5000000987915707,0.48000006656641087,0.5200001096680005
1.3801380138013801,0.5000000984448729,0.48000006633280357,0.5200001092831331
1.3804380438043808,0.5000000980993917,0.4800000661000161,0.5200001088996163
1.3807380738073811,0.5000000977551231,0.4800000658680456,0.5200001085174455
1.3810381038103814,0.5000000974120625,0.48000006563688913,0.5200001081366158
1.3813381338133817,0.500000097070206,0.48000006540654394,0.5200001077571226
1.381638163816382,0.500000096729549,0.48000006517700705,0.5200001073789612
1.3819381938193822,0.5000000963900877,0.48000006494827574,0.5200001070021268
1.3822382238223825,0.5000000960518176,0.4800000647203471,0.520000106626615
1.3825382538253828,0.5000000957147346,0.4800000644932184,0.520000106252421
1.382838283828383,0.5000000953788346,0.4800000642668868,0.5200001058795402
1.3831383138313833,0.5000000950441134,0.48000006404134943,0.5200001055079679
1.3834383438343836,0.5000000947105668,0.48000006381660354,0.5200001051376997
1.3837383738373839,0.5000000943781908,0.4800000635926464,0.5200001047687308
1.3840384038403841,0.5000000940469812,0.4800000633694752,0.5200001044010568
1.3843384338433844,0.500000093716934,0.4800000631470872,0.5200001040346731
1.3846384638463847,0.5000000933880451,0.4800000629254797,0.5200001036695753
1.384938493849385,0.5000000930603103,0.48000006270464984,0.5200001033057586
1.3852385238523852,0.5000000927337257,0.480000062484595,0.5200001029432187
1.385538553855386,0.5000000924082871,0.4800000622653124,0.5200001025819512
1.3858385838583862,0.5000000920839908,0.48000006204679935,0.5200001022219515
1.3861386138613865,0.5000000917608324,0.4800000618290531,0.5200001018632151
1.3864386438643868,0.5000000914388082,0.48000006161207104,0.5200001015057377
1.386738673867387,0.5000000911179141,0.4800000613958505,0.5200001011495148
1.3870387038703873,0.500000090798146,0.4800000611803887,0.5200001007945421
1.3873387338733876,0.5000000904795002,0.48000006096568304,0.520000100440815
1.3876387638763878,0.5000000901619727,0.4800000607517309,0.5200001000883293
1.3879387938793881,0.5000000898455594,0.48000006053852956,0.5200000997370807
1.3882388238823884,0.5000000895302567,0.48000006032607645,0.5200000993870647
1.3885388538853887,0.5000000892160603,0.4800000601143689,0.520000099038277
1.388838883888389,0.5000000889029667,0.4800000599034044,0.5200000986907135
1.3891389138913892,0.5000000885909718,0.48000005969318016,0.5200000983443696
1.3894389438943895,0.5000000882800718,0.48000005948369373,0.5200000979992412
1.3897389738973898,0.500000087970263,0.48000005927494244,0.520000097655324
1.39003900390039,0.5000000876615412,0.4800000590669237,0.5200000973126137
1.3903390339033903,0.500000087353903,0.48000005885963504,0.520000096971106
1.390639063906391,0.5000000870473444,0.4800000586530738,0.5200000966307969
1.3909390939093913,0.5000000867418616,0.48000005844723753,0.5200000962916821
1.3912391239123916,0.5000000864374509,0.48000005824212355,0.5200000959537574
1.3915391539153918,0.5000000861341084,0.48000005803772944,0.5200000956170185
1.3918391839183921,0.5000000858318305,0.4800000578340526,0.5200000952814614
1.3921392139213924,0.5000000855306135,0.48000005763109055,0.520000094947082
1.3924392439243927,0.5000000852304535,0.4800000574288408,0.5200000946138759
1.392739273927393,0.5000000849313468,0.48000005722730077,0.5200000942818392
1.3930393039303932,0.5000000846332899,0.48000005702646803,0.5200000939509678
1.3933393339333935,0.500000084336279,0.48000005682634006,0.5200000936212575
1.3936393639363938,0.5000000840403104,0.4800000566269145,0.5200000932927044
1.393939393939394,0.5000000837453804,0.48000005642818877,0.5200000929653041
1.3942394239423943,0.5000000834514855,0.4800000562301604,0.520000092639053
1.3945394539453946,0.500000083158622,0.480000056032827,0.5200000923139467
1.3948394839483949,0.5000000828667862,0.48000005583618616,0.5200000919899813
1.3951395139513951,0.5000000825759746,0.4800000556402354,0.520000091667153
1.3954395439543958,0.5000000822861835,0.4800000554449723,0.5200000913454574
1.3957395739573961,0.5000000819974095,0.48000005525039446,0.520000091024891
1.3960396039603964,0.5000000817096489,0.48000005505649945,0.5200000907054494
1.3963396339633967,0.5000000814228981,0.4800000548632849,0.5200000903871289
1.396639663966397,0.5000000811371537,0.4800000546707484,0.5200000900699255
1.3969396939693972,0.5000000808524121,0.4800000544788876,0.5200000897538353
1.3972397239723975,0.5000000805686696,0.48000005428770015,0.5200000894388543
1.3975397539753978,0.500000080285923,0.4800000540971836,0.5200000891249789
1.397839783978398,0.5000000800041687,0.4800000539073357,0.5200000888122048
1.3981398139813983,0.5000000797234031,0.480000053718154,0.5200000885005285
1.3984398439843986,0.5000000794436229,0.4800000535296362,0.5200000881899459
1.3987398739873989,0.5000000791648245,0.48000005334178003,0.5200000878804533
1.3990399039903991,0.5000000788870045,0.4800000531545831,0.5200000875720467
1.3993399339933994,0.5000000786101595,0.4800000529680431,0.5200000872647226
1.3996399639963997,0.5000000783342861,0.48000005278215774,0.520000086958477
1.3999399939994,0.5000000780593807,0.48000005259692474,0.520000086653306
1.4002400240024002,0.5000000777854402,0.4800000524123418,0.520000086349206
1.400540054005401,0.500000077512461,0.48000005222840664,0.5200000860461733
1.4008400840084012,0.5000000772404398,0.480000052045117,0.520000085744204
1.4011401140114015,0.5000000769693732,0.4800000518624705,0.5200000854432945
1.4014401440144018,0.500000076699258,0.48000005168046506,0.5200000851434409
1.401740174017402,0.5000000764300906,0.4800000514990983,0.5200000848446397
1.4020402040204023,0.5000000761618678,0.4800000513183681,0.520000084546887
1.4023402340234026,0.5000000758945864,0.48000005113827204,0.5200000842501793
1.4026402640264028,0.500000075628243,0.4800000509588081,0.5200000839545128
1.4029402940294031,0.5000000753628342,0.48000005077997393,0.5200000836598839
1.4032403240324034,0.5000000750983569,0.48000005060176737,0.5200000833662891
1.4035403540354037,0.5000000748348077,0.4800000504241862,0.5200000830737245
1.403840384038404,0.5000000745721834,0.48000005024722825,0.5200000827821867
1.4041404140414042,0.5000000743104808,0.4800000500708913,0.520000082491672
1.4044404440444045,0.5000000740496966,0.48000004989517314,0.5200000822021769
1.4047404740474048,0.5000000737898276,0.4800000497200717,0.5200000819136976
1.405040504050405,0.5000000735308705,0.48000004954558473,0.5200000816262308
1.4053405340534053,0.5000000732728223,0.48000004937171015,0.5200000813397727
1.405640564056406,0.5000000730156796,0.4800000491984457,0.52000008105432
1.4059405940594063,0.5000000727594394,0.48000004902578935,0.520000080769869
1.4062406240624066,0.5000000725040984,0.48000004885373887,0.5200000804864163
1.4065406540654068,0.5000000722496535,0.48000004868229224,0.5200000802039584
1.4068406840684071,0.5000000719961014,0.48000004851144723,0.5200000799224918
1.4071407140714074,0.5000000717434393,0.4800000483412018,0.5200000796420128
1.4074407440744077,0.5000000714916638,0.48000004817155384,0.5200000793625181
1.407740774077408,0.500000071240772,0.48000004800250123,0.5200000790840044
1.4080408040804082,0.5000000709907605,0.4800000478340419,0.520000078806468
1.4083408340834085,0.5000000707416264,0.4800000476661737,0.5200000785299057
1.4086408640864088,0.5000000704933668,0.4800000474988947,0.5200000782543138
1.408940894089409,0.5000000702459783,0.4800000473322027,0.5200000779796892
1.4092409240924093,0.500000069999458,0.48000004716609573,0.5200000777060283
1.4095409540954096,0.5000000697538028,0.48000004700057164,0.5200000774333279
1.4098409840984099,0.5000000695090098,0.48000004683562847,0.5200000771615844
1.4101410141014101,0.5000000692650758,0.4800000466712641,0.5200000768907945
1.4104410441044108,0.5000000690219978,0.48000004650747663,0.5200000766209549
1.4107410741074111,0.500000068779773,0.4800000463442639,0.5200000763520625
1.4110411041104114,0.5000000685383981,0.48000004618162395,0.5200000760841135
1.4113411341134117,0.5000000682978704,0.48000004601955476,0.520000075817105
1.411641164116412,0.5000000680581868,0.48000004585805434,0.5200000755510333
1.4119411941194122,0.5000000678193443,0.48000004569712074,0.5200000752858956
1.4122412241224125,0.50000006758134,0.48000004553675185,0.5200000750216883
1.4125412541254128,0.5000000673441709,0.4800000453769458,0.5200000747584081
1.412841284128413,0.5000000671078342,0.4800000452177005,0.520000074496052
1.4131413141314133,0.5000000668723268,0.4800000450590141,0.5200000742346166
1.4134413441344136,0.500000066637646,0.4800000449008846,0.5200000739740985
1.4137413741374139,0.5000000664037887,0.48000004474331004,0.5200000737144949
1.4140414041404141,0.5000000661707521,0.4800000445862885,0.5200000734558022
1.4143414341434144,0.5000000659385333,0.480000044429818,0.5200000731980173
1.4146414641464147,0.5000000657071295,0.48000004427389653,0.5200000729411373
1.414941494149415,0.5000000654765379,0.4800000441185223,0.5200000726851586
1.4152415241524152,0.5000000652467553,0.4800000439636934,0.5200000724300783
1.415541554155416,0.5000000650177793,0.48000004380940775,0.5200000721758931
1.4158415841584162,0.5000000647896067,0.4800000436556636,0.5200000719226
1.4161416141614165,0.5000000645622349,0.480000043502459,0.5200000716701958
1.4164416441644168,0.500000064335661,0.48000004334979207,0.5200000714186773
1.416741674167417,0.5000000641098824,0.4800000431976609,0.5200000711680416
1.4170417041704173,0.500000063884896,0.4800000430460636,0.5200000709182854
1.4173417341734176,0.5000000636606992,0.4800000428949983,0.5200000706694057
1.4176417641764179,0.5000000634372892,0.4800000427444632,0.5200000704213994
1.4179417941794181,0.5000000632146632,0.48000004259445633,0.5200000701742635
1.4182418241824184,0.5000000629928185,0.4800000424449759,0.5200000699279949
1.4185418541854187,0.5000000627717524,0.48000004229602006,0.5200000696825905
1.418841884188419,0.500000062551462,0.48000004214758696,0.5200000694380473
1.4191419141914192,0.5000000623319447,0.4800000419996748,0.5200000691943624
1.4194419441944195,0.5000000621131978,0.4800000418522817,0.5200000689515326
1.4197419741974198,0.5000000618952186,0.48000004170540583,0.5200000687095551
1.42004200420042,0.5000000616780044,0.48000004155904546,0.5200000684684266
1.4203420342034203,0.5000000614615524,0.4800000414131987,0.5200000682281445
1.420642064206421,0.50000006124586,0.4800000412678638,0.5200000679887055
1.4209420942094213,0.5000000610309246,0.48000004112303885,0.5200000677501069
1.4212421242124216,0.5000000608167435,0.48000004097872223,0.5200000675123455
1.4215421542154218,0.500000060603314,0.48000004083491205,0.5200000672754186
1.4218421842184221,0.5000000603906336,0.48000004069160657,0.5200000670393231
1.4221422142214224,0.5000000601786995,0.48000004054880396,0.5200000668040562
1.4224422442244227,0.5000000599675092,0.4800000404065025,0.520000066569615
1.422742274227423,0.50000005975706,0.4800000402647005,0.5200000663359965
1.4230423042304232,0.5000000595473494,0.4800000401233961,0.5200000661031978
1.4233423342334235,0.5000000593383747,0.48000003998258756,0.520000065871216
1.4236423642364238,0.5000000591301333,0.4800000398422732,0.5200000656400485
1.423942394239424,0.5000000589226229,0.48000003970245125,0.5200000654096922
1.4242424242424243,0.5000000587158406,0.48000003956312,0.5200000651801443
1.4245424542454246,0.500000058509784,0.4800000394242777,0.5200000649514019
1.4248424842484249,0.5000000583044505,0.48000003928592266,0.5200000647234624
1.4251425142514251,0.5000000580998377,0.48000003914805317,0.5200000644963227
1.4254425442544258,0.5000000578959429,0.4800000390106675,0.5200000642699802
1.4257425742574261,0.5000000576927637,0.480000038873764,0.520000064044432
1.4260426042604264,0.5000000574902974,0.48000003873734093,0.5200000638196753
1.4263426342634267,0.5000000572885417,0.4800000386013966,0.5200000635957074
1.426642664266427,0.5000000570874941,0.4800000384659294,0.5200000633725255
1.4269426942694272,0.500000056887152,0.4800000383309376,0.5200000631501267
1.4272427242724275,0.500000056687513,0.4800000381964195,0.5200000629285085
1.4275427542754278,0.5000000564885746,0.4800000380623735,0.5200000627076681
1.427842784278428,0.5000000562903343,0.4800000379287979,0.5200000624876027
1.4281428142814283,0.5000000560927897,0.4800000377956911,0.5200000622683094
1.4284428442844286,0.5000000558959384,0.4800000376630514,0.5200000620497859
1.4287428742874289,0.500000055699778,0.48000003753087717,0.5200000618320292
1.4290429042904291,0.5000000555043059,0.48000003739916686,0.5200000616150366
1.4293429342934294,0.5000000553095199,0.4800000372679187,0.5200000613988057
1.4296429642964297,0.5000000551154173,0.48000003713713113,0.5200000611833335
1.42994299429943,0.5000000549219961,0.4800000370068026,0.5200000609686176
1.4302430243024302,0.5000000547292536,0.48000003687693144,0.5200000607546551
1.430543054305431,0.5000000545371874,0.480000036747516,0.5200000605414435
1.4308430843084312,0.5000000543457953,0.4800000366185548,0.5200000603289802
1.4311431143114315,0.500000054155075,0.4800000364900461,0.5200000601172625
1.4314431443144318,0.5000000539650239,0.4800000363619884,0.5200000599062877
1.431743174317432,0.5000000537756397,0.48000003623438015,0.5200000596960535
1.4320432043204323,0.5000000535869202,0.4800000361072197,0.5200000594865569
1.4323432343234326,0.500000053398863,0.4800000359805055,0.5200000592777956
1.4326432643264329,0.5000000532114657,0.480000035854236,0.5200000590697669
1.4329432943294331,0.500000053024726,0.4800000357284096,0.5200000588624683
1.4332433243324334,0.5000000528386418,0.4800000356030248,0.520000058655897
1.4335433543354337,0.5000000526532106,0.48000003547808,0.5200000584500508
1.433843384338434,0.5000000524684302,0.4800000353535737,0.520000058244927
1.4341434143414342,0.5000000522842981,0.48000003522950435,0.520000058040523
1.4344434443444345,0.5000000521008123,0.4800000351058704,0.5200000578368363
1.4347434743474348,0.5000000519179704,0.4800000349826703,0.5200000576338646
1.435043504350435,0.5000000517357702,0.4800000348599026,0.520000057431605
1.4353435343534353,0.5000000515542093,0.48000003473756575,0.5200000572300553
1.435643564356436,0.5000000513732857,0.48000003461565816,0.5200000570292129
1.4359435943594363,0.500000051192997,0.48000003449417844,0.5200000568290754
1.4362436243624366,0.500000051013341,0.48000003437312505,0.5200000566296401
1.4365436543654369,0.5000000508343154,0.48000003425249643,0.5200000564309049
1.4368436843684371,0.5000000506559181,0.4800000341322912,0.5200000562328669
1.4371437143714374,0.5000000504781469,0.4800000340125078,0.5200000560355241
1.4374437443744377,0.5000000503009996,0.4800000338931447,0.5200000558388738
1.437743774377438,0.5000000501244739,0.4800000337742006,0.5200000556429136
1.4380438043804382,0.5000000499485677,0.48000003365567384,0.520000055447641
1.4383438343834385,0.5000000497732789,0.4800000335375631,0.5200000552530539
1.4386438643864388,0.5000000495986052,0.4800000334198668,0.5200000550591496
1.438943894389439,0.5000000494245446,0.48000003330258356,0.5200000548659257
1.4392439243924393,0.5000000492510948,0.48000003318571194,0.52000005467338
1.4395439543954396,0.5000000490782536,0.48000003306925043,0.5200000544815099
1.4398439843984399,0.500000048906019,0.48000003295319765,0.5200000542903133
1.4401440144014401,0.5000000487343889,0.4800000328375521,0.5200000540997876
1.4404440444044408,0.5000000485633611,0.48000003272231245,0.5200000539099304
1.4407440744074411,0.5000000483929334,0.4800000326074772,0.5200000537207397
1.4410441044104414,0.500000048223104,0.48000003249304496,0.5200000535322128
1.4413441344134417,0.5000000480538704,0.4800000323790143,0.5200000533443476
1.441644164416442,0.5000000478852308,0.48000003226538385,0.5200000531571416
1.4419441944194422,0.500000047717183,0.48000003215215215,0.5200000529705927
1.4422442244224425,0.5000000475497249,0.4800000320393178,0.5200000527846984
1.4425442544254428,0.5000000473828546,0.48000003192687946,0.5200000525994565
1.442844284428443,0.5000000472165699,0.48000003181483564,0.5200000524148646
1.4431443144314433,0.5000000470508686,0.4800000317031851,0.5200000522309206
1.4434443444344436,0.500000046885749,0.4800000315919264,0.5200000520476221
1.4437443744374439,0.5000000467212087,0.4800000314810581,0.5200000518649669
1.4440444044404441,0.500000046557246,0.4800000313705789,0.5200000516829526
1.4443444344434444,0.5000000463938585,0.4800000312604874,0.5200000515015771
1.4446444644464447,0.5000000462310445,0.48000003115078227,0.5200000513208383
1.444944494449445,0.500000046068802,0.4800000310414621,0.5200000511407336
1.4452445244524452,0.5000000459071287,0.48000003093252563,0.5200000509612609
1.445544554455446,0.5000000457460229,0.4800000308239714,0.5200000507824182
1.4458445844584462,0.5000000455854824,0.48000003071579816,0.5200000506042031
1.4461446144614465,0.5000000454255052,0.48000003060800456,0.5200000504266133
1.4464446444644468,0.5000000452660897,0.48000003050058926,0.5200000502496468
1.446744674467447,0.5000000451072334,0.4800000303935509,0.5200000500733014
1.4470447044704473,0.5000000449489347,0.48000003028688815,0.5200000498975748
1.4473447344734476,0.5000000447911915,0.4800000301805998,0.5200000497224649
1.4476447644764479,0.5000000446340018,0.48000003007468434,0.5200000495479695
1.4479447944794481,0.5000000444773639,0.48000002996914065,0.5200000493740866
1.4482448244824484,0.5000000443212756,0.48000002986396734,0.5200000492008138
1.4485448544854487,0.5000000441657352,0.48000002975916317,0.5200000490281491
1.448844884488449,0.5000000440107405,0.4800000296547267,0.5200000488560904
1.4491449144914492,0.5000000438562898,0.48000002955065685,0.5200000486846355
1.4494449444944495,0.500000043702381,0.48000002944695214,0.5200000485137822
1.4497449744974498,0.5000000435490125,0.4800000293436114,0.5200000483435286
1.45004500450045,0.5000000433961822,0.48000002924063334,0.5200000481738726
1.4503450345034503,0.5000000432438882,0.48000002913801665,0.5200000480048118
1.450645064506451,0.5000000430921288,0.48000002903576006,0.5200000478363443
1.4509450945094513,0.5000000429409017,0.48000002893386234,0.5200000476684681
1.4512451245124516,0.5000000427902055,0.48000002883232223,0.520000047501181
1.4515451545154519,0.5000000426400382,0.4800000287311385,0.520000047334481
1.4518451845184521,0.5000000424903978,0.4800000286303098,0.520000047168366
1.4521452145214524,0.5000000423412826,0.480000028529835,0.520000047002834
1.4524452445244527,0.5000000421926906,0.48000002842971273,0.5200000468378828
1.452745274527453,0.5000000420446201,0.48000002832994193,0.5200000466735106
1.4530453045304532,0.5000000418970693,0.4800000282305212,0.5200000465097152
1.4533453345334535,0.5000000417500363,0.4800000281314494,0.5200000463464947
1.4536453645364538,0.5000000416035193,0.48000002803272523,0.5200000461838469
1.453945394539454,0.5000000414575164,0.48000002793434754,0.5200000460217699
1.4542454245424543,0.500000041312026,0.4800000278363151,0.5200000458602617
1.4545454545454546,0.5000000411670461,0.4800000277386267,0.5200000456993203
1.4548454845484549,0.500000041022575,0.4800000276412812,0.5200000455389437
1.4551455145514551,0.5000000408786109,0.48000002754427723,0.5200000453791299
1.4554455445544559,0.5000000407351521,0.4800000274476137,0.5200000452198771
1.4557455745574561,0.5000000405921967,0.48000002735128944,0.520000045061183
1.4560456045604564,0.500000040449743,0.48000002725530316,0.5200000449030459
1.4563456345634567,0.5000000403077892,0.4800000271596538,0.5200000447454637
1.456645664566457,0.5000000401663336,0.48000002706434003,0.5200000445884346
1.4569456945694572,0.5000000400253743,0.4800000269693608,0.5200000444319566
1.4572457245724575,0.5000000398849098,0.4800000268747149,0.5200000442760276
1.4575457545754578,0.5000000397449382,0.4800000267804011,0.5200000441206459
1.457845784578458,0.5000000396054579,0.48000002668641834,0.5200000439658096
1.4581458145814583,0.5000000394664671,0.48000002659276536,0.5200000438115164
1.4584458445844586,0.500000039327964,0.48000002649944107,0.520000043657765
1.4587458745874589,0.500000039189947,0.4800000264064443,0.520000043504553
1.4590459045904591,0.5000000390524143,0.48000002631377386,0.5200000433518787
1.4593459345934594,0.5000000389153643,0.4800000262214287,0.5200000431997401
1.4596459645964597,0.5000000387787952,0.4800000261294075,0.5200000430481355
1.45994599459946,0.5000000386427054,0.4800000260377093,0.520000042897063
1.4602460246024602,0.5000000385070932,0.48000002594633295,0.5200000427465206
1.460546054605461,0.500000038371957,0.48000002585527723,0.5200000425965066
1.4608460846084612,0.5000000382372949,0.48000002576454104,0.5200000424470189
1.4611461146114615,0.5000000381031054,0.4800000256741233,0.520000042298056
1.4614461446144618,0.5000000379693869,0.4800000255840229,0.5200000421496157
1.461746174617462,0.5000000378361377,0.48000002549423865,0.5200000420016964
1.4620462046204623,0.500000037703356,0.48000002540476955,0.5200000418542962
1.4623462346234626,0.5000000375710403,0.48000002531561436,0.5200000417074133
1.4626462646264629,0.500000037439189,0.4800000252267721,0.5200000415610458
1.4629462946294631,0.5000000373078004,0.4800000251382416,0.5200000414151921
1.4632463246324634,0.5000000371768729,0.48000002505002176,0.5200000412698501
1.4635463546354637,0.5000000370464049,0.4800000249621116,0.5200000411250183
1.463846384638464,0.5000000369163947,0.4800000248745099,0.5200000409806946
1.4641464146414642,0.5000000367868408,0.4800000247872156,0.5200000408368776
1.4644464446444645,0.5000000366577416,0.4800000247002277,0.5200000406935652
1.4647464746474648,0.5000000365290954,0.480000024613545,0.5200000405507558
1.465046504650465,0.5000000364009006,0.48000002452716656,0.5200000404084475
1.4653465346534658,0.5000000362731558,0.48000002444109124,0.5200000402666386
1.465646564656466,0.5000000361458593,0.480000024355318,0.5200000401253274
1.4659465946594663,0.5000000360190096,0.4800000242698458,0.520000039984512
1.4662466246624666,0.5000000358926049,0.4800000241846735,0.520000039844191
1.4665466546654669,0.5000000357666439,0.48000002409980014,0.5200000397043623
1.4668466846684671,0.5000000356411248,0.4800000240152246,0.5200000395650244
1.4671467146714674,0.5000000355160463,0.48000002393094593,0.5200000394261753
1.4674467446744677,0.5000000353914068,0.48000002384696294,0.5200000392878137
1.467746774677468,0.5000000352672047,0.4800000237632748,0.5200000391499375
1.4680468046804682,0.5000000351434385,0.48000002367988026,0.5200000390125453
1.4683468346834685,0.5000000350201065,0.4800000235967784,0.5200000388756352
1.4686468646864688,0.5000000348972075,0.48000002351396814,0.5200000387392055
1.468946894689469,0.5000000347747396,0.48000002343144854,0.5200000386032547
1.4692469246924693,0.5000000346527016,0.48000002334921854,0.520000038467781
1.4695469546954696,0.5000000345310919,0.4800000232672771,0.5200000383327826
1.4698469846984699,0.5000000344099089,0.48000002318562324,0.520000038198258
1.4701470147014701,0.5000000342891513,0.48000002310425594,0.5200000380642056
1.4704470447044709,0.5000000341688173,0.4800000230231741,0.5200000379306235
1.4707470747074711,0.5000000340489058,0.4800000229423769,0.5200000377975104
1.4710471047104714,0.500000033929415,0.4800000228618633,0.5200000376648642
1.4713471347134717,0.5000000338103435,0.4800000227816321,0.5200000375326836
1.471647164716472,0.50000003369169,0.48000002270168257,0.520000037400967
1.4719471947194722,0.5000000335734528,0.4800000226220136,0.5200000372697126
1.4722472247224725,0.5000000334556306,0.4800000225426242,0.5200000371389187
1.4725472547254728,0.5000000333382218,0.4800000224635134,0.5200000370085839
1.472847284728473,0.5000000332212251,0.48000002238468026,0.5200000368787064
1.4731473147314733,0.500000033104639,0.48000002230612376,0.5200000367492849
1.4734473447344736,0.5000000329884621,0.48000002222784294,0.5200000366203174
1.4737473747374739,0.5000000328726928,0.48000002214983684,0.5200000364918025
1.4740474047404741,0.5000000327573297,0.4800000220721045,0.5200000363637387
1.4743474347434744,0.5000000326423717,0.480000021994645,0.5200000362361242
1.4746474647464747,0.5000000325278169,0.4800000219174572,0.5200000361089576
1.474947494749475,0.5000000324136642,0.4800000218405404,0.5200000359822373
1.4752475247524752,0.5000000322999122,0.4800000217638935,0.5200000358559618
1.475547554755476,0.5000000321865593,0.4800000216875156,0.5200000357301293
1.4758475847584762,0.5000000320736042,0.4800000216114057,0.5200000356047385
1.4761476147614765,0.5000000319610455,0.4800000215355629,0.5200000354797877
1.4764476447644768,0.5000000318488819,0.4800000214599863,0.5200000353552754
1.476747674767477,0.5000000317371118,0.4800000213846749,0.5200000352312001
1.4770477047704773,0.500000031625734,0.4800000213096278,0.5200000351075602
1.4773477347734776,0.500000031514747,0.4800000212348441,0.5200000349843542
1.4776477647764779,0.5000000314041496,0.4800000211603228,0.5200000348615805
1.4779477947794781,0.5000000312939403,0.48000002108606304,0.5200000347392377
1.4782478247824784,0.5000000311841178,0.4800000210120639,0.5200000346173244
1.4785478547854787,0.5000000310746807,0.48000002093832445,0.5200000344958388
1.478847884788479,0.5000000309656276,0.4800000208648438,0.5200000343747796
1.4791479147914792,0.5000000308569572,0.48000002079162096,0.5200000342541452
1.4794479447944795,0.5000000307486683,0.48000002071865516,0.5200000341339341
1.4797479747974798,0.5000000306407593,0.4800000206459454,0.520000034014145
1.48004800480048,0.5000000305332291,0.4800000205734908,0.5200000338947761
1.4803480348034808,0.5000000304260761,0.4800000205012904,0.5200000337758263
1.480648064806481,0.5000000303192993,0.4800000204293435,0.5200000336572939
1.4809480948094813,0.5000000302128971,0.480000020357649,0.5200000335391773
1.4812481248124816,0.5000000301068683,0.48000002028620614,0.5200000334214754
1.4815481548154819,0.5000000300012117,0.480000020215014,0.5200000333041865
1.4818481848184821,0.5000000298959258,0.4800000201440717,0.5200000331873093
1.4821482148214824,0.5000000297910095,0.4800000200733784,0.5200000330708422
1.4824482448244827,0.5000000296864613,0.4800000200029331,0.5200000329547838
1.482748274827483,0.5000000295822801,0.4800000199327351,0.5200000328391328
1.4830483048304832,0.5000000294784643,0.4800000198627834,0.5200000327238875
1.4833483348334835,0.5000000293750131,0.4800000197930772,0.5200000326090467
1.4836483648364838,0.5000000292719248,0.48000001972361567,0.520000032494609
1.483948394839484,0.5000000291691983,0.48000001965439787,0.5200000323805728
1.4842484248424843,0.5000000290668323,0.480000019585423,0.5200000322669369
1.4845484548454846,0.5000000289648255,0.48000001951669014,0.5200000321536997
1.4848484848484849,0.5000000288631767,0.48000001944819853,0.52000003204086
1.4851485148514851,0.5000000287618847,0.4800000193799473,0.5200000319284162
1.4854485448544859,0.5000000286609482,0.4800000193119356,0.520000031816367
1.4857485748574861,0.5000000285603657,0.4800000192441625,0.5200000317047111
1.4860486048604864,0.5000000284601364,0.4800000191766273,0.520000031593447
1.4863486348634867,0.5000000283602588,0.4800000191093291,0.5200000314825733
1.486648664866487,0.5000000282607316,0.4800000190422671,0.5200000313720888
1.4869486948694872,0.5000000281615539,0.4800000189754404,0.5200000312619921
1.4872487248724875,0.500000028062724,0.48000001890884825,0.5200000311522817
1.4875487548754878,0.5000000279642411,0.4800000188424898,0.5200000310429562
1.487848784878488,0.5000000278661038,0.4800000187763642,0.5200000309340145
1.4881488148814883,0.5000000277683109,0.4800000187104707,0.5200000308254551
1.4884488448844886,0.500000027670861,0.4800000186448084,0.5200000307172766
1.4887488748874889,0.5000000275737534,0.4800000185793766,0.5200000306094779
1.4890489048904891,0.5000000274769864,0.48000001851417434,0.5200000305020573
1.4893489348934894,0.500000027380559,0.4800000184492009,0.5200000303950139
1.4896489648964897,0.50000002728447,0.48000001838445555,0.520000030288346
1.48994899489949,0.5000000271887183,0.4800000183199374,0.5200000301820524
1.4902490249024902,0.5000000270933026,0.48000001825564564,0.5200000300761319
1.490549054905491,0.5000000269982217,0.48000001819157956,0.5200000299705831
1.4908490849084912,0.5000000269034744,0.48000001812773824,0.5200000298654048
1.4911491149114915,0.5000000268090597,0.480000018064121,0.5200000297605956
1.4914491449144918,0.5000000267149765,0.480000018000727,0.5200000296561541
1.491749174917492,0.5000000266212232,0.48000001793755553,0.5200000295520792
1.4920492049204923,0.5000000265277991,0.48000001787460567,0.5200000294483695
1.4923492349234926,0.5000000264347028,0.4800000178118768,0.5200000293450239
1.4926492649264929,0.5000000263419332,0.480000017749368,0.5200000292420408
1.4929492949294931,0.5000000262494891,0.4800000176870786,0.5200000291394191
1.4932493249324934,0.5000000261573695,0.4800000176250078,0.5200000290371577
1.4935493549354937,0.5000000260655733,0.48000001756315486,0.5200000289352551
1.493849384938494,0.5000000259740991,0.480000017501519,0.5200000288337101
1.4941494149414942,0.5000000258829459,0.48000001744009935,0.5200000287325214
1.4944494449444945,0.5000000257921127,0.4800000173788953,0.5200000286316879
1.4947494749474948,0.5000000257015981,0.48000001731790604,0.5200000285312082
1.495049504950495,0.5000000256114012,0.4800000172571308,0.5200000284310812
1.4953495349534958,0.500000025521521,0.4800000171965689,0.5200000283313055
1.495649564956496,0.5000000254319561,0.4800000171362195,0.5200000282318801
1.4959495949594963,0.5000000253427055,0.48000001707608186,0.5200000281328034
1.4962496249624966,0.5000000252537682,0.48000001701615524,0.5200000280340745
1.4965496549654969,0.500000025165143,0.480000016956439,0.5200000279356921
1.4968496849684971,0.5000000250768287,0.4800000168969323,0.520000027837655
1.4971497149714974,0.5000000249888245,0.48000001683763444,0.5200000277399619
1.4974497449744977,0.5000000249011289,0.48000001677854465,0.5200000276426117
1.497749774977498,0.5000000248137413,0.48000001671966225,0.520000027545603
1.4980498049804982,0.5000000247266603,0.4800000166609865,0.5200000274489349
1.4983498349834985,0.5000000246398848,0.4800000166025167,0.520000027352606
1.4986498649864988,0.500000024553414,0.480000016544252,0.5200000272566151
1.498949894989499,0.5000000244672466,0.48000001648619184,0.520000027160961
1.4992499249924993,0.5000000243813815,0.4800000164283354,0.5200000270656427
1.4995499549954996,0.5000000242958178,0.480000016370682,0.520000026970659
1.4998499849984999,0.5000000242105543,0.48000001631323097,0.5200000268760084
1.5001500150015001,0.5000000241255902,0.48000001625598154,0.5200000267816902
1.5004500450045009,0.5000000240409241,0.480000016198933,0.5200000266877028
1.5007500750075011,0.5000000239565553,0.4800000161420847,0.5200000265940454
1.5010501050105014,0.5000000238724824,0.48000001608543585,0.5200000265007166
1.5013501350135017,0.5000000237887047,0.48000001602898584,0.5200000264077154
1.501650165016502,0.5000000237052209,0.48000001597273395,0.5200000263150405
1.5019501950195022,0.5000000236220301,0.48000001591667946,0.5200000262226908
1.5022502250225025,0.5000000235391313,0.48000001586082164,0.5200000261306652
1.5025502550255028,0.5000000234565234,0.4800000158051599,0.5200000260389627
1.502850285028503,0.5000000233742053,0.4800000157496935,0.5200000259475819
1.5031503150315033,0.5000000232921763,0.48000001569442174,0.5200000258565217
1.5034503450345036,0.500000023210435,0.4800000156393439,0.5200000257657812
1.5037503750375039,0.5000000231289806,0.4800000155844594,0.5200000256753591
1.5040504050405041,0.5000000230478121,0.4800000155297675,0.5200000255852544
1.5043504350435044,0.5000000229669284,0.48000001547526755,0.5200000254954658
1.5046504650465047,0.5000000228863285,0.4800000154209589,0.5200000254059923
1.504950495049505,0.5000000228060115,0.4800000153668408,0.5200000253168329
1.5052505250525052,0.5000000227259764,0.4800000153129126,0.5200000252279864
1.505550555055506,0.5000000226462222,0.48000001525917363,0.5200000251394515
1.5058505850585062,0.5000000225667479,0.4800000152056233,0.5200000250512276
1.5061506150615065,0.5000000224875524,0.4800000151522609,0.5200000249633131
1.5064506450645068,0.500000022408635,0.48000001509908574,0.5200000248757072
1.506750675067507,0.5000000223299943,0.48000001504609724,0.5200000247884087
1.5070507050705073,0.5000000222516298,0.48000001499329464,0.5200000247014166
1.5073507350735076,0.5000000221735402,0.4800000149406774,0.5200000246147297
1.5076507650765079,0.5000000220957247,0.4800000148882448,0.5200000245283471
1.5079507950795081,0.5000000220181822,0.48000001483599614,0.5200000244422677
1.5082508250825084,0.5000000219409119,0.4800000147839309,0.5200000243564903
1.5085508550855087,0.5000000218639128,0.4800000147320484,0.520000024271014
1.508850885088509,0.5000000217871838,0.4800000146803479,0.5200000241858376
1.5091509150915092,0.5000000217107242,0.4800000146288289,0.5200000241009601
1.5094509450945095,0.5000000216345328,0.4800000145774907,0.5200000240163806
1.5097509750975098,0.5000000215586089,0.4800000145263326,0.5200000239320978
1.51005100510051,0.5000000214829514,0.4800000144753541,0.5200000238481108
1.5103510351035108,0.5000000214075594,0.4800000144245545,0.5200000237644186
1.510651065106511,0.500000021332432,0.48000001437393314,0.52000002368102
1.5109510951095113,0.5000000212575683,0.4800000143234895,0.5200000235979142
1.5112511251125116,0.5000000211829673,0.4800000142732228,0.5200000235151
1.5115511551155119,0.5000000211086281,0.48000001422313254,0.5200000234325763
1.5118511851185121,0.5000000210345497,0.4800000141732181,0.5200000233503425
1.5121512151215124,0.5000000209607313,0.48000001412347876,0.520000023268397
1.5124512451245127,0.500000020887172,0.480000014073914,0.5200000231867392
1.512751275127513,0.5000000208138708,0.4800000140245232,0.520000023105368
1.5130513051305132,0.500000020740827,0.48000001397530573,0.5200000230242824
1.5133513351335135,0.5000000206680393,0.480000013926261,0.5200000229434812
1.5136513651365138,0.5000000205955072,0.48000001387738833,0.5200000228629637
1.513951395139514,0.5000000205232296,0.48000001382868723,0.5200000227827287
1.5142514251425143,0.5000000204512056,0.480000013780157,0.5200000227027753
1.5145514551455146,0.5000000203794345,0.4800000137317971,0.5200000226231025
1.5148514851485149,0.5000000203079151,0.48000001368360695,0.5200000225437093
1.5151515151515151,0.5000000202366468,0.48000001363558586,0.5200000224645946
1.5154515451545159,0.5000000201656286,0.4800000135877333,0.5200000223857577
1.5157515751575161,0.5000000200948596,0.48000001354004873,0.5200000223071974
1.5160516051605164,0.500000020024339,0.48000001349253146,0.5200000222289128
1.5163516351635167,0.5000000199540658,0.48000001344518095,0.520000022150903
1.516651665166517,0.5000000198840393,0.4800000133979966,0.5200000220731669
1.5169516951695172,0.5000000198142585,0.48000001335097786,0.5200000219957036
1.5172517251725175,0.5000000197447226,0.4800000133041241,0.5200000219185122
1.5175517551755178,0.5000000196754307,0.4800000132574348,0.5200000218415917
1.517851785178518,0.5000000196063821,0.48000001321090935,0.5200000217649411
1.5181518151815183,0.5000000195375757,0.48000001316454716,0.5200000216885595
1.5184518451845186,0.5000000194690107,0.48000001311834767,0.520000021612446
1.5187518751875189,0.5000000194006865,0.48000001307231027,0.5200000215365995
1.5190519051905191,0.500000019332602,0.4800000130264345,0.5200000214610193
1.5193519351935194,0.5000000192647563,0.4800000129807197,0.5200000213857042
1.5196519651965197,0.5000000191971489,0.48000001293516537,0.5200000213106536
1.51995199519952,0.5000000191297787,0.48000001288977084,0.5200000212358662
1.5202520252025202,0.5000000190626449,0.48000001284453564,0.5200000211613414
1.520552055205521,0.5000000189957468,0.4800000127994592,0.520000021087078
1.5208520852085212,0.5000000189290833,0.48000001275454096,0.5200000210130753
1.5211521152115215,0.5000000188626538,0.4800000127097803,0.5200000209393323
1.5214521452145218,0.5000000187964575,0.48000001266517683,0.5200000208658481
1.521752175217522,0.5000000187304934,0.48000001262072983,0.5200000207926218
1.5220522052205223,0.5000000186647608,0.48000001257643876,0.5200000207196525
1.5223522352235226,0.500000018599259,0.4800000125323032,0.5200000206469392
1.5226522652265229,0.500000018533987,0.4800000124883225,0.520000020574481
1.5229522952295231,0.5000000184689442,0.48000001244449614,0.5200000205022772
1.5232523252325234,0.5000000184041294,0.4800000124008236,0.5200000204303268
1.5235523552355237,0.5000000183395422,0.48000001235730433,0.5200000203586289
1.523852385238524,0.5000000182751817,0.48000001231393774,0.5200000202871826
1.5241524152415242,0.500000018211047,0.48000001227072336,0.520000020215987
1.5244524452445245,0.5000000181471373,0.48000001222766064,0.5200000201450413
1.5247524752475248,0.5000000180834521,0.4800000121847491,0.5200000200743445
1.525052505250525,0.5000000180199903,0.48000001214198806,0.5200000200038959
1.5253525352535258,0.5000000179567511,0.48000001209937715,0.5200000199336945
1.525652565256526,0.5000000178937339,0.4800000120569158,0.5200000198637394
1.5259525952595263,0.500000017830938,0.4800000120146034,0.52000001979403
1.5262526252625266,0.5000000177683622,0.48000001197243947,0.520000019724565
1.5265526552655269,0.5000000177060062,0.4800000119304236,0.5200000196553439
1.5268526852685271,0.500000017643869,0.4800000118885551,0.5200000195863657
1.5271527152715274,0.5000000175819498,0.48000001184683355,0.5200000195176295
1.5274527452745277,0.5000000175202479,0.4800000118052584,0.5200000194491347
1.527752775277528,0.5000000174587627,0.4800000117638292,0.5200000193808801
1.5280528052805282,0.5000000173974931,0.4800000117225454,0.5200000193128651
1.5283528352835285,0.5000000173364385,0.48000001168140644,0.5200000192450889
1.5286528652865288,0.5000000172755983,0.4800000116404119,0.5200000191775503
1.528952895289529,0.5000000172149716,0.4800000115995612,0.520000019110249
1.5292529252925293,0.5000000171545576,0.48000001155885386,0.5200000190431837
1.5295529552955296,0.5000000170943556,0.48000001151828936,0.5200000189763537
1.5298529852985299,0.5000000170343649,0.4800000114778672,0.5200000189097584
1.5301530153015301,0.5000000169745847,0.4800000114375869,0.5200000188433967
1.5304530453045309,0.5000000169150143,0.480000011397448,0.520000018777268
1.5307530753075311,0.500000016855653,0.48000001135744996,0.5200000187113712
1.5310531053105314,0.5000000167965,0.4800000113175923,0.5200000186457059
1.5313531353135317,0.5000000167375546,0.4800000112778745,0.5200000185802709
1.531653165316532,0.500000016678816,0.48000001123829605,0.5200000185150655
1.5319531953195322,0.5000000166202836,0.48000001119885655,0.520000018450089
1.5322532253225325,0.5000000165619566,0.48000001115955543,0.5200000183853405
1.5325532553255328,0.5000000165038343,0.4800000111203922,0.5200000183208192
1.532853285328533,0.500000016445916,0.4800000110813665,0.5200000182565244
1.5331533153315333,0.5000000163882009,0.48000001104247764,0.5200000181924552
1.5334533453345336,0.5000000163306884,0.48000001100372536,0.5200000181286109
1.5337533753375339,0.5000000162733776,0.480000010965109,0.5200000180649905
1.5340534053405341,0.5000000162162681,0.4800000109266282,0.5200000180015935
1.5343534353435344,0.500000016159359,0.4800000108882824,0.5200000179384189
1.5346534653465347,0.5000000161026494,0.48000001085007127,0.5200000178754661
1.534953495349535,0.5000000160461391,0.48000001081199417,0.5200000178127342
1.5352535253525352,0.5000000159898269,0.4800000107740507,0.5200000177502224
1.535553555355536,0.5000000159337125,0.4800000107362404,0.52000001768793
1.5358535853585362,0.5000000158777949,0.48000001069856274,0.5200000176258562
1.5361536153615365,0.5000000158220735,0.4800000106610174,0.5200000175640003
1.5364536453645368,0.5000000157665478,0.4800000106236037,0.5200000175023614
1.536753675367537,0.5000000157112169,0.4800000105863214,0.5200000174409388
1.5370537053705373,0.5000000156560801,0.4800000105491699,0.5200000173797318
1.5373537353735376,0.5000000156011369,0.4800000105121488,0.5200000173187397
1.5376537653765379,0.5000000155463865,0.4800000104752576,0.5200000172579615
1.5379537953795381,0.5000000154918282,0.4800000104384958,0.5200000171973966
1.5382538253825384,0.5000000154374614,0.48000001040186313,0.5200000171370442
1.5385538553855387,0.5000000153832854,0.480000010365359,0.5200000170769038
1.538853885388539,0.5000000153292995,0.48000001032898293,0.5200000170169743
1.5391539153915392,0.5000000152755031,0.48000001029273454,0.5200000169572552
1.5394539453945395,0.5000000152218954,0.4800000102566133,0.5200000168977457
1.5397539753975398,0.5000000151684759,0.48000001022061894,0.5200000168384449
1.54005400540054,0.5000000151152438,0.4800000101847508,0.5200000167793523
1.5403540354035408,0.5000000150621986,0.4800000101490086,0.520000016720467
1.540654065406541,0.5000000150093395,0.4800000101133918,0.5200000166617884
1.5409540954095413,0.5000000149566659,0.4800000100779,0.5200000166033159
1.5412541254125416,0.5000000149041772,0.48000001004253273,0.5200000165450483
1.5415541554155419,0.5000000148518727,0.4800000100072896,0.5200000164869854
1.5418541854185421,0.5000000147997518,0.4800000099721702,0.5200000164291262
1.5421542154215424,0.5000000147478136,0.48000000993717395,0.52000001637147
1.5424542454245427,0.5000000146960579,0.4800000099023006,0.5200000163140162
1.542754275427543,0.5000000146444837,0.4800000098675496,0.520000016256764
1.5430543054305432,0.5000000145930906,0.4800000098329205,0.5200000161997127
1.5433543354335435,0.5000000145418778,0.480000009798413,0.5200000161428616
1.5436543654365438,0.5000000144908447,0.48000000976402657,0.5200000160862102
1.543954395439544,0.5000000144399908,0.48000000972976087,0.5200000160297574
1.5442544254425443,0.5000000143893152,0.48000000969561535,0.5200000159735028
1.5445544554455446,0.5000000143388176,0.4800000096615897,0.5200000159174456
1.5448544854485449,0.500000014288497,0.4800000096276834,0.5200000158615851
1.5451545154515451,0.5000000142383533,0.48000000959389616,0.5200000158059207
1.5454545454545459,0.5000000141883854,0.4800000095602275,0.5200000157504516
1.5457545754575461,0.5000000141385929,0.48000000952667693,0.5200000156951772
1.5460546054605464,0.500000014088975,0.4800000094932442,0.5200000156400967
1.5463546354635467,0.5000000140395313,0.48000000945992866,0.5200000155852096
1.546654665466547,0.5000000139902612,0.48000000942673016,0.520000015530515
1.5469546954695472,0.500000013941164,0.48000000939364806,0.5200000154760125
1.5472547254725475,0.500000013892239,0.48000000936068216,0.5200000154217012
1.5475547554755478,0.5000000138434858,0.4800000093278319,0.5200000153675804
1.547854785478548,0.5000000137949037,0.4800000092950969,0.5200000153136497
1.5481548154815483,0.5000000137464921,0.4800000092624768,0.5200000152599081
1.5484548454845486,0.5000000136982503,0.4800000092299712,0.5200000152063552
1.5487548754875489,0.5000000136501778,0.4800000091975797,0.5200000151529902
1.5490549054905491,0.5000000136022741,0.48000000916530183,0.5200000150998125
1.5493549354935494,0.5000000135545384,0.48000000913313723,0.5200000150468215
1.5496549654965497,0.5000000135069703,0.48000000910108553,0.5200000149940164
1.54995499549955,0.5000000134595691,0.4800000090691463,0.5200000149413966
1.5502550255025502,0.5000000134123342,0.48000000903731915,0.5200000148889614
1.550555055505551,0.5000000133652652,0.4800000090056037,0.5200000148367103
1.5508550855085512,0.5000000133183613,0.4800000089739996,0.5200000147846425
1.5511551155115515,0.500000013271622,0.48000000894250633,0.5200000147327575
1.5514551455145518,0.5000000132250468,0.4800000089111236,0.5200000146810545
1.551755175517552,0.500000013178635,0.48000000887985106,0.520000014629533
1.5520552055205523,0.5000000131323861,0.4800000088486882,0.5200000145781923
1.5523552355235526,0.5000000130862995,0.4800000088176347,0.5200000145270318
1.5526552655265529,0.5000000130403746,0.48000000878669025,0.5200000144760508
1.5529552955295531,0.5000000129946108,0.48000000875585436,0.5200000144252488
1.5532553255325534,0.5000000129490078,0.48000000872512666,0.5200000143746251
1.5535553555355537,0.5000000129035647,0.4800000086945068,0.520000014324179
1.553855385538554,0.5000000128582811,0.48000000866399445,0.5200000142739098
1.5541554155415542,0.5000000128131564,0.48000000863358916,0.5200000142238171
1.5544554455445545,0.5000000127681901,0.4800000086032905,0.5200000141739003
1.5547554755475548,0.5000000127233816,0.48000000857309827,0.5200000141241586
1.555055505550555,0.5000000126787303,0.48000000854301195,0.5200000140745915
1.5553555355535558,0.5000000126342357,0.4800000085130312,0.5200000140251982
1.555655565556556,0.5000000125898972,0.4800000084831557,0.5200000139759784
1.5559555955595563,0.5000000125457145,0.48000000845338503,0.5200000139269313
1.5562556255625566,0.5000000125016867,0.4800000084237188,0.5200000138780563
1.5565556555655569,0.5000000124578134,0.48000000839415674,0.5200000138293529
1.5568556855685571,0.5000000124140942,0.48000000836469836,0.5200000137808203
1.5571557155715574,0.5000000123705283,0.48000000833534345,0.5200000137324581
1.5574557455745577,0.5000000123271153,0.48000000830609146,0.5200000136842656
1.557755775577558,0.5000000122838547,0.4800000082769422,0.5200000136362422
1.5580558055805582,0.500000012240746,0.4800000082478952,0.5200000135883873
1.5583558355835585,0.5000000121977884,0.48000000821895017,0.5200000135407005
1.5586558655865588,0.5000000121549817,0.4800000081901067,0.5200000134931809
1.558955895589559,0.5000000121123251,0.48000000816136446,0.5200000134458281
1.5592559255925593,0.5000000120698183,0.48000000813272303,0.5200000133986415
1.5595559555955596,0.5000000120274606,0.4800000081041822,0.5200000133516205
1.5598559855985599,0.5000000119852517,0.48000000807574145,0.5200000133047645
1.5601560156015601,0.5000000119431908,0.48000000804740056,0.5200000132580729
1.5604560456045609,0.5000000119012775,0.4800000080191591,0.5200000132115452
1.5607560756075611,0.5000000118595113,0.4800000079910168,0.5200000131651807
1.5610561056105614,0.5000000118178917,0.4800000079629732,0.520000013118979
1.5613561356135617,0.5000000117764182,0.48000000793502806,0.5200000130729395
1.561656165616562,0.5000000117350901,0.480000007907181,0.5200000130270616
1.5619561956195622,0.5000000116939072,0.48000000787943164,0.5200000129813446
1.5622562256225625,0.5000000116528687,0.48000000785177965,0.520000012935788
1.5625562556255628,0.5000000116119743,0.48000000782422475,0.5200000128903913
1.562856285628563,0.5000000115712234,0.4800000077967665,0.520000012845154
1.5631563156315633,0.5000000115306155,0.48000000776940466,0.5200000128000754
1.5634563456345636,0.50000001149015,0.4800000077421388,0.5200000127551548
1.5637563756375639,0.5000000114498268,0.48000000771496865,0.5200000127103921
1.5640564056405641,0.5000000114096449,0.4800000076878938,0.5200000126657864
1.5643564356435644,0.500000011369604,0.48000000766091405,0.5200000126213373
1.5646564656465647,0.5000000113297036,0.48000000763402895,0.5200000125770441
1.564956495649565,0.5000000112899433,0.48000000760723815,0.5200000125329064
1.5652565256525657,0.5000000112503226,0.4800000075805414,0.5200000124889236
1.565556555655566,0.5000000112108408,0.48000000755393835,0.5200000124450952
1.5658565856585662,0.5000000111714976,0.48000000752742866,0.5200000124014205
1.5661566156615665,0.5000000111322925,0.480000007501012,0.5200000123578992
1.5664566456645668,0.500000011093225,0.4800000074746881,0.5200000123145305
1.566756675667567,0.5000000110542946,0.4800000074484565,0.520000012271314
1.5670567056705673,0.5000000110155008,0.48000000742231697,0.5200000122282492
1.5673567356735676,0.5000000109768432,0.4800000073962692,0.5200000121853355
1.5676567656765679,0.5000000109383211,0.48000000737031284,0.5200000121425725
1.5679567956795681,0.5000000108999344,0.48000000734444753,0.5200000120999595
1.5682568256825684,0.5000000108616823,0.48000000731867304,0.5200000120574961
1.5685568556855687,0.5000000108235645,0.480000007292989,0.5200000120151816
1.568856885688569,0.5000000107855804,0.48000000726739506,0.5200000119730158
1.5691569156915692,0.5000000107477296,0.48000000724189096,0.5200000119309979
1.5694569456945695,0.5000000107100117,0.4800000072164764,0.5200000118891274
1.5697569756975698,0.500000010672426,0.480000007191151,0.5200000118474039
1.57005700570057,0.5000000106349725,0.48000000716591446,0.5200000118058267
1.5703570357035708,0.5000000105976502,0.48000000714076646,0.5200000117643955
1.570657065706571,0.500000010560459,0.4800000071157068,0.5200000117231096
1.5709570957095713,0.5000000105233982,0.480000007090735,0.5200000116819687
1.5712571257125716,0.5000000104864676,0.4800000070658509,0.5200000116409722
1.5715571557155719,0.5000000104496665,0.48000000704105406,0.5200000116001195
1.5718571857185721,0.5000000104129946,0.48000000701634427,0.5200000115594102
1.5721572157215724,0.5000000103764514,0.48000000699172124,0.5200000115188438
1.5724572457245727,0.5000000103400364,0.4800000069671846,0.5200000114784197
1.572757275727573,0.5000000103037492,0.48000000694273404,0.5200000114381375
1.5730573057305732,0.5000000102675893,0.4800000069183693,0.5200000113979967
1.5733573357335735,0.5000000102315564,0.48000000689409006,0.5200000113579967
1.5736573657365738,0.5000000101956499,0.480000006869896,0.520000011318137
1.573957395739574,0.5000000101598694,0.4800000068457869,0.5200000112784173
1.5742574257425743,0.5000000101242145,0.4800000068217624,0.520000011238837
1.5745574557455746,0.5000000100886847,0.4800000067978222,0.5200000111993955
1.5748574857485749,0.5000000100532797,0.480000006773966,0.5200000111600925
1.5751575157515751,0.5000000100179988,0.48000000675019355,0.5200000111209275
1.5754575457545759,0.5000000099828418,0.4800000067265045,0.5200000110818999
1.5757575757575761,0.5000000099478081,0.4800000067028986,0.5200000110430092
1.5760576057605764,0.5000000099128974,0.48000000667937553,0.520000011004255
1.5763576357635767,0.5000000098781092,0.480000006655935,0.5200000109656369
1.576657665766577,0.5000000098434431,0.48000000663257675,0.5200000109271541
1.5769576957695772,0.5000000098088986,0.4800000066093005,0.5200000108888065
1.5772577257725775,0.5000000097744755,0.4800000065861059,0.5200000108505936
1.5775577557755778,0.500000009740173,0.4800000065629927,0.5200000108125146
1.577857785778578,0.500000009705991,0.4800000065399606,0.5200000107745693
1.5781578157815783,0.5000000096719289,0.48000000651700936,0.5200000107367572
1.5784578457845786,0.5000000096379864,0.48000000649413865,0.5200000106990778
1.5787578757875789,0.5000000096041629,0.4800000064713482,0.5200000106615306
1.5790579057905791,0.5000000095704582,0.4800000064486378,0.520000010624115
1.5793579357935794,0.5000000095368717,0.480000006426007,0.520000010586831
1.5796579657965797,0.5000000095034032,0.48000000640345564,0.5200000105496777
1.57995799579958,0.5000000094700521,0.48000000638098345,0.5200000105126548
1.5802580258025807,0.500000009436818,0.48000000635859014,0.5200000104757618
1.580558055805581,0.5000000094037006,0.4800000063362754,0.5200000104389984
1.5808580858085812,0.5000000093706993,0.48000000631403894,0.5200000104023639
1.5811581158115815,0.500000009337814,0.4800000062918805,0.5200000103658579
1.5814581458145818,0.500000009305044,0.4800000062697999,0.5200000103294801
1.581758175817582,0.500000009272389,0.4800000062477967,0.52000001029323
1.5820582058205823,0.5000000092398486,0.4800000062258708,0.5200000102571071
1.5823582358235826,0.5000000092074224,0.4800000062040218,0.5200000102211109
1.5826582658265829,0.5000000091751099,0.4800000061822495,0.520000010185241
1.5829582958295831,0.500000009142911,0.4800000061605536,0.5200000101494971
1.5832583258325834,0.5000000091108249,0.48000000613893384,0.5200000101138786
1.5835583558355837,0.5000000090788516,0.4800000061173899,0.520000010078385
1.583858385838584,0.5000000090469903,0.48000000609592164,0.5200000100430161
1.5841584158415842,0.5000000090152409,0.4800000060745287,0.5200000100077713
1.5844584458445845,0.500000008983603,0.4800000060532108,0.5200000099726502
1.5847584758475848,0.500000008952076,0.4800000060319678,0.5200000099376523
1.585058505850585,0.5000000089206598,0.4800000060107993,0.5200000099027772
1.5853585358535858,0.5000000088893537,0.48000000598970505,0.5200000098680245
1.585658565856586,0.5000000088581575,0.48000000596868486,0.5200000098333938
1.5859585958595863,0.5000000088270709,0.48000000594773845,0.5200000097988846
1.5862586258625866,0.5000000087960932,0.48000000592686554,0.5200000097644966
1.5865586558655869,0.5000000087652243,0.48000000590606584,0.5200000097302292
1.5868586858685871,0.5000000087344637,0.4800000058853392,0.5200000096960821
1.5871587158715874,0.5000000087038111,0.4800000058646853,0.5200000096620547
1.5874587458745877,0.5000000086732661,0.4800000058441038,0.5200000096281469
1.587758775877588,0.5000000086428282,0.4800000058235946,0.520000009594358
1.5880588058805882,0.5000000086124973,0.4800000058031573,0.5200000095606876
1.5883588358835885,0.5000000085822727,0.48000000578279184,0.5200000095271355
1.5886588658865888,0.5000000085521541,0.48000000576249774,0.5200000094937011
1.588958895889589,0.5000000085221413,0.4800000057422749,0.520000009460384
1.5892589258925893,0.5000000084922338,0.4800000057221231,0.5200000094271838
1.5895589558955896,0.5000000084624313,0.48000000570204193,0.5200000093941003
1.5898589858985899,0.5000000084327333,0.48000000568203127,0.5200000093611327
1.5901590159015901,0.5000000084031396,0.4800000056620908,0.5200000093282808
1.5904590459045909,0.5000000083736498,0.48000000564222034,0.5200000092955444
1.5907590759075911,0.5000000083442634,0.4800000056224196,0.5200000092629227
1.5910591059105914,0.5000000083149801,0.48000000560268835,0.5200000092304154
1.5913591359135917,0.5000000082857996,0.48000000558302636,0.5200000091980224
1.591659165916592,0.5000000082567215,0.48000000556343336,0.520000009165743
1.5919591959195922,0.5000000082277456,0.48000000554390915,0.5200000091335768
1.5922592259225925,0.5000000081988712,0.48000000552445343,0.5200000091015236
1.5925592559255928,0.5000000081700982,0.48000000550506594,0.5200000090695829
1.592859285928593,0.5000000081414262,0.48000000548574656,0.5200000090377541
1.5931593159315933,0.5000000081128547,0.48000000546649496,0.5200000090060372
1.5934593459345936,0.5000000080843836,0.4800000054473109,0.5200000089744315
1.5937593759375939,0.5000000080560124,0.4800000054281942,0.5200000089429367
1.5940594059405941,0.5000000080277407,0.48000000540914456,0.5200000089115525
1.5943594359435944,0.5000000079995682,0.4800000053901618,0.5200000088802784
1.5946594659465947,0.5000000079714947,0.4800000053712456,0.5200000088491141
1.594959495949595,0.5000000079435196,0.48000000535239584,0.5200000088180592
1.5952595259525957,0.5000000079156427,0.4800000053336122,0.5200000087871132
1.595559555955596,0.5000000078878637,0.4800000053148945,0.5200000087562758
1.5958595859585962,0.5000000078601822,0.4800000052962425,0.5200000087255466
1.5961596159615965,0.5000000078325977,0.4800000052776559,0.5200000086949254
1.5964596459645968,0.5000000078051101,0.48000000525913455,0.5200000086644114
1.596759675967597,0.5000000077777189,0.48000000524067826,0.5200000086340048
1.5970597059705973,0.500000007750424,0.4800000052222867,0.5200000086037047
1.5973597359735976,0.5000000077232247,0.48000000520395963,0.5200000085735109
1.5976597659765979,0.500000007696121,0.48000000518569697,0.5200000085434231
1.5979597959795981,0.5000000076691122,0.48000000516749836,0.520000008513441
1.5982598259825984,0.5000000076421983,0.4800000051493636,0.520000008483564
1.5985598559855987,0.500000007615379,0.4800000051312925,0.5200000084537919
1.598859885988599,0.5000000075886536,0.4800000051132848,0.5200000084241243
1.5991599159915992,0.5000000075620221,0.4800000050953403,0.5200000083945607
1.5994599459945995,0.500000007535484,0.48000000507745877,0.520000008365101
1.5997599759975998,0.5000000075090392,0.48000000505964,0.5200000083357447
1.6000600060006,0.500000007482687,0.4800000050418838,0.5200000083064913
1.6003600360036008,0.5000000074564274,0.4800000050241898,0.5200000082773406
1.600660066006601,0.5000000074302599,0.48000000500655804,0.5200000082482922
1.6009600960096013,0.5000000074041843,0.4800000049889881,0.5200000082193458
1.6012601260126016,0.5000000073782,0.48000000497147977,0.5200000081905009
1.6015601560156019,0.5000000073523071,0.48000000495403294,0.5200000081617573
1.6018601860186021,0.5000000073265051,0.48000000493664735,0.5200000081331145
1.6021602160216024,0.5000000073007935,0.4800000049193227,0.5200000081045723
1.6024602460246027,0.5000000072751721,0.4800000049020589,0.5200000080761302
1.602760276027603,0.5000000072496408,0.4800000048848557,0.5200000080477879
1.6030603060306032,0.500000007224199,0.4800000048677128,0.5200000080195452
1.6033603360336035,0.5000000071988465,0.48000000485063016,0.5200000079914014
1.6036603660366038,0.500000007173583,0.48000000483360744,0.5200000079633565
1.603960396039604,0.5000000071484081,0.48000000481664445,0.52000000793541
1.6042604260426043,0.5000000071233216,0.480000004799741,0.5200000079075616
1.6045604560456046,0.500000007098323,0.48000000478289684,0.5200000078798109
1.6048604860486049,0.5000000070734123,0.48000000476611177,0.5200000078521576
1.6051605160516051,0.5000000070485889,0.48000000474938564,0.5200000078246013
1.6054605460546059,0.5000000070238527,0.4800000047327182,0.5200000077971418
1.6057605760576061,0.5000000069992033,0.48000000471610926,0.5200000077697786
1.6060606060606064,0.5000000069746404,0.4800000046995586,0.5200000077425114
1.6063606360636067,0.5000000069501637,0.4800000046830661,0.5200000077153399
1.606660666066607,0.5000000069257728,0.4800000046666314,0.5200000076882638
1.6069606960696072,0.5000000069014676,0.4800000046502544,0.5200000076612827
1.6072607260726075,0.5000000068772478,0.48000000463393483,0.5200000076343964
1.6075607560756078,0.5000000068531129,0.48000000461767256,0.5200000076076043
1.607860786078608,0.5000000068290626,0.48000000460146736,0.5200000075809063
1.6081608160816083,0.5000000068050968,0.480000004585319,0.520000007554302
1.6084608460846086,0.500000006781215,0.48000000456922737,0.520000007527791
1.6087608760876089,0.5000000067574172,0.4800000045531922,0.5200000075013731
1.6090609060906091,0.5000000067337028,0.48000000453721325,0.5200000074750478
1.6093609360936094,0.5000000067100716,0.48000000452129044,0.520000007448815
1.6096609660966097,0.5000000066865233,0.48000000450542346,0.5200000074226743
1.60996099609961,0.5000000066630578,0.4800000044896122,0.5200000073966252
1.6102610261026107,0.5000000066396745,0.48000000447385643,0.5200000073706676
1.610561056105611,0.5000000066163733,0.48000000445815594,0.5200000073448011
1.6108610861086112,0.5000000065931539,0.4800000044425105,0.5200000073190253
1.6111611161116115,0.500000006570016,0.48000000442692003,0.5200000072933401
1.6114611461146118,0.5000000065469593,0.48000000441138424,0.5200000072677449
1.611761176117612,0.5000000065239835,0.480000004395903,0.5200000072422396
1.6120612061206123,0.5000000065010883,0.4800000043804761,0.5200000072168237
1.6123612361236126,0.5000000064782735,0.4800000043651033,0.5200000071914971
1.6126612661266129,0.5000000064555387,0.48000000434978446,0.5200000071662594
1.6129612961296131,0.5000000064328837,0.4800000043345194,0.5200000071411102
1.6132613261326134,0.5000000064103082,0.4800000043193079,0.5200000071160493
1.6135613561356137,0.500000006387812,0.4800000043041498,0.5200000070910763
1.613861386138614,0.5000000063653947,0.4800000042890448,0.520000007066191
1.6141614161416142,0.5000000063430561,0.4800000042739929,0.5200000070413929
1.6144614461446145,0.5000000063207958,0.4800000042589938,0.520000007016682
1.6147614761476148,0.5000000062986136,0.4800000042440474,0.5200000069920577
1.615061506150615,0.5000000062765094,0.48000000422915334,0.5200000069675199
1.6153615361536158,0.5000000062544827,0.48000000421431166,0.5200000069430682
1.615661566156616,0.5000000062325333,0.480000004199522,0.5200000069187023
1.6159615961596163,0.500000006210661,0.4800000041847842,0.5200000068944219
1.6162616261626166,0.5000000061888653,0.4800000041700982,0.5200000068702267
1.6165616561656169,0.5000000061671462,0.48000000415546373,0.5200000068461165
1.6168616861686171,0.5000000061455033,0.4800000041408806,0.5200000068220908
1.6171617161716174,0.5000000061239364,0.48000000412634863,0.5200000067981494
1.6174617461746177,0.5000000061024451,0.4800000041118677,0.520000006774292
1.617761776177618,0.5000000060810292,0.48000000409743754,0.5200000067505185
1.6180618061806182,0.5000000060596885,0.4800000040830581,0.5200000067268282
1.6183618361836185,0.5000000060384228,0.48000000406872906,0.5200000067032212
1.6186618661866188,0.5000000060172316,0.4800000040544503,0.520000006679697
1.618961896189619,0.5000000059961148,0.48000000404022164,0.5200000066562553
1.6192619261926193,0.5000000059750721,0.480000004026043,0.520000006632896
1.6195619561956196,0.5000000059541033,0.480000004011914,0.5200000066096186
1.6198619861986199,0.500000005933208,0.48000000399783466,0.5200000065864229
1.6201620162016201,0.5000000059123861,0.4800000039838047,0.5200000065633086
1.6204620462046209,0.5000000058916373,0.480000003969824,0.5200000065402755
1.6207620762076211,0.5000000058709613,0.4800000039558924,0.520000006517323
1.6210621062106214,0.5000000058503578,0.4800000039420096,0.5200000064944512
1.6213621362136217,0.5000000058298266,0.48000000392817554,0.5200000064716597
1.621662166216622,0.5000000058093675,0.48000000391439007,0.5200000064489482
1.6219621962196222,0.5000000057889802,0.48000000390065295,0.5200000064263163
1.6222622262226225,0.5000000057686644,0.48000000388696407,0.5200000064037639
1.6225622562256228,0.50000000574842,0.4800000038733232,0.5200000063812906
1.622862286228623,0.5000000057282465,0.48000000385973024,0.5200000063588962
1.6231623162316233,0.5000000057081438,0.4800000038461849,0.5200000063365804
1.6234623462346236,0.5000000056881118,0.4800000038326872,0.5200000063143428
1.6237623762376239,0.5000000056681501,0.4800000038192368,0.5200000062921833
1.6240624062406241,0.5000000056482583,0.48000000380583363,0.5200000062701017
1.6243624362436244,0.5000000056284364,0.4800000037924775,0.5200000062480975
1.6246624662466247,0.500000005608684,0.4800000037791682,0.5200000062261705
1.624962496249625,0.5000000055890009,0.4800000037659056,0.5200000062043204
1.6252625262526257,0.500000005569387,0.48000000375268964,0.520000006182547
1.625562556255626,0.5000000055498418,0.48000000373952,0.5200000061608501
1.6258625862586262,0.5000000055303653,0.48000000372639656,0.5200000061392294
1.6261626162616265,0.5000000055109571,0.4800000037133192,0.5200000061176844
1.6264626462646268,0.500000005491617,0.4800000037002877,0.5200000060962151
1.626762676267627,0.5000000054723448,0.480000003687302,0.5200000060748211
1.6270627062706273,0.5000000054531403,0.4800000036743618,0.5200000060535022
1.6273627362736276,0.5000000054340031,0.48000000366146706,0.5200000060322582
1.6276627662766279,0.5000000054149331,0.48000000364861756,0.5200000060110885
1.6279627962796281,0.5000000053959299,0.48000000363581313,0.5200000059899934
1.6282628262826284,0.5000000053769936,0.4800000036230537,0.5200000059689721
1.6285628562856287,0.5000000053581236,0.48000000361033895,0.5200000059480248
1.628862886288629,0.5000000053393199,0.4800000035976689,0.5200000059271508
1.6291629162916292,0.5000000053205822,0.4800000035850433,0.5200000059063501
1.6294629462946295,0.5000000053019101,0.480000003572462,0.5200000058856225
1.6297629762976298,0.5000000052833037,0.48000000355992484,0.5200000058649675
1.63006300630063,0.5000000052647625,0.48000000354743166,0.5200000058443851
1.6303630363036308,0.5000000052462865,0.4800000035349824,0.5200000058238748
1.630663066306631,0.5000000052278752,0.48000000352257677,0.5200000058034366
1.6309630963096313,0.5000000052095286,0.48000000351021466,0.5200000057830702
1.6312631263126316,0.5000000051912463,0.48000000349789596,0.5200000057627752
1.6315631563156319,0.5000000051730282,0.4800000034856205,0.5200000057425513
1.6318631863186321,0.5000000051548741,0.4800000034733881,0.5200000057223985
1.6321632163216324,0.5000000051367837,0.48000000346119864,0.5200000057023164
1.6324632463246327,0.5000000051187566,0.48000000344905197,0.5200000056823048
1.632763276327633,0.500000005100793,0.48000000343694793,0.5200000056623634
1.6330633063306332,0.5000000050828923,0.48000000342488636,0.5200000056424919
1.6333633363336335,0.5000000050650545,0.4800000034128671,0.5200000056226902
1.6336633663366338,0.5000000050472793,0.48000000340089,0.520000005602958
1.633963396339634,0.5000000050295664,0.480000003388955,0.5200000055832951
1.6342634263426343,0.5000000050119158,0.48000000337706183,0.5200000055637012
1.6345634563456346,0.500000004994327,0.4800000033652104,0.520000005544176
1.6348634863486349,0.5000000049768,0.4800000033534006,0.5200000055247194
1.6351635163516351,0.5000000049593344,0.4800000033416322,0.520000005505331
1.6354635463546359,0.5000000049419302,0.4800000033299051,0.5200000054860106
1.6357635763576361,0.5000000049245871,0.4800000033182192,0.5200000054667581
1.6360636063606364,0.5000000049073048,0.4800000033065743,0.5200000054475731
1.6363636363636367,0.5000000048900831,0.4800000032949702,0.5200000054284555
1.636663666366637,0.500000004872922,0.4800000032834069,0.5200000054094049
1.6369636963696372,0.500000004855821,0.4800000032718842,0.5200000053904212
1.6372637263726375,0.50000000483878,0.4800000032604019,0.5200000053715041
1.6375637563756378,0.5000000048217988,0.48000000324895986,0.5200000053526534
1.637863786378638,0.5000000048048774,0.480000003237558,0.5200000053338689
1.6381638163816383,0.5000000047880152,0.4800000032261961,0.5200000053151503
1.6384638463846386,0.5000000047712122,0.4800000032148742,0.5200000052964974
1.6387638763876389,0.5000000047544682,0.48000000320359193,0.5200000052779099
1.6390639063906391,0.5000000047377828,0.4800000031923493,0.5200000052593877
1.6393639363936394,0.5000000047211561,0.4800000031811461,0.5200000052409305
1.6396639663966397,0.5000000047045878,0.48000000316998226,0.5200000052225381
1.63996399639964,0.5000000046880776,0.48000000315885755,0.5200000052042102
1.6402640264026407,0.5000000046716253,0.4800000031477719,0.5200000051859466
1.640564056405641,0.5000000046552308,0.48000000313672514,0.520000005167747
1.6408640864086412,0.5000000046388937,0.48000000312571717,0.5200000051496114
1.6411641164116415,0.5000000046226141,0.48000000311474783,0.5200000051315394
1.6414641464146418,0.5000000046063915,0.48000000310381696,0.520000005113531
1.641764176417642,0.500000004590226,0.48000000309292445,0.5200000050955855
1.6420642064206423,0.5000000045741171,0.4800000030820702,0.5200000050777032
1.6423642364236426,0.5000000045580647,0.480000003071254,0.5200000050598835
1.6426642664266429,0.5000000045420687,0.4800000030604758,0.5200000050421265
1.6429642964296431,0.5000000045261288,0.4800000030497354,0.5200000050244317
1.6432643264326434,0.5000000045102448,0.4800000030390327,0.520000005006799
1.6435643564356437,0.5000000044944167,0.48000000302836754,0.5200000049892283
1.643864386438644,0.500000004478644,0.4800000030177399,0.520000004971719
1.6441644164416442,0.5000000044629268,0.48000000300714946,0.5200000049542715
1.6444644464446445,0.5000000044472647,0.4800000029965962,0.5200000049368849
1.6447644764476448,0.5000000044316575,0.48000000298608,0.5200000049195596
1.645064506450645,0.500000004416105,0.48000000297560064,0.5200000049022949
1.6453645364536458,0.5000000044006072,0.4800000029651581,0.5200000048850908
1.645664566456646,0.5000000043851638,0.48000000295475226,0.5200000048679472
1.6459645964596463,0.5000000043697745,0.4800000029443829,0.5200000048508636
1.6462646264626466,0.5000000043544394,0.4800000029340499,0.5200000048338401
1.6465646564656469,0.5000000043391579,0.48000000292375317,0.5200000048168762
1.6468646864686471,0.5000000043239301,0.4800000029134926,0.520000004799972
1.6471647164716474,0.5000000043087558,0.48000000290326805,0.520000004783127
1.6474647464746477,0.5000000042936347,0.4800000028930793,0.5200000047663412
1.647764776477648,0.5000000042785667,0.4800000028829264,0.5200000047496143
1.6480648064806482,0.5000000042635515,0.4800000028728091,0.520000004732946
1.6483648364836485,0.500000004248589,0.4800000028627273,0.5200000047163363
1.6486648664866488,0.5000000042336792,0.4800000028526809,0.5200000046997848
1.648964896489649,0.5000000042188215,0.48000000284266975,0.5200000046832914
1.6492649264926493,0.500000004204016,0.4800000028326937,0.520000004666856
1.6495649564956496,0.5000000041892625,0.4800000028227527,0.5200000046504782
1.6498649864986499,0.5000000041745608,0.48000000281284655,0.5200000046341579
1.6501650165016502,0.5000000041599106,0.48000000280297517,0.5200000046178949
1.6504650465046509,0.5000000041453119,0.4800000027931385,0.5200000046016888
1.6507650765076511,0.5000000041307644,0.48000000278333627,0.5200000045855397
1.6510651065106514,0.500000004116268,0.48000000277356847,0.5200000045694473
1.6513651365136517,0.5000000041018223,0.4800000027638349,0.5200000045534113
1.651665166516652,0.5000000040874275,0.48000000275413557,0.5200000045374317
1.6519651965196522,0.5000000040730831,0.48000000274447024,0.5200000045215081
1.6522652265226525,0.5000000040587891,0.48000000273483884,0.5200000045056403
1.6525652565256528,0.5000000040445453,0.48000000272524124,0.5200000044898283
1.652865286528653,0.5000000040303514,0.4800000027156773,0.5200000044740718
1.6531653165316533,0.5000000040162074,0.48000000270614696,0.5200000044583705
1.6534653465346536,0.5000000040021129,0.48000000269665,0.5200000044427243
1.6537653765376539,0.5000000039880679,0.48000000268718646,0.5200000044271331
1.6540654065406541,0.5000000039740723,0.48000000267775605,0.5200000044115967
1.6543654365436544,0.5000000039601257,0.4800000026683588,0.5200000043961146
1.6546654665466547,0.5000000039462281,0.48000000265899445,0.5200000043806869
1.654965496549655,0.5000000039323792,0.480000002649663,0.5200000043653135
1.6552655265526557,0.500000003918579,0.48000000264036435,0.5200000043499938
1.655565556555656,0.5000000039048272,0.48000000263109827,0.520000004334728
1.6558655865586562,0.5000000038911236,0.4800000026218647,0.5200000043195158
1.6561656165616565,0.5000000038774682,0.4800000026126636,0.5200000043043569
1.6564656465646568,0.5000000038638607,0.48000000260349474,0.5200000042892513
1.656765676567657,0.5000000038503009,0.4800000025943581,0.5200000042741987
1.6570657065706573,0.5000000038367887,0.4800000025852535,0.5200000042591988
1.6573657365736576,0.5000000038233239,0.4800000025761808,0.5200000042442516
1.6576657665766579,0.5000000038099064,0.48000000256714,0.5200000042293569
1.6579657965796581,0.500000003796536,0.4800000025581309,0.5200000042145145
1.6582658265826584,0.5000000037832124,0.4800000025491534,0.5200000041997241
1.6585658565856587,0.5000000037699357,0.48000000254020747,0.5200000041849857
1.658865886588659,0.5000000037567055,0.48000000253129294,0.5200000041702989
1.6591659165916592,0.5000000037435218,0.48000000252240965,0.5200000041556637
1.6594659465946595,0.5000000037303843,0.4800000025135575,0.5200000041410799
1.6597659765976598,0.5000000037172929,0.48000000250473646,0.5200000041265472
1.66006600660066,0.5000000037042476,0.4800000024959464,0.5200000041120656
1.6603660366036608,0.5000000036912479,0.48000000248718716,0.5200000040976348
1.660666066606661,0.5000000036782939,0.48000000247845864,0.5200000040832546
1.6609660966096613,0.5000000036653853,0.48000000246976077,0.5200000040689249
1.6612661266126616,0.5000000036525221,0.4800000024610934,0.5200000040546454
1.6615661566156619,0.500000003639704,0.4800000024524565,0.5200000040404161
1.6618661866186621,0.5000000036269309,0.4800000024438499,0.5200000040262367
1.6621662166216624,0.5000000036142025,0.48000000243527347,0.5200000040121071
1.6624662466246627,0.5000000036015189,0.48000000242672713,0.520000003998027
1.662766276627663,0.5000000035888797,0.48000000241821084,0.5200000039839965
1.6630663066306632,0.500000003576285,0.4800000024097244,0.5200000039700151
1.6633663366336635,0.5000000035637344,0.4800000024012677,0.5200000039560828
1.6636663666366638,0.5000000035512279,0.48000000239284074,0.5200000039421994
1.663966396639664,0.5000000035387653,0.48000000238444335,0.5200000039283647
1.6642664266426643,0.5000000035263464,0.48000000237607543,0.5200000039145785
1.6645664566456646,0.5000000035139711,0.4800000023677369,0.5200000039008408
1.6648664866486649,0.5000000035016392,0.4800000023594275,0.5200000038871512
1.6651665166516656,0.5000000034893506,0.4800000023511474,0.5200000038735096
1.6654665466546659,0.5000000034771052,0.4800000023428963,0.520000003859916
1.6657665766576661,0.5000000034649026,0.4800000023346742,0.52000000384637
1.6660666066606664,0.5000000034527429,0.48000000232648093,0.5200000038328717
1.6663666366636667,0.5000000034406259,0.4800000023183164,0.5200000038194207
1.666666666666667,0.5000000034285514,0.48000000231018053,0.5200000038060169
1.6669666966696672,0.5000000034165193,0.4800000023020732,0.52000000379266
1.6672667266726675,0.5000000034045294,0.48000000229399437,0.5200000037793501
1.6675667566756678,0.5000000033925817,0.4800000022859438,0.5200000037660869
1.667866786678668,0.5000000033806757,0.48000000227792156,0.5200000037528703
1.6681668166816683,0.5000000033688117,0.48000000226992745,0.5200000037397
1.6684668466846686,0.5000000033569891,0.4800000022619614,0.520000003726576
1.6687668766876689,0.5000000033452082,0.4800000022540233,0.520000003713498
1.6690669066906691,0.5000000033334686,0.48000000224611306,0.5200000037004658
1.6693669366936694,0.5000000033217702,0.4800000022382306,0.5200000036874795
1.6696669666966697,0.5000000033101127,0.48000000223037576,0.5200000036745387
1.66996699669967,0.5000000032984963,0.4800000022225485,0.5200000036616433
1.6702670267026707,0.5000000032869206,0.48000000221474876,0.5200000036487932
1.670567056705671,0.5000000032753855,0.4800000022069763,0.5200000036359882
1.6708670867086712,0.5000000032638909,0.4800000021992312,0.5200000036232281
1.6711671167116715,0.5000000032524367,0.48000000219151323,0.5200000036105128
1.6714671467146718,0.5000000032410226,0.4800000021838224,0.520000003597842
1.671767176717672,0.5000000032296487,0.4800000021761585,0.5200000035852158
1.6720672067206723,0.5000000032183145,0.4800000021685215,0.520000003572634
1.6723672367236726,0.5000000032070202,0.4800000021609113,0.5200000035600962
1.6726672667266729,0.5000000031957655,0.4800000021533279,0.5200000035476025
1.6729672967296731,0.5000000031845504,0.480000002145771,0.5200000035351525
1.6732673267326734,0.5000000031733746,0.4800000021382407,0.5200000035227463
1.6735673567356737,0.5000000031622379,0.48000000213073674,0.5200000035103837
1.673867386738674,0.5000000031511405,0.48000000212325916,0.5200000034980643
1.6741674167416742,0.5000000031400819,0.48000000211580784,0.5200000034857882
1.6744674467446745,0.5000000031290621,0.4800000021083827,0.5200000034735554
1.6747674767476748,0.500000003118081,0.48000000210098354,0.5200000034613652
1.675067506750675,0.5000000031071384,0.4800000020936104,0.5200000034492179
1.6753675367536758,0.5000000030962343,0.4800000020862631,0.5200000034371134
1.675667566756676,0.5000000030853684,0.48000000207894156,0.5200000034250511
1.6759675967596763,0.5000000030745406,0.4800000020716457,0.5200000034130313
1.6762676267626766,0.5000000030637509,0.48000000206437554,0.5200000034010537
1.6765676567656769,0.5000000030529991,0.48000000205713084,0.5200000033891181
1.6768676867686771,0.5000000030422849,0.48000000204991156,0.5200000033772244
1.6771677167716774,0.5000000030316083,0.48000000204271764,0.5200000033653723
1.6774677467746777,0.5000000030209693,0.480000002035549,0.520000003353562
1.677767776777678,0.5000000030103675,0.4800000020284054,0.5200000033417931
1.6780678067806782,0.500000002999803,0.48000000202128695,0.5200000033300654
1.6783678367836785,0.5000000029892755,0.4800000020141935,0.5200000033183789
1.6786678667866788,0.500000002978785,0.4800000020071249,0.5200000033067335
1.678967896789679,0.5000000029683312,0.48000000200008114,0.5200000032951289
1.6792679267926793,0.5000000029579142,0.4800000019930621,0.520000003283565
1.6795679567956796,0.5000000029475338,0.4800000019860677,0.5200000032720417
1.6798679867986799,0.5000000029371897,0.48000000197909776,0.5200000032605588
1.6801680168016806,0.500000002926882,0.48000000197215237,0.5200000032491162
1.6804680468046809,0.5000000029166104,0.4800000019652313,0.5200000032377138
1.6807680768076811,0.5000000029063749,0.48000000195833453,0.5200000032263514
1.6810681068106814,0.5000000028961753,0.480000001951462,0.5200000032150289
1.6813681368136817,0.5000000028860115,0.48000000194461356,0.5200000032037462
1.681668166816682,0.5000000028758834,0.4800000019377892,0.520000003192503
1.6819681968196822,0.5000000028657908,0.48000000193098874,0.5200000031812992
1.6822682268226825,0.5000000028557336,0.4800000019242121,0.5200000031701348
1.6825682568256828,0.5000000028457118,0.48000000191745934,0.5200000031590096
1.682868286828683,0.5000000028357251,0.4800000019107302,0.5200000031479234
1.6831683168316833,0.5000000028257734,0.48000000190402475,0.5200000031368761
1.6834683468346836,0.5000000028158567,0.48000000189734277,0.5200000031258676
1.6837683768376839,0.5000000028059748,0.48000000189068426,0.5200000031148977
1.6840684068406842,0.5000000027961274,0.4800000018840491,0.5200000031039663
1.6843684368436844,0.5000000027863148,0.48000000187743724,0.5200000030930734
1.6846684668466847,0.5000000027765366,0.4800000018708486,0.5200000030822185
1.684968496849685,0.5000000027667926,0.4800000018642831,0.5200000030714018
1.6852685268526857,0.5000000027570829,0.4800000018577406,0.5200000030606231
1.685568556855686,0.5000000027474072,0.48000000185122105,0.5200000030498823
1.6858685868586862,0.5000000027377655,0.4800000018447244,0.520000003039179
1.6861686168616865,0.5000000027281576,0.48000000183825053,0.5200000030285133
1.6864686468646868,0.5000000027185835,0.4800000018317994,0.5200000030178851
1.686768676867687,0.5000000027090429,0.48000000182537095,0.5200000030072942
1.6870687068706873,0.5000000026995358,0.480000001818965,0.5200000029967404
1.6873687368736876,0.5000000026900621,0.48000000181258157,0.5200000029862237
1.6876687668766879,0.5000000026806216,0.4800000018062205,0.5200000029757439
1.6879687968796881,0.5000000026712142,0.4800000017998818,0.5200000029653008
1.6882688268826884,0.50000000266184,0.4800000017935653,0.5200000029548945
1.6885688568856887,0.5000000026524986,0.480000001787271,0.5200000029445246
1.688868886888689,0.5000000026431899,0.4800000017809988,0.5200000029341911
1.6891689168916892,0.5000000026339139,0.48000000177474855,0.5200000029238939
1.6894689468946895,0.5000000026246705,0.48000000176852026,0.5200000029136328
1.6897689768976898,0.5000000026154595,0.48000000176231383,0.5200000029034078
1.69006900690069,0.5000000026062809,0.48000000175612917,0.5200000028932186
1.6903690369036908,0.5000000025971344,0.48000000174996627,0.5200000028830651
1.690669066906691,0.50000000258802,0.48000000174382496,0.5200000028729473
1.6909690969096913,0.5000000025789377,0.4800000017377052,0.5200000028628651
1.6912691269126916,0.5000000025698872,0.4800000017316069,0.5200000028528182
1.6915691569156919,0.5000000025608685,0.48000000172553003,0.5200000028428066
1.6918691869186921,0.5000000025518814,0.4800000017194745,0.52000000283283
1.6921692169216924,0.5000000025429259,0.4800000017134402,0.5200000028228885
1.6924692469246927,0.5000000025340018,0.48000000170742707,0.520000002812982
1.692769276927693,0.5000000025251089,0.48000000170143503,0.5200000028031101
1.6930693069306932,0.5000000025162473,0.48000000169546403,0.5200000027932729
1.6933693369336935,0.5000000025074168,0.480000001689514,0.5200000027834702
1.6936693669366938,0.5000000024986174,0.48000000168358486,0.520000002773702
1.693969396939694,0.5000000024898488,0.4800000016776765,0.520000002763968
1.6942694269426943,0.500000002481111,0.48000000167178886,0.5200000027542682
1.6945694569456946,0.5000000024724037,0.48000000166592194,0.5200000027446023
1.6948694869486949,0.5000000024637271,0.48000000166007556,0.5200000027349705
1.6951695169516956,0.5000000024550809,0.4800000016542497,0.5200000027253724
1.6954695469546959,0.5000000024464651,0.4800000016484443,0.520000002715808
1.6957695769576961,0.5000000024378796,0.48000000164265927,0.5200000027062772
1.6960696069606964,0.5000000024293241,0.48000000163689455,0.5200000026967798
1.6963696369636967,0.5000000024207987,0.4800000016311501,0.5200000026873157
1.696669666966697,0.5000000024123031,0.4800000016254257,0.5200000026778849
1.6969696969696972,0.5000000024038375,0.48000000161972145,0.5200000026684872
1.6972697269726975,0.5000000023954014,0.4800000016140373,0.5200000026591225
1.6975697569756978,0.500000002386995,0.480000001608373,0.5200000026497905
1.697869786978698,0.5000000023786182,0.48000000160272854,0.5200000026404914
1.6981698169816983,0.5000000023702706,0.480000001597104,0.5200000026312249
1.6984698469846986,0.5000000023619524,0.48000000159149914,0.520000002621991
1.6987698769876989,0.5000000023536635,0.48000000158591394,0.5200000026127893
1.6990699069906992,0.5000000023454035,0.48000000158034833,0.5200000026036201
1.6993699369936994,0.5000000023371726,0.48000000157480227,0.520000002594483
1.6996699669966997,0.5000000023289706,0.4800000015692757,0.5200000025853779
1.6999699969997,0.5000000023207973,0.4800000015637685,0.5200000025763049
1.7002700270027007,0.5000000023126527,0.48000000155828065,0.5200000025672635
1.700570057005701,0.5000000023045368,0.48000000155281203,0.5200000025582541
1.7008700870087012,0.5000000022964493,0.4800000015473626,0.5200000025492761
1.7011701170117015,0.5000000022883901,0.48000000154193234,0.5200000025403297
1.7014701470147018,0.5000000022803592,0.48000000153652106,0.5200000025314148
1.701770177017702,0.5000000022723566,0.4800000015311288,0.5200000025225311
1.7020702070207023,0.500000002264382,0.4800000015257555,0.5200000025136785
1.7023702370237026,0.5000000022564354,0.48000000152040107,0.520000002504857
1.7026702670267029,0.5000000022485167,0.4800000015150654,0.5200000024960665
1.7029702970297032,0.5000000022406258,0.4800000015097484,0.5200000024873068
1.7032703270327034,0.5000000022327625,0.4800000015044501,0.5200000024785779
1.7035703570357037,0.5000000022249269,0.48000000149917044,0.5200000024698797
1.703870387038704,0.5000000022171188,0.48000000149390926,0.5200000024612119
1.7041704170417042,0.500000002209338,0.48000000148866656,0.5200000024525745
1.7044704470447045,0.5000000022015847,0.48000000148344224,0.5200000024439675
1.7047704770477048,0.5000000021938584,0.4800000014782363,0.5200000024353907
1.705070507050705,0.5000000021861594,0.48000000147304855,0.520000002426844
1.7053705370537058,0.5000000021784873,0.4800000014678791,0.5200000024183272
1.705670567056706,0.5000000021708422,0.4800000014627277,0.5200000024098403
1.7059705970597063,0.5000000021632238,0.48000000145759447,0.5200000024013833
1.7062706270627066,0.5000000021556322,0.4800000014524792,0.520000002392956
1.7065706570657069,0.5000000021480673,0.48000000144738186,0.5200000023845581
1.7068706870687071,0.5000000021405289,0.4800000014423024,0.5200000023761898
1.7071707170717074,0.5000000021330169,0.48000000143724086,0.5200000023678508
1.7074707470747077,0.5000000021255313,0.480000001432197,0.5200000023595411
1.707770777077708,0.500000002118072,0.48000000142717086,0.5200000023512605
1.7080708070807082,0.5000000021106389,0.48000000142216237,0.5200000023430091
1.7083708370837085,0.5000000021032318,0.4800000014171715,0.5200000023347866
1.7086708670867088,0.5000000020958508,0.48000000141219806,0.5200000023265929
1.708970897089709,0.5000000020884956,0.48000000140724214,0.520000002318428
1.7092709270927093,0.5000000020811664,0.4800000014023036,0.5200000023102918
1.7095709570957096,0.5000000020738627,0.48000000139738236,0.520000002302184
1.7098709870987099,0.5000000020665847,0.4800000013924784,0.5200000022941048
1.7101710171017106,0.5000000020593323,0.48000000138759163,0.5200000022860538
1.7104710471047109,0.5000000020521053,0.48000000138272203,0.5200000022780312
1.7107710771077111,0.5000000020449037,0.4800000013778695,0.5200000022700367
1.7110711071107114,0.5000000020377273,0.48000000137303406,0.5200000022620703
1.7113711371137117,0.5000000020305762,0.4800000013682155,0.5200000022541318
1.711671167116712,0.5000000020234501,0.480000001363414,0.5200000022462212
1.7119711971197122,0.500000002016349,0.4800000013586292,0.5200000022383383
1.7122712271227125,0.5000000020092729,0.4800000013538612,0.5200000022304831
1.7125712571257128,0.5000000020022215,0.48000000134911003,0.5200000022226555
1.712871287128713,0.5000000019951949,0.4800000013443755,0.5200000022148553
1.7131713171317133,0.500000001988193,0.48000000133965753,0.5200000022070825
1.7134713471347136,0.5000000019812156,0.4800000013349562,0.5200000021993371
1.7137713771377139,0.5000000019742629,0.4800000013302713,0.5200000021916187
1.7140714071407142,0.5000000019673344,0.48000000132560283,0.5200000021839275
1.7143714371437144,0.5000000019604303,0.4800000013209508,0.5200000021762633
1.7146714671467147,0.5000000019535503,0.4800000013163151,0.5200000021686259
1.714971497149715,0.5000000019466946,0.4800000013116956,0.5200000021610154
1.7152715271527157,0.5000000019398628,0.48000000130709236,0.5200000021534316
1.715571557155716,0.5000000019330552,0.4800000013025053,0.5200000021458743
1.7158715871587162,0.5000000019262713,0.4800000012979343,0.5200000021383436
1.7161716171617165,0.5000000019195112,0.48000000129337933,0.5200000021308393
1.7164716471647168,0.5000000019127749,0.48000000128884035,0.5200000021233614
1.716771677167717,0.5000000019060623,0.4800000012843173,0.5200000021159097
1.7170717071707173,0.5000000018993732,0.48000000127981013,0.5200000021084842
1.7173717371737176,0.5000000018927075,0.48000000127531883,0.5200000021010847
1.7176717671767179,0.5000000018860653,0.48000000127084325,0.5200000020937111
1.7179717971797182,0.5000000018794464,0.4800000012663833,0.5200000020863634
1.7182718271827184,0.5000000018728507,0.4800000012619391,0.5200000020790416
1.7185718571857187,0.5000000018662781,0.48000000125751047,0.5200000020717455
1.718871887188719,0.5000000018597286,0.4800000012530974,0.5200000020644749
1.7191719171917192,0.5000000018532021,0.4800000012486998,0.5200000020572298
1.7194719471947195,0.5000000018466985,0.48000000124431763,0.5200000020500103
1.7197719771977198,0.5000000018402178,0.48000000123995085,0.5200000020428159
1.72007200720072,0.5000000018337597,0.4800000012355994,0.520000002035647
1.7203720372037208,0.5000000018273243,0.4800000012312632,0.520000002028503
1.720672067206721,0.5000000018209115,0.4800000012269422,0.5200000020213843
1.7209720972097213,0.5000000018145212,0.48000000122263636,0.5200000020142904
1.7212721272127216,0.5000000018081534,0.4800000012183457,0.5200000020072215
1.7215721572157219,0.5000000018018079,0.48000000121407,0.5200000020001774
1.7218721872187221,0.5000000017954846,0.4800000012098094,0.520000001993158
1.7221722172217224,0.5000000017891836,0.4800000012055637,0.5200000019861633
1.7224722472247227,0.5000000017829047,0.4800000012013329,0.520000001979193
1.722772277227723,0.5000000017766477,0.48000000119711694,0.5200000019722473
1.7230723072307232,0.5000000017704128,0.4800000011929158,0.5200000019653259
1.7233723372337235,0.5000000017641998,0.48000000118872943,0.5200000019584288
1.7236723672367238,0.5000000017580085,0.4800000011845577,0.5200000019515559
1.723972397239724,0.500000001751839,0.48000000118040065,0.5200000019447072
1.7242724272427243,0.500000001745691,0.48000000117625813,0.5200000019378824
1.7245724572457246,0.5000000017395648,0.4800000011721302,0.5200000019310816
1.7248724872487249,0.5000000017334599,0.4800000011680167,0.5200000019243047
1.7251725172517256,0.5000000017273766,0.4800000011639177,0.5200000019175516
1.7254725472547259,0.5000000017213145,0.4800000011598331,0.5200000019108222
1.7257725772577261,0.5000000017152738,0.4800000011557628,0.5200000019041163
1.7260726072607264,0.5000000017092542,0.48000000115170677,0.5200000018974341
1.7263726372637267,0.5000000017032558,0.480000001147665,0.5200000018907752
1.726672667266727,0.5000000016972784,0.4800000011436374,0.5200000018841398
1.7269726972697272,0.500000001691322,0.48000000113962393,0.5200000018775276
1.7272727272727275,0.5000000016853865,0.4800000011356245,0.5200000018709386
1.7275727572757278,0.5000000016794718,0.4800000011316392,0.5200000018643728
1.727872787278728,0.5000000016735779,0.48000000112766783,0.52000000185783
1.7281728172817283,0.5000000016677046,0.4800000011237104,0.5200000018513101
1.7284728472847286,0.5000000016618521,0.4800000011197669,0.5200000018448132
1.7287728772877289,0.50000000165602,0.4800000011158372,0.520000001838339
1.7290729072907292,0.5000000016502084,0.48000000111192126,0.5200000018318875
1.7293729372937294,0.5000000016444172,0.4800000011080191,0.5200000018254588
1.7296729672967297,0.5000000016386462,0.48000000110413066,0.5200000018190526
1.72997299729973,0.5000000016328956,0.4800000011002558,0.5200000018126688
1.7302730273027307,0.5000000016271652,0.48000000109639457,0.5200000018063075
1.730573057305731,0.5000000016214547,0.4800000010925469,0.5200000017999684
1.7308730873087312,0.5000000016157645,0.48000000108871277,0.5200000017936516
1.7311731173117315,0.5000000016100942,0.48000000108489205,0.520000001787357
1.7314731473147318,0.5000000016044437,0.48000000108108476,0.5200000017810845
1.731773177317732,0.5000000015988131,0.4800000010772908,0.520000001774834
1.7320732073207323,0.5000000015932022,0.48000000107351015,0.5200000017686054
1.7323732373237326,0.500000001587611,0.4800000010697428,0.5200000017623987
1.7326732673267329,0.5000000015820395,0.48000000106598867,0.5200000017562137
1.7329732973297332,0.5000000015764875,0.4800000010622477,0.5200000017500505
1.7332733273327334,0.500000001570955,0.48000000105851987,0.5200000017439089
1.7335733573357337,0.500000001565442,0.4800000010548051,0.5200000017377888
1.733873387338734,0.5000000015599482,0.48000000105110335,0.5200000017316903
1.7341734173417342,0.5000000015544738,0.48000000104741464,0.5200000017256131
1.7344734473447345,0.5000000015490185,0.48000000104373886,0.5200000017195573
1.7347734773477348,0.5000000015435824,0.480000001040076,0.5200000017135227
1.735073507350735,0.5000000015381654,0.4800000010364259,0.5200000017075093
1.7353735373537358,0.5000000015327674,0.4800000010327887,0.520000001701517
1.735673567356736,0.5000000015273883,0.4800000010291643,0.5200000016955456
1.7359735973597363,0.5000000015220281,0.4800000010255525,0.5200000016895954
1.7362736273627366,0.5000000015166867,0.4800000010219535,0.5200000016836659
1.7365736573657369,0.500000001511364,0.48000000101836704,0.5200000016777573
1.7368736873687372,0.50000000150606,0.48000000101479323,0.5200000016718693
1.7371737173717374,0.5000000015007747,0.4800000010112319,0.5200000016660021
1.7374737473747377,0.5000000014955079,0.4800000010076831,0.5200000016601555
1.737773777377738,0.5000000014902596,0.48000000100414675,0.5200000016543294
1.7380738073807382,0.5000000014850298,0.4800000010006228,0.5200000016485237
1.7383738373837385,0.5000000014798182,0.48000000099711126,0.5200000016427384
1.7386738673867388,0.500000001474625,0.480000000993612,0.5200000016369734
1.738973897389739,0.5000000014694499,0.480000000990125,0.5200000016312286
1.7392739273927393,0.500000001464293,0.4800000009866503,0.520000001625504
1.7395739573957396,0.5000000014591542,0.48000000098318774,0.5200000016197994
1.7398739873987399,0.5000000014540336,0.4800000009797374,0.520000001614115
1.7401740174017406,0.5000000014489308,0.4800000009762991,0.5200000016084504
1.7404740474047409,0.5000000014438459,0.4800000009728729,0.5200000016028057
1.7407740774077411,0.5000000014387789,0.4800000009694587,0.5200000015971808
1.7410741074107414,0.5000000014337297,0.4800000009660565,0.5200000015915758
1.7413741374137417,0.5000000014286982,0.4800000009626662,0.5200000015859902
1.741674167416742,0.5000000014236843,0.48000000095928785,0.5200000015804244
1.7419741974197422,0.5000000014186881,0.4800000009559213,0.5200000015748781
1.7422742274227425,0.5000000014137093,0.4800000009525666,0.5200000015693512
1.7425742574257428,0.500000001408748,0.48000000094922374,0.5200000015638437
1.742874287428743,0.5000000014038042,0.4800000009458925,0.5200000015583557
1.7431743174317433,0.5000000013988777,0.480000000942573,0.5200000015528867
1.7434743474347436,0.5000000013939685,0.48000000093926515,0.5200000015474371
1.7437743774377439,0.5000000013890765,0.48000000093596895,0.5200000015420065
1.7440744074407442,0.5000000013842018,0.48000000093268425,0.5200000015365951
1.7443744374437444,0.5000000013793441,0.4800000009294111,0.5200000015312025
1.7446744674467447,0.5000000013745034,0.4800000009261494,0.5200000015258289
1.744974497449745,0.5000000013696797,0.48000000092289924,0.5200000015204742
1.7452745274527457,0.500000001364873,0.4800000009196604,0.5200000015151383
1.745574557455746,0.5000000013600832,0.48000000091643297,0.5200000015098211
1.7458745874587462,0.5000000013553101,0.4800000009132169,0.5200000015045225
1.7461746174617465,0.5000000013505538,0.480000000910012,0.5200000014992426
1.7464746474647468,0.5000000013458141,0.48000000090681844,0.5200000014939812
1.746774677467747,0.5000000013410911,0.48000000090363604,0.5200000014887383
1.7470747074707473,0.5000000013363848,0.48000000090046485,0.5200000014835137
1.7473747374737476,0.5000000013316949,0.48000000089730477,0.5200000014783074
1.7476747674767479,0.5000000013270214,0.4800000008941558,0.5200000014731194
1.7479747974797482,0.5000000013223644,0.48000000089101785,0.5200000014679498
1.7482748274827484,0.5000000013177237,0.4800000008878909,0.5200000014627981
1.7485748574857487,0.5000000013130993,0.48000000088477496,0.5200000014576646
1.748874887488749,0.5000000013084911,0.48000000088166994,0.5200000014525491
1.7491749174917492,0.5000000013038991,0.4800000008785758,0.5200000014474515
1.7494749474947495,0.5000000012993232,0.48000000087549255,0.5200000014423719
1.7497749774977498,0.5000000012947634,0.4800000008724201,0.5200000014373101
1.75007500750075,0.5000000012902196,0.48000000086935846,0.520000001432266
1.7503750375037508,0.5000000012856917,0.48000000086630756,0.5200000014272396
1.750675067506751,0.5000000012811797,0.48000000086326733,0.5200000014222308
1.7509750975097513,0.5000000012766835,0.4800000008602378,0.5200000014172397
1.7512751275127516,0.5000000012722032,0.4800000008572189,0.5200000014122661
1.7515751575157519,0.5000000012677386,0.4800000008542106,0.5200000014073098
1.7518751875187522,0.5000000012632896,0.4800000008512128,0.520000001402371
1.7521752175217524,0.5000000012588562,0.4800000008482256,0.5200000013974496
1.7524752475247527,0.5000000012544383,0.48000000084524885,0.5200000013925454
1.752775277527753,0.5000000012500361,0.48000000084228256,0.5200000013876585
1.7530753075307532,0.5000000012456493,0.48000000083932665,0.5200000013827886
1.7533753375337535,0.5000000012412777,0.4800000008363811,0.5200000013779359
1.7536753675367538,0.5000000012369216,0.4800000008334459,0.5200000013731001
1.753975397539754,0.5000000012325808,0.480000000830521,0.5200000013682814
1.7542754275427543,0.5000000012282552,0.4800000008276064,0.5200000013634796
1.7545754575457546,0.5000000012239447,0.480000000824702,0.5200000013586946
1.7548754875487549,0.5000000012196495,0.4800000008218078,0.5200000013539264
1.7551755175517556,0.5000000012153692,0.4800000008189238,0.520000001349175
1.7554755475547559,0.500000001211104,0.4800000008160499,0.5200000013444402
1.7557755775577562,0.5000000012068538,0.48000000081318606,0.520000001339722
1.7560756075607564,0.5000000012026184,0.48000000081033223,0.5200000013350204
1.7563756375637567,0.500000001198398,0.4800000008074885,0.5200000013303353
1.756675667566757,0.5000000011941924,0.4800000008046547,0.5200000013256667
1.7569756975697572,0.5000000011900015,0.48000000080183086,0.5200000013210144
1.7572757275727575,0.5000000011858253,0.48000000079901695,0.5200000013163785
1.7575757575757578,0.5000000011816638,0.48000000079621286,0.5200000013117587
1.757875787578758,0.5000000011775169,0.48000000079341865,0.5200000013071553
1.7581758175817583,0.5000000011733845,0.4800000007906342,0.520000001302568
1.7584758475847586,0.5000000011692667,0.4800000007878596,0.5200000012979967
1.7587758775877589,0.5000000011651633,0.4800000007850947,0.5200000012934416
1.7590759075907592,0.5000000011610742,0.4800000007823395,0.5200000012889024
1.7593759375937594,0.5000000011569996,0.4800000007795939,0.5200000012843792
1.7596759675967597,0.5000000011529392,0.48000000077685806,0.5200000012798718
1.75997599759976,0.5000000011488931,0.48000000077413174,0.5200000012753802
1.7602760276027607,0.5000000011448612,0.480000000771415,0.5200000012709044
1.760576057605761,0.5000000011408434,0.48000000076870786,0.5200000012664443
1.7608760876087612,0.5000000011368398,0.4800000007660101,0.5200000012619999
1.7611761176117615,0.5000000011328501,0.48000000076332194,0.520000001257571
1.7614761476147618,0.5000000011288745,0.48000000076064314,0.5200000012531577
1.761776177617762,0.5000000011249129,0.4800000007579737,0.5200000012487599
1.7620762076207623,0.5000000011209652,0.4800000007553137,0.5200000012443775
1.7623762376237626,0.5000000011170312,0.480000000752663,0.5200000012400106
1.7626762676267629,0.5000000011131112,0.48000000075002164,0.5200000012356588
1.7629762976297632,0.5000000011092048,0.4800000007473895,0.5200000012313224
1.7632763276327634,0.5000000011053122,0.4800000007447666,0.5200000012270012
1.7635763576357637,0.5000000011014333,0.480000000742153,0.5200000012226952
1.763876387638764,0.5000000010975679,0.48000000073954846,0.5200000012184043
1.7641764176417642,0.5000000010937161,0.4800000007369531,0.5200000012141285
1.7644764476447645,0.5000000010898779,0.4800000007343668,0.5200000012098676
1.7647764776477648,0.500000001086053,0.48000000073178967,0.5200000012056217
1.7650765076507655,0.5000000010822416,0.48000000072922155,0.5200000012013907
1.7653765376537658,0.5000000010784437,0.48000000072666243,0.5200000011971746
1.765676567656766,0.5000000010746589,0.4800000007241123,0.5200000011929732
1.7659765976597663,0.5000000010708876,0.4800000007215711,0.5200000011887866
1.7662766276627666,0.5000000010671294,0.4800000007190388,0.5200000011846148
1.7665766576657669,0.5000000010633845,0.48000000071651544,0.5200000011804574
1.7668766876687672,0.5000000010596526,0.4800000007140009,0.5200000011763147
1.7671767176717674,0.5000000010559339,0.4800000007114952,0.5200000011721866
1.7674767476747677,0.5000000010522282,0.4800000007089983,0.520000001168073
1.767776777677768,0.5000000010485355,0.48000000070651017,0.5200000011639737
1.7680768076807682,0.5000000010448558,0.4800000007040307,0.5200000011598889
1.7683768376837685,0.500000001041189,0.48000000070156,0.5200000011558185
1.7686768676867688,0.5000000010375351,0.480000000699098,0.5200000011517621
1.768976897689769,0.500000001033894,0.48000000069664456,0.5200000011477203
1.7692769276927693,0.5000000010302657,0.48000000069419974,0.5200000011436924
1.7695769576957696,0.50000000102665,0.4800000006917635,0.5200000011396788
1.7698769876987699,0.5000000010230471,0.4800000006893359,0.5200000011356792
1.7701770177017706,0.5000000010194569,0.48000000068691673,0.5200000011316936
1.7704770477047709,0.5000000010158792,0.4800000006845061,0.5200000011277222
1.7707770777077712,0.500000001012314,0.48000000068210386,0.5200000011237645
1.7710771077107714,0.5000000010087614,0.4800000006797101,0.5200000011198208
1.7713771377137717,0.5000000010052214,0.48000000067732473,0.5200000011158908
1.771677167716772,0.5000000010016936,0.48000000067494775,0.5200000011119748
1.7719771977197722,0.5000000009981783,0.4800000006725791,0.5200000011080724
1.7722772277227725,0.5000000009946753,0.48000000067021875,0.5200000011041838
1.7725772577257728,0.5000000009911846,0.4800000006678667,0.5200000011003088
1.772877287728773,0.5000000009877061,0.4800000006655229,0.5200000010964474
1.7731773177317733,0.5000000009842399,0.4800000006631873,0.5200000010925995
1.7734773477347736,0.5000000009807858,0.48000000066085996,0.5200000010887652
1.7737773777377739,0.5000000009773439,0.48000000065854076,0.5200000010849443
1.7740774077407742,0.500000000973914,0.48000000065622966,0.5200000010811368
1.7743774377437744,0.5000000009704961,0.4800000006539267,0.5200000010773427
1.7746774677467747,0.5000000009670903,0.4800000006516318,0.5200000010735618
1.774977497749775,0.5000000009636965,0.480000000649345,0.5200000010697943
1.7752775277527757,0.5000000009603144,0.48000000064706616,0.5200000010660399
1.775577557755776,0.5000000009569443,0.48000000064479537,0.5200000010622988
1.7758775877587762,0.500000000953586,0.48000000064253256,0.5200000010585708
1.7761776177617765,0.5000000009502396,0.48000000064027765,0.5200000010548559
1.7764776477647768,0.5000000009469048,0.48000000063803067,0.520000001051154
1.776777677767777,0.5000000009435817,0.48000000063579157,0.520000001047465
1.7770777077707773,0.5000000009402703,0.48000000063356035,0.5200000010437891
1.7773777377737776,0.5000000009369705,0.4800000006313369,0.520000001040126
1.7776777677767779,0.5000000009336824,0.4800000006291213,0.5200000010364758
1.7779777977797782,0.5000000009304056,0.4800000006269135,0.5200000010328385
1.7782778277827784,0.5000000009271406,0.4800000006247134,0.5200000010292138
1.7785778577857787,0.5000000009238869,0.480000000622521,0.520000001025602
1.778877887788779,0.5000000009206446,0.4800000006203364,0.5200000010220027
1.7791779177917793,0.5000000009174137,0.4800000006181594,0.520000001018416
1.7794779477947795,0.5000000009141942,0.48000000061599,0.520000001014842
1.7797779777977798,0.5000000009109858,0.48000000061382825,0.5200000010112806
1.7800780078007805,0.5000000009077888,0.4800000006116741,0.5200000010077316
1.7803780378037808,0.5000000009046031,0.4800000006095275,0.5200000010041951
1.780678067806781,0.5000000009014285,0.48000000060738846,0.520000001000671
1.7809780978097813,0.500000000898265,0.4800000006052569,0.5200000009971593
1.7812781278127816,0.5000000008951127,0.4800000006031328,0.5200000009936598
1.7815781578157819,0.5000000008919714,0.48000000060101616,0.5200000009901726
1.7818781878187822,0.5000000008888411,0.48000000059890696,0.5200000009866977
1.7821782178217824,0.5000000008857218,0.4800000005968052,0.5200000009832351
1.7824782478247827,0.5000000008826134,0.48000000059471076,0.5200000009797845
1.782778277827783,0.500000000879516,0.4800000005926237,0.5200000009763461
1.7830783078307832,0.5000000008764295,0.48000000059054393,0.5200000009729198
1.7833783378337835,0.5000000008733537,0.4800000005884715,0.5200000009695054
1.7836783678367838,0.5000000008702888,0.4800000005864063,0.520000000966103
1.783978397839784,0.5000000008672346,0.4800000005843484,0.5200000009627126
1.7842784278427843,0.5000000008641912,0.4800000005822977,0.5200000009593341
1.7845784578457846,0.5000000008611584,0.48000000058025416,0.5200000009559673
1.784878487848785,0.5000000008581362,0.48000000057821784,0.5200000009526125
1.7851785178517856,0.5000000008551247,0.48000000057618863,0.5200000009492695
1.7854785478547859,0.5000000008521237,0.4800000005741666,0.520000000945938
1.7857785778577862,0.5000000008491333,0.4800000005721516,0.5200000009426184
1.7860786078607864,0.5000000008461534,0.4800000005701437,0.5200000009393104
1.7863786378637867,0.5000000008431839,0.48000000056814285,0.520000000936014
1.786678667866787,0.5000000008402248,0.480000000566149,0.5200000009327291
1.7869786978697872,0.5000000008372761,0.4800000005641622,0.5200000009294559
1.7872787278727875,0.5000000008343378,0.48000000056218234,0.520000000926194
1.7875787578757878,0.5000000008314098,0.4800000005602094,0.5200000009229436
1.787878787878788,0.500000000828492,0.48000000055824343,0.5200000009197047
1.7881788178817883,0.5000000008255846,0.48000000055628433,0.5200000009164771
1.7884788478847886,0.5000000008226873,0.4800000005543321,0.5200000009132608
1.7887788778877889,0.5000000008198001,0.48000000055238673,0.5200000009100558
1.7890789078907892,0.5000000008169232,0.4800000005504482,0.520000000906862
1.7893789378937894,0.5000000008140563,0.4800000005485165,0.5200000009036796
1.7896789678967897,0.5000000008111994,0.48000000054659153,0.5200000009005082
1.78997899789979,0.5000000008083526,0.4800000005446733,0.520000000897348
1.7902790279027907,0.5000000008055158,0.4800000005427618,0.5200000008941988
1.790579057905791,0.5000000008026889,0.48000000054085706,0.5200000008910607
1.7908790879087912,0.500000000799872,0.480000000538959,0.5200000008879336
1.7911791179117915,0.500000000797065,0.4800000005370676,0.5200000008848176
1.7914791479147918,0.5000000007942677,0.4800000005351828,0.5200000008817124
1.791779177917792,0.5000000007914803,0.48000000053330466,0.5200000008786181
1.7920792079207923,0.5000000007887027,0.4800000005314331,0.5200000008755347
1.7923792379237926,0.5000000007859349,0.4800000005295681,0.5200000008724621
1.7926792679267929,0.5000000007831767,0.48000000052770964,0.5200000008694003
1.7929792979297932,0.5000000007804282,0.4800000005258577,0.5200000008663492
1.7932793279327934,0.5000000007776894,0.48000000052401226,0.5200000008633089
1.7935793579357937,0.5000000007749602,0.4800000005221733,0.5200000008602792
1.793879387938794,0.5000000007722406,0.48000000052034075,0.5200000008572602
1.7941794179417943,0.5000000007695304,0.4800000005185147,0.5200000008542517
1.7944794479447945,0.5000000007668299,0.480000000516695,0.5200000008512538
1.7947794779477948,0.5000000007641388,0.48000000051488173,0.5200000008482664
1.7950795079507955,0.5000000007614571,0.48000000051307484,0.5200000008452895
1.7953795379537958,0.5000000007587849,0.4800000005112742,0.5200000008423231
1.795679567956796,0.500000000756122,0.48000000050948,0.520000000839367
1.7959795979597963,0.5000000007534685,0.48000000050769204,0.5200000008364214
1.7962796279627966,0.5000000007508243,0.48000000050591035,0.5200000008334861
1.7965796579657969,0.5000000007481893,0.4800000005041349,0.520000000830561
1.7968796879687972,0.5000000007455636,0.4800000005023657,0.5200000008276463
1.7971797179717974,0.5000000007429471,0.4800000005006027,0.5200000008247417
1.7974797479747977,0.5000000007403399,0.4800000004988459,0.5200000008218474
1.797779777977798,0.5000000007377418,0.48000000049709524,0.5200000008189632
1.7980798079807983,0.5000000007351527,0.48000000049535074,0.5200000008160891
1.7983798379837985,0.5000000007325728,0.48000000049361236,0.5200000008132252
1.7986798679867988,0.500000000730002,0.4800000004918801,0.5200000008103712
1.798979897989799,0.50000000072744,0.4800000004901539,0.5200000008075274
1.7992799279927993,0.5000000007248872,0.4800000004884338,0.5200000008046934
1.7995799579957996,0.5000000007223433,0.48000000048671965,0.5200000008018695
1.7998799879988,0.5000000007198083,0.48000000048501157,0.5200000007990554
1.8001800180018006,0.5000000007172822,0.4800000004833095,0.5200000007962512
1.8004800480048009,0.500000000714765,0.48000000048161334,0.5200000007934569
1.8007800780078012,0.5000000007122566,0.4800000004799232,0.5200000007906723
1.8010801080108014,0.500000000709757,0.48000000047823893,0.5200000007878975
1.8013801380138017,0.5000000007072662,0.4800000004765606,0.5200000007851324
1.801680168016802,0.5000000007047841,0.48000000047488817,0.5200000007823772
1.8019801980198022,0.5000000007023108,0.4800000004732216,0.5200000007796315
1.8022802280228025,0.5000000006998461,0.4800000004715609,0.5200000007768955
1.8025802580258028,0.50000000069739,0.480000000469906,0.520000000774169
1.802880288028803,0.5000000006949427,0.4800000004682569,0.5200000007714521
1.8031803180318033,0.5000000006925038,0.4800000004666136,0.5200000007687449
1.8034803480348036,0.5000000006900736,0.4800000004649761,0.520000000766047
1.8037803780378039,0.5000000006876518,0.48000000046334435,0.5200000007633586
1.8040804080408042,0.5000000006852386,0.48000000046171826,0.5200000007606798
1.8043804380438044,0.5000000006828338,0.48000000046009794,0.5200000007580102
1.8046804680468047,0.5000000006804375,0.4800000004584833,0.52000000075535
1.804980498049805,0.5000000006780496,0.4800000004568743,0.5200000007526993
1.8052805280528057,0.5000000006756701,0.4800000004552709,0.5200000007500577
1.805580558055806,0.5000000006732989,0.4800000004536732,0.5200000007474255
1.8058805880588062,0.500000000670936,0.4800000004520811,0.5200000007448025
1.8061806180618065,0.5000000006685814,0.48000000045049457,0.5200000007421887
1.8064806480648068,0.5000000006662351,0.4800000004489136,0.5200000007395841
1.806780678067807,0.500000000663897,0.4800000004473382,0.5200000007369886
1.8070807080708073,0.5000000006615671,0.4800000004457683,0.5200000007344022
1.8073807380738076,0.5000000006592454,0.48000000044420393,0.520000000731825
1.8076807680768079,0.500000000656932,0.48000000044264507,0.5200000007292567
1.8079807980798082,0.5000000006546265,0.48000000044109165,0.5200000007266974
1.8082808280828084,0.5000000006523292,0.48000000043954366,0.5200000007241471
1.8085808580858087,0.5000000006500399,0.4800000004380012,0.5200000007216058
1.808880888088809,0.5000000006477586,0.480000000436464,0.5200000007190735
1.8091809180918093,0.5000000006454854,0.4800000004349323,0.52000000071655
1.8094809480948095,0.5000000006432201,0.48000000043340596,0.5200000007140353
1.8097809780978098,0.5000000006409628,0.48000000043188495,0.5200000007115294
1.8100810081008105,0.5000000006387134,0.48000000043036933,0.5200000007090324
1.8103810381038108,0.500000000636472,0.480000000428859,0.5200000007065442
1.810681068106811,0.5000000006342383,0.48000000042735397,0.5200000007040646
1.8109810981098113,0.5000000006320126,0.4800000004258542,0.5200000007015938
1.8112811281128116,0.5000000006297945,0.4800000004243597,0.5200000006991317
1.8115811581158119,0.5000000006275843,0.4800000004228705,0.5200000006966781
1.8118811881188122,0.500000000625382,0.48000000042138646,0.5200000006942331
1.8121812181218124,0.5000000006231872,0.48000000041990765,0.5200000006917969
1.8124812481248127,0.5000000006210003,0.48000000041843405,0.520000000689369
1.812781278127813,0.5000000006188209,0.4800000004169656,0.5200000006869498
1.8130813081308133,0.5000000006166492,0.4800000004155023,0.520000000684539
1.8133813381338135,0.5000000006144851,0.4800000004140441,0.5200000006821367
1.8136813681368138,0.5000000006123286,0.4800000004125911,0.5200000006797428
1.813981398139814,0.5000000006101798,0.48000000041114316,0.5200000006773573
1.8142814281428143,0.5000000006080384,0.4800000004097003,0.5200000006749802
1.8145814581458146,0.5000000006059045,0.4800000004082625,0.5200000006726114
1.814881488148815,0.5000000006037782,0.4800000004068298,0.520000000670251
1.8151815181518156,0.5000000006016594,0.480000000405402,0.5200000006678989
1.8154815481548159,0.5000000005995479,0.48000000040397933,0.520000000665555
1.8157815781578162,0.5000000005974439,0.4800000004025616,0.5200000006632193
1.8160816081608164,0.5000000005953472,0.4800000004011489,0.5200000006608918
1.8163816381638167,0.5000000005932579,0.48000000039974106,0.5200000006585724
1.816681668166817,0.5000000005911759,0.48000000039833823,0.5200000006562613
1.8169816981698172,0.5000000005891012,0.4800000003969403,0.5200000006539581
1.8172817281728175,0.5000000005870339,0.4800000003955473,0.5200000006516632
1.8175817581758178,0.5000000005849737,0.48000000039415913,0.5200000006493762
1.817881788178818,0.5000000005829208,0.4800000003927759,0.5200000006470973
1.8181818181818183,0.5000000005808751,0.4800000003913975,0.5200000006448264
1.8184818481848186,0.5000000005788366,0.48000000039002394,0.5200000006425635
1.818781878187819,0.5000000005768053,0.4800000003886552,0.5200000006403085
1.8190819081908192,0.500000000574781,0.48000000038729124,0.5200000006380614
1.8193819381938194,0.500000000572764,0.4800000003859321,0.5200000006358222
1.8196819681968197,0.5000000005707539,0.4800000003845777,0.5200000006335909
1.81998199819982,0.5000000005687508,0.48000000038322804,0.5200000006313673
1.8202820282028207,0.5000000005667549,0.4800000003818832,0.5200000006291516
1.820582058205821,0.5000000005647659,0.48000000038054297,0.5200000006269436
1.8208820882088212,0.5000000005627839,0.48000000037920754,0.5200000006247435
1.8211821182118215,0.500000000560809,0.4800000003778767,0.520000000622551
1.8214821482148218,0.5000000005588409,0.4800000003765506,0.5200000006203662
1.821782178217822,0.5000000005568797,0.48000000037522916,0.5200000006181891
1.8220822082208223,0.5000000005549253,0.48000000037391233,0.5200000006160197
1.8223822382238226,0.5000000005529779,0.48000000037260016,0.5200000006138578
1.8226822682268229,0.5000000005510372,0.48000000037129253,0.5200000006117036
1.8229822982298232,0.5000000005491034,0.4800000003699895,0.5200000006095569
1.8232823282328234,0.5000000005471764,0.48000000036869106,0.5200000006074177
1.8235823582358237,0.5000000005452562,0.4800000003673972,0.5200000006052861
1.823882388238824,0.5000000005433427,0.48000000036610785,0.5200000006031619
1.8241824182418243,0.5000000005414359,0.48000000036482304,0.5200000006010451
1.8244824482448245,0.5000000005395357,0.48000000036354273,0.5200000005989358
1.8247824782478248,0.5000000005376424,0.4800000003622669,0.5200000005968339
1.8250825082508255,0.5000000005357556,0.4800000003609956,0.5200000005947394
1.8253825382538258,0.5000000005338754,0.48000000035972873,0.5200000005926522
1.825682568256826,0.5000000005320018,0.4800000003584663,0.5200000005905724
1.8259825982598263,0.5000000005301348,0.4800000003572083,0.5200000005884998
1.8262826282628266,0.5000000005282743,0.48000000035595475,0.5200000005864346
1.8265826582658269,0.5000000005264205,0.4800000003547055,0.5200000005843766
1.8268826882688272,0.500000000524573,0.48000000035346074,0.5200000005823258
1.8271827182718274,0.5000000005227321,0.4800000003522203,0.5200000005802821
1.8274827482748277,0.5000000005208975,0.4800000003509842,0.5200000005782457
1.827782778277828,0.5000000005190696,0.4800000003497525,0.5200000005762164
1.8280828082808283,0.5000000005172479,0.4800000003485251,0.5200000005741943
1.8283828382838285,0.5000000005154327,0.48000000034730195,0.5200000005721791
1.8286828682868288,0.5000000005136239,0.48000000034608314,0.5200000005701712
1.828982898289829,0.5000000005118214,0.4800000003448686,0.5200000005681702
1.8292829282928293,0.5000000005100252,0.4800000003436583,0.5200000005661762
1.8295829582958296,0.5000000005082353,0.4800000003424523,0.5200000005641894
1.82988298829883,0.5000000005064518,0.4800000003412505,0.5200000005622094
1.8301830183018306,0.5000000005046744,0.4800000003400529,0.5200000005602363
1.8304830483048309,0.5000000005029033,0.48000000033885953,0.5200000005582703
1.8307830783078312,0.5000000005011385,0.4800000003376704,0.5200000005563111
1.8310831083108314,0.5000000004993798,0.4800000003364853,0.5200000005543588
1.8313831383138317,0.5000000004976272,0.4800000003353045,0.5200000005524134
1.831683168316832,0.5000000004958809,0.48000000033412776,0.5200000005504747
1.8319831983198323,0.5000000004941406,0.4800000003329552,0.5200000005485429
1.8322832283228325,0.5000000004924064,0.48000000033178675,0.5200000005466178
1.8325832583258328,0.5000000004906784,0.48000000033062235,0.5200000005446995
1.832883288328833,0.5000000004889564,0.48000000032946205,0.5200000005427879
1.8331833183318333,0.5000000004872405,0.48000000032830586,0.5200000005408831
1.8334833483348336,0.5000000004855306,0.48000000032715373,0.520000000538985
1.833783378337834,0.5000000004838266,0.4800000003260056,0.5200000005370934
1.8340834083408342,0.5000000004821288,0.4800000003248615,0.5200000005352086
1.8343834383438344,0.5000000004804368,0.4800000003237215,0.5200000005333303
1.8346834683468347,0.5000000004787507,0.4800000003225854,0.5200000005314587
1.834983498349835,0.5000000004770706,0.4800000003214533,0.5200000005295936
1.8352835283528357,0.5000000004753964,0.4800000003203252,0.520000000527735
1.835583558355836,0.5000000004737281,0.4800000003192011,0.520000000525883
1.8358835883588362,0.5000000004720655,0.4800000003180809,0.5200000005240375
1.8361836183618365,0.5000000004704088,0.4800000003169646,0.5200000005221984
1.8364836483648368,0.500000000468758,0.48000000031585227,0.5200000005203658
1.836783678367837,0.500000000467113,0.4800000003147438,0.5200000005185397
1.8370837083708373,0.5000000004654737,0.48000000031363926,0.5200000005167199
1.8373837383738376,0.5000000004638402,0.48000000031253853,0.5200000005149066
1.837683768376838,0.5000000004622124,0.48000000031144174,0.5200000005130995
1.8379837983798382,0.5000000004605903,0.4800000003103488,0.5200000005112988
1.8382838283828384,0.5000000004589739,0.48000000030925966,0.5200000005095045
1.8385838583858387,0.5000000004573631,0.4800000003081743,0.5200000005077164
1.838883888388839,0.5000000004557581,0.48000000030709283,0.5200000005059346
1.8391839183918393,0.5000000004541587,0.48000000030601514,0.5200000005041592
1.8394839483948395,0.5000000004525649,0.48000000030494117,0.5200000005023899
1.8397839783978398,0.5000000004509767,0.480000000303871,0.5200000005006268
1.8400840084008405,0.500000000449394,0.48000000030280465,0.5200000004988699
1.8403840384038408,0.5000000004478169,0.48000000030174195,0.5200000004971191
1.840684068406841,0.5000000004462454,0.48000000030068307,0.5200000004953746
1.8409840984098413,0.5000000004446793,0.48000000029962786,0.5200000004936361
1.8412841284128416,0.5000000004431188,0.4800000002985763,0.5200000004919038
1.8415841584158419,0.5000000004415637,0.4800000002975285,0.5200000004901775
1.8418841884188422,0.500000000440014,0.4800000002964844,0.5200000004884573
1.8421842184218424,0.5000000004384698,0.4800000002954439,0.5200000004867431
1.8424842484248427,0.5000000004369312,0.48000000029440704,0.5200000004850349
1.842784278427843,0.5000000004353977,0.48000000029337386,0.5200000004833327
1.8430843084308433,0.5000000004338697,0.4800000002923443,0.5200000004816365
1.8433843384338435,0.5000000004323472,0.48000000029131834,0.5200000004799463
1.8436843684368438,0.5000000004308299,0.480000000290296,0.520000000478262
1.843984398439844,0.5000000004293179,0.48000000028927725,0.5200000004765836
1.8442844284428443,0.5000000004278112,0.48000000028826206,0.520000000474911
1.8445844584458446,0.5000000004263099,0.48000000028725043,0.5200000004732444
1.844884488448845,0.5000000004248139,0.48000000028624235,0.5200000004715836
1.8451845184518456,0.500000000423323,0.4800000002852378,0.5200000004699287
1.8454845484548459,0.5000000004218375,0.48000000028423684,0.5200000004682794
1.8457845784578462,0.500000000420357,0.4800000002832393,0.5200000004666361
1.8460846084608464,0.5000000004188818,0.4800000002822453,0.5200000004649985
1.8463846384638467,0.5000000004174118,0.48000000028125483,0.5200000004633666
1.846684668466847,0.5000000004159469,0.4800000002802678,0.5200000004617406
1.8469846984698473,0.5000000004144872,0.48000000027928424,0.5200000004601201
1.8472847284728475,0.5000000004130326,0.4800000002783041,0.5200000004585054
1.8475847584758478,0.5000000004115831,0.4800000002773274,0.5200000004568963
1.847884788478848,0.5000000004101387,0.4800000002763542,0.5200000004552928
1.8481848184818483,0.5000000004086994,0.48000000027538436,0.520000000453695
1.8484848484848486,0.5000000004072651,0.4800000002744179,0.5200000004521028
1.848784878487849,0.5000000004058358,0.48000000027345485,0.5200000004505162
1.8490849084908492,0.5000000004044116,0.48000000027249523,0.5200000004489352
1.8493849384938494,0.5000000004029924,0.48000000027153894,0.5200000004473597
1.8496849684968497,0.5000000004015781,0.480000000270586,0.5200000004457898
1.84998499849985,0.5000000004001688,0.4800000002696364,0.5200000004442253
1.8502850285028507,0.5000000003987645,0.48000000026869016,0.5200000004426664
1.850585058505851,0.500000000397365,0.4800000002677472,0.5200000004411128
1.8508850885088513,0.5000000003959706,0.48000000026680756,0.5200000004395648
1.8511851185118515,0.5000000003945809,0.48000000026587125,0.5200000004380222
1.8514851485148518,0.5000000003931963,0.4800000002649382,0.5200000004364851
1.851785178517852,0.5000000003918164,0.4800000002640084,0.5200000004349532
1.8520852085208523,0.5000000003904413,0.4800000002630819,0.5200000004334269
1.8523852385238526,0.5000000003890711,0.48000000026215867,0.5200000004319058
1.852685268526853,0.5000000003877056,0.4800000002612386,0.5200000004303901
1.8529852985298532,0.5000000003863451,0.48000000026032186,0.5200000004288796
1.8532853285328534,0.5000000003849893,0.4800000002594083,0.5200000004273745
1.8535853585358537,0.5000000003836381,0.4800000002584979,0.5200000004258747
1.853885388538854,0.5000000003822919,0.48000000025759076,0.5200000004243801
1.8541854185418543,0.5000000003809503,0.48000000025668677,0.5200000004228909
1.8544854485448545,0.5000000003796133,0.48000000025578593,0.5200000004214067
1.8547854785478548,0.5000000003782811,0.4800000002548883,0.5200000004199279
1.8550855085508555,0.5000000003769536,0.4800000002539938,0.5200000004184542
1.8553855385538558,0.5000000003756307,0.48000000025310247,0.5200000004169857
1.855685568556856,0.5000000003743125,0.48000000025221423,0.5200000004155223
1.8559855985598563,0.5000000003729989,0.4800000002513291,0.520000000414064
1.8562856285628566,0.5000000003716899,0.4800000002504471,0.520000000412611
1.8565856585658569,0.5000000003703855,0.4800000002495682,0.5200000004111629
1.8568856885688572,0.5000000003690857,0.4800000002486923,0.52000000040972
1.8571857185718574,0.5000000003677904,0.4800000002478196,0.5200000004082821
1.8574857485748577,0.5000000003664996,0.4800000002469499,0.5200000004068493
1.857785778577858,0.5000000003652134,0.48000000024608325,0.5200000004054215
1.8580858085808583,0.5000000003639318,0.48000000024521966,0.5200000004039987
1.8583858385838585,0.5000000003626546,0.48000000024435907,0.520000000402581
1.8586858685868588,0.5000000003613819,0.48000000024350153,0.5200000004011681
1.858985898589859,0.5000000003601137,0.480000000242647,0.5200000003997604
1.8592859285928593,0.50000000035885,0.48000000024179545,0.5200000003983574
1.8595859585958596,0.5000000003575905,0.48000000024094686,0.5200000003969594
1.85988598859886,0.5000000003563356,0.4800000002401013,0.5200000003955663
1.8601860186018606,0.5000000003550851,0.4800000002392587,0.5200000003941782
1.8604860486048609,0.500000000353839,0.48000000023841904,0.5200000003927948
1.8607860786078612,0.5000000003525973,0.4800000002375823,0.5200000003914164
1.8610861086108614,0.5000000003513598,0.48000000023674855,0.5200000003900427
1.8613861386138617,0.5000000003501268,0.4800000002359177,0.5200000003886739
1.861686168616862,0.500000000348898,0.4800000002350898,0.5200000003873099
1.8619861986198623,0.5000000003476737,0.48000000023426476,0.5200000003859506
1.8622862286228625,0.5000000003464535,0.48000000023344264,0.5200000003845963
1.8625862586258628,0.5000000003452376,0.4800000002326234,0.5200000003832466
1.862886288628863,0.5000000003440261,0.48000000023180706,0.5200000003819015
1.8631863186318633,0.5000000003428188,0.48000000023099354,0.5200000003805613
1.8634863486348636,0.5000000003416157,0.4800000002301829,0.5200000003792258
1.863786378637864,0.5000000003404168,0.4800000002293751,0.520000000377895
1.8640864086408642,0.5000000003392222,0.48000000022857015,0.5200000003765688
1.8643864386438644,0.5000000003380317,0.480000000227768,0.5200000003752472
1.8646864686468647,0.5000000003368454,0.48000000022696865,0.5200000003739303
1.864986498649865,0.5000000003356633,0.4800000002261722,0.5200000003726181
1.8652865286528657,0.5000000003344853,0.4800000002253784,0.5200000003713104
1.865586558655866,0.5000000003333115,0.4800000002245875,0.5200000003700074
1.8658865886588663,0.5000000003321418,0.4800000002237993,0.5200000003687089
1.8661866186618665,0.5000000003309761,0.4800000002230139,0.5200000003674149
1.8664866486648668,0.5000000003298146,0.48000000022223127,0.5200000003661255
1.866786678667867,0.5000000003286572,0.4800000002214514,0.5200000003648406
1.8670867086708673,0.5000000003275038,0.48000000022067424,0.5200000003635602
1.8673867386738676,0.5000000003263545,0.4800000002198998,0.5200000003622843
1.867686768676868,0.5000000003252092,0.4800000002191281,0.520000000361013
1.8679867986798682,0.5000000003240679,0.4800000002183591,0.520000000359746
1.8682868286828684,0.5000000003229306,0.48000000021759276,0.5200000003584836
1.8685868586858687,0.5000000003217974,0.48000000021682915,0.5200000003572255
1.868886888688869,0.500000000320668,0.4800000002160682,0.5200000003559718
1.8691869186918693,0.5000000003195426,0.48000000021531,0.5200000003547226
1.8694869486948695,0.5000000003184213,0.48000000021455436,0.5200000003534777
1.8697869786978698,0.5000000003173038,0.4800000002138014,0.5200000003522373
1.8700870087008705,0.5000000003161903,0.48000000021305106,0.5200000003510011
1.8703870387038708,0.5000000003150806,0.4800000002123034,0.5200000003497693
1.870687068706871,0.5000000003139748,0.48000000021155836,0.5200000003485419
1.8709870987098713,0.5000000003128731,0.4800000002108159,0.5200000003473186
1.8712871287128716,0.500000000311775,0.48000000021007605,0.5200000003460998
1.871587158715872,0.5000000003106809,0.4800000002093388,0.5200000003448852
1.8718871887188722,0.5000000003095906,0.48000000020860417,0.5200000003436749
1.8721872187218724,0.5000000003085041,0.4800000002078721,0.5200000003424687
1.8724872487248727,0.5000000003074214,0.4800000002071426,0.5200000003412669
1.872787278727873,0.5000000003063426,0.48000000020641564,0.5200000003400693
1.8730873087308733,0.5000000003052675,0.4800000002056913,0.5200000003388758
1.8733873387338735,0.5000000003041962,0.4800000002049694,0.5200000003376866
1.8736873687368738,0.5000000003031286,0.4800000002042501,0.5200000003365015
1.873987398739874,0.5000000003020649,0.4800000002035333,0.5200000003353207
1.8742874287428744,0.5000000003010048,0.480000000202819,0.5200000003341438
1.8745874587458746,0.5000000002999485,0.48000000020210726,0.5200000003329712
1.874887488748875,0.5000000002988958,0.480000000201398,0.5200000003318027
1.8751875187518756,0.5000000002978469,0.4800000002006912,0.5200000003306383
1.8754875487548759,0.5000000002968017,0.4800000001999869,0.5200000003294779
1.8757875787578762,0.5000000002957601,0.48000000019928507,0.5200000003283216
1.8760876087608764,0.5000000002947221,0.4800000001985857,0.5200000003271694
1.8763876387638767,0.5000000002936879,0.4800000001978888,0.5200000003260213
1.876687668766877,0.5000000002926571,0.4800000001971943,0.5200000003248771
1.8769876987698773,0.50000000029163,0.4800000001965023,0.520000000323737
1.8772877287728775,0.5000000002906066,0.4800000001958127,0.520000000322601
1.8775877587758778,0.5000000002895868,0.4800000001951255,0.5200000003214688
1.877887788778878,0.5000000002885705,0.4800000001944407,0.5200000003203407
1.8781878187818783,0.5000000002875579,0.4800000001937584,0.5200000003192164
1.8784878487848786,0.5000000002865487,0.48000000019307837,0.5200000003180962
1.878787878787879,0.500000000285543,0.4800000001924008,0.5200000003169799
1.8790879087908792,0.500000000284541,0.4800000001917256,0.5200000003158675
1.8793879387938794,0.5000000002835424,0.48000000019105277,0.5200000003147589
1.8796879687968797,0.5000000002825473,0.48000000019038225,0.5200000003136543
1.8799879987998804,0.5000000002815558,0.48000000018971417,0.5200000003125536
1.8802880288028807,0.5000000002805677,0.48000000018904837,0.5200000003114568
1.880588058805881,0.5000000002795831,0.48000000018838496,0.5200000003103638
1.8808880888088813,0.5000000002786019,0.4800000001877238,0.5200000003092745
1.8811881188118815,0.5000000002776243,0.480000000187065,0.5200000003081892
1.8814881488148818,0.5000000002766499,0.48000000018640854,0.5200000003071076
1.881788178817882,0.500000000275679,0.48000000018575434,0.5200000003060299
1.8820882088208823,0.5000000002747116,0.48000000018510247,0.5200000003049559
1.8823882388238826,0.5000000002737475,0.4800000001844529,0.5200000003038857
1.882688268826883,0.5000000002727868,0.48000000018380556,0.5200000003028192
1.8829882988298832,0.5000000002718296,0.4800000001831605,0.5200000003017565
1.8832883288328834,0.5000000002708755,0.4800000001825177,0.5200000003006975
1.8835883588358837,0.500000000269925,0.4800000001818772,0.5200000002996422
1.883888388838884,0.5000000002689777,0.48000000018123895,0.5200000002985907
1.8841884188418843,0.5000000002680337,0.4800000001806029,0.5200000002975428
1.8844884488448845,0.5000000002670931,0.4800000001799691,0.5200000002964986
1.8847884788478848,0.5000000002661558,0.4800000001793375,0.5200000002954581
1.8850885088508855,0.5000000002652217,0.48000000017870814,0.5200000002944212
1.8853885388538858,0.5000000002642909,0.480000000178081,0.520000000293388
1.885688568856886,0.5000000002633634,0.48000000017745603,0.5200000002923584
1.8859885988598863,0.5000000002624392,0.48000000017683325,0.5200000002913324
1.8862886288628866,0.5000000002615183,0.4800000001762127,0.52000000029031
1.886588658865887,0.5000000002606004,0.4800000001755943,0.5200000002892912
1.8868886888688872,0.5000000002596859,0.48000000017497807,0.520000000288276
1.8871887188718874,0.5000000002587746,0.480000000174364,0.5200000002872642
1.8874887488748877,0.5000000002578664,0.4800000001737521,0.5200000002862561
1.887788778877888,0.5000000002569615,0.4800000001731423,0.5200000002852515
1.8880888088808883,0.5000000002560597,0.4800000001725347,0.5200000002842505
1.8883888388838885,0.5000000002551611,0.48000000017192923,0.520000000283253
1.8886888688868888,0.5000000002542656,0.4800000001713258,0.5200000002822589
1.888988898889889,0.5000000002533733,0.4800000001707246,0.5200000002812684
1.8892889288928894,0.5000000002524841,0.48000000017012545,0.5200000002802813
1.8895889588958896,0.5000000002515981,0.48000000016952843,0.5200000002792977
1.88988898889889,0.5000000002507151,0.48000000016893346,0.5200000002783175
1.8901890189018906,0.5000000002498353,0.4800000001683406,0.5200000002773407
1.890489048904891,0.5000000002489585,0.48000000016774985,0.5200000002763675
1.8907890789078912,0.5000000002480848,0.48000000016716116,0.5200000002753976
1.8910891089108914,0.5000000002472141,0.4800000001665745,0.5200000002744312
1.8913891389138917,0.5000000002463466,0.4800000001659899,0.520000000273468
1.891689168916892,0.5000000002454821,0.48000000016540745,0.5200000002725084
1.8919891989198923,0.5000000002446205,0.48000000016482697,0.520000000271552
1.8922892289228925,0.5000000002437621,0.4800000001642485,0.520000000270599
1.8925892589258928,0.5000000002429067,0.4800000001636721,0.5200000002696494
1.892889288928893,0.5000000002420542,0.4800000001630977,0.5200000002687031
1.8931893189318934,0.5000000002412047,0.4800000001625253,0.52000000026776
1.8934893489348936,0.5000000002403583,0.480000000161955,0.5200000002668204
1.893789378937894,0.5000000002395147,0.4800000001613866,0.520000000265884
1.8940894089408942,0.5000000002386742,0.48000000016082023,0.520000000264951
1.8943894389438944,0.5000000002378366,0.48000000016025585,0.5200000002640212
1.8946894689468947,0.500000000237002,0.48000000015969346,0.5200000002630946
1.8949894989498954,0.5000000002361702,0.480000000159133,0.5200000002621713
1.8952895289528957,0.5000000002353414,0.4800000001585746,0.5200000002612513
1.895589558955896,0.5000000002345155,0.4800000001580181,0.5200000002603344
1.8958895889588963,0.5000000002336925,0.4800000001574635,0.5200000002594207
1.8961896189618965,0.5000000002328724,0.4800000001569109,0.5200000002585103
1.8964896489648968,0.5000000002320552,0.48000000015636024,0.5200000002576032
1.896789678967897,0.5000000002312407,0.4800000001558115,0.5200000002566991
1.8970897089708973,0.5000000002304292,0.4800000001552647,0.5200000002557983
1.8973897389738976,0.5000000002296205,0.48000000015471983,0.5200000002549006
1.897689768976898,0.5000000002288147,0.4800000001541769,0.5200000002540061
1.8979897989798982,0.5000000002280117,0.4800000001536358,0.5200000002531147
1.8982898289828984,0.5000000002272116,0.48000000015309663,0.5200000002522264
1.8985898589858987,0.5000000002264142,0.4800000001525594,0.5200000002513412
1.898889888988899,0.5000000002256196,0.480000000152024,0.5200000002504591
1.8991899189918993,0.5000000002248278,0.48000000015149047,0.5200000002495802
1.8994899489948995,0.5000000002240388,0.48000000015095884,0.5200000002487043
1.8997899789978998,0.5000000002232525,0.48000000015042904,0.5200000002478316
1.9000900090009005,0.500000000222469,0.48000000014990113,0.5200000002469618
1.9003900390039008,0.5000000002216883,0.4800000001493751,0.520000000246095
1.900690069006901,0.5000000002209104,0.48000000014885086,0.5200000002452314
1.9009900990099013,0.5000000002201351,0.4800000001483285,0.5200000002443709
1.9012901290129016,0.5000000002193625,0.48000000014780797,0.5200000002435132
1.901590159015902,0.5000000002185927,0.4800000001472892,0.5200000002426587
1.9018901890189022,0.5000000002178256,0.48000000014677235,0.520000000241807
1.9021902190219024,0.5000000002170611,0.48000000014625727,0.5200000002409585
1.9024902490249027,0.5000000002162994,0.48000000014574395,0.5200000002401128
1.902790279027903,0.5000000002155404,0.48000000014523253,0.5200000002392702
1.9030903090309033,0.500000000214784,0.4800000001447228,0.5200000002384305
1.9033903390339035,0.5000000002140302,0.48000000014421496,0.5200000002375937
1.9036903690369038,0.5000000002132791,0.48000000014370886,0.52000000023676
1.903990399039904,0.5000000002125305,0.4800000001432045,0.5200000002359291
1.9042904290429044,0.5000000002117847,0.48000000014270194,0.5200000002351011
1.9045904590459046,0.5000000002110415,0.4800000001422012,0.5200000002342761
1.904890489048905,0.5000000002103009,0.48000000014170213,0.5200000002334539
1.9051905190519056,0.5000000002095628,0.4800000001412048,0.5200000002326346
1.905490549054906,0.5000000002088274,0.48000000014070926,0.5200000002318182
1.9057905790579062,0.5000000002080945,0.4800000001402155,0.5200000002310047
1.9060906090609064,0.5000000002073642,0.48000000013972344,0.520000000230194
1.9063906390639067,0.5000000002066366,0.48000000013923305,0.5200000002293862
1.906690669066907,0.5000000002059114,0.48000000013874444,0.5200000002285812
1.9069906990699073,0.5000000002051888,0.48000000013825755,0.5200000002277789
1.9072907290729075,0.5000000002044687,0.48000000013777233,0.5200000002269796
1.9075907590759078,0.5000000002037511,0.48000000013728883,0.5200000002261831
1.907890789078908,0.500000000203036,0.48000000013680705,0.5200000002253893
1.9081908190819084,0.5000000002023235,0.48000000013632693,0.5200000002245982
1.9084908490849086,0.5000000002016135,0.48000000013584854,0.5200000002238101
1.908790879087909,0.500000000200906,0.48000000013537175,0.5200000002230246
1.9090909090909092,0.500000000200201,0.4800000001348967,0.520000000222242
1.9093909390939094,0.5000000001994983,0.4800000001344233,0.5200000002214621
1.9096909690969097,0.5000000001987982,0.48000000013395155,0.5200000002206848
1.9099909990999104,0.5000000001981005,0.48000000013348143,0.5200000002199103
1.9102910291029107,0.5000000001974053,0.480000000133013,0.5200000002191386
1.910591059105911,0.5000000001967125,0.48000000013254623,0.5200000002183696
1.9108910891089113,0.5000000001960222,0.48000000013208105,0.5200000002176033
1.9111911191119115,0.5000000001953343,0.48000000013161753,0.5200000002168396
1.9114911491149118,0.5000000001946489,0.4800000001311556,0.5200000002160786
1.911791179117912,0.5000000001939657,0.4800000001306954,0.5200000002153203
1.9120912091209123,0.500000000193285,0.4800000001302367,0.5200000002145647
1.9123912391239126,0.5000000001926067,0.48000000012977967,0.5200000002138117
1.912691269126913,0.5000000001919308,0.4800000001293242,0.5200000002130614
1.9129912991299132,0.5000000001912572,0.48000000012887034,0.5200000002123136
1.9132913291329134,0.500000000190586,0.4800000001284181,0.5200000002115686
1.9135913591359137,0.5000000001899172,0.48000000012796745,0.520000000210826
1.913891389138914,0.5000000001892507,0.48000000012751837,0.5200000002100862
1.9141914191419143,0.5000000001885865,0.48000000012707084,0.5200000002093489
1.9144914491449145,0.5000000001879247,0.4800000001266249,0.5200000002086143
1.9147914791479148,0.5000000001872652,0.48000000012618055,0.5200000002078821
1.9150915091509155,0.5000000001866081,0.48000000012573774,0.5200000002071525
1.9153915391539158,0.5000000001859531,0.4800000001252964,0.5200000002064256
1.915691569156916,0.5000000001853006,0.4800000001248567,0.5200000002057011
1.9159915991599163,0.5000000001846503,0.48000000012441857,0.5200000002049793
1.9162916291629166,0.5000000001840023,0.4800000001239819,0.52000000020426
1.916591659165917,0.5000000001833566,0.4800000001235468,0.5200000002035431
1.9168916891689172,0.5000000001827131,0.4800000001231133,0.5200000002028288
1.9171917191719174,0.5000000001820718,0.4800000001226812,0.520000000202117
1.9174917491749177,0.5000000001814329,0.4800000001222507,0.5200000002014077
1.917791779177918,0.5000000001807962,0.48000000012182165,0.5200000002007008
1.9180918091809183,0.5000000001801617,0.4800000001213941,0.5200000001999965
1.9183918391839185,0.5000000001795294,0.4800000001209681,0.5200000001992947
1.9186918691869188,0.5000000001788993,0.48000000012054356,0.5200000001985953
1.918991899189919,0.5000000001782715,0.48000000012012056,0.5200000001978983
1.9192919291929194,0.5000000001776459,0.480000000119699,0.5200000001972038
1.9195919591959196,0.5000000001770225,0.4800000001192789,0.5200000001965117
1.91989198919892,0.5000000001764012,0.48000000011886035,0.5200000001958222
1.9201920192019206,0.5000000001757822,0.4800000001184432,0.5200000001951349
1.920492049204921,0.5000000001751653,0.48000000011802757,0.5200000001944501
1.9207920792079212,0.5000000001745506,0.48000000011761335,0.5200000001937677
1.9210921092109214,0.500000000173938,0.48000000011720056,0.5200000001930877
1.9213921392139217,0.5000000001733276,0.4800000001167893,0.5200000001924101
1.921692169216922,0.5000000001727193,0.48000000011637944,0.5200000001917349
1.9219921992199223,0.5000000001721132,0.480000000115971,0.520000000191062
1.9222922292229225,0.5000000001715091,0.48000000011556404,0.5200000001903915
1.9225922592259228,0.5000000001709073,0.4800000001151585,0.5200000001897233
1.922892289228923,0.5000000001703075,0.4800000001147543,0.5200000001890575
1.9231923192319234,0.5000000001697098,0.4800000001143516,0.520000000188394
1.9234923492349236,0.5000000001691143,0.4800000001139503,0.5200000001877328
1.923792379237924,0.5000000001685208,0.48000000011355043,0.520000000187074
1.9240924092409242,0.5000000001679293,0.4800000001131519,0.5200000001864175
1.9243924392439244,0.50000000016734,0.48000000011275484,0.5200000001857633
1.9246924692469247,0.5000000001667528,0.4800000001123591,0.5200000001851114
1.9249924992499254,0.5000000001661675,0.4800000001119648,0.5200000001844618
1.9252925292529257,0.5000000001655844,0.4800000001115719,0.5200000001838144
1.925592559255926,0.5000000001650033,0.4800000001111803,0.5200000001831693
1.9258925892589263,0.5000000001644243,0.48000000011079014,0.5200000001825266
1.9261926192619265,0.5000000001638473,0.48000000011040134,0.520000000181886
1.9264926492649268,0.5000000001632723,0.4800000001100139,0.5200000001812477
1.926792679267927,0.5000000001626993,0.48000000010962784,0.5200000001806115
1.9270927092709274,0.5000000001621283,0.4800000001092431,0.5200000001799777
1.9273927392739276,0.5000000001615593,0.48000000010885974,0.5200000001793461
1.927692769276928,0.5000000001609923,0.4800000001084777,0.5200000001787167
1.9279927992799282,0.5000000001604273,0.480000000108097,0.5200000001780896
1.9282928292829284,0.5000000001598643,0.48000000010771765,0.5200000001774646
1.9285928592859287,0.5000000001593033,0.4800000001073396,0.5200000001768418
1.928892889288929,0.5000000001587442,0.4800000001069629,0.5200000001762212
1.9291929192919293,0.5000000001581871,0.48000000010658755,0.5200000001756028
1.9294929492949295,0.500000000157632,0.4800000001062135,0.5200000001749865
1.9297929792979298,0.5000000001570788,0.48000000010584076,0.5200000001743724
1.9300930093009305,0.5000000001565276,0.48000000010546934,0.5200000001737605
1.9303930393039308,0.5000000001559782,0.4800000001050992,0.5200000001731506
1.930693069306931,0.5000000001554309,0.4800000001047304,0.520000000172543
1.9309930993099313,0.5000000001548854,0.48000000010436283,0.5200000001719375
1.9312931293129316,0.5000000001543419,0.48000000010399657,0.5200000001713341
1.931593159315932,0.5000000001538002,0.4800000001036316,0.5200000001707328
1.9318931893189322,0.5000000001532605,0.48000000010326793,0.5200000001701337
1.9321932193219324,0.5000000001527226,0.4800000001029055,0.5200000001695366
1.9324932493249327,0.5000000001521867,0.4800000001025444,0.5200000001689417
1.932793279327933,0.5000000001516526,0.4800000001021845,0.5200000001683487
1.9330933093309333,0.5000000001511203,0.4800000001018259,0.5200000001677579
1.9333933393339335,0.50000000015059,0.48000000010146854,0.5200000001671692
1.9336933693369338,0.5000000001500615,0.4800000001011125,0.5200000001665825
1.933993399339934,0.5000000001495349,0.4800000001007576,0.5200000001659979
1.9342934293429344,0.5000000001490101,0.480000000100404,0.5200000001654154
1.9345934593459346,0.5000000001484872,0.48000000010005167,0.5200000001648348
1.934893489348935,0.5000000001479661,0.48000000009970056,0.5200000001642564
1.9351935193519356,0.5000000001474468,0.4800000000993507,0.52000000016368
1.935493549354936,0.5000000001469294,0.480000000099002,0.5200000001631055
1.9357935793579362,0.5000000001464138,0.48000000009865457,0.5200000001625331
1.9360936093609364,0.5000000001459,0.48000000009830834,0.5200000001619628
1.9363936393639367,0.5000000001453879,0.48000000009796334,0.5200000001613944
1.936693669366937,0.5000000001448777,0.48000000009761956,0.520000000160828
1.9369936993699373,0.5000000001443693,0.48000000009727695,0.5200000001602636
1.9372937293729375,0.5000000001438626,0.4800000000969356,0.5200000001597012
1.9375937593759378,0.5000000001433578,0.4800000000965954,0.5200000001591407
1.937893789378938,0.5000000001428546,0.48000000009625643,0.5200000001585822
1.9381938193819384,0.5000000001423534,0.4800000000959186,0.5200000001580257
1.9384938493849386,0.5000000001418538,0.48000000009558197,0.520000000157471
1.938793879387939,0.5000000001413559,0.48000000009524657,0.5200000001569185
1.9390939093909392,0.5000000001408599,0.4800000000949123,0.5200000001563678
1.9393939393939394,0.5000000001403655,0.4800000000945792,0.520000000155819
1.9396939693969397,0.5000000001398729,0.4800000000942473,0.5200000001552723
1.9399939993999404,0.5000000001393821,0.4800000000939166,0.5200000001547272
1.9402940294029407,0.5000000001388929,0.48000000009358695,0.5200000001541843
1.940594059405941,0.5000000001384055,0.48000000009325855,0.5200000001536432
1.9408940894089413,0.5000000001379198,0.48000000009293126,0.520000000153104
1.9411941194119415,0.5000000001374357,0.48000000009260513,0.5200000001525668
1.9414941494149418,0.5000000001369534,0.4800000000922801,0.5200000001520313
1.941794179417942,0.5000000001364728,0.4800000000919563,0.5200000001514977
1.9420942094209424,0.5000000001359939,0.48000000009163357,0.5200000001509661
1.9423942394239426,0.5000000001355166,0.480000000091312,0.5200000001504363
1.942694269426943,0.5000000001350411,0.48000000009099153,0.5200000001499083
1.9429942994299432,0.5000000001345671,0.48000000009067223,0.5200000001493823
1.9432943294329434,0.5000000001340948,0.48000000009035404,0.520000000148858
1.9435943594359437,0.5000000001336243,0.48000000009003696,0.5200000001483356
1.943894389438944,0.5000000001331554,0.48000000008972094,0.5200000001478151
1.9441944194419443,0.5000000001326881,0.4800000000894061,0.5200000001472963
1.9444944494449445,0.5000000001322225,0.4800000000890923,0.5200000001467794
1.9447944794479448,0.5000000001317584,0.4800000000887797,0.5200000001462644
1.9450945094509455,0.500000000131296,0.4800000000884681,0.520000000145751
1.9453945394539458,0.5000000001308352,0.48000000008815763,0.5200000001452395
1.945694569456946,0.500000000130376,0.48000000008784827,0.5200000001447298
1.9459945994599464,0.5000000001299185,0.48000000008753996,0.5200000001442219
1.9462946294629466,0.5000000001294627,0.48000000008723276,0.5200000001437157
1.946594659465947,0.5000000001290082,0.4800000000869266,0.5200000001432115
1.9468946894689472,0.5000000001285555,0.4800000000866216,0.5200000001427089
1.9471947194719474,0.5000000001281044,0.4800000000863176,0.520000000142208
1.9474947494749477,0.5000000001276548,0.4800000000860147,0.5200000001417089
1.947794779477948,0.5000000001272068,0.4800000000857128,0.5200000001412116
1.9480948094809483,0.5000000001267604,0.480000000085412,0.520000000140716
1.9483948394839485,0.5000000001263155,0.48000000008511223,0.5200000001402222
1.9486948694869488,0.5000000001258723,0.4800000000848136,0.5200000001397301
1.948994899489949,0.5000000001254306,0.48000000008451593,0.5200000001392397
1.9492949294929494,0.5000000001249904,0.48000000008421934,0.5200000001387511
1.9495949594959496,0.5000000001245517,0.48000000008392374,0.5200000001382642
1.94989498949895,0.5000000001241146,0.48000000008362925,0.5200000001377789
1.9501950195019506,0.5000000001236791,0.48000000008333576,0.5200000001372954
1.950495049504951,0.500000000123245,0.4800000000830433,0.5200000001368136
1.9507950795079512,0.5000000001228125,0.48000000008275184,0.5200000001363335
1.9510951095109514,0.5000000001223814,0.48000000008246146,0.520000000135855
1.9513951395139517,0.500000000121952,0.4800000000821721,0.5200000001353783
1.951695169516952,0.500000000121524,0.4800000000818837,0.5200000001349032
1.9519951995199523,0.5000000001210976,0.4800000000815963,0.5200000001344297
1.9522952295229525,0.5000000001206726,0.48000000008131,0.520000000133958
1.9525952595259528,0.5000000001202491,0.4800000000810246,0.5200000001334879
1.952895289528953,0.500000000119827,0.4800000000807403,0.5200000001330194
1.9531953195319534,0.5000000001194066,0.48000000008045696,0.5200000001325527
1.9534953495349536,0.5000000001189875,0.48000000008017457,0.5200000001320875
1.953795379537954,0.5000000001185699,0.48000000007989324,0.5200000001316238
1.9540954095409542,0.5000000001181538,0.48000000007961285,0.520000000131162
1.9543954395439544,0.5000000001177392,0.48000000007933347,0.5200000001307017
1.9546954695469547,0.500000000117326,0.480000000079055,0.520000000130243
1.9549954995499554,0.5000000001169143,0.4800000000787776,0.5200000001297859
1.9552955295529557,0.5000000001165039,0.48000000007850113,0.5200000001293305
1.955595559555956,0.5000000001160951,0.48000000007822563,0.5200000001288766
1.9558955895589563,0.5000000001156877,0.48000000007795113,0.5200000001284243
1.9561956195619565,0.5000000001152817,0.48000000007767757,0.5200000001279736
1.9564956495649568,0.5000000001148771,0.48000000007740495,0.5200000001275245
1.956795679567957,0.500000000114474,0.48000000007713334,0.5200000001270769
1.9570957095709574,0.5000000001140722,0.4800000000768626,0.520000000126631
1.9573957395739576,0.500000000113672,0.4800000000765929,0.5200000001261866
1.957695769576958,0.5000000001132731,0.4800000000763241,0.5200000001257438
1.9579957995799582,0.5000000001128755,0.48000000007605625,0.5200000001253025
1.9582958295829584,0.5000000001124794,0.48000000007578936,0.5200000001248627
1.9585958595859587,0.5000000001120847,0.48000000007552335,0.5200000001244246
1.958895889588959,0.5000000001116913,0.48000000007525834,0.520000000123988
1.9591959195919593,0.5000000001112993,0.4800000000749942,0.5200000001235527
1.9594959495949595,0.5000000001109087,0.48000000007473104,0.5200000001231192
1.9597959795979598,0.5000000001105195,0.48000000007446875,0.5200000001226871
1.9600960096009605,0.5000000001101317,0.4800000000742074,0.5200000001222566
1.9603960396039608,0.5000000001097451,0.480000000073947,0.5200000001218275
1.960696069606961,0.50000000010936,0.4800000000736875,0.5200000001214
1.9609960996099614,0.5000000001089763,0.4800000000734289,0.5200000001209739
1.9612961296129616,0.5000000001085938,0.48000000007317123,0.5200000001205494
1.961596159615962,0.5000000001082127,0.48000000007291443,0.5200000001201264
1.9618961896189622,0.500000000107833,0.48000000007265853,0.5200000001197047
1.9621962196219624,0.5000000001074545,0.48000000007240357,0.5200000001192847
1.9624962496249627,0.5000000001070773,0.48000000007214944,0.520000000118866
1.962796279627963,0.5000000001067016,0.48000000007189625,0.5200000001184489
1.9630963096309633,0.5000000001063272,0.48000000007164395,0.5200000001180333
1.9633963396339635,0.500000000105954,0.48000000007139254,0.520000000117619
1.9636963696369638,0.5000000001055822,0.48000000007114196,0.5200000001172063
1.963996399639964,0.5000000001052116,0.48000000007089233,0.5200000001167949
1.9642964296429644,0.5000000001048425,0.48000000007064353,0.520000000116385
1.9645964596459646,0.5000000001044745,0.4800000000703956,0.5200000001159766
1.964896489648965,0.5000000001041078,0.48000000007014854,0.5200000001155696
1.9651965196519656,0.5000000001037425,0.4800000000699024,0.520000000115164
1.965496549654966,0.5000000001033784,0.48000000006965704,0.5200000001147599
1.9657965796579662,0.5000000001030156,0.4800000000694126,0.5200000001143571
1.9660966096609664,0.5000000001026541,0.48000000006916904,0.5200000001139558
1.9663966396639667,0.5000000001022938,0.4800000000689263,0.5200000001135558
1.966696669666967,0.5000000001019349,0.4800000000686844,0.5200000001131574
1.9669966996699673,0.5000000001015772,0.48000000006844334,0.5200000001127603
1.9672967296729675,0.5000000001012207,0.48000000006820315,0.5200000001123646
1.9675967596759678,0.5000000001008654,0.4800000000679638,0.5200000001119702
1.967896789678968,0.5000000001005115,0.4800000000677253,0.5200000001115772
1.9681968196819684,0.5000000001001588,0.4800000000674876,0.5200000001111856
1.9684968496849686,0.5000000000998073,0.4800000000672508,0.5200000001107955
1.968796879687969,0.500000000099457,0.48000000006701476,0.5200000001104067
1.9690969096909692,0.5000000000991079,0.48000000006677956,0.5200000001100192
1.9693969396939695,0.5000000000987601,0.48000000006654525,0.5200000001096331
1.9696969696969697,0.5000000000984135,0.4800000000663117,0.5200000001092484
1.9699969996999704,0.5000000000980682,0.480000000066079,0.5200000001088649
1.9702970297029707,0.500000000097724,0.4800000000658471,0.5200000001084829
1.970597059705971,0.5000000000973811,0.480000000065616,0.5200000001081022
1.9708970897089713,0.5000000000970393,0.48000000006538573,0.5200000001077228
1.9711971197119715,0.5000000000966988,0.48000000006515625,0.5200000001073448
1.9714971497149718,0.5000000000963594,0.4800000000649276,0.5200000001069681
1.971797179717972,0.5000000000960213,0.4800000000646998,0.5200000001065926
1.9720972097209724,0.5000000000956842,0.4800000000644727,0.5200000001062186
1.9723972397239726,0.5000000000953485,0.4800000000642464,0.5200000001058459
1.972697269726973,0.5000000000950139,0.480000000064021,0.5200000001054744
1.9729972997299732,0.5000000000946805,0.4800000000637963,0.5200000001051043
1.9732973297329734,0.5000000000943482,0.4800000000635724,0.5200000001047353
1.9735973597359737,0.500000000094017,0.4800000000633493,0.5200000001043679
1.973897389738974,0.5000000000936872,0.480000000063127,0.5200000001040016
1.9741974197419743,0.5000000000933583,0.48000000006290544,0.5200000001036366
1.9744974497449745,0.5000000000930307,0.4800000000626847,0.5200000001032729
1.9747974797479748,0.5000000000927042,0.48000000006246474,0.5200000001029105
1.9750975097509755,0.5000000000923789,0.4800000000622455,0.5200000001025493
1.9753975397539758,0.5000000000920547,0.48000000006202703,0.5200000001021894
1.975697569756976,0.5000000000917316,0.4800000000618094,0.5200000001018308
1.9759975997599764,0.5000000000914098,0.4800000000615925,0.5200000001014734
1.9762976297629766,0.5000000000910889,0.48000000006137633,0.5200000001011174
1.976597659765977,0.5000000000907693,0.48000000006116095,0.5200000001007625
1.9768976897689772,0.5000000000904508,0.4800000000609463,0.5200000001004088
1.9771977197719774,0.5000000000901332,0.4800000000607324,0.5200000001000565
1.9774977497749777,0.5000000000898169,0.48000000006051924,0.5200000000997054
1.977797779777978,0.5000000000895017,0.48000000006030685,0.5200000000993554
1.9780978097809783,0.5000000000891877,0.48000000006009524,0.5200000000990068
1.9783978397839785,0.5000000000888747,0.48000000005988436,0.5200000000986593
1.9786978697869788,0.5000000000885628,0.4800000000596742,0.520000000098313
1.978997899789979,0.500000000088252,0.48000000005946475,0.5200000000979681
1.9792979297929794,0.5000000000879423,0.4800000000592561,0.5200000000976243
1.9795979597959796,0.5000000000876337,0.48000000005904814,0.5200000000972816
1.9798979897989804,0.5000000000873261,0.4800000000588409,0.5200000000969403
1.9801980198019806,0.5000000000870196,0.4800000000586344,0.5200000000966001
1.980498049804981,0.5000000000867143,0.48000000005842863,0.520000000096261
1.9807980798079812,0.50000000008641,0.4800000000582236,0.5200000000959232
1.9810981098109814,0.5000000000861067,0.48000000005801924,0.5200000000955866
1.9813981398139817,0.5000000000858045,0.4800000000578156,0.5200000000952512
1.981698169816982,0.5000000000855034,0.48000000005761273,0.5200000000949169
1.9819981998199823,0.5000000000852033,0.48000000005741056,0.5200000000945838
1.9822982298229825,0.5000000000849043,0.4800000000572091,0.5200000000942518
1.9825982598259828,0.5000000000846063,0.4800000000570083,0.5200000000939211
1.982898289828983,0.5000000000843094,0.48000000005680826,0.5200000000935915
1.9831983198319834,0.5000000000840136,0.4800000000566089,0.520000000093263
1.9834983498349836,0.5000000000837187,0.48000000005641025,0.5200000000929357
1.983798379837984,0.5000000000834249,0.4800000000562123,0.5200000000926096
1.9840984098409842,0.5000000000831322,0.480000000056015,0.5200000000922845
1.9843984398439845,0.5000000000828404,0.48000000005581844,0.5200000000919607
1.9846984698469847,0.5000000000825497,0.48000000005562254,0.5200000000916379
1.9849984998499854,0.50000000008226,0.4800000000554273,0.5200000000913164
1.9852985298529857,0.5000000000819713,0.4800000000552328,0.5200000000909959
1.985598559855986,0.5000000000816837,0.48000000005503896,0.5200000000906766
1.9858985898589863,0.500000000081397,0.48000000005484583,0.5200000000903584
1.9861986198619865,0.5000000000811113,0.4800000000546534,0.5200000000900412
1.9864986498649868,0.5000000000808267,0.48000000005446153,0.5200000000897252
1.986798679867987,0.500000000080543,0.4800000000542704,0.5200000000894104
1.9870987098709874,0.5000000000802604,0.48000000005407994,0.5200000000890966
1.9873987398739876,0.5000000000799787,0.4800000000538902,0.520000000088784
1.987698769876988,0.500000000079698,0.4800000000537011,0.5200000000884724
1.9879987998799882,0.5000000000794184,0.4800000000535126,0.5200000000881619
1.9882988298829884,0.5000000000791396,0.4800000000533248,0.5200000000878525
1.9885988598859887,0.5000000000788619,0.4800000000531377,0.5200000000875442
1.988898889888989,0.5000000000785851,0.4800000000529512,0.5200000000872369
1.9891989198919893,0.5000000000783094,0.4800000000527654,0.5200000000869308
1.9894989498949895,0.5000000000780346,0.4800000000525802,0.5200000000866257
1.9897989798979898,0.5000000000777607,0.4800000000523957,0.5200000000863217
1.9900990099009905,0.5000000000774878,0.4800000000522118,0.5200000000860188
1.9903990399039908,0.5000000000772159,0.4800000000520286,0.5200000000857169
1.990699069906991,0.5000000000769449,0.48000000005184595,0.5200000000854161
1.9909990999099914,0.5000000000766749,0.48000000005166404,0.5200000000851164
1.9912991299129916,0.5000000000764058,0.4800000000514827,0.5200000000848176
1.991599159915992,0.5000000000761377,0.48000000005130206,0.52000000008452
1.9918991899189922,0.5000000000758704,0.480000000051122,0.5200000000842234
1.9921992199219924,0.5000000000756042,0.48000000005094257,0.5200000000839278
1.9924992499249927,0.5000000000753388,0.4800000000507638,0.5200000000836332
1.992799279927993,0.5000000000750745,0.4800000000505857,0.5200000000833398
1.9930993099309933,0.500000000074811,0.48000000005040816,0.5200000000830473
1.9933993399339935,0.5000000000745485,0.48000000005023125,0.5200000000827558
1.9936993699369938,0.5000000000742868,0.48000000005005494,0.5200000000824654
1.993999399939994,0.5000000000740261,0.4800000000498793,0.5200000000821761
1.9942994299429944,0.5000000000737663,0.4800000000497042,0.5200000000818876
1.9945994599459946,0.5000000000735074,0.4800000000495298,0.5200000000816003
1.9948994899489954,0.5000000000732495,0.480000000049356,0.5200000000813139
1.9951995199519956,0.5000000000729925,0.4800000000491828,0.5200000000810285
1.995499549954996,0.5000000000727363,0.48000000004901017,0.5200000000807442
1.9957995799579962,0.500000000072481,0.4800000000488382,0.5200000000804608
1.9960996099609964,0.5000000000722267,0.48000000004866683,0.5200000000801784
1.9963996399639967,0.5000000000719732,0.480000000048496,0.5200000000798971
1.996699669966997,0.5000000000717206,0.4800000000483258,0.5200000000796167
1.9969996999699973,0.5000000000714689,0.48000000004815624,0.5200000000793372
1.9972997299729975,0.5000000000712181,0.4800000000479872,0.5200000000790589
1.9975997599759978,0.5000000000709681,0.48000000004781884,0.5200000000787814
1.997899789978998,0.5000000000707191,0.48000000004765103,0.5200000000785049
1.9981998199819984,0.500000000070471,0.4800000000474838,0.5200000000782294
1.9984998499849986,0.5000000000702236,0.48000000004731713,0.5200000000779549
1.998799879987999,0.5000000000699771,0.4800000000471511,0.5200000000776813
1.9990999099909992,0.5000000000697316,0.4800000000469856,0.5200000000774087
1.9993999399939995,0.5000000000694869,0.48000000004682075,0.520000000077137
1.9996999699969997,0.5000000000692431,0.48000000004665644,0.5200000000768663
2.0,0.500000000069,0.4800000000464927,0.5200000000765965
