Time (s),P_PCC (pu),P_down (pu),P_up (pu)
-1.0,0.5,0.48,0.52
-0.9996999699969997,0.5,0.48,0.52
-0.9993999399939995,0.5,0.48,0.52
-0.9990999099909991,0.5,0.48,0.52
-0.9987998799879988,0.5,0.48,0.52
-0.9984998499849985,0.5,0.48,0.52
-0.9981998199819982,0.5,0.48,0.52
-0.9978997899789979,0.5,0.48,0.52
-0.9975997599759976,0.5,0.48,0.52
-0.9972997299729973,0.5,0.48,0.52
-0.996999699969997,0.5,0.48,0.52
-0.9966996699669967,0.5,0.48,0.52
-0.9963996399639964,0.5,0.48,0.52
-0.9960996099609961,0.5,0.48,0.52
-0.9957995799579958,0.5,0.48,0.52
-0.9954995499549955,0.5,0.48,0.52
-0.9951995199519952,0.5,0.48,0.52
-0.9948994899489949,0.5,0.48,0.52
-0.9945994599459946,0.5,0.48,0.52
-0.9942994299429943,0.5,0.48,0.52
-0.993999399939994,0.5,0.48,0.52
-0.9936993699369937,0.5,0.48,0.52
-0.9933993399339934,0.5,0.48,0.52
-0.993099309930993,0.5,0.48,0.52
-0.9927992799279928,0.5,0.48,0.52
-0.9924992499249925,0.5,0.48,0.52
-0.9921992199219922,0.5,0.48,0.52
-0.991899189918992,0.5,0.48,0.52
-0.9915991599159916,0.5,0.48,0.52
-0.9912991299129913,0.5,0.48,0.52
-0.990999099909991,0.5,0.48,0.52
-0.9906990699069907,0.5,0.48,0.52
-0.9903990399039904,0.5,0.48,0.52
-0.9900990099009901,0.5,0.48,0.52
-0.9897989798979898,0.5,0.48,0.52
-0.9894989498949895,0.5,0.48,0.52
-0.9891989198919892,0.5,0.48,0.52
-0.9888988898889889,0.5,0.48,0.52
-0.9885988598859886,0.5,0.48,0.52
-0.9882988298829883,0.5,0.48,0.52
-0.987998799879988,0.5,0.48,0.52
-0.9876987698769877,0.5,0.48,0.52
-0.9873987398739874,0.5,0.48,0.52
-0.9870987098709871,0.5,0.48,0.52
-0.9867986798679867,0.5,0.48,0.52
-0.9864986498649865,0.5,0.48,0.52
-0.9861986198619862,0.5,0.48,0.52
-0.9858985898589859,0.5,0.48,0.52
-0.9855985598559855,0.5,0.48,0.52
-0.9852985298529853,0.5,0.48,0.52
-0.984998499849985,0.5,0.48,0.52
-0.9846984698469847,0.5,0.48,0.52
-0.9843984398439845,0.5,0.48,0.52
-0.9840984098409841,0.5,0.48,0.52
-0.9837983798379838,0.5,0.48,0.52
-0.9834983498349835,0.5,0.48,0.52
-0.9831983198319832,0.5,0.48,0.52
-0.9828982898289829,0.5,0.48,0.52
-0.9825982598259826,0.5,0.48,0.52
-0.9822982298229823,0.5,0.48,0.52
-0.981998199819982,0.5,0.48,0.52
-0.9816981698169817,0.5,0.48,0.52
-0.9813981398139814,0.5,0.48,0.52
-0.9810981098109811,0.5,0.48,0.52
-0.9807980798079808,0.5,0.48,0.52
-0.9804980498049805,0.5,0.48,0.52
-0.9801980198019802,0.5,0.48,0.52
-0.9798979897989799,0.5,0.48,0.52
-0.9795979597959796,0.5,0.48,0.52
-0.9792979297929792,0.5,0.48,0.52
-0.978997899789979,0.5,0.48,0.52
-0.9786978697869787,0.5,0.48,0.52
-0.9783978397839784,0.5,0.48,0.52
-0.978097809780978,0.5,0.48,0.52
-0.9777977797779778,0.5,0.48,0.52
-0.9774977497749775,0.5,0.48,0.52
-0.9771977197719772,0.5,0.48,0.52
-0.976897689768977,0.5,0.48,0.52
-0.9765976597659766,0.5,0.48,0.52
-0.9762976297629763,0.5,0.48,0.52
-0.975997599759976,0.5,0.48,0.52
-0.9756975697569757,0.5,0.48,0.52
-0.9753975397539754,0.5,0.48,0.52
-0.9750975097509751,0.5,0.48,0.52
-0.9747974797479748,0.5,0.48,0.52
-0.9744974497449745,0.5,0.48,0.52
-0.9741974197419742,0.5,0.48,0.52
-0.9738973897389739,0.5,0.48,0.52
-0.9735973597359736,0.5,0.48,0.52
-0.9732973297329733,0.5,0.48,0.52
-0.972997299729973,0.5,0.48,0.52
-0.9726972697269727,0.5,0.48,0.52
-0.9723972397239724,0.5,0.48,0.52
-0.9720972097209721,0.5,0.48,0.52
-0.9717971797179717,0.5,0.48,0.52
-0.9714971497149715,0.5,0.48,0.52
-0.9711971197119712,0.5,0.48,0.52
-0.9708970897089709,0.5,0.48,0.52
-0.9705970597059705,0.5,0.48,0.52
-0.9702970297029703,0.5,0.48,0.52
-0.96999699969997,0.5,0.48,0.52
-0.9696969696969697,0.5,0.48,0.52
-0.9693969396939695,0.5,0.48,0.52
-0.9690969096909691,0.5,0.48,0.52
-0.9687968796879688,0.5,0.48,0.52
-0.9684968496849685,0.5,0.48,0.52
-0.9681968196819682,0.5,0.48,0.52
-0.9678967896789679,0.5,0.48,0.52
-0.9675967596759676,0.5,0.48,0.52
-0.9672967296729673,0.5,0.48,0.52
-0.966996699669967,0.5,0.48,0.52
-0.9666966696669667,0.5,0.48,0.52
-0.9663966396639664,0.5,0.48,0.52
-0.9660966096609661,0.5,0.48,0.52
-0.9657965796579658,0.5,0.48,0.52
-0.9654965496549655,0.5,0.48,0.52
-0.9651965196519652,0.5,0.48,0.52
-0.9648964896489649,0.5,0.48,0.52
-0.9645964596459646,0.5,0.48,0.52
-0.9642964296429642,0.5,0.48,0.52
-0.963996399639964,0.5,0.48,0.52
-0.9636963696369637,0.5,0.48,0.52
-0.9633963396339634,0.5,0.48,0.52
-0.963096309630963,0.5,0.48,0.52
-0.9627962796279628,0.5,0.48,0.52
-0.9624962496249625,0.5,0.48,0.52
-0.9621962196219622,0.5,0.48,0.52
-0.961896189618962,0.5,0.48,0.52
-0.9615961596159616,0.5,0.48,0.52
-0.9612961296129613,0.5,0.48,0.52
-0.960996099609961,0.5,0.48,0.52
-0.9606960696069606,0.5,0.48,0.52
-0.9603960396039604,0.5,0.48,0.52
-0.9600960096009601,0.5,0.48,0.52
-0.9597959795979598,0.5,0.48,0.52
-0.9594959495949595,0.5,0.48,0.52
-0.9591959195919592,0.5,0.48,0.52
-0.9588958895889589,0.5,0.48,0.52
-0.9585958595859586,0.5,0.48,0.52
-0.9582958295829583,0.5,0.48,0.52
-0.957995799579958,0.5,0.48,0.52
-0.9576957695769577,0.5,0.48,0.52
-0.9573957395739574,0.5,0.48,0.52
-0.9570957095709571,0.5,0.48,0.52
-0.9567956795679567,0.5,0.48,0.52
-0.9564956495649565,0.5,0.48,0.52
-0.9561956195619562,0.5,0.48,0.52
-0.9558955895589559,0.5,0.48,0.52
-0.9555955595559555,0.5,0.48,0.52
-0.9552955295529553,0.5,0.48,0.52
-0.954995499549955,0.5,0.48,0.52
-0.9546954695469547,0.5,0.48,0.52
-0.9543954395439544,0.5,0.48,0.52
-0.9540954095409541,0.5,0.48,0.52
-0.9537953795379538,0.5,0.48,0.52
-0.9534953495349535,0.5,0.48,0.52
-0.9531953195319531,0.5,0.48,0.52
-0.9528952895289529,0.5,0.48,0.52
-0.9525952595259526,0.5,0.48,0.52
-0.9522952295229523,0.5,0.48,0.52
-0.951995199519952,0.5,0.48,0.52
-0.9516951695169517,0.5,0.48,0.52
-0.9513951395139514,0.5,0.48,0.52
-0.9510951095109511,0.5,0.48,0.52
-0.9507950795079508,0.5,0.48,0.52
-0.9504950495049505,0.5,0.48,0.52
-0.9501950195019502,0.5,0.48,0.52
-0.9498949894989499,0.5,0.48,0.52
-0.9495949594959496,0.5,0.48,0.52
-0.9492949294929492,0.5,0.48,0.52
-0.948994899489949,0.5,0.48,0.52
-0.9486948694869487,0.5,0.48,0.52
-0.9483948394839484,0.5,0.48,0.52
-0.948094809480948,0.5,0.48,0.52
-0.9477947794779478,0.5,0.48,0.52
-0.9474947494749475,0.5,0.48,0.52
-0.9471947194719472,0.5,0.48,0.52
-0.946894689468947,0.5,0.48,0.52
-0.9465946594659466,0.5,0.48,0.52
-0.9462946294629463,0.5,0.48,0.52
-0.945994599459946,0.5,0.48,0.52
-0.9456945694569456,0.5,0.48,0.52
-0.9453945394539454,0.5,0.48,0.52
-0.9450945094509451,0.5,0.48,0.52
-0.9447944794479448,0.5,0.48,0.52
-0.9444944494449445,0.5,0.48,0.52
-0.9441944194419442,0.5,0.48,0.52
-0.9438943894389439,0.5,0.48,0.52
-0.9435943594359436,0.5,0.48,0.52
-0.9432943294329433,0.5,0.48,0.52
-0.942994299429943,0.5,0.48,0.52
-0.9426942694269427,0.5,0.48,0.52
-0.9423942394239424,0.5,0.48,0.52
-0.9420942094209421,0.5,0.48,0.52
-0.9417941794179417,0.5,0.48,0.52
-0.9414941494149415,0.5,0.48,0.52
-0.9411941194119412,0.5,0.48,0.52
-0.9408940894089409,0.5,0.48,0.52
-0.9405940594059405,0.5,0.48,0.52
-0.9402940294029403,0.5,0.48,0.52
-0.93999399939994,0.5,0.48,0.52
-0.9396939693969397,0.5,0.48,0.52
-0.9393939393939394,0.5,0.48,0.52
-0.9390939093909391,0.5,0.48,0.52
-0.9387938793879388,0.5,0.48,0.52
-0.9384938493849385,0.5,0.48,0.52
-0.9381938193819381,0.5,0.48,0.52
-0.9378937893789379,0.5,0.48,0.52
-0.9375937593759376,0.5,0.48,0.52
-0.9372937293729373,0.5,0.48,0.52
-0.936993699369937,0.5,0.48,0.52
-0.9366936693669367,0.5,0.48,0.52
-0.9363936393639364,0.5,0.48,0.52
-0.9360936093609361,0.5,0.48,0.52
-0.9357935793579358,0.5,0.48,0.52
-0.9354935493549354,0.5,0.48,0.52
-0.9351935193519352,0.5,0.48,0.52
-0.9348934893489349,0.5,0.48,0.52
-0.9345934593459346,0.5,0.48,0.52
-0.9342934293429342,0.5,0.48,0.52
-0.933993399339934,0.5,0.48,0.52
-0.9336933693369337,0.5,0.48,0.52
-0.9333933393339334,0.5,0.48,0.52
-0.933093309330933,0.5,0.48,0.52
-0.9327932793279328,0.5,0.48,0.52
-0.9324932493249325,0.5,0.48,0.52
-0.9321932193219322,0.5,0.48,0.52
-0.931893189318932,0.5,0.48,0.52
-0.9315931593159316,0.5,0.48,0.52
-0.9312931293129313,0.5,0.48,0.52
-0.930993099309931,0.5,0.48,0.52
-0.9306930693069306,0.5,0.48,0.52
-0.9303930393039304,0.5,0.48,0.52
-0.9300930093009301,0.5,0.48,0.52
-0.9297929792979298,0.5,0.48,0.52
-0.9294929492949295,0.5,0.48,0.52
-0.9291929192919292,0.5,0.48,0.52
-0.9288928892889289,0.5,0.48,0.52
-0.9285928592859286,0.5,0.48,0.52
-0.9282928292829283,0.5,0.48,0.52
-0.927992799279928,0.5,0.48,0.52
-0.9276927692769277,0.5,0.48,0.52
-0.9273927392739274,0.5,0.48,0.52
-0.9270927092709271,0.5,0.48,0.52
-0.9267926792679267,0.5,0.48,0.52
-0.9264926492649265,0.5,0.48,0.52
-0.9261926192619262,0.5,0.48,0.52
-0.9258925892589259,0.5,0.48,0.52
-0.9255925592559255,0.5,0.48,0.52
-0.9252925292529253,0.5,0.48,0.52
-0.924992499249925,0.5,0.48,0.52
-0.9246924692469247,0.5,0.48,0.52
-0.9243924392439244,0.5,0.48,0.52
-0.9240924092409241,0.5,0.48,0.52
-0.9237923792379238,0.5,0.48,0.52
-0.9234923492349235,0.5,0.48,0.52
-0.9231923192319231,0.5,0.48,0.52
-0.9228922892289229,0.5,0.48,0.52
-0.9225922592259226,0.5,0.48,0.52
-0.9222922292229223,0.5,0.48,0.52
-0.921992199219922,0.5,0.48,0.52
-0.9216921692169217,0.5,0.48,0.52
-0.9213921392139214,0.5,0.48,0.52
-0.9210921092109211,0.5,0.48,0.52
-0.9207920792079208,0.5,0.48,0.52
-0.9204920492049204,0.5,0.48,0.52
-0.9201920192019202,0.5,0.48,0.52
-0.9198919891989199,0.5,0.48,0.52
-0.9195919591959196,0.5,0.48,0.52
-0.9192919291929192,0.5,0.48,0.52
-0.918991899189919,0.5,0.48,0.52
-0.9186918691869187,0.5,0.48,0.52
-0.9183918391839184,0.5,0.48,0.52
-0.918091809180918,0.5,0.48,0.52
-0.9177917791779178,0.5,0.48,0.52
-0.9174917491749175,0.5,0.48,0.52
-0.9171917191719172,0.5,0.48,0.52
-0.916891689168917,0.5,0.48,0.52
-0.9165916591659166,0.5,0.48,0.52
-0.9162916291629163,0.5,0.48,0.52
-0.915991599159916,0.5,0.48,0.52
-0.9156915691569156,0.5,0.48,0.52
-0.9153915391539154,0.5,0.48,0.52
-0.9150915091509151,0.5,0.48,0.52
-0.9147914791479148,0.5,0.48,0.52
-0.9144914491449145,0.5,0.48,0.52
-0.9141914191419142,0.5,0.48,0.52
-0.9138913891389139,0.5,0.48,0.52
-0.9135913591359136,0.5,0.48,0.52
-0.9132913291329133,0.5,0.48,0.52
-0.912991299129913,0.5,0.48,0.52
-0.9126912691269127,0.5,0.48,0.52
-0.9123912391239124,0.5,0.48,0.52
-0.9120912091209121,0.5,0.48,0.52
-0.9117911791179117,0.5,0.48,0.52
-0.9114911491149115,0.5,0.48,0.52
-0.9111911191119112,0.5,0.48,0.52
-0.9108910891089109,0.5,0.48,0.52
-0.9105910591059105,0.5,0.48,0.52
-0.9102910291029103,0.5,0.48,0.52
-0.90999099909991,0.5,0.48,0.52
-0.9096909690969097,0.5,0.48,0.52
-0.9093909390939094,0.5,0.48,0.52
-0.9090909090909091,0.5,0.48,0.52
-0.9087908790879088,0.5,0.48,0.52
-0.9084908490849085,0.5,0.48,0.52
-0.9081908190819081,0.5,0.48,0.52
-0.9078907890789079,0.5,0.48,0.52
-0.9075907590759076,0.5,0.48,0.52
-0.9072907290729073,0.5,0.48,0.52
-0.906990699069907,0.5,0.48,0.52
-0.9066906690669067,0.5,0.48,0.52
-0.9063906390639064,0.5,0.48,0.52
-0.9060906090609061,0.5,0.48,0.52
-0.9057905790579058,0.5,0.48,0.52
-0.9054905490549054,0.5,0.48,0.52
-0.9051905190519052,0.5,0.48,0.52
-0.9048904890489049,0.5,0.48,0.52
-0.9045904590459046,0.5,0.48,0.52
-0.9042904290429042,0.5,0.48,0.52
-0.903990399039904,0.5,0.48,0.52
-0.9036903690369037,0.5,0.48,0.52
-0.9033903390339034,0.5,0.48,0.52
-0.903090309030903,0.5,0.48,0.52
-0.9027902790279028,0.5,0.48,0.52
-0.9024902490249025,0.5,0.48,0.52
-0.9021902190219022,0.5,0.48,0.52
-0.9018901890189019,0.5,0.48,0.52
-0.9015901590159016,0.5,0.48,0.52
-0.9012901290129013,0.5,0.48,0.52
-0.900990099009901,0.5,0.48,0.52
-0.9006900690069006,0.5,0.48,0.52
-0.9003900390039004,0.5,0.48,0.52
-0.9000900090009001,0.5,0.48,0.52
-0.8997899789978998,0.5,0.48,0.52
-0.8994899489948995,0.5,0.48,0.52
-0.8991899189918992,0.5,0.48,0.52
-0.8988898889888989,0.5,0.48,0.52
-0.8985898589858986,0.5,0.48,0.52
-0.8982898289828982,0.5,0.48,0.52
-0.897989798979898,0.5,0.48,0.52
-0.8976897689768977,0.5,0.48,0.52
-0.8973897389738974,0.5,0.48,0.52
-0.8970897089708971,0.5,0.48,0.52
-0.8967896789678967,0.5,0.48,0.52
-0.8964896489648965,0.5,0.48,0.52
-0.8961896189618962,0.5,0.48,0.52
-0.8958895889588959,0.5,0.48,0.52
-0.8955895589558955,0.5,0.48,0.52
-0.8952895289528953,0.5,0.48,0.52
-0.894989498949895,0.5,0.48,0.52
-0.8946894689468947,0.5,0.48,0.52
-0.8943894389438944,0.5,0.48,0.52
-0.8940894089408941,0.5,0.48,0.52
-0.8937893789378938,0.5,0.48,0.52
-0.8934893489348935,0.5,0.48,0.52
-0.8931893189318931,0.5,0.48,0.52
-0.8928892889288929,0.5,0.48,0.52
-0.8925892589258926,0.5,0.48,0.52
-0.8922892289228923,0.5,0.48,0.52
-0.891989198919892,0.5,0.48,0.52
-0.8916891689168917,0.5,0.48,0.52
-0.8913891389138914,0.5,0.48,0.52
-0.8910891089108911,0.5,0.48,0.52
-0.8907890789078907,0.5,0.48,0.52
-0.8904890489048904,0.5,0.48,0.52
-0.8901890189018902,0.5,0.48,0.52
-0.8898889888988899,0.5,0.48,0.52
-0.8895889588958896,0.5,0.48,0.52
-0.8892889288928892,0.5,0.48,0.52
-0.888988898889889,0.5,0.48,0.52
-0.8886888688868887,0.5,0.48,0.52
-0.8883888388838884,0.5,0.48,0.52
-0.888088808880888,0.5,0.48,0.52
-0.8877887788778878,0.5,0.48,0.52
-0.8874887488748875,0.5,0.48,0.52
-0.8871887188718872,0.5,0.48,0.52
-0.8868886888688868,0.5,0.48,0.52
-0.8865886588658866,0.5,0.48,0.52
-0.8862886288628863,0.5,0.48,0.52
-0.885988598859886,0.5,0.48,0.52
-0.8856885688568856,0.5,0.48,0.52
-0.8853885388538854,0.5,0.48,0.52
-0.8850885088508851,0.5,0.48,0.52
-0.8847884788478848,0.5,0.48,0.52
-0.8844884488448845,0.5,0.48,0.52
-0.8841884188418841,0.5,0.48,0.52
-0.8838883888388839,0.5,0.48,0.52
-0.8835883588358836,0.5,0.48,0.52
-0.8832883288328832,0.5,0.48,0.52
-0.882988298829883,0.5,0.48,0.52
-0.8826882688268827,0.5,0.48,0.52
-0.8823882388238824,0.5,0.48,0.52
-0.8820882088208821,0.5,0.48,0.52
-0.8817881788178817,0.5,0.48,0.52
-0.8814881488148815,0.5,0.48,0.52
-0.8811881188118812,0.5,0.48,0.52
-0.8808880888088809,0.5,0.48,0.52
-0.8805880588058805,0.5,0.48,0.52
-0.8802880288028803,0.5,0.48,0.52
-0.87998799879988,0.5,0.48,0.52
-0.8796879687968797,0.5,0.48,0.52
-0.8793879387938793,0.5,0.48,0.52
-0.8790879087908791,0.5,0.48,0.52
-0.8787878787878788,0.5,0.48,0.52
-0.8784878487848785,0.5,0.48,0.52
-0.8781878187818781,0.5,0.48,0.52
-0.8778877887788779,0.5,0.48,0.52
-0.8775877587758776,0.5,0.48,0.52
-0.8772877287728773,0.5,0.48,0.52
-0.876987698769877,0.5,0.48,0.52
-0.8766876687668766,0.5,0.48,0.52
-0.8763876387638764,0.5,0.48,0.52
-0.8760876087608761,0.5,0.48,0.52
-0.8757875787578757,0.5,0.48,0.52
-0.8754875487548754,0.5,0.48,0.52
-0.8751875187518752,0.5,0.48,0.52
-0.8748874887488749,0.5,0.48,0.52
-0.8745874587458746,0.5,0.48,0.52
-0.8742874287428742,0.5,0.48,0.52
-0.873987398739874,0.5,0.48,0.52
-0.8736873687368737,0.5,0.48,0.52
-0.8733873387338733,0.5,0.48,0.52
-0.873087308730873,0.5,0.48,0.52
-0.8727872787278728,0.5,0.48,0.52
-0.8724872487248725,0.5,0.48,0.52
-0.8721872187218722,0.5,0.48,0.52
-0.8718871887188719,0.5,0.48,0.52
-0.8715871587158716,0.5,0.48,0.52
-0.8712871287128713,0.5,0.48,0.52
-0.870987098709871,0.5,0.48,0.52
-0.8706870687068706,0.5,0.48,0.52
-0.8703870387038704,0.5,0.48,0.52
-0.8700870087008701,0.5,0.48,0.52
-0.8697869786978698,0.5,0.48,0.52
-0.8694869486948695,0.5,0.48,0.52
-0.8691869186918691,0.5,0.48,0.52
-0.8688868886888689,0.5,0.48,0.52
-0.8685868586858686,0.5,0.48,0.52
-0.8682868286828682,0.5,0.48,0.52
-0.8679867986798679,0.5,0.48,0.52
-0.8676867686768677,0.5,0.48,0.52
-0.8673867386738674,0.5,0.48,0.52
-0.8670867086708671,0.5,0.48,0.52
-0.8667866786678667,0.5,0.48,0.52
-0.8664866486648665,0.5,0.48,0.52
-0.8661866186618662,0.5,0.48,0.52
-0.8658865886588658,0.5,0.48,0.52
-0.8655865586558655,0.5,0.48,0.52
-0.8652865286528653,0.5,0.48,0.52
-0.864986498649865,0.5,0.48,0.52
-0.8646864686468647,0.5,0.48,0.52
-0.8643864386438644,0.5,0.48,0.52
-0.8640864086408641,0.5,0.48,0.52
-0.8637863786378638,0.5,0.48,0.52
-0.8634863486348635,0.5,0.48,0.52
-0.8631863186318631,0.5,0.48,0.52
-0.8628862886288629,0.5,0.48,0.52
-0.8625862586258626,0.5,0.48,0.52
-0.8622862286228623,0.5,0.48,0.52
-0.861986198619862,0.5,0.48,0.52
-0.8616861686168616,0.5,0.48,0.52
-0.8613861386138614,0.5,0.48,0.52
-0.8610861086108611,0.5,0.48,0.52
-0.8607860786078607,0.5,0.48,0.52
-0.8604860486048604,0.5,0.48,0.52
-0.8601860186018602,0.5,0.48,0.52
-0.8598859885988599,0.5,0.48,0.52
-0.8595859585958596,0.5,0.48,0.52
-0.8592859285928592,0.5,0.48,0.52
-0.858985898589859,0.5,0.48,0.52
-0.8586858685868587,0.5,0.48,0.52
-0.8583858385838583,0.5,0.48,0.52
-0.858085808580858,0.5,0.48,0.52
-0.8577857785778578,0.5,0.48,0.52
-0.8574857485748575,0.5,0.48,0.52
-0.8571857185718572,0.5,0.48,0.52
-0.8568856885688569,0.5,0.48,0.52
-0.8565856585658566,0.5,0.48,0.52
-0.8562856285628563,0.5,0.48,0.52
-0.855985598559856,0.5,0.48,0.52
-0.8556855685568556,0.5,0.48,0.52
-0.8553855385538554,0.5,0.48,0.52
-0.8550855085508551,0.5,0.48,0.52
-0.8547854785478548,0.5,0.48,0.52
-0.8544854485448545,0.5,0.48,0.52
-0.8541854185418541,0.5,0.48,0.52
-0.8538853885388539,0.5,0.48,0.52
-0.8535853585358536,0.5,0.48,0.52
-0.8532853285328532,0.5,0.48,0.52
-0.8529852985298529,0.5,0.48,0.52
-0.8526852685268527,0.5,0.48,0.52
-0.8523852385238524,0.5,0.48,0.52
-0.8520852085208521,0.5,0.48,0.52
-0.8517851785178517,0.5,0.48,0.52
-0.8514851485148515,0.5,0.48,0.52
-0.8511851185118512,0.5,0.48,0.52
-0.8508850885088508,0.5,0.48,0.52
-0.8505850585058505,0.5,0.48,0.52
-0.8502850285028503,0.5,0.48,0.52
-0.84998499849985,0.5,0.48,0.52
-0.8496849684968497,0.5,0.48,0.52
-0.8493849384938494,0.5,0.48,0.52
-0.849084908490849,0.5,0.48,0.52
-0.8487848784878488,0.5,0.48,0.52
-0.8484848484848485,0.5,0.48,0.52
-0.8481848184818481,0.5,0.48,0.52
-0.8478847884788479,0.5,0.48,0.52
-0.8475847584758476,0.5,0.48,0.52
-0.8472847284728473,0.5,0.48,0.52
-0.846984698469847,0.5,0.48,0.52
-0.8466846684668466,0.5,0.48,0.52
-0.8463846384638464,0.5,0.48,0.52
-0.8460846084608461,0.5,0.48,0.52
-0.8457845784578457,0.5,0.48,0.52
-0.8454845484548454,0.5,0.48,0.52
-0.8451845184518452,0.5,0.48,0.52
-0.8448844884488449,0.5,0.48,0.52
-0.8445844584458446,0.5,0.48,0.52
-0.8442844284428442,0.5,0.48,0.52
-0.843984398439844,0.5,0.48,0.52
-0.8436843684368437,0.5,0.48,0.52
-0.8433843384338433,0.5,0.48,0.52
-0.843084308430843,0.5,0.48,0.52
-0.8427842784278428,0.5,0.48,0.52
-0.8424842484248425,0.5,0.48,0.52
-0.8421842184218422,0.5,0.48,0.52
-0.8418841884188419,0.5,0.48,0.52
-0.8415841584158416,0.5,0.48,0.52
-0.8412841284128413,0.5,0.48,0.52
-0.840984098409841,0.5,0.48,0.52
-0.8406840684068406,0.5,0.48,0.52
-0.8403840384038403,0.5,0.48,0.52
-0.8400840084008401,0.5,0.48,0.52
-0.8397839783978398,0.5,0.48,0.52
-0.8394839483948395,0.5,0.48,0.52
-0.8391839183918391,0.5,0.48,0.52
-0.8388838883888389,0.5,0.48,0.52
-0.8385838583858386,0.5,0.48,0.52
-0.8382838283828382,0.5,0.48,0.52
-0.8379837983798379,0.5,0.48,0.52
-0.8376837683768377,0.5,0.48,0.52
-0.8373837383738374,0.5,0.48,0.52
-0.8370837083708371,0.5,0.48,0.52
-0.8367836783678367,0.5,0.48,0.52
-0.8364836483648365,0.5,0.48,0.52
-0.8361836183618362,0.5,0.48,0.52
-0.8358835883588358,0.5,0.48,0.52
-0.8355835583558355,0.5,0.48,0.52
-0.8352835283528353,0.5,0.48,0.52
-0.834983498349835,0.5,0.48,0.52
-0.8346834683468347,0.5,0.48,0.52
-0.8343834383438344,0.5,0.48,0.52
-0.834083408340834,0.5,0.48,0.52
-0.8337833783378338,0.5,0.48,0.52
-0.8334833483348335,0.5,0.48,0.52
-0.8331833183318331,0.5,0.48,0.52
-0.8328832883288328,0.5,0.48,0.52
-0.8325832583258326,0.5,0.48,0.52
-0.8322832283228323,0.5,0.48,0.52
-0.831983198319832,0.5,0.48,0.52
-0.8316831683168316,0.5,0.48,0.52
-0.8313831383138314,0.5,0.48,0.52
-0.8310831083108311,0.5,0.48,0.52
-0.8307830783078307,0.5,0.48,0.52
-0.8304830483048304,0.5,0.48,0.52
-0.8301830183018302,0.5,0.48,0.52
-0.8298829882988299,0.5,0.48,0.52
-0.8295829582958296,0.5,0.48,0.52
-0.8292829282928292,0.5,0.48,0.52
-0.828982898289829,0.5,0.48,0.52
-0.8286828682868287,0.5,0.48,0.52
-0.8283828382838283,0.5,0.48,0.52
-0.828082808280828,0.5,0.48,0.52
-0.8277827782778278,0.5,0.48,0.52
-0.8274827482748275,0.5,0.48,0.52
-0.8271827182718272,0.5,0.48,0.52
-0.8268826882688269,0.5,0.48,0.52
-0.8265826582658266,0.5,0.48,0.52
-0.8262826282628263,0.5,0.48,0.52
-0.825982598259826,0.5,0.48,0.52
-0.8256825682568256,0.5,0.48,0.52
-0.8253825382538253,0.5,0.48,0.52
-0.8250825082508251,0.5,0.48,0.52
-0.8247824782478248,0.5,0.48,0.52
-0.8244824482448245,0.5,0.48,0.52
-0.8241824182418241,0.5,0.48,0.52
-0.8238823882388239,0.5,0.48,0.52
-0.8235823582358236,0.5,0.48,0.52
-0.8232823282328232,0.5,0.48,0.52
-0.8229822982298229,0.5,0.48,0.52
-0.8226822682268227,0.5,0.48,0.52
-0.8223822382238224,0.5,0.48,0.52
-0.8220822082208221,0.5,0.48,0.52
-0.8217821782178217,0.5,0.48,0.52
-0.8214821482148215,0.5,0.48,0.52
-0.8211821182118212,0.5,0.48,0.52
-0.8208820882088208,0.5,0.48,0.52
-0.8205820582058205,0.5,0.48,0.52
-0.8202820282028203,0.5,0.48,0.52
-0.81998199819982,0.5,0.48,0.52
-0.8196819681968197,0.5,0.48,0.52
-0.8193819381938194,0.5,0.48,0.52
-0.819081908190819,0.5,0.48,0.52
-0.8187818781878188,0.5,0.48,0.52
-0.8184818481848185,0.5,0.48,0.52
-0.8181818181818181,0.5,0.48,0.52
-0.8178817881788178,0.5,0.48,0.52
-0.8175817581758176,0.5,0.48,0.52
-0.8172817281728173,0.5,0.48,0.52
-0.816981698169817,0.5,0.48,0.52
-0.8166816681668166,0.5,0.48,0.52
-0.8163816381638164,0.5,0.48,0.52
-0.8160816081608161,0.5,0.48,0.52
-0.8157815781578157,0.5,0.48,0.52
-0.8154815481548154,0.5,0.48,0.52
-0.8151815181518152,0.5,0.48,0.52
-0.8148814881488149,0.5,0.48,0.52
-0.8145814581458146,0.5,0.48,0.52
-0.8142814281428142,0.5,0.48,0.52
-0.813981398139814,0.5,0.48,0.52
-0.8136813681368137,0.5,0.48,0.52
-0.8133813381338133,0.5,0.48,0.52
-0.813081308130813,0.5,0.48,0.52
-0.8127812781278128,0.5,0.48,0.52
-0.8124812481248125,0.5,0.48,0.52
-0.8121812181218122,0.5,0.48,0.52
-0.8118811881188118,0.5,0.48,0.52
-0.8115811581158116,0.5,0.48,0.52
-0.8112811281128113,0.5,0.48,0.52
-0.810981098109811,0.5,0.48,0.52
-0.8106810681068106,0.5,0.48,0.52
-0.8103810381038103,0.5,0.48,0.52
-0.8100810081008101,0.5,0.48,0.52
-0.8097809780978098,0.5,0.48,0.52
-0.8094809480948095,0.5,0.48,0.52
-0.8091809180918091,0.5,0.48,0.52
-0.8088808880888089,0.5,0.48,0.52
-0.8085808580858086,0.5,0.48,0.52
-0.8082808280828082,0.5,0.48,0.52
-0.8079807980798079,0.5,0.48,0.52
-0.8076807680768077,0.5,0.48,0.52
-0.8073807380738074,0.5,0.48,0.52
-0.8070807080708071,0.5,0.48,0.52
-0.8067806780678067,0.5,0.48,0.52
-0.8064806480648065,0.5,0.48,0.52
-0.8061806180618062,0.5,0.48,0.52
-0.8058805880588058,0.5,0.48,0.52
-0.8055805580558055,0.5,0.48,0.52
-0.8052805280528053,0.5,0.48,0.52
-0.804980498049805,0.5,0.48,0.52
-0.8046804680468047,0.5,0.48,0.52
-0.8043804380438043,0.5,0.48,0.52
-0.804080408040804,0.5,0.48,0.52
-0.8037803780378038,0.5,0.48,0.52
-0.8034803480348035,0.5,0.48,0.52
-0.8031803180318031,0.5,0.48,0.52
-0.8028802880288028,0.5,0.48,0.52
-0.8025802580258026,0.5,0.48,0.52
-0.8022802280228023,0.5,0.48,0.52
-0.801980198019802,0.5,0.48,0.52
-0.8016801680168016,0.5,0.48,0.52
-0.8013801380138014,0.5,0.48,0.52
-0.8010801080108011,0.5,0.48,0.52
-0.8007800780078007,0.5,0.48,0.52
-0.8004800480048004,0.5,0.48,0.52
-0.8001800180018002,0.5,0.48,0.52
-0.7998799879987999,0.5,0.48,0.52
-0.7995799579957996,0.5,0.48,0.52
-0.7992799279927992,0.5,0.48,0.52
-0.798979897989799,0.5,0.48,0.52
-0.7986798679867987,0.5,0.48,0.52
-0.7983798379837983,0.5,0.48,0.52
-0.798079807980798,0.5,0.48,0.52
-0.7977797779777978,0.5,0.48,0.52
-0.7974797479747975,0.5,0.48,0.52
-0.7971797179717972,0.5,0.48,0.52
-0.7968796879687968,0.5,0.48,0.52
-0.7965796579657966,0.5,0.48,0.52
-0.7962796279627963,0.5,0.48,0.52
-0.795979597959796,0.5,0.48,0.52
-0.7956795679567956,0.5,0.48,0.52
-0.7953795379537953,0.5,0.48,0.52
-0.7950795079507951,0.5,0.48,0.52
-0.7947794779477948,0.5,0.48,0.52
-0.7944794479447945,0.5,0.48,0.52
-0.7941794179417941,0.5,0.48,0.52
-0.7938793879387939,0.5,0.48,0.52
-0.7935793579357936,0.5,0.48,0.52
-0.7932793279327932,0.5,0.48,0.52
-0.7929792979297929,0.5,0.48,0.52
-0.7926792679267927,0.5,0.48,0.52
-0.7923792379237924,0.5,0.48,0.52
-0.7920792079207921,0.5,0.48,0.52
-0.7917791779177917,0.5,0.48,0.52
-0.7914791479147915,0.5,0.48,0.52
-0.7911791179117912,0.5,0.48,0.52
-0.7908790879087908,0.5,0.48,0.52
-0.7905790579057905,0.5,0.48,0.52
-0.7902790279027903,0.5,0.48,0.52
-0.78997899789979,0.5,0.48,0.52
-0.7896789678967897,0.5,0.48,0.52
-0.7893789378937893,0.5,0.48,0.52
-0.789078907890789,0.5,0.48,0.52
-0.7887788778877888,0.5,0.48,0.52
-0.7884788478847885,0.5,0.48,0.52
-0.7881788178817881,0.5,0.48,0.52
-0.7878787878787878,0.5,0.48,0.52
-0.7875787578757876,0.5,0.48,0.52
-0.7872787278727873,0.5,0.48,0.52
-0.786978697869787,0.5,0.48,0.52
-0.7866786678667866,0.5,0.48,0.52
-0.7863786378637864,0.5,0.48,0.52
-0.7860786078607861,0.5,0.48,0.52
-0.7857785778577857,0.5,0.48,0.52
-0.7854785478547854,0.5,0.48,0.52
-0.7851785178517852,0.5,0.48,0.52
-0.7848784878487849,0.5,0.48,0.52
-0.7845784578457846,0.5,0.48,0.52
-0.7842784278427842,0.5,0.48,0.52
-0.783978397839784,0.5,0.48,0.52
-0.7836783678367837,0.5,0.48,0.52
-0.7833783378337833,0.5,0.48,0.52
-0.783078307830783,0.5,0.48,0.52
-0.7827782778277828,0.5,0.48,0.52
-0.7824782478247825,0.5,0.48,0.52
-0.7821782178217822,0.5,0.48,0.52
-0.7818781878187818,0.5,0.48,0.52
-0.7815781578157815,0.5,0.48,0.52
-0.7812781278127813,0.5,0.48,0.52
-0.780978097809781,0.5,0.48,0.52
-0.7806780678067806,0.5,0.48,0.52
-0.7803780378037803,0.5,0.48,0.52
-0.7800780078007801,0.5,0.48,0.52
-0.7797779777977798,0.5,0.48,0.52
-0.7794779477947795,0.5,0.48,0.52
-0.7791779177917791,0.5,0.48,0.52
-0.7788778877887789,0.5,0.48,0.52
-0.7785778577857786,0.5,0.48,0.52
-0.7782778277827782,0.5,0.48,0.52
-0.7779777977797779,0.5,0.48,0.52
-0.7776777677767777,0.5,0.48,0.52
-0.7773777377737774,0.5,0.48,0.52
-0.7770777077707771,0.5,0.48,0.52
-0.7767776777677767,0.5,0.48,0.52
-0.7764776477647765,0.5,0.48,0.52
-0.7761776177617762,0.5,0.48,0.52
-0.7758775877587758,0.5,0.48,0.52
-0.7755775577557755,0.5,0.48,0.52
-0.7752775277527753,0.5,0.48,0.52
-0.774977497749775,0.5,0.48,0.52
-0.7746774677467747,0.5,0.48,0.52
-0.7743774377437743,0.5,0.48,0.52
-0.774077407740774,0.5,0.48,0.52
-0.7737773777377738,0.5,0.48,0.52
-0.7734773477347734,0.5,0.48,0.52
-0.7731773177317731,0.5,0.48,0.52
-0.7728772877287728,0.5,0.48,0.52
-0.7725772577257726,0.5,0.48,0.52
-0.7722772277227723,0.5,0.48,0.52
-0.771977197719772,0.5,0.48,0.52
-0.7716771677167716,0.5,0.48,0.52
-0.7713771377137714,0.5,0.48,0.52
-0.7710771077107711,0.5,0.48,0.52
-0.7707770777077707,0.5,0.48,0.52
-0.7704770477047704,0.5,0.48,0.52
-0.7701770177017702,0.5,0.48,0.52
-0.7698769876987699,0.5,0.48,0.52
-0.7695769576957696,0.5,0.48,0.52
-0.7692769276927692,0.5,0.48,0.52
-0.768976897689769,0.5,0.48,0.52
-0.7686768676867687,0.5,0.48,0.52
-0.7683768376837683,0.5,0.48,0.52
-0.768076807680768,0.5,0.48,0.52
-0.7677767776777678,0.5,0.48,0.52
-0.7674767476747675,0.5,0.48,0.52
-0.7671767176717672,0.5,0.48,0.52
-0.7668766876687668,0.5,0.48,0.52
-0.7665766576657665,0.5,0.48,0.52
-0.7662766276627663,0.5,0.48,0.52
-0.7659765976597659,0.5,0.48,0.52
-0.7656765676567656,0.5,0.48,0.52
-0.7653765376537653,0.5,0.48,0.52
-0.7650765076507651,0.5,0.48,0.52
-0.7647764776477648,0.5,0.48,0.52
-0.7644764476447645,0.5,0.48,0.52
-0.7641764176417641,0.5,0.48,0.52
-0.7638763876387639,0.5,0.48,0.52
-0.7635763576357636,0.5,0.48,0.52
-0.7632763276327632,0.5,0.48,0.52
-0.7629762976297629,0.5,0.48,0.52
-0.7626762676267627,0.5,0.48,0.52
-0.7623762376237624,0.5,0.48,0.52
-0.7620762076207621,0.5,0.48,0.52
-0.7617761776177617,0.5,0.48,0.52
-0.7614761476147615,0.5,0.48,0.52
-0.7611761176117612,0.5,0.48,0.52
-0.7608760876087608,0.5,0.48,0.52
-0.7605760576057605,0.5,0.48,0.52
-0.7602760276027603,0.5,0.48,0.52
-0.75997599759976,0.5,0.48,0.52
-0.7596759675967597,0.5,0.48,0.52
-0.7593759375937593,0.5,0.48,0.52
-0.759075907590759,0.5,0.48,0.52
-0.7587758775877588,0.5,0.48,0.52
-0.7584758475847584,0.5,0.48,0.52
-0.7581758175817581,0.5,0.48,0.52
-0.7578757875787578,0.5,0.48,0.52
-0.7575757575757576,0.5,0.48,0.52
-0.7572757275727573,0.5,0.48,0.52
-0.756975697569757,0.5,0.48,0.52
-0.7566756675667566,0.5,0.48,0.52
-0.7563756375637564,0.5,0.48,0.52
-0.7560756075607561,0.5,0.48,0.52
-0.7557755775577557,0.5,0.48,0.52
-0.7554755475547554,0.5,0.48,0.52
-0.7551755175517552,0.5,0.48,0.52
-0.7548754875487549,0.5,0.48,0.52
-0.7545754575457546,0.5,0.48,0.52
-0.7542754275427542,0.5,0.48,0.52
-0.753975397539754,0.5,0.48,0.52
-0.7536753675367537,0.5,0.48,0.52
-0.7533753375337533,0.5,0.48,0.52
-0.753075307530753,0.5,0.48,0.52
-0.7527752775277528,0.5,0.48,0.52
-0.7524752475247525,0.5,0.48,0.52
-0.7521752175217522,0.5,0.48,0.52
-0.7518751875187518,0.5,0.48,0.52
-0.7515751575157515,0.5,0.48,0.52
-0.7512751275127513,0.5,0.48,0.52
-0.7509750975097509,0.5,0.48,0.52
-0.7506750675067506,0.5,0.48,0.52
-0.7503750375037503,0.5,0.48,0.52
-0.7500750075007501,0.5,0.48,0.52
-0.7497749774977498,0.5,0.48,0.52
-0.7494749474947495,0.5,0.48,0.52
-0.7491749174917491,0.5,0.48,0.52
-0.7488748874887489,0.5,0.48,0.52
-0.7485748574857485,0.5,0.48,0.52
-0.7482748274827482,0.5,0.48,0.52
-0.7479747974797479,0.5,0.48,0.52
-0.7476747674767477,0.5,0.48,0.52
-0.7473747374737474,0.5,0.48,0.52
-0.7470747074707471,0.5,0.48,0.52
-0.7467746774677467,0.5,0.48,0.52
-0.7464746474647465,0.5,0.48,0.52
-0.7461746174617462,0.5,0.48,0.52
-0.7458745874587458,0.5,0.48,0.52
-0.7455745574557455,0.5,0.48,0.52
-0.7452745274527453,0.5,0.48,0.52
-0.744974497449745,0.5,0.48,0.52
-0.7446744674467447,0.5,0.48,0.52
-0.7443744374437444,0.5,0.48,0.52
-0.744074407440744,0.5,0.48,0.52
-0.7437743774377438,0.5,0.48,0.52
-0.7434743474347434,0.5,0.48,0.52
-0.7431743174317431,0.5,0.48,0.52
-0.7428742874287428,0.5,0.48,0.52
-0.7425742574257426,0.5,0.48,0.52
-0.7422742274227423,0.5,0.48,0.52
-0.741974197419742,0.5,0.48,0.52
-0.7416741674167416,0.5,0.48,0.52
-0.7413741374137414,0.5,0.48,0.52
-0.741074107410741,0.5,0.48,0.52
-0.7407740774077407,0.5,0.48,0.52
-0.7404740474047404,0.5,0.48,0.52
-0.7401740174017402,0.5,0.48,0.52
-0.7398739873987399,0.5,0.48,0.52
-0.7395739573957396,0.5,0.48,0.52
-0.7392739273927392,0.5,0.48,0.52
-0.738973897389739,0.5,0.48,0.52
-0.7386738673867387,0.5,0.48,0.52
-0.7383738373837383,0.5,0.48,0.52
-0.738073807380738,0.5,0.48,0.52
-0.7377737773777377,0.5,0.48,0.52
-0.7374737473747375,0.5,0.48,0.52
-0.7371737173717372,0.5,0.48,0.52
-0.7368736873687369,0.5,0.48,0.52
-0.7365736573657365,0.5,0.48,0.52
-0.7362736273627363,0.5,0.48,0.52
-0.7359735973597359,0.5,0.48,0.52
-0.7356735673567356,0.5,0.48,0.52
-0.7353735373537353,0.5,0.48,0.52
-0.7350735073507351,0.5,0.48,0.52
-0.7347734773477348,0.5,0.48,0.52
-0.7344734473447345,0.5,0.48,0.52
-0.7341734173417341,0.5,0.48,0.52
-0.7338733873387339,0.5,0.48,0.52
-0.7335733573357335,0.5,0.48,0.52
-0.7332733273327332,0.5,0.48,0.52
-0.7329732973297329,0.5,0.48,0.52
-0.7326732673267327,0.5,0.48,0.52
-0.7323732373237324,0.5,0.48,0.52
-0.7320732073207321,0.5,0.48,0.52
-0.7317731773177317,0.5,0.48,0.52
-0.7314731473147315,0.5,0.48,0.52
-0.7311731173117312,0.5,0.48,0.52
-0.7308730873087308,0.5,0.48,0.52
-0.7305730573057305,0.5,0.48,0.52
-0.7302730273027302,0.5,0.48,0.52
-0.72997299729973,0.5,0.48,0.52
-0.7296729672967297,0.5,0.48,0.52
-0.7293729372937294,0.5,0.48,0.52
-0.729072907290729,0.5,0.48,0.52
-0.7287728772877288,0.5,0.48,0.52
-0.7284728472847284,0.5,0.48,0.52
-0.7281728172817281,0.5,0.48,0.52
-0.7278727872787278,0.5,0.48,0.52
-0.7275727572757276,0.5,0.48,0.52
-0.7272727272727273,0.5,0.48,0.52
-0.726972697269727,0.5,0.48,0.52
-0.7266726672667266,0.5,0.48,0.52
-0.7263726372637264,0.5,0.48,0.52
-0.726072607260726,0.5,0.48,0.52
-0.7257725772577257,0.5,0.48,0.52
-0.7254725472547254,0.5,0.48,0.52
-0.7251725172517252,0.5,0.48,0.52
-0.7248724872487249,0.5,0.48,0.52
-0.7245724572457246,0.5,0.48,0.52
-0.7242724272427242,0.5,0.48,0.52
-0.723972397239724,0.5,0.48,0.52
-0.7236723672367236,0.5,0.48,0.52
-0.7233723372337233,0.5,0.48,0.52
-0.723072307230723,0.5,0.48,0.52
-0.7227722772277227,0.5,0.48,0.52
-0.7224722472247225,0.5,0.48,0.52
-0.7221722172217222,0.5,0.48,0.52
-0.7218721872187219,0.5,0.48,0.52
-0.7215721572157215,0.5,0.48,0.52
-0.7212721272127213,0.5,0.48,0.52
-0.7209720972097209,0.5,0.48,0.52
-0.7206720672067206,0.5,0.48,0.52
-0.7203720372037203,0.5,0.48,0.52
-0.7200720072007201,0.5,0.48,0.52
-0.7197719771977198,0.5,0.48,0.52
-0.7194719471947195,0.5,0.48,0.52
-0.7191719171917191,0.5,0.48,0.52
-0.7188718871887189,0.5,0.48,0.52
-0.7185718571857185,0.5,0.48,0.52
-0.7182718271827182,0.5,0.48,0.52
-0.7179717971797179,0.5,0.48,0.52
-0.7176717671767177,0.5,0.48,0.52
-0.7173717371737174,0.5,0.48,0.52
-0.7170717071707171,0.5,0.48,0.52
-0.7167716771677167,0.5,0.48,0.52
-0.7164716471647165,0.5,0.48,0.52
-0.7161716171617161,0.5,0.48,0.52
-0.7158715871587158,0.5,0.48,0.52
-0.7155715571557155,0.5,0.48,0.52
-0.7152715271527152,0.5,0.48,0.52
-0.714971497149715,0.5,0.48,0.52
-0.7146714671467147,0.5,0.48,0.52
-0.7143714371437144,0.5,0.48,0.52
-0.714071407140714,0.5,0.48,0.52
-0.7137713771377138,0.5,0.48,0.52
-0.7134713471347134,0.5,0.48,0.52
-0.7131713171317131,0.5,0.48,0.52
-0.7128712871287128,0.5,0.48,0.52
-0.7125712571257126,0.5,0.48,0.52
-0.7122712271227123,0.5,0.48,0.52
-0.711971197119712,0.5,0.48,0.52
-0.7116711671167116,0.5,0.48,0.52
-0.7113711371137114,0.5,0.48,0.52
-0.711071107110711,0.5,0.48,0.52
-0.7107710771077107,0.5,0.48,0.52
-0.7104710471047104,0.5,0.48,0.52
-0.7101710171017102,0.5,0.48,0.52
-0.7098709870987099,0.5,0.48,0.52
-0.7095709570957096,0.5,0.48,0.52
-0.7092709270927092,0.5,0.48,0.52
-0.708970897089709,0.5,0.48,0.52
-0.7086708670867086,0.5,0.48,0.52
-0.7083708370837083,0.5,0.48,0.52
-0.708070807080708,0.5,0.48,0.52
-0.7077707770777077,0.5,0.48,0.52
-0.7074707470747075,0.5,0.48,0.52
-0.7071707170717072,0.5,0.48,0.52
-0.7068706870687069,0.5,0.48,0.52
-0.7065706570657065,0.5,0.48,0.52
-0.7062706270627063,0.5,0.48,0.52
-0.7059705970597059,0.5,0.48,0.52
-0.7056705670567056,0.5,0.48,0.52
-0.7053705370537053,0.5,0.48,0.52
-0.7050705070507051,0.5,0.48,0.52
-0.7047704770477048,0.5,0.48,0.52
-0.7044704470447045,0.5,0.48,0.52
-0.7041704170417041,0.5,0.48,0.52
-0.7038703870387039,0.5,0.48,0.52
-0.7035703570357035,0.5,0.48,0.52
-0.7032703270327032,0.5,0.48,0.52
-0.7029702970297029,0.5,0.48,0.52
-0.7026702670267027,0.5,0.48,0.52
-0.7023702370237024,0.5,0.48,0.52
-0.7020702070207021,0.5,0.48,0.52
-0.7017701770177017,0.5,0.48,0.52
-0.7014701470147015,0.5,0.48,0.52
-0.7011701170117011,0.5,0.48,0.52
-0.7008700870087008,0.5,0.48,0.52
-0.7005700570057005,0.5,0.48,0.52
-0.7002700270027002,0.5,0.48,0.52
-0.6999699969997,0.5,0.48,0.52
-0.6996699669966997,0.5,0.48,0.52
-0.6993699369936994,0.5,0.48,0.52
-0.699069906990699,0.5,0.48,0.52
-0.6987698769876988,0.5,0.48,0.52
-0.6984698469846984,0.5,0.48,0.52
-0.6981698169816981,0.5,0.48,0.52
-0.6978697869786978,0.5,0.48,0.52
-0.6975697569756976,0.5,0.48,0.52
-0.6972697269726973,0.5,0.48,0.52
-0.696969696969697,0.5,0.48,0.52
-0.6966696669666966,0.5,0.48,0.52
-0.6963696369636964,0.5,0.48,0.52
-0.696069606960696,0.5,0.48,0.52
-0.6957695769576957,0.5,0.48,0.52
-0.6954695469546954,0.5,0.48,0.52
-0.6951695169516952,0.5,0.48,0.52
-0.6948694869486949,0.5,0.48,0.52
-0.6945694569456946,0.5,0.48,0.52
-0.6942694269426942,0.5,0.48,0.52
-0.693969396939694,0.5,0.48,0.52
-0.6936693669366936,0.5,0.48,0.52
-0.6933693369336933,0.5,0.48,0.52
-0.693069306930693,0.5,0.48,0.52
-0.6927692769276927,0.5,0.48,0.52
-0.6924692469246925,0.5,0.48,0.52
-0.6921692169216922,0.5,0.48,0.52
-0.6918691869186919,0.5,0.48,0.52
-0.6915691569156915,0.5,0.48,0.52
-0.6912691269126913,0.5,0.48,0.52
-0.6909690969096909,0.5,0.48,0.52
-0.6906690669066906,0.5,0.48,0.52
-0.6903690369036903,0.5,0.48,0.52
-0.6900690069006901,0.5,0.48,0.52
-0.6897689768976898,0.5,0.48,0.52
-0.6894689468946895,0.5,0.48,0.52
-0.6891689168916891,0.5,0.48,0.52
-0.6888688868886889,0.5,0.48,0.52
-0.6885688568856885,0.5,0.48,0.52
-0.6882688268826882,0.5,0.48,0.52
-0.6879687968796879,0.5,0.48,0.52
-0.6876687668766877,0.5,0.48,0.52
-0.6873687368736874,0.5,0.48,0.52
-0.6870687068706871,0.5,0.48,0.52
-0.6867686768676867,0.5,0.48,0.52
-0.6864686468646864,0.5,0.48,0.52
-0.6861686168616861,0.5,0.48,0.52
-0.6858685868586858,0.5,0.48,0.52
-0.6855685568556855,0.5,0.48,0.52
-0.6852685268526852,0.5,0.48,0.52
-0.684968496849685,0.5,0.48,0.52
-0.6846684668466847,0.5,0.48,0.52
-0.6843684368436844,0.5,0.48,0.52
-0.684068406840684,0.5,0.48,0.52
-0.6837683768376838,0.5,0.48,0.52
-0.6834683468346834,0.5,0.48,0.52
-0.6831683168316831,0.5,0.48,0.52
-0.6828682868286828,0.5,0.48,0.52
-0.6825682568256826,0.5,0.48,0.52
-0.6822682268226823,0.5,0.48,0.52
-0.681968196819682,0.5,0.48,0.52
-0.6816681668166816,0.5,0.48,0.52
-0.6813681368136814,0.5,0.48,0.52
-0.681068106810681,0.5,0.48,0.52
-0.6807680768076807,0.5,0.48,0.52
-0.6804680468046804,0.5,0.48,0.52
-0.6801680168016802,0.5,0.48,0.52
-0.6798679867986799,0.5,0.48,0.52
-0.6795679567956796,0.5,0.48,0.52
-0.6792679267926792,0.5,0.48,0.52
-0.678967896789679,0.5,0.48,0.52
-0.6786678667866786,0.5,0.48,0.52
-0.6783678367836783,0.5,0.48,0.52
-0.678067806780678,0.5,0.48,0.52
-0.6777677767776777,0.5,0.48,0.52
-0.6774677467746775,0.5,0.48,0.52
-0.6771677167716772,0.5,0.48,0.52
-0.6768676867686769,0.5,0.48,0.52
-0.6765676567656765,0.5,0.48,0.52
-0.6762676267626763,0.5,0.48,0.52
-0.6759675967596759,0.5,0.48,0.52
-0.6756675667566756,0.5,0.48,0.52
-0.6753675367536753,0.5,0.48,0.52
-0.6750675067506751,0.5,0.48,0.52
-0.6747674767476748,0.5,0.48,0.52
-0.6744674467446745,0.5,0.48,0.52
-0.6741674167416741,0.5,0.48,0.52
-0.6738673867386739,0.5,0.48,0.52
-0.6735673567356735,0.5,0.48,0.52
-0.6732673267326732,0.5,0.48,0.52
-0.6729672967296729,0.5,0.48,0.52
-0.6726672667266727,0.5,0.48,0.52
-0.6723672367236724,0.5,0.48,0.52
-0.6720672067206721,0.5,0.48,0.52
-0.6717671767176717,0.5,0.48,0.52
-0.6714671467146714,0.5,0.48,0.52
-0.6711671167116711,0.5,0.48,0.52
-0.6708670867086708,0.5,0.48,0.52
-0.6705670567056705,0.5,0.48,0.52
-0.6702670267026702,0.5,0.48,0.52
-0.66996699669967,0.5,0.48,0.52
-0.6696669666966697,0.5,0.48,0.52
-0.6693669366936694,0.5,0.48,0.52
-0.669066906690669,0.5,0.48,0.52
-0.6687668766876688,0.5,0.48,0.52
-0.6684668466846684,0.5,0.48,0.52
-0.6681668166816681,0.5,0.48,0.52
-0.6678667866786678,0.5,0.48,0.52
-0.6675667566756676,0.5,0.48,0.52
-0.6672667266726673,0.5,0.48,0.52
-0.666966696669667,0.5,0.48,0.52
-0.6666666666666666,0.5,0.48,0.52
-0.6663666366636664,0.5,0.48,0.52
-0.666066606660666,0.5,0.48,0.52
-0.6657665766576657,0.5,0.48,0.52
-0.6654665466546654,0.5,0.48,0.52
-0.6651665166516652,0.5,0.48,0.52
-0.6648664866486649,0.5,0.48,0.52
-0.6645664566456646,0.5,0.48,0.52
-0.6642664266426642,0.5,0.48,0.52
-0.663966396639664,0.5,0.48,0.52
-0.6636663666366636,0.5,0.48,0.52
-0.6633663366336633,0.5,0.48,0.52
-0.663066306630663,0.5,0.48,0.52
-0.6627662766276627,0.5,0.48,0.52
-0.6624662466246625,0.5,0.48,0.52
-0.6621662166216622,0.5,0.48,0.52
-0.6618661866186619,0.5,0.48,0.52
-0.6615661566156615,0.5,0.48,0.52
-0.6612661266126613,0.5,0.48,0.52
-0.6609660966096609,0.5,0.48,0.52
-0.6606660666066606,0.5,0.48,0.52
-0.6603660366036603,0.5,0.48,0.52
-0.6600660066006601,0.5,0.48,0.52
-0.6597659765976598,0.5,0.48,0.52
-0.6594659465946595,0.5,0.48,0.52
-0.6591659165916591,0.5,0.48,0.52
-0.6588658865886589,0.5,0.48,0.52
-0.6585658565856585,0.5,0.48,0.52
-0.6582658265826582,0.5,0.48,0.52
-0.6579657965796579,0.5,0.48,0.52
-0.6576657665766577,0.5,0.48,0.52
-0.6573657365736574,0.5,0.48,0.52
-0.6570657065706571,0.5,0.48,0.52
-0.6567656765676567,0.5,0.48,0.52
-0.6564656465646564,0.5,0.48,0.52
-0.6561656165616561,0.5,0.48,0.52
-0.6558655865586558,0.5,0.48,0.52
-0.6555655565556555,0.5,0.48,0.52
-0.6552655265526552,0.5,0.48,0.52
-0.654965496549655,0.5,0.48,0.52
-0.6546654665466547,0.5,0.48,0.52
-0.6543654365436543,0.5,0.48,0.52
-0.654065406540654,0.5,0.48,0.52
-0.6537653765376538,0.5,0.48,0.52
-0.6534653465346534,0.5,0.48,0.52
-0.6531653165316531,0.5,0.48,0.52
-0.6528652865286528,0.5,0.48,0.52
-0.6525652565256526,0.5,0.48,0.52
-0.6522652265226523,0.5,0.48,0.52
-0.651965196519652,0.5,0.48,0.52
-0.6516651665166516,0.5,0.48,0.52
-0.6513651365136514,0.5,0.48,0.52
-0.651065106510651,0.5,0.48,0.52
-0.6507650765076507,0.5,0.48,0.52
-0.6504650465046504,0.5,0.48,0.52
-0.6501650165016502,0.5,0.48,0.52
-0.6498649864986499,0.5,0.48,0.52
-0.6495649564956496,0.5,0.48,0.52
-0.6492649264926492,0.5,0.48,0.52
-0.648964896489649,0.5,0.48,0.52
-0.6486648664866486,0.5,0.48,0.52
-0.6483648364836483,0.5,0.48,0.52
-0.648064806480648,0.5,0.48,0.52
-0.6477647764776477,0.5,0.48,0.52
-0.6474647464746475,0.5,0.48,0.52
-0.6471647164716472,0.5,0.48,0.52
-0.6468646864686468,0.5,0.48,0.52
-0.6465646564656465,0.5,0.48,0.52
-0.6462646264626463,0.5,0.48,0.52
-0.6459645964596459,0.5,0.48,0.52
-0.6456645664566456,0.5,0.48,0.52
-0.6453645364536453,0.5,0.48,0.52
-0.6450645064506451,0.5,0.48,0.52
-0.6447644764476448,0.5,0.48,0.52
-0.6444644464446445,0.5,0.48,0.52
-0.6441644164416441,0.5,0.48,0.52
-0.6438643864386439,0.5,0.48,0.52
-0.6435643564356435,0.5,0.48,0.52
-0.6432643264326432,0.5,0.48,0.52
-0.6429642964296429,0.5,0.48,0.52
-0.6426642664266426,0.5,0.48,0.52
-0.6423642364236424,0.5,0.48,0.52
-0.6420642064206421,0.5,0.48,0.52
-0.6417641764176417,0.5,0.48,0.52
-0.6414641464146414,0.5,0.48,0.52
-0.6411641164116411,0.5,0.48,0.52
-0.6408640864086408,0.5,0.48,0.52
-0.6405640564056405,0.5,0.48,0.52
-0.6402640264026402,0.5,0.48,0.52
-0.63996399639964,0.5,0.48,0.52
-0.6396639663966397,0.5,0.48,0.52
-0.6393639363936393,0.5,0.48,0.52
-0.639063906390639,0.5,0.48,0.52
-0.6387638763876388,0.5,0.48,0.52
-0.6384638463846384,0.5,0.48,0.52
-0.6381638163816381,0.5,0.48,0.52
-0.6378637863786378,0.5,0.48,0.52
-0.6375637563756376,0.5,0.48,0.52
-0.6372637263726373,0.5,0.48,0.52
-0.636963696369637,0.5,0.48,0.52
-0.6366636663666366,0.5,0.48,0.52
-0.6363636363636364,0.5,0.48,0.52
-0.636063606360636,0.5,0.48,0.52
-0.6357635763576357,0.5,0.48,0.52
-0.6354635463546354,0.5,0.48,0.52
-0.6351635163516351,0.5,0.48,0.52
-0.6348634863486349,0.5,0.48,0.52
-0.6345634563456346,0.5,0.48,0.52
-0.6342634263426342,0.5,0.48,0.52
-0.6339633963396339,0.5,0.48,0.52
-0.6336633663366336,0.5,0.48,0.52
-0.6333633363336333,0.5,0.48,0.52
-0.633063306330633,0.5,0.48,0.52
-0.6327632763276327,0.5,0.48,0.52
-0.6324632463246325,0.5,0.48,0.52
-0.6321632163216322,0.5,0.48,0.52
-0.6318631863186318,0.5,0.48,0.52
-0.6315631563156315,0.5,0.48,0.52
-0.6312631263126313,0.5,0.48,0.52
-0.6309630963096309,0.5,0.48,0.52
-0.6306630663066306,0.5,0.48,0.52
-0.6303630363036303,0.5,0.48,0.52
-0.6300630063006301,0.5,0.48,0.52
-0.6297629762976298,0.5,0.48,0.52
-0.6294629462946295,0.5,0.48,0.52
-0.6291629162916291,0.5,0.48,0.52
-0.6288628862886289,0.5,0.48,0.52
-0.6285628562856285,0.5,0.48,0.52
-0.6282628262826282,0.5,0.48,0.52
-0.6279627962796279,0.5,0.48,0.52
-0.6276627662766276,0.5,0.48,0.52
-0.6273627362736274,0.5,0.48,0.52
-0.6270627062706271,0.5,0.48,0.52
-0.6267626762676267,0.5,0.48,0.52
-0.6264626462646264,0.5,0.48,0.52
-0.6261626162616261,0.5,0.48,0.52
-0.6258625862586258,0.5,0.48,0.52
-0.6255625562556255,0.5,0.48,0.52
-0.6252625262526252,0.5,0.48,0.52
-0.624962496249625,0.5,0.48,0.52
-0.6246624662466247,0.5,0.48,0.52
-0.6243624362436243,0.5,0.48,0.52
-0.624062406240624,0.5,0.48,0.52
-0.6237623762376237,0.5,0.48,0.52
-0.6234623462346234,0.5,0.48,0.52
-0.6231623162316231,0.5,0.48,0.52
-0.6228622862286228,0.5,0.48,0.52
-0.6225622562256226,0.5,0.48,0.52
-0.6222622262226223,0.5,0.48,0.52
-0.621962196219622,0.5,0.48,0.52
-0.6216621662166216,0.5,0.48,0.52
-0.6213621362136214,0.5,0.48,0.52
-0.621062106210621,0.5,0.48,0.52
-0.6207620762076207,0.5,0.48,0.52
-0.6204620462046204,0.5,0.48,0.52
-0.6201620162016201,0.5,0.48,0.52
-0.6198619861986199,0.5,0.48,0.52
-0.6195619561956196,0.5,0.48,0.52
-0.6192619261926192,0.5,0.48,0.52
-0.6189618961896189,0.5,0.48,0.52
-0.6186618661866186,0.5,0.48,0.52
-0.6183618361836183,0.5,0.48,0.52
-0.618061806180618,0.5,0.48,0.52
-0.6177617761776177,0.5,0.48,0.52
-0.6174617461746175,0.5,0.48,0.52
-0.6171617161716172,0.5,0.48,0.52
-0.6168616861686168,0.5,0.48,0.52
-0.6165616561656165,0.5,0.48,0.52
-0.6162616261626161,0.5,0.48,0.52
-0.6159615961596159,0.5,0.48,0.52
-0.6156615661566156,0.5,0.48,0.52
-0.6153615361536153,0.5,0.48,0.52
-0.6150615061506151,0.5,0.48,0.52
-0.6147614761476148,0.5,0.48,0.52
-0.6144614461446145,0.5,0.48,0.52
-0.6141614161416141,0.5,0.48,0.52
-0.6138613861386139,0.5,0.48,0.52
-0.6135613561356135,0.5,0.48,0.52
-0.6132613261326132,0.5,0.48,0.52
-0.6129612961296129,0.5,0.48,0.52
-0.6126612661266126,0.5,0.48,0.52
-0.6123612361236124,0.5,0.48,0.52
-0.6120612061206121,0.5,0.48,0.52
-0.6117611761176117,0.5,0.48,0.52
-0.6114611461146114,0.5,0.48,0.52
-0.6111611161116111,0.5,0.48,0.52
-0.6108610861086108,0.5,0.48,0.52
-0.6105610561056105,0.5,0.48,0.52
-0.6102610261026102,0.5,0.48,0.52
-0.60996099609961,0.5,0.48,0.52
-0.6096609660966097,0.5,0.48,0.52
-0.6093609360936093,0.5,0.48,0.52
-0.609060906090609,0.5,0.48,0.52
-0.6087608760876086,0.5,0.48,0.52
-0.6084608460846084,0.5,0.48,0.52
-0.6081608160816081,0.5,0.48,0.52
-0.6078607860786078,0.5,0.48,0.52
-0.6075607560756076,0.5,0.48,0.52
-0.6072607260726073,0.5,0.48,0.52
-0.606960696069607,0.5,0.48,0.52
-0.6066606660666066,0.5,0.48,0.52
-0.6063606360636064,0.5,0.48,0.52
-0.606060606060606,0.5,0.48,0.52
-0.6057605760576057,0.5,0.48,0.52
-0.6054605460546054,0.5,0.48,0.52
-0.6051605160516051,0.5,0.48,0.52
-0.6048604860486049,0.5,0.48,0.52
-0.6045604560456046,0.5,0.48,0.52
-0.6042604260426042,0.5,0.48,0.52
-0.6039603960396039,0.5,0.48,0.52
-0.6036603660366036,0.5,0.48,0.52
-0.6033603360336033,0.5,0.48,0.52
-0.603060306030603,0.5,0.48,0.52
-0.6027602760276027,0.5,0.48,0.52
-0.6024602460246025,0.5,0.48,0.52
-0.6021602160216022,0.5,0.48,0.52
-0.6018601860186018,0.5,0.48,0.52
-0.6015601560156015,0.5,0.48,0.52
-0.6012601260126011,0.5,0.48,0.52
-0.6009600960096009,0.5,0.48,0.52
-0.6006600660066006,0.5,0.48,0.52
-0.6003600360036003,0.5,0.48,0.52
-0.6000600060006,0.5,0.48,0.52
-0.5997599759975998,0.5,0.48,0.52
-0.5994599459945995,0.5,0.48,0.52
-0.5991599159915991,0.5,0.48,0.52
-0.5988598859885989,0.5,0.48,0.52
-0.5985598559855985,0.5,0.48,0.52
-0.5982598259825982,0.5,0.48,0.52
-0.5979597959795979,0.5,0.48,0.52
-0.5976597659765976,0.5,0.48,0.52
-0.5973597359735974,0.5,0.48,0.52
-0.5970597059705971,0.5,0.48,0.52
-0.5967596759675967,0.5,0.48,0.52
-0.5964596459645964,0.5,0.48,0.52
-0.5961596159615961,0.5,0.48,0.52
-0.5958595859585958,0.5,0.48,0.52
-0.5955595559555955,0.5,0.48,0.52
-0.5952595259525952,0.5,0.48,0.52
-0.594959495949595,0.5,0.48,0.52
-0.5946594659465947,0.5,0.48,0.52
-0.5943594359435943,0.5,0.48,0.52
-0.594059405940594,0.5,0.48,0.52
-0.5937593759375936,0.5,0.48,0.52
-0.5934593459345934,0.5,0.48,0.52
-0.5931593159315931,0.5,0.48,0.52
-0.5928592859285928,0.5,0.48,0.52
-0.5925592559255926,0.5,0.48,0.52
-0.5922592259225923,0.5,0.48,0.52
-0.591959195919592,0.5,0.48,0.52
-0.5916591659165916,0.5,0.48,0.52
-0.5913591359135913,0.5,0.48,0.52
-0.591059105910591,0.5,0.48,0.52
-0.5907590759075907,0.5,0.48,0.52
-0.5904590459045904,0.5,0.48,0.52
-0.5901590159015901,0.5,0.48,0.52
-0.5898589858985899,0.5,0.48,0.52
-0.5895589558955896,0.5,0.48,0.52
-0.5892589258925892,0.5,0.48,0.52
-0.5889588958895889,0.5,0.48,0.52
-0.5886588658865886,0.5,0.48,0.52
-0.5883588358835883,0.5,0.48,0.52
-0.588058805880588,0.5,0.48,0.52
-0.5877587758775877,0.5,0.48,0.52
-0.5874587458745875,0.5,0.48,0.52
-0.5871587158715872,0.5,0.48,0.52
-0.5868586858685868,0.5,0.48,0.52
-0.5865586558655865,0.5,0.48,0.52
-0.5862586258625861,0.5,0.48,0.52
-0.5859585958595859,0.5,0.48,0.52
-0.5856585658565856,0.5,0.48,0.52
-0.5853585358535853,0.5,0.48,0.52
-0.585058505850585,0.5,0.48,0.52
-0.5847584758475848,0.5,0.48,0.52
-0.5844584458445845,0.5,0.48,0.52
-0.5841584158415841,0.5,0.48,0.52
-0.5838583858385838,0.5,0.48,0.52
-0.5835583558355835,0.5,0.48,0.52
-0.5832583258325832,0.5,0.48,0.52
-0.5829582958295829,0.5,0.48,0.52
-0.5826582658265826,0.5,0.48,0.52
-0.5823582358235824,0.5,0.48,0.52
-0.5820582058205821,0.5,0.48,0.52
-0.5817581758175817,0.5,0.48,0.52
-0.5814581458145814,0.5,0.48,0.52
-0.581158115811581,0.5,0.48,0.52
-0.5808580858085808,0.5,0.48,0.52
-0.5805580558055805,0.5,0.48,0.52
-0.5802580258025802,0.5,0.48,0.52
-0.57995799579958,0.5,0.48,0.52
-0.5796579657965797,0.5,0.48,0.52
-0.5793579357935793,0.5,0.48,0.52
-0.579057905790579,0.5,0.48,0.52
-0.5787578757875786,0.5,0.48,0.52
-0.5784578457845784,0.5,0.48,0.52
-0.5781578157815781,0.5,0.48,0.52
-0.5778577857785778,0.5,0.48,0.52
-0.5775577557755776,0.5,0.48,0.52
-0.5772577257725773,0.5,0.48,0.52
-0.576957695769577,0.5,0.48,0.52
-0.5766576657665766,0.5,0.48,0.52
-0.5763576357635763,0.5,0.48,0.52
-0.576057605760576,0.5,0.48,0.52
-0.5757575757575757,0.5,0.48,0.52
-0.5754575457545754,0.5,0.48,0.52
-0.5751575157515751,0.5,0.48,0.52
-0.5748574857485749,0.5,0.48,0.52
-0.5745574557455746,0.5,0.48,0.52
-0.5742574257425742,0.5,0.48,0.52
-0.5739573957395739,0.5,0.48,0.52
-0.5736573657365736,0.5,0.48,0.52
-0.5733573357335733,0.5,0.48,0.52
-0.573057305730573,0.5,0.48,0.52
-0.5727572757275727,0.5,0.48,0.52
-0.5724572457245725,0.5,0.48,0.52
-0.5721572157215722,0.5,0.48,0.52
-0.5718571857185718,0.5,0.48,0.52
-0.5715571557155715,0.5,0.48,0.52
-0.5712571257125711,0.5,0.48,0.52
-0.5709570957095709,0.5,0.48,0.52
-0.5706570657065706,0.5,0.48,0.52
-0.5703570357035703,0.5,0.48,0.52
-0.57005700570057,0.5,0.48,0.52
-0.5697569756975698,0.5,0.48,0.52
-0.5694569456945695,0.5,0.48,0.52
-0.5691569156915691,0.5,0.48,0.52
-0.5688568856885688,0.5,0.48,0.52
-0.5685568556855685,0.5,0.48,0.52
-0.5682568256825682,0.5,0.48,0.52
-0.5679567956795679,0.5,0.48,0.52
-0.5676567656765676,0.5,0.48,0.52
-0.5673567356735674,0.5,0.48,0.52
-0.5670567056705671,0.5,0.48,0.52
-0.5667566756675667,0.5,0.48,0.52
-0.5664566456645664,0.5,0.48,0.52
-0.566156615661566,0.5,0.48,0.52
-0.5658565856585658,0.5,0.48,0.52
-0.5655565556555655,0.5,0.48,0.52
-0.5652565256525652,0.5,0.48,0.52
-0.564956495649565,0.5,0.48,0.52
-0.5646564656465647,0.5,0.48,0.52
-0.5643564356435643,0.5,0.48,0.52
-0.564056405640564,0.5,0.48,0.52
-0.5637563756375636,0.5,0.48,0.52
-0.5634563456345634,0.5,0.48,0.52
-0.5631563156315631,0.5,0.48,0.52
-0.5628562856285628,0.5,0.48,0.52
-0.5625562556255626,0.5,0.48,0.52
-0.5622562256225623,0.5,0.48,0.52
-0.561956195619562,0.5,0.48,0.52
-0.5616561656165616,0.5,0.48,0.52
-0.5613561356135613,0.5,0.48,0.52
-0.561056105610561,0.5,0.48,0.52
-0.5607560756075607,0.5,0.48,0.52
-0.5604560456045604,0.5,0.48,0.52
-0.5601560156015601,0.5,0.48,0.52
-0.5598559855985599,0.5,0.48,0.52
-0.5595559555955596,0.5,0.48,0.52
-0.5592559255925592,0.5,0.48,0.52
-0.5589558955895589,0.5,0.48,0.52
-0.5586558655865586,0.5,0.48,0.52
-0.5583558355835583,0.5,0.48,0.52
-0.558055805580558,0.5,0.48,0.52
-0.5577557755775577,0.5,0.48,0.52
-0.5574557455745575,0.5,0.48,0.52
-0.5571557155715572,0.5,0.48,0.52
-0.5568556855685568,0.5,0.48,0.52
-0.5565556555655565,0.5,0.48,0.52
-0.5562556255625561,0.5,0.48,0.52
-0.5559555955595559,0.5,0.48,0.52
-0.5556555655565556,0.5,0.48,0.52
-0.5553555355535553,0.5,0.48,0.52
-0.555055505550555,0.5,0.48,0.52
-0.5547554755475548,0.5,0.48,0.52
-0.5544554455445545,0.5,0.48,0.52
-0.5541554155415541,0.5,0.48,0.52
-0.5538553855385538,0.5,0.48,0.52
-0.5535553555355535,0.5,0.48,0.52
-0.5532553255325532,0.5,0.48,0.52
-0.5529552955295529,0.5,0.48,0.52
-0.5526552655265526,0.5,0.48,0.52
-0.5523552355235524,0.5,0.48,0.52
-0.5520552055205521,0.5,0.48,0.52
-0.5517551755175517,0.5,0.48,0.52
-0.5514551455145514,0.5,0.48,0.52
-0.551155115511551,0.5,0.48,0.52
-0.5508550855085508,0.5,0.48,0.52
-0.5505550555055505,0.5,0.48,0.52
-0.5502550255025502,0.5,0.48,0.52
-0.54995499549955,0.5,0.48,0.52
-0.5496549654965497,0.5,0.48,0.52
-0.5493549354935493,0.5,0.48,0.52
-0.549054905490549,0.5,0.48,0.52
-0.5487548754875486,0.5,0.48,0.52
-0.5484548454845484,0.5,0.48,0.52
-0.5481548154815481,0.5,0.48,0.52
-0.5478547854785478,0.5,0.48,0.52
-0.5475547554755475,0.5,0.48,0.52
-0.5472547254725473,0.5,0.48,0.52
-0.5469546954695469,0.5,0.48,0.52
-0.5466546654665466,0.5,0.48,0.52
-0.5463546354635463,0.5,0.48,0.52
-0.546054605460546,0.5,0.48,0.52
-0.5457545754575457,0.5,0.48,0.52
-0.5454545454545454,0.5,0.48,0.52
-0.5451545154515451,0.5,0.48,0.52
-0.5448544854485449,0.5,0.48,0.52
-0.5445544554455446,0.5,0.48,0.52
-0.5442544254425442,0.5,0.48,0.52
-0.5439543954395439,0.5,0.48,0.52
-0.5436543654365436,0.5,0.48,0.52
-0.5433543354335433,0.5,0.48,0.52
-0.543054305430543,0.5,0.48,0.52
-0.5427542754275427,0.5,0.48,0.52
-0.5424542454245425,0.5,0.48,0.52
-0.5421542154215422,0.5,0.48,0.52
-0.5418541854185418,0.5,0.48,0.52
-0.5415541554155415,0.5,0.48,0.52
-0.5412541254125411,0.5,0.48,0.52
-0.5409540954095409,0.5,0.48,0.52
-0.5406540654065406,0.5,0.48,0.52
-0.5403540354035403,0.5,0.48,0.52
-0.54005400540054,0.5,0.48,0.52
-0.5397539753975398,0.5,0.48,0.52
-0.5394539453945394,0.5,0.48,0.52
-0.5391539153915391,0.5,0.48,0.52
-0.5388538853885388,0.5,0.48,0.52
-0.5385538553855385,0.5,0.48,0.52
-0.5382538253825382,0.5,0.48,0.52
-0.5379537953795379,0.5,0.48,0.52
-0.5376537653765376,0.5,0.48,0.52
-0.5373537353735374,0.5,0.48,0.52
-0.5370537053705371,0.5,0.48,0.52
-0.5367536753675367,0.5,0.48,0.52
-0.5364536453645364,0.5,0.48,0.52
-0.536153615361536,0.5,0.48,0.52
-0.5358535853585358,0.5,0.48,0.52
-0.5355535553555355,0.5,0.48,0.52
-0.5352535253525352,0.5,0.48,0.52
-0.534953495349535,0.5,0.48,0.52
-0.5346534653465347,0.5,0.48,0.52
-0.5343534353435343,0.5,0.48,0.52
-0.534053405340534,0.5,0.48,0.52
-0.5337533753375336,0.5,0.48,0.52
-0.5334533453345334,0.5,0.48,0.52
-0.5331533153315331,0.5,0.48,0.52
-0.5328532853285328,0.5,0.48,0.52
-0.5325532553255325,0.5,0.48,0.52
-0.5322532253225323,0.5,0.48,0.52
-0.5319531953195319,0.5,0.48,0.52
-0.5316531653165316,0.5,0.48,0.52
-0.5313531353135313,0.5,0.48,0.52
-0.531053105310531,0.5,0.48,0.52
-0.5307530753075307,0.5,0.48,0.52
-0.5304530453045304,0.5,0.48,0.52
-0.5301530153015301,0.5,0.48,0.52
-0.5298529852985299,0.5,0.48,0.52
-0.5295529552955296,0.5,0.48,0.52
-0.5292529252925292,0.5,0.48,0.52
-0.5289528952895289,0.5,0.48,0.52
-0.5286528652865286,0.5,0.48,0.52
-0.5283528352835283,0.5,0.48,0.52
-0.528052805280528,0.5,0.48,0.52
-0.5277527752775277,0.5,0.48,0.52
-0.5274527452745275,0.5,0.48,0.52
-0.5271527152715272,0.5,0.48,0.52
-0.5268526852685268,0.5,0.48,0.52
-0.5265526552655265,0.5,0.48,0.52
-0.5262526252625261,0.5,0.48,0.52
-0.5259525952595259,0.5,0.48,0.52
-0.5256525652565256,0.5,0.48,0.52
-0.5253525352535253,0.5,0.48,0.52
-0.525052505250525,0.5,0.48,0.52
-0.5247524752475248,0.5,0.48,0.52
-0.5244524452445244,0.5,0.48,0.52
-0.5241524152415241,0.5,0.48,0.52
-0.5238523852385237,0.5,0.48,0.52
-0.5235523552355235,0.5,0.48,0.52
-0.5232523252325232,0.5,0.48,0.52
-0.5229522952295229,0.5,0.48,0.52
-0.5226522652265226,0.5,0.48,0.52
-0.5223522352235224,0.5,0.48,0.52
-0.5220522052205221,0.5,0.48,0.52
-0.5217521752175217,0.5,0.48,0.52
-0.5214521452145214,0.5,0.48,0.52
-0.521152115211521,0.5,0.48,0.52
-0.5208520852085208,0.5,0.48,0.52
-0.5205520552055205,0.5,0.48,0.52
-0.5202520252025202,0.5,0.48,0.52
-0.51995199519952,0.5,0.48,0.52
-0.5196519651965197,0.5,0.48,0.52
-0.5193519351935193,0.5,0.48,0.52
-0.519051905190519,0.5,0.48,0.52
-0.5187518751875186,0.5,0.48,0.52
-0.5184518451845184,0.5,0.48,0.52
-0.5181518151815181,0.5,0.48,0.52
-0.5178517851785178,0.5,0.48,0.52
-0.5175517551755175,0.5,0.48,0.52
-0.5172517251725173,0.5,0.48,0.52
-0.5169516951695169,0.5,0.48,0.52
-0.5166516651665166,0.5,0.48,0.52
-0.5163516351635162,0.5,0.48,0.52
-0.516051605160516,0.5,0.48,0.52
-0.5157515751575157,0.5,0.48,0.52
-0.5154515451545154,0.5,0.48,0.52
-0.5151515151515151,0.5,0.48,0.52
-0.5148514851485149,0.5,0.48,0.52
-0.5145514551455146,0.5,0.48,0.52
-0.5142514251425142,0.5,0.48,0.52
-0.5139513951395139,0.5,0.48,0.52
-0.5136513651365135,0.5,0.48,0.52
-0.5133513351335133,0.5,0.48,0.52
-0.513051305130513,0.5,0.48,0.52
-0.5127512751275127,0.5,0.48,0.52
-0.5124512451245125,0.5,0.48,0.52
-0.5121512151215122,0.5,0.48,0.52
-0.5118511851185118,0.5,0.48,0.52
-0.5115511551155115,0.5,0.48,0.52
-0.5112511251125111,0.5,0.48,0.52
-0.5109510951095109,0.5,0.48,0.52
-0.5106510651065106,0.5,0.48,0.52
-0.5103510351035103,0.5,0.48,0.52
-0.51005100510051,0.5,0.48,0.52
-0.5097509750975098,0.5,0.48,0.52
-0.5094509450945094,0.5,0.48,0.52
-0.5091509150915091,0.5,0.48,0.52
-0.5088508850885087,0.5,0.48,0.52
-0.5085508550855085,0.5,0.48,0.52
-0.5082508250825082,0.5,0.48,0.52
-0.5079507950795079,0.5,0.48,0.52
-0.5076507650765076,0.5,0.48,0.52
-0.5073507350735074,0.5,0.48,0.52
-0.5070507050705071,0.5,0.48,0.52
-0.5067506750675067,0.5,0.48,0.52
-0.5064506450645064,0.5,0.48,0.52
-0.506150615061506,0.5,0.48,0.52
-0.5058505850585058,0.5,0.48,0.52
-0.5055505550555055,0.5,0.48,0.52
-0.5052505250525052,0.5,0.48,0.52
-0.504950495049505,0.5,0.48,0.52
-0.5046504650465047,0.5,0.48,0.52
-0.5043504350435043,0.5,0.48,0.52
-0.504050405040504,0.5,0.48,0.52
-0.5037503750375036,0.5,0.48,0.52
-0.5034503450345034,0.5,0.48,0.52
-0.5031503150315031,0.5,0.48,0.52
-0.5028502850285028,0.5,0.48,0.52
-0.5025502550255025,0.5,0.48,0.52
-0.5022502250225023,0.5,0.48,0.52
-0.5019501950195019,0.5,0.48,0.52
-0.5016501650165016,0.5,0.48,0.52
-0.5013501350135012,0.5,0.48,0.52
-0.501050105010501,0.5,0.48,0.52
-0.5007500750075007,0.5,0.48,0.52
-0.5004500450045004,0.5,0.48,0.52
-0.5001500150015001,0.5,0.48,0.52
-0.49984998499849986,0.5,0.48,0.52
-0.4995499549954995,0.5,0.48,0.52
-0.4992499249924992,0.5,0.48,0.52
-0.49894989498949893,0.5,0.48,0.52
-0.49864986498649866,0.5,0.48,0.52
-0.4983498349834983,0.5,0.48,0.52
-0.498049804980498,0.5,0.48,0.52
-0.4977497749774977,0.5,0.48,0.52
-0.49744974497449745,0.5,0.48,0.52
-0.49714971497149707,0.5,0.48,0.52
-0.4968496849684968,0.5,0.48,0.52
-0.4965496549654965,0.5,0.48,0.52
-0.49624962496249625,0.5,0.48,0.52
-0.49594959495949587,0.5,0.48,0.52
-0.4956495649564956,0.5,0.48,0.52
-0.4953495349534953,0.5,0.48,0.52
-0.49504950495049505,0.5,0.48,0.52
-0.49474947494749466,0.5,0.48,0.52
-0.4944494449444944,0.5,0.48,0.52
-0.4941494149414941,0.5,0.48,0.52
-0.49384938493849384,0.5,0.48,0.52
-0.49354935493549346,0.5,0.48,0.52
-0.4932493249324932,0.5,0.48,0.52
-0.4929492949294929,0.5,0.48,0.52
-0.49264926492649264,0.5,0.48,0.52
-0.49234923492349236,0.5,0.48,0.52
-0.492049204920492,0.5,0.48,0.52
-0.4917491749174917,0.5,0.48,0.52
-0.49144914491449143,0.5,0.48,0.52
-0.49114911491149116,0.5,0.48,0.52
-0.4908490849084908,0.5,0.48,0.52
-0.4905490549054905,0.5,0.48,0.52
-0.4902490249024902,0.5,0.48,0.52
-0.48994899489948995,0.5,0.48,0.52
-0.48964896489648957,0.5,0.48,0.52
-0.4893489348934893,0.5,0.48,0.52
-0.489048904890489,0.5,0.48,0.52
-0.48874887488748875,0.5,0.48,0.52
-0.48844884488448836,0.5,0.48,0.52
-0.4881488148814881,0.5,0.48,0.52
-0.4878487848784878,0.5,0.48,0.52
-0.48754875487548754,0.5,0.48,0.52
-0.48724872487248716,0.5,0.48,0.52
-0.4869486948694869,0.5,0.48,0.52
-0.4866486648664866,0.5,0.48,0.52
-0.48634863486348634,0.5,0.48,0.52
-0.48604860486048596,0.5,0.48,0.52
-0.4857485748574857,0.5,0.48,0.52
-0.4854485448544854,0.5,0.48,0.52
-0.48514851485148514,0.5,0.48,0.52
-0.48484848484848486,0.5,0.48,0.52
-0.4845484548454845,0.5,0.48,0.52
-0.4842484248424842,0.5,0.48,0.52
-0.48394839483948393,0.5,0.48,0.52
-0.48364836483648366,0.5,0.48,0.52
-0.4833483348334833,0.5,0.48,0.52
-0.483048304830483,0.5,0.48,0.52
-0.4827482748274827,0.5,0.48,0.52
-0.48244824482448245,0.5,0.48,0.52
-0.48214821482148207,0.5,0.48,0.52
-0.4818481848184818,0.5,0.48,0.52
-0.4815481548154815,0.5,0.48,0.52
-0.48124812481248125,0.5,0.48,0.52
-0.48094809480948086,0.5,0.48,0.52
-0.4806480648064806,0.5,0.48,0.52
-0.4803480348034803,0.5,0.48,0.52
-0.48004800480048004,0.5,0.48,0.52
-0.47974797479747966,0.5,0.48,0.52
-0.4794479447944794,0.5,0.48,0.52
-0.4791479147914791,0.5,0.48,0.52
-0.47884788478847884,0.5,0.48,0.52
-0.47854785478547845,0.5,0.48,0.52
-0.4782478247824782,0.5,0.48,0.52
-0.4779477947794779,0.5,0.48,0.52
-0.47764776477647763,0.5,0.48,0.52
-0.47734773477347736,0.5,0.48,0.52
-0.477047704770477,0.5,0.48,0.52
-0.4767476747674767,0.5,0.48,0.52
-0.47644764476447643,0.5,0.48,0.52
-0.47614761476147616,0.5,0.48,0.52
-0.4758475847584758,0.5,0.48,0.52
-0.4755475547554755,0.5,0.48,0.52
-0.4752475247524752,0.5,0.48,0.52
-0.47494749474947495,0.5,0.48,0.52
-0.47464746474647457,0.5,0.48,0.52
-0.4743474347434743,0.5,0.48,0.52
-0.474047404740474,0.5,0.48,0.52
-0.47374737473747375,0.5,0.48,0.52
-0.47344734473447336,0.5,0.48,0.52
-0.4731473147314731,0.5,0.48,0.52
-0.4728472847284728,0.5,0.48,0.52
-0.47254725472547254,0.5,0.48,0.52
-0.47224722472247216,0.5,0.48,0.52
-0.4719471947194719,0.5,0.48,0.52
-0.4716471647164716,0.5,0.48,0.52
-0.47134713471347134,0.5,0.48,0.52
-0.47104710471047095,0.5,0.48,0.52
-0.4707470747074707,0.5,0.48,0.52
-0.4704470447044704,0.5,0.48,0.52
-0.47014701470147013,0.5,0.48,0.52
-0.46984698469846986,0.5,0.48,0.52
-0.4695469546954695,0.5,0.48,0.52
-0.4692469246924692,0.5,0.48,0.52
-0.46894689468946893,0.5,0.48,0.52
-0.46864686468646866,0.5,0.48,0.52
-0.46834683468346827,0.5,0.48,0.52
-0.468046804680468,0.5,0.48,0.52
-0.4677467746774677,0.5,0.48,0.52
-0.46744674467446745,0.5,0.48,0.52
-0.46714671467146707,0.5,0.48,0.52
-0.4668466846684668,0.5,0.48,0.52
-0.4665466546654665,0.5,0.48,0.52
-0.46624662466246625,0.5,0.48,0.52
-0.46594659465946586,0.5,0.48,0.52
-0.4656465646564656,0.5,0.48,0.52
-0.4653465346534653,0.5,0.48,0.52
-0.46504650465046504,0.5,0.48,0.52
-0.46474647464746466,0.5,0.48,0.52
-0.4644464446444644,0.5,0.48,0.52
-0.4641464146414641,0.5,0.48,0.52
-0.46384638463846384,0.5,0.48,0.52
-0.46354635463546345,0.5,0.48,0.52
-0.4632463246324632,0.5,0.48,0.52
-0.4629462946294629,0.5,0.48,0.52
-0.46264626462646263,0.5,0.48,0.52
-0.46234623462346236,0.5,0.48,0.52
-0.462046204620462,0.5,0.48,0.52
-0.4617461746174617,0.5,0.48,0.52
-0.46144614461446143,0.5,0.48,0.52
-0.46114611461146116,0.5,0.48,0.52
-0.46084608460846077,0.5,0.48,0.52
-0.4605460546054605,0.5,0.48,0.52
-0.4602460246024602,0.5,0.48,0.52
-0.45994599459945995,0.5,0.48,0.52
-0.45964596459645957,0.5,0.48,0.52
-0.4593459345934593,0.5,0.48,0.52
-0.459045904590459,0.5,0.48,0.52
-0.45874587458745875,0.5,0.48,0.52
-0.45844584458445836,0.5,0.48,0.52
-0.4581458145814581,0.5,0.48,0.52
-0.4578457845784578,0.5,0.48,0.52
-0.45754575457545754,0.5,0.48,0.52
-0.45724572457245716,0.5,0.48,0.52
-0.4569456945694569,0.5,0.48,0.52
-0.4566456645664566,0.5,0.48,0.52
-0.45634563456345634,0.5,0.48,0.52
-0.45604560456045595,0.5,0.48,0.52
-0.4557455745574557,0.5,0.48,0.52
-0.4554455445544554,0.5,0.48,0.52
-0.45514551455145513,0.5,0.48,0.52
-0.45484548454845475,0.5,0.48,0.52
-0.4545454545454545,0.5,0.48,0.52
-0.4542454245424542,0.5,0.48,0.52
-0.45394539453945393,0.5,0.48,0.52
-0.45364536453645365,0.5,0.48,0.52
-0.45334533453345327,0.5,0.48,0.52
-0.453045304530453,0.5,0.48,0.52
-0.4527452745274527,0.5,0.48,0.52
-0.45244524452445245,0.5,0.48,0.52
-0.45214521452145207,0.5,0.48,0.52
-0.4518451845184518,0.5,0.48,0.52
-0.4515451545154515,0.5,0.48,0.52
-0.45124512451245125,0.5,0.48,0.52
-0.45094509450945086,0.5,0.48,0.52
-0.4506450645064506,0.5,0.48,0.52
-0.4503450345034503,0.5,0.48,0.52
-0.45004500450045004,0.5,0.48,0.52
-0.44974497449744966,0.5,0.48,0.52
-0.4494449444944494,0.5,0.48,0.52
-0.4491449144914491,0.5,0.48,0.52
-0.44884488448844884,0.5,0.48,0.52
-0.44854485448544845,0.5,0.48,0.52
-0.4482448244824482,0.5,0.48,0.52
-0.4479447944794479,0.5,0.48,0.52
-0.44764476447644763,0.5,0.48,0.52
-0.44734473447344725,0.5,0.48,0.52
-0.447044704470447,0.5,0.48,0.52
-0.4467446744674467,0.5,0.48,0.52
-0.4464446444644464,0.5,0.48,0.52
-0.44614461446144615,0.5,0.48,0.52
-0.44584458445844577,0.5,0.48,0.52
-0.4455445544554455,0.5,0.48,0.52
-0.4452445244524452,0.5,0.48,0.52
-0.44494449444944495,0.5,0.48,0.52
-0.44464446444644457,0.5,0.48,0.52
-0.4443444344434443,0.5,0.48,0.52
-0.444044404440444,0.5,0.48,0.52
-0.44374437443744374,0.5,0.48,0.52
-0.44344434443444336,0.5,0.48,0.52
-0.4431443144314431,0.5,0.48,0.52
-0.4428442844284428,0.5,0.48,0.52
-0.44254425442544254,0.5,0.48,0.52
-0.44224422442244216,0.5,0.48,0.52
-0.4419441944194419,0.5,0.48,0.52
-0.4416441644164416,0.5,0.48,0.52
-0.44134413441344134,0.5,0.48,0.52
-0.44104410441044095,0.5,0.48,0.52
-0.4407440744074407,0.5,0.48,0.52
-0.4404440444044404,0.5,0.48,0.52
-0.44014401440144013,0.5,0.48,0.52
-0.43984398439843975,0.5,0.48,0.52
-0.4395439543954395,0.5,0.48,0.52
-0.4392439243924392,0.5,0.48,0.52
-0.4389438943894389,0.5,0.48,0.52
-0.43864386438643865,0.5,0.48,0.52
-0.43834383438343827,0.5,0.48,0.52
-0.438043804380438,0.5,0.48,0.52
-0.4377437743774377,0.5,0.48,0.52
-0.43744374437443745,0.5,0.48,0.52
-0.43714371437143706,0.5,0.48,0.52
-0.4368436843684368,0.5,0.48,0.52
-0.4365436543654365,0.5,0.48,0.52
-0.43624362436243624,0.5,0.48,0.52
-0.43594359435943586,0.5,0.48,0.52
-0.4356435643564356,0.5,0.48,0.52
-0.4353435343534353,0.5,0.48,0.52
-0.43504350435043504,0.5,0.48,0.52
-0.43474347434743466,0.5,0.48,0.52
-0.4344434443444344,0.5,0.48,0.52
-0.4341434143414341,0.5,0.48,0.52
-0.43384338433843384,0.5,0.48,0.52
-0.43354335433543345,0.5,0.48,0.52
-0.4332433243324332,0.5,0.48,0.52
-0.4329432943294329,0.5,0.48,0.52
-0.43264326432643263,0.5,0.48,0.52
-0.43234323432343225,0.5,0.48,0.52
-0.432043204320432,0.5,0.48,0.52
-0.4317431743174317,0.5,0.48,0.52
-0.4314431443144314,0.5,0.48,0.52
-0.43114311431143115,0.5,0.48,0.52
-0.43084308430843077,0.5,0.48,0.52
-0.4305430543054305,0.5,0.48,0.52
-0.4302430243024302,0.5,0.48,0.52
-0.42994299429942995,0.5,0.48,0.52
-0.42964296429642956,0.5,0.48,0.52
-0.4293429342934293,0.5,0.48,0.52
-0.429042904290429,0.5,0.48,0.52
-0.42874287428742874,0.5,0.48,0.52
-0.42844284428442836,0.5,0.48,0.52
-0.4281428142814281,0.5,0.48,0.52
-0.4278427842784278,0.5,0.48,0.52
-0.42754275427542754,0.5,0.48,0.52
-0.42724272427242715,0.5,0.48,0.52
-0.4269426942694269,0.5,0.48,0.52
-0.4266426642664266,0.5,0.48,0.52
-0.42634263426342633,0.5,0.48,0.52
-0.42604260426042595,0.5,0.48,0.52
-0.4257425742574257,0.5,0.48,0.52
-0.4254425442544254,0.5,0.48,0.52
-0.42514251425142513,0.5,0.48,0.52
-0.42484248424842475,0.5,0.48,0.52
-0.42454245424542447,0.5,0.48,0.52
-0.4242424242424242,0.5,0.48,0.52
-0.4239423942394239,0.5,0.48,0.52
-0.42364236423642365,0.5,0.48,0.52
-0.42334233423342327,0.5,0.48,0.52
-0.423042304230423,0.5,0.48,0.52
-0.4227422742274227,0.5,0.48,0.52
-0.42244224422442245,0.5,0.48,0.52
-0.42214221422142206,0.5,0.48,0.52
-0.4218421842184218,0.5,0.48,0.52
-0.4215421542154215,0.5,0.48,0.52
-0.42124212421242124,0.5,0.48,0.52
-0.42094209420942086,0.5,0.48,0.52
-0.4206420642064206,0.5,0.48,0.52
-0.4203420342034203,0.5,0.48,0.52
-0.42004200420042004,0.5,0.48,0.52
-0.41974197419741965,0.5,0.48,0.52
-0.4194419441944194,0.5,0.48,0.52
-0.4191419141914191,0.5,0.48,0.52
-0.41884188418841883,0.5,0.48,0.52
-0.41854185418541845,0.5,0.48,0.52
-0.4182418241824182,0.5,0.48,0.52
-0.4179417941794179,0.5,0.48,0.52
-0.41764176417641763,0.5,0.48,0.52
-0.41734173417341724,0.5,0.48,0.52
-0.41704170417041697,0.5,0.48,0.52
-0.4167416741674167,0.5,0.48,0.52
-0.4164416441644164,0.5,0.48,0.52
-0.41614161416141615,0.5,0.48,0.52
-0.41584158415841577,0.5,0.48,0.52
-0.4155415541554155,0.5,0.48,0.52
-0.4152415241524152,0.5,0.48,0.52
-0.41494149414941495,0.5,0.48,0.52
-0.41464146414641456,0.5,0.48,0.52
-0.4143414341434143,0.5,0.48,0.52
-0.414041404140414,0.5,0.48,0.52
-0.41374137413741374,0.5,0.48,0.52
-0.41344134413441336,0.5,0.48,0.52
-0.4131413141314131,0.5,0.48,0.52
-0.4128412841284128,0.5,0.48,0.52
-0.41254125412541254,0.5,0.48,0.52
-0.41224122412241215,0.5,0.48,0.52
-0.4119411941194119,0.5,0.48,0.52
-0.4116411641164116,0.5,0.48,0.52
-0.41134113411341133,0.5,0.48,0.52
-0.41104110411041095,0.5,0.48,0.52
-0.4107410741074107,0.5,0.48,0.52
-0.4104410441044104,0.5,0.48,0.52
-0.41014101410141013,0.5,0.48,0.52
-0.40984098409840974,0.5,0.48,0.52
-0.40954095409540947,0.5,0.48,0.52
-0.4092409240924092,0.5,0.48,0.52
-0.4089408940894089,0.5,0.48,0.52
-0.40864086408640854,0.5,0.48,0.52
-0.40834083408340827,0.5,0.48,0.52
-0.408040804080408,0.5,0.48,0.52
-0.4077407740774077,0.5,0.48,0.52
-0.40744074407440745,0.5,0.48,0.52
-0.40714071407140706,0.5,0.48,0.52
-0.4068406840684068,0.5,0.48,0.52
-0.4065406540654065,0.5,0.48,0.52
-0.40624062406240624,0.5,0.48,0.52
-0.40594059405940586,0.5,0.48,0.52
-0.4056405640564056,0.5,0.48,0.52
-0.4053405340534053,0.5,0.48,0.52
-0.40504050405040504,0.5,0.48,0.52
-0.40474047404740465,0.5,0.48,0.52
-0.4044404440444044,0.5,0.48,0.52
-0.4041404140414041,0.5,0.48,0.52
-0.40384038403840383,0.5,0.48,0.52
-0.40354035403540345,0.5,0.48,0.52
-0.4032403240324032,0.5,0.48,0.52
-0.4029402940294029,0.5,0.48,0.52
-0.40264026402640263,0.5,0.48,0.52
-0.40234023402340224,0.5,0.48,0.52
-0.40204020402040197,0.5,0.48,0.52
-0.4017401740174017,0.5,0.48,0.52
-0.4014401440144014,0.5,0.48,0.52
-0.40114011401140104,0.5,0.48,0.52
-0.40084008400840077,0.5,0.48,0.52
-0.4005400540054005,0.5,0.48,0.52
-0.4002400240024002,0.5,0.48,0.52
-0.39993999399939995,0.5,0.48,0.52
-0.39963996399639956,0.5,0.48,0.52
-0.3993399339933993,0.5,0.48,0.52
-0.399039903990399,0.5,0.48,0.52
-0.39873987398739874,0.5,0.48,0.52
-0.39843984398439836,0.5,0.48,0.52
-0.3981398139813981,0.5,0.48,0.52
-0.3978397839783978,0.5,0.48,0.52
-0.39753975397539754,0.5,0.48,0.52
-0.39723972397239715,0.5,0.48,0.52
-0.3969396939693969,0.5,0.48,0.52
-0.3966396639663966,0.5,0.48,0.52
-0.39633963396339633,0.5,0.48,0.52
-0.39603960396039595,0.5,0.48,0.52
-0.3957395739573957,0.5,0.48,0.52
-0.3954395439543954,0.5,0.48,0.52
-0.3951395139513951,0.5,0.48,0.52
-0.39483948394839474,0.5,0.48,0.52
-0.39453945394539447,0.5,0.48,0.52
-0.3942394239423942,0.5,0.48,0.52
-0.3939393939393939,0.5,0.48,0.52
-0.39363936393639354,0.5,0.48,0.52
-0.39333933393339326,0.5,0.48,0.52
-0.393039303930393,0.5,0.48,0.52
-0.3927392739273927,0.5,0.48,0.52
-0.39243924392439244,0.5,0.48,0.52
-0.39213921392139206,0.5,0.48,0.52
-0.3918391839183918,0.5,0.48,0.52
-0.3915391539153915,0.5,0.48,0.52
-0.39123912391239124,0.5,0.48,0.52
-0.39093909390939086,0.5,0.48,0.52
-0.3906390639063906,0.5,0.48,0.52
-0.3903390339033903,0.5,0.48,0.52
-0.39003900390039004,0.5,0.48,0.52
-0.38973897389738965,0.5,0.48,0.52
-0.3894389438943894,0.5,0.48,0.52
-0.3891389138913891,0.5,0.48,0.52
-0.38883888388838883,0.5,0.48,0.52
-0.38853885388538845,0.5,0.48,0.52
-0.3882388238823882,0.5,0.48,0.52
-0.3879387938793879,0.5,0.48,0.52
-0.3876387638763876,0.5,0.48,0.52
-0.38733873387338724,0.5,0.48,0.52
-0.38703870387038697,0.5,0.48,0.52
-0.3867386738673867,0.5,0.48,0.52
-0.3864386438643864,0.5,0.48,0.52
-0.38613861386138604,0.5,0.48,0.52
-0.38583858385838576,0.5,0.48,0.52
-0.3855385538553855,0.5,0.48,0.52
-0.3852385238523852,0.5,0.48,0.52
-0.38493849384938494,0.5,0.48,0.52
-0.38463846384638456,0.5,0.48,0.52
-0.3843384338433843,0.5,0.48,0.52
-0.384038403840384,0.5,0.48,0.52
-0.38373837383738374,0.5,0.48,0.52
-0.38343834383438336,0.5,0.48,0.52
-0.3831383138313831,0.5,0.48,0.52
-0.3828382838283828,0.5,0.48,0.52
-0.38253825382538253,0.5,0.48,0.52
-0.38223822382238215,0.5,0.48,0.52
-0.3819381938193819,0.5,0.48,0.52
-0.3816381638163816,0.5,0.48,0.52
-0.38133813381338133,0.5,0.48,0.52
-0.38103810381038095,0.5,0.48,0.52
-0.3807380738073807,0.5,0.48,0.52
-0.3804380438043804,0.5,0.48,0.52
-0.3801380138013801,0.5,0.48,0.52
-0.37983798379837974,0.5,0.48,0.52
-0.37953795379537947,0.5,0.48,0.52
-0.3792379237923792,0.5,0.48,0.52
-0.3789378937893789,0.5,0.48,0.52
-0.37863786378637854,0.5,0.48,0.52
-0.37833783378337826,0.5,0.48,0.52
-0.378037803780378,0.5,0.48,0.52
-0.3777377737773777,0.5,0.48,0.52
-0.37743774377437744,0.5,0.48,0.52
-0.37713771377137706,0.5,0.48,0.52
-0.3768376837683768,0.5,0.48,0.52
-0.3765376537653765,0.5,0.48,0.52
-0.37623762376237624,0.5,0.48,0.52
-0.37593759375937585,0.5,0.48,0.52
-0.3756375637563756,0.5,0.48,0.52
-0.3753375337533753,0.5,0.48,0.52
-0.37503750375037503,0.5,0.48,0.52
-0.37473747374737465,0.5,0.48,0.52
-0.3744374437443744,0.5,0.48,0.52
-0.3741374137413741,0.5,0.48,0.52
-0.37383738373837383,0.5,0.48,0.52
-0.37353735373537345,0.5,0.48,0.52
-0.37323732373237317,0.5,0.48,0.52
-0.3729372937293729,0.5,0.48,0.52
-0.3726372637263726,0.5,0.48,0.52
-0.37233723372337224,0.5,0.48,0.52
-0.37203720372037197,0.5,0.48,0.52
-0.3717371737173717,0.5,0.48,0.52
-0.3714371437143714,0.5,0.48,0.52
-0.37113711371137104,0.5,0.48,0.52
-0.37083708370837076,0.5,0.48,0.52
-0.3705370537053705,0.5,0.48,0.52
-0.3702370237023702,0.5,0.48,0.52
-0.36993699369936994,0.5,0.48,0.52
-0.36963696369636956,0.5,0.48,0.52
-0.3693369336933693,0.5,0.48,0.52
-0.369036903690369,0.5,0.48,0.52
-0.36873687368736874,0.5,0.48,0.52
-0.36843684368436835,0.5,0.48,0.52
-0.3681368136813681,0.5,0.48,0.52
-0.3678367836783678,0.5,0.48,0.52
-0.36753675367536753,0.5,0.48,0.52
-0.36723672367236715,0.5,0.48,0.52
-0.3669366936693669,0.5,0.48,0.52
-0.3666366636663666,0.5,0.48,0.52
-0.36633663366336633,0.5,0.48,0.52
-0.36603660366036594,0.5,0.48,0.52
-0.36573657365736567,0.5,0.48,0.52
-0.3654365436543654,0.5,0.48,0.52
-0.3651365136513651,0.5,0.48,0.52
-0.36483648364836474,0.5,0.48,0.52
-0.36453645364536447,0.5,0.48,0.52
-0.3642364236423642,0.5,0.48,0.52
-0.3639363936393639,0.5,0.48,0.52
-0.36363636363636354,0.5,0.48,0.52
-0.36333633363336326,0.5,0.48,0.52
-0.363036303630363,0.5,0.48,0.52
-0.3627362736273627,0.5,0.48,0.52
-0.36243624362436244,0.5,0.48,0.52
-0.36213621362136206,0.5,0.48,0.52
-0.3618361836183618,0.5,0.48,0.52
-0.3615361536153615,0.5,0.48,0.52
-0.36123612361236124,0.5,0.48,0.52
-0.36093609360936085,0.5,0.48,0.52
-0.3606360636063606,0.5,0.48,0.52
-0.3603360336033603,0.5,0.48,0.52
-0.36003600360036003,0.5,0.48,0.52
-0.35973597359735965,0.5,0.48,0.52
-0.3594359435943594,0.5,0.48,0.52
-0.3591359135913591,0.5,0.48,0.52
-0.35883588358835883,0.5,0.48,0.52
-0.35853585358535844,0.5,0.48,0.52
-0.35823582358235817,0.5,0.48,0.52
-0.3579357935793579,0.5,0.48,0.52
-0.3576357635763576,0.5,0.48,0.52
-0.35733573357335724,0.5,0.48,0.52
-0.35703570357035697,0.5,0.48,0.52
-0.3567356735673567,0.5,0.48,0.52
-0.3564356435643564,0.5,0.48,0.52
-0.35613561356135603,0.5,0.48,0.52
-0.35583558355835576,0.5,0.48,0.52
-0.3555355535553555,0.5,0.48,0.52
-0.3552355235523552,0.5,0.48,0.52
-0.35493549354935483,0.5,0.48,0.52
-0.35463546354635456,0.5,0.48,0.52
-0.3543354335433543,0.5,0.48,0.52
-0.354035403540354,0.5,0.48,0.52
-0.35373537353735374,0.5,0.48,0.52
-0.35343534353435335,0.5,0.48,0.52
-0.3531353135313531,0.5,0.48,0.52
-0.3528352835283528,0.5,0.48,0.52
-0.35253525352535253,0.5,0.48,0.52
-0.35223522352235215,0.5,0.48,0.52
-0.3519351935193519,0.5,0.48,0.52
-0.3516351635163516,0.5,0.48,0.52
-0.3513351335133513,0.5,0.48,0.52
-0.35103510351035094,0.5,0.48,0.52
-0.35073507350735067,0.5,0.48,0.52
-0.3504350435043504,0.5,0.48,0.52
-0.3501350135013501,0.5,0.48,0.52
-0.34983498349834974,0.5,0.48,0.52
-0.34953495349534947,0.5,0.48,0.52
-0.3492349234923492,0.5,0.48,0.52
-0.3489348934893489,0.5,0.48,0.52
-0.34863486348634853,0.5,0.48,0.52
-0.34833483348334826,0.5,0.48,0.52
-0.348034803480348,0.5,0.48,0.52
-0.3477347734773477,0.5,0.48,0.52
-0.34743474347434733,0.5,0.48,0.52
-0.34713471347134706,0.5,0.48,0.52
-0.3468346834683468,0.5,0.48,0.52
-0.3465346534653465,0.5,0.48,0.52
-0.34623462346234624,0.5,0.48,0.52
-0.34593459345934585,0.5,0.48,0.52
-0.3456345634563456,0.5,0.48,0.52
-0.3453345334533453,0.5,0.48,0.52
-0.34503450345034503,0.5,0.48,0.52
-0.34473447344734465,0.5,0.48,0.52
-0.3444344434443444,0.5,0.48,0.52
-0.3441344134413441,0.5,0.48,0.52
-0.3438343834383438,0.5,0.48,0.52
-0.34353435343534344,0.5,0.48,0.52
-0.34323432343234317,0.5,0.48,0.52
-0.3429342934293429,0.5,0.48,0.52
-0.3426342634263426,0.5,0.48,0.52
-0.34233423342334224,0.5,0.48,0.52
-0.34203420342034196,0.5,0.48,0.52
-0.3417341734173417,0.5,0.48,0.52
-0.3414341434143414,0.5,0.48,0.52
-0.34113411341134103,0.5,0.48,0.52
-0.34083408340834076,0.5,0.48,0.52
-0.3405340534053405,0.5,0.48,0.52
-0.3402340234023402,0.5,0.48,0.52
-0.33993399339933983,0.5,0.48,0.52
-0.33963396339633956,0.5,0.48,0.52
-0.3393339333933393,0.5,0.48,0.52
-0.339033903390339,0.5,0.48,0.52
-0.33873387338733874,0.5,0.48,0.52
-0.33843384338433835,0.5,0.48,0.52
-0.3381338133813381,0.5,0.48,0.52
-0.3378337833783378,0.5,0.48,0.52
-0.33753375337533753,0.5,0.48,0.52
-0.33723372337233715,0.5,0.48,0.52
-0.3369336933693369,0.5,0.48,0.52
-0.3366336633663366,0.5,0.48,0.52
-0.3363336333633363,0.5,0.48,0.52
-0.33603360336033594,0.5,0.48,0.52
-0.33573357335733567,0.5,0.48,0.52
-0.3354335433543354,0.5,0.48,0.52
-0.3351335133513351,0.5,0.48,0.52
-0.33483348334833474,0.5,0.48,0.52
-0.33453345334533446,0.5,0.48,0.52
-0.3342334233423342,0.5,0.48,0.52
-0.3339333933393339,0.5,0.48,0.52
-0.33363336333633353,0.5,0.48,0.52
-0.33333333333333326,0.5,0.48,0.52
-0.333033303330333,0.5,0.48,0.52
-0.3327332733273327,0.5,0.48,0.52
-0.33243324332433233,0.5,0.48,0.52
-0.33213321332133205,0.5,0.48,0.52
-0.3318331833183318,0.5,0.48,0.52
-0.3315331533153315,0.5,0.48,0.52
-0.33123312331233123,0.5,0.48,0.52
-0.33093309330933085,0.5,0.48,0.52
-0.3306330633063306,0.5,0.48,0.52
-0.3303330333033303,0.5,0.48,0.52
-0.33003300330033003,0.5,0.48,0.52
-0.32973297329732965,0.5,0.48,0.52
-0.3294329432943294,0.5,0.48,0.52
-0.3291329132913291,0.5,0.48,0.52
-0.3288328832883288,0.5,0.48,0.52
-0.32853285328532844,0.5,0.48,0.52
-0.32823282328232817,0.5,0.48,0.52
-0.3279327932793279,0.5,0.48,0.52
-0.3276327632763276,0.5,0.48,0.52
-0.32733273327332724,0.5,0.48,0.52
-0.32703270327032696,0.5,0.48,0.52
-0.3267326732673267,0.5,0.48,0.52
-0.3264326432643264,0.5,0.48,0.52
-0.32613261326132603,0.5,0.48,0.52
-0.32583258325832576,0.5,0.48,0.52
-0.3255325532553255,0.5,0.48,0.52
-0.3252325232523252,0.5,0.48,0.52
-0.3249324932493248,0.5,0.48,0.52
-0.32463246324632455,0.5,0.48,0.52
-0.3243324332433243,0.5,0.48,0.52
-0.324032403240324,0.5,0.48,0.52
-0.32373237323732373,0.5,0.48,0.52
-0.32343234323432335,0.5,0.48,0.52
-0.3231323132313231,0.5,0.48,0.52
-0.3228322832283228,0.5,0.48,0.52
-0.32253225322532253,0.5,0.48,0.52
-0.32223222322232214,0.5,0.48,0.52
-0.32193219321932187,0.5,0.48,0.52
-0.3216321632163216,0.5,0.48,0.52
-0.3213321332133213,0.5,0.48,0.52
-0.32103210321032094,0.5,0.48,0.52
-0.32073207320732067,0.5,0.48,0.52
-0.3204320432043204,0.5,0.48,0.52
-0.3201320132013201,0.5,0.48,0.52
-0.31983198319831974,0.5,0.48,0.52
-0.31953195319531946,0.5,0.48,0.52
-0.3192319231923192,0.5,0.48,0.52
-0.3189318931893189,0.5,0.48,0.52
-0.31863186318631853,0.5,0.48,0.52
-0.31833183318331826,0.5,0.48,0.52
-0.318031803180318,0.5,0.48,0.52
-0.3177317731773177,0.5,0.48,0.52
-0.3174317431743173,0.5,0.48,0.52
-0.31713171317131705,0.5,0.48,0.52
-0.3168316831683168,0.5,0.48,0.52
-0.3165316531653165,0.5,0.48,0.52
-0.31623162316231623,0.5,0.48,0.52
-0.31593159315931585,0.5,0.48,0.52
-0.3156315631563156,0.5,0.48,0.52
-0.3153315331533153,0.5,0.48,0.52
-0.31503150315031503,0.5,0.48,0.52
-0.31473147314731464,0.5,0.48,0.52
-0.31443144314431437,0.5,0.48,0.52
-0.3141314131413141,0.5,0.48,0.52
-0.3138313831383138,0.5,0.48,0.52
-0.31353135313531344,0.5,0.48,0.52
-0.31323132313231317,0.5,0.48,0.52
-0.3129312931293129,0.5,0.48,0.52
-0.3126312631263126,0.5,0.48,0.52
-0.31233123312331224,0.5,0.48,0.52
-0.31203120312031196,0.5,0.48,0.52
-0.3117311731173117,0.5,0.48,0.52
-0.3114311431143114,0.5,0.48,0.52
-0.31113111311131103,0.5,0.48,0.52
-0.31083108310831076,0.5,0.48,0.52
-0.3105310531053105,0.5,0.48,0.52
-0.3102310231023102,0.5,0.48,0.52
-0.3099309930993098,0.5,0.48,0.52
-0.30963096309630955,0.5,0.48,0.52
-0.3093309330933093,0.5,0.48,0.52
-0.309030903090309,0.5,0.48,0.52
-0.3087308730873086,0.5,0.48,0.52
-0.30843084308430835,0.5,0.48,0.52
-0.3081308130813081,0.5,0.48,0.52
-0.3078307830783078,0.5,0.48,0.52
-0.30753075307530753,0.5,0.48,0.52
-0.30723072307230714,0.5,0.48,0.52
-0.30693069306930687,0.5,0.48,0.52
-0.3066306630663066,0.5,0.48,0.52
-0.3063306330633063,0.5,0.48,0.52
-0.30603060306030594,0.5,0.48,0.52
-0.30573057305730567,0.5,0.48,0.52
-0.3054305430543054,0.5,0.48,0.52
-0.3051305130513051,0.5,0.48,0.52
-0.30483048304830473,0.5,0.48,0.52
-0.30453045304530446,0.5,0.48,0.52
-0.3042304230423042,0.5,0.48,0.52
-0.3039303930393039,0.5,0.48,0.52
-0.30363036303630353,0.5,0.48,0.52
-0.30333033303330326,0.5,0.48,0.52
-0.303030303030303,0.5,0.48,0.52
-0.3027302730273027,0.5,0.48,0.52
-0.3024302430243023,0.5,0.48,0.52
-0.30213021302130205,0.5,0.48,0.52
-0.3018301830183018,0.5,0.48,0.52
-0.3015301530153015,0.5,0.48,0.52
-0.3012301230123011,0.5,0.48,0.52
-0.30093009300930085,0.5,0.48,0.52
-0.3006300630063006,0.5,0.48,0.52
-0.3003300330033003,0.5,0.48,0.52
-0.3000300030003,0.5,0.48,0.52
-0.29972997299729964,0.5,0.48,0.52
-0.29942994299429937,0.5,0.48,0.52
-0.2991299129912991,0.5,0.48,0.52
-0.2988298829882988,0.5,0.48,0.52
-0.29852985298529844,0.5,0.48,0.52
-0.29822982298229817,0.5,0.48,0.52
-0.2979297929792979,0.5,0.48,0.52
-0.2976297629762976,0.5,0.48,0.52
-0.29732973297329723,0.5,0.48,0.52
-0.29702970297029696,0.5,0.48,0.52
-0.2967296729672967,0.5,0.48,0.52
-0.2964296429642964,0.5,0.48,0.52
-0.29612961296129603,0.5,0.48,0.52
-0.29582958295829576,0.5,0.48,0.52
-0.2955295529552955,0.5,0.48,0.52
-0.2952295229522952,0.5,0.48,0.52
-0.2949294929492948,0.5,0.48,0.52
-0.29462946294629455,0.5,0.48,0.52
-0.2943294329432943,0.5,0.48,0.52
-0.294029402940294,0.5,0.48,0.52
-0.2937293729372936,0.5,0.48,0.52
-0.29342934293429335,0.5,0.48,0.52
-0.2931293129312931,0.5,0.48,0.52
-0.2928292829282928,0.5,0.48,0.52
-0.2925292529252925,0.5,0.48,0.52
-0.29222922292229214,0.5,0.48,0.52
-0.29192919291929187,0.5,0.48,0.52
-0.2916291629162916,0.5,0.48,0.52
-0.2913291329132913,0.5,0.48,0.52
-0.29102910291029094,0.5,0.48,0.52
-0.29072907290729066,0.5,0.48,0.52
-0.2904290429042904,0.5,0.48,0.52
-0.2901290129012901,0.5,0.48,0.52
-0.28982898289828973,0.5,0.48,0.52
-0.28952895289528946,0.5,0.48,0.52
-0.2892289228922892,0.5,0.48,0.52
-0.2889288928892889,0.5,0.48,0.52
-0.28862886288628853,0.5,0.48,0.52
-0.28832883288328826,0.5,0.48,0.52
-0.288028802880288,0.5,0.48,0.52
-0.2877287728772877,0.5,0.48,0.52
-0.2874287428742873,0.5,0.48,0.52
-0.28712871287128705,0.5,0.48,0.52
-0.2868286828682868,0.5,0.48,0.52
-0.2865286528652865,0.5,0.48,0.52
-0.2862286228622861,0.5,0.48,0.52
-0.28592859285928585,0.5,0.48,0.52
-0.2856285628562856,0.5,0.48,0.52
-0.2853285328532853,0.5,0.48,0.52
-0.285028502850285,0.5,0.48,0.52
-0.28472847284728464,0.5,0.48,0.52
-0.28442844284428437,0.5,0.48,0.52
-0.2841284128412841,0.5,0.48,0.52
-0.2838283828382838,0.5,0.48,0.52
-0.28352835283528344,0.5,0.48,0.52
-0.28322832283228316,0.5,0.48,0.52
-0.2829282928292829,0.5,0.48,0.52
-0.2826282628262826,0.5,0.48,0.52
-0.28232823282328223,0.5,0.48,0.52
-0.28202820282028196,0.5,0.48,0.52
-0.2817281728172817,0.5,0.48,0.52
-0.2814281428142814,0.5,0.48,0.52
-0.28112811281128103,0.5,0.48,0.52
-0.28082808280828075,0.5,0.48,0.52
-0.2805280528052805,0.5,0.48,0.52
-0.2802280228022802,0.5,0.48,0.52
-0.2799279927992798,0.5,0.48,0.52
-0.27962796279627955,0.5,0.48,0.52
-0.2793279327932793,0.5,0.48,0.52
-0.279027902790279,0.5,0.48,0.52
-0.2787278727872786,0.5,0.48,0.52
-0.27842784278427835,0.5,0.48,0.52
-0.27812781278127807,0.5,0.48,0.52
-0.2778277827782778,0.5,0.48,0.52
-0.2775277527752775,0.5,0.48,0.52
-0.27722772277227714,0.5,0.48,0.52
-0.27692769276927687,0.5,0.48,0.52
-0.2766276627662766,0.5,0.48,0.52
-0.2763276327632763,0.5,0.48,0.52
-0.27602760276027594,0.5,0.48,0.52
-0.27572757275727566,0.5,0.48,0.52
-0.2754275427542754,0.5,0.48,0.52
-0.2751275127512751,0.5,0.48,0.52
-0.27482748274827473,0.5,0.48,0.52
-0.27452745274527446,0.5,0.48,0.52
-0.2742274227422742,0.5,0.48,0.52
-0.2739273927392739,0.5,0.48,0.52
-0.2736273627362735,0.5,0.48,0.52
-0.27332733273327325,0.5,0.48,0.52
-0.273027302730273,0.5,0.48,0.52
-0.2727272727272727,0.5,0.48,0.52
-0.2724272427242723,0.5,0.48,0.52
-0.27212721272127205,0.5,0.48,0.52
-0.2718271827182718,0.5,0.48,0.52
-0.2715271527152715,0.5,0.48,0.52
-0.2712271227122711,0.5,0.48,0.52
-0.27092709270927084,0.5,0.48,0.52
-0.27062706270627057,0.5,0.48,0.52
-0.2703270327032703,0.5,0.48,0.52
-0.27002700270027,0.5,0.48,0.52
-0.26972697269726964,0.5,0.48,0.52
-0.26942694269426937,0.5,0.48,0.52
-0.2691269126912691,0.5,0.48,0.52
-0.2688268826882688,0.5,0.48,0.52
-0.26852685268526844,0.5,0.48,0.52
-0.26822682268226816,0.5,0.48,0.52
-0.2679267926792679,0.5,0.48,0.52
-0.2676267626762676,0.5,0.48,0.52
-0.26732673267326723,0.5,0.48,0.52
-0.26702670267026696,0.5,0.48,0.52
-0.2667266726672667,0.5,0.48,0.52
-0.2664266426642664,0.5,0.48,0.52
-0.266126612661266,0.5,0.48,0.52
-0.26582658265826575,0.5,0.48,0.52
-0.2655265526552655,0.5,0.48,0.52
-0.2652265226522652,0.5,0.48,0.52
-0.2649264926492648,0.5,0.48,0.52
-0.26462646264626455,0.5,0.48,0.52
-0.2643264326432643,0.5,0.48,0.52
-0.264026402640264,0.5,0.48,0.52
-0.2637263726372636,0.5,0.48,0.52
-0.26342634263426334,0.5,0.48,0.52
-0.26312631263126307,0.5,0.48,0.52
-0.2628262826282628,0.5,0.48,0.52
-0.2625262526252625,0.5,0.48,0.52
-0.26222622262226214,0.5,0.48,0.52
-0.26192619261926187,0.5,0.48,0.52
-0.2616261626162616,0.5,0.48,0.52
-0.2613261326132613,0.5,0.48,0.52
-0.26102610261026093,0.5,0.48,0.52
-0.26072607260726066,0.5,0.48,0.52
-0.2604260426042604,0.5,0.48,0.52
-0.2601260126012601,0.5,0.48,0.52
-0.25982598259825973,0.5,0.48,0.52
-0.25952595259525946,0.5,0.48,0.52
-0.2592259225922592,0.5,0.48,0.52
-0.2589258925892589,0.5,0.48,0.52
-0.2586258625862585,0.5,0.48,0.52
-0.25832583258325825,0.5,0.48,0.52
-0.258025802580258,0.5,0.48,0.52
-0.2577257725772577,0.5,0.48,0.52
-0.2574257425742573,0.5,0.48,0.52
-0.25712571257125705,0.5,0.48,0.52
-0.2568256825682568,0.5,0.48,0.52
-0.2565256525652565,0.5,0.48,0.52
-0.2562256225622561,0.5,0.48,0.52
-0.25592559255925584,0.5,0.48,0.52
-0.25562556255625557,0.5,0.48,0.52
-0.2553255325532553,0.5,0.48,0.52
-0.2550255025502549,0.5,0.48,0.52
-0.25472547254725464,0.5,0.48,0.52
-0.25442544254425437,0.5,0.48,0.52
-0.2541254125412541,0.5,0.48,0.52
-0.2538253825382538,0.5,0.48,0.52
-0.25352535253525343,0.5,0.48,0.52
-0.25322532253225316,0.5,0.48,0.52
-0.2529252925292529,0.5,0.48,0.52
-0.2526252625262526,0.5,0.48,0.52
-0.25232523252325223,0.5,0.48,0.52
-0.25202520252025196,0.5,0.48,0.52
-0.2517251725172517,0.5,0.48,0.52
-0.2514251425142514,0.5,0.48,0.52
-0.251125112511251,0.5,0.48,0.52
-0.25082508250825075,0.5,0.48,0.52
-0.2505250525052505,0.5,0.48,0.52
-0.2502250225022502,0.5,0.48,0.52
-0.24992499249924982,0.5,0.48,0.52
-0.24962496249624955,0.5,0.48,0.52
-0.24932493249324927,0.5,0.48,0.52
-0.249024902490249,0.5,0.48,0.52
-0.24872487248724862,0.5,0.48,0.52
-0.24842484248424834,0.5,0.48,0.52
-0.24812481248124807,0.5,0.48,0.52
-0.2478247824782478,0.5,0.48,0.52
-0.2475247524752474,0.5,0.48,0.52
-0.24722472247224714,0.5,0.48,0.52
-0.24692469246924686,0.5,0.48,0.52
-0.2466246624662466,0.5,0.48,0.52
-0.24632463246324632,0.5,0.48,0.52
-0.24602460246024593,0.5,0.48,0.52
-0.24572457245724566,0.5,0.48,0.52
-0.2454245424542454,0.5,0.48,0.52
-0.2451245124512451,0.5,0.48,0.52
-0.24482448244824473,0.5,0.48,0.52
-0.24452445244524446,0.5,0.48,0.52
-0.24422442244224418,0.5,0.48,0.52
-0.2439243924392439,0.5,0.48,0.52
-0.24362436243624352,0.5,0.48,0.52
-0.24332433243324325,0.5,0.48,0.52
-0.24302430243024298,0.5,0.48,0.52
-0.2427242724272427,0.5,0.48,0.52
-0.24242424242424232,0.5,0.48,0.52
-0.24212421242124205,0.5,0.48,0.52
-0.24182418241824177,0.5,0.48,0.52
-0.2415241524152415,0.5,0.48,0.52
-0.24122412241224112,0.5,0.48,0.52
-0.24092409240924084,0.5,0.48,0.52
-0.24062406240624057,0.5,0.48,0.52
-0.2403240324032403,0.5,0.48,0.52
-0.2400240024002399,0.5,0.48,0.52
-0.23972397239723964,0.5,0.48,0.52
-0.23942394239423936,0.5,0.48,0.52
-0.2391239123912391,0.5,0.48,0.52
-0.23882388238823882,0.5,0.48,0.52
-0.23852385238523843,0.5,0.48,0.52
-0.23822382238223816,0.5,0.48,0.52
-0.2379237923792379,0.5,0.48,0.52
-0.2376237623762376,0.5,0.48,0.52
-0.23732373237323723,0.5,0.48,0.52
-0.23702370237023695,0.5,0.48,0.52
-0.23672367236723668,0.5,0.48,0.52
-0.2364236423642364,0.5,0.48,0.52
-0.23612361236123602,0.5,0.48,0.52
-0.23582358235823575,0.5,0.48,0.52
-0.23552355235523548,0.5,0.48,0.52
-0.2352235223522352,0.5,0.48,0.52
-0.23492349234923482,0.5,0.48,0.52
-0.23462346234623455,0.5,0.48,0.52
-0.23432343234323427,0.5,0.48,0.52
-0.234023402340234,0.5,0.48,0.52
-0.23372337233723361,0.5,0.48,0.52
-0.23342334233423334,0.5,0.48,0.52
-0.23312331233123307,0.5,0.48,0.52
-0.2328232823282328,0.5,0.48,0.52
-0.2325232523252324,0.5,0.48,0.52
-0.23222322232223214,0.5,0.48,0.52
-0.23192319231923186,0.5,0.48,0.52
-0.2316231623162316,0.5,0.48,0.52
-0.23132313231323132,0.5,0.48,0.52
-0.23102310231023093,0.5,0.48,0.52
-0.23072307230723066,0.5,0.48,0.52
-0.23042304230423039,0.5,0.48,0.52
-0.2301230123012301,0.5,0.48,0.52
-0.22982298229822973,0.5,0.48,0.52
-0.22952295229522945,0.5,0.48,0.52
-0.22922292229222918,0.5,0.48,0.52
-0.2289228922892289,0.5,0.48,0.52
-0.22862286228622852,0.5,0.48,0.52
-0.22832283228322825,0.5,0.48,0.52
-0.22802280228022798,0.5,0.48,0.52
-0.2277227722772277,0.5,0.48,0.52
-0.22742274227422732,0.5,0.48,0.52
-0.22712271227122705,0.5,0.48,0.52
-0.22682268226822677,0.5,0.48,0.52
-0.2265226522652265,0.5,0.48,0.52
-0.22622262226222611,0.5,0.48,0.52
-0.22592259225922584,0.5,0.48,0.52
-0.22562256225622557,0.5,0.48,0.52
-0.2253225322532253,0.5,0.48,0.52
-0.2250225022502249,0.5,0.48,0.52
-0.22472247224722464,0.5,0.48,0.52
-0.22442244224422436,0.5,0.48,0.52
-0.2241224122412241,0.5,0.48,0.52
-0.22382238223822382,0.5,0.48,0.52
-0.22352235223522343,0.5,0.48,0.52
-0.22322232223222316,0.5,0.48,0.52
-0.22292229222922288,0.5,0.48,0.52
-0.2226222622262226,0.5,0.48,0.52
-0.22232223222322223,0.5,0.48,0.52
-0.22202220222022195,0.5,0.48,0.52
-0.22172217221722168,0.5,0.48,0.52
-0.2214221422142214,0.5,0.48,0.52
-0.22112211221122102,0.5,0.48,0.52
-0.22082208220822075,0.5,0.48,0.52
-0.22052205220522048,0.5,0.48,0.52
-0.2202220222022202,0.5,0.48,0.52
-0.21992199219921982,0.5,0.48,0.52
-0.21962196219621954,0.5,0.48,0.52
-0.21932193219321927,0.5,0.48,0.52
-0.219021902190219,0.5,0.48,0.52
-0.2187218721872186,0.5,0.48,0.52
-0.21842184218421834,0.5,0.48,0.52
-0.21812181218121807,0.5,0.48,0.52
-0.2178217821782178,0.5,0.48,0.52
-0.2175217521752174,0.5,0.48,0.52
-0.21722172217221714,0.5,0.48,0.52
-0.21692169216921686,0.5,0.48,0.52
-0.2166216621662166,0.5,0.48,0.52
-0.21632163216321632,0.5,0.48,0.52
-0.21602160216021593,0.5,0.48,0.52
-0.21572157215721566,0.5,0.48,0.52
-0.21542154215421538,0.5,0.48,0.52
-0.2151215121512151,0.5,0.48,0.52
-0.21482148214821473,0.5,0.48,0.52
-0.21452145214521445,0.5,0.48,0.52
-0.21422142214221418,0.5,0.48,0.52
-0.2139213921392139,0.5,0.48,0.52
-0.21362136213621352,0.5,0.48,0.52
-0.21332133213321325,0.5,0.48,0.52
-0.21302130213021298,0.5,0.48,0.52
-0.2127212721272127,0.5,0.48,0.52
-0.21242124212421232,0.5,0.48,0.52
-0.21212121212121204,0.5,0.48,0.52
-0.21182118211821177,0.5,0.48,0.52
-0.2115211521152115,0.5,0.48,0.52
-0.2112211221122111,0.5,0.48,0.52
-0.21092109210921084,0.5,0.48,0.52
-0.21062106210621057,0.5,0.48,0.52
-0.2103210321032103,0.5,0.48,0.52
-0.2100210021002099,0.5,0.48,0.52
-0.20972097209720963,0.5,0.48,0.52
-0.20942094209420936,0.5,0.48,0.52
-0.2091209120912091,0.5,0.48,0.52
-0.20882088208820881,0.5,0.48,0.52
-0.20852085208520843,0.5,0.48,0.52
-0.20822082208220816,0.5,0.48,0.52
-0.20792079207920788,0.5,0.48,0.52
-0.2076207620762076,0.5,0.48,0.52
-0.20732073207320723,0.5,0.48,0.52
-0.20702070207020695,0.5,0.48,0.52
-0.20672067206720668,0.5,0.48,0.52
-0.2064206420642064,0.5,0.48,0.52
-0.20612061206120602,0.5,0.48,0.52
-0.20582058205820575,0.5,0.48,0.52
-0.20552055205520547,0.5,0.48,0.52
-0.2052205220522052,0.5,0.48,0.52
-0.20492049204920482,0.5,0.48,0.52
-0.20462046204620454,0.5,0.48,0.52
-0.20432043204320427,0.5,0.48,0.52
-0.204020402040204,0.5,0.48,0.52
-0.2037203720372036,0.5,0.48,0.52
-0.20342034203420334,0.5,0.48,0.52
-0.20312031203120307,0.5,0.48,0.52
-0.2028202820282028,0.5,0.48,0.52
-0.2025202520252024,0.5,0.48,0.52
-0.20222022202220213,0.5,0.48,0.52
-0.20192019201920186,0.5,0.48,0.52
-0.2016201620162016,0.5,0.48,0.52
-0.2013201320132012,0.5,0.48,0.52
-0.20102010201020093,0.5,0.48,0.52
-0.20072007200720066,0.5,0.48,0.52
-0.20042004200420038,0.5,0.48,0.52
-0.2001200120012001,0.5,0.48,0.52
-0.19981998199819972,0.5,0.48,0.52
-0.19951995199519945,0.5,0.48,0.52
-0.19921992199219918,0.5,0.48,0.52
-0.1989198919891989,0.5,0.48,0.52
-0.19861986198619852,0.5,0.48,0.52
-0.19831983198319825,0.5,0.48,0.52
-0.19801980198019797,0.5,0.48,0.52
-0.1977197719771977,0.5,0.48,0.52
-0.19741974197419732,0.5,0.48,0.52
-0.19711971197119704,0.5,0.48,0.52
-0.19681968196819677,0.5,0.48,0.52
-0.1965196519651965,0.5,0.48,0.52
-0.1962196219621961,0.5,0.48,0.52
-0.19591959195919584,0.5,0.48,0.52
-0.19561956195619556,0.5,0.48,0.52
-0.1953195319531953,0.5,0.48,0.52
-0.1950195019501949,0.5,0.48,0.52
-0.19471947194719463,0.5,0.48,0.52
-0.19441944194419436,0.5,0.48,0.52
-0.1941194119411941,0.5,0.48,0.52
-0.1938193819381937,0.5,0.48,0.52
-0.19351935193519343,0.5,0.48,0.52
-0.19321932193219316,0.5,0.48,0.52
-0.19291929192919288,0.5,0.48,0.52
-0.1926192619261926,0.5,0.48,0.52
-0.19231923192319222,0.5,0.48,0.52
-0.19201920192019195,0.5,0.48,0.52
-0.19171917191719168,0.5,0.48,0.52
-0.1914191419141914,0.5,0.48,0.52
-0.19111911191119102,0.5,0.48,0.52
-0.19081908190819075,0.5,0.48,0.52
-0.19051905190519047,0.5,0.48,0.52
-0.1902190219021902,0.5,0.48,0.52
-0.18991899189918982,0.5,0.48,0.52
-0.18961896189618954,0.5,0.48,0.52
-0.18931893189318927,0.5,0.48,0.52
-0.189018901890189,0.5,0.48,0.52
-0.1887188718871886,0.5,0.48,0.52
-0.18841884188418834,0.5,0.48,0.52
-0.18811881188118806,0.5,0.48,0.52
-0.1878187818781878,0.5,0.48,0.52
-0.1875187518751874,0.5,0.48,0.52
-0.18721872187218713,0.5,0.48,0.52
-0.18691869186918686,0.5,0.48,0.52
-0.18661866186618659,0.5,0.48,0.52
-0.1863186318631862,0.5,0.48,0.52
-0.18601860186018593,0.5,0.48,0.52
-0.18571857185718565,0.5,0.48,0.52
-0.18541854185418538,0.5,0.48,0.52
-0.1851185118511851,0.5,0.48,0.52
-0.18481848184818472,0.5,0.48,0.52
-0.18451845184518445,0.5,0.48,0.52
-0.18421842184218418,0.5,0.48,0.52
-0.1839183918391839,0.5,0.48,0.52
-0.18361836183618352,0.5,0.48,0.52
-0.18331833183318325,0.5,0.48,0.52
-0.18301830183018297,0.5,0.48,0.52
-0.1827182718271827,0.5,0.48,0.52
-0.18241824182418231,0.5,0.48,0.52
-0.18211821182118204,0.5,0.48,0.52
-0.18181818181818177,0.5,0.48,0.52
-0.1815181518151815,0.5,0.48,0.52
-0.1812181218121811,0.5,0.48,0.52
-0.18091809180918084,0.5,0.48,0.52
-0.18061806180618056,0.5,0.48,0.52
-0.1803180318031803,0.5,0.48,0.52
-0.1800180018001799,0.5,0.48,0.52
-0.17971797179717963,0.5,0.48,0.52
-0.17941794179417936,0.5,0.48,0.52
-0.17911791179117909,0.5,0.48,0.52
-0.1788178817881787,0.5,0.48,0.52
-0.17851785178517843,0.5,0.48,0.52
-0.17821782178217815,0.5,0.48,0.52
-0.17791779177917788,0.5,0.48,0.52
-0.1776177617761776,0.5,0.48,0.52
-0.17731773177317722,0.5,0.48,0.52
-0.17701770177017695,0.5,0.48,0.52
-0.17671767176717668,0.5,0.48,0.52
-0.1764176417641764,0.5,0.48,0.52
-0.17611761176117602,0.5,0.48,0.52
-0.17581758175817574,0.5,0.48,0.52
-0.17551755175517547,0.5,0.48,0.52
-0.1752175217521752,0.5,0.48,0.52
-0.1749174917491748,0.5,0.48,0.52
-0.17461746174617454,0.5,0.48,0.52
-0.17431743174317427,0.5,0.48,0.52
-0.174017401740174,0.5,0.48,0.52
-0.1737173717371736,0.5,0.48,0.52
-0.17341734173417334,0.5,0.48,0.52
-0.17311731173117306,0.5,0.48,0.52
-0.1728172817281728,0.5,0.48,0.52
-0.1725172517251724,0.5,0.48,0.52
-0.17221722172217213,0.5,0.48,0.52
-0.17191719171917186,0.5,0.48,0.52
-0.17161716171617158,0.5,0.48,0.52
-0.1713171317131712,0.5,0.48,0.52
-0.17101710171017093,0.5,0.48,0.52
-0.17071707170717065,0.5,0.48,0.52
-0.17041704170417038,0.5,0.48,0.52
-0.1701170117011701,0.5,0.48,0.52
-0.16981698169816972,0.5,0.48,0.52
-0.16951695169516945,0.5,0.48,0.52
-0.16921692169216918,0.5,0.48,0.52
-0.1689168916891689,0.5,0.48,0.52
-0.16861686168616852,0.5,0.48,0.52
-0.16831683168316824,0.5,0.48,0.52
-0.16801680168016797,0.5,0.48,0.52
-0.1677167716771677,0.5,0.48,0.52
-0.1674167416741673,0.5,0.48,0.52
-0.16711671167116704,0.5,0.48,0.52
-0.16681668166816677,0.5,0.48,0.52
-0.1665166516651665,0.5,0.48,0.52
-0.1662166216621661,0.5,0.48,0.52
-0.16591659165916584,0.5,0.48,0.52
-0.16561656165616556,0.5,0.48,0.52
-0.1653165316531653,0.5,0.48,0.52
-0.1650165016501649,0.5,0.48,0.52
-0.16471647164716463,0.5,0.48,0.52
-0.16441644164416436,0.5,0.48,0.52
-0.16411641164116408,0.5,0.48,0.52
-0.1638163816381637,0.5,0.48,0.52
-0.16351635163516343,0.5,0.48,0.52
-0.16321632163216315,0.5,0.48,0.52
-0.16291629162916288,0.5,0.48,0.52
-0.1626162616261626,0.5,0.48,0.52
-0.16231623162316222,0.5,0.48,0.52
-0.16201620162016195,0.5,0.48,0.52
-0.16171617161716167,0.5,0.48,0.52
-0.1614161416141614,0.5,0.48,0.52
-0.16111611161116102,0.5,0.48,0.52
-0.16081608160816074,0.5,0.48,0.52
-0.16051605160516047,0.5,0.48,0.52
-0.1602160216021602,0.5,0.48,0.52
-0.1599159915991598,0.5,0.48,0.52
-0.15961596159615954,0.5,0.48,0.52
-0.15931593159315927,0.5,0.48,0.52
-0.159015901590159,0.5,0.48,0.52
-0.1587158715871586,0.5,0.48,0.52
-0.15841584158415833,0.5,0.48,0.52
-0.15811581158115806,0.5,0.48,0.52
-0.1578157815781578,0.5,0.48,0.52
-0.1575157515751574,0.5,0.48,0.52
-0.15721572157215713,0.5,0.48,0.52
-0.15691569156915686,0.5,0.48,0.52
-0.15661566156615658,0.5,0.48,0.52
-0.1563156315631562,0.5,0.48,0.52
-0.15601560156015593,0.5,0.48,0.52
-0.15571557155715565,0.5,0.48,0.52
-0.15541554155415538,0.5,0.48,0.52
-0.1551155115511551,0.5,0.48,0.52
-0.15481548154815472,0.5,0.48,0.52
-0.15451545154515445,0.5,0.48,0.52
-0.15421542154215417,0.5,0.48,0.52
-0.1539153915391539,0.5,0.48,0.52
-0.15361536153615352,0.5,0.48,0.52
-0.15331533153315324,0.5,0.48,0.52
-0.15301530153015297,0.5,0.48,0.52
-0.1527152715271527,0.5,0.48,0.52
-0.1524152415241523,0.5,0.48,0.52
-0.15211521152115204,0.5,0.48,0.52
-0.15181518151815176,0.5,0.48,0.52
-0.1515151515151515,0.5,0.48,0.52
-0.1512151215121511,0.5,0.48,0.52
-0.15091509150915083,0.5,0.48,0.52
-0.15061506150615056,0.5,0.48,0.52
-0.1503150315031503,0.5,0.48,0.52
-0.1500150015001499,0.5,0.48,0.52
-0.14971497149714963,0.5,0.48,0.52
-0.14941494149414936,0.5,0.48,0.52
-0.14911491149114908,0.5,0.48,0.52
-0.1488148814881487,0.5,0.48,0.52
-0.14851485148514842,0.5,0.48,0.52
-0.14821482148214815,0.5,0.48,0.52
-0.14791479147914788,0.5,0.48,0.52
-0.1476147614761475,0.5,0.48,0.52
-0.14731473147314722,0.5,0.48,0.52
-0.14701470147014695,0.5,0.48,0.52
-0.14671467146714667,0.5,0.48,0.52
-0.1464146414641464,0.5,0.48,0.52
-0.14611461146114602,0.5,0.48,0.52
-0.14581458145814574,0.5,0.48,0.52
-0.14551455145514547,0.5,0.48,0.52
-0.1452145214521452,0.5,0.48,0.52
-0.1449144914491448,0.5,0.48,0.52
-0.14461446144614454,0.5,0.48,0.52
-0.14431443144314426,0.5,0.48,0.52
-0.144014401440144,0.5,0.48,0.52
-0.1437143714371436,0.5,0.48,0.52
-0.14341434143414333,0.5,0.48,0.52
-0.14311431143114306,0.5,0.48,0.52
-0.1428142814281428,0.5,0.48,0.52
-0.1425142514251424,0.5,0.48,0.52
-0.14221422142214213,0.5,0.48,0.52
-0.14191419141914186,0.5,0.48,0.52
-0.14161416141614158,0.5,0.48,0.52
-0.1413141314131412,0.5,0.48,0.52
-0.14101410141014092,0.5,0.48,0.52
-0.14071407140714065,0.5,0.48,0.52
-0.14041404140414038,0.5,0.48,0.52
-0.14011401140114,0.5,0.48,0.52
-0.13981398139813972,0.5,0.48,0.52
-0.13951395139513945,0.5,0.48,0.52
-0.13921392139213917,0.5,0.48,0.52
-0.1389138913891389,0.5,0.48,0.52
-0.13861386138613851,0.5,0.48,0.52
-0.13831383138313824,0.5,0.48,0.52
-0.13801380138013797,0.5,0.48,0.52
-0.1377137713771377,0.5,0.48,0.52
-0.1374137413741373,0.5,0.48,0.52
-0.13711371137113704,0.5,0.48,0.52
-0.13681368136813676,0.5,0.48,0.52
-0.1365136513651365,0.5,0.48,0.52
-0.1362136213621361,0.5,0.48,0.52
-0.13591359135913583,0.5,0.48,0.52
-0.13561356135613556,0.5,0.48,0.52
-0.13531353135313529,0.5,0.48,0.52
-0.1350135013501349,0.5,0.48,0.52
-0.13471347134713463,0.5,0.48,0.52
-0.13441344134413435,0.5,0.48,0.52
-0.13411341134113408,0.5,0.48,0.52
-0.1338133813381337,0.5,0.48,0.52
-0.13351335133513342,0.5,0.48,0.52
-0.13321332133213315,0.5,0.48,0.52
-0.13291329132913288,0.5,0.48,0.52
-0.1326132613261325,0.5,0.48,0.52
-0.13231323132313222,0.5,0.48,0.52
-0.13201320132013195,0.5,0.48,0.52
-0.13171317131713167,0.5,0.48,0.52
-0.1314131413141314,0.5,0.48,0.52
-0.13111311131113101,0.5,0.48,0.52
-0.13081308130813074,0.5,0.48,0.52
-0.13051305130513047,0.5,0.48,0.52
-0.1302130213021302,0.5,0.48,0.52
-0.1299129912991298,0.5,0.48,0.52
-0.12961296129612954,0.5,0.48,0.52
-0.12931293129312926,0.5,0.48,0.52
-0.129012901290129,0.5,0.48,0.52
-0.1287128712871286,0.5,0.48,0.52
-0.12841284128412833,0.5,0.48,0.52
-0.12811281128112806,0.5,0.48,0.52
-0.12781278127812779,0.5,0.48,0.52
-0.1275127512751274,0.5,0.48,0.52
-0.12721272127212713,0.5,0.48,0.52
-0.12691269126912685,0.5,0.48,0.52
-0.12661266126612658,0.5,0.48,0.52
-0.1263126312631262,0.5,0.48,0.52
-0.12601260126012592,0.5,0.48,0.52
-0.12571257125712565,0.5,0.48,0.52
-0.12541254125412538,0.5,0.48,0.52
-0.125112511251125,0.5,0.48,0.52
-0.12481248124812472,0.5,0.48,0.52
-0.12451245124512444,0.5,0.48,0.52
-0.12421242124212417,0.5,0.48,0.52
-0.1239123912391239,0.5,0.48,0.52
-0.12361236123612351,0.5,0.48,0.52
-0.12331233123312324,0.5,0.48,0.52
-0.12301230123012297,0.5,0.48,0.52
-0.1227122712271227,0.5,0.48,0.52
-0.12241224122412231,0.5,0.48,0.52
-0.12211221122112204,0.5,0.48,0.52
-0.12181218121812176,0.5,0.48,0.52
-0.12151215121512149,0.5,0.48,0.52
-0.1212121212121211,0.5,0.48,0.52
-0.12091209120912083,0.5,0.48,0.52
-0.12061206120612056,0.5,0.48,0.52
-0.12031203120312028,0.5,0.48,0.52
-0.1200120012001199,0.5,0.48,0.52
-0.11971197119711963,0.5,0.48,0.52
-0.11941194119411935,0.5,0.48,0.52
-0.11911191119111908,0.5,0.48,0.52
-0.1188118811881187,0.5,0.48,0.52
-0.11851185118511842,0.5,0.48,0.52
-0.11821182118211815,0.5,0.48,0.52
-0.11791179117911788,0.5,0.48,0.52
-0.11761176117611749,0.5,0.48,0.52
-0.11731173117311722,0.5,0.48,0.52
-0.11701170117011694,0.5,0.48,0.52
-0.11671167116711667,0.5,0.48,0.52
-0.1164116411641164,0.5,0.48,0.52
-0.11611161116111601,0.5,0.48,0.52
-0.11581158115811574,0.5,0.48,0.52
-0.11551155115511547,0.5,0.48,0.52
-0.11521152115211519,0.5,0.48,0.52
-0.11491149114911481,0.5,0.48,0.52
-0.11461146114611453,0.5,0.48,0.52
-0.11431143114311426,0.5,0.48,0.52
-0.11401140114011399,0.5,0.48,0.52
-0.1137113711371136,0.5,0.48,0.52
-0.11341134113411333,0.5,0.48,0.52
-0.11311131113111306,0.5,0.48,0.52
-0.11281128112811278,0.5,0.48,0.52
-0.1125112511251124,0.5,0.48,0.52
-0.11221122112211213,0.5,0.48,0.52
-0.11191119111911185,0.5,0.48,0.52
-0.11161116111611158,0.5,0.48,0.52
-0.1113111311131112,0.5,0.48,0.52
-0.11101110111011092,0.5,0.48,0.52
-0.11071107110711065,0.5,0.48,0.52
-0.11041104110411037,0.5,0.48,0.52
-0.11011101110110999,0.5,0.48,0.52
-0.10981098109810972,0.5,0.48,0.52
-0.10951095109510944,0.5,0.48,0.52
-0.10921092109210917,0.5,0.48,0.52
-0.1089108910891089,0.5,0.48,0.52
-0.10861086108610851,0.5,0.48,0.52
-0.10831083108310824,0.5,0.48,0.52
-0.10801080108010797,0.5,0.48,0.52
-0.10771077107710769,0.5,0.48,0.52
-0.10741074107410731,0.5,0.48,0.52
-0.10711071107110703,0.5,0.48,0.52
-0.10681068106810676,0.5,0.48,0.52
-0.10651065106510649,0.5,0.48,0.52
-0.1062106210621061,0.5,0.48,0.52
-0.10591059105910583,0.5,0.48,0.52
-0.10561056105610556,0.5,0.48,0.52
-0.10531053105310528,0.5,0.48,0.52
-0.1050105010501049,0.5,0.48,0.52
-0.10471047104710463,0.5,0.48,0.52
-0.10441044104410435,0.5,0.48,0.52
-0.10411041104110408,0.5,0.48,0.52
-0.1038103810381037,0.5,0.48,0.52
-0.10351035103510342,0.5,0.48,0.52
-0.10321032103210315,0.5,0.48,0.52
-0.10291029102910287,0.5,0.48,0.52
-0.10261026102610249,0.5,0.48,0.52
-0.10231023102310222,0.5,0.48,0.52
-0.10201020102010194,0.5,0.48,0.52
-0.10171017101710167,0.5,0.48,0.52
-0.10141014101410128,0.5,0.48,0.52
-0.10111011101110101,0.5,0.48,0.52
-0.10081008100810074,0.5,0.48,0.52
-0.10051005100510046,0.5,0.48,0.52
-0.10021002100210019,0.5,0.48,0.52
-0.09990999099909981,0.5,0.48,0.52
-0.09960996099609953,0.5,0.48,0.52
-0.09930993099309926,0.5,0.48,0.52
-0.09900990099009899,0.5,0.48,0.52
-0.0987098709870986,0.5,0.48,0.52
-0.09840984098409833,0.5,0.48,0.52
-0.09810981098109806,0.5,0.48,0.52
-0.09780978097809778,0.5,0.48,0.52
-0.0975097509750974,0.5,0.48,0.52
-0.09720972097209712,0.5,0.48,0.52
-0.09690969096909685,0.5,0.48,0.52
-0.09660966096609658,0.5,0.48,0.52
-0.0963096309630962,0.5,0.48,0.52
-0.09600960096009592,0.5,0.48,0.52
-0.09570957095709565,0.5,0.48,0.52
-0.09540954095409537,0.5,0.48,0.52
-0.09510951095109499,0.5,0.48,0.52
-0.09480948094809472,0.5,0.48,0.52
-0.09450945094509444,0.5,0.48,0.52
-0.09420942094209417,0.5,0.48,0.52
-0.09390939093909378,0.5,0.48,0.52
-0.09360936093609351,0.5,0.48,0.52
-0.09330933093309324,0.5,0.48,0.52
-0.09300930093009296,0.5,0.48,0.52
-0.09270927092709269,0.5,0.48,0.52
-0.0924092409240923,0.5,0.48,0.52
-0.09210921092109203,0.5,0.48,0.52
-0.09180918091809176,0.5,0.48,0.52
-0.09150915091509149,0.5,0.48,0.52
-0.0912091209120911,0.5,0.48,0.52
-0.09090909090909083,0.5,0.48,0.52
-0.09060906090609055,0.5,0.48,0.52
-0.09030903090309028,0.5,0.48,0.52
-0.0900090009000899,0.5,0.48,0.52
-0.08970897089708962,0.5,0.48,0.52
-0.08940894089408935,0.5,0.48,0.52
-0.08910891089108908,0.5,0.48,0.52
-0.08880888088808869,0.5,0.48,0.52
-0.08850885088508842,0.5,0.48,0.52
-0.08820882088208815,0.5,0.48,0.52
-0.08790879087908787,0.5,0.48,0.52
-0.08760876087608749,0.5,0.48,0.52
-0.08730873087308721,0.5,0.48,0.52
-0.08700870087008694,0.5,0.48,0.52
-0.08670867086708667,0.5,0.48,0.52
-0.08640864086408628,0.5,0.48,0.52
-0.08610861086108601,0.5,0.48,0.52
-0.08580858085808574,0.5,0.48,0.52
-0.08550855085508546,0.5,0.48,0.52
-0.08520852085208519,0.5,0.48,0.52
-0.0849084908490848,0.5,0.48,0.52
-0.08460846084608453,0.5,0.48,0.52
-0.08430843084308426,0.5,0.48,0.52
-0.08400840084008399,0.5,0.48,0.52
-0.0837083708370836,0.5,0.48,0.52
-0.08340834083408333,0.5,0.48,0.52
-0.08310831083108305,0.5,0.48,0.52
-0.08280828082808278,0.5,0.48,0.52
-0.0825082508250824,0.5,0.48,0.52
-0.08220822082208212,0.5,0.48,0.52
-0.08190819081908185,0.5,0.48,0.52
-0.08160816081608158,0.5,0.48,0.52
-0.08130813081308119,0.5,0.48,0.52
-0.08100810081008092,0.5,0.48,0.52
-0.08070807080708065,0.5,0.48,0.52
-0.08040804080408037,0.5,0.48,0.52
-0.08010801080107999,0.5,0.48,0.52
-0.07980798079807971,0.5,0.48,0.52
-0.07950795079507944,0.5,0.48,0.52
-0.07920792079207917,0.5,0.48,0.52
-0.07890789078907878,0.5,0.48,0.52
-0.07860786078607851,0.5,0.48,0.52
-0.07830783078307824,0.5,0.48,0.52
-0.07800780078007796,0.5,0.48,0.52
-0.07770777077707769,0.5,0.48,0.52
-0.0774077407740773,0.5,0.48,0.52
-0.07710771077107703,0.5,0.48,0.52
-0.07680768076807676,0.5,0.48,0.52
-0.07650765076507648,0.5,0.48,0.52
-0.0762076207620761,0.5,0.48,0.52
-0.07590759075907583,0.5,0.48,0.52
-0.07560756075607555,0.5,0.48,0.52
-0.07530753075307528,0.5,0.48,0.52
-0.0750075007500749,0.5,0.48,0.52
-0.07470747074707462,0.5,0.48,0.52
-0.07440744074407435,0.5,0.48,0.52
-0.07410741074107408,0.5,0.48,0.52
-0.07380738073807369,0.5,0.48,0.52
-0.07350735073507342,0.5,0.48,0.52
-0.07320732073207314,0.5,0.48,0.52
-0.07290729072907287,0.5,0.48,0.52
-0.07260726072607249,0.5,0.48,0.52
-0.07230723072307221,0.5,0.48,0.52
-0.07200720072007194,0.5,0.48,0.52
-0.07170717071707167,0.5,0.48,0.52
-0.07140714071407128,0.5,0.48,0.52
-0.07110711071107101,0.5,0.48,0.52
-0.07080708070807074,0.5,0.48,0.52
-0.07050705070507046,0.5,0.48,0.52
-0.07020702070207019,0.5,0.48,0.52
-0.0699069906990698,0.5,0.48,0.52
-0.06960696069606953,0.5,0.48,0.52
-0.06930693069306926,0.5,0.48,0.52
-0.06900690069006898,0.5,0.48,0.52
-0.0687068706870686,0.5,0.48,0.52
-0.06840684068406833,0.5,0.48,0.52
-0.06810681068106805,0.5,0.48,0.52
-0.06780678067806778,0.5,0.48,0.52
-0.0675067506750674,0.5,0.48,0.52
-0.06720672067206712,0.5,0.48,0.52
-0.06690669066906685,0.5,0.48,0.52
-0.06660666066606657,0.5,0.48,0.52
-0.06630663066306619,0.5,0.48,0.52
-0.06600660066006592,0.5,0.48,0.52
-0.06570657065706564,0.5,0.48,0.52
-0.06540654065406537,0.5,0.48,0.52
-0.06510651065106499,0.5,0.48,0.52
-0.06480648064806471,0.5,0.48,0.52
-0.06450645064506444,0.5,0.48,0.52
-0.06420642064206417,0.5,0.48,0.52
-0.06390639063906378,0.5,0.48,0.52
-0.06360636063606351,0.5,0.48,0.52
-0.06330633063306323,0.5,0.48,0.52
-0.06300630063006296,0.5,0.48,0.52
-0.06270627062706269,0.5,0.48,0.52
-0.062406240624062304,0.5,0.48,0.52
-0.06210621062106203,0.5,0.48,0.52
-0.06180618061806176,0.5,0.48,0.52
-0.06150615061506148,0.5,0.48,0.52
-0.0612061206120611,0.5,0.48,0.52
-0.060906090609060826,0.5,0.48,0.52
-0.06060606060606055,0.5,0.48,0.52
-0.06030603060306028,0.5,0.48,0.52
-0.060006000600059894,0.5,0.48,0.52
-0.05970597059705962,0.5,0.48,0.52
-0.05940594059405935,0.5,0.48,0.52
-0.059105910591059074,0.5,0.48,0.52
-0.05880588058805869,0.5,0.48,0.52
-0.058505850585058417,0.5,0.48,0.52
-0.05820582058205814,0.5,0.48,0.52
-0.05790579057905787,0.5,0.48,0.52
-0.057605760576057485,0.5,0.48,0.52
-0.05730573057305721,0.5,0.48,0.52
-0.05700570057005694,0.5,0.48,0.52
-0.056705670567056665,0.5,0.48,0.52
-0.05640564056405628,0.5,0.48,0.52
-0.05610561056105601,0.5,0.48,0.52
-0.055805580558055734,0.5,0.48,0.52
-0.05550555055505546,0.5,0.48,0.52
-0.05520552055205519,0.5,0.48,0.52
-0.0549054905490548,0.5,0.48,0.52
-0.05460546054605453,0.5,0.48,0.52
-0.054305430543054256,0.5,0.48,0.52
-0.05400540054005398,0.5,0.48,0.52
-0.0537053705370536,0.5,0.48,0.52
-0.053405340534053325,0.5,0.48,0.52
-0.05310531053105305,0.5,0.48,0.52
-0.05280528052805278,0.5,0.48,0.52
-0.052505250525052394,0.5,0.48,0.52
-0.05220522052205212,0.5,0.48,0.52
-0.05190519051905185,0.5,0.48,0.52
-0.051605160516051574,0.5,0.48,0.52
-0.05130513051305119,0.5,0.48,0.52
-0.051005100510050916,0.5,0.48,0.52
-0.05070507050705064,0.5,0.48,0.52
-0.05040504050405037,0.5,0.48,0.52
-0.050105010501049985,0.5,0.48,0.52
-0.04980498049804971,0.5,0.48,0.52
-0.04950495049504944,0.5,0.48,0.52
-0.049204920492049165,0.5,0.48,0.52
-0.04890489048904878,0.5,0.48,0.52
-0.04860486048604851,0.5,0.48,0.52
-0.04830483048304823,0.5,0.48,0.52
-0.04800480048004796,0.5,0.48,0.52
-0.047704770477047576,0.5,0.48,0.52
-0.0474047404740473,0.5,0.48,0.52
-0.04710471047104703,0.5,0.48,0.52
-0.046804680468046755,0.5,0.48,0.52
-0.04650465046504648,0.5,0.48,0.52
-0.0462046204620461,0.5,0.48,0.52
-0.045904590459045824,0.5,0.48,0.52
-0.04560456045604555,0.5,0.48,0.52
-0.04530453045304528,0.5,0.48,0.52
-0.04500450045004489,0.5,0.48,0.52
-0.04470447044704462,0.5,0.48,0.52
-0.044404440444044346,0.5,0.48,0.52
-0.04410441044104407,0.5,0.48,0.52
-0.04380438043804369,0.5,0.48,0.52
-0.043504350435043415,0.5,0.48,0.52
-0.04320432043204314,0.5,0.48,0.52
-0.04290429042904287,0.5,0.48,0.52
-0.042604260426042484,0.5,0.48,0.52
-0.04230423042304221,0.5,0.48,0.52
-0.04200420042004194,0.5,0.48,0.52
-0.041704170417041664,0.5,0.48,0.52
-0.04140414041404128,0.5,0.48,0.52
-0.041104110411041006,0.5,0.48,0.52
-0.04080408040804073,0.5,0.48,0.52
-0.04050405040504046,0.5,0.48,0.52
-0.040204020402040075,0.5,0.48,0.52
-0.0399039903990398,0.5,0.48,0.52
-0.03960396039603953,0.5,0.48,0.52
-0.039303930393039255,0.5,0.48,0.52
-0.03900390039003898,0.5,0.48,0.52
-0.0387038703870386,0.5,0.48,0.52
-0.038403840384038324,0.5,0.48,0.52
-0.03810381038103805,0.5,0.48,0.52
-0.03780378037803778,0.5,0.48,0.52
-0.03750375037503739,0.5,0.48,0.52
-0.03720372037203712,0.5,0.48,0.52
-0.036903690369036846,0.5,0.48,0.52
-0.03660366036603657,0.5,0.48,0.52
-0.03630363036303619,0.5,0.48,0.52
-0.036003600360035914,0.5,0.48,0.52
-0.03570357035703564,0.5,0.48,0.52
-0.03540354035403537,0.5,0.48,0.52
-0.03510351035103498,0.5,0.48,0.52
-0.03480348034803471,0.5,0.48,0.52
-0.034503450345034437,0.5,0.48,0.52
-0.03420342034203416,0.5,0.48,0.52
-0.03390339033903378,0.5,0.48,0.52
-0.033603360336033505,0.5,0.48,0.52
-0.03330333033303323,0.5,0.48,0.52
-0.03300330033003296,0.5,0.48,0.52
-0.032703270327032574,0.5,0.48,0.52
-0.0324032403240323,0.5,0.48,0.52
-0.03210321032103203,0.5,0.48,0.52
-0.031803180318031754,0.5,0.48,0.52
-0.03150315031503148,0.5,0.48,0.52
-0.031203120312031096,0.5,0.48,0.52
-0.030903090309030823,0.5,0.48,0.52
-0.03060306030603055,0.5,0.48,0.52
-0.030303030303030276,0.5,0.48,0.52
-0.03000300030002989,0.5,0.48,0.52
-0.02970297029702962,0.5,0.48,0.52
-0.029402940294029345,0.5,0.48,0.52
-0.02910291029102907,0.5,0.48,0.52
-0.028802880288028687,0.5,0.48,0.52
-0.028502850285028414,0.5,0.48,0.52
-0.02820282028202814,0.5,0.48,0.52
-0.027902790279027867,0.5,0.48,0.52
-0.027602760276027483,0.5,0.48,0.52
-0.02730273027302721,0.5,0.48,0.52
-0.027002700270026936,0.5,0.48,0.52
-0.026702670267026662,0.5,0.48,0.52
-0.026402640264026278,0.5,0.48,0.52
-0.026102610261026005,0.5,0.48,0.52
-0.02580258025802573,0.5,0.48,0.52
-0.025502550255025458,0.5,0.48,0.52
-0.025202520252025074,0.5,0.48,0.52
-0.0249024902490248,0.5,0.48,0.52
-0.024602460246024527,0.5,0.48,0.52
-0.024302430243024253,0.5,0.48,0.52
-0.02400240024002398,0.5,0.48,0.52
-0.023702370237023596,0.5,0.48,0.52
-0.023402340234023322,0.5,0.48,0.52
-0.02310231023102305,0.5,0.48,0.52
-0.022802280228022775,0.5,0.48,0.52
-0.02250225022502239,0.5,0.48,0.52
-0.022202220222022118,0.5,0.48,0.52
-0.021902190219021844,0.5,0.48,0.52
-0.02160216021602157,0.5,0.48,0.52
-0.021302130213021186,0.5,0.48,0.52
-0.021002100210020913,0.5,0.48,0.52
-0.02070207020702064,0.5,0.48,0.52
-0.020402040204020366,0.5,0.48,0.52
-0.020102010201019982,0.5,0.48,0.52
-0.01980198019801971,0.5,0.48,0.52
-0.019501950195019435,0.5,0.48,0.52
-0.019201920192019162,0.5,0.48,0.52
-0.018901890189018777,0.5,0.48,0.52
-0.018601860186018504,0.5,0.48,0.52
-0.01830183018301823,0.5,0.48,0.52
-0.018001800180017957,0.5,0.48,0.52
-0.017701770177017573,0.5,0.48,0.52
-0.0174017401740173,0.5,0.48,0.52
-0.017101710171017026,0.5,0.48,0.52
-0.016801680168016753,0.5,0.48,0.52
-0.01650165016501648,0.5,0.48,0.52
-0.016201620162016095,0.5,0.48,0.52
-0.01590159015901582,0.5,0.48,0.52
-0.015601560156015548,0.5,0.48,0.52
-0.015301530153015275,0.5,0.48,0.52
-0.01500150015001489,0.5,0.48,0.52
-0.014701470147014617,0.5,0.48,0.52
-0.014401440144014344,0.5,0.48,0.52
-0.01410141014101407,0.5,0.48,0.52
-0.013801380138013686,0.5,0.48,0.52
-0.013501350135013412,0.5,0.48,0.52
-0.013201320132013139,0.5,0.48,0.52
-0.012901290129012866,0.5,0.48,0.52
-0.012601260126012481,0.5,0.48,0.52
-0.012301230123012208,0.5,0.48,0.52
-0.012001200120011934,0.5,0.48,0.52
-0.011701170117011661,0.5,0.48,0.52
-0.011401140114011277,0.5,0.48,0.52
-0.011101110111011003,0.5,0.48,0.52
-0.01080108010801073,0.5,0.48,0.52
-0.010501050105010457,0.5,0.48,0.52
-0.010201020102010072,0.5,0.48,0.52
-0.009900990099009799,0.5,0.48,0.52
-0.009600960096009525,0.5,0.48,0.52
-0.009300930093009252,0.5,0.48,0.52
-0.009000900090008979,0.5,0.48,0.52
-0.008700870087008594,0.5,0.48,0.52
-0.00840084008400832,0.5,0.48,0.52
-0.008100810081008047,0.5,0.48,0.52
-0.007800780078007774,0.5,0.48,0.52
-0.00750075007500739,0.5,0.48,0.52
-0.007200720072007116,0.5,0.48,0.52
-0.006900690069006843,0.5,0.48,0.52
-0.0066006600660065695,0.5,0.48,0.52
-0.006300630063006185,0.5,0.48,0.52
-0.006000600060005912,0.5,0.48,0.52
-0.005700570057005638,0.5,0.48,0.52
-0.005400540054005365,0.5,0.48,0.52
-0.0051005100510049806,0.5,0.48,0.52
-0.004800480048004707,0.5,0.48,0.52
-0.004500450045004434,0.5,0.48,0.52
-0.00420042004200416,0.5,0.48,0.52
-0.003900390039003776,0.5,0.48,0.52
-0.0036003600360035026,0.5,0.48,0.52
-0.0033003300330032292,0.5,0.48,0.52
-0.003000300030002956,0.5,0.48,0.52
-0.0027002700270025715,0.5,0.48,0.52
-0.002400240024002298,0.5,0.48,0.52
-0.0021002100210020247,0.5,0.48,0.52
-0.0018001800180017513,0.5,0.48,0.52
-0.001500150015001367,0.5,0.48,0.52
-0.0012001200120010935,0.5,0.48,0.52
-0.0009000900090008201,0.5,0.48,0.52
-0.0006000600060005468,0.5,0.48,0.52
-0.0003000300030002734,0.5,0.48,0.52
0.0,0.5,0.48,0.52
0.0003000300030002734,0.5,0.48,0.52
0.0006000600060007688,0.5,0.48,0.52
0.0009000900090010422,0.5,0.48,0.52
0.0012001200120013156,0.5,0.48,0.52
0.001500150015001589,0.5,0.48,0.52
0.0018001800180018623,0.5,0.48,0.52
0.0021002100210021357,0.5,0.48,0.52
0.002400240024002409,0.5,0.48,0.52
0.0027002700270026825,0.5,0.48,0.52
0.003000300030003178,0.5,0.48,0.52
0.0033003300330034513,0.5,0.48,0.52
0.0036003600360037247,0.5,0.48,0.52
0.003900390039003998,0.5,0.48,0.52
0.0042004200420042714,0.5,0.48,0.52
0.004500450045004545,0.5,0.48,0.52
0.004800480048004818,0.5,0.48,0.52
0.005100510051005092,0.5,0.48,0.52
0.005400540054005587,0.5,0.48,0.52
0.00570057005700586,0.5,0.48,0.52
0.006000600060006134,0.5,0.48,0.52
0.006300630063006407,0.5,0.48,0.52
0.0066006600660066805,0.5,0.48,0.52
0.006900690069006954,0.5,0.48,0.52
0.007200720072007227,0.5,0.48,0.52
0.007500750075007501,0.5,0.48,0.52
0.007800780078007774,0.5,0.48,0.52
0.00810081008100827,0.5,0.48,0.52
0.008400840084008543,0.5,0.48,0.52
0.008700870087008816,0.5,0.48,0.52
0.00900090009000909,0.5,0.48,0.52
0.009300930093009363,0.5,0.48,0.52
0.009600960096009636,0.5,0.48,0.52
0.00990099009900991,0.5,0.48,1.15
0.010201020102010183,0.5,0.48,1.15
0.010501050105010679,0.5,0.48,1.15
0.010801080108010952,0.5,0.48,1.15
0.011101110111011225,0.5,0.48,1.15
0.011401140114011499,0.5,0.48,1.15
0.011701170117011772,0.5,0.48,1.15
0.012001200120012046,0.5,0.48,1.15
0.012301230123012319,0.5,0.48,1.15
0.012601260126012592,0.5,0.48,1.15
0.012901290129013088,0.5,0.48,1.15
0.013201320132013361,0.5,0.48,1.15
0.013501350135013634,0.5,0.48,1.15
0.013801380138013908,0.5,0.48,1.15
0.014101410141014181,0.5,0.48,1.15
0.014401440144014455,0.5,0.48,1.15
0.014701470147014728,0.5,0.48,1.15
0.015001500150015001,0.5,0.48,1.15
0.015301530153015275,0.5,0.48,1.15
0.01560156015601577,0.5,0.48,1.15
0.015901590159016044,0.5,0.48,1.15
0.016201620162016317,0.5,0.48,1.15
0.01650165016501659,0.5,0.48,1.15
0.016801680168016864,0.5,0.48,1.15
0.017101710171017137,0.5,0.48,1.15
0.01740174017401741,0.5,0.48,1.15
0.017701770177017684,0.5,0.48,1.15
0.01800180018001818,0.5,0.48,1.15
0.018301830183018453,0.5,0.48,1.15
0.018601860186018726,0.5,0.48,1.15
0.018901890189019,0.5,0.48,1.15
0.019201920192019273,0.5,0.48,1.15
0.019501950195019546,0.5,0.48,1.15
0.01980198019801982,,0.822857142857143,1.15
0.020102010201020093,,0.8228542672450603,1.15
0.02040204020402059,,0.8228456748387061,1.15
0.020702070207020862,,0.8228314170074074,1.15
0.021002100210021135,,0.8228115447550881,1.15
0.02130213021302141,,0.8227861087226878,1.15
0.021602160216021682,,0.8227551591905671,1.15
0.021902190219021955,,0.8227187460808953,1.15
0.02220222022202223,,0.822676918960025,1.15
0.022502250225022502,,0.8226297270408494,1.15
0.022802280228022775,,0.8225772191851448,1.15
0.02310231023102327,,0.8225194439059003,1.15
0.023402340234023544,,0.822456449369628,1.15
0.023702370237023818,,0.8223882833986629,1.15
0.02400240024002409,,0.8223149934734446,1.15
0.024302430243024364,,0.8222366267347867,1.15
0.024602460246024638,,0.8221532299861293,1.15
0.02490249024902491,,0.822064849695779,1.15
0.025202520252025185,,0.8219715319991332,1.15
0.02550255025502568,,0.8218733227008903,1.15
0.025802580258025953,,0.8217702672772464,1.15
0.026102610261026227,,0.8216624108780759,1.15
0.0264026402640265,,0.8215497983291005,1.15
0.026702670267026773,,0.8214324741340423,1.15
0.027002700270027047,,0.8213104824767641,1.15
0.02730273027302732,,0.8211838672233949,1.15
0.027602760276027594,,0.8210526719244429,1.15
0.02790279027902809,,0.8209169398168934,1.15
0.028202820282028362,,0.8207767138262952,1.15
0.028502850285028636,,0.8206320365688307,1.15
0.02880288028802891,,0.820482950353375,1.15
0.029102910291029183,,0.8203294971835411,1.15
0.029402940294029456,,0.8201717187597113,1.15
0.02970297029702973,,0.8200096564810561,1.15
0.030003000300030003,,0.8198433514475392,1.15
0.030303030303030276,,0.819672844461911,1.15
0.03060306030603077,,0.819498176031688,1.15
0.030903090309031045,,0.8193193863711195,1.15
0.03120312031203132,,0.8191365154031423,1.15
0.03150315031503159,,0.8189496027613221,1.15
0.031803180318031865,,0.8187586877917827,1.15
0.03210321032103214,,0.8185638095551222,1.15
0.03240324032403241,,0.8183650068283181,1.15
0.032703270327032685,,0.818162318106618,1.15
0.03300330033003318,,0.8179557816054206,1.15
0.033303330333033454,,0.8177454352621425,1.15
0.03360336033603373,,0.8175313167380727,1.15
0.033903390339034,,0.8173134634202183,1.15
0.034203420342034274,,0.8170919124231337,1.15
0.03450345034503455,,0.8168667005907424,1.15
0.03480348034803482,,0.8166378644981425,1.15
0.035103510351035094,,0.8164054404534051,1.15
0.03540354035403559,,0.8161694644993576,1.15
0.03570357035703586,,0.815929972415357,1.15
0.036003600360036137,,0.8156869997190522,1.15
0.03630363036303641,,0.8154405816681327,1.15
0.03660366036603668,,0.8151907532620684,1.15
0.03690369036903696,,0.814937549243837,1.15
0.03720372037203723,,0.8146810041016406,1.15
0.0375037503750375,,0.8144211520706102,1.15
0.03780378037803778,,0.814158027134501,1.15
0.03810381038103827,,0.8138916630273749,1.15
0.038403840384038546,,0.8136220932352731,1.15
0.03870387038703882,,0.8133493509978775,1.15
0.03900390039003909,,0.8130734693101613,1.15
0.039303930393039366,,0.8127944809240302,1.15
0.03960396039603964,,0.8125124183499497,1.15
0.03990399039903991,,0.8122273138585665,1.15
0.040204020402040186,,0.8119391994823146,1.15
0.04050405040504068,,0.8116481070170156,1.15
0.040804080408040955,,0.8113540680234637,1.15
0.04110411041104123,,0.8110571138290055,1.15
0.0414041404140415,,0.8107572755291048,1.15
0.041704170417041775,,0.8104545839889024,1.15
0.04200420042004205,,0.81014906984476,1.15
0.04230423042304232,,0.8098407635057985,1.15
0.042604260426042595,,0.8095296951554254,1.15
0.04290429042904309,,0.80921589475285,1.15
0.043204320432043364,,0.8088993920345934,1.15
0.04350435043504364,,0.8085802165159819,1.15
0.04380438043804391,,0.8082583974926383,1.15
0.044104410441044184,,0.8079339640419576,1.15
0.04440444044404446,,0.8076069450245766,1.15
0.04470447044704473,,0.8072773690858321,1.15
0.045004500450045004,,0.8069452646572111,1.15
0.04530453045304528,,0.8066106599577891,1.15
0.04560456045604577,,0.8062735829956633,1.15
0.045904590459046046,,0.8059340615693719,1.15
0.04620462046204632,,0.8055921232693068,1.15
0.04650465046504659,,0.8052477954791173,1.15
0.046804680468046866,,0.8049011053771025,1.15
0.04710471047104714,,0.8045520799375976,1.15
0.04740474047404741,,0.8042007459323492,1.15
0.04770477047704769,,0.8038471299318819,1.15
0.04800480048004818,,0.8034912583068567,1.15
0.048304830483048455,,0.8031331572294198,1.15
0.04860486048604873,,0.8027728526745435,1.15
0.048904890489049,,0.8024103704213572,1.15
0.049204920492049276,,0.8020457360544717,1.15
0.04950495049504955,,0.8016789749652922,1.15
0.04980498049804982,,0.8013101123533254,1.15
0.050105010501050096,,0.800939173227476,1.15
0.05040504050405059,,0.8005661824073367,1.15
0.050705070507050864,,0.8001911645244681,1.15
0.05100510051005114,,0.7998141440236712,1.15
0.05130513051305141,,0.7994351451642516,1.15
0.051605160516051685,,0.7990541920212747,1.15
0.05190519051905196,,0.7986713084868142,1.15
0.05220522052205223,,0.7982865182711911,1.15
0.052505250525052505,,0.7978998449042052,1.15
0.05280528052805278,,0.7975113117363587,1.15
0.053105310531053274,,0.797120941940072,1.15
0.05340534053405355,,0.7967287585108904,1.15
0.05370537053705382,,0.7963347842686845,1.15
0.054005400540054094,,0.7959390418588419,1.15
0.05430543054305437,,0.7955415537534518,1.15
0.05460546054605464,,0.7951423422524808,1.15
0.054905490549054914,,0.7947414294849418,1.15
0.05520552055205519,,0.7943388374100554,1.15
0.05550555055505568,,0.7939345878184042,1.15
0.055805580558055956,,0.7935287023330775,1.15
0.05610561056105623,,0.793121202410811,1.15
0.0564056405640565,,0.7927121093431172,1.15
0.056705670567056776,,0.7923014442574103,1.15
0.05700570057005705,,0.791889228118122,1.15
0.05730573057305732,,0.7914754817278107,1.15
0.057605760576057596,,0.7910602257282643,1.15
0.05790579057905809,,0.7906434806015938,1.15
0.058205820582058365,,0.7902252666713231,1.15
0.05850585058505864,,0.7898056041034669,1.15
0.05880588058805891,,0.7893845129076065,1.15
0.059105910591059185,,0.7889620129379551,1.15
0.05940594059405946,,0.7885381238944182,1.15
0.05970597059705973,,0.788112865323646,1.15
0.060006000600060005,,0.7876862566200791,1.15
0.06030603060306028,,0.7872583170269876,1.15
0.060606060606060774,,0.7868290656375041,1.15
0.06090609060906105,,0.7863985213956481,1.15
0.06120612061206132,,0.7859667030973454,1.15
0.061506150615061594,,0.7855336293914397,1.15
0.06180618061806187,,0.7850993187806998,1.15
0.06210621062106214,,0.784663789622816,1.15
0.062406240624062415,,0.7842270601313954,1.15
0.06270627062706269,,0.7837891483769455,1.15
0.06300630063006318,,0.7833500722878557,1.15
0.06330633063306346,,0.7829098496513691,1.15
0.06360636063606373,,0.7824684981145495,1.15
0.063906390639064,,0.7820260351852435,1.15
0.06420642064206428,,0.7815824782330316,1.15
0.06450645064506455,,0.7811378444901795,1.15
0.06480648064806482,,0.7806921510525779,1.15
0.0651065106510651,,0.7802454148806787,1.15
0.06540654065406559,,0.7797976528004237,1.15
0.06570657065706587,,0.7793488815041707,1.15
0.06600660066006614,,0.7788991175516076,1.15
0.06630663066306641,,0.7784483773706653,1.15
0.06660666066606669,,0.7779966772584237,1.15
0.06690669066906696,,0.7775440333820105,1.15
0.06720672067206723,,0.7770904617794947,1.15
0.0675067506750675,,0.7766359783607751,1.15
0.06780678067806778,,0.7761805989084614,1.15
0.06810681068106827,,0.7757243390787518,1.15
0.06840684068406855,,0.7752672144023018,1.15
0.06870687068706882,,0.7748092402850904,1.15
0.0690069006900691,,0.7743504320092777,1.15
0.06930693069306937,,0.7738908047340606,1.15
0.06960696069606964,,0.7734303734965184,1.15
0.06990699069906992,,0.772969153212457,1.15
0.07020702070207019,,0.7725071586772441,1.15
0.07050705070507068,,0.7720444045666429,1.15
0.07080708070807096,,0.7715809054376352,1.15
0.07110711071107123,,0.7711166757292441,1.15
0.0714071407140715,,0.7706517297633477,1.15
0.07170717071707178,,0.77018608174549,1.15
0.07200720072007205,,0.7697197457656846,1.15
0.07230723072307232,,0.7692527357992145,1.15
0.0726072607260726,,0.7687850657074253,1.15
0.0729072907290731,,0.7683167492385148,1.15
0.07320732073207337,,0.7678478000283168,1.15
0.07350735073507364,,0.767378231601078,1.15
0.07380738073807391,,0.7669080573702326,1.15
0.07410741074107419,,0.7664372906391707,1.15
0.07440744074407446,,0.7659659446020008,1.15
0.07470747074707473,,0.7654940323443087,1.149259978432056
0.075007500750075,,0.7650215668439098,1.1481304000482973
0.07530753075307528,,0.7645485609715985,1.1470004225362969
0.07560756075607578,,0.7640750274918915,1.1458700683987577
0.07590759075907605,,0.7636009790637652,1.1447393599430522
0.07620762076207632,,0.7631264282413904,1.1436083192826019
0.0765076507650766,,0.7626513874748608,1.142476968338246
0.07680768076807687,,0.762175869110917,1.1413453288395987
0.07710771077107714,,0.761699885393666,1.140213422326398
0.07740774077407742,,0.7612234484652953,1.1390812701498474
0.07770777077707769,,0.7607465703667836,1.137948893473948
0.07800780078007818,,0.7602692630386058,1.1368163132768188
0.07830783078307846,,0.7597915383214323,1.1356835503520166
0.07860786078607873,,0.7593134079568269,1.1345506253098345
0.078907890789079,,0.7588348835879368,1.133417558578603
0.07920792079207928,,0.75835597676018,1.1322843704059782
0.07950795079507955,,0.7578766989219272,1.1311510808602205
0.07980798079807983,,0.7573970614251809,1.1300177098314657
0.0801080108010801,,0.7569170755262471,1.1288842770329888
0.0804080408040806,,0.7564367523864046,1.1277508020024585
0.08070807080708087,,0.7559561030725714,1.1266173041031848
0.08100810081008114,,0.7554751385579623,1.1254838025253528
0.08130813081308141,,0.7549938697227461,1.1243503162872575
0.08160816081608169,,0.7545123073546967,1.1232168642365217
0.08190819081908196,,0.7540304621498407,1.122083465051312
0.08220822082208223,,0.7535483447131002,1.120950137241544
0.08250825082508251,,0.7530659655589311,1.1198168991500785
0.082808280828083,,0.752583335111958,1.118683768953912
0.08310831083108328,,0.752100463707605,1.1175507646653613
0.08340834083408355,,0.7516173615927211,1.1164179041332307
0.08370837083708382,,0.751134038926202,1.1152852050439857
0.0840084008400841,,0.7506505057796093,1.1141526849229053
0.08430843084308437,,0.7501667721377832,1.1130203611352367
0.08460846084608464,,0.7496828478994526,1.1118882508873376
0.08490849084908492,,0.7491987428778416,1.1107563712278101
0.08520852085208519,,0.7487144668012702,1.109624739048631
0.08550855085508569,,0.7482300293137534,1.108493371086269
0.08580858085808596,,0.7477454399755937,1.1073622839228041
0.08610861086108623,,0.7472607082639723,1.1062314939870257
0.0864086408640865,,0.7467758435735341,1.105101017555535
0.08670867086708678,,0.7462908552169709,1.1039708707538365
0.08700870087008705,,0.7458057524255991,1.1028410695574205
0.08730873087308733,,0.7453205443499346,1.1017116297928395
0.0876087608760876,,0.7448352400602634,1.1005825671387792
0.0879087908790881,,0.7443498485472081,1.099453897127118
0.08820882088208837,,0.7438643787222928,1.0983256351439876
0.08850885088508864,,0.7433788394185005,1.097197796430815
0.08880888088808891,,0.7428932393908299,1.0960703960853677
0.08910891089108919,,0.7424075873168479,1.0949434490627867
0.08940894089408946,,0.7419218917972374,1.0938169701766154
0.08970897089708973,,0.7414361613563425,1.0926909740998176
0.09000900090009001,,0.7409504044427095,1.091565475365795
0.0903090309030905,,0.7404646294296251,1.0904404883693908
0.09060906090609078,,0.7399788446156506,1.089316027367894
0.09090909090909105,,0.7394930582251513,1.0881921064820284
0.09120912091209132,,0.7390072784088246,1.0870687396969436
0.0915091509150916,,0.7385215132442235,1.0859459408631942
0.09180918091809187,,0.7380357707362766,1.0848237236977138
0.09210921092109214,,0.7375500588178046,1.0837021017847834
0.09240924092409242,,0.7370643853500336,1.08258108857699
0.09270927092709269,,0.7365787581231052,1.0814606973961844
0.09300930093009319,,0.7360931848565834,1.0803409414344296
0.09330933093309346,,0.7356076731999561,1.0792218337549397
0.09360936093609373,,0.7351222307331368,1.078103387293017
0.093909390939094,,0.7346368649669593,1.0769856148569836
0.09420942094209428,,0.7341515833436729,1.0758685291291015
0.09450945094509455,,0.7336663932374303,1.0747521426664925
0.09480948094809483,,0.7331813019547758,1.0736364679020471
0.0951095109510951,,0.7326963167351275,1.0725215171453308
0.0954095409540956,,0.7322114447512582,1.0714073025834816
0.09570957095709587,,0.7317266931097731,1.0702938362821053
0.09600960096009614,,0.7312420688515824,1.06918113018616
0.09630963096309642,,0.7307575789523721,1.0680691961208377
0.09660966096609669,,0.7302732303230728,1.0669580457924397
0.09690969096909696,,0.7297890298103231,1.065847690789246
0.09720972097209724,,0.7293049841969312,1.0647381425823785
0.09750975097509751,,0.7288211002023339,1.0636294125266592
0.097809780978098,,0.7283373844830506,1.0625215118614597
0.09810981098109828,,0.7278538436331377,1.0614144517115531
0.09840984098409855,,0.727370484184635,1.0603082430879471
0.09870987098709882,,0.7268873126080146,1.0592028968887246
0.0990099009900991,,0.7264043353126229,1.0580984238998705
0.09930993099309937,,0.7259215586471208,1.056994834796096
0.09960996099609964,,0.7254389888999219,1.0558921401416572
0.09990999099909992,,0.7249566322996265,1.0547903503911678
0.10021002100210019,,0.7244744950154531,1.0536894758904052
0.10051005100510069,,0.7239925831576688,1.0525895268771162
0.10081008100810096,,0.7235109027780121,1.0514905134818084
0.10111011101110123,,0.7230294598701187,1.0503924457285447
0.10141014101410151,,0.7225482603699404,1.0492953335357282
0.10171017101710178,,0.7220673101561631,1.0481991867168836
0.10201020102010205,,0.7215866150506214,1.0471040149814317
0.10231023102310233,,0.72110618081871,1.0460098279354602
0.1026102610261026,,0.7206260131697934,1.044916635082488
0.1029102910291031,,0.7201461177576127,1.0438244458242254
0.10321032103210337,,0.7196665001806885,1.0427332694613307
0.10351035103510364,,0.7191871659827216,1.041643115194157
0.10381038103810392,,0.7187081206529929,1.0405539921234976
0.10411041104110419,,0.7182293696267578,1.0394659092513276
0.10441044104410446,,0.7177509182856396,1.038378875481536
0.10471047104710474,,0.7172727719580202,1.0372928996206574
0.10501050105010501,,0.7167949359194276,1.0362079903785961
0.1053105310531055,,0.7163174153929206,1.0351241563693447
0.10561056105610578,,0.7158402155494737,1.0340414061117036
0.10591059105910605,,0.7153633415083543,1.032959748029986
0.10621062106210633,,0.7148867983375018,1.0318791904547262
0.1065106510651066,,0.7144105910539027,1.0307997416233796
0.10681068106810687,,0.7139347246239626,1.02972140968102
0.10711071107110715,,0.7134592039638765,1.02864420268103
0.10741074107410742,,0.7129840339399968,1.0275681285857874
0.10771077107710769,,0.7125092193691971,1.0264931952673462
0.10801080108010819,,0.712034765019237,1.0254194105081194
0.10831083108310846,,0.7115606756091203,1.0243467820015444
0.10861086108610873,,0.7110869558094535,1.023275317352757
0.10891089108910901,,0.7106136102428016,1.0222050240792524
0.10921092109210928,,0.7101406434840412,1.0211359096115455
0.10951095109510955,,0.7096680600607103,1.0200679812938267
0.10981098109810983,,0.7091958644533576,1.0190012463846108
0.1101110111011101,,0.7087240610958879,1.0179357120573833
0.1104110411041106,,0.7082526543759069,1.0168713854012439
0.11071107110711087,,0.7077816486350608,1.015808273421543
0.11101110111011114,,0.7073110481693763,1.0147463830405128
0.11131113111311142,,0.7068408572295979,1.0136857210978993
0.11161116111611169,,0.7063710800215216,1.0126262943515845
0.11191119111911196,,0.705901720706328,1.0115681094782083
0.11221122112211224,,0.7054327834009115,1.0105111730737835
0.11251125112511251,,0.7049642721782091,1.009455491654309
0.112811281128113,,0.7044961910675251,1.0084010716563754
0.11311131113111328,,0.7040285440548562,1.0073479194377728
0.11341134113411355,,0.7035613350832102,1.006296041278086
0.11371137113711383,,0.7030945680529276,1.0052454433792917
0.1140114011401141,,0.7026282468219975,1.004196131866351
0.11431143114311437,,0.7021623752063726,1.0031481127877964
0.11461146114611465,,0.7016969569802818,1.0021013921163147
0.11491149114911492,,0.7012319958765412,1.0010559757493265
0.11521152115211519,,0.700767495586862,1.0000118695095623
0.11551155115511569,,0.7003034597621587,0.9989690791456367
0.11581158115811596,,0.6998398920128512,0.9979276103326107
0.11611161116111623,,0.6993767959091683,0.9968874686725602
0.11641164116411651,,0.6989141749814485,0.9958486596951344
0.11671167116711678,,0.6984520327204373,0.994811188858113
0.11701170117011706,,0.6979903725775845,0.9937750615479579
0.11731173117311733,,0.6975291979653374,0.9927402830803622
0.1176117611761176,,0.697068512257434,0.9917068587007964
0.1179117911791181,,0.696608318789194,0.9906747935850475
0.11821182118211837,,0.6961486208578047,0.9896440928397603
0.11851185118511864,,0.6956894217226102,0.9886147615029672
0.11881188118811892,,0.6952307246053938,0.9875868045446214
0.11911191119111919,,0.6947725326906624,0.9865602268671232
0.11941194119411946,,0.6943148491259258,0.9855350333058419
0.11971197119711974,,0.693857677021976,0.9845112286296376
0.12001200120012001,,0.6934010194531643,0.9834888175413756
0.1203120312031205,,0.6929448794576759,0.982467804678439
0.12061206120612078,,0.6924892600378041,0.9814481946132401
0.12091209120912105,,0.6920341641602197,0.9804299918537224
0.12121212121212133,,0.6915795947562425,0.9794132008438652
0.1215121512151216,,0.6911255547221077,0.9783978259641818
0.12181218121812187,,0.6906720469192322,0.9773838715322143
0.12211221122112215,,0.6902190741744787,0.9763713418030262
0.12241224122412242,,0.6897666392804183,0.975360240969691
0.1227122712271227,,0.6893147449955894,0.9743505731637755
0.12301230123012319,,0.6888633940447598,0.9733423424558267
0.12331233123312346,,0.6884125891191797,0.9723355528558442
0.12361236123612374,,0.6879623328768394,0.9713302083137588
0.12391239123912401,,0.6875126279427219,0.9703263127199052
0.12421242124212428,,0.6870634769090557,0.9693238699054895
0.12451245124512456,,0.6866148823355634,0.9683228836430544
0.12481248124812483,,0.6861668467497114,0.9673233576469438
0.1251125112511251,,0.6857193726469554,0.9663252955737597
0.1254125412541256,,0.6852724624909872,0.9653287010228192
0.12571257125712587,,0.684826118713976,0.9643335775366101
0.12601260126012614,,0.6843803437168116,0.9633399286012356
0.12631263126312642,,0.6839351398693433,0.9623477576468658
0.1266126612661267,,0.6834905095106198,0.961357068048178
0.12691269126912696,,0.6830464549491249,0.9603678631248003
0.12721272127212724,,0.6826029784630124,0.9593801461417475
0.1275127512751275,,0.6821600823003413,0.9583939203098564
0.127812781278128,,0.6817177686793061,0.9574091887862164
0.12811281128112828,,0.6812760397884687,0.9564259546746019
0.12841284128412855,,0.6808348977869859,0.9554442210258923
0.12871287128712883,,0.6803943448048377,0.9544639908384993
0.1290129012901291,,0.6799543829430528,0.9534852670587854
0.12931293129312937,,0.6795150142739322,0.9525080525814804
0.12961296129612965,,0.6790762408412733,0.9515323502500965
0.12991299129912992,,0.6786380646605895,0.9505581628573393
0.1302130213021302,,0.678200487719331,0.9495854931455151
0.1305130513051307,,0.6777635119771028,0.9486143438069403
0.13081308130813096,,0.6773271393658811,0.947644717484339
0.13111311131113124,,0.676891371790228,0.9466766167712468
0.1314131413141315,,0.6764562111275065,0.9457100442124067
0.13171317131713178,,0.6760216592280919,0.9447450023041641
0.13201320132013206,,0.6755877179155827,0.9437814934948592
0.13231323132313233,,0.6751543889870104,0.9428195201852143
0.1326132613261326,,0.6747216742130466,0.9418590847287227
0.1329132913291331,,0.6742895753382114,0.9409001894320299
0.13321332133213337,,0.6738580940810761,0.9399428365553182
0.13351335133513365,,0.6734272321344681,0.9389870283126811
0.13381338133813392,,0.6729969911656737,0.9380327668725021
0.1341134113411342,,0.6725673728166384,0.9370800543578268
0.13441344134413447,,0.6721383787041662,0.936128892846734
0.13471347134713474,,0.6717100104201188,0.9351792843727029
0.135013501350135,,0.6712822695316113,0.934231230924981
0.1353135313531355,,0.6708551575812083,0.9332847344489434
0.13561356135613578,,0.6704286760871186,0.9323397968464584
0.13591359135913605,,0.6700028265433867,0.9313964199762399
0.13621362136213633,,0.6695776104200853,0.9304546056542069
0.1365136513651366,,0.6691530291635048,0.929514355653835
0.13681368136813687,,0.6687290841963429,0.9285756717065071
0.13711371137113715,,0.6683057769178917,0.9276385555018622
0.13741374137413742,,0.6678831087042241,0.9267030086881406
0.1377137713771377,,0.6674610809083785,0.9257690328725261
0.1380138013801382,,0.6670396948605437,0.9248366296214909
0.13831383138313846,,0.6666189518682396,0.9239058004611298
0.13861386138613874,,0.6661988532164997,0.9229765468774975
0.138913891389139,,0.6657794001680508,0.9220488703169443
0.13921392139213928,,0.6653605939634917,0.9211227721864462
0.13951395139513956,,0.66494243582147,0.920198253853934
0.13981398139813983,,0.6645249269388597,0.9192753166486207
0.1401140114011401,,0.6641080684909351,0.918353961861327
0.1404140414041406,,0.6636918616315458,0.9174341907448011
0.14071407140714087,,0.6632763074932881,0.916516004514043
0.14101410141014115,,0.6628614071876772,0.9155994043466182
0.14131413141314142,,0.6624471618053172,0.9146843913829756
0.1416141614161417,,0.6620335724160704,0.9137709667267605
0.14191419141914197,,0.6616206400692253,0.9128591314451262
0.14221422142214224,,0.6612083657936634,0.9119488865690428
0.1425142514251425,,0.6607967505980241,0.911040233093604
0.142814281428143,,0.66038579547087,0.9101331719783321
0.14311431143114328,,0.6599755013808506,0.9092277041474821
0.14341434143414356,,0.6595658692768633,0.9083238304903389
0.14371437143714383,,0.6591569000882151,0.9074215518615187
0.1440144014401441,,0.6587485947247829,0.906520869081264
0.14431443144314438,,0.6583409540771716,0.9056217829357383
0.14461446144614465,,0.6579339790168728,0.9047242941773185
0.14491449144914492,,0.6575276703964203,0.9038284035248841
0.1452145214521452,,0.6571220290495472,0.9029341116641059
0.1455145514551457,,0.6567170557913393,0.9020414192477335
0.14581458145814596,,0.6563127514183886,0.9011503268958769
0.14611461146114624,,0.6559091167089459,0.9002608351962893
0.1464146414641465,,0.6555061524230722,0.8993729447046483
0.14671467146714678,,0.6551038593027888,0.8984866559448329
0.14701470147014706,,0.6547022380722267,0.8976019694092002
0.14731473147314733,,0.6543012894377745,0.8967188855588596
0.1476147614761476,,0.6539010140882254,0.8958374048239444
0.1479147914791481,,0.6535014126949248,0.8949575276038825
0.14821482148214837,,0.6531024859119128,0.8940792542676663
0.14851485148514865,,0.6527042343760704,0.8932025851541172
0.14881488148814892,,0.6523066587072619,0.8923275205721503
0.1491149114911492,,0.651909759508477,0.8914540608010388
0.14941494149414947,,0.6515135373659717,0.8905822060906736
0.14971497149714974,,0.6511179928494089,0.889711956661823
0.15001500150015,,0.6507231265119973,0.8888433127063899
0.1503150315031505,,0.650328938890629,0.8879762743876668
0.15061506150615078,,0.6499354305060185,0.8871108418405904
0.15091509150915106,,0.6495426018628364,0.8862470151719926
0.15121512151215133,,0.6491504534498467,0.8853847944608499
0.1515151515151516,,0.6487589857400402,0.8845241797585335
0.15181518151815188,,0.6483681991907684,0.8836651710890544
0.15211521152115215,,0.6479780942438755,0.8828077684493085
0.15241524152415242,,0.6475886713258303,0.8819519718093194
0.1527152715271527,,0.6471999308478567,0.8810977811124803
0.1530153015301532,,0.6468118732060637,0.8802451962757942
0.15331533153315346,,0.6464244987815739,0.8793942171901092
0.15361536153615374,,0.6460378079406509,0.8785448437203569
0.153915391539154,,0.6456518010348274,0.8776970757057865
0.15421542154215429,,0.6452664784010307,0.8768509129601973
0.15451545154515456,,0.6448818403617079,0.8760063552721697
0.15481548154815483,,0.6444978872249504,0.8751634024052952
0.1551155115511551,,0.6441146192846168,0.8743220540984039
0.1554155415541556,,0.6437320368204572,0.8734823100657905
0.15571557155715587,,0.6433501400982329,0.872644169997441
0.15601560156015615,,0.6429689293698382,0.8718076335592522
0.15631563156315642,,0.6425884048734207,0.8709727003932559
0.1566156615661567,,0.6422085668334998,0.8701393701178373
0.15691569156915697,,0.6418294154610859,0.8693076423279541
0.15721572157215724,,0.641450950953797,0.8684775165953532
0.15751575157515751,,0.6410731734959763,0.8676489924687849
0.157815781578158,,0.6406960832588068,0.8668220694742172
0.15811581158115828,,0.6403196804004285,0.8659967471150495
0.15841584158415856,,0.6399439650660502,0.8651730248723193
0.15871587158715883,,0.6395689373880644,0.8643509022049146
0.1590159015901591,,0.6391945974861595,0.8635303785497802
0.15931593159315938,,0.6388209454674315,0.8627114533221234
0.15961596159615965,,0.6384479814264956,0.8618941259156199
0.15991599159915992,,0.6380757054455957,0.8610783957026154
0.1602160216021602,,0.6377041175947143,0.8602642620343273
0.1605160516051607,,0.6373332179316816,0.8594517242410473
0.16081608160816097,,0.6369630065022825,0.8586407816323367
0.16111611161116124,,0.6365934833403644,0.8578314334972257
0.1614161416141615,,0.636224648467943,0.857023679104409
0.16171617161716179,,0.6358565018953091,0.85621751770244
0.16201620162016206,,0.6354890436211322,0.8554129485199239
0.16231623162316233,,0.6351222736325655,0.8546099707657098
0.1626162616261626,,0.6347561919053487,0.8538085836290803
0.1629162916291631,,0.6343907984039118,0.8530087862799405
0.16321632163216337,,0.6340260930814754,0.8522105778690072
0.16351635163516365,,0.633662075880153,0.8514139575279924
0.16381638163816392,,0.6332987467310514,0.8506189243697893
0.1641164116411642,,0.6329361055543703,0.8498254774886562
0.16441644164416447,,0.6325741522595013,0.8490336159603986
0.16471647164716474,,0.6322128867451265,0.8482433388425492
0.16501650165016502,,0.631852308899316,0.8474546451745482
0.1653165316531655,,0.6314924185996245,0.8466675339779207
0.16561656165616578,,0.631133215713189,0.8458820042564561
0.16591659165916606,,0.6307747000968225,0.8450980549963798
0.16621662166216633,,0.6304168715971097,0.8443156851665301
0.1665166516651666,,0.6300597300505016,0.8435348937185311
0.16681668166816688,,0.6297032752834089,0.8427556795869635
0.16711671167116715,,0.6293475071122943,0.8419780416895366
0.16741674167416742,,0.628992425343765,0.841201978927256
0.1677167716771677,,0.6286380297746645,0.8404274901845923
0.1680168016801682,,0.6282843201921641,0.8396545743296502
0.16831683168316847,,0.6279312963738511,0.8388832302143293
0.16861686168616874,,0.6275789580878206,0.838113456674493
0.168916891689169,,0.6272273050927629,0.8373452525301289
0.1692169216921693,,0.6268763371380529,0.8365786165855129
0.16951695169516956,,0.6265260539638371,0.8358135476293682
0.16981698169816983,,0.6261764553011209,0.8350500444350262
0.1701170117011701,,0.6258275408718545,0.8342881057605841
0.1704170417041706,,0.6254793103890203,0.8335277303490624
0.17071707170717088,,0.6251317635567157,0.8327689169285628
0.17101710171017115,,0.6247849000702396,0.8320116642124198
0.17131713171317142,,0.6244387196161753,0.8312559708993574
0.1716171617161717,,0.6240932218724743,0.8305018356736404
0.17191719171917197,,0.6237484065085388,0.8297492572052267
0.17221722172217224,,0.6234042731853041,0.8289982341499172
0.17251725172517252,,0.62306082155532,0.8282487651495059
0.172817281728173,,0.6227180512628316,0.8275008488319269
0.17311731173117328,,0.6223759619438602,0.8267544838114038
0.17341734173417356,,0.6220345532262824,0.8260096686885934
0.17371737173717383,,0.6216938247299096,0.8252664020507314
0.1740174017401741,,0.6213537760665669,0.8245246824717773
0.17431743174317438,,0.6210144068401708,0.8237845085125562
0.17461746174617465,,0.6206757166468068,0.823045878720901
0.17491749174917492,,0.6203377050748063,0.8223087916317928
0.1752175217521752,,0.6200003717048231,0.8215732457675009
0.1755175517551757,,0.6196637161099098,0.8208392396377224
0.17581758175817597,,0.6193277378555914,0.8201067717397179
0.17611761176117624,,0.6189924364999415,0.8193758405584488
0.1764176417641765,,0.6186578115936562,0.8186464445667139
0.1767176717671768,,0.6183238626801272,0.8179185822252826
0.17701770177017706,,0.6179905892955156,0.8171922519830295
0.17731773177317733,,0.617657990968824,0.8164674522770663
0.1776177617761776,,0.6173260672219681,0.8157441815328732
0.1779177917791781,,0.6169948175698501,0.8150224381644304
0.17821782178217838,,0.6166642415204269,0.814302220574348
0.17851785178517865,,0.6163343385747827,0.8135835271539923
0.17881788178817892,,0.6160051082271981,0.8128663562836158
0.1791179117911792,,0.6156765499652198,0.8121507063324833
0.17941794179417947,,0.6153486632697293,0.8114365756589972
0.17971797179717974,,0.6150214476150112,0.8107239626108225
0.18001800180018002,,0.6146949024688217,0.8100128655250114
0.1803180318031805,,0.6143690272924552,0.809303282728125
0.18061806180618079,,0.6140438215408126,0.8085952125363571
0.18091809180918106,,0.6137192846624656,0.8078886532556533
0.18121812181218133,,0.6133954160997246,0.8071836031818322
0.1815181518151816,,0.613072215288703,0.806480060600705
0.18181818181818188,,0.6127496816593828,0.8057780237881932
0.18211821182118215,,0.6124278146356789,0.8050774910104466
0.18241824182418243,,0.6121066136355026,0.8043784605239593
0.18271827182718292,,0.6117860780708257,0.8036809305756858
0.1830183018301832,,0.6114662073477445,0.8029848994031572
0.18331833183318347,,0.61114700086654,0.8022903652345921
0.18361836183618374,,0.610828458021742,0.8015973262890124
0.18391839183918401,,0.6105105782021903,0.8009057807763538
0.1842184218421843,,0.6101933607910955,0.8002157268975789
0.18451845184518456,,0.6098768051661004,0.7995271628447861
0.18481848184818483,,0.6095609106993398,0.7988400868013203
0.1851185118511851,,0.6092456767575003,0.7981544969418817
0.1854185418541856,,0.608931102701881,0.7974703914326325
0.18571857185718588,,0.6086171878884505,0.7967877684313074
0.18601860186018615,,0.6083039316679066,0.796106626087316
0.18631863186318642,,0.6079913333857345,0.7954269625418504
0.1866186618661867,,0.607679392382264,0.7947487759279903
0.18691869186918697,,0.6073681079927269,0.7940720643708064
0.18721872187218724,,0.607057479547314,0.793396825987463
0.18751875187518752,,0.6067475063712314,0.7927230588873215
0.187818781878188,,0.6064381877847559,0.7920507611720411
0.18811881188118829,,0.6061295231032919,0.791379930935681
0.18841884188418856,,0.6058215116374253,0.7907105662647982
0.18871887188718883,,0.6055141526929783,0.7900426652385482
0.1890189018901891,,0.6052074455710643,0.7893762259287835
0.18931893189318938,,0.6049013895681417,0.7887112464001512
0.18961896189618965,,0.6045959839760668,0.7880477247101896
0.18991899189918993,,0.6042912280821477,0.7873856589094248
0.19021902190219042,,0.6039871211691964,0.7867250470414657
0.1905190519051907,,0.6036836625155816,0.7860658871431003
0.19081908190819097,,0.60338085139528,0.7854081772443877
0.19111911191119124,,0.6030786870779281,0.7847519153687521
0.19141914191419152,,0.6027771688288736,0.7840970995330757
0.1917191719171918,,0.6024762959092257,0.7834437277477906
0.19201920192019206,,0.6021760675759057,0.7827917980169691
0.19231923192319234,,0.6018764830816968,0.7821413083384152
0.1926192619261926,,0.6015775416752939,0.781492256703753
0.1929192919291931,,0.6012792426013531,0.780844641098518
0.19321932193219338,,0.6009815851005395,0.7801984595022424
0.19351935193519365,,0.6006845684095767,0.7795537098885448
0.19381938193819392,,0.6003881917612945,0.7789103902252164
0.1941194119411942,,0.6000924543846766,0.7782684984743075
0.19441944194419447,,0.5997973555049083,0.7776280325922129
0.19471947194719474,,0.599502894343423,0.7769889905297569
0.19501950195019502,,0.5992090701179493,0.7763513702322777
0.1953195319531955,,0.5989158820425567,0.7757151696397101
0.1956195619561958,,0.5986233293277031,0.7750803866866705
0.19591959195919606,,0.5983314111802782,0.7744470193025363
0.19621962196219633,,0.5980401268036502,0.7738150654115299
0.1965196519651966,,0.5977494753977102,0.7731845229327983
0.19681968196819688,,0.597459456158917,0.7725553897804938
0.19711971197119715,,0.5971700682803412,0.7719276638638541
0.19741974197419743,,0.5968813109517093,0.771301343087281
0.19771977197719792,,0.5965931833594462,0.7706764253504181
0.1980198019801982,,0.5963056846867204,0.7700529085482313
0.19831983198319847,,0.5960188141134849,0.7694307905710818
0.19861986198619874,,0.5957325708165206,0.7688100693048062
0.19891989198919902,,0.5954469539694787,0.7681907426307908
0.1992199219921993,,0.595161962742922,0.7675728084260474
0.19951995199519956,,0.594877596304367,0.7669562645632881
0.19981998199819984,,0.5945938538183249,0.7663411089109993
0.2001200120012001,,0.5943107344463424,0.765727339333515
0.2004200420042006,,0.594028237347043,0.7651149536910913
0.20072007200720088,,0.5937463616761661,0.7645039498399762
0.20102010201020115,,0.593465106586608,0.7638943256324833
0.20132013201320142,,0.593184471228461,0.763286078917063
0.2016201620162017,,0.5929044547490531,0.7626792075383719
0.20192019201920197,,0.5926250562929867,0.7620737093373444
0.20222022202220225,,0.592346275002178,0.7614695821512609
0.20252025202520252,,0.5920681100158941,0.7608668238138175
0.20282028202820301,,0.5917905604707934,0.7602654321551947
0.2031203120312033,,0.591513625500961,0.7596654050021246
0.20342034203420356,,0.5912373042379477,0.7590667401779585
0.20372037203720383,,0.590961595810807,0.7584694355027332
0.2040204020402041,,0.5906864993461318,0.7578734887932377
0.20432043204320438,,0.5904120139680913,0.7572788978630789
0.20462046204620465,,0.5901381387984672,0.7566856605227466
0.20492049204920493,,0.5898648729566904,0.7560937745796781
0.20522052205220542,,0.5895922155598757,0.7555032378383213
0.2055205520552057,,0.5893201657228587,0.7549140481002012
0.20582058205820597,,0.5890487225582299,0.7543262031639796
0.20612061206120624,,0.58877788517637,0.7537397008255189
0.20642064206420652,,0.5885076526854849,0.7531545388779446
0.2067206720672068,,0.5882380241916402,0.752570715111706
0.20702070207020706,,0.5879689987987946,0.7519882273146379
0.20732073207320734,,0.5877005756088347,0.7514070732720204
0.2076207620762076,,0.5874327537216077,0.7508272507666389
0.2079207920792081,,0.5871655322349563,0.7502487575788455
0.20822082208220838,,0.5868989102447494,0.7496715914866143
0.20852085208520865,,0.5866328868449169,0.7490957502656035
0.20882088208820893,,0.5863674611274817,0.7485212316892108
0.2091209120912092,,0.5861026321825917,0.7479480335286328
0.20942094209420947,,0.5858383990985521,0.7473761535529212
0.20972097209720975,,0.5855747609618569,0.7468055895290391
0.21002100210021002,,0.5853117168572207,0.7462363392219181
0.21032103210321051,,0.5850492658676105,0.7456684003945127
0.2106210621062108,,0.5847874070742755,0.7451017708078569
0.21092109210921106,,0.5845261395567786,0.7445364482211178
0.21122112211221133,,0.584265462393027,0.7439724303916497
0.2115211521152116,,0.5840053746593022,0.7434097150750493
0.21182118211821188,,0.5837458754302904,0.7428483000252074
0.21212121212121215,,0.5834869637791118,0.742288182994363
0.21242124212421243,,0.5832286387773504,0.7417293617331553
0.21272127212721292,,0.5829708994950834,0.7411718339906752
0.2130213021302132,,0.5827137450009106,0.7406155975145187
0.21332133213321347,,0.5824571743619822,0.7400606500508351
0.21362136213621374,,0.5822011866440285,0.7395069893443804
0.21392139213921402,,0.5819457809113876,0.7389546131385659
0.2142214221422143,,0.5816909562270338,0.7384035191755092
0.21452145214521456,,0.5814367116526057,0.7378537051960825
0.21482148214821484,,0.5811830462484334,0.7373051689399623
0.2151215121512151,,0.5809299590735663,0.7367579081456779
0.2154215421542156,,0.5806774491858006,0.7362119205506599
0.21572157215721588,,0.5804255156417055,0.7356672038912869
0.21602160216021615,,0.580174157496651,0.7351237559029336
0.21632163216321643,,0.5799233738048334,0.7345815743200175
0.2166216621662167,,0.5796731636193025,0.7340406568760457
0.21692169216921697,,0.5794235259919877,0.7335010013036608
0.21722172217221725,,0.579174459973723,0.7329626053346867
0.21752175217521752,,0.5789259646142738,0.7324254667001736
0.21782178217821802,,0.5786780389623624,0.731889583130443
0.2181218121812183,,0.5784306820656919,0.7313549523551339
0.21842184218421856,,0.578183892970973,0.7308215721032437
0.21872187218721884,,0.5779376707239474,0.7302894401031749
0.2190219021902191,,0.5776920143694141,0.7297585540827768
0.21932193219321938,,0.577446922951252,0.7292289117693891
0.21962196219621966,,0.5772023955124453,0.728700510889885
0.21992199219921993,,0.5769584310951078,0.7281733491707125
0.22022202220222042,,0.5767150287405054,0.7276474243379365
0.2205220522052207,,0.5764721874890815,0.7271227341172818
0.22082208220822097,,0.576229906380479,0.7265992762341718
0.22112211221122124,,0.5759881844535641,0.7260770484137707
0.22142214221422152,,0.5757470207464497,0.7255560483810243
0.2217221722172218,,0.5755064142965174,0.7250362738606988
0.22202220222022206,,0.5752663641404413,0.7245177225774218
0.22232223222322234,,0.5750268693142094,0.7240003922557204
0.2226222622262226,,0.5747879288531466,0.7234842806200614
0.2229222922292231,,0.5745495417919366,0.7229693853948898
0.22322232223222338,,0.5743117071646436,0.722455704304666
0.22352235223522365,,0.5740744240047344,0.7219432350739047
0.22382238223822393,,0.5738376913450997,0.7214319754272125
0.2241224122412242,,0.5736015082180753,0.7209219230893248
0.22442244224422447,,0.5733658736554639,0.7204130757851435
0.22472247224722475,,0.5731307866885553,0.7199054312397725
0.22502250225022502,,0.5728962463481476,0.7193989871785549
0.22532253225322552,,0.5726622516645685,0.7188937413271081
0.2256225622562258,,0.5724288016676944,0.7183896914113617
0.22592259225922606,,0.5721958953869715,0.717886835157589
0.22622262226222634,,0.571963531851436,0.7173851702924451
0.2265226522652266,,0.5717317100897339,0.7168846945430005
0.22682268226822688,,0.5715004291301403,0.7163854056367753
0.22712271227122716,,0.57126968800058,0.7158873013017735
0.22742274227422743,,0.5710394857286458,0.7153903792665167
0.22772277227722793,,0.5708098213416185,0.7148946372600771
0.2280228022802282,,0.5705806938664859,0.7144000730121116
0.22832283228322847,,0.5703521023299616,0.7139066842528936
0.22862286228622875,,0.5701240457585035,0.7134144687133457
0.22892289228922902,,0.5698965231783328,0.7129234241250719
0.2292229222922293,,0.5696695336154525,0.7124335482203901
0.22952295229522957,,0.569443076095665,0.7119448387323627
0.22982298229822984,,0.569217149644591,0.7114572933948287
0.2301230123012301,,0.5689917532876871,0.710970909942434
0.2304230423042306,,0.5687668860502636,0.7104856861106632
0.23072307230723088,,0.5685425469575022,0.7100016196358688
0.23102310231023115,,0.5683187350344732,0.7095187082553019
0.23132313231323143,,0.5680954493061532,0.709036949707142
0.2316231623162317,,0.5678726887974423,0.7085563417305267
0.23192319231923197,,0.5676504525331807,0.7080768820655807
0.23222322232223225,,0.5674287395381659,0.7075985684534449
0.23252325232523252,,0.5672075488371692,0.7071213986363055
0.23282328232823302,,0.5669868794549527,0.7066453703574214
0.2331233123312333,,0.5667667304162854,0.7061704813611542
0.23342334233423356,,0.5665471007459592,0.7056967293929943
0.23372337233723384,,0.5663279894688054,0.7052241121995895
0.2340234023402341,,0.5661093956097106,0.7047526275287719
0.23432343234323438,,0.5658913181936329,0.7042822731295854
0.23462346234623466,,0.5656737562456168,0.7038130467523124
0.23492349234923493,,0.5654567087908092,0.7033449461485003
0.23522352235223543,,0.565240174854475,0.7028779690709877
0.2355235523552357,,0.5650241534620122,0.7024121132739315
0.23582358235823597,,0.5648086436389668,0.701947376512831
0.23612361236123625,,0.5645936444110479,0.7014837565445547
0.23642364236423652,,0.564379154804143,0.7010212511273651
0.2367236723672368,,0.5641651738443323,0.700559858020944
0.23702370237023707,,0.5639517005579029,0.700099574986417
0.23732373237323734,,0.5637387339713643,0.6996403997863785
0.2376237623762376,,0.5635262731114616,0.6991823301849154
0.2379237923792381,,0.5633143170051907,0.6987253639476324
0.23822382238223838,,0.5631028646798115,0.6982694988416741
0.23852385238523865,,0.5628919151628624,0.69781473263575
0.23882388238823893,,0.5626814674821736,0.6973610631001569
0.2391239123912392,,0.5624715206658815,0.6969084880068026
0.23942394239423948,,0.5622620737424411,0.6964570051292289
0.23972397239723975,,0.5620531257406409,0.6960066122426338
0.24002400240024002,,0.5618446756896145,0.695557307123894
0.24032403240324052,,0.5616367226188557,0.6951090875515868
0.2406240624062408,,0.5614292655582295,0.694661951306014
0.24092409240924106,,0.5612223035379865,0.6942158961692204
0.24122412241224134,,0.5610158355887752,0.6937709199250177
0.2415241524152416,,0.5608098607416543,0.6933270203590053
0.24182418241824188,,0.560604378028106,0.6928841952585908
0.24212421242124216,,0.5603993864800478,0.6924424424130116
0.24242424242424243,,0.5601948851298453,0.6920017596133547
0.24272427242724293,,0.5599908730103235,0.6915621446525778
0.2430243024302432,,0.5597873491547805,0.6911235953255301
0.24332433243324347,,0.5595843125969976,0.6906861094289702
0.24362436243624375,,0.5593817623712527,0.6902496847615881
0.24392439243924402,,0.5591796975123309,0.6898143191240231
0.2442244224422443,,0.5589781170555366,0.6893800103188846
0.24452445244524457,,0.5587770200367053,0.6889467561507704
0.24482448244824484,,0.5585764054922144,0.6885145544262854
0.2451245124512451,,0.5583762724589947,0.6880834029540609
0.2454245424542456,,0.558176619974542,0.6876532995447739
0.24572457245724588,,0.5579774470769276,0.6872242420111636
0.24602460246024616,,0.5577787528048092,0.6867962281680509
0.24632463246324643,,0.5575805361974422,0.6863692558323553
0.2466246624662467,,0.5573827962946902,0.6859433228231145
0.24692469246924698,,0.5571855321370358,0.6855184269614999
0.24722472247224725,,0.5569887427655908,0.6850945660708351
0.24752475247524752,,0.5567924272221066,0.684671737976613
0.24782478247824802,,0.5565965845489853,0.6842499405065118
0.2481248124812483,,0.5564012137892889,0.6838291714904141
0.24842484248424856,,0.55620631398675,0.6834094287604208
0.24872487248724884,,0.5560118841857815,0.682990710150869
0.2490249024902491,,0.5558179234314868,0.6825730134983482
0.24932493249324938,,0.5556244307696696,0.6821563366417158
0.24962496249624966,,0.5554314052468431,0.6817406774221137
0.24992499249924993,,0.5552388459102403,0.6813260336829834
0.2502250225022504,,0.5550467518078229,0.6809124032700811
0.2505250525052507,,0.5548551219882917,0.6804997840314949
0.250825082508251,,0.5546639555010945,0.6800881738176581
0.25112511251125125,,0.5544732513964362,0.6796775704813642
0.2514251425142515,,0.554283008725288,0.6792679718777832
0.2517251725172518,,0.5540932265393961,0.6788593758644748
0.25202520252025207,,0.5539039038912907,0.6784517803014034
0.25232523252325234,,0.5537150398342949,0.6780451830509528
0.2526252625262526,,0.5535266334225334,0.6776395819779394
0.2529252925292531,,0.5533386837109415,0.6772349749496274
0.2532253225322534,,0.553151189755273,0.676831359835741
0.25352535253525366,,0.5529641506121091,0.6764287345084796
0.25382538253825393,,0.552777565338867,0.6760270968425304
0.2541254125412542,,0.5525914329938078,0.6756264447150815
0.2544254425442545,,0.5524057526360444,0.675226776005836
0.25472547254725475,,0.5522205233255508,0.674828088597024
0.255025502550255,,0.5520357441231689,0.6744303803734161
0.2553255325532555,,0.5518514140906174,0.6740336492223351
0.2556255625562558,,0.5516675322904987,0.6736378930336706
0.25592559255925607,,0.5514840977863075,0.6732431096998888
0.25622562256225634,,0.5513011096424381,0.6728492971160462
0.2565256525652566,,0.5511185669241919,0.6724564531798013
0.2568256825682569,,0.5509364686977857,0.6720645757914265
0.25712571257125716,,0.5507548140303579,0.6716736628538199
0.25742574257425743,,0.550573601989977,0.671283712272517
0.25772577257725793,,0.5503928316456479,0.6708947219557013
0.2580258025802582,,0.5502125020673203,0.6705066898142176
0.2583258325832585,,0.5500326123258946,0.6701196137615809
0.25862586258625875,,0.5498531614932296,0.6697334917139883
0.258925892589259,,0.5496741486421493,0.6693483215903306
0.2592259225922593,,0.5494955728464497,0.6689641013122019
0.25952595259525957,,0.5493174331809059,0.6685808288039106
0.25982598259825984,,0.5491397287212786,0.6681985019924902
0.2601260126012601,,0.5489624585443205,0.667817118807709
0.2604260426042606,,0.5487856217277836,0.6674366771820811
0.2607260726072609,,0.5486092173504249,0.6670571750508756
0.26102610261026116,,0.5484332444920132,0.6666786103521263
0.26132613261326143,,0.5482577022333357,0.6663009810266428
0.2616261626162617,,0.5480825896562035,0.6659242850180187
0.261926192619262,,0.5479079058434586,0.6655485202726419
0.26222622262226225,,0.5477336498789798,0.6651736847397037
0.2625262526252625,,0.5475598208476883,0.664799776371208
0.262826282628263,,0.5473864178355545,0.6644267931219803
0.2631263126312633,,0.5472134399296034,0.6640547329496777
0.26342634263426357,,0.5470408862179199,0.6636835938147956
0.26372637263726384,,0.5468687557896559,0.6633133736806788
0.2640264026402641,,0.5466970477350349,0.662944070513528
0.2643264326432644,,0.5465257611453583,0.66257568228241
0.26462646264626466,,0.5463548951130103,0.6622082069592651
0.26492649264926493,,0.546184448731464,0.6618416425189153
0.26522652265226543,,0.5460144210952864,0.6614759869390725
0.2655265526552657,,0.5458448113001445,0.6611112382003473
0.265826582658266,,0.5456756184428095,0.6607473942862556
0.26612661266126625,,0.5455068416211627,0.6603844531832267
0.2664266426642665,,0.5453384799342005,0.6600224128806114
0.2667266726672668,,0.54517053248204,0.6596612713706891
0.26702670267026707,,0.5450029983659228,0.6593010266486754
0.26732673267326734,,0.5448358766882215,0.6589416767127291
0.2676267626762676,,0.5446691665524435,0.6585832195639592
0.2679267926792681,,0.5445028670632361,0.6582256532064331
0.2682268226822684,,0.5443369773263917,0.657868975647182
0.26852685268526866,,0.5441714964488522,0.6575131848962087
0.26882688268826893,,0.5440064235387131,0.6571582789664936
0.2691269126912692,,0.5438417577052294,0.656804255874002
0.2694269426942695,,0.5436774980588188,0.6564511136376905
0.26972697269726975,,0.5435136437110673,0.6560988502795125
0.27002700270027,,0.5433501937747325,0.655747463824426
0.2703270327032705,,0.5431871473637491,0.6553969523003977
0.2706270627062708,,0.5430245035932324,0.6550473137384119
0.27092709270927107,,0.5428622615794827,0.6546985461724735
0.27122712271227134,,0.5427004204399898,0.6543506476396156
0.2715271527152716,,0.5425389792934365,0.6540036161799048
0.2718271827182719,,0.5423779372597037,0.6536574498364468
0.27212721272127216,,0.542217293459873,0.6533121466553923
0.27242724272427243,,0.542057047016232,0.6529677046859417
0.27272727272727293,,0.5418971970522772,0.6526241219803508
0.2730273027302732,,0.541737742692719,0.6522813965939371
0.2733273327332735,,0.5415786830634839,0.6519395265850831
0.27362736273627375,,0.5414200172917195,0.6515985100152424
0.273927392739274,,0.5412617445057977,0.6512583449489444
0.2742274227422743,,0.5411038638353186,0.6509190294537996
0.27452745274527457,,0.5409463744111136,0.6505805616005037
0.27482748274827484,,0.5407892753652495,0.6502429394628426
0.2751275127512751,,0.5406325658310311,0.6499061611176968
0.2754275427542756,,0.5404762449430061,0.6495702246450467
0.2757275727572759,,0.5403203118369667,0.6492351281279755
0.27602760276027616,,0.5401647656499543,0.6489008696526747
0.27632763276327643,,0.540009605520262,0.6485674473084477
0.2766276627662767,,0.5398548305874382,0.6482348591877145
0.276927692769277,,0.5397004399922894,0.647903103386015
0.27722772277227725,,0.5395464328768839,0.6475721780020134
0.2775277527752775,,0.539392808384554,0.647242081137502
0.277827782778278,,0.5392395656598999,0.6469128108974047
0.2781278127812783,,0.5390867038487923,0.6465843653897814
0.27842784278427857,,0.5389342220983752,0.6462567427258308
0.27872787278727884,,0.5387821195570687,0.6459299410198938
0.2790279027902791,,0.5386303953745724,0.6456039583894579
0.2793279327932794,,0.5384790487018674,0.6452787929551596
0.27962796279627966,,0.5383280786912197,0.6449544428407883
0.27992799279927993,,0.5381774844961825,0.6446309061732888
0.28022802280228043,,0.538027265271599,0.644308181082765
0.2805280528052807,,0.5378774201736051,0.6439862657024831
0.280828082808281,,0.5377279483596314,0.6436651581688735
0.28112811281128125,,0.5375788489884067,0.6433448566215345
0.2814281428142815,,0.5374301212199593,0.6430253592032351
0.2817281728172818,,0.53728176421562,0.6427066640599173
0.28202820282028207,,0.5371337771380252,0.6423887693406984
0.28232823282328234,,0.5369861591511178,0.6420716731978751
0.28262826282628284,,0.5368389094201503,0.6417553737869235
0.2829282928292831,,0.5366920271116874,0.6414398692665045
0.2832283228322834,,0.5365455113936071,0.6411251577984635
0.28352835283528366,,0.5363993614351039,0.6408112375478335
0.28382838283828393,,0.5362535764066905,0.640498106682838
0.2841284128412842,,0.5361081554801999,0.6401857633748923
0.2844284428442845,,0.5359630978287873,0.6398742057986057
0.28472847284728475,,0.5358184026269326,0.6395634321317835
0.285028502850285,,0.5356740690504415,0.6392534405554289
0.2853285328532855,,0.5355300962764485,0.6389442292537445
0.2856285628562858,,0.5353864834834181,0.6386357964141353
0.28592859285928607,,0.5352432298511463,0.6383281402272083
0.28622862286228634,,0.5351003345607633,0.6380212588867759
0.2865286528652866,,0.5349577967947348,0.6377151505898564
0.2868286828682869,,0.5348156157368635,0.6374098135366759
0.28712871287128716,,0.5346737905722915,0.6371052459306696
0.28742874287428744,,0.5345323204875009,0.6368014459784835
0.28772877287728793,,0.5343912046703163,0.6364984118899747
0.2880288028802882,,0.5342504423099064,0.6361961418782138
0.2883288328832885,,0.5341100325967846,0.6358946341594853
0.28862886288628875,,0.5339699747228116,0.6355938869532887
0.288928892889289,,0.5338302678811963,0.6352938984823397
0.2892289228922893,,0.5336909112664969,0.6349946669725715
0.28952895289528957,,0.5335519040746235,0.6346961906531345
0.28982898289828984,,0.5334132455028381,0.6343984677563986
0.29012901290129034,,0.5332749347497564,0.634101496517953
0.2904290429042906,,0.53313697101535,0.6338052751766076
0.2907290729072909,,0.5329993535009458,0.6335098019743928
0.29102910291029116,,0.5328620814092291,0.6332150751565604
0.29132913291329143,,0.5327251539442437,0.6329210929715847
0.2916291629162917,,0.5325885703113931,0.6326278536711623
0.291929192919292,,0.5324523297174422,0.6323353555102126
0.29222922292229225,,0.5323164313705179,0.6320435967468783
0.2925292529252925,,0.5321808744801101,0.6317525756425257
0.292829282928293,,0.5320456582570734,0.6314622904617453
0.2931293129312933,,0.5319107819136272,0.6311727394723509
0.29342934293429357,,0.5317762446633573,0.6308839209453807
0.29372937293729384,,0.5316420457212163,0.6305958331550973
0.2940294029402941,,0.5315081843035253,0.6303084743789868
0.2943294329432944,,0.5313746596279738,0.6300218428977604
0.29462946294629466,,0.5312414709136215,0.6297359369953526
0.29492949294929494,,0.5311086173808981,0.629450754958922
0.29522952295229543,,0.5309760982516047,0.6291662950788508
0.2955295529552957,,0.5308439127489151,0.6288825556487454
0.295829582958296,,0.530712060097375,0.6285995349654343
0.29612961296129625,,0.530580539522904,0.6283172313289693
0.2964296429642965,,0.5304493502527956,0.6280356430426247
0.2967296729672968,,0.5303184915157182,0.6277547684128966
0.29702970297029707,,0.5301879625417156,0.6274746057495022
0.29732973297329734,,0.5300577625622073,0.6271951533653803
0.29762976297629784,,0.5299278908099891,0.6269164095766891
0.2979297929792981,,0.5297983465192345,0.6266383727028075
0.2982298229822984,,0.5296691289254937,0.6263610410663323
0.29852985298529866,,0.5295402372656951,0.626084412993079
0.29882988298829893,,0.5294116707781457,0.6258084868120803
0.2991299129912992,,0.5292834287025306,0.6255332608555857
0.2994299429942995,,0.5291555102799148,0.6252587334590599
0.29972997299729975,,0.5290279147527422,0.6249849029611827
0.3000300030003,,0.528900641364837,0.6247117677038473
0.3003300330033005,,0.5287736893614032,0.62443932603216
0.3006300630063008,,0.5286470579890254,0.6241675762944386
0.30093009300930107,,0.5285207464956687,0.6238965168422113
0.30123012301230134,,0.5283947541306792,0.6236261460302157
0.3015301530153016,,0.5282690801447838,0.6233564622163976
0.3018301830183019,,0.5281437237900911,0.6230874637619097
0.30213021302130216,,0.5280186843200907,0.6228191490311106
0.30243024302430244,,0.5278939609896539,0.6225515163915627
0.30273027302730293,,0.5277695530550337,0.6222845642140316
0.3030303030303032,,0.5276454597738647,0.6220182908724847
0.3033303330333035,,0.5275216804051631,0.6217526947440892
0.30363036303630375,,0.5273982142093274,0.621487774209211
0.303930393039304,,0.5272750604481372,0.6212235276514126
0.3042304230423043,,0.5271522183847545,0.6209599534574527
0.30453045304530457,,0.5270296872837226,0.6206970500172834
0.30483048304830485,,0.5269074664109666,0.6204348157240489
0.30513051305130534,,0.5267855550337932,0.6201732489740843
0.3054305430543056,,0.5266639524208909,0.6199123481669134
0.3057305730573059,,0.526542657842329,0.6196521117052471
0.30603060306030616,,0.5264216705695584,0.6193925379949812
0.30633063306330643,,0.5263009898754106,0.619133625445195
0.3066306630663067,,0.5261806150340985,0.6188753724681496
0.306930693069307,,0.5260605453212153,0.6186177774792854
0.30723072307230725,,0.5259407800137345,0.6183608388972204
0.30753075307530753,,0.5258213183900097,0.6181045551437482
0.307830783078308,,0.5257021597297746,0.6178489246438366
0.3081308130813083,,0.5255833033141424,0.6175939458256244
0.30843084308430857,,0.5254647484256053,0.61733961712042
0.30873087308730884,,0.5253464943480345,0.6170859369626993
0.3090309030903091,,0.5252285403666795,0.6168329037901034
0.3093309330933094,,0.5251108857681686,0.616580516043436
0.30963096309630966,,0.5249935298405068,0.6163287721666622
0.30993099309930994,,0.5248764718730774,0.6160776706069051
0.31023102310231043,,0.52475971115664,0.6158272098144443
0.3105310531053107,,0.5246432469833309,0.6155773882427135
0.310831083108311,,0.5245270786466619,0.6153282043482973
0.31113111311131125,,0.524411205441521,0.61507965659093
0.3114311431143115,,0.5242956266641704,0.6148317434334926
0.3117311731173118,,0.524180341612247,0.6145844633420101
0.3120312031203121,,0.5240653495847617,0.6143378147856495
0.31233123312331235,,0.5239506498820983,0.6140917962367172
0.31263126312631284,,0.5238362418060135,0.6138464061706559
0.3129312931293131,,0.5237221246596363,0.6136016430660431
0.3132313231323134,,0.5236082977474669,0.6133575054045876
0.31353135313531366,,0.5234947603753761,0.6131139916711268
0.31383138313831394,,0.5233815118506054,0.612871100353625
0.3141314131413142,,0.5232685514817654,0.6126288299431697
0.3144314431443145,,0.5231558785788357,0.6123871789339694
0.31473147314731476,,0.5230434924531638,0.6121461458233507
0.31503150315031503,,0.5229313924174647,0.6119057291117554
0.3153315331533155,,0.5228195777858201,0.6116659273027387
0.3156315631563158,,0.5227080478736773,0.6114267389029644
0.31593159315931607,,0.5225968019978491,0.6111881624222039
0.31623162316231634,,0.5224858394765122,0.6109501963733323
0.3165316531653166,,0.522375159629207,0.610712839272326
0.3168316831683169,,0.5222647617768366,0.6104760896382595
0.31713171317131716,,0.5221546452416659,0.6102399459933026
0.31743174317431744,,0.5220448093473207,0.6100044068627172
0.31773177317731793,,0.5219352534187871,0.6097694707748543
0.3180318031803182,,0.5218259767824105,0.6095351362611519
0.3183318331833185,,0.5217169787658943,0.6093014018561299
0.31863186318631875,,0.5216082586982997,0.6090682660973893
0.318931893189319,,0.5214998159100442,0.6088357275256076
0.3192319231923193,,0.5213916497329012,0.6086037846845359
0.3195319531953196,,0.5212837594999981,0.6083724361209967
0.31983198319831985,,0.5211761445458165,0.6081416803848791
0.32013201320132034,,0.5210688042061904,0.6079115160291373
0.3204320432043206,,0.5209617378183058,0.6076819416097863
0.3207320732073209,,0.5208549447206988,0.6074529556858986
0.32103210321032116,,0.5207484242532557,0.6072245568196017
0.32133213321332144,,0.5206421757572111,0.6069967435760744
0.3216321632163217,,0.5205361985751472,0.6067695145235431
0.321932193219322,,0.5204304920509927,0.6065428682332792
0.32223222322232226,,0.5203250555300216,0.6063168032795951
0.32253225322532253,,0.5202198883588525,0.6060913182398415
0.322832283228323,,0.520114989885447,0.6058664116944034
0.3231323132313233,,0.5200103594591089,0.6056420822266968
0.32343234323432357,,0.519905996430483,0.6054183284231657
0.32373237323732384,,0.5198019001515536,0.605195148873278
0.3240324032403241,,0.5196980699756442,0.6049725421695226
0.3243324332433244,,0.5195945052574155,0.6047505069074055
0.32463246324632467,,0.5194912053528646,0.6045290416854466
0.32493249324932494,,0.5193881696193238,0.6043081451051759
0.32523252325232543,,0.5192853974154594,0.60408781577113
0.3255325532553257,,0.5191828881012704,0.6038680522908491
0.325832583258326,,0.5190806410380874,0.6036488532748722
0.32613261326132625,,0.5189786555885709,0.6034302173367346
0.3264326432643265,,0.5188769311167111,0.603212143092964
0.3267326732673268,,0.5187754669878255,0.6029946291630763
0.3270327032703271,,0.5186742625685583,0.602777674169573
0.32733273327332735,,0.5185733172268788,0.6025612767379364
0.32763276327632784,,0.5184726303320805,0.6023454354966264
0.3279327932793281,,0.5183722012547793,0.6021301490770775
0.3282328232823284,,0.5182720293669129,0.6019154161136937
0.32853285328532866,,0.5181721140417382,0.6017012352438457
0.32883288328832894,,0.5180724546538318,0.6014876051078668
0.3291329132913292,,0.5179730505790868,0.6012745243490494
0.3294329432943295,,0.5178739011947129,0.6010619916136407
0.32973297329732976,,0.517775005879234,0.6008500055508396
0.33003300330033003,,0.5176763640124874,0.6006385648127921
0.3303330333033305,,0.5175779749756226,0.6004276680545884
0.3306330633063308,,0.5174798381510994,0.600217313934258
0.3309330933093311,,0.5173819529226864,0.6000075011127668
0.33123312331233135,,0.5172843186754604,0.5997982282540123
0.3315331533153316,,0.5171869347958042,0.5995894940248204
0.3318331833183319,,0.5170898006714054,0.5993812970949415
0.33213321332133217,,0.516992915691255,0.5991736361370458
0.33243324332433244,,0.5168962792456463,0.5989665098267204
0.33273327332733293,,0.5167998907261728,0.5987599168424647
0.3330333033303332,,0.5167037495257272,0.5985538558656864
0.3333333333333335,,0.5166078550384996,0.5983483255806983
0.33363336333633375,,0.5165122066599763,0.5981433246747132
0.33393339333933403,,0.5164168037869382,0.5979388518378403
0.3342334233423343,,0.5163216458174595,0.597734905763082
0.3345334533453346,,0.5162267321509056,0.5975314851463284
0.33483348334833485,,0.5161320621879325,0.5973285886863546
0.33513351335133534,,0.5160376353304843,0.5971262150848158
0.3354335433543356,,0.5159434509817925,0.5969243630462439
0.3357335733573359,,0.5158495085463738,0.5967230312780426
0.33603360336033616,,0.5157558074300291,0.5965222184904841
0.33633363336333644,,0.5156623470398417,0.5963219233967045
0.3366336633663367,,0.5155691267841755,0.5961221447127
0.336933693369337,,0.5154761460726741,0.5959228811573225
0.33723372337233726,,0.5153834043162584,0.5957241314522757
0.33753375337533753,,0.5152909009271256,0.5955258943221106
0.337833783378338,,0.5151986353187475,0.5953281684942222
0.3381338133813383,,0.5151066069058687,0.5951309526988444
0.3384338433843386,,0.5150148151045053,0.5949342456690461
0.33873387338733885,,0.5149232593319429,0.5947380461407271
0.3390339033903391,,0.5148319390067354,0.5945423528526141
0.3393339333933394,,0.5147408535487031,0.5943471645462562
0.33963396339633967,,0.5146500023789312,0.5941524799660208
0.33993399339933994,,0.514559384919768,0.5939582978590894
0.34023402340234044,,0.5144690005948236,0.5937646169754529
0.3405340534053407,,0.5143788488289678,0.5935714360679086
0.340834083408341,,0.5142889290483286,0.5933787538920546
0.34113411341134126,,0.514199240680291,0.5931865692062863
0.34143414341434153,,0.5141097831534944,0.5929948807717915
0.3417341734173418,,0.514020555897832,0.5928036873525471
0.3420342034203421,,0.5139315583444481,0.5926129877153139
0.34233423342334235,,0.5138427899257373,0.5924227806296328
0.34263426342634284,,0.5137542500753419,0.5922330648678202
0.3429342934293431,,0.5136659382281513,0.5920438392049643
0.3432343234323434,,0.5135778538202993,0.5918551024189198
0.34353435343534366,,0.5134899962891628,0.5916668532903043
0.34383438343834394,,0.5134023650733601,0.591479090602494
0.3441344134413442,,0.5133149596127494,0.5912918131416189
0.3444344434443445,,0.5132277793484264,0.5911050196965587
0.34473447344734476,,0.5131408237227234,0.5909187090589385
0.34503450345034503,,0.5130540921792067,0.5907328800231244
0.3453345334533455,,0.512967584162676,0.5905475313862192
0.3456345634563458,,0.5128812991191611,0.5903626619480578
0.3459345934593461,,0.5127952364959217,0.5901782705112029
0.34623462346234635,,0.5127093957414448,0.5899943558809408
0.3465346534653466,,0.5126237763054429,0.5898109168652771
0.3468346834683469,,0.5125383776388525,0.5896279522749316
0.34713471347134717,,0.5124531991938324,0.5894454609233347
0.34743474347434744,,0.5123682404237616,0.5892634416266227
0.34773477347734794,,0.512283500783238,0.589081893203633
0.3480348034803482,,0.5121989797280762,0.5889008144759005
0.3483348334833485,,0.5121146767153054,0.5887202042676524
0.34863486348634876,,0.5120305912031687,0.5885400614058041
0.34893489348934903,,0.5119467226511203,0.5883603847199548
0.3492349234923493,,0.511863070519824,0.5881811730423829
0.3495349534953496,,0.5117796342711518,0.5880024252080418
0.34983498349834985,,0.5116964133681812,0.5878241400545549
0.35013501350135035,,0.5116134072751941,0.5876463164222118
0.3504350435043506,,0.5115306154576752,0.5874689531539637
0.3507350735073509,,0.5114480373823092,0.5872920490954185
0.35103510351035117,,0.5113656725169798,0.5871156030948369
0.35133513351335144,,0.5112835203307677,0.5869396140031272
0.3516351635163517,,0.5112015802939488,0.5867640806738417
0.351935193519352,,0.5111198518779917,0.5865890019631714
0.35223522352235226,,0.5110383345555569,0.5864143767299423
0.35253525352535253,,0.5109570278004943,0.5862402038356099
0.352835283528353,,0.5108759310878418,0.586066482144256
0.3531353135313533,,0.5107950438938228,0.5858932105225831
0.3534353435343536,,0.5107143656958447,0.5857203878399102
0.35373537353735385,,0.5106338959724974,0.5855480129681685
0.3540354035403541,,0.5105536342035509,0.5853760847818967
0.3543354335433544,,0.5104735798699538,0.5852046021582367
0.35463546354635467,,0.5103937324538308,0.5850335639769288
0.35493549354935494,,0.5103140914384818,0.5848629691203076
0.35523552355235544,,0.5102346563083796,0.5846928164732964
0.3555355535553557,,0.5101554265491676,0.5845231049234046
0.355835583558356,,0.5100764016476583,0.5843538333607212
0.35613561356135626,,0.5099975810918318,0.5841850006779113
0.35643564356435653,,0.5099189643708331,0.5840166057702115
0.3567356735673568,,0.5098405509749707,0.5838486475354251
0.3570357035703571,,0.5097623403957149,0.5836811248739178
0.35733573357335735,,0.5096843321256954,0.5835140366886129
0.35763576357635785,,0.5096065256586998,0.5833473818849869
0.3579357935793581,,0.5095289204896717,0.5831811593710654
0.3582358235823584,,0.5094515161147082,0.5830153680574175
0.35853585358535867,,0.5093743120310589,0.5828500068571523
0.35883588358835894,,0.5092973077371235,0.5826850746859136
0.3591359135913592,,0.5092205027324498,0.5825205704618758
0.3594359435943595,,0.5091438965177322,0.5823564931057393
0.35973597359735976,,0.5090674885948092,0.5821928415407258
0.36003600360036003,,0.5089912784666621,0.5820296146925736
0.36033603360336053,,0.5089152656374131,0.5818668114895338
0.3606360636063608,,0.5088394496123223,0.5817044308623642
0.3609360936093611,,0.5087638298977872,0.5815424717443267
0.36123612361236135,,0.5086884060013402,0.5813809330711812
0.3615361536153616,,0.5086131774316465,0.5812198137811817
0.3618361836183619,,0.508538143698502,0.5810591128150717
0.36213621362136217,,0.5084633043128324,0.5808988291160795
0.36243624362436244,,0.5083886587866899,0.5807389616299136
0.36273627362736294,,0.5083142066332526,0.5805795093047583
0.3630363036303632,,0.5082399473668213,0.5804204710912693
0.3633363336333635,,0.5081658805028186,0.5802618459425686
0.36363636363636376,,0.5080920055577864,0.5801036328142402
0.36393639363936403,,0.5080183220493844,0.5799458306643258
0.3642364236423643,,0.5079448294963872,0.5797884384533198
0.3645364536453646,,0.5078715274186838,0.579631455144165
0.36483648364836485,,0.5077984153372747,0.579474879702248
0.36513651365136535,,0.5077254927742699,0.5793187110953942
0.3654365436543656,,0.5076527592528877,0.5791629482938644
0.3657365736573659,,0.5075802142974519,0.5790075902703488
0.36603660366036617,,0.5075078574333906,0.5788526359999632
0.36633663366336644,,0.5074356881872335,0.5786980844602444
0.3666366636663667,,0.5073637060866107,0.5785439346311456
0.366936693669367,,0.5072919106602505,0.5783901854950316
0.36723672367236726,,0.5072203014379769,0.5782368360366748
0.36753675367536753,,0.5071488779507086,0.5780838852432496
0.36783678367836803,,0.5070776397304566,0.5779313321043292
0.3681368136813683,,0.5070065863103218,0.5777791756118799
0.3684368436843686,,0.5069357172244938,0.5776274147602569
0.36873687368736885,,0.5068650320082486,0.5774760485462002
0.3690369036903691,,0.5067945301979467,0.577325075968829
0.3693369336933694,,0.5067242113310312,0.5771744960296384
0.36963696369636967,,0.5066540749460253,0.5770243077324939
0.36993699369936994,,0.5065841205825315,0.5768745100836271
0.37023702370237044,,0.5065143477812287,0.5767251020916314
0.3705370537053707,,0.5064447560838704,0.5765760827674573
0.370837083708371,,0.5063753450332829,0.5764274511244074
0.37113711371137126,,0.5063061141733634,0.5762792061781326
0.37143714371437153,,0.5062370630490779,0.5761313469466269
0.3717371737173718,,0.5061681912064593,0.5759838724502235
0.3720372037203721,,0.5060994981926055,0.5758367817115895
0.37233723372337235,,0.5060309835556772,0.575690073755722
0.37263726372637285,,0.5059626468448964,0.575543747609943
0.3729372937293731,,0.505894487610544,0.5753978023038957
0.3732373237323734,,0.505826505403958,0.5752522368695389
0.37353735373537367,,0.5057586997775315,0.575107050341143
0.37383738373837394,,0.505691070284711,0.5749622417552855
0.3741374137413742,,0.5056236164799942,0.5748178101508469
0.3744374437443745,,0.5055563379189278,0.5746737545690047
0.37473747374737476,,0.5054892341581063,0.5745300740532306
0.37503750375037503,,0.5054223047551689,0.5743867676492849
0.37533753375337553,,0.505355549268799,0.5742438344052123
0.3756375637563758,,0.5052889672587209,0.5741012733713373
0.3759375937593761,,0.5052225582856985,0.57395908360026
0.37623762376237635,,0.5051563219115333,0.573817264146851
0.3765376537653766,,0.5050902576990624,0.5736758140682472
0.3768376837683769,,0.5050243652121564,0.5735347324238474
0.37713771377137717,,0.5049586440157178,0.5733940182753078
0.37743774377437744,,0.5048930936756785,0.573253670686537
0.37773777377737794,,0.5048277137589983,0.5731136887236918
0.3780378037803782,,0.5047625038336628,0.5729740714551735
0.3783378337833785,,0.5046974634686815,0.5728348179516219
0.37863786378637876,,0.5046325922340857,0.5726959272859118
0.37893789378937903,,0.5045678897009267,0.572557398533148
0.3792379237923793,,0.5045033554412736,0.5724192307706614
0.3795379537953796,,0.5044389890282117,0.572281423078004
0.37983798379837985,,0.5043747900358402,0.5721439745369447
0.38013801380138035,,0.5043107580392706,0.5720068842314643
0.3804380438043806,,0.5042468926146245,0.571870151247752
0.3807380738073809,,0.5041831933390317,0.5717337746742
0.38103810381038117,,0.5041196597906282,0.5715977536013992
0.38133813381338144,,0.5040562915485544,0.5714620871221352
0.3816381638163817,,0.503993088192953,0.5713267743313836
0.381938193819382,,0.503930049304967,0.571191814326305
0.38223822382238226,,0.503867174466738,0.5710572062062413
0.38253825382538276,,0.5038044632614042,0.570922949072711
0.38283828382838303,,0.5037419152730982,0.5707890420294045
0.3831383138313833,,0.5036795300869452,0.57065548418218
0.3834383438343836,,0.5036173072890613,0.5705222746390589
0.38373837383738385,,0.5035552464665509,0.5703894125102211
0.3840384038403841,,0.5034933472075058,0.5702568969080011
0.3843384338433844,,0.503431609101002,0.5701247269468829
0.38463846384638467,,0.5033700317370988,0.5699929017434964
0.38493849384938494,,0.5033086147068364,0.5698614204166121
0.38523852385238544,,0.5032473576022338,0.5697302820871374
0.3855385538553857,,0.5031862600162874,0.5695994858781116
0.385838583858386,,0.5031253215429686,0.569469030914702
0.38613861386138626,,0.5030645417772218,0.5693389163241991
0.38643864386438653,,0.5030039203149631,0.5692091412360123
0.3867386738673868,,0.5029434567530775,0.5690797047816655
0.3870387038703871,,0.5028831506894176,0.5689506060947929
0.38733873387338735,,0.5028230017228016,0.568821844311134
0.38763876387638785,,0.5027630094530108,0.5686934185685302
0.3879387938793881,,0.5027031734807886,0.5685653280069195
0.3882388238823884,,0.502643493407838,0.5684375717683324
0.38853885388538867,,0.5025839688368193,0.5683101489968879
0.38883888388838894,,0.5025245993713492,0.5681830588387885
0.3891389138913892,,0.5024653846159978,0.5680563004423161
0.3894389438943895,,0.5024063241762874,0.567929872957828
0.38973897389738976,,0.5023474176586906,0.567803775537752
0.39003900390039026,,0.5022886646706275,0.5676780073365819
0.39033903390339053,,0.5022300648204652,0.5675525675108741
0.3906390639063908,,0.5021716177175143,0.5674274552192424
0.3909390939093911,,0.5021133229720283,0.5673026696223538
0.39123912391239135,,0.5020551801952008,0.5671782098829241
0.3915391539153916,,0.5019971889991643,0.5670540751657143
0.3918391839183919,,0.5019393489969879,0.5669302646375248
0.39213921392139217,,0.5018816598026749,0.566806777467193
0.39243924392439244,,0.5018241210311618,0.566683612825587
0.39273927392739294,,0.5017667322983163,0.5665607698856028
0.3930393039303932,,0.5017094932209343,0.5664382478221592
0.3933393339333935,,0.5016524034167396,0.5663160458121939
0.39363936393639376,,0.5015954625043805,0.5661941630346586
0.39393939393939403,,0.501538670103429,0.5660725986705155
0.3942394239423943,,0.5014820258343784,0.5659513519027323
0.3945394539453946,,0.5014255293186413,0.5658304219162783
0.39483948394839485,,0.501369180178548,0.5657098078981203
0.39513951395139535,,0.5013129780373445,0.5655895090372177
0.3954395439543956,,0.5012569225191907,0.5654695245245188
0.3957395739573959,,0.501201013249158,0.5653498535529563
0.39603960396039617,,0.5011452498532282,0.5652304953174428
0.39633963396339644,,0.501089631958291,0.5651114490148672
0.3966396639663967,,0.5010341591921423,0.5649927138440897
0.396939693969397,,0.5009788311834826,0.564874289005938
0.39723972397239726,,0.5009236475619145,0.564756173703203
0.39753975397539776,,0.5008686079579415,0.5646383671406343
0.39783978397839803,,0.5008137120029654,0.5645208685249368
0.3981398139813983,,0.5007589593292854,0.5644036770647649
0.3984398439843986,,0.5007043495700948,0.56428679197072
0.39873987398739885,,0.5006498823594808,0.5641702124553452
0.3990399039903991,,0.5005955573324212,0.5640539377331212
0.3993399339933994,,0.5005413741247835,0.5639379670204627
0.39963996399639967,,0.5004873323733223,0.5638222995357136
0.39993999399939995,,0.500433431715678,0.5637069344991429
0.40024002400240044,,0.5003796717903747,0.5635918711329408
0.4005400540054007,,0.5003260522368181,0.5634771086612141
0.400840084008401,,0.5002725726952945,0.5633626463099826
0.40114011401140126,,0.5002192328069675,0.5632484833071738
0.40144014401440153,,0.5001660322138776,0.5631346188826205
0.4017401740174018,,0.5001129705589392,0.5630210522680548
0.4020402040204021,,0.5000600474859398,0.5629077826971052
0.40234023402340235,,0.5000072626395373,0.5627948094052919
0.40264026402640285,,0.49995461566525834,0.5626821316300227
0.4029402940294031,,0.4999021062094968,0.5625697486105892
0.4032403240324034,,0.49984973391951165,0.562457659588162
0.40354035403540367,,0.49979749844342514,0.5623458638057872
0.40384038403840394,,0.4997453994302209,0.5622343605083822
0.4041404140414042,,0.4996934365297424,0.5621231489427309
0.4044404440444045,,0.4996416093926907,0.5620122283574805
0.40474047404740476,,0.499589917670623,0.5619015980031372
0.40504050405040526,,0.49953836101595045,0.5617912571320611
0.40534053405340553,,0.49948693908193664,0.5616812049984639
0.4056405640564058,,0.49943565152269553,0.561571440858403
0.4059405940594061,,0.4993844979931898,0.5614619639697788
0.40624062406240635,,0.4993334781492288,0.5613527735923295
0.4065406540654066,,0.499282591647467,0.5612438689876279
0.4068406840684069,,0.499231838145402,0.561135249419077
0.4071407140714072,,0.4991812173013727,0.5610269141519059
0.40744074407440745,,0.4991307287745576,0.5609188624531656
0.40774077407740794,,0.49908037222497287,0.5608110935917255
0.4080408040804082,,0.4990301473134707,0.5607036068382688
0.4083408340834085,,0.49898005370173715,0.5605964014652884
0.40864086408640876,,0.49893009105229075,0.5604894767470836
0.40894089408940903,,0.4988802590284805,0.5603828319597551
0.4092409240924093,,0.49883055729448406,0.5602764663812019
0.4095409540954096,,0.49878098551530586,0.5601703792911165
0.40984098409840986,,0.49873154335677555,0.5600645699709814
0.41014101410141035,,0.49868223048554605,0.559959037704065
0.4104410441044106,,0.4986330465690918,0.5598537817754174
0.4107410741074109,,0.4985839912757068,0.5597488014718668
0.41104110411041117,,0.49853506427450306,0.559644096082015
0.41134113411341144,,0.4984862652354088,0.5595396648962337
0.4116411641164117,,0.49843759382916636,0.5594355072066607
0.411941194119412,,0.4983890497273308,0.5593316223071956
0.41224122412241226,,0.49834063260226796,0.5592280094934959
0.41254125412541276,,0.49829234212715257,0.5591246680629733
0.41284128412841303,,0.49824417797596676,0.5590215973147898
0.4131413141314133,,0.498196139823498,0.558918796549853
0.4134413441344136,,0.49814822734533737,0.5588162650708131
0.41374137413741385,,0.4981004402178781,0.5587140021820582
0.4140414041404141,,0.4980527781183132,0.5586120071897113
0.4143414341434144,,0.49800524072463453,0.5585102794016253
0.4146414641464147,,0.49795782771563024,0.55840881812738
0.41494149414941495,,0.49791053877088337,0.5583076226782773
0.41524152415241544,,0.49786337357077026,0.5582066923673384
0.4155415541554157,,0.49781633179645846,0.5581060265092991
0.415841584158416,,0.4977694131299052,0.5580056244206059
0.41614161416141626,,0.49772261725385547,0.5579054854194127
0.41644164416441654,,0.4976759438518405,0.5578056088255761
0.4167416741674168,,0.49762939260817585,0.5577059939606525
0.4170417041704171,,0.49758296320795964,0.5576066401478934
0.41734173417341736,,0.497536655337071,0.5575075467122421
0.41764176417641785,,0.49749046868216806,0.5574087129803293
0.4179417941794181,,0.4974444029306866,0.5573101382804702
0.4182418241824184,,0.4973984577708379,0.5572118219426593
0.41854185418541867,,0.49735263289160725,0.5571137632985678
0.41884188418841894,,0.49730692798275217,0.557015961681539
0.4191419141914192,,0.4972613427348008,0.5569184164265851
0.4194419441944195,,0.4972158768390499,0.5568211268703829
0.41974197419741976,,0.49717052998756345,0.5567240923512699
0.42004200420042026,,0.4971253018731707,0.5566273122092409
0.42034203420342053,,0.49708019218946464,0.5565307857859445
0.4206420642064208,,0.4970352006308001,0.5564345124246781
0.4209420942094211,,0.49699032689229217,0.5563384914703855
0.42124212421242135,,0.49694557066981443,0.5562427222696522
0.4215421542154216,,0.49690093165999744,0.556147204170702
0.4218421842184219,,0.49685640956022664,0.556051936523393
0.4221422142214222,,0.4968120040686411,0.5559569186792146
0.42244224422442245,,0.49676771488413146,0.5558621499912823
0.42274227422742294,,0.4967235417063385,0.5557676298143356
0.4230423042304232,,0.4966794842356513,0.5556733575047332
0.4233423342334235,,0.4966355421732056,0.5555793324204494
0.42364236423642376,,0.4965917152208821,0.5554855539210708
0.42394239423942404,,0.49654800308130487,0.5553920213677921
0.4242424242424243,,0.4965044054578394,0.5552987341234127
0.4245424542454246,,0.4964609220545914,0.5552056915523329
0.42484248424842486,,0.4964175525764045,0.5551128930205502
0.42514251425142535,,0.49637429672885935,0.5550203378956555
0.4254425442544256,,0.49633115421827106,0.55492802554683
0.4257425742574259,,0.49628812475168826,0.5548359553448401
0.42604260426042617,,0.4962452080368911,0.5547441266620357
0.42634263426342645,,0.4962024037823897,0.5546525388723447
0.4266426642664267,,0.49615971169742246,0.5545611913512705
0.426942694269427,,0.4961171314919543,0.5544700834758881
0.42724272427242727,,0.4960746628766752,0.5543792146248401
0.42754275427542776,,0.49603230556299827,0.5542885841783334
0.42784278427842803,,0.4959900592630586,0.5541981915181353
0.4281428142814283,,0.49594792368971113,0.5541080360275704
0.4284428442844286,,0.49590589855652906,0.5540181170915163
0.42874287428742885,,0.4958639835778024,0.5539284340964002
0.42904290429042913,,0.4958221784685365,0.5538389864301958
0.4293429342934294,,0.49578048294444976,0.553749773482419
0.4296429642964297,,0.4957388967219728,0.5536607946441245
0.42994299429942995,,0.4956974195182461,0.5535720493079025
0.43024302430243044,,0.49565605105111904,0.5534835368678749
0.4305430543054307,,0.49561479103914774,0.5533952567196916
0.430843084308431,,0.4955736392015938,0.5533072082605272
0.43114311431143126,,0.49553259525842236,0.553219390889077
0.43144314431443154,,0.49549165893030084,0.5531318040055544
0.4317431743174318,,0.495450829938597,0.5530444470116861
0.4320432043204321,,0.49541010800537766,0.5529573193107092
0.43234323432343236,,0.4953694928534067,0.5528704203073679
0.43264326432643285,,0.49532898420614385,0.5527837494079094
0.4329432943294331,,0.49528858178774277,0.5526973060200808
0.4332433243324334,,0.49524828532304976,0.5526110895531255
0.4335433543354337,,0.4952080945376018,0.5525250994177796
0.43384338433843395,,0.49516800915762516,0.5524393350262682
0.4341434143414342,,0.495128028910034,0.5523537957923021
0.4344434443444345,,0.4950881535224284,0.5522684811310749
0.43474347434743477,,0.495048382723093,0.5521833904592581
0.43504350435043526,,0.49500871624099524,0.5520985231949992
0.43534353435343554,,0.49496915380578427,0.552013878757917
0.4356435643564358,,0.4949296951477886,0.5519294565690989
0.4359435943594361,,0.49489033999801524,0.5518452560510969
0.43624362436243636,,0.4948510880881477,0.5517612766279247
0.43654365436543663,,0.4948119391505445,0.5516775177250538
0.4368436843684369,,0.4947728929182378,0.5515939787694101
0.4371437143714372,,0.49473394912493146,0.5515106591893708
0.43744374437443745,,0.494695107505,0.5514275584147604
0.43774377437743794,,0.4946563677934866,0.5513446758768483
0.4380438043804382,,0.4946177297261016,0.551262011008344
0.4383438343834385,,0.49457919303922127,0.5511795632433948
0.43864386438643876,,0.4945407574698858,0.5510973320175819
0.43894389438943904,,0.4945024227557982,0.551015316767917
0.4392439243924393,,0.49446418863532243,0.5509335169328394
0.4395439543954396,,0.4944260548474819,0.5508519319522117
0.43984398439843986,,0.4943880211319582,0.5507705612673173
0.44014401440144035,,0.49435008722908924,0.5506894043208566
0.4404440444044406,,0.4943122528798678,0.5506084605569438
0.4407440744074409,,0.4942745178259402,0.5505277294211034
0.4410441044104412,,0.49423688180960446,0.5504472103602669
0.44134413441344145,,0.49419934457380904,0.5503669028227696
0.4416441644164417,,0.49416190586215114,0.5502868062583469
0.441944194419442,,0.4941245654188754,0.5502069201181313
0.44224422442244227,,0.4940873229888719,0.5501272438546493
0.44254425442544276,,0.49405017831767545,0.5500477769218173
0.44284428442844304,,0.4940131311514632,0.5499685187749388
0.4431443144314433,,0.49397618123705384,0.5498894688707014
0.4434443444344436,,0.49393932832190557,0.5498106266671731
0.44374437443744386,,0.4939025721541149,0.5497319916237984
0.44404440444044413,,0.4938659124824152,0.5496535632013965
0.4443444344434444,,0.4938293490561749,0.5495753408621568
0.4446444644464447,,0.49379288162539636,0.5494973240696359
0.44494449444944495,,0.4937565099407139,0.5494195122887546
0.44524452445244544,,0.493720233753393,0.5493419049857948
0.4455445544554457,,0.49368405281532807,0.5492645016283954
0.445844584458446,,0.49364796687904156,0.5491873016855497
0.44614461446144626,,0.49361197569768206,0.5491103046276024
0.44644464446444654,,0.49357607902502304,0.5490335099262456
0.4467446744674468,,0.49354027661546146,0.5489569170545161
0.4470447044704471,,0.49350456822401606,0.5488805254867923
0.44734473447344736,,0.4934689536063259,0.5488043346987904
0.44764476447644785,,0.4934334325186493,0.5487283441675617
0.4479447944794481,,0.4933980047178617,0.5486525533714892
0.4482448244824484,,0.49336266996145495,0.5485769617902846
0.4485448544854487,,0.4933274280075351,0.5485015689049846
0.44884488448844895,,0.4932922786148216,0.5484263741979485
0.4491449144914492,,0.49325722154264545,0.5483513771528541
0.4494449444944495,,0.49322225655094787,0.5482765772546954
0.44974497449744977,,0.49318738340027884,0.5482019739897788
0.45004500450045026,,0.49315260185179566,0.5481275668457204
0.45034503450345054,,0.4931179116672616,0.5480533553114426
0.4506450645064508,,0.4930833126090443,0.5479793388771709
0.4509450945094511,,0.4930488044401144,0.5479055170344309
0.45124512451245136,,0.4930143869240441,0.5478318892760451
0.45154515451545163,,0.4929800598250058,0.5477584550961297
0.4518451845184519,,0.4929458229077706,0.5476852139900921
0.4521452145214522,,0.49291167593770685,0.5476121654546264
0.45244524452445245,,0.4928776186807788,0.5475393089877117
0.45274527452745295,,0.4928436509035452,0.5474666440886087
0.4530453045304532,,0.49280977237315776,0.5473941702578557
0.4533453345334535,,0.49277598285735985,0.5473218869972668
0.45364536453645377,,0.492742282124485,0.5472497938099277
0.45394539453945404,,0.49270866994345563,0.5471778902001934
0.4542454245424543,,0.49267514608378143,0.5471061756736846
0.4545454545454546,,0.49264171031555826,0.5470346497372853
0.45484548454845486,,0.49260836240946626,0.5469633118991389
0.45514551455145535,,0.4925751021367692,0.5468921616686457
0.45544554455445563,,0.4925419292693123,0.5468211985564602
0.4557455745574559,,0.4925088435795213,0.5467504220744867
0.4560456045604562,,0.492475844840401,0.5466798317358778
0.45634563456345645,,0.4924429328255338,0.5466094270550306
0.4566456645664567,,0.49241010730907836,0.5465392075475838
0.456945694569457,,0.49237736806576815,0.5464691727304146
0.45724572457245727,,0.49234471487091014,0.5463993221216361
0.45754575457545776,,0.49231214750038355,0.5463296552405936
0.45784578457845804,,0.49227966573063825,0.5462601716078624
0.4581458145814583,,0.4922472693386934,0.5461908707452442
0.4584458445844586,,0.4922149581021363,0.5461217521757641
0.45874587458745886,,0.49218273179912075,0.5460528154236683
0.45904590459045913,,0.49215059020836605,0.5459840600144206
0.4593459345934594,,0.49211853310915515,0.5459154854746991
0.4596459645964597,,0.4920865602813338,0.5458470913323944
0.45994599459945995,,0.49205467150530874,0.5457788771166052
0.46024602460246045,,0.49202286656204686,0.5457108423576366
0.4605460546054607,,0.49199114523307325,0.5456429865869964
0.460846084608461,,0.4919595073004704,0.5455753093373923
0.46114611461146127,,0.49192795254687643,0.5455078101427294
0.46144614461446154,,0.4918964807554842,0.5454404885381067
0.4617461746174618,,0.49186509171003945,0.5453733440598144
0.4620462046204621,,0.4918337851948399,0.5453063762453314
0.46234623462346236,,0.49180256099473363,0.5452395846333216
0.46264626462646286,,0.491771418895118,0.5451729687636316
0.46294629462946313,,0.4917403586819382,0.545106528177288
0.4632463246324634,,0.4917093801416858,0.5450402624164936
0.4635463546354637,,0.4916784830613976,0.5449741710246255
0.46384638463846395,,0.4916476672286543,0.5449082535462316
0.4641464146414642,,0.4916169324315791,0.5448425095270281
0.4644464446444645,,0.49158627845883657,0.5447769385138962
0.46474647464746477,,0.491555705099631,0.5447115400548802
0.46504650465046526,,0.4915252121437053,0.5446463136991833
0.46534653465346554,,0.49149479938134005,0.5445812589971657
0.4656465646564658,,0.4914644666033514,0.5445163755003419
0.4659465946594661,,0.49143421360109046,0.5444516627613769
0.46624662466246636,,0.4914040401664417,0.5443871203340844
0.46654665466546663,,0.4913739460918216,0.5443227477734234
0.4668466846684669,,0.4913439311701777,0.5442585446354955
0.4671467146714672,,0.4913139951949869,0.5441945104775423
0.46744674467446745,,0.49128413796025444,0.5441306448579424
0.46774677467746795,,0.4912543592605125,0.5440669473362084
0.4680468046804682,,0.4912246588908189,0.544003417472985
0.4683468346834685,,0.49119503664675607,0.5439400548300448
0.46864686468646877,,0.4911654923244293,0.543876858970287
0.46894689468946904,,0.49113602572046594,0.5438138294577335
0.4692469246924693,,0.4911066366320139,0.5437509658575269
0.4695469546954696,,0.49107732485674044,0.5436882677359273
0.46984698469846986,,0.4910480901928308,0.5436257346603094
0.47014701470147036,,0.49101893243898714,0.5435633661991606
0.47044704470447063,,0.490989851394427,0.5435011619220774
0.4707470747074709,,0.4909608468588824,0.5434391213997629
0.4710471047104712,,0.49093191863259833,0.5433772442040243
0.47134713471347145,,0.4909030665163314,0.5433155299077701
0.4716471647164717,,0.49087429031134905,0.543253978085007
0.471947194719472,,0.4908455898194277,0.5431925883108376
0.47224722472247227,,0.4908169648428521,0.5431313601614579
0.47254725472547277,,0.4907884151844136,0.543070293214154
0.47284728472847304,,0.49075994064740913,0.5430093870472998
0.4731473147314733,,0.49073154103564015,0.5429486412403542
0.4734473447344736,,0.49070321615341095,0.5428880553738586
0.47374737473747386,,0.49067496580552783,0.5428276290294338
0.47404740474047413,,0.4906467897972977,0.542767361789778
0.4743474347434744,,0.49061868793452695,0.5427072532386633
0.4746474647464747,,0.4905906600235201,0.5426473029609339
0.47494749474947495,,0.49056270587107853,0.5425875105425026
0.47524752475247545,,0.4905348252844996,0.5425278755703492
0.4755475547554757,,0.4905070180715751,0.5424683976325168
0.475847584758476,,0.4904792840405901,0.5424090763181096
0.47614761476147627,,0.4904516230003219,0.5423499112172907
0.47644764476447654,,0.4904240347600386,0.5422909019212788
0.4767476747674768,,0.4903965191294981,0.5422320480223459
0.4770477047704771,,0.49036907591894674,0.5421733491138148
0.47734773477347736,,0.49034170493911816,0.542114804790056
0.47764776477647786,,0.4903144060012322,0.5420564146464859
0.47794779477947813,,0.4902871789169935,0.5419981782795636
0.4782478247824784,,0.49026002349859066,0.5419400952867884
0.4785478547854787,,0.4902329395586944,0.5418821652666975
0.47884788478847895,,0.4902059269104572,0.541824387818863
0.4791479147914792,,0.49017898536751153,0.5417667625438897
0.4794479447944795,,0.4901521147439688,0.5417092890434123
0.47974797479747977,,0.49012531485441835,0.5416519669200932
0.48004800480048027,,0.490098585513926,0.5415947957776194
0.48034803480348054,,0.49007192653803316,0.5415377752207003
0.4806480648064808,,0.49004533774275555,0.5414809048550654
0.4809480948094811,,0.4900188189445819,0.541424184287461
0.48124812481248136,,0.4899923699604729,0.5413676131256484
0.48154815481548163,,0.4899659906078601,0.5413111909784013
0.4818481848184819,,0.48993968070464466,0.5412549174555027
0.4821482148214822,,0.48991344006919624,0.5411987921677431
0.48244824482448245,,0.4898872685203517,0.5411428147269175
0.48274827482748295,,0.4898611658774142,0.5410869847458233
0.4830483048304832,,0.4898351319601518,0.5410313018382574
0.4833483348334835,,0.48980916658879653,0.540975765619014
0.48364836483648377,,0.48978326958404306,0.5409203757038819
0.48394839483948404,,0.4897574407670477,0.5408651317096422
0.4842484248424843,,0.4897316799594271,0.5408100332540661
0.4845484548454846,,0.48970598698325735,0.5407550799559113
0.48484848484848486,,0.48968036166107254,0.5407002714349214
0.48514851485148536,,0.48965480381586396,0.5406456073118212
0.48544854485448563,,0.4896293132710786,0.5405910872083166
0.4857485748574859,,0.4896038898506184,0.5405367107470902
0.4860486048604862,,0.4895785333788389,0.5404824775517998
0.48634863486348645,,0.4895532436805481,0.5404283872470762
0.4866486648664867,,0.4895280205810054,0.5403744394585198
0.486948694869487,,0.4895028639059206,0.5403206338126992
0.48724872487248727,,0.48947777348145255,0.5402669699371483
0.48754875487548777,,0.4894527491342082,0.5402134474603637
0.48784878487848804,,0.48942779069124154,0.5401600660118029
0.4881488148814883,,0.4894028979800522,0.5401068252218811
0.4884488448844886,,0.48937807082858464,0.5400537247219697
0.48874887488748886,,0.489353309065227,0.5400007641443929
0.48904890489048913,,0.4893286125188099,0.5399479431224263
0.4893489348934894,,0.4893039810186053,0.5398952612902942
0.4896489648964897,,0.48927941439432565,0.5398427182831665
0.4899489948994902,,0.48925491247612257,0.5397903137371575
0.49024902490249045,,0.4892304750945859,0.5397380472893227
0.4905490549054907,,0.48920610208074233,0.539685918577657
0.490849084908491,,0.4891817932660547,0.5396339272410916
0.49114911491149127,,0.48915754848242077,0.5395820729194927
0.49144914491449154,,0.48913336756217196,0.5395303552536581
0.4917491749174918,,0.48910925033807257,0.5394787738853156
0.4920492049204921,,0.48908519664331845,0.5394273284571204
0.49234923492349236,,0.4890612063115361,0.5393760186126527
0.49264926492649286,,0.4890372791767814,0.5393248439964156
0.49294929492949313,,0.4890134150735389,0.5392738042538324
0.4932493249324934,,0.4889896138367203,0.539222899031245
0.4935493549354937,,0.4889658753016637,0.5391721279759107
0.49384938493849395,,0.4889421993041324,0.5391214907360008
0.4941494149414942,,0.48891858568031404,0.5390709869605973
0.4944494449444945,,0.4888950342668192,0.5390206162996916
0.49474947494749477,,0.4888715449006806,0.5389703784041816
0.49504950495049527,,0.48884811741935197,0.5389202729258697
0.49534953495349554,,0.4888247516607071,0.5388702995174603
0.4956495649564958,,0.48880144746303866,0.538820457832558
0.4959495949594961,,0.48877820466505706,0.5387707475256647
0.49624962496249636,,0.4887550231058898,0.5387211682521775
0.49654965496549663,,0.48873190262507993,0.5386717196683871
0.4968496849684969,,0.4887088430625854,0.5386224014314747
0.4971497149714972,,0.48868584425877787,0.5385732131995101
0.4974497449744977,,0.4886629060544416,0.5385241546314496
0.49774977497749795,,0.4886400282907727,0.5384752253871339
0.4980498049804982,,0.48861721080937764,0.5384264251272851
0.4983498349834985,,0.4885944534522727,0.5383777535135053
0.49864986498649877,,0.4885717560618827,0.5383292102082741
0.49894989498949904,,0.4885491184810399,0.5382807948749463
0.4992499249924993,,0.4885265405529832,0.5382325071777498
0.4995499549954996,,0.4885040221213571,0.5381843467817835
0.49984998499849986,,0.48848156303021034,0.5381363133530147
0.5001500150015004,,0.48845916312399545,0.5380884065582775
0.5004500450045006,,0.4884368222475673,0.5380406260652703
0.5007500750075009,,0.48841454024618214,0.5379929715425531
0.5010501050105012,,0.4883923169654969,0.5379454426595467
0.5013501350135015,,0.48837015225156777,0.5378980390865289
0.5016501650165017,,0.4883480459508496,0.5378507604946338
0.501950195019502,,0.48832599791019443,0.5378036065558484
0.5022502250225023,,0.48830400797685114,0.5377565769430114
0.5025502550255028,,0.4882820759984638,0.5377096713298103
0.502850285028503,,0.48826020182307106,0.5376628893907802
0.5031503150315033,,0.488238385299105,0.5376162308013005
0.5034503450345036,,0.48821662627539036,0.5375696952375937
0.5037503750375039,,0.4881949246011432,0.5375232823767225
0.5040504050405041,,0.4881732801259703,0.5374769918965888
0.5043504350435044,,0.48815169269986786,0.5374308234759303
0.5046504650465047,,0.4881301621732207,0.5373847767943191
0.5049504950495052,,0.4881086883968013,0.5373388515321595
0.5052505250525055,,0.48808727122176876,0.5372930473706858
0.5055505550555057,,0.48806591049966774,0.5372473639919606
0.505850585058506,,0.4880446060824277,0.5372018010788717
0.5061506150615063,,0.4880233578223618,0.5371563583151312
0.5064506450645065,,0.4880021655721659,0.5371110353852728
0.5067506750675068,,0.4879810291849177,0.5370658319746495
0.5070507050705071,,0.48795994851407576,0.5370207477694324
0.5073507350735074,,0.48793892341347844,0.5369757824566075
0.5076507650765079,,0.4879179537373431,0.5369309357239744
0.5079507950795081,,0.487897039340265,0.5368862072601444
0.5082508250825084,,0.48787618007721656,0.5368415967545375
0.5085508550855087,,0.48785537580354604,0.5367971038973811
0.508850885088509,,0.487834626374977,0.5367527283797082
0.5091509150915092,,0.48781393164760706,0.5367084698933546
0.5094509450945095,,0.48779329147790723,0.5366643281309572
0.5097509750975098,,0.4877727057227206,0.5366203027859521
0.5100510051005103,,0.4877521742392618,0.5365763935525724
0.5103510351035105,,0.4877316968851158,0.5365326001258462
0.5106510651065108,,0.48771127351823707,0.5364889222015949
0.5109510951095111,,0.48769090399694853,0.5364453594764306
0.5112511251125114,,0.48767058817994097,0.5364019116477545
0.5115511551155116,,0.4876503259262716,0.5363585784137549
0.5118511851185119,,0.4876301170953636,0.5363153594734049
0.5121512151215122,,0.48760996154700487,0.5362722545264609
0.5124512451245127,,0.4875898591413473,0.5362292632734601
0.512751275127513,,0.4875698097389058,0.536186385415719
0.5130513051305132,,0.48754981320055735,0.5361436206553308
0.5133513351335135,,0.4875298693875401,0.5361009686951641
0.5136513651365138,,0.48750997816145253,0.5360584292388606
0.513951395139514,,0.48749013938425234,0.5360160019908329
0.5142514251425143,,0.48747035291825586,0.5359736866562632
0.5145514551455146,,0.48745061862613676,0.5359314829411007
0.5148514851485149,,0.4874309363709255,0.5358893905520599
0.5151515151515154,,0.48741130601600824,0.5358474091966188
0.5154515451545156,,0.487391727425126,0.5358055385830166
0.5157515751575159,,0.48737220046237356,0.5357637784202522
0.5160516051605162,,0.4873527249921991,0.535722128418082
0.5163516351635165,,0.48733330087940263,0.5356805882870178
0.5166516651665167,,0.48731392798913553,0.5356391577383255
0.516951695169517,,0.4872946061868996,0.5355978364840224
0.5172517251725173,,0.48727533533854606,0.5355566242368759
0.5175517551755178,,0.4872561153102748,0.5355155207104012
0.517851785178518,,0.4872369459686333,0.5354745256188598
0.5181518151815183,,0.48721782718051604,0.5354336386772571
0.5184518451845186,,0.4871987588131634,0.5353928596013409
0.5187518751875189,,0.4871797407341607,0.5353521881075992
0.5190519051905191,,0.4871607728114377,0.5353116239132589
0.5193519351935194,,0.4871418549132674,0.535271166736283
0.5196519651965197,,0.48712298690826517,0.5352308162953696
0.5199519951995202,,0.48710416866538814,0.5351905723099495
0.5202520252025205,,0.4870854000539341,0.5351504345001845
0.5205520552055207,,0.48706668094354066,0.5351104025869655
0.520852085208521,,0.48704801120418456,0.5350704762919108
0.5211521152115213,,0.4870293907061805,0.535030655337364
0.5214521452145215,,0.48701081932018064,0.5349909394463924
0.5217521752175218,,0.48699229691717355,0.5349513283427847
0.5220522052205221,,0.48697382336848327,0.5349118217510498
0.5223522352235224,,0.48695539854576864,0.5348724193964146
0.5226522652265229,,0.48693702232102243,0.534833121004822
0.5229522952295231,,0.48691869456657033,0.5347939263029297
0.5232523252325234,,0.4869004151550703,0.5347548350181075
0.5235523552355237,,0.48688218395951166,0.5347158468784362
0.523852385238524,,0.48686400085321413,0.5346769616127054
0.5241524152415242,,0.4868458657098271,0.5346381789504121
0.5244524452445245,,0.48682777840332886,0.5345994986217582
0.5247524752475248,,0.48680973880802564,0.5345609203576493
0.5250525052505253,,0.48679174679855086,0.5345224438896929
0.5253525352535255,,0.4867738022498642,0.5344840689501963
0.5256525652565258,,0.48675590503725097,0.5344457952721647
0.5259525952595261,,0.48673805503632084,0.5344076225893001
0.5262526252625264,,0.4867202521230076,0.5343695506359986
0.5265526552655266,,0.4867024961735681,0.5343315791473493
0.5268526852685269,,0.486684787064581,0.5342937078591324
0.5271527152715272,,0.4866671246729468,0.5342559365078176
0.5274527452745277,,0.48664950887588626,0.5342182648305613
0.527752775277528,,0.4866319395509399,0.5341806925652065
0.5280528052805282,,0.4866144165759673,0.5341432194502798
0.5283528352835285,,0.4865969398291461,0.53410584522499
0.5286528652865288,,0.4865795091889711,0.5340685696292264
0.528952895289529,,0.4865621245342538,0.5340313924035573
0.5292529252925293,,0.4865447857441213,0.5339943132892278
0.5295529552955296,,0.48652749269801554,0.5339573320281581
0.5298529852985299,,0.48651024527569264,0.5339204483629423
0.5301530153015304,,0.48649304335722193,0.5338836620368462
0.5304530453045306,,0.48647588682298526,0.5338469727938058
0.5307530753075309,,0.4864587755536761,0.5338103803784253
0.5310531053105312,,0.4864417094302989,0.5337738845359757
0.5313531353135315,,0.4864246883341682,0.5337374850123929
0.5316531653165317,,0.48640771214690776,0.5337011815542764
0.531953195319532,,0.48639078075044995,0.5336649739088867
0.5322532253225323,,0.4863738940270348,0.5336288618241445
0.5325532553255328,,0.48635705185920947,0.5335928450486289
0.532853285328533,,0.486340254129827,0.5335569233315751
0.5331533153315333,,0.48632350072204605,0.5335210964228734
0.5334533453345336,,0.48630679151932976,0.533485364073067
0.5337533753375339,,0.48629012640544517,0.5334497260333508
0.5340534053405341,,0.48627350526446234,0.5334141820555696
0.5343534353435344,,0.4862569279807535,0.5333787318922157
0.5346534653465347,,0.4862403944389926,0.5333433752964286
0.5349534953495352,,0.48622390452415415,0.5333081120219922
0.5352535253525355,,0.4862074581215127,0.5332729418233337
0.5355535553555357,,0.48619105511664207,0.5332378644555218
0.535853585358536,,0.4861746953954143,0.533202879674265
0.5361536153615363,,0.4861583788439994,0.5331679872359101
0.5364536453645365,,0.486142105348864,0.5331331868974403
0.5367536753675368,,0.48612587479677105,0.533098478416474
0.5370537053705371,,0.4861096870747789,0.5330638615512628
0.5373537353735374,,0.4860935420702406,0.5330293360606899
0.5376537653765379,,0.4860774396708028,0.5329949017042688
0.5379537953795381,,0.4860613797644056,0.5329605582421412
0.5382538253825384,,0.4860453622392814,0.5329263054350757
0.5385538553855387,,0.4860293869839542,0.5328921430444664
0.538853885388539,,0.4860134538872388,0.5328580708323306
0.5391539153915392,,0.48599756283824047,0.5328240885613079
0.5394539453945395,,0.48598171372635346,0.5327901959946583
0.5397539753975398,,0.485965906441261,0.5327563928962605
0.5400540054005403,,0.4859501408729341,0.5327226790306105
0.5403540354035405,,0.4859344169116311,0.5326890541628201
0.5406540654065408,,0.48591873444789657,0.5326555180586149
0.5409540954095411,,0.485903093372561,0.5326220704843331
0.5412541254125414,,0.4858874935767398,0.532588711206924
0.5415541554155416,,0.48587193495183273,0.5325554399939461
0.5418541854185419,,0.48585641738952284,0.5325222566135654
0.5421542154215422,,0.48584094078177625,0.5324891608345548
0.5424542454245427,,0.48582550502084093,0.5324561524262911
0.542754275427543,,0.48581010999924645,0.5324232311587547
0.5430543054305432,,0.4857947556098029,0.5323903968025273
0.5433543354335435,,0.48577944174560017,0.5323576491287909
0.5436543654365438,,0.4857641683000075,0.5323249879093257
0.543954395439544,,0.48574893516667267,0.5322924129165088
0.5442544254425443,,0.48573374223952104,0.5322599239233127
0.5445544554455446,,0.4857185894127551,0.5322275207033039
0.5448544854485449,,0.4857034765808538,0.5321952030306413
0.5451545154515454,,0.4856884036385716,0.5321629706800742
0.5454545454545456,,0.4856733704809379,0.5321308234269415
0.5457545754575459,,0.4856583770032564,0.5320987610471698
0.5460546054605462,,0.4856434231011043,0.532066783317272
0.5463546354635465,,0.4856285086703315,0.5320348900143455
0.5466546654665467,,0.4856136336070603,0.532003080916071
0.546954695469547,,0.48559879780768406,0.5319713558007112
0.5472547254725473,,0.4855840011688671,0.5319397144471087
0.5475547554755478,,0.4855692435875438,0.5319081566346852
0.547854785478548,,0.4855545249609176,0.5318766821434392
0.5481548154815483,,0.48553984518646104,0.5318452907539453
0.5484548454845486,,0.4855252041619142,0.5318139822473521
0.5487548754875489,,0.48551060178528455,0.5317827564053812
0.5490549054905491,,0.48549603795484625,0.5317516130103255
0.5493549354935494,,0.4854815125691393,0.5317205518450476
0.5496549654965497,,0.4854670255269688,0.5316895726929787
0.5499549954995502,,0.4854525767274045,0.5316586753381165
0.5502550255025505,,0.48543816606978,0.5316278595650246
0.5505550555055507,,0.4854237934536921,0.5315971251588304
0.550855085508551,,0.4854094587789999,0.5315664719052239
0.5511551155115513,,0.48539516194582455,0.5315358995904559
0.5514551455145515,,0.4853809028545483,0.5315054080013373
0.5517551755175518,,0.48536668140581374,0.5314749969252366
0.5520552055205521,,0.48535249750052345,0.5314446661500797
0.5523552355235524,,0.485338351039839,0.5314144154643473
0.5526552655265529,,0.48532424192518053,0.5313842446570743
0.5529552955295531,,0.485310170058226,0.531354153517848
0.5532553255325534,,0.4852961353409104,0.5313241418368064
0.5535553555355537,,0.4852821376754253,0.5312942094046376
0.553855385538554,,0.48526817696421803,0.5312643560125774
0.5541554155415542,,0.48525425310999115,0.5312345814524088
0.5544554455445545,,0.4852403660157017,0.5312048855164597
0.5547554755475548,,0.48522651558456054,0.5311752679976026
0.5550555055505553,,0.4852127017200318,0.5311457286892518
0.5553555355535555,,0.48519892432583206,0.5311162673853633
0.5556555655565558,,0.4851851833059299,0.5310868838804326
0.5559555955595561,,0.4851714785645451,0.5310575779694935
0.5562556255625564,,0.48515781000614805,0.5310283494481169
0.5565556555655566,,0.48514417753545896,0.5309991981124093
0.5568556855685569,,0.48513058105744766,0.530970123759011
0.5571557155715572,,0.48511702047733235,0.5309411261850957
0.5574557455745577,,0.48510349570057937,0.5309122051883681
0.557755775577558,,0.4850900066329025,0.5308833605670633
0.5580558055805582,,0.48507655318026227,0.5308545921199446
0.5583558355835585,,0.4850631352488652,0.530825899646303
0.5586558655865588,,0.4850497527451634,0.5307972829459553
0.558955895589559,,0.48503640557585376,0.530768741819243
0.5592559255925593,,0.48502309364787755,0.530740276067031
0.5595559555955596,,0.48500981686841943,0.5307118854907055
0.5598559855985599,,0.48499657514490707,0.5306835698921738
0.5601560156015604,,0.48498336838501055,0.5306553290738621
0.5604560456045606,,0.48497019649664164,0.5306271628387148
0.5607560756075609,,0.4849570593879531,0.5305990709901923
0.5610561056105612,,0.4849439569673383,0.5305710533322705
0.5613561356135615,,0.48493088914343024,0.5305431096694391
0.5616561656165617,,0.48491785582510144,0.5305152398067001
0.561956195619562,,0.48490485692146273,0.5304874435495671
0.5622562256225623,,0.48489189234186314,0.5304597207040632
0.5625562556255628,,0.48487896199588904,0.5304320710767202
0.562856285628563,,0.48486606579336344,0.530404494474577
0.5631563156315633,,0.4848532036443456,0.5303769907051786
0.5634563456345636,,0.4848403754591304,0.5303495595765744
0.5637563756375639,,0.4848275811482474,0.5303222008973172
0.5640564056405641,,0.4848148206224609,0.5302949144764617
0.5643564356435644,,0.48480209379276845,0.5302677001235635
0.5646564656465647,,0.4847894005704011,0.5302405576486774
0.5649564956495652,,0.4847767408668222,0.5302134868623564
0.5652565256525655,,0.48476411459372715,0.5301864875756502
0.5655565556555657,,0.48475152166304253,0.5301595596001041
0.565856585658566,,0.4847389619869258,0.5301327027477577
0.5661566156615663,,0.4847264354777644,0.5301059168311435
0.5664566456645665,,0.48471394204817536,0.5300792016632857
0.5667566756675668,,0.48470148161100474,0.5300525570576987
0.5670567056705671,,0.4846890540793267,0.5300259828283864
0.5673567356735674,,0.4846766593664435,0.5299994787898404
0.5676567656765679,,0.48466429738588424,0.5299730447570389
0.5679567956795681,,0.4846519680514048,0.5299466805454454
0.5682568256825684,,0.484639671276987,0.5299203859710074
0.5685568556855687,,0.484627406976838,0.5298941608501556
0.568856885688569,,0.4846151750653899,0.529868004999802
0.5691569156915692,,0.48460297545729897,0.529841918237339
0.5694569456945695,,0.4845908080674452,0.5298159003806379
0.5697569756975698,,0.48457867281093164,0.529789951248048
0.5700570057005703,,0.4845665696030838,0.5297640706583954
0.5703570357035705,,0.4845544983594492,0.5297382584309813
0.5706570657065708,,0.4845424589957967,0.5297125143855811
0.5709570957095711,,0.4845304514281159,0.5296868383424431
0.5712571257125714,,0.48451847557261674,0.5296612301222874
0.5715571557155716,,0.48450653134572863,0.5296356895463042
0.5718571857185719,,0.4844946186641002,0.5296102164361535
0.5721572157215722,,0.4844827374445985,0.5295848106139628
0.5724572457245727,,0.4844708876043087,0.5295594719023267
0.572757275727573,,0.48445906906053304,0.5295342001243052
0.5730573057305732,,0.4844472817307908,0.529508995103423
0.5733573357335735,,0.4844355255328176,0.5294838566636674
0.5736573657365738,,0.4844238003845645,0.5294587846294884
0.573957395739574,,0.4844121062041979,0.5294337788257961
0.5742574257425743,,0.48440044291009865,0.5294088390779607
0.5745574557455746,,0.48438881042086174,0.5293839652118105
0.5748574857485749,,0.4843772086552956,0.529359157053631
0.5751575157515754,,0.4843656375324215,0.5293344144301639
0.5754575457545756,,0.4843540969714732,0.5293097371686056
0.5757575757575759,,0.4843425868918962,0.5292851250966061
0.5760576057605762,,0.4843311072133472,0.5292605780422679
0.5763576357635765,,0.48431965785569386,0.5292360958341449
0.5766576657665767,,0.48430823873901374,0.5292116783012408
0.576957695769577,,0.4842968497835942,0.5291873252730087
0.5772577257725773,,0.4842854909099316,0.5291630365793493
0.5775577557755778,,0.4842741620387309,0.5291388120506096
0.577857785778578,,0.48426286309090516,0.5291146515175826
0.5781578157815783,,0.4842515939875746,0.5290905548115052
0.5784578457845786,,0.4842403546500667,0.5290665217640577
0.5787578757875789,,0.48422914499991515,0.5290425522073621
0.5790579057905791,,0.48421796495885955,0.5290186459739816
0.5793579357935794,,0.4842068144488448,0.5289948028969189
0.5796579657965797,,0.48419569339202057,0.5289710228096153
0.5799579957995802,,0.4841846017107409,0.5289473055459494
0.5802580258025805,,0.4841735393275634,0.5289236509402362
0.5805580558055807,,0.48416250616524903,0.528900058827226
0.580858085808581,,0.48415150214676134,0.5288765290421028
0.5811581158115813,,0.484140527195266,0.5288530614204837
0.5814581458145816,,0.4841295812341304,0.5288296557984175
0.5817581758175818,,0.48411866418692295,0.5288063120123836
0.5820582058205821,,0.4841077759774126,0.528783029899291
0.5823582358235824,,0.4840969165295686,0.528759809296477
0.5826582658265829,,0.4840860857675594,0.5287366500417064
0.5829582958295831,,0.4840752836157527,0.52871355197317
0.5832583258325834,,0.4840645099987146,0.5286905149294836
0.5835583558355837,,0.48405376484120927,0.528667538749687
0.583858385838584,,0.4840430480681983,0.528644623273243
0.5841584158415842,,0.4840323596048403,0.5286217683400362
0.5844584458445845,,0.4840216993764902,0.5285989737903716
0.5847584758475848,,0.48401106730869903,0.5285762394649738
0.5850585058505853,,0.48400046332721314,0.5285535652049862
0.5853585358535855,,0.4839898873579738,0.5285309508519693
0.5856585658565858,,0.4839793393271169,0.5285083962478999
0.5859585958595861,,0.48396881916097195,0.5284859012351701
0.5862586258625864,,0.48395832678606204,0.5284634656565862
0.5865586558655866,,0.48394786212910323,0.5284410893553674
0.5868586858685869,,0.48393742511700377,0.528418772175145
0.5871587158715872,,0.48392701567686397,0.5283965139599611
0.5874587458745877,,0.48391663373597554,0.5283743145542679
0.587758775877588,,0.4839062792218211,0.5283521738029259
0.5880588058805882,,0.48389595206207364,0.5283300915512038
0.5883588358835885,,0.4838856521845961,0.5283080676447767
0.5886588658865888,,0.4838753795174409,0.5282861019297254
0.588958895889589,,0.4838651339888493,0.5282641942525349
0.5892589258925893,,0.48385491552725096,0.5282423444600942
0.5895589558955896,,0.48384472406126366,0.5282205523996945
0.5898589858985901,,0.48383455951969256,0.528198817919028
0.5901590159015904,,0.4838244218315298,0.5281771408661879
0.5904590459045906,,0.483814310925954,0.5281555210896663
0.5907590759075909,,0.48380422673232976,0.5281339584383538
0.5910591059105912,,0.4837941691802073,0.5281124527615376
0.5913591359135915,,0.48378413819932176,0.5280910039089018
0.5916591659165917,,0.483774133719593,0.5280696117305255
0.591959195919592,,0.48376415567112474,0.5280482760768814
0.5922592259225923,,0.4837542039842045,0.5280269967988359
0.5925592559255928,,0.4837442785893028,0.5280057737476472
0.592859285928593,,0.48373437941707287,0.5279846067749647
0.5931593159315933,,0.4837245063983501,0.5279634957328275
0.5934593459345936,,0.4837146594641516,0.527942440473664
0.5937593759375939,,0.4837048385456756,0.5279214408502905
0.5940594059405941,,0.4836950435743012,0.5279004967159102
0.5943594359435944,,0.4836852744815878,0.5278796079241126
0.5946594659465947,,0.4836755311992745,0.5278587743288716
0.5949594959495952,,0.4836658136592798,0.5278379957845456
0.5952595259525955,,0.4836561217937011,0.5278172721458756
0.5955595559555957,,0.4836464555348142,0.5277966032679849
0.595859585958596,,0.4836368148150729,0.5277759890063775
0.5961596159615963,,0.48362719956710837,0.5277554292169374
0.5964596459645966,,0.4836176097237289,0.5277349237559277
0.5967596759675968,,0.4836080452179193,0.5277144724799895
0.5970597059705971,,0.4835985059828405,0.5276940752461406
0.5973597359735976,,0.4835889919518291,0.5276737319117754
0.5976597659765979,,0.4835795030583968,0.5276534423346627
0.5979597959795981,,0.4835700392362302,0.5276332063729459
0.5982598259825984,,0.48356060041919,0.5276130238851411
0.5985598559855987,,0.48355118654131085,0.5275928947301369
0.598859885988599,,0.48354179753680065,0.5275728187671926
0.5991599159915992,,0.48353243334004037,0.5275527958559382
0.5994599459945995,,0.48352309388558334,0.5275328258563724
0.5997599759975998,,0.48351377910815485,0.5275129086288625
0.6000600060006003,,0.48350448894265197,0.5274930440341428
0.6003600360036006,,0.48349522332414274,0.5274732319333142
0.6006600660066008,,0.48348598218786587,0.5274534721878429
0.6009600960096011,,0.4834767654692304,0.5274337646595594
0.6012601260126014,,0.48346757310381505,0.5274141092106578
0.6015601560156016,,0.48345840502736803,0.5273945057036946
0.6018601860186019,,0.48344926117580633,0.5273749540015882
0.6021602160216022,,0.4834401414852154,0.5273554539676171
0.6024602460246027,,0.4834310458918488,0.5273360054654198
0.602760276027603,,0.48342197433212775,0.5273166083589937
0.6030603060306032,,0.48341292674264036,0.5272972625126937
0.6033603360336035,,0.4834039030601417,0.5272779677912317
0.6036603660366038,,0.4833949032215531,0.5272587240596756
0.603960396039604,,0.48338592716396156,0.5272395311834481
0.6042604260426043,,0.48337697482461967,0.5272203890283265
0.6045604560456046,,0.483368046140945,0.5272012974604405
0.6048604860486051,,0.4833591410505195,0.5271822563462729
0.6051605160516054,,0.48335025949108956,0.5271632655526571
0.6054605460546056,,0.483341401400565,0.5271443249467773
0.6057605760576059,,0.4833325667170189,0.5271254343961671
0.6060606060606062,,0.48332375537868744,0.5271065937687087
0.6063606360636065,,0.483314967323969,0.5270878029326318
0.6066606660666067,,0.48330620249142403,0.5270690617565131
0.606960696069607,,0.48329746081977454,0.527050370109275
0.6072607260726073,,0.4832887422479037,0.5270317278601849
0.6075607560756078,,0.4832800467148554,0.5270131348788543
0.607860786078608,,0.48327137415983396,0.5269945910352376
0.6081608160816083,,0.48326272452220337,0.5269760961996319
0.6084608460846086,,0.48325409774148725,0.5269576502426753
0.6087608760876089,,0.4832454937573683,0.5269392530353464
0.6090609060906091,,0.4832369125096878,0.5269209044489636
0.6093609360936094,,0.4832283539384453,0.5269026043551835
0.6096609660966097,,0.4832198179837982,0.5268843526260013
0.6099609960996102,,0.48321130458606115,0.5268661491337483
0.6102610261026105,,0.48320281368570606,0.5268479937510923
0.6105610561056107,,0.48319434522336124,0.5268298863510362
0.610861086108611,,0.48318589913981114,0.5268118268069172
0.6111611161116113,,0.4831774753759962,0.5267938149924056
0.6114611461146116,,0.483169073873012,0.5267758507815049
0.6117611761176118,,0.4831606945721092,0.5267579340485495
0.6120612061206121,,0.48315233741469304,0.5267400646682051
0.6123612361236126,,0.4831440023423228,0.5267222425154673
0.6126612661266129,,0.4831356892967116,0.5267044674656606
0.6129612961296131,,0.4831273982197259,0.5266867393944378
0.6132613261326134,,0.483119129053385,0.526669058177779
0.6135613561356137,,0.48311088173986094,0.526651423691991
0.613861386138614,,0.4831026562214778,0.526633835813706
0.6141614161416142,,0.48309445244071136,0.5266162944198812
0.6144614461446145,,0.4830862703401888,0.5265987993877975
0.6147614761476148,,0.4830781098626884,0.5265813505950592
0.6150615061506153,,0.4830699709511388,0.5265639479195927
0.6153615361536156,,0.48306185354861886,0.5265465912396456
0.6156615661566158,,0.48305375759835734,0.5265292804337866
0.6159615961596161,,0.4830456830437323,0.5265120153809036
0.6162616261626164,,0.48303762982827075,0.5264947959602037
0.6165616561656166,,0.4830295978956485,0.5264776220512118
0.6168616861686169,,0.4830215871896893,0.5264604935337706
0.6171617161716172,,0.48301359765436497,0.5264434102880383
0.6174617461746177,,0.4830056292337947,0.5264263721944896
0.617761776177618,,0.4829976818722447,0.5264093791339133
0.6180618061806182,,0.482989755514128,0.5263924309874123
0.6183618361836185,,0.4829818501040037,0.5263755276364027
0.6186618661866188,,0.482973965586577,0.526358668962613
0.618961896189619,,0.48296610190669864,0.5263418548480827
0.6192619261926193,,0.4829582590093644,0.5263250851751623
0.6195619561956196,,0.48295043683971484,0.5263083598265123
0.6198619861986201,,0.48294263534303494,0.5262916786851016
0.6201620162016204,,0.48293485446475387,0.526275041634208
0.6204620462046206,,0.4829270941504441,0.5262584485574164
0.6207620762076209,,0.4829193543458216,0.5262418993386183
0.6210621062106212,,0.4829116349967453,0.526225393862011
0.6213621362136215,,0.4829039360492164,0.5262089320120967
0.6216621662166217,,0.48289625744937836,0.526192513673682
0.621962196219622,,0.4828885991435165,0.5261761387318771
0.6222622262226223,,0.4828809610780574,0.5261598070720942
0.6225622562256228,,0.4828733431995688,0.5261435185800478
0.622862286228623,,0.482865745454759,0.5261272731417533
0.6231623162316233,,0.48285816779047674,0.5261110706435264
0.6234623462346236,,0.48285061015371045,0.526094910971982
0.6237623762376239,,0.4828430724915883,0.526078794014034
0.6240624062406241,,0.4828355547513776,0.5260627196568941
0.6243624362436244,,0.48282805688048464,0.5260466877880711
0.6246624662466247,,0.48282057882645396,0.5260306982953699
0.6249624962496252,,0.4828131205369683,0.5260147510668912
0.6252625262526255,,0.48280568195984813,0.5259988459910305
0.6255625562556257,,0.4827982630430514,0.5259829829564773
0.625862586258626,,0.48279086373467295,0.525967161852214
0.6261626162616263,,0.4827834839829444,0.5259513825675161
0.6264626462646266,,0.4827761237362337,0.5259356449919502
0.6267626762676268,,0.48276878294304454,0.5259199490153742
0.6270627062706271,,0.48276146155201644,0.525904294527936
0.6273627362736276,,0.48275415951192413,0.525888681420073
0.6276627662766279,,0.4827468767716771,0.5258731095825112
0.6279627962796281,,0.48273961328031956,0.5258575789062647
0.6282628262826284,,0.48273236898702976,0.5258420892826344
0.6285628562856287,,0.48272514384111986,0.5258266406032079
0.628862886288629,,0.4827179377920354,0.5258112327598584
0.6291629162916292,,0.48271075078935527,0.5257958656447439
0.6294629462946295,,0.48270358278279096,0.5257805391503064
0.6297629762976298,,0.4826964337221864,0.5257652531692717
0.6300630063006303,,0.4826893035575177,0.525750007594648
0.6303630363036306,,0.48268219223889275,0.5257348023197255
0.6306630663066308,,0.4826750997165507,0.5257196372380755
0.6309630963096311,,0.48266802594086183,0.5257045122435497
0.6312631263126314,,0.4826609708623272,0.5256894272302799
0.6315631563156316,,0.48265393443157806,0.5256743820926764
0.6318631863186319,,0.48264691659937586,0.5256593767254281
0.6321632163216322,,0.48263991731661177,0.525644411023501
0.6324632463246327,,0.48263293653430617,0.5256294848821383
0.632763276327633,,0.48262597420360853,0.5256145981968593
0.6330633063306332,,0.482619030275797,0.5255997508634582
0.6333633363336335,,0.482612104702278,0.5255849427780043
0.6336633663366338,,0.482605197434586,0.5255701738368403
0.633963396339634,,0.4825983084243832,0.5255554439365827
0.6342634263426343,,0.482591437623459,0.5255407529741198
0.6345634563456346,,0.4825845849837299,0.5255261008466122
0.6348634863486351,,0.4825777504572391,0.5255114874514913
0.6351635163516354,,0.4825709339961559,0.5254969126864588
0.6354635463546356,,0.48256413555277594,0.525482376449486
0.6357635763576359,,0.4825573550795203,0.5254678786388133
0.6360636063606362,,0.48255059252893545,0.525453419152949
0.6363636363636365,,0.4825438478536929,0.5254389978906693
0.6366636663666367,,0.4825371210065889,0.5254246147510169
0.636963696369637,,0.48253041194054397,0.5254102696333006
0.6372637263726373,,0.4825237206086027,0.5253959624370947
0.6375637563756378,,0.4825170469639334,0.5253816930622385
0.637863786378638,,0.48251039095982773,0.5253674614088346
0.6381638163816383,,0.48250375254970046,0.5253532673772496
0.6384638463846386,,0.48249713168708913,0.5253391108681125
0.6387638763876389,,0.48249052832565364,0.525324991782314
0.6390639063906391,,0.48248394241917597,0.5253109100210063
0.6393639363936394,,0.4824773739215599,0.5252968654856022
0.6396639663966397,,0.48247082278683073,0.5252828580777743
0.6399639963996402,,0.48246428896913485,0.5252688876994545
0.6402640264026405,,0.48245777242273946,0.5252549542528331
0.6405640564056407,,0.48245127310203234,0.5252410576403581
0.640864086408641,,0.4824447909615213,0.5252271977647351
0.6411641164116413,,0.48243832595583425,0.525213374528926
0.6414641464146416,,0.48243187803971843,0.5251995878361483
0.6417641764176418,,0.4824254471680406,0.5251858375898748
0.6420642064206421,,0.48241903329578617,0.5251721236938329
0.6423642364236426,,0.4824126363780593,0.5251584460520038
0.6426642664266429,,0.48240625637008255,0.5251448045686216
0.6429642964296431,,0.4823998932271964,0.525131199148173
0.6432643264326434,,0.48239354690485897,0.5251176296953968
0.6435643564356437,,0.48238721735864587,0.5251040961152825
0.643864386438644,,0.48238090454424976,0.5250905983130705
0.6441644164416442,,0.4823746084174799,0.5250771361942508
0.6444644464446445,,0.4823683289342624,0.5250637096645625
0.6447644764476448,,0.48236206605063914,0.5250503186299936
0.6450645064506453,,0.48235581972276803,0.5250369629967798
0.6453645364536456,,0.48234958990692256,0.5250236426714038
0.6456645664566458,,0.4823433765594914,0.5250103575605952
0.6459645964596461,,0.48233717963697814,0.5249971075713293
0.6462646264626464,,0.48233099909600113,0.5249838926108269
0.6465646564656466,,0.4823248348932929,0.5249707125865534
0.6468646864686469,,0.48231868698570024,0.5249575674062179
0.6471647164716472,,0.48231255533018347,0.5249444569777734
0.6474647464746477,,0.4823064398838165,0.5249313812094151
0.647764776477648,,0.4823003406037863,0.5249183400095806
0.6480648064806482,,0.4822942574473927,0.5249053332869488
0.6483648364836485,,0.4822881903720482,0.5248923609504396
0.6486648664866488,,0.4822821393352774,0.5248794229092127
0.6489648964896491,,0.48227610429471696,0.524866519072668
0.6492649264926493,,0.4822700852081152,0.5248536493504437
0.6495649564956496,,0.4822640820333319,0.5248408136524164
0.6498649864986501,,0.48225809472833764,0.5248280118887007
0.6501650165016504,,0.48225212325121414,0.524815243969648
0.6504650465046506,,0.4822461675601535,0.5248025098058461
0.6507650765076509,,0.4822402276134579,0.5247898093081188
0.6510651065106512,,0.4822343033695397,0.5247771423875248
0.6513651365136515,,0.4822283947869207,0.5247645089553576
0.6516651665166517,,0.48222250182423204,0.5247519089231446
0.651965196519652,,0.4822166244402141,0.5247393422026465
0.6522652265226523,,0.48221076259371587,0.5247268087058566
0.6525652565256528,,0.48220491624369494,0.5247143083450005
0.652865286528653,,0.482199085349217,0.5247018410325354
0.6531653165316533,,0.48219326986945577,0.5246894066811489
0.6534653465346536,,0.4821874697636925,0.5246770052037596
0.6537653765376539,,0.4821816849913159,0.5246646365135151
0.6540654065406541,,0.48217591551182176,0.5246523005237925
0.6543654365436544,,0.4821701612848125,0.5246399971481972
0.6546654665466547,,0.4821644222699973,0.5246277263005626
0.6549654965496552,,0.48215869842719133,0.5246154878949494
0.6552655265526555,,0.4821529897163159,0.5246032818456446
0.6555655565556557,,0.4821472960973979,0.5245911080671618
0.655865586558656,,0.4821416175305697,0.5245789664742398
0.6561656165616563,,0.4821359539760687,0.5245668569818424
0.6564656465646566,,0.4821303053942372,0.5245547795051576
0.6567656765676568,,0.482124671745522,0.5245427339595973
0.6570657065706571,,0.4821190529904743,0.5245307202607963
0.6573657365736576,,0.4821134490897493,0.5245187383246122
0.6576657665766579,,0.48210786000410594,0.5245067880671241
0.6579657965796581,,0.4821022856944066,0.5244948694046333
0.6582658265826584,,0.48209672612161697,0.5244829822536611
0.6585658565856587,,0.4820911812468055,0.5244711265309492
0.658865886588659,,0.4820856510311434,0.5244593021534593
0.6591659165916592,,0.4820801354359044,0.5244475090383718
0.6594659465946595,,0.4820746344224642,0.5244357471030856
0.6597659765976598,,0.48206914795230027,0.5244240162652177
0.6600660066006603,,0.482063675986992,0.5244123164426023
0.6603660366036606,,0.4820582184882198,0.5244006475532905
0.6606660666066608,,0.4820527754177652,0.5243890095155492
0.6609660966096611,,0.48204734673751065,0.5243774022478616
0.6612661266126614,,0.482041932409439,0.5243658256689252
0.6615661566156616,,0.48203653239563343,0.5243542796976527
0.6618661866186619,,0.48203114665827707,0.5243427642531701
0.6621662166216622,,0.48202577515965284,0.5243312792548173
0.6624662466246627,,0.4820204178621431,0.5243198246221465
0.662766276627663,,0.48201507472822946,0.5243084002749228
0.6630663066306632,,0.48200974572049243,0.5242970061331224
0.6633663366336635,,0.48200443080161126,0.5242856421169327
0.6636663666366638,,0.4819991299343636,0.5242743081467521
0.6639663966396641,,0.48199384308162535,0.5242630041431887
0.6642664266426643,,0.48198857020637026,0.5242517300270599
0.6645664566456646,,0.4819833112716697,0.5242404857193925
0.6648664866486651,,0.48197806624069256,0.5242292711414214
0.6651665166516654,,0.48197283507670485,0.5242180862145891
0.6654665466546656,,0.48196761774306934,0.5242069308605458
0.6657665766576659,,0.48196241420324565,0.5241958050011483
0.6660666066606662,,0.4819572244207896,0.5241847085584594
0.6663666366636665,,0.4819520483593533,0.5241736414547478
0.6666666666666667,,0.48194688598268454,0.5241626036124871
0.666966696669667,,0.48194173725462697,0.5241515949543557
0.6672667266726673,,0.4819366021391195,0.5241406154032358
0.6675667566756678,,0.4819314806001961,0.5241296648822131
0.6678667866786681,,0.4819263726019857,0.5241187433145765
0.6681668166816683,,0.4819212781087119,0.5241078506238172
0.6684668466846686,,0.4819161970846925,0.5240969867336279
0.6687668766876689,,0.4819111294943397,0.5240861515679035
0.6690669066906691,,0.48190607530215934,0.5240753450507389
0.6693669366936694,,0.481901034472751,0.5240645671064299
0.6696669666966697,,0.4818960069708076,0.5240538176594717
0.6699669966996702,,0.4818909927611153,0.5240430966345588
0.6702670267026705,,0.48188599180855307,0.5240324039565847
0.6705670567056707,,0.48188100407809253,0.5240217395506408
0.670867086708671,,0.4818760295347978,0.5240111033420162
0.6711671167116713,,0.4818710681438251,0.5240004952561974
0.6714671467146716,,0.48186611987042255,0.5239899152188674
0.6717671767176718,,0.48186118467993005,0.5239793631559052
0.6720672067206721,,0.4818562625377788,0.5239688389933856
0.6723672367236726,,0.48185135340949137,0.5239583426575786
0.6726672667266729,,0.4818464572606812,0.5239478740749484
0.6729672967296731,,0.4818415740570524,0.5239374331721535
0.6732673267326734,,0.48183670376439974,0.523927019876046
0.6735673567356737,,0.48183184634860804,0.523916634113671
0.673867386738674,,0.4818270017756523,0.523906275812266
0.6741674167416742,,0.4818221700115971,0.523895944899261
0.6744674467446745,,0.4818173510225968,0.5238856413022769
0.6747674767476748,,0.4818125447748949,0.5238753649491261
0.6750675067506753,,0.4818077512348239,0.5238651157678113
0.6753675367536756,,0.48180297036880537,0.5238548936865253
0.6756675667566758,,0.4817982021433493,0.5238446986336504
0.6759675967596761,,0.481793446525054,0.5238345305377579
0.6762676267626764,,0.4817887034806062,0.5238243893276077
0.6765676567656767,,0.4817839729767802,0.5238142749321477
0.6768676867686769,,0.48177925498043817,0.5238041872805133
0.6771677167716772,,0.4817745494585296,0.523794126302027
0.6774677467746777,,0.48176985637809133,0.5237840919261978
0.677767776777678,,0.4817651757062471,0.5237740840827209
0.6780678067806782,,0.4817605074102073,0.5237641027014767
0.6783678367836785,,0.4817558514572691,0.5237541477125311
0.6786678667866788,,0.4817512078148158,0.5237442190461346
0.6789678967896791,,0.4817465764503167,0.5237343166327212
0.6792679267926793,,0.48174195733132713,0.5237244404029093
0.6795679567956796,,0.4817373504254879,0.5237145902875001
0.6798679867986801,,0.4817327557005252,0.5237047662174773
0.6801680168016804,,0.4817281731242506,0.5236949681240071
0.6804680468046806,,0.4817236026645603,0.5236851959384371
0.6807680768076809,,0.4817190442894355,0.5236754495922964
0.6810681068106812,,0.48171449796694177,0.5236657290172946
0.6813681368136815,,0.4817099636652289,0.5236560341453217
0.6816681668166817,,0.4817054413525308,0.5236463649084475
0.681968196819682,,0.4817009309971653,0.5236367212389211
0.6822682268226823,,0.4816964325675337,0.5236271030691704
0.6825682568256828,,0.48169194603212073,0.5236175103318017
0.6828682868286831,,0.48168747135949436,0.5236079429595992
0.6831683168316833,,0.4816830085183054,0.5235984008855248
0.6834683468346836,,0.48167855747728755,0.5235888840427168
0.6837683768376839,,0.48167411820525685,0.5235793923644905
0.6840684068406842,,0.48166969067111187,0.5235699257843371
0.6843684368436844,,0.481665274843833,0.5235604842359234
0.6846684668466847,,0.4816608706924826,0.5235510676530911
0.6849684968496852,,0.48165647818620483,0.5235416759698569
0.6852685268526855,,0.4816520972942251,0.5235323091204115
0.6855685568556857,,0.48164772798585015,0.5235229670391194
0.685868586858686,,0.48164337023046766,0.5235136496605182
0.6861686168616863,,0.48163902399754616,0.5235043569193185
0.6864686468646866,,0.4816346892566347,0.5234950887504034
0.6867686768676868,,0.48163036597736286,0.5234858450888277
0.6870687068706871,,0.48162605412944015,0.5234766258698176
0.6873687368736876,,0.4816217536826562,0.5234674310287704
0.6876687668766879,,0.4816174646068804,0.5234582605012541
0.6879687968796881,,0.48161318687206145,0.5234491142230068
0.6882688268826884,,0.4816089204482276,0.5234399921299359
0.6885688568856887,,0.48160466530548623,0.5234308941581184
0.688868886888689,,0.48160042141402337,0.5234218202437999
0.6891689168916892,,0.481596188744104,0.5234127703233945
0.6894689468946895,,0.48159196726607145,0.5234037443334839
0.6897689768976898,,0.4815877569503474,0.5233947422108174
0.6900690069006903,,0.4815835577674316,0.5233857638923114
0.6903690369036906,,0.4815793696879016,0.5233768093150487
0.6906690669066908,,0.4815751926824127,0.5233678784162783
0.6909690969096911,,0.48157102672169766,0.5233589711334148
0.6912691269126914,,0.48156687177656643,0.5233500874040381
0.6915691569156917,,0.4815627278179061,0.5233412271658929
0.6918691869186919,,0.48155859481668045,0.5233323903568884
0.6921692169216922,,0.48155447274393015,0.5233235769150976
0.6924692469246927,,0.48155036157077213,0.523314786778757
0.692769276927693,,0.48154626126839967,0.5233060198862662
0.6930693069306932,,0.48154217180808206,0.5232972761761876
0.6933693369336935,,0.48153809316116436,0.5232885555872457
0.6936693669366938,,0.48153402529906736,0.5232798580583268
0.6939693969396941,,0.48152996819328736,0.5232711835284786
0.6942694269426943,,0.4815259218153957,0.5232625319369096
0.6945694569456946,,0.48152188613703906,0.5232539032229891
0.6948694869486951,,0.48151786112993866,0.5232452973262464
0.6951695169516954,,0.48151384676589065,0.5232367141863702
0.6954695469546956,,0.4815098430167654,0.5232281537432089
0.6957695769576959,,0.4815058498545078,0.5232196159367692
0.6960696069606962,,0.48150186725113653,0.5232111007072171
0.6963696369636965,,0.4814978951787443,0.5232026079948755
0.6966696669666967,,0.48149393360949755,0.5231941377402258
0.696969696969697,,0.4814899825156361,0.523185689883906
0.6972697269726975,,0.481486041869473,0.5231772643667111
0.6975697569756978,,0.48148211164339466,0.5231688611295924
0.6978697869786981,,0.48147819180986,0.5231604801136571
0.6981698169816983,,0.4814742823414011,0.5231521212601682
0.6984698469846986,,0.4814703832106222,0.5231437845105431
0.6987698769876989,,0.48146649439019995,0.5231354698063548
0.6990699069906992,,0.48146261585288336,0.5231271770893299
0.6993699369936994,,0.4814587475714931,0.5231189063013493
0.6996699669966997,,0.48145488951892174,0.5231106573844471
0.6999699969997002,,0.48145104166813346,0.5231024302808107
0.7002700270027005,,0.48144720399216373,0.52309422493278
0.7005700570057007,,0.4814433764641193,0.5230860412828474
0.700870087008701,,0.4814395590571777,0.5230778792736569
0.7011701170117013,,0.48143575174458775,0.5230697388480041
0.7014701470147016,,0.48143195449966836,0.5230616199488357
0.7017701770177018,,0.4814281672958093,0.5230535225192492
0.7020702070207021,,0.48142439010647037,0.523045446502492
0.7023702370237026,,0.48142062290518156,0.5230373918419616
0.7026702670267029,,0.48141686566554265,0.5230293584812051
0.7029702970297032,,0.48141311836122325,0.5230213463639186
0.7032703270327034,,0.4814093809659625,0.5230133554339469
0.7035703570357037,,0.4814056534535686,0.5230053856352829
0.703870387038704,,0.4814019357979194,0.5229974369120678
0.7041704170417042,,0.4813982279729613,0.52298950920859
0.7044704470447045,,0.48139452995270965,0.5229816024692853
0.704770477047705,,0.4813908417112484,0.522973716638736
0.7050705070507053,,0.48138716322273006,0.522965851661671
0.7053705370537056,,0.4813834944613752,0.522958007482965
0.7056705670567058,,0.48137983540147256,0.5229501840476383
0.7059705970597061,,0.48137618601737875,0.5229423813008565
0.7062706270627064,,0.4813725462835181,0.52293459918793
0.7065706570657067,,0.4813689161743825,0.5229268376543136
0.7068706870687069,,0.4813652956645311,0.5229190966456062
0.7071707170717072,,0.4813616847285905,0.5229113761075506
0.7074707470747077,,0.4813580833412539,0.5229036759860323
0.707770777077708,,0.48135449147728165,0.5228959962270804
0.7080708070807082,,0.48135090911150064,0.5228883367768662
0.7083708370837085,,0.4813473362188042,0.5228806975817033
0.7086708670867088,,0.4813437727741521,0.5228730785880469
0.7089708970897091,,0.48134021875256994,0.5228654797424939
0.7092709270927093,,0.4813366741291497,0.522857900991782
0.7095709570957096,,0.48133313887904877,0.5228503422827897
0.7098709870987101,,0.4813296129774903,0.522842803562536
0.7101710171017104,,0.48132609639976287,0.5228352847781795
0.7104710471047107,,0.4813225891212203,0.5228277858770187
0.7107710771077109,,0.4813190911172815,0.522820306806491
0.7110711071107112,,0.48131560236343035,0.5228128475141728
0.7113711371137115,,0.48131212283521535,0.522805407947779
0.7116711671167117,,0.4813086525082496,0.5227979880551624
0.711971197119712,,0.4813051913582108,0.5227905877843139
0.7122712271227125,,0.4813017393608407,0.5227832070833613
0.7125712571257128,,0.48129829649194505,0.5227758459005701
0.7128712871287131,,0.4812948627273937,0.5227685041843417
0.7131713171317133,,0.4812914380431201,0.5227611818832143
0.7134713471347136,,0.48128802241512125,0.5227538789458619
0.7137713771377139,,0.48128461581945764,0.522746595321094
0.7140714071407142,,0.4812812182322529,0.5227393309578554
0.7143714371437144,,0.48127782962969373,0.5227320858052258
0.7146714671467147,,0.4812744499880297,0.5227248598124192
0.7149714971497152,,0.48127107928357327,0.5227176529287841
0.7152715271527155,,0.48126771749269925,0.5227104651038025
0.7155715571557157,,0.48126436459184496,0.5227032962870899
0.715871587158716,,0.4812610205575099,0.5226961464283951
0.7161716171617163,,0.4812576853662557,0.5226890154775995
0.7164716471647166,,0.4812543589947058,0.5226819033847168
0.7167716771677168,,0.48125104141954556,0.5226748100998927
0.7170717071707171,,0.48124773261752163,0.5226677355734051
0.7173717371737176,,0.4812444325654424,0.5226606797556625
0.7176717671767179,,0.4812411412401773,0.522653642597205
0.7179717971797182,,0.481237858618657,0.5226466240487032
0.7182718271827184,,0.48123458467787283,0.5226396240609579
0.7185718571857187,,0.48123131939487723,0.5226326425848999
0.718871887188719,,0.48122806274678304,0.5226256795715897
0.7191719171917192,,0.48122481471076367,0.5226187349722169
0.7194719471947195,,0.48122157526405274,0.5226118087381004
0.71977197719772,,0.481218344383944,0.5226049008206873
0.7200720072007203,,0.48121512204779127,0.5225980111715534
0.7203720372037206,,0.481211908233008,0.522591139742402
0.7206720672067208,,0.4812087029170676,0.5225842864850642
0.7209720972097211,,0.4812055060775026,0.5225774513514984
0.7212721272127214,,0.48120231769190525,0.5225706342937898
0.7215721572157217,,0.4811991377379267,0.5225638352641502
0.7218721872187219,,0.48119596619327737,0.5225570542149177
0.7221722172217222,,0.4811928030357263,0.5225502910985564
0.7224722472247227,,0.48118964824310145,0.5225435458676558
0.722772277227723,,0.4811865017932893,0.5225368184749307
0.7230723072307232,,0.4811833636642347,0.5225301088732209
0.7233723372337235,,0.4811802338339408,0.5225234170154909
0.7236723672367238,,0.4811771122804689,0.5225167428548291
0.7239723972397241,,0.481173998981938,0.522510086344448
0.7242724272427243,,0.48117089391652534,0.522503447437684
0.7245724572457246,,0.4811677970624654,0.5224968260879964
0.7248724872487251,,0.4811647083980503,0.5224902222489676
0.7251725172517254,,0.48116162790162964,0.5224836358743027
0.7254725472547257,,0.48115855555160997,0.522477066917829
0.7257725772577259,,0.4811554913264551,0.522470515333496
0.7260726072607262,,0.4811524352046855,0.5224639810753745
0.7263726372637265,,0.4811493871648786,0.5224574640976569
0.7266726672667267,,0.4811463471856683,0.5224509643546568
0.726972697269727,,0.481143315245745,0.5224444818008079
0.7272727272727275,,0.4811402913238554,0.5224380163906649
0.7275727572757278,,0.4811372753988022,0.5224315680789025
0.7278727872787281,,0.48113426744944426,0.5224251368203146
0.7281728172817283,,0.48113126745469625,0.5224187225698153
0.7284728472847286,,0.48112827539352854,0.5224123252824372
0.7287728772877289,,0.481125291244967,0.522405944913332
0.7290729072907292,,0.48112231498809294,0.5223995814177702
0.7293729372937294,,0.48111934660204303,0.5223932347511397
0.7296729672967297,,0.48111638606600887,0.522386904868947
0.7299729972997302,,0.4811134333592372,0.5223805917268157
0.7302730273027305,,0.48111048846102944,0.522374295280487
0.7305730573057307,,0.4811075513507418,0.5223680154858187
0.730873087308731,,0.48110462200778503,0.5223617522987855
0.7311731173117313,,0.4811017004116242,0.5223555056754783
0.7314731473147316,,0.4810987865417787,0.522349275572104
0.7317731773177318,,0.4810958803778219,0.5223430619449854
0.7320732073207321,,0.4810929818993813,0.5223368647505603
0.7323732373237326,,0.4810900910861382,0.5223306839453821
0.7326732673267329,,0.48108720791782744,0.5223245194861186
0.7329732973297332,,0.4810843323742376,0.5223183713295523
0.7332733273327334,,0.4810814644352104,0.52231223943258
0.7335733573357337,,0.481078604080641,0.522306123752212
0.733873387338734,,0.4810757512904777,0.5223000242455724
0.7341734173417342,,0.4810729060447217,0.5222939408698989
0.7344734473447345,,0.481070068323427,0.5222878735825418
0.734773477347735,,0.4810672381067004,0.5222818223409641
0.7350735073507353,,0.4810644153747012,0.5222757871027414
0.7353735373537356,,0.48106160010764104,0.5222697678255611
0.7356735673567358,,0.481058792285784,0.522263764467223
0.7359735973597361,,0.4810559918894462,0.5222577769856377
0.7362736273627364,,0.48105319889899584,0.5222518053388275
0.7365736573657367,,0.4810504132948529,0.5222458494849254
0.7368736873687369,,0.4810476350574891,0.522239909382175
0.7371737173717372,,0.4810448641674278,0.5222339849889305
0.7374737473747377,,0.4810421006052439,0.5222280762636557
0.737773777377738,,0.48103934435156337,0.5222221831649249
0.7380738073807382,,0.48103659538706367,0.5222163056514209
0.7383738373837385,,0.4810338536924731,0.5222104436819364
0.7386738673867388,,0.4810311192485709,0.5222045972153727
0.7389738973897391,,0.4810283920361872,0.5221987662107398
0.7392739273927393,,0.4810256720362027,0.522192950627156
0.7395739573957396,,0.4810229592295487,0.5221871504238476
0.7398739873987401,,0.48102025359720674,0.5221813655601486
0.7401740174017404,,0.4810175551202087,0.5221755959955006
0.7404740474047407,,0.4810148637796366,0.5221698416894522
0.7407740774077409,,0.48101217955662234,0.522164102601659
0.7410741074107412,,0.48100950243234786,0.5221583786918832
0.7413741374137415,,0.4810068323880446,0.5221526699199934
0.7416741674167417,,0.4810041694049937,0.5221469762459641
0.741974197419742,,0.48100151346452585,0.5221412976298757
0.7422742274227425,,0.4809988645480209,0.522135634031914
0.7425742574257428,,0.48099622263690794,0.52212998541237
0.7428742874287431,,0.48099358771266526,0.5221243517316397
0.7431743174317433,,0.48099095975682,0.5221187329502238
0.7434743474347436,,0.480988338750948,0.5221131290287274
0.7437743774377439,,0.4809857246766739,0.5221075399278595
0.7440744074407442,,0.48098311751567097,0.522101965608433
0.7443744374437444,,0.48098051724966073,0.5220964060313646
0.7446744674467447,,0.48097792386041316,0.5220908611576741
0.7449744974497452,,0.4809753373297463,0.5220853309484842
0.7452745274527455,,0.48097275763952624,0.5220798153650203
0.7455745574557457,,0.480970184771667,0.5220743143686108
0.745874587458746,,0.48096761870813043,0.5220688279206858
0.7461746174617463,,0.48096505943092605,0.5220633559827773
0.7464746474647466,,0.48096250692211084,0.5220578985165192
0.7467746774677468,,0.48095996116378925,0.5220524554836468
0.7470747074707471,,0.48095742213811304,0.5220470268459961
0.7473747374737476,,0.480954889827281,0.5220416125655047
0.7476747674767479,,0.4809523642135392,0.5220362126042102
0.7479747974797482,,0.4809498452791804,0.5220308269242505
0.7482748274827484,,0.48094733300654413,0.522025455487864
0.7485748574857487,,0.48094482737801686,0.5220200982573887
0.748874887488749,,0.48094232837603135,0.5220147551952619
0.7491749174917492,,0.4809398359830669,0.5220094262640204
0.7494749474947495,,0.48093735018164896,0.5220041114263
0.74977497749775,,0.4809348709543494,0.5219988106448352
0.7500750075007503,,0.480932398283786,0.521993523882459
0.7503750375037506,,0.48092993215262236,0.5219882511021026
0.7506750675067508,,0.48092747254356816,0.5219829922667951
0.7509750975097511,,0.48092501943937854,0.5219777473396636
0.7512751275127514,,0.48092257282285433,0.5219725162839324
0.7515751575157517,,0.48092013267684175,0.5219672990629228
0.7518751875187519,,0.4809176989842324,0.5219620956400536
0.7521752175217522,,0.4809152717279631,0.5219569059788398
0.7524752475247527,,0.4809128508910157,0.5219517300428929
0.752775277527753,,0.480910436456417,0.5219465677959207
0.7530753075307532,,0.4809080284072388,0.5219414192017271
0.7533753375337535,,0.4809056267265975,0.521936284224211
0.7536753675367538,,0.48090323139765406,0.5219311628273675
0.7539753975397541,,0.4809008424036142,0.5219260549752864
0.7542754275427543,,0.4808984597277277,0.5219209606321524
0.7545754575457546,,0.4808960833532889,0.5219158797622452
0.7548754875487551,,0.48089371326363606,0.5219108123299383
0.7551755175517554,,0.4808913494421516,0.5219057582997001
0.7554755475547557,,0.4808889918722618,0.5219007176360924
0.7557755775577559,,0.4808866405374368,0.5218956903037707
0.7560756075607562,,0.48088429542119027,0.5218906762674842
0.7563756375637565,,0.48088195650707966,0.521885675492075
0.7566756675667567,,0.48087962377870574,0.5218806879424782
0.756975697569757,,0.4808772972197126,0.5218757135837215
0.7572757275727575,,0.4808749768137877,0.5218707523809254
0.7575757575757578,,0.4808726625446615,0.521865804299302
0.7578757875787581,,0.48087035439610737,0.5218608693041558
0.7581758175817583,,0.48086805235194174,0.5218559473608828
0.7584758475847586,,0.48086575639602375,0.5218510384349705
0.7587758775877589,,0.4808634665122551,0.5218461424919977
0.7590759075907592,,0.48086118268458017,0.521841259497634
0.7593759375937594,,0.4808589048969857,0.52183638941764
0.7596759675967597,,0.4808566331335008,0.5218315322178665
0.7599759975997602,,0.4808543673781967,0.5218266878642547
0.7602760276027605,,0.4808521076151868,0.5218218563228358
0.7605760576057607,,0.4808498538286265,0.5218170375597311
0.760876087608761,,0.480847606002713,0.5218122315411508
0.7611761176117613,,0.4808453641216853,0.5218074382333948
0.7614761476147616,,0.4808431281698241,0.5218026576028522
0.7617761776177618,,0.48084089813145153,0.5217978896160006
0.7620762076207621,,0.48083867399093133,0.5217931342394064
0.7623762376237626,,0.48083645573266837,0.5217883914397244
0.7626762676267629,,0.4808342433411089,0.5217836611836977
0.7629762976297632,,0.48083203680074016,0.5217789434381566
0.7632763276327634,,0.4808298360960905,0.5217742381700199
0.7635763576357637,,0.48082764121172894,0.5217695453462934
0.763876387638764,,0.4808254521322656,0.5217648649340701
0.7641764176417642,,0.48082326884235105,0.5217601969005303
0.7644764476447645,,0.4808210913266765,0.5217555412129408
0.764776477647765,,0.4808189195699736,0.5217508978386547
0.7650765076507653,,0.4808167535570143,0.5217462667451119
0.7653765376537656,,0.480814593272611,0.521741647899838
0.7656765676567658,,0.48081243870161605,0.5217370412704446
0.7659765976597661,,0.4808102898289218,0.5217324468246288
0.7662766276627664,,0.4808081466394607,0.5217278645301732
0.7665766576657667,,0.4808060091182049,0.5217232943549454
0.7668766876687669,,0.4808038772501664,0.5217187362668981
0.7671767176717672,,0.4808017510203966,0.5217141902340686
0.7674767476747677,,0.48079963041398655,0.5217096562245789
0.767776777677768,,0.48079751541606675,0.5217051342066348
0.7680768076807682,,0.4807954060118069,0.5217006241485266
0.7683768376837685,,0.4807933021864159,0.5216961260186282
0.7686768676867688,,0.48079120392514185,0.5216916397853972
0.7689768976897691,,0.4807891112132717,0.5216871654173746
0.7692769276927693,,0.4807870240361314,0.5216827028831842
0.7695769576957696,,0.48078494237908564,0.5216782521515332
0.7698769876987701,,0.48078286622753774,0.5216738131912113
0.7701770177017704,,0.48078079556692965,0.5216693859710908
0.7704770477047707,,0.4807787303827419,0.521664970460126
0.7707770777077709,,0.4807766706604932,0.5216605666273537
0.7710771077107712,,0.4807746163857406,0.5216561744418922
0.7713771377137715,,0.4807725675440795,0.5216517938729416
0.7716771677167718,,0.4807705241211431,0.5216474248897832
0.771977197719772,,0.48076848610260275,0.52164306746178
0.7722772277227725,,0.48076645347416763,0.5216387215583753
0.7725772577257728,,0.4807644262215847,0.5216343871490938
0.7728772877287731,,0.48076240433063855,0.5216300642035403
0.7731773177317733,,0.48076038778715136,0.5216257526914002
0.7734773477347736,,0.4807583765769829,0.521621452582439
0.7737773777377739,,0.48075637068603005,0.5216171638465019
0.7740774077407742,,0.4807543701002273,0.5216128864535142
0.7743774377437744,,0.48075237480554606,0.5216086203734804
0.7746774677467747,,0.48075038478799487,0.5216043655764844
0.7749774977497752,,0.4807484000336194,0.5216001220326891
0.7752775277527755,,0.480746420528502,0.5215958897123365
0.7755775577557757,,0.48074444625876195,0.521591668585747
0.775877587758776,,0.4807424772105552,0.5215874586233196
0.7761776177617763,,0.48074051337007423,0.5215832597955314
0.7764776477647766,,0.48073855472354804,0.5215790720729377
0.7767776777677768,,0.48073660125724205,0.5215748954261717
0.7770777077707771,,0.480734652957458,0.521570729825944
0.7773777377737776,,0.4807327098105338,0.5215665752430427
0.7776777677767779,,0.4807307718028435,0.5215624316483333
0.7779777977797782,,0.4807288389207971,0.521558299012758
0.7782778277827784,,0.4807269111508407,0.5215541773073361
0.7785778577857787,,0.480724988479456,0.5215500665031634
0.778877887788779,,0.4807230708931605,0.5215459665714122
0.7791779177917793,,0.4807211583785075,0.5215418774833307
0.7794779477947795,,0.4807192509220857,0.5215377992102436
0.77977797779778,,0.4807173485105191,0.5215337317235508
0.7800780078007803,,0.4807154511304675,0.5215296749947285
0.7803780378037806,,0.4807135587686254,0.5215256289953276
0.7806780678067808,,0.480711671411723,0.5215215936969747
0.7809780978097811,,0.4807097890465252,0.5215175690713713
0.7812781278127814,,0.48070791165983207,0.5215135550902935
0.7815781578157817,,0.48070603923847854,0.5215095517255923
0.7818781878187819,,0.4807041717693343,0.521505558949193
0.7821782178217822,,0.48070230923930374,0.521501576733095
0.7824782478247827,,0.48070045163532593,0.5214976050493719
0.782778277827783,,0.4806985989443744,0.521493643870171
0.7830783078307832,,0.4806967511534572,0.5214896931677134
0.7833783378337835,,0.4806949082496167,0.5214857529142933
0.7836783678367838,,0.4806930702199294,0.5214818230822785
0.7839783978397841,,0.48069123705150607,0.5214779036441097
0.7842784278427843,,0.4806894087314916,0.5214739945723004
0.7845784578457846,,0.48068758524706473,0.5214700958394368
0.7848784878487851,,0.4806857665854382,0.5214662074181778
0.7851785178517854,,0.4806839527338585,0.5214623292812541
0.7854785478547857,,0.4806821436796059,0.521458461401469
0.7857785778577859,,0.4806803394099941,0.5214546037516974
0.7860786078607862,,0.4806785399123706,0.5214507563048859
0.7863786378637865,,0.4806767451741162,0.5214469190340527
0.7866786678667868,,0.480674955182645,0.5214430919122874
0.786978697869787,,0.48067316992540454,0.5214392749127507
0.7872787278727875,,0.4806713893898754,0.5214354680086741
0.7875787578757878,,0.4806696135635714,0.5214316711733601
0.7878787878787881,,0.48066784243403915,0.5214278843801815
0.7881788178817883,,0.48066607598885835,0.5214241076025818
0.7884788478847886,,0.4806643142156415,0.5214203408140746
0.7887788778877889,,0.48066255710203376,0.5214165839882434
0.7890789078907892,,0.48066080463571315,0.5214128370987416
0.7893789378937894,,0.4806590568043901,0.5214091001192925
0.7896789678967897,,0.4806573135958075,0.5214053730236884
0.7899789978997902,,0.48065557499774075,0.5214016557857912
0.7902790279027905,,0.4806538409979975,0.5213979483795318
0.7905790579057907,,0.48065211158441773,0.5213942507789102
0.790879087908791,,0.4806503867448734,0.5213905629579949
0.7911791179117913,,0.48064866646726867,0.521386884890923
0.7914791479147916,,0.48064695073953956,0.5213832165519001
0.7917791779177918,,0.48064523954965416,0.5213795579151999
0.7920792079207921,,0.4806435328856122,0.5213759089551641
0.7923792379237926,,0.48064183073544514,0.5213722696462023
0.7926792679267929,,0.4806401330872162,0.5213686399627917
0.7929792979297932,,0.48063843992902,0.5213650198794769
0.7932793279327934,,0.48063675124898286,0.5213614093708702
0.7935793579357937,,0.4806350670352622,0.5213578084116504
0.793879387938794,,0.480633387276047,0.5213542169765636
0.7941794179417943,,0.4806317119595573,0.5213506350404227
0.7944794479447945,,0.4806300410740444,0.521347062578107
0.794779477947795,,0.48062837460779045,0.5213434995645626
0.7950795079507953,,0.48062671254910894,0.5213399459748013
0.7953795379537956,,0.4806250548863439,0.5213364017839013
0.7956795679567958,,0.4806234016078703,0.5213328669670066
0.7959795979597961,,0.48062175270209395,0.5213293414993271
0.7962796279627964,,0.48062010815745115,0.5213258253561378
0.7965796579657967,,0.4806184679624089,0.5213223185127794
0.7968796879687969,,0.4806168321054646,0.5213188209446579
0.7971797179717974,,0.48061520057514606,0.521315332627244
0.7974797479747977,,0.4806135733600114,0.5213118535360736
0.797779777977798,,0.48061195044864924,0.5213083836467468
0.7980798079807983,,0.48061033182967794,0.5213049229349287
0.7983798379837985,,0.4806087174917463,0.5213014713763484
0.7986798679867988,,0.4806071074235329,0.5212980289467994
0.7989798979897991,,0.48060550161374643,0.5212945956221392
0.7992799279927993,,0.48060390005112535,0.5212911713782888
0.7995799579957996,,0.4806023027244379,0.5212877561912332
0.7998799879988001,,0.4806007096224819,0.5212843500370209
0.8001800180018004,,0.48059912073408506,0.5212809528917633
0.8004800480048007,,0.4805975360481044,0.5212775647316357
0.8007800780078009,,0.4805959555534264,0.5212741855328756
0.8010801080108012,,0.48059437923896703,0.5212708152717839
0.8013801380138015,,0.48059280709367147,0.5212674539247238
0.8016801680168018,,0.48059123910651425,0.5212641014681212
0.801980198019802,,0.48058967526649893,0.5212607578784643
0.8022802280228025,,0.4805881155626581,0.5212574231323033
0.8025802580258028,,0.4805865599840536,0.5212540972062506
0.8028802880288031,,0.4805850085197758,0.5212507800769804
0.8031803180318033,,0.48058346115894435,0.5212474717212285
0.8034803480348036,,0.48058191789070726,0.5212441721157923
0.8037803780378039,,0.48058037870424153,0.5212408812375304
0.8040804080408042,,0.4805788435887526,0.5212375990633628
0.8043804380438044,,0.48057731253347447,0.52123432557027
0.8046804680468049,,0.48057578552766966,0.5212310607352943
0.8049804980498052,,0.48057426256062913,0.5212278045355379
0.8052805280528055,,0.480572743621672,0.5212245569481637
0.8055805580558058,,0.4805712287001457,0.5212213179503953
0.805880588058806,,0.4805697177854259,0.521218087519516
0.8061806180618063,,0.4805682108669162,0.5212148656328698
0.8064806480648066,,0.4805667079340483,0.52121165226786
0.8067806780678068,,0.48056520897628197,0.5212084474019502
0.8070807080708071,,0.4805637139831046,0.5212052510126628
0.8073807380738076,,0.4805622229440315,0.5212020630775805
0.8076807680768079,,0.48056073584860576,0.521198883574345
0.8079807980798082,,0.480559252686398,0.5211957124806565
0.8082808280828084,,0.48055777344700645,0.5211925497742752
0.8085808580858087,,0.4805562981200569,0.5211893954330193
0.808880888088809,,0.4805548266952025,0.521186249434766
0.8091809180918093,,0.48055335916212377,0.5211831117574508
0.8094809480948095,,0.4805518955105285,0.5211799823790678
0.80978097809781,,0.48055043573015177,0.5211768612776692
0.8100810081008103,,0.4805489798107557,0.5211737484313648
0.8103810381038106,,0.4805475277421296,0.521170643818323
0.8106810681068108,,0.48054607951408956,0.5211675474167694
0.8109810981098111,,0.4805446351164788,0.5211644592049874
0.8112811281128114,,0.48054319453916733,0.5211613791613178
0.8115811581158117,,0.48054175777205194,0.5211583072641586
0.8118811881188119,,0.4805403248050561,0.5211552434919647
0.8121812181218124,,0.48053889562812996,0.5211521878232487
0.8124812481248127,,0.48053747023125026,0.5211491402365791
0.812781278127813,,0.4805360486044202,0.5211461007105817
0.8130813081308133,,0.4805346307376694,0.5211430692239384
0.8133813381338135,,0.48053321662105386,0.521140045755388
0.8136813681368138,,0.4805318062446559,0.5211370302837248
0.8139813981398141,,0.480530399598584,0.5211340227878
0.8142814281428143,,0.4805289966729729,0.5211310232465198
0.8145814581458146,,0.4805275974579833,0.521128031638847
0.8148814881488151,,0.48052620194380197,0.5211250479437997
0.8151815181518154,,0.48052481012064163,0.521122072140451
0.8154815481548157,,0.4805234219787408,0.5211191042079303
0.8157815781578159,,0.48052203750836403,0.5211161441254214
0.8160816081608162,,0.4805206566998014,0.5211131918721635
0.8163816381638165,,0.4805192795433686,0.5211102474274506
0.8166816681668168,,0.4805179060294072,0.5211073107706313
0.816981698169817,,0.48051653614828405,0.5211043818811092
0.8172817281728175,,0.48051516989039167,0.5211014607383418
0.8175817581758178,,0.48051380724614784,0.5210985473218417
0.8178817881788181,,0.4805124482059957,0.5210956416111747
0.8181818181818183,,0.48051109276040366,0.5210927435859615
0.8184818481848186,,0.4805097408998654,0.521089853225876
0.8187818781878189,,0.4805083926148997,0.5210869705106465
0.8190819081908192,,0.48050704789605037,0.5210840954200543
0.8193819381938194,,0.4805057067338862,0.5210812279339345
0.8196819681968199,,0.4805043691190011,0.5210783680321756
0.8199819981998202,,0.48050303504201347,0.5210755156947189
0.8202820282028205,,0.480501704493567,0.5210726709015591
0.8205820582058208,,0.4805003774643297,0.5210698336327436
0.820882088208821,,0.4804990539449946,0.5210670038683727
0.8211821182118213,,0.48049773392627904,0.521064181588599
0.8214821482148216,,0.48049641739892507,0.5210613667736281
0.8217821782178218,,0.4804951043536992,0.5210585594037175
0.8220822082208221,,0.48049379478139226,0.521055759459177
0.8223822382238226,,0.4804924886728196,0.5210529669203687
0.8226822682268229,,0.4804911860188207,0.5210501817677063
0.8229822982298232,,0.48048988681025934,0.5210474039816556
0.8232823282328234,,0.4804885910380234,0.5210446335427337
0.8235823582358237,,0.4804872986930249,0.5210418704315094
0.823882388238824,,0.4804860097662,0.5210391146286031
0.8241824182418243,,0.4804847242485085,0.5210363661146861
0.8244824482448245,,0.48048344213093447,0.5210336248704808
0.824782478247825,,0.4804821634044856,0.5210308908767609
0.8250825082508253,,0.4804808880601933,0.5210281641143506
0.8253825382538256,,0.480479616089113,0.5210254445641251
0.8256825682568258,,0.4804783474823235,0.5210227322070101
0.8259825982598261,,0.4804770822309272,0.5210200270239814
0.8262826282628264,,0.48047582032605024,0.5210173289960656
0.8265826582658267,,0.480474561758842,0.5210146381043389
0.8268826882688269,,0.4804733065204754,0.5210119543299283
0.8271827182718274,,0.48047205460214654,0.5210092776540101
0.8274827482748277,,0.48047080599507497,0.5210066080578104
0.827782778277828,,0.48046956069050345,0.5210039455226052
0.8280828082808283,,0.48046831867969775,0.5210012900297201
0.8283828382838285,,0.4804670799539469,0.5209986415605296
0.8286828682868288,,0.48046584450456276,0.5209960000964579
0.8289828982898291,,0.4804646123228804,0.520993365618978
0.8292829282928293,,0.4804633834002577,0.5209907381096123
0.8295829582958296,,0.48046215772807527,0.5209881175499316
0.8298829882988301,,0.4804609352977367,0.5209855039215556
0.8301830183018304,,0.4804597161006682,0.5209828972061529
0.8304830483048307,,0.4804585001283187,0.52098029738544
0.8307830783078309,,0.4804572873721597,0.5209777044411823
0.8310831083108312,,0.48045607782368527,0.5209751183551931
0.8313831383138315,,0.480454871474412,0.5209725391093337
0.8316831683168318,,0.48045366831587893,0.5209699666855138
0.831983198319832,,0.48045246833964733,0.5209674010656905
0.8322832283228325,,0.4804512715373009,0.5209648422318688
0.8325832583258328,,0.4804500779004456,0.5209622901661013
0.8328832883288331,,0.4804488874207095,0.5209597448504879
0.8331833183318333,,0.480447700089743,0.5209572062671762
0.8334833483348336,,0.48044651589921833,0.5209546743983605
0.8337833783378339,,0.4804453348408299,0.5209521492262826
0.8340834083408342,,0.480444156906294,0.520949630733231
0.8343834383438344,,0.4804429820873489,0.5209471189015412
0.8346834683468349,,0.4804418103757547,0.5209446137135954
0.8349834983498352,,0.48044064176329315,0.5209421151518221
0.8352835283528355,,0.4804394762417679,0.5209396231986968
0.8355835583558358,,0.48043831380300434,0.5209371378367408
0.835883588358836,,0.48043715443884916,0.520934659048522
0.8361836183618363,,0.48043599814117094,0.5209321868166541
0.8364836483648366,,0.48043484490185956,0.5209297211237971
0.8367836783678368,,0.48043369471282643,0.5209272619526567
0.8370837083708371,,0.4804325475660043,0.5209248092859841
0.8373837383738376,,0.4804314034533473,0.5209223631065765
0.8376837683768379,,0.48043026236683084,0.5209199233972763
0.8379837983798382,,0.4804291242984514,0.5209174901409714
0.8382838283828384,,0.48042798924022695,0.5209150633205951
0.8385838583858387,,0.4804268571841962,0.5209126429191255
0.838883888388839,,0.4804257281224191,0.5209102289195859
0.8391839183918393,,0.4804246020469767,0.5209078213050445
0.8394839483948395,,0.4804234789499707,0.5209054200586143
0.83978397839784,,0.48042235882352385,0.5209030251634528
0.8400840084008403,,0.4804212416597798,0.5209006366027621
0.8403840384038406,,0.48042012745090285,0.5208982543597889
0.8406840684068408,,0.4804190161890781,0.5208958784178239
0.8409840984098411,,0.4804179078665113,0.5208935087602022
0.8412841284128414,,0.48041680247542873,0.520891145370303
0.8415841584158417,,0.4804157000080773,0.5208887882315493
0.8418841884188419,,0.4804146004567245,0.5208864373274079
0.8421842184218424,,0.48041350381365805,0.5208840926413897
0.8424842484248427,,0.4804124100711863,0.5208817541570486
0.842784278427843,,0.4804113192216377,0.5208794218579824
0.8430843084308433,,0.4804102312573612,0.5208770957278324
0.8433843384338435,,0.48040914617072594,0.5208747757502826
0.8436843684368438,,0.4804080639541211,0.5208724619090608
0.8439843984398441,,0.4804069845999561,0.5208701541879374
0.8442844284428443,,0.48040590810066053,0.5208678525707258
0.8445844584458446,,0.4804048344486837,0.5208655570412821
0.8448844884488451,,0.4804037636364952,0.5208632675835057
0.8451845184518454,,0.48040269565658433,0.5208609841813376
0.8454845484548457,,0.48040163050146034,0.520858706818762
0.8457845784578459,,0.4804005681636523,0.5208564354798053
0.8460846084608462,,0.4803995086357089,0.520854170148536
0.8463846384638465,,0.48039845191019875,0.5208519108090648
0.8466846684668468,,0.48039739797971,0.5208496574455443
0.846984698469847,,0.48039634683685034,0.5208474100421693
0.8472847284728475,,0.48039529847424706,0.5208451685831762
0.8475847584758478,,0.48039425288454696,0.520842933052843
0.8478847884788481,,0.48039321006041635,0.5208407034354894
0.8481848184818483,,0.48039216999454076,0.5208384797154767
0.8484848484848486,,0.48039113267962524,0.5208362618772072
0.8487848784878489,,0.480390098108394,0.5208340499051247
0.8490849084908492,,0.4803890662735905,0.5208318437837143
0.8493849384938494,,0.48038803716797757,0.5208296434975016
0.8496849684968499,,0.4803870107843369,0.5208274490310536
0.8499849984998502,,0.4803859871154695,0.5208252603689779
0.8502850285028505,,0.48038496615419524,0.5208230774959229
0.8505850585058508,,0.4803839478933531,0.5208209003965776
0.850885088508851,,0.480382932325801,0.5208187290556713
0.8511851185118513,,0.48038191944441555,0.5208165634579739
0.8514851485148516,,0.48038090924209254,0.5208144035882956
0.8517851785178518,,0.48037990171174627,0.5208122494314864
0.8520852085208521,,0.48037889684630986,0.5208101009724369
0.8523852385238526,,0.4803778946387351,0.5208079581960772
0.8526852685268529,,0.4803768950819925,0.5208058210873775
0.8529852985298532,,0.480375898169071,0.5208036896313477
0.8532853285328534,,0.48037490389297827,0.5208015638130373
0.8535853585358537,,0.48037391224674036,0.5207994436175355
0.853885388538854,,0.4803729232234017,0.5207973290299706
0.8541854185418543,,0.4803719368160253,0.5207952200355104
0.8544854485448545,,0.48037095301769234,0.5207931166193621
0.854785478547855,,0.48036997182150243,0.5207910187667718
0.8550855085508553,,0.48036899322057325,0.5207889264630248
0.8553855385538556,,0.4803680172080409,0.5207868396934449
0.8556855685568558,,0.4803670437770594,0.5207847584433952
0.8559855985598561,,0.48036607292080113,0.5207826826982773
0.8562856285628564,,0.4803651046324563,0.5207806124435315
0.8565856585658567,,0.4803641389052333,0.5207785476646364
0.8568856885688569,,0.48036317573235826,0.520776488347109
0.8571857185718574,,0.4803622151070755,0.520774434476505
0.8574857485748577,,0.480361257022647,0.5207723860384178
0.857785778577858,,0.4803603014723526,0.5207703430184792
0.8580858085808583,,0.48035934844949,0.5207683054023591
0.8583858385838585,,0.4803583979473745,0.5207662731757647
0.8586858685868588,,0.48035744995933916,0.5207642463244417
0.8589858985898591,,0.4803565044787347,0.5207622248341732
0.8592859285928593,,0.4803555614989292,0.5207602086907799
0.8595859585958596,,0.48035462101330867,0.5207581978801199
0.8598859885988601,,0.48035368301527626,0.5207561923880888
0.8601860186018604,,0.4803527474982527,0.5207541922006196
0.8604860486048607,,0.4803518144556761,0.5207521973036823
0.8607860786078609,,0.480350883881002,0.5207502076832842
0.8610861086108612,,0.4803499557677031,0.5207482233254693
0.8613861386138615,,0.48034903010926955,0.520746244216319
0.8616861686168618,,0.4803481068992085,0.5207442703419509
0.861986198619862,,0.4803471861310444,0.52074230168852
0.8622862286228625,,0.4803462677983188,0.5207403382422173
0.8625862586258628,,0.4803453518945904,0.5207383799892706
0.8628862886288631,,0.4803444384134347,0.5207364269159441
0.8631863186318633,,0.4803435273484446,0.5207344790085384
0.8634863486348636,,0.4803426186932295,0.5207325362533901
0.8637863786378639,,0.48034171244141594,0.5207305986368721
0.8640864086408642,,0.48034080858664735,0.5207286661453934
0.8643864386438644,,0.4803399071225838,0.5207267387653988
0.8646864686468649,,0.48033900804290225,0.520724816483369
0.8649864986498652,,0.48033811134129634,0.5207228992858204
0.8652865286528655,,0.4803372170114764,0.5207209871593051
0.8655865586558658,,0.4803363250471694,0.520719080090411
0.865886588658866,,0.4803354354421189,0.5207171780657611
0.8661866186618663,,0.4803345481900849,0.5207152810720138
0.8664866486648666,,0.48033366328484417,0.5207133890958631
0.8667866786678669,,0.4803327807201896,0.5207115021240378
0.8670867086708671,,0.4803319004899307,0.5207096201433021
0.8673867386738676,,0.48033102258789334,0.5207077431404552
0.8676867686768679,,0.4803301470079197,0.5207058711023309
0.8679867986798682,,0.4803292737438682,0.5207040040157982
0.8682868286828684,,0.4803284027896135,0.5207021418677605
0.8685868586858687,,0.4803275341390465,0.520700284645156
0.868886888688869,,0.48032666778607425,0.5206984323349576
0.8691869186918693,,0.48032580372461997,0.5206965849241724
0.8694869486948695,,0.4803249419486228,0.5206947423998417
0.86978697869787,,0.48032408245203806,0.5206929047490416
0.8700870087008703,,0.48032322522883697,0.520691071958882
0.8703870387038706,,0.48032237027300667,0.520689244016507
0.8706870687068708,,0.48032151757855035,0.5206874209090945
0.8709870987098711,,0.48032066713948685,0.5206856026238568
0.8712871287128714,,0.480319818949851,0.5206837891480394
0.8715871587158717,,0.48031897300369325,0.520681980468922
0.8718871887188719,,0.48031812929508,0.5206801765738177
0.8721872187218724,,0.48031728781809313,0.5206783774500734
0.8724872487248727,,0.48031644856683026,0.520676583085069
0.872787278727873,,0.48031561153540464,0.5206747934662184
0.8730873087308733,,0.48031477671794504,0.5206730085809681
0.8733873387338735,,0.48031394410859574,0.5206712284167984
0.8736873687368738,,0.48031311370151664,0.5206694529612224
0.8739873987398741,,0.4803122854908829,0.5206676822017862
0.8742874287428744,,0.48031145947088516,0.520665916126069
0.8745874587458746,,0.48031063563572957,0.5206641547216827
0.8748874887488751,,0.4803098139796373,0.5206623979762721
0.8751875187518754,,0.48030899449684505,0.5206606458775147
0.8754875487548757,,0.48030817718160473,0.5206588984131202
0.8757875787578759,,0.4803073620281833,0.5206571555708314
0.8760876087608762,,0.48030654903086306,0.5206554173384229
0.8763876387638765,,0.4803057381839413,0.5206536837037022
0.8766876687668768,,0.4803049294817305,0.5206519546545088
0.876987698769877,,0.48030412291855806,0.5206502301787141
0.8772877287728775,,0.4803033184887665,0.520648510264222
0.8775877587758778,,0.48030251618671327,0.5206467948989683
0.8778877887788781,,0.4803017160067707,0.5206450840709204
0.8781878187818783,,0.48030091794332597,0.5206433777680778
0.8784878487848786,,0.4803001219907812,0.5206416759784718
0.8787878787878789,,0.48029932814355325,0.5206399786901651
0.8790879087908792,,0.48029853639607384,0.5206382858912522
0.8793879387938794,,0.4802977467427893,0.5206365975698588
0.8796879687968799,,0.4802969591781607,0.5206349137141425
0.8799879987998802,,0.4802961736966637,0.5206332343122916
0.8802880288028805,,0.48029539029278867,0.5206315593525261
0.8805880588058808,,0.4802946089610405,0.5206298888230971
0.880888088808881,,0.4802938296959386,0.5206282227122865
0.8811881188118813,,0.48029305249201687,0.5206265610084073
0.8814881488148816,,0.48029227734382374,0.5206249036998037
0.8817881788178819,,0.4802915042459219,0.5206232507748504
0.8820882088208821,,0.48029073319288856,0.5206216022219529
0.8823882388238826,,0.4802899641793153,0.5206199580295474
0.8826882688268829,,0.48028919719980784,0.5206183181861008
0.8829882988298832,,0.4802884322489863,0.5206166826801103
0.8832883288328834,,0.48028766932148503,0.5206150515001036
0.8835883588358837,,0.48028690841195243,0.5206134246346387
0.883888388838884,,0.4802861495150512,0.5206118020723041
0.8841884188418843,,0.48028539262545816,0.5206101838017181
0.8844884488448845,,0.480284637737864,0.5206085698115294
0.884788478847885,,0.48028388484697376,0.5206069600904165
0.8850885088508853,,0.48028313394750627,0.5206053546270881
0.8853885388538856,,0.4802823850341944,0.5206037534102825
0.8856885688568858,,0.48028163810178487,0.5206021564287681
0.8859885988598861,,0.4802808931450384,0.5206005636713426
0.8862886288628864,,0.48028015015872955,0.5205989751268335
0.8865886588658867,,0.4802794091376466,0.520597390784098
0.8868886888688869,,0.48027867007659175,0.5205958106320226
0.8871887188718874,,0.48027793297038085,0.5205942346595233
0.8874887488748877,,0.48027719781384354,0.5205926628555453
0.887788778877888,,0.480276464601823,0.5205910952090631
0.8880888088808883,,0.48027573332917617,0.5205895317090803
0.8883888388838885,,0.4802750039907736,0.5205879723446297
0.8886888688868888,,0.4802742765814993,0.520586417104773
0.8889888988898891,,0.4802735510962509,0.520584865978601
0.8892889288928894,,0.4802728275299395,0.520583318955233
0.8895889588958896,,0.48027210587748964,0.5205817760238175
0.8898889888988901,,0.48027138613383924,0.5205802371735313
0.8901890189018904,,0.4802706682939398,0.5205787023935801
0.8904890489048907,,0.4802699523527559,0.5205771716731981
0.8907890789078909,,0.48026923830526563,0.5205756450016478
0.8910891089108912,,0.4802685261464603,0.5205741223682204
0.8913891389138915,,0.4802678158713445,0.5205726037622352
0.8916891689168918,,0.4802671074749359,0.5205710891730398
0.891989198919892,,0.4802664009522655,0.52056957859001
0.8922892289228925,,0.48026569629837745,0.5205680720025496
0.8925892589258928,,0.4802649935083289,0.5205665694000906
0.8928892889288931,,0.4802642925771901,0.5205650707720928
0.8931893189318934,,0.4802635935000444,0.5205635761080438
0.8934893489348936,,0.48026289627198804,0.5205620853974594
0.8937893789378939,,0.4802622008881303,0.5205605986298826
0.8940894089408942,,0.48026150734359346,0.5205591157948845
0.8943894389438944,,0.4802608156335126,0.5205576368820634
0.8946894689468949,,0.48026012575303567,0.5205561618810454
0.8949894989498952,,0.4802594376973235,0.520554690781484
0.8952895289528955,,0.48025875146154967,0.5205532235730599
0.8955895589558958,,0.48025806704090057,0.5205517602454813
0.895889588958896,,0.48025738443057536,0.5205503007884834
0.8961896189618963,,0.48025670362578576,0.5205488451918288
0.8964896489648966,,0.48025602462175626,0.5205473934453068
0.8967896789678969,,0.480255347413724,0.5205459455387341
0.8970897089708973,,0.48025467199693855,0.5205445014619542
0.8973897389738976,,0.48025399836666227,0.5205430612048374
0.8976897689768979,,0.4802533265181699,0.5205416247572808
0.8979897989798982,,0.4802526564467487,0.5205401921092082
0.8982898289828984,,0.4802519881476985,0.5205387632505702
0.8985898589858987,,0.48025132161633133,0.5205373381713438
0.898889888988899,,0.48025065684797186,0.5205359168615327
0.8991899189918993,,0.480249993837957,0.5205344993111668
0.8994899489948995,,0.48024933258163605,0.5205330855103024
0.8997899789979,,0.4802486730743705,0.5205316754490223
0.9000900090009003,,0.4802480153115343,0.5205302691174355
0.9003900390039006,,0.4802473592885134,0.5205288665056769
0.9006900690069009,,0.4802467050007062,0.5205274676039078
0.9009900990099011,,0.48024605244352303,0.5205260724023152
0.9012901290129014,,0.4802454016123865,0.5205246808911125
0.9015901590159017,,0.48024475250273135,0.5205232930605385
0.9018901890189019,,0.48024410511000426,0.520521908900858
0.9021902190219024,,0.4802434594296641,0.5205205284023618
0.9024902490249027,,0.48024281545718167,0.5205191515553662
0.902790279027903,,0.48024217318803974,0.5205177783502128
0.9030903090309033,,0.48024153261773306,0.5205164087772691
0.9033903390339035,,0.4802408937417683,0.5205150428269282
0.9036903690369038,,0.480240256555664,0.5205136804896081
0.9039903990399041,,0.4802396210549505,0.5205123217557527
0.9042904290429044,,0.48023898723517,0.5205109666158307
0.9045904590459048,,0.4802383550918766,0.5205096150603364
0.9048904890489051,,0.480237724620636,0.520508267079789
0.9051905190519054,,0.48023709581702567,0.5205069226647329
0.9054905490549057,,0.48023646867663483,0.5205055818057374
0.9057905790579059,,0.4802358431950643,0.5205042444933966
0.9060906090609062,,0.48023521936792657,0.52050291071833
0.9063906390639065,,0.48023459719084577,0.5205015804711814
0.9066906690669068,,0.4802339766594575,0.5205002537426195
0.906990699069907,,0.48023335776940895,0.5204989305233378
0.9072907290729075,,0.4802327405163589,0.5204976108040543
0.9075907590759078,,0.4802321248959775,0.5204962945755115
0.9078907890789081,,0.4802315109039464,0.5204949818284765
0.9081908190819084,,0.4802308985359587,0.5204936725537407
0.9084908490849086,,0.4802302877877188,0.5204923667421201
0.9087908790879089,,0.4802296786549426,0.5204910643844545
0.9090909090909092,,0.48022907113335717,0.5204897654716085
0.9093909390939094,,0.48022846521870105,0.5204884699944705
0.9096909690969099,,0.48022786090672387,0.5204871779439532
0.9099909990999102,,0.4802272581931866,0.520485889310993
0.9102910291029105,,0.48022665707386153,0.5204846040865508
0.9105910591059108,,0.4802260575445319,0.520483322261611
0.910891089108911,,0.4802254596009922,0.5204820438271818
0.9111911191119113,,0.48022486323904817,0.5204807687742955
0.9114911491149116,,0.4802242684545165,0.520479497094008
0.9117911791179119,,0.4802236752432249,0.5204782287773986
0.9120912091209123,,0.48022308360101224,0.5204769638155706
0.9123912391239126,,0.48022249352372837,0.5204757021996506
0.9126912691269129,,0.48022190500723405,0.5204744439207886
0.9129912991299132,,0.4802213180474011,0.5204731889701582
0.9132913291329134,,0.48022073264011206,0.5204719373389561
0.9135913591359137,,0.4802201487812606,0.5204706890184028
0.913891389138914,,0.4802195664667511,0.5204694439997413
0.9141914191419143,,0.4802189856924989,0.5204682022742382
0.9144914491449145,,0.4802184064544299,0.5204669638331831
0.914791479147915,,0.480217828748481,0.5204657286678889
0.9150915091509153,,0.48021725257059983,0.5204644967696909
0.9153915391539156,,0.48021667791674455,0.5204632681299478
0.9156915691569159,,0.4802161047828843,0.520462042740041
0.9159915991599161,,0.4802155331649986,0.5204608205913747
0.9162916291629164,,0.48021496305907774,0.5204596016753757
0.9165916591659167,,0.4802143944611227,0.5204583859834938
0.916891689168917,,0.4802138273671448,0.5204571735072011
0.9171917191719174,,0.48021326177316614,0.5204559642379923
0.9174917491749177,,0.48021269767521924,0.5204547581673848
0.917791779177918,,0.48021213506934707,0.5204535552869184
0.9180918091809183,,0.4802115739516032,0.520452355588155
0.9183918391839185,,0.48021101431805147,0.5204511590626789
0.9186918691869188,,0.4802104561647662,0.520449965702097
0.9189918991899191,,0.4802098994878322,0.520448775498038
0.9192919291929194,,0.4802093442833445,0.520447588442153
0.9195919591959199,,0.4802087905474085,0.5204464045261149
0.9198919891989201,,0.4802082382761399,0.520445223741619
0.9201920192019204,,0.48020768746566467,0.5204440460803822
0.9204920492049207,,0.48020713811211896,0.5204428715341436
0.9207920792079209,,0.48020659021164935,0.520441700094664
0.9210921092109212,,0.48020604376041237,0.5204405317537258
0.9213921392139215,,0.48020549875457486,0.5204393665031336
0.9216921692169218,,0.4802049551903137,0.5204382043347133
0.921992199219922,,0.48020441306381595,0.5204370452403126
0.9222922292229225,,0.4802038723712788,0.5204358892118007
0.9225922592259228,,0.4802033331089094,0.5204347362410683
0.9228922892289231,,0.4802027952729249,0.5204335863200275
0.9231923192319234,,0.48020225885955264,0.5204324394406118
0.9234923492349236,,0.48020172386502974,0.5204312955947762
0.9237923792379239,,0.4802011902856034,0.5204301547744967
0.9240924092409242,,0.48020065811753065,0.5204290169717709
0.9243924392439244,,0.4802001273570785,0.5204278821786172
0.9246924692469249,,0.4801995980005238,0.5204267503870753
0.9249924992499252,,0.48019907004415324,0.5204256215892059
0.9252925292529255,,0.48019854348426333,0.5204244957770907
0.9255925592559258,,0.4801980183171604,0.5204233729428324
0.925892589258926,,0.48019749453916055,0.5204222530785544
0.9261926192619263,,0.4801969721465896,0.5204211361764012
0.9264926492649266,,0.4801964511357831,0.5204200222285379
0.9267926792679269,,0.48019593150308615,0.5204189112271503
0.9270927092709274,,0.4801954132448539,0.5204178031644451
0.9273927392739276,,0.48019489635745066,0.5204166980326493
0.9276927692769279,,0.48019438083725074,0.5204155958240106
0.9279927992799282,,0.48019386668063785,0.5204144965307974
0.9282928292829284,,0.48019335388400525,0.5204134001452982
0.9285928592859287,,0.4801928424437559,0.5204123066598221
0.928892889288929,,0.480192332356302,0.5204112160666984
0.9291929192919293,,0.48019182361806556,0.5204101283582768
0.9294929492949295,,0.48019131622547784,0.5204090435269274
0.92979297929793,,0.48019081017497955,0.5204079615650402
0.9300930093009303,,0.48019030546302094,0.5204068824650253
0.9303930393039306,,0.48018980208606155,0.5204058062193132
0.9306930693069309,,0.48018930004057025,0.520404732820354
0.9309930993099311,,0.48018879932302533,0.5204036622606183
0.9312931293129314,,0.4801882999299144,0.520402594532596
0.9315931593159317,,0.4801878018577343,0.5204015296287973
0.931893189318932,,0.4801873051029911,0.5204004675417521
0.9321932193219324,,0.4801868096622003,0.5203994082640099
0.9324932493249327,,0.4801863155318864,0.5203983517881402
0.932793279327933,,0.4801858227085832,0.520397298106732
0.9330933093309333,,0.4801853311888336,0.5203962472123936
0.9333933393339335,,0.4801848409691898,0.5203951990977536
0.9336933693369338,,0.4801843520462129,0.5203941537554593
0.9339933993399341,,0.48018386441647326,0.5203931111781779
0.9342934293429344,,0.48018337807655026,0.5203920713585959
0.9345934593459349,,0.4801828930230323,0.520391034289419
0.9348934893489351,,0.4801824092525168,0.5203899999633725
0.9351935193519354,,0.4801819267616103,0.5203889683732007
0.9354935493549357,,0.48018144554692815,0.5203879395116671
0.935793579357936,,0.48018096560509477,0.5203869133715543
0.9360936093609362,,0.48018048693274334,0.5203858899456643
0.9363936393639365,,0.48018000952651624,0.5203848692268177
0.9366936693669368,,0.4801795333830644,0.5203838512078546
0.936993699369937,,0.4801790584990479,0.5203828358816334
0.9372937293729375,,0.4801785848711354,0.5203818232410319
0.9375937593759378,,0.48017811249600456,0.5203808132789465
0.9378937893789381,,0.48017764137034175,0.5203798059882926
0.9381938193819384,,0.4801771714908421,0.520378801362004
0.9384938493849386,,0.48017670285420944,0.5203777993930335
0.9387938793879389,,0.48017623545715643,0.5203768000743524
0.9390939093909392,,0.4801757692964044,0.5203758033989506
0.9393939393939394,,0.48017530436868316,0.5203748093598367
0.9396939693969399,,0.4801748406707315,0.5203738179500373
0.9399939993999402,,0.4801743781992966,0.5203728291625982
0.9402940294029405,,0.4801739169511342,0.5203718429905829
0.9405940594059408,,0.4801734569230089,0.5203708594270736
0.940894089408941,,0.48017299811169356,0.5203698784651708
0.9411941194119413,,0.48017254051396974,0.520368900097993
0.9414941494149416,,0.48017208412662743,0.5203679243186773
0.9417941794179419,,0.48017162894646515,0.5203669511203785
0.9420942094209424,,0.48017117497028994,0.5203659804962699
0.9423942394239426,,0.48017072219491724,0.5203650124395426
0.9426942694269429,,0.4801702706171708,0.5203640469434059
0.9429942994299432,,0.480169820233883,0.5203630840010868
0.9432943294329434,,0.4801693710418944,0.5203621236058306
0.9435943594359437,,0.480168923038054,0.5203611657508999
0.943894389438944,,0.4801684762192191,0.5203602104295757
0.9441944194419443,,0.4801680305822554,0.5203592576351566
0.9444944494449445,,0.4801675861240367,0.5203583073609586
0.944794479447945,,0.48016714284144535,0.5203573596003158
0.9450945094509453,,0.4801667007313717,0.5203564143465798
0.9453945394539456,,0.4801662597907144,0.5203554715931195
0.9456945694569459,,0.4801658200163804,0.5203545313333218
0.9459945994599461,,0.4801653814052847,0.5203535935605909
0.9462946294629464,,0.48016494395435044,0.5203526582683483
0.9465946594659467,,0.48016450766050905,0.520351725450033
0.946894689468947,,0.4801640725207,0.5203507950991015
0.9471947194719474,,0.4801636385318708,0.5203498672090275
0.9474947494749477,,0.4801632056909771,0.5203489417733018
0.947794779477948,,0.48016277399498253,0.5203480187854327
0.9480948094809483,,0.48016234344085884,0.5203470982389453
0.9483948394839485,,0.4801619140255858,0.5203461801273823
0.9486948694869488,,0.48016148574615103,0.5203452644443032
0.9489948994899491,,0.48016105859955027,0.5203443511832845
0.9492949294929494,,0.48016063258278713,0.5203434403379197
0.9495949594959499,,0.48016020769287315,0.5203425319018193
0.9498949894989501,,0.4801597839268278,0.5203416258686109
0.9501950195019504,,0.48015936128167835,0.5203407222319386
0.9504950495049507,,0.4801589397544601,0.5203398209854635
0.950795079507951,,0.48015851934221604,0.5203389221228634
0.9510951095109512,,0.480158100041997,0.5203380256378328
0.9513951395139515,,0.48015768185086166,0.5203371315240832
0.9516951695169518,,0.4801572647658765,0.5203362397753422
0.951995199519952,,0.4801568487841157,0.5203353503853543
0.9522952295229525,,0.4801564339026611,0.5203344633478806
0.9525952595259528,,0.48015602011860253,0.5203335786566985
0.9528952895289531,,0.48015560742903723,0.5203326963056021
0.9531953195319534,,0.48015519583107025,0.5203318162884015
0.9534953495349536,,0.4801547853218142,0.5203309385989238
0.9537953795379539,,0.4801543758983896,0.5203300632310118
0.9540954095409542,,0.4801539675579242,0.520329190178525
0.9543954395439544,,0.4801535602975537,0.5203283194353389
0.954695469546955,,0.48015315411442105,0.5203274509953454
0.9549954995499552,,0.480152749005677,0.5203265848524524
0.9552955295529555,,0.4801523449684798,0.520325721000584
0.9555955595559558,,0.48015194199999506,0.5203248594336803
0.955895589558956,,0.4801515400973961,0.5203240001456976
0.9561956195619563,,0.48015113925786357,0.5203231431306078
0.9564956495649566,,0.4801507394785856,0.5203222883823991
0.9567956795679569,,0.48015034075675783,0.5203214358950756
0.9570957095709574,,0.48014994308958325,0.5203205856626572
0.9573957395739576,,0.4801495464742722,0.5203197376791793
0.9576957695769579,,0.48014915090804255,0.5203188919386935
0.9579957995799582,,0.48014875638811944,0.520318048435267
0.9582958295829584,,0.4801483629117353,0.5203172071629827
0.9585958595859587,,0.48014797047612995,0.5203163681159391
0.958895889588959,,0.4801475790785505,0.5203155312882503
0.9591959195919593,,0.4801471887162513,0.520314696674046
0.9594959495949595,,0.480146799386494,0.5203138642674714
0.95979597959796,,0.48014641108654754,0.5203130340626874
0.9600960096009603,,0.480146023813688,0.5203122060538699
0.9603960396039606,,0.4801456375651986,0.5203113802352106
0.9606960696069609,,0.48014525233837,0.5203105566009164
0.9609960996099611,,0.4801448681304998,0.5203097351452096
0.9612961296129614,,0.4801444849388928,0.5203089158623276
0.9615961596159617,,0.48014410276086095,0.5203080987465233
0.961896189618962,,0.48014372159372326,0.5203072837920646
0.9621962196219624,,0.48014334143480597,0.5203064709932347
0.9624962496249627,,0.4801429622814422,0.5203056603443317
0.962796279627963,,0.4801425841309723,0.5203048518396691
0.9630963096309633,,0.4801422069807435,0.5203040454735752
0.9633963396339635,,0.4801418308281102,0.5203032412403934
0.9636963696369638,,0.48014145567043365,0.520302439134482
0.9639963996399641,,0.4801410815050821,0.5203016391502144
0.9642964296429644,,0.48014070832943095,0.5203008412819785
0.9645964596459649,,0.4801403361408623,0.5203000455241775
0.9648964896489651,,0.4801399649367653,0.520299251871229
0.9651965196519654,,0.480139594714536,0.5202984603175658
0.9654965496549657,,0.4801392254715773,0.5202976708576349
0.965796579657966,,0.4801388572052989,0.5202968834858985
0.9660966096609662,,0.4801384899131176,0.5202960981968331
0.9663966396639665,,0.4801381235924568,0.5202953149849299
0.9666966696669668,,0.48013775824074667,0.5202945338446947
0.966996699669967,,0.4801373938554245,0.520293754770648
0.9672967296729675,,0.48013703043393396,0.5202929777573243
0.9675967596759678,,0.4801366679737258,0.5202922027992731
0.9678967896789681,,0.4801363064722573,0.5202914298910581
0.9681968196819684,,0.4801359459269926,0.5202906590272574
0.9684968496849686,,0.4801355863354025,0.5202898902024632
0.9687968796879689,,0.4801352276949644,0.5202891234112823
0.9690969096909692,,0.4801348700031626,0.5202883586483358
0.9693969396939695,,0.48013451325748774,0.5202875959082588
0.96969696969697,,0.4801341574554374,0.5202868351857007
0.9699969996999702,,0.48013380259451566,0.5202860764753251
0.9702970297029705,,0.4801334486722331,0.5202853197718096
0.9705970597059708,,0.480133095686107,0.520284565069846
0.970897089708971,,0.48013274363366126,0.52028381236414
0.9711971197119713,,0.4801323925124261,0.5202830616494115
0.9714971497149716,,0.48013204231993856,0.5202823129203942
0.9717971797179719,,0.480131693053742,0.5202815661718356
0.9720972097209724,,0.4801313447113863,0.5202808213984976
0.9723972397239726,,0.4801309972904279,0.5202800785951555
0.9726972697269729,,0.48013065078842965,0.5202793377565984
0.9729972997299732,,0.4801303052029608,0.5202785988776294
0.9732973297329734,,0.4801299605315972,0.5202778619530654
0.9735973597359737,,0.4801296167719209,0.5202771269777368
0.973897389738974,,0.48012927392152044,0.5202763939464876
0.9741974197419743,,0.4801289319779908,0.5202756628541758
0.9744974497449745,,0.48012859093893323,0.5202749336956728
0.974797479747975,,0.4801282508019553,0.5202742064658634
0.9750975097509753,,0.48012791156467105,0.5202734811596463
0.9753975397539756,,0.4801275732247007,0.5202727577719333
0.9756975697569759,,0.48012723577967076,0.52027203629765
0.9759975997599761,,0.4801268992272142,0.520271316731735
0.9762976297629764,,0.48012656356496997,0.5202705990691407
0.9765976597659767,,0.4801262287905835,0.5202698833048328
0.976897689768977,,0.48012589490170626,0.5202691694337902
0.9771977197719774,,0.48012556189599614,0.5202684574510049
0.9774977497749777,,0.48012522977111705,0.5202677473514825
0.977797779777978,,0.4801248985247392,0.5202670391302416
0.9780978097809783,,0.48012456815453886,0.5202663327823142
0.9783978397839785,,0.4801242386581985,0.5202656283027449
0.9786978697869788,,0.4801239100334067,0.5202649256865921
0.9789978997899791,,0.4801235822778582,0.5202642249289268
0.9792979297929794,,0.48012325538925377,0.5202635260248332
0.9795979597959799,,0.4801229293653003,0.5202628289694085
0.9798979897989801,,0.4801226042037107,0.5202621337577629
0.9801980198019804,,0.48012227990220413,0.5202614403850193
0.9804980498049807,,0.4801219564585054,0.520260748846314
0.980798079807981,,0.48012163387034573,0.5202600591367955
0.9810981098109812,,0.48012131213546205,0.5202593712516258
0.9813981398139815,,0.48012099125159746,0.5202586851859792
0.9816981698169818,,0.480120671216501,0.5202580009350429
0.981998199819982,,0.4801203520279276,0.520257318494017
0.9822982298229825,,0.48012003368363804,0.5202566378581142
0.9825982598259828,,0.4801197161813993,0.5202559590225597
0.9828982898289831,,0.480119399518984,0.5202552819825915
0.9831983198319834,,0.4801190836941709,0.5202546067334601
0.9834983498349836,,0.4801187687047443,0.5202539332704288
0.9837983798379839,,0.48011845454849467,0.520253261588773
0.9840984098409842,,0.4801181412232182,0.520252591683781
0.9843984398439845,,0.48011782872671693,0.5202519235507534
0.984698469846985,,0.4801175170567986,0.5202512571850033
0.9849984998499852,,0.480117206211277,0.5202505925818559
0.9852985298529855,,0.48011689618797143,0.5202499297366493
0.9855985598559858,,0.4801165869847071,0.5202492686447333
0.985898589858986,,0.480116278599315,0.5202486093014707
0.9861986198619863,,0.48011597102963177,0.5202479517022358
0.9864986498649866,,0.4801156642734998,0.5202472958424157
0.9867986798679869,,0.4801153583287672,0.5202466417174096
0.9870987098709874,,0.48011505319328784,0.5202459893226288
0.9873987398739876,,0.48011474886492106,0.5202453386534966
0.9876987698769879,,0.48011444534153214,0.5202446897054487
0.9879987998799882,,0.4801141426209918,0.5202440424739325
0.9882988298829884,,0.4801138407011764,0.5202433969544079
0.9885988598859887,,0.48011353957996805,0.5202427531423464
0.988898889888989,,0.48011323925525434,0.5202421110332317
0.9891989198919893,,0.4801129397249285,0.5202414706225593
0.9894989498949895,,0.4801126409868893,0.5202408319058369
0.98979897989799,,0.4801123430390412,0.5202401948785836
0.9900990099009903,,0.480112045879294,0.5202395595363309
0.9903990399039906,,0.4801117495055631,0.5202389258746218
0.9906990699069909,,0.48011145391576954,0.520238293889011
0.9909990999099911,,0.48011115910783964,0.5202376635750652
0.9912991299129914,,0.48011086507970535,0.5202370349283627
0.9915991599159917,,0.4801105718293041,0.5202364079444937
0.991899189918992,,0.48011027935457873,0.5202357826190595
0.9921992199219924,,0.4801099876534775,0.5202351589476737
0.9924992499249927,,0.48010969672395415,0.5202345369259612
0.992799279927993,,0.4801094065639678,0.5202339165495585
0.9930993099309933,,0.4801091171714829,0.5202332978141135
0.9933993399339935,,0.48010882854446946,0.5202326807152859
0.9936993699369938,,0.4801085406809027,0.5202320652487468
0.9939993999399941,,0.4801082535787633,0.5202314514101785
0.9942994299429944,,0.4801079672360372,0.5202308391952748
0.9945994599459949,,0.4801076816507157,0.5202302285997412
0.9948994899489951,,0.4801073968207954,0.5202296196192944
0.9951995199519954,,0.48010711274427825,0.5202290122496621
0.9954995499549957,,0.48010682941917143,0.5202284064865839
0.995799579957996,,0.4801065468434874,0.52022780232581
0.9960996099609962,,0.4801062650152439,0.5202271997631025
0.9963996399639965,,0.4801059839324639,0.5202265987942343
0.9966996699669968,,0.48010570359317556,0.5202259994149895
0.9969996999699973,,0.48010542399541234,0.5202254016211634
0.9972997299729975,,0.48010514513721286,0.5202248054085626
0.9975997599759978,,0.48010486701662086,0.5202242107730045
0.9978997899789981,,0.4801045896316854,0.5202236177103179
0.9981998199819984,,0.4801043129804605,0.5202230262163421
0.9984998499849986,,0.4801040370610056,0.5202224362869281
0.9987998799879989,,0.48010376187138504,0.5202218479179372
0.9990999099909992,,0.4801034874096683,0.5202212611052424
0.9993999399939995,,0.4801032136739301,0.5202206758447266
0.999699969997,,0.4801029406622501,0.5202200921322846
1.0,,0.48010266837271326,0.5202195099638215
1.0003000300030003,,0.4801023968034093,0.5202189293352534
1.0006000600060005,,0.4801021259524333,0.520218350242507
1.0009000900090013,,0.4801018558178851,0.52021777268152
1.0012001200120015,,0.48010158639786976,0.520217196648241
1.0015001500150018,,0.48010131769049724,0.5202166221386288
1.001800180018002,,0.4801010496938826,0.5202160491486534
1.0021002100210024,,0.4801007824061459,0.520215477674295
1.0024002400240026,,0.48010051582541197,0.5202149077115449
1.002700270027003,,0.48010024994981076,0.5202143392564047
1.0030003000300032,,0.48009998477747723,0.5202137723048866
1.0033003300330035,,0.4800997203065511,0.5202132068530135
1.0036003600360037,,0.48009945653517716,0.5202126428968187
1.003900390039004,,0.48009919346150504,0.520212080432346
1.0042004200420043,,0.4800989310836892,0.5202115194556496
1.0045004500450045,,0.4800986693998891,0.5202109599627943
1.0048004800480048,,0.480098408408269,0.5202104019498552
1.005100510051005,,0.4800981481069981,0.5202098454129179
1.0054005400540054,,0.4800978884942502,0.5202092903480781
1.0057005700570056,,0.4800976295682043,0.5202087367514421
1.0060006000600064,,0.48009737132704394,0.5202081846191262
1.0063006300630066,,0.48009711376895753,0.5202076339472574
1.006600660066007,,0.4800968568921383,0.5202070847319726
1.0069006900690072,,0.4800966006947843,0.5202065369694191
1.0072007200720074,,0.48009634517509825,0.5202059906557541
1.0075007500750077,,0.48009609033128764,0.5202054457871453
1.007800780078008,,0.4800958361615648,0.5202049023597705
1.0081008100810083,,0.48009558266414665,0.5202043603698173
1.0084008400840085,,0.4800953298372549,0.5202038198134838
1.0087008700870088,,0.48009507767911597,0.5202032806869779
1.009000900090009,,0.480094826187961,0.5202027429865176
1.0093009300930094,,0.4800945753620257,0.5202022067083308
1.0096009600960096,,0.48009432519955053,0.5202016718486556
1.00990099009901,,0.48009407569878065,0.5202011384037399
1.0102010201020102,,0.4800938268579657,0.5202006063698414
1.0105010501050105,,0.4800935786753601,0.5202000757432281
1.0108010801080112,,0.48009333114922287,0.5201995465201774
1.0111011101110114,,0.48009308427781755,0.5201990186969769
1.0114011401140117,,0.48009283805941233,0.5201984922699238
1.011701170117012,,0.48009259249228,0.5201979672353252
1.0120012001200123,,0.4800923475746979,0.5201974435894978
1.0123012301230125,,0.48009210330494784,0.5201969213287685
1.0126012601260128,,0.4800918596813163,0.5201964004494734
1.012901290129013,,0.48009161670209427,0.5201958809479584
1.0132013201320134,,0.48009137436557725,0.5201953628205793
1.0135013501350136,,0.48009113267006515,0.5201948460637015
1.013801380138014,,0.4800908916138626,0.5201943306736997
1.0141014101410142,,0.4800906511952784,0.5201938166469584
1.0144014401440145,,0.48009041141262615,0.5201933039798718
1.0147014701470147,,0.4800901722642237,0.5201927926688434
1.015001500150015,,0.48008993374839337,0.5201922827102865
1.0153015301530153,,0.48008969586346206,0.5201917741006234
1.0156015601560155,,0.48008945860776087,0.5201912668362865
1.0159015901590163,,0.48008922197962556,0.520190760913717
1.0162016201620165,,0.4800889859773961,0.5201902563293659
1.0165016501650168,,0.48008875059941686,0.5201897530796935
1.016801680168017,,0.4800885158440367,0.5201892511611695
1.0171017101710174,,0.4800882817096089,0.5201887505702729
1.0174017401740176,,0.48008804819449086,0.520188251303492
1.017701770177018,,0.4800878152970445,0.5201877533573245
1.0180018001800182,,0.480087583015636,0.520187256728277
1.0183018301830185,,0.4800873513486359,0.5201867614128659
1.0186018601860187,,0.4800871202944191,0.5201862674076163
1.018901890189019,,0.48008688985136466,0.5201857747090629
1.0192019201920193,,0.48008666001785605,0.5201852833137492
1.0195019501950195,,0.48008643079228097,0.5201847932182282
1.0198019801980198,,0.4800862021730314,0.5201843044190617
1.02010201020102,,0.4800859741585035,0.5201838169128207
1.0204020402040204,,0.48008574674709775,0.5201833306960855
1.0207020702070206,,0.48008551993721893,0.5201828457654449
1.0210021002100214,,0.4800852937272758,0.5201823621174975
1.0213021302130216,,0.48008506811568163,0.5201818797488501
1.021602160216022,,0.48008484310085364,0.520181398656119
1.0219021902190222,,0.4800846186812134,0.5201809188359293
1.0222022202220225,,0.4800843948551865,0.5201804402849151
1.0225022502250227,,0.48008417162120287,0.5201799629997191
1.022802280228023,,0.48008394897769646,0.5201794869769932
1.0231023102310233,,0.4800837269231054,0.5201790122133982
1.0234023402340235,,0.48008350545587203,0.5201785387056034
1.0237023702370238,,0.4800832845744427,0.5201780664502872
1.024002400240024,,0.4800830642772679,0.5201775954441366
1.0243024302430244,,0.4800828445628022,0.5201771256838474
1.0246024602460246,,0.48008262542950436,0.5201766571661245
1.024902490249025,,0.4800824068758371,0.5201761898876808
1.0252025202520252,,0.4800821889002672,0.5201757238452386
1.0255025502550255,,0.48008197150126564,0.5201752590355284
1.0258025802580262,,0.48008175467730724,0.5201747954552896
1.0261026102610264,,0.48008153842687107,0.52017433310127
1.0264026402640267,,0.48008132274844006,0.5201738719702262
1.026702670267027,,0.4800811076405012,0.5201734120589235
1.0270027002700273,,0.48008089310154556,0.5201729533641355
1.0273027302730275,,0.480080679130068,0.5201724958826442
1.0276027602760278,,0.48008046572456764,0.5201720396112406
1.027902790279028,,0.48008025288354733,0.5201715845467237
1.0282028202820284,,0.48008004060551396,0.5201711306859014
1.0285028502850286,,0.48007982888897843,0.5201706780255895
1.028802880288029,,0.48007961773245555,0.5201702265626128
1.0291029102910292,,0.48007940713446395,0.5201697762938042
1.0294029402940295,,0.48007919709352637,0.520169327216005
1.0297029702970297,,0.4800789876081693,0.5201688793260647
1.03000300030003,,0.48007877867692317,0.5201684326208417
1.0303030303030303,,0.48007857029832235,0.5201679870972019
1.0306030603060305,,0.48007836247090496,0.5201675427520202
1.0309030903090313,,0.4800781551932132,0.5201670995821792
1.0312031203120315,,0.4800779484637929,0.5201666575845703
1.0315031503150318,,0.4800777422811939,0.5201662167560926
1.031803180318032,,0.48007753664396974,0.520165777093654
1.0321032103210324,,0.4800773315506779,0.5201653385941698
1.0324032403240326,,0.48007712699987964,0.520164901254564
1.032703270327033,,0.48007692299014,0.5201644650717688
1.0330033003300332,,0.4800767195200278,0.5201640300427242
1.0333033303330335,,0.48007651658811573,0.5201635961643785
1.0336033603360337,,0.4800763141929802,0.5201631634336877
1.033903390339034,,0.4800761123332014,0.5201627318476165
1.0342034203420343,,0.4800759110073632,0.5201623014031372
1.0345034503450345,,0.4800757102140533,0.5201618720972301
1.0348034803480348,,0.4800755099518632,0.5201614439268836
1.035103510351035,,0.480075310219388,0.5201610168890941
1.0354035403540354,,0.48007511101522643,0.5201605909808658
1.0357035703570356,,0.4800749123379812,0.5201601661992109
1.0360036003600364,,0.4800747141862586,0.5201597425411495
1.0363036303630366,,0.4800745165586684,0.5201593200037097
1.036603660366037,,0.4800743194538244,0.5201588985839273
1.0369036903690372,,0.4800741228703438,0.520158478278846
1.0372037203720375,,0.4800739268068475,0.5201580590855173
1.0375037503750377,,0.48007373126196023,0.5201576410010005
1.037803780378038,,0.48007353623431015,0.5201572240223626
1.0381038103810383,,0.48007334172252913,0.5201568081466786
1.0384038403840385,,0.48007314772525267,0.5201563933710311
1.0387038703870388,,0.4800729542411198,0.5201559796925103
1.039003900390039,,0.48007276126877324,0.5201555671082142
1.0393039303930394,,0.4800725688068593,0.5201551556152485
1.0396039603960396,,0.48007237685402776,0.5201547452107266
1.03990399039904,,0.48007218540893215,0.5201543358917693
1.0402040204020402,,0.48007199447022936,0.5201539276555053
1.0405040504050405,,0.48007180403658006,0.5201535204990707
1.0408040804080412,,0.4800716141066482,0.5201531144196094
1.0411041104110415,,0.4800714246791016,0.5201527094142726
1.0414041404140417,,0.4800712357526111,0.5201523054802191
1.041704170417042,,0.4800710473258517,0.5201519026146153
1.0420042004200423,,0.4800708593975013,0.5201515008146351
1.0423042304230425,,0.48007067196624176,0.5201511000774598
1.0426042604260428,,0.48007048503075805,0.5201507004002781
1.042904290429043,,0.48007029858973893,0.5201503017802862
1.0432043204320434,,0.4800701126418765,0.5201499042146879
1.0435043504350436,,0.48006992718586616,0.5201495077006941
1.043804380438044,,0.4800697422204071,0.5201491122355233
1.0441044104410442,,0.4800695577442017,0.5201487178164012
1.0444044404440445,,0.48006937375595576,0.5201483244405608
1.0447044704470447,,0.48006919025437866,0.5201479321052428
1.045004500450045,,0.4800690072381832,0.5201475408076947
1.0453045304530453,,0.4800688247060853,0.5201471505451715
1.0456045604560456,,0.48006864265680466,0.5201467613149354
1.0459045904590463,,0.4800684610890641,0.5201463731142562
1.0462046204620465,,0.48006828000158985,0.5201459859404103
1.0465046504650468,,0.4800680993931117,0.5201455997906819
1.046804680468047,,0.4800679192623626,0.5201452146623619
1.0471047104710474,,0.4800677396080788,0.5201448305527486
1.0474047404740476,,0.4800675604290002,0.5201444474591476
1.047704770477048,,0.4800673817238697,0.5201440653788711
1.0480048004800482,,0.4800672034914337,0.5201436843092392
1.0483048304830485,,0.4800670257304419,0.5201433042475784
1.0486048604860487,,0.48006684843964725,0.5201429251912225
1.048904890489049,,0.4800666716178061,0.5201425471375124
1.0492049204920493,,0.48006649526367795,0.5201421700837962
1.0495049504950495,,0.4800663193760257,0.5201417940274284
1.0498049804980498,,0.4800661439536154,0.5201414189657714
1.05010501050105,,0.48006596899521653,0.5201410448961937
1.0504050405040504,,0.48006579449960174,0.5201406718160714
1.050705070507051,,0.4800656204655469,0.5201402997227871
1.0510051005100514,,0.4800654468918311,0.5201399286137307
1.0513051305130516,,0.4800652737772368,0.5201395584862988
1.051605160516052,,0.48006510112054945,0.5201391893378948
1.0519051905190522,,0.4800649289205579,0.5201388211659291
1.0522052205220525,,0.4800647571760542,0.520138453967819
1.0525052505250527,,0.48006458588583345,0.5201380877409886
1.052805280528053,,0.4800644150486941,0.5201377224828686
1.0531053105310533,,0.48006424466343767,0.5201373581908967
1.0534053405340535,,0.4800640747288689,0.5201369948625175
1.0537053705370538,,0.4800639052437957,0.520136632495182
1.054005400540054,,0.4800637362070291,0.5201362710863484
1.0543054305430544,,0.4800635676173832,0.5201359106334811
1.0546054605460546,,0.4800633994736755,0.5201355511340516
1.054905490549055,,0.48006323177472626,0.520135192585538
1.0552055205520552,,0.4800630645193592,0.5201348349854249
1.0555055505550555,,0.48006289770640087,0.5201344783312039
1.0558055805580562,,0.4800627313346812,0.5201341226203728
1.0561056105610565,,0.480062565403033,0.5201337678504364
1.0564056405640567,,0.4800623999102922,0.5201334140189059
1.056705670567057,,0.4800622348552979,0.520133061123299
1.0570057005700573,,0.48006207023689224,0.5201327091611403
1.0573057305730575,,0.48006190605392035,0.5201323581299606
1.0576057605760578,,0.4800617423052305,0.5201320080272974
1.057905790579058,,0.48006157898967394,0.5201316588506947
1.0582058205820584,,0.48006141610610503,0.5201313105977029
1.0585058505850586,,0.4800612536533811,0.520130963265879
1.058805880588059,,0.4800610916303625,0.5201306168527866
1.0591059105910592,,0.4800609300359126,0.5201302713559953
1.0594059405940595,,0.4800607688688979,0.5201299267730815
1.0597059705970597,,0.48006060812818774,0.5201295831016279
1.06000600060006,,0.48006044781265444,0.5201292403392236
1.0603060306030603,,0.48006028792117345,0.5201288984834641
1.0606060606060606,,0.480060128452623,0.5201285575319512
1.0609060906090613,,0.4800599694058846,0.520128217482293
1.0612061206120615,,0.48005981077984233,0.5201278783321042
1.0615061506150618,,0.48005965257338346,0.5201275400790054
1.061806180618062,,0.4800594947853982,0.520127202720624
1.0621062106210624,,0.4800593374147796,0.520126866254593
1.0624062406240626,,0.4800591804604237,0.5201265306785523
1.062706270627063,,0.4800590239212294,0.5201261959901478
1.0630063006300632,,0.4800588677960986,0.5201258621870314
1.0633063306330635,,0.4800587120839361,0.5201255292668616
1.0636063606360637,,0.48005855678364945,0.5201251972273029
1.063906390639064,,0.4800584018941493,0.520124866066026
1.0642064206420643,,0.48005824741434905,0.5201245357807077
1.0645064506450646,,0.48005809334316496,0.520124206369031
1.0648064806480648,,0.48005793967951627,0.5201238778286852
1.065106510651065,,0.480057786422325,0.5201235501573653
1.0654065406540654,,0.48005763357051595,0.5201232233527727
1.065706570657066,,0.48005748112301694,0.520122897412615
1.0660066006600664,,0.4800573290787585,0.5201225723346055
1.0663066306630666,,0.4800571774366739,0.5201222481164637
1.066606660666067,,0.48005702619569957,0.5201219247559152
1.0669066906690672,,0.4800568753547744,0.5201216022506918
1.0672067206720675,,0.48005672491284024,0.5201212805985308
1.0675067506750677,,0.48005657486884173,0.5201209597971759
1.067806780678068,,0.48005642522172626,0.5201206398443765
1.0681068106810683,,0.4800562759704441,0.5201203207378883
1.0684068406840685,,0.4800561271139482,0.5201200024754725
1.0687068706870688,,0.48005597865119426,0.5201196850548966
1.069006900690069,,0.4800558305811408,0.5201193684739338
1.0693069306930694,,0.4800556829027492,0.5201190527303632
1.0696069606960696,,0.4800555356149834,0.5201187378219698
1.06990699069907,,0.4800553887168101,0.5201184237465446
1.0702070207020702,,0.48005524220719886,0.5201181105018843
1.0705070507050705,,0.4800550960851219,0.5201177980857912
1.0708070807080712,,0.48005495034955414,0.5201174864960739
1.0711071107110715,,0.48005480499947323,0.5201171757305465
1.0714071407140717,,0.4800546600338595,0.5201168657870289
1.071707170717072,,0.480054515451696,0.5201165566633467
1.0720072007200723,,0.4800543712519684,0.5201162483573315
1.0723072307230725,,0.48005422743366527,0.5201159408668206
1.0726072607260728,,0.4800540839957776,0.5201156341896566
1.072907290729073,,0.48005394093729914,0.5201153283236883
1.0732073207320734,,0.4800537982572264,0.5201150232667701
1.0735073507350736,,0.4800536559545584,0.5201147190167617
1.073807380738074,,0.4800535140282969,0.5201144155715289
1.0741074107410742,,0.48005337247744617,0.520114112928943
1.0744074407440745,,0.4800532313010133,0.520113811086881
1.0747074707470747,,0.48005309049800793,0.5201135100432253
1.075007500750075,,0.48005295006744225,0.5201132097958641
1.0753075307530753,,0.48005281000833117,0.5201129103426909
1.0756075607560756,,0.4800526703196921,0.5201126116816053
1.0759075907590763,,0.4800525310005452,0.520112313810512
1.0762076207620765,,0.480052392049913,0.5201120167273214
1.0765076507650768,,0.48005225346682084,0.5201117204299495
1.076807680768077,,0.4800521152502965,0.5201114249163176
1.0771077107710774,,0.48005197739937033,0.5201111301843527
1.0774077407740776,,0.4800518399130754,0.5201108362319872
1.077707770777078,,0.48005170279044707,0.5201105430571589
1.0780078007800782,,0.48005156603052357,0.5201102506578112
1.0783078307830785,,0.48005142963234537,0.5201099590318929
1.0786078607860787,,0.4800512935949557,0.5201096681773583
1.078907890789079,,0.4800511579174002,0.5201093780921667
1.0792079207920793,,0.4800510225987271,0.5201090887742835
1.0795079507950796,,0.4800508876379871,0.5201088002216787
1.0798079807980798,,0.4800507530342334,0.5201085124323284
1.08010801080108,,0.48005061878652183,0.5201082254042134
1.0804080408040804,,0.4800504848939105,0.5201079391353204
1.080708070807081,,0.48005035135546026,0.5201076536236411
1.0810081008100814,,0.4800502181702342,0.5201073688671726
1.0813081308130816,,0.4800500853372981,0.5201070848639171
1.081608160816082,,0.48004995285572,0.5201068016118826
1.0819081908190822,,0.48004982072457064,0.5201065191090819
1.0822082208220825,,0.4800496889429231,0.5201062373535331
1.0825082508250827,,0.48004955750985284,0.5201059563432597
1.082808280828083,,0.4800494264244379,0.5201056760762905
1.0831083108310833,,0.4800492956857586,0.5201053965506592
1.0834083408340835,,0.4800491652928979,0.520105117764405
1.0837083708370838,,0.48004903524494097,0.5201048397155721
1.084008400840084,,0.4800489055409756,0.52010456240221
1.0843084308430844,,0.4800487761800919,0.5201042858223732
1.0846084608460846,,0.4800486471613823,0.5201040099741217
1.084908490849085,,0.4800485184839417,0.52010373485552
1.0852085208520852,,0.48004839014686757,0.5201034604646384
1.0855085508550855,,0.48004826214925944,0.5201031867995519
1.0858085808580862,,0.48004813449021944,0.5201029138583407
1.0861086108610865,,0.48004800716885204,0.52010264163909
1.0864086408640867,,0.4800478801842641,0.5201023701398904
1.086708670867087,,0.48004775353556467,0.520102099358837
1.0870087008700873,,0.48004762722186545,0.5201018292940303
1.0873087308730875,,0.48004750124228024,0.5201015599435759
1.0876087608760878,,0.48004737559592525,0.520101291305584
1.087908790879088,,0.48004725028191914,0.5201010233781702
1.0882088208820884,,0.4800471252993827,0.5201007561594551
1.0885088508850886,,0.48004700064743927,0.520100489647564
1.088808880888089,,0.4800468763252143,0.520100223840627
1.0891089108910892,,0.48004675233183575,0.5200999587367799
1.0894089408940895,,0.4800466286664338,0.5200996943341627
1.0897089708970897,,0.48004650532814075,0.5200994306309205
1.09000900090009,,0.4800463823160915,0.5200991676252035
1.0903090309030903,,0.48004625962942304,0.5200989053151667
1.0906090609060906,,0.48004613726727474,0.5200986436989699
1.0909090909090913,,0.4800460152287882,0.5200983827747777
1.0912091209120915,,0.48004589351310734,0.5200981225407599
1.0915091509150918,,0.48004577211937827,0.5200978629950909
1.091809180918092,,0.48004565104674934,0.5200976041359497
1.0921092109210924,,0.4800455302943713,0.5200973459615206
1.0924092409240926,,0.48004540986139704,0.5200970884699924
1.092709270927093,,0.48004528974698163,0.5200968316595586
1.0930093009300932,,0.4800451699502825,0.5200965755284178
1.0933093309330935,,0.4800450504704593,0.5200963200747732
1.0936093609360937,,0.48004493130667375,0.5200960652968328
1.093909390939094,,0.48004481245809,0.5200958111928091
1.0942094209420943,,0.4800446939238742,0.5200955577609196
1.0945094509450946,,0.480044575703195,0.5200953049993866
1.0948094809480948,,0.48004445779522287,0.5200950529064368
1.095109510951095,,0.4800443401991307,0.5200948014803015
1.0954095409540954,,0.48004422291409365,0.5200945507192173
1.095709570957096,,0.48004410593928887,0.5200943006214249
1.0960096009600964,,0.48004398927389574,0.5200940511851697
1.0963096309630966,,0.4800438729170959,0.5200938024087021
1.096609660966097,,0.480043756868073,0.5200935542902767
1.0969096909690972,,0.480043641126013,0.520093306828153
1.0972097209720975,,0.48004352569010394,0.520093060020595
1.0975097509750977,,0.480043410559536,0.5200928138658713
1.097809780978098,,0.4800432957335015,0.520092568362255
1.0981098109810983,,0.48004318121119505,0.520092323508024
1.0984098409840986,,0.4800430669918131,0.5200920793014605
1.0987098709870988,,0.48004295307455447,0.5200918357408514
1.099009900990099,,0.48004283945862,0.5200915928244881
1.0993099309930994,,0.4800427261432126,0.5200913505506665
1.0996099609960996,,0.4800426131275374,0.5200911089176868
1.0999099909991,,0.4800425004108015,0.5200908679238543
1.1002100210021002,,0.4800423879922143,0.520090627567478
1.1005100510051005,,0.4800422758709871,0.520090387846872
1.1008100810081012,,0.4800421640463333,0.5200901487603545
1.1011101110111015,,0.48004205251746856,0.5200899103062484
1.1014101410141017,,0.4800419412836104,0.5200896724828807
1.101710171017102,,0.48004183034397846,0.5200894352885832
1.1020102010201023,,0.4800417196977945,0.5200891987216919
1.1023102310231025,,0.4800416093442824,0.5200889627805473
1.1026102610261028,,0.480041499282668,0.520088727463494
1.102910291029103,,0.48004138951217906,0.5200884927688815
1.1032103210321034,,0.4800412800320457,0.5200882586950633
1.1035103510351036,,0.4800411708414998,0.5200880252403971
1.103810381038104,,0.48004106193977536,0.5200877924032454
1.1041104110411042,,0.48004095332610847,0.5200875601819749
1.1044104410441045,,0.4800408449997371,0.5200873285749563
1.1047104710471047,,0.48004073695990146,0.5200870975805649
1.105010501050105,,0.4800406292058435,0.5200868671971803
1.1053105310531053,,0.48004052173680745,0.5200866374231864
1.1056105610561056,,0.4800404145520392,0.5200864082569711
1.1059105910591063,,0.48004030765078703,0.5200861796969268
1.1062106210621065,,0.4800402010323009,0.5200859517414502
1.1065106510651068,,0.48004009469583286,0.5200857243889421
1.106810681068107,,0.480039988640637,0.5200854976378075
1.1071107110711074,,0.48003988286596927,0.520085271486456
1.1074107410741076,,0.48003977737108766,0.5200850459333007
1.107710771077108,,0.4800396721552522,0.5200848209767597
1.1080108010801082,,0.48003956721772456,0.5200845966152545
1.1083108310831085,,0.4800394625577688,0.5200843728472114
1.1086108610861087,,0.4800393581746506,0.5200841496710606
1.108910891089109,,0.48003925406763776,0.5200839270852367
1.1092109210921093,,0.4800391502359999,0.5200837050881777
1.1095109510951096,,0.48003904667900865,0.5200834836783267
1.1098109810981098,,0.48003894339593756,0.5200832628541302
1.11011101110111,,0.480038840386062,0.5200830426140393
1.1104110411041104,,0.4800387376486594,0.5200828229565089
1.110711071107111,,0.4800386351830091,0.5200826038799979
1.1110111011101114,,0.48003853298839216,0.5200823853829697
1.1113111311131116,,0.4800384310640917,0.5200821674638914
1.111611161116112,,0.48003832940939284,0.5200819501212341
1.1119111911191122,,0.48003822802358226,0.5200817333534733
1.1122112211221125,,0.4800381269059488,0.5200815171590883
1.1125112511251127,,0.48003802605578316,0.5200813015365625
1.112811281128113,,0.4800379254723778,0.5200810864843832
1.1131113111311133,,0.4800378251550271,0.5200808720010417
1.1134113411341136,,0.48003772510302734,0.5200806580850336
1.1137113711371138,,0.4800376253156766,0.5200804447348579
1.114011401140114,,0.48003752579227493,0.5200802319490182
1.1143114311431144,,0.4800374265321241,0.5200800197260216
1.1146114611461146,,0.4800373275345278,0.5200798080643795
1.114911491149115,,0.48003722879879157,0.5200795969626067
1.1152115211521152,,0.48003713032422274,0.5200793864192228
1.1155115511551155,,0.4800370321101305,0.5200791764327504
1.1158115811581162,,0.48003693415582577,0.5200789670017165
1.1161116111611165,,0.4800368364606215,0.520078758124652
1.1164116411641167,,0.4800367390238323,0.5200785498000915
1.116711671167117,,0.4800366418447747,0.5200783420265737
1.1170117011701173,,0.4800365449227668,0.5200781348026408
1.1173117311731176,,0.4800364482571289,0.5200779281268392
1.1176117611761178,,0.4800363518471827,0.5200777219977191
1.117911791179118,,0.48003625569225195,0.5200775164138344
1.1182118211821184,,0.48003615979166203,0.5200773113737429
1.1185118511851186,,0.4800360641447403,0.5200771068760062
1.118811881188119,,0.48003596875081567,0.5200769029191897
1.1191119111911192,,0.480035873609219,0.5200766995018626
1.1194119411941195,,0.4800357787192829,0.520076496622598
1.1197119711971197,,0.48003568408034153,0.5200762942799726
1.12001200120012,,0.48003558969173116,0.5200760924725669
1.1203120312031203,,0.4800354955527895,0.5200758911989652
1.1206120612061206,,0.48003540166285624,0.5200756904577555
1.1209120912091213,,0.4800353080212727,0.5200754902475296
1.1212121212121215,,0.480035214627382,0.5200752905668831
1.1215121512151218,,0.4800351214805289,0.520075091414415
1.121812181218122,,0.48003502858006003,0.5200748927887282
1.1221122112211224,,0.4800349359253236,0.5200746946884295
1.1224122412241226,,0.48003484351566966,0.5200744971121292
1.122712271227123,,0.48003475135044993,0.520074300058441
1.1230123012301232,,0.4800346594290179,0.5200741035259827
1.1233123312331235,,0.48003456775072867,0.5200739075133757
1.1236123612361237,,0.4800344763149391,0.5200737120192447
1.123912391239124,,0.48003438512100777,0.5200735170422184
1.1242124212421243,,0.48003429416829496,0.5200733225809291
1.1245124512451246,,0.4800342034561626,0.5200731286340124
1.1248124812481248,,0.48003411298397436,0.5200729352001079
1.125112511251125,,0.48003402275109547,0.5200727422778585
1.1254125412541254,,0.48003393275689304,0.520072549865911
1.125712571257126,,0.48003384300073565,0.5200723579629154
1.1260126012601264,,0.48003375348199373,0.5200721665675255
1.1263126312631266,,0.48003366420003923,0.5200719756783988
1.126612661266127,,0.48003357515424583,0.520071785294196
1.1269126912691272,,0.4800334863439889,0.5200715954135814
1.1272127212721275,,0.48003339776864534,0.5200714060352233
1.1275127512751277,,0.48003330942759387,0.5200712171577929
1.127812781278128,,0.48003322132021475,0.5200710287799654
1.1281128112811283,,0.4800331334458898,0.5200708409004191
1.1284128412841286,,0.48003304580400263,0.5200706535178361
1.1287128712871288,,0.48003295839393845,0.5200704666309018
1.129012901290129,,0.480032871215084,0.5200702802383053
1.1293129312931294,,0.4800327842668277,0.5200700943387387
1.1296129612961296,,0.4800326975485597,0.5200699089308983
1.12991299129913,,0.48003261105967154,0.5200697240134833
1.1302130213021302,,0.4800325247995565,0.5200695395851962
1.1305130513051305,,0.48003243876760954,0.5200693556447435
1.1308130813081312,,0.480032352963227,0.5200691721908348
1.1311131113111315,,0.480032267385807,0.520068989222183
1.1314131413141317,,0.4800321820347493,0.5200688067375047
1.131713171317132,,0.480032096909455,0.5200686247355195
1.1320132013201323,,0.48003201200932694,0.5200684432149508
1.1323132313231326,,0.48003192733376965,0.5200682621745252
1.1326132613261328,,0.480031842882189,0.5200680816129726
1.132913291329133,,0.4800317586539926,0.5200679015290264
1.1332133213321334,,0.48003167464858953,0.5200677219214233
1.1335133513351336,,0.4800315908653906,0.5200675427889031
1.133813381338134,,0.4800315073038079,0.5200673641302095
1.1341134113411342,,0.4800314239632553,0.5200671859440889
1.1344134413441345,,0.4800313408431482,0.5200670082292913
1.1347134713471347,,0.48003125794290336,0.5200668309845702
1.135013501350135,,0.4800311752619394,0.520066654208682
1.1353135313531353,,0.48003109279967615,0.5200664779003867
1.1356135613561356,,0.48003101055553515,0.5200663020584474
1.1359135913591363,,0.4800309285289395,0.5200661266816305
1.1362136213621365,,0.48003084671931373,0.5200659517687058
1.1365136513651368,,0.48003076512608395,0.5200657773184463
1.136813681368137,,0.48003068374867774,0.520065603329628
1.1371137113711374,,0.48003060258652425,0.5200654298010305
1.1374137413741376,,0.48003052163905413,0.5200652567314364
1.137713771377138,,0.48003044090569946,0.5200650841196316
1.1380138013801382,,0.48003036038589386,0.5200649119644052
1.1383138313831385,,0.4800302800790726,0.5200647402645494
1.1386138613861387,,0.4800301999846722,0.5200645690188599
1.138913891389139,,0.4800301201021308,0.5200643982261351
1.1392139213921393,,0.48003004043088804,0.5200642278851773
1.1395139513951396,,0.48002996097038503,0.520064057994791
1.1398139813981398,,0.4800298817200642,0.5200638885537847
1.14011401140114,,0.48002980267936984,0.5200637195609696
1.1404140414041404,,0.4800297238477472,0.5200635510151604
1.140714071407141,,0.4800296452246435,0.5200633829151745
1.1410141014101414,,0.480029566809507,0.5200632152598328
1.1413141314131416,,0.4800294886017877,0.520063048047959
1.141614161416142,,0.4800294106009369,0.5200628812783802
1.1419141914191422,,0.48002933280640747,0.5200627149499264
1.1422142214221425,,0.48002925521765366,0.5200625490614308
1.1425142514251427,,0.4800291778341311,0.5200623836117297
1.142814281428143,,0.480029100655297,0.5200622185996625
1.1431143114311433,,0.48002902368060996,0.5200620540240715
1.1434143414341436,,0.4800289469095299,0.5200618898838022
1.1437143714371438,,0.4800288703415183,0.5200617261777031
1.144014401440144,,0.4800287939760381,0.5200615629046258
1.1443144314431444,,0.4800287178125534,0.5200614000634249
1.1446144614461446,,0.48002864185053007,0.5200612376529581
1.144914491449145,,0.4800285660894351,0.5200610756720859
1.1452145214521452,,0.48002849052873714,0.5200609141196721
1.1455145514551455,,0.480028415167906,0.5200607529945834
1.1458145814581462,,0.4800283400064131,0.5200605922956895
1.1461146114611465,,0.4800282650437311,0.5200604320218629
1.1464146414641467,,0.48002819027933413,0.5200602721719794
1.146714671467147,,0.4800281157126977,0.5200601127449176
1.1470147014701473,,0.4800280413432988,0.5200599537395589
1.1473147314731476,,0.4800279671706156,0.5200597951547882
1.1476147614761478,,0.4800278931941278,0.5200596369894926
1.147914791479148,,0.4800278194133165,0.5200594792425629
1.1482148214821484,,0.48002774582766405,0.5200593219128923
1.1485148514851486,,0.48002767243665423,0.5200591649993771
1.148814881488149,,0.48002759923977223,0.5200590085009166
1.1491149114911492,,0.4800275262365045,0.5200588524164128
1.1494149414941495,,0.480027453426339,0.5200586967447709
1.1497149714971497,,0.4800273808087649,0.5200585414848986
1.15001500150015,,0.48002730838327273,0.520058386635707
1.1503150315031503,,0.48002723614935444,0.5200582321961097
1.1506150615061506,,0.48002716410650337,0.5200580781650231
1.1509150915091513,,0.480027092254214,0.520057924541367
1.1512151215121516,,0.48002702059198243,0.5200577713240634
1.1515151515151518,,0.48002694911930577,0.5200576185120375
1.151815181518152,,0.48002687783568276,0.5200574661042173
1.1521152115211524,,0.4800268067406132,0.5200573140995338
1.1524152415241526,,0.48002673583359845,0.5200571624969205
1.152715271527153,,0.4800266651141411,0.5200570112953139
1.1530153015301532,,0.48002659458174496,0.5200568604936533
1.1533153315331535,,0.48002652423591524,0.5200567100908807
1.1536153615361537,,0.48002645407615846,0.5200565600859411
1.153915391539154,,0.4800263841019825,0.5200564104777824
1.1542154215421543,,0.4800263143128964,0.5200562612653546
1.1545154515451546,,0.4800262447084106,0.5200561124476113
1.1548154815481548,,0.4800261752880368,0.5200559640235084
1.155115511551155,,0.4800261060512881,0.5200558159920047
1.1554155415541554,,0.48002603699767865,0.5200556683520617
1.155715571557156,,0.48002596812672405,0.5200555211026437
1.1560156015601564,,0.4800258994379413,0.5200553742427177
1.1563156315631566,,0.48002583093084833,0.5200552277712536
1.156615661566157,,0.48002576260496466,0.5200550816872236
1.1569156915691572,,0.48002569445981097,0.520054935989603
1.1572157215721575,,0.4800256264949092,0.5200547906773697
1.1575157515751577,,0.4800255587097826,0.5200546457495044
1.157815781578158,,0.48002549110395554,0.5200545012049904
1.1581158115811583,,0.48002542367695383,0.5200543570428136
1.1584158415841586,,0.48002535642830446,0.5200542132619627
1.1587158715871588,,0.4800252893575357,0.520054069861429
1.159015901590159,,0.4800252224641769,0.5200539268402066
1.1593159315931594,,0.48002515574775895,0.5200537841972922
1.1596159615961597,,0.4800250892078137,0.520053641931685
1.15991599159916,,0.48002502284387444,0.5200535000423872
1.1602160216021602,,0.48002495665547557,0.5200533585284032
1.1605160516051605,,0.4800248906421528,0.5200532173887402
1.1608160816081612,,0.480024824803443,0.5200530766224084
1.1611161116111615,,0.4800247591388843,0.5200529362284201
1.1614161416141617,,0.4800246936480161,0.5200527962057904
1.161716171617162,,0.48002462833037884,0.5200526565535369
1.1620162016201623,,0.4800245631855145,0.5200525172706801
1.1623162316231626,,0.48002449821296594,0.520052378356243
1.1626162616261628,,0.48002443341227735,0.5200522398092509
1.162916291629163,,0.48002436878299426,0.5200521016287317
1.1632163216321634,,0.48002430432466314,0.5200519638137164
1.1635163516351636,,0.4800242400368319,0.5200518263632381
1.163816381638164,,0.48002417591904956,0.5200516892763324
1.1641164116411642,,0.48002411197086625,0.5200515525520377
1.1644164416441645,,0.4800240481918334,0.5200514161893949
1.1647164716471647,,0.48002398458150364,0.5200512801874473
1.165016501650165,,0.4800239211394306,0.5200511445452409
1.1653165316531653,,0.4800238578651693,0.5200510092618241
1.165616561656166,,0.4800237947582759,0.5200508743362479
1.1659165916591663,,0.4800237318183076,0.5200507397675657
1.1662166216621666,,0.48002366904482296,0.5200506055548335
1.1665166516651668,,0.4800236064373815,0.5200504716971099
1.166816681668167,,0.48002354399554414,0.5200503381934557
1.1671167116711674,,0.48002348171887277,0.5200502050429343
1.1674167416741676,,0.48002341960693046,0.5200500722446119
1.167716771677168,,0.4800233576592816,0.5200499397975565
1.1680168016801682,,0.48002329587549153,0.5200498077008393
1.1683168316831685,,0.48002323425512683,0.5200496759535336
1.1686168616861687,,0.4800231727977553,0.5200495445547149
1.168916891689169,,0.4800231115029457,0.5200494135034616
1.1692169216921693,,0.48002305037026805,0.5200492827988542
1.1695169516951696,,0.48002298939929355,0.5200491524399761
1.1698169816981698,,0.4800229285895945,0.5200490224259124
1.17011701170117,,0.48002286794074417,0.5200488927557514
1.1704170417041704,,0.48002280745231724,0.5200487634285832
1.170717071707171,,0.4800227471238893,0.5200486344435006
1.1710171017101714,,0.48002268695503714,0.5200485057995987
1.1713171317131716,,0.4800226269453387,0.5200483774959752
1.171617161716172,,0.48002256709437297,0.5200482495317299
1.1719171917191722,,0.4800225074017201,0.5200481219059652
1.1722172217221725,,0.4800224478669613,0.5200479946177855
1.1725172517251727,,0.48002238848967893,0.5200478676662982
1.172817281728173,,0.4800223292694565,0.5200477410506125
1.1731173117311733,,0.48002227020587845,0.5200476147698403
1.1734173417341736,,0.48002221129853057,0.5200474888230956
1.1737173717371738,,0.4800221525469996,0.5200473632094949
1.174017401740174,,0.4800220939508733,0.520047237928157
1.1743174317431744,,0.48002203550974065,0.5200471129782029
1.1746174617461747,,0.4800219772231917,0.5200469883587564
1.174917491749175,,0.48002191909081754,0.520046864068943
1.1752175217521752,,0.48002186111221035,0.5200467401078908
1.1755175517551755,,0.48002180328696337,0.5200466164747302
1.1758175817581762,,0.48002174561467104,0.5200464931685939
1.1761176117611765,,0.4800216880949287,0.5200463701886169
1.1764176417641767,,0.48002163072733284,0.5200462475339364
1.176717671767177,,0.480021573511481,0.5200461252036921
1.1770177017701773,,0.4800215164469719,0.5200460031970257
1.1773177317731776,,0.4800214595334051,0.5200458815130813
1.1776177617761778,,0.4800214027703814,0.5200457601510055
1.177917791779178,,0.4800213461575026,0.5200456391099465
1.1782178217821784,,0.4800212896943715,0.5200455183890554
1.1785178517851786,,0.48002123338059205,0.5200453979874855
1.178817881788179,,0.4800211772157692,0.5200452779043919
1.1791179117911792,,0.48002112119950896,0.5200451581389323
1.1794179417941795,,0.4800210653314183,0.5200450386902664
1.1797179717971797,,0.48002100961110533,0.5200449195575564
1.18001800180018,,0.4800209540381792,0.5200448007399664
1.1803180318031803,,0.48002089861224995,0.5200446822366631
1.180618061806181,,0.4800208433329288,0.520044564046815
1.1809180918091813,,0.480020788199828,0.520044446169593
1.1812181218121816,,0.4800207332125608,0.5200443286041702
1.1815181518151818,,0.48002067837074136,0.5200442113497218
1.181818181818182,,0.48002062367398507,0.5200440944054253
1.1821182118211824,,0.4800205691219081,0.5200439777704603
1.1824182418241826,,0.48002051471412777,0.5200438614440086
1.182718271827183,,0.4800204604502625,0.5200437454252541
1.1830183018301832,,0.48002040632993154,0.5200436297133829
1.1833183318331835,,0.48002035235275525,0.5200435143075833
1.1836183618361837,,0.4800202985183549,0.5200433992070457
1.183918391839184,,0.48002024482635297,0.5200432844109626
1.1842184218421843,,0.4800201912763727,0.5200431699185287
1.1845184518451846,,0.48002013786803843,0.5200430557289409
1.1848184818481848,,0.48002008460097556,0.5200429418413981
1.185118511851185,,0.4800200314748103,0.5200428282551013
1.1854185418541854,,0.48001997848917005,0.5200427149692536
1.185718571857186,,0.48001992564368307,0.5200426019830604
1.1860186018601864,,0.48001987293797865,0.520042489295729
1.1863186318631866,,0.480019820371687,0.520042376906469
1.186618661866187,,0.48001976794443946,0.520042264814492
1.1869186918691872,,0.48001971565586815,0.5200421530190114
1.1872187218721875,,0.48001966350560626,0.5200420415192432
1.1875187518751877,,0.48001961149328803,0.5200419303144049
1.187818781878188,,0.4800195596185485,0.5200418194037166
1.1881188118811883,,0.48001950788102377,0.5200417087864003
1.1884188418841886,,0.4800194562803509,0.5200415984616799
1.1887188718871888,,0.48001940481616795,0.5200414884287814
1.189018901890189,,0.4800193534881138,0.5200413786869329
1.1893189318931894,,0.48001930229582845,0.5200412692353645
1.1896189618961897,,0.4800192512389527,0.5200411600733087
1.18991899189919,,0.48001920031712847,0.5200410511999993
1.1902190219021902,,0.48001914952999847,0.5200409426146727
1.1905190519051905,,0.4800190988772064,0.5200408343165672
1.1908190819081912,,0.480019048358397,0.5200407263049229
1.1911191119111915,,0.4800189979732158,0.5200406185789823
1.1914191419141917,,0.4800189477213094,0.5200405111379897
1.191719171917192,,0.48001889760232513,0.520040403981191
1.1920192019201923,,0.48001884761591157,0.5200402971078348
1.1923192319231926,,0.48001879776171796,0.5200401905171713
1.1926192619261928,,0.4800187480393946,0.5200400842084528
1.192919291929193,,0.4800186984485927,0.5200399781809334
1.1932193219321934,,0.4800186489889643,0.5200398724338693
1.1935193519351937,,0.48001859966016247,0.5200397669665188
1.193819381938194,,0.4800185504618411,0.5200396617781419
1.1941194119411942,,0.4800185013936552,0.5200395568680007
1.1944194419441945,,0.4800184524552604,0.5200394522353593
1.1947194719471947,,0.4800184036463135,0.5200393478794836
1.195019501950195,,0.48001835496647194,0.5200392437996416
1.1953195319531953,,0.4800183064153944,0.5200391399951031
1.195619561956196,,0.48001825799274017,0.5200390364651398
1.1959195919591963,,0.4800182096981696,0.5200389332090257
1.1962196219621966,,0.4800181615313439,0.5200388302260361
1.1965196519651968,,0.48001811349192514,0.5200387275154489
1.196819681968197,,0.4800180655795763,0.5200386250765432
1.1971197119711974,,0.48001801779396136,0.5200385229086006
1.1974197419741976,,0.48001797013474495,0.5200384210109044
1.197719771977198,,0.4800179226015929,0.5200383193827396
1.1980198019801982,,0.48001787519417155,0.5200382180233933
1.1983198319831985,,0.48001782791214853,0.5200381169321546
1.1986198619861987,,0.480017780755192,0.5200380161083142
1.198919891989199,,0.48001773372297124,0.5200379155511649
1.1992199219921993,,0.4800176868151563,0.520037815260001
1.1995199519951996,,0.480017640031418,0.5200377152341192
1.1998199819981998,,0.48001759337142824,0.5200376154728177
1.2001200120012,,0.48001754683485975,0.5200375159753967
1.2004200420042004,,0.4800175004213859,0.5200374167411582
1.200720072007201,,0.48001745413068125,0.520037317769406
1.2010201020102014,,0.480017407962421,0.5200372190594459
1.2013201320132016,,0.48001736191628125,0.5200371206105853
1.201620162016202,,0.480017315991939,0.5200370224221336
1.2019201920192022,,0.4800172701890721,0.520036924493402
1.2022202220222025,,0.4800172245073592,0.5200368268237034
1.2025202520252027,,0.4800171789464798,0.5200367294123529
1.202820282028203,,0.4800171335061143,0.520036632258667
1.2031203120312033,,0.480017088185944,0.520036535361964
1.2034203420342036,,0.4800170429856509,0.5200364387215645
1.2037203720372038,,0.480016997904918,0.5200363423367901
1.204020402040204,,0.4800169529434289,0.520036246206965
1.2043204320432044,,0.4800169081008683,0.5200361503314146
1.2046204620462047,,0.48001686337692157,0.5200360547094665
1.204920492049205,,0.48001681877127494,0.5200359593404497
1.2052205220522052,,0.4800167742836156,0.5200358642236953
1.2055205520552055,,0.48001672991363137,0.520035769358536
1.2058205820582062,,0.480016685661011,0.5200356747443063
1.2061206120612065,,0.48001664152544404,0.5200355803803426
1.2064206420642067,,0.48001659750662096,0.5200354862659827
1.206720672067207,,0.4800165536042328,0.5200353924005665
1.2070207020702073,,0.4800165098179717,0.5200352987834354
1.2073207320732076,,0.48001646614753046,0.5200352054139328
1.2076207620762078,,0.4800164225926027,0.5200351122914035
1.207920792079208,,0.48001637915288287,0.5200350194151945
1.2082208220822084,,0.4800163358280663,0.5200349267846539
1.2085208520852087,,0.48001629261784895,0.5200348343991322
1.208820882088209,,0.4800162495219278,0.5200347422579812
1.2091209120912092,,0.48001620654000043,0.5200346503605545
1.2094209420942095,,0.48001616367176536,0.5200345587062074
1.2097209720972097,,0.48001612091692186,0.5200344672942969
1.21002100210021,,0.48001607827517,0.5200343761241818
1.2103210321032103,,0.48001603574621066,0.5200342851952224
1.210621062106211,,0.4800159933297454,0.520034194506781
1.2109210921092113,,0.4800159510254768,0.5200341040582213
1.2112211221122116,,0.48001590883310796,0.5200340138489087
1.2115211521152118,,0.480015866752343,0.5200339238782105
1.211821182118212,,0.48001582478288657,0.5200338341454955
1.2121212121212124,,0.48001578292444436,0.5200337446501342
1.2124212421242127,,0.4800157411767227,0.5200336553914987
1.212721272127213,,0.4800156995394287,0.5200335663689629
1.2130213021302132,,0.4800156580122703,0.5200334775819024
1.2133213321332135,,0.4800156165949562,0.5200333890296941
1.2136213621362137,,0.48001557528719574,0.520033300711717
1.213921392139214,,0.48001553408869924,0.5200332126273515
1.2142214221422143,,0.4800154929991777,0.5200331247759794
1.2145214521452146,,0.4800154520183428,0.5200330371569848
1.2148214821482148,,0.480015411145907,0.5200329497697528
1.215121512151215,,0.4800153703815837,0.5200328626136704
1.2154215421542154,,0.48001532972508687,0.5200327756881262
1.215721572157216,,0.4800152891761313,0.5200326889925104
1.2160216021602164,,0.4800152487344325,0.5200326025262149
1.2163216321632166,,0.48001520839970685,0.520032516288633
1.216621662166217,,0.48001516817167134,0.5200324302791597
1.2169216921692172,,0.48001512805004376,0.5200323444971917
1.2172217221722175,,0.4800150880345426,0.5200322589421272
1.2175217521752177,,0.4800150481248872,0.5200321736133661
1.217821782178218,,0.48001500832079763,0.5200320885103096
1.2181218121812183,,0.48001496862199455,0.5200320036323608
1.2184218421842186,,0.48001492902819953,0.5200319189789243
1.2187218721872188,,0.4800148895391348,0.5200318345494063
1.219021902190219,,0.4800148501545234,0.5200317503432142
1.2193219321932194,,0.48001481087408887,0.5200316663597577
1.2196219621962197,,0.4800147716975558,0.5200315825984474
1.21992199219922,,0.48001473262464933,0.5200314990586957
1.2202220222022202,,0.4800146936550953,0.5200314157399165
1.2205220522052205,,0.48001465478862043,0.5200313326415256
1.2208220822082212,,0.480014616024952,0.5200312497629396
1.2211221122112215,,0.48001457736381803,0.5200311671035774
1.2214221422142217,,0.4800145388049474,0.5200310846628591
1.221722172217222,,0.4800145003480695,0.5200310024402062
1.2220222022202223,,0.48001446199291464,0.5200309204350421
1.2223222322232226,,0.4800144237392137,0.5200308386467913
1.2226222622262228,,0.4800143855866984,0.5200307570748803
1.222922292229223,,0.480014347535101,0.5200306757187366
1.2232223222322234,,0.48001430958415464,0.5200305945777897
1.2235223522352237,,0.480014271733593,0.5200305136514701
1.223822382238224,,0.48001423398315063,0.5200304329392104
1.2241224122412242,,0.4800141963325626,0.5200303524404442
1.2244224422442245,,0.4800141587815649,0.5200302721546067
1.2247224722472247,,0.4800141213298941,0.5200301920811349
1.225022502250225,,0.48001408397728734,0.5200301122194669
1.2253225322532253,,0.4800140467234827,0.5200300325690426
1.225622562256226,,0.48001400956821877,0.520029953129303
1.2259225922592263,,0.48001397251123495,0.5200298738996911
1.2262226222622266,,0.4800139355522713,0.520029794879651
1.2265226522652268,,0.4800138986910684,0.5200297160686281
1.226822682268227,,0.48001386192736784,0.52002963746607
1.2271227122712274,,0.48001382526091163,0.5200295590714249
1.2274227422742277,,0.48001378869144257,0.5200294808841429
1.227722772277228,,0.4800137522187041,0.5200294029036756
1.2280228022802282,,0.48001371584244035,0.520029325129476
1.2283228322832285,,0.48001367956239616,0.5200292475609983
1.2286228622862287,,0.480013643378317,0.5200291701976986
1.228922892289229,,0.48001360728994896,0.520029093039034
1.2292229222922293,,0.48001357129703903,0.5200290160844632
1.2295229522952296,,0.4800135353993346,0.5200289393334464
1.2298229822982298,,0.48001349959658385,0.5200288627854452
1.2301230123012301,,0.48001346388853566,0.5200287864399227
1.2304230423042304,,0.48001342827493954,0.520028710296343
1.230723072307231,,0.48001339275554555,0.5200286343541722
1.2310231023102314,,0.4800133573301046,0.5200285586128776
1.2313231323132316,,0.48001332199836816,0.5200284830719276
1.231623162316232,,0.48001328676008836,0.5200284077307925
1.2319231923192322,,0.480013251615018,0.5200283325889437
1.2322232223222325,,0.48001321656291057,0.5200282576458539
1.2325232523252327,,0.48001318160352013,0.5200281829009976
1.232823282328233,,0.4800131467366014,0.5200281083538504
1.2331233123312333,,0.4800131119619099,0.5200280340038892
1.2334233423342336,,0.4800130772792015,0.5200279598505925
1.2337233723372338,,0.480013042688233,0.5200278858934401
1.234023402340234,,0.48001300818876175,0.5200278121319132
1.2343234323432344,,0.48001297378054575,0.5200277385654943
1.2346234623462347,,0.4800129394633435,0.5200276651936674
1.234923492349235,,0.48001290523691437,0.5200275920159178
1.2352235223522352,,0.48001287110101826,0.5200275190317318
1.2355235523552355,,0.4800128370554156,0.5200274462405979
1.2358235823582362,,0.4800128030998676,0.5200273736420051
1.2361236123612365,,0.4800127692341361,0.5200273012354444
1.2364236423642367,,0.4800127354579835,0.5200272290204075
1.236723672367237,,0.48001270177117283,0.520027156996388
1.2370237023702373,,0.48001266817346777,0.5200270851628808
1.2373237323732376,,0.4800126346646327,0.5200270135193815
1.2376237623762378,,0.4800126012444324,0.520026942065388
1.237923792379238,,0.4800125679126326,0.5200268708003988
1.2382238223822384,,0.4800125346689993,0.520026799723914
1.2385238523852387,,0.4800125015132994,0.5200267288354349
1.238823882388239,,0.48001246844530027,0.5200266581344642
1.2391239123912392,,0.48001243546476996,0.5200265876205062
1.2394239423942395,,0.48001240257147704,0.5200265172930659
1.2397239723972397,,0.48001236976519085,0.5200264471516501
1.24002400240024,,0.48001233704568114,0.5200263771957667
1.2403240324032403,,0.48001230441271847,0.520026307424925
1.240624062406241,,0.4800122718660738,0.5200262378386354
1.2409240924092413,,0.48001223940551896,0.5200261684364099
1.2412241224122416,,0.48001220703082614,0.5200260992177616
1.2415241524152418,,0.4800121747417682,0.5200260301822047
1.241824182418242,,0.4800121425381187,0.5200259613292553
1.2421242124212424,,0.4800121104196517,0.52002589265843
1.2424242424242427,,0.48001207838614185,0.5200258241692473
1.242724272427243,,0.48001204643736445,0.5200257558612266
1.2430243024302432,,0.48001201457309534,0.5200256877338888
1.2433243324332435,,0.4800119827931111,0.5200256197867559
1.2436243624362437,,0.48001195109718864,0.5200255520193513
1.243924392439244,,0.4800119194851057,0.5200254844311996
1.2442244224422443,,0.4800118879566404,0.5200254170218266
1.2445244524452446,,0.48001185651157174,0.5200253497907593
1.2448244824482448,,0.480011825149679,0.5200252827375264
1.2451245124512451,,0.4800117938707422,0.5200252158616572
1.2454245424542454,,0.480011762674542,0.5200251491626826
1.245724572457246,,0.48001173156085936,0.5200250826401348
1.2460246024602464,,0.48001170052947617,0.5200250162935471
1.2463246324632467,,0.48001166958017466,0.520024950122454
1.246624662466247,,0.4800116387127377,0.5200248841263914
1.2469246924692472,,0.48001160792694886,0.5200248183048961
1.2472247224722475,,0.4800115772225921,0.5200247526575066
1.2475247524752477,,0.480011546599452,0.5200246871837623
1.247824782478248,,0.48001151605731374,0.5200246218832039
1.2481248124812483,,0.4800114855959631,0.5200245567553732
1.2484248424842486,,0.4800114552151864,0.5200244917998134
1.2487248724872488,,0.4800114249147704,0.5200244270160688
1.2490249024902491,,0.48001139469450266,0.5200243624036849
1.2493249324932494,,0.4800113645541711,0.5200242979622085
1.2496249624962497,,0.4800113344935643,0.5200242336911876
1.24992499249925,,0.4800113045124714,0.5200241695901711
1.2502250225022502,,0.48001127461068216,0.5200241056587094
1.2505250525052505,,0.4800112447879866,0.5200240418963541
1.2508250825082512,,0.48001121504417565,0.5200239783026578
1.2511251125112515,,0.48001118537904064,0.5200239148771745
1.2514251425142517,,0.48001115579237347,0.5200238516194591
1.251725172517252,,0.4800111262839665,0.5200237885290678
1.2520252025202523,,0.4800110968536129,0.5200237256055583
1.2523252325232526,,0.480011067501106,0.520023662848489
1.2526252625262528,,0.48001103822623997,0.5200236002574196
1.252925292529253,,0.4800110090288095,0.5200235378319109
1.2532253225322534,,0.4800109799086097,0.5200234755715253
1.2535253525352537,,0.48001095086543627,0.5200234134758258
1.253825382538254,,0.4800109218990855,0.5200233515443768
1.2541254125412542,,0.48001089300935423,0.5200232897767438
1.2544254425442545,,0.4800108641960397,0.5200232281724938
1.2547254725472547,,0.48001083545893986,0.5200231667311942
1.255025502550255,,0.4800108067978531,0.5200231054524143
1.2553255325532553,,0.48001077821257826,0.520023044335724
1.255625562556256,,0.4800107497029149,0.5200229833806946
1.2559255925592563,,0.48001072126866307,0.5200229225868986
1.2562256225622566,,0.4800106929096231,0.5200228619539095
1.2565256525652568,,0.4800106646255963,0.5200228014813018
1.256825682568257,,0.4800106364163841,0.5200227411686513
1.2571257125712574,,0.48001060828178854,0.5200226810155352
1.2574257425742577,,0.4800105802216124,0.5200226210215311
1.257725772577258,,0.4800105522356588,0.5200225611862183
1.2580258025802582,,0.48001052432373137,0.5200225015091771
1.2583258325832585,,0.4800104964856343,0.5200224419899888
1.2586258625862587,,0.4800104687211723,0.5200223826282359
1.258925892589259,,0.48001044103015067,0.5200223234235017
1.2592259225922593,,0.48001041341237505,0.5200222643753714
1.2595259525952596,,0.48001038586765177,0.5200222054834303
1.2598259825982598,,0.4800103583957876,0.5200221467472653
1.2601260126012601,,0.48001033099658974,0.5200220881664647
1.2604260426042604,,0.480010303669866,0.5200220297406172
1.260726072607261,,0.48001027641542476,0.5200219714693131
1.2610261026102614,,0.4800102492330748,0.5200219133521434
1.2613261326132617,,0.4800102221226253,0.5200218553887007
1.261626162616262,,0.4800101950838862,0.5200217975785782
1.2619261926192622,,0.48001016811666786,0.5200217399213705
1.2622262226222625,,0.480010141220781,0.5200216824166728
1.2625262526252627,,0.4800101143960369,0.520021625064082
1.262826282628263,,0.48001008764224756,0.5200215678631956
1.2631263126312633,,0.4800100609592251,0.5200215108136124
1.2634263426342636,,0.48001003434678247,0.5200214539149322
1.2637263726372638,,0.4800100078047329,0.5200213971667558
1.2640264026402641,,0.48000998133289025,0.520021340568685
1.2643264326432644,,0.48000995493106874,0.5200212841203229
1.2646264626462647,,0.48000992859908326,0.5200212278212735
1.264926492649265,,0.48000990233674895,0.5200211716711418
1.2652265226522652,,0.4800098761438817,0.5200211156695339
1.265526552655266,,0.48000985002029767,0.520021059816057
1.2658265826582662,,0.4800098239658137,0.5200210041103192
1.2661266126612665,,0.4800097979802469,0.5200209485519297
1.2664266426642667,,0.48000977206341505,0.5200208931404987
1.266726672667267,,0.4800097462151363,0.5200208378756377
1.2670267026702673,,0.4800097204352293,0.5200207827569587
1.2673267326732676,,0.4800096947235133,0.5200207277840754
1.2676267626762678,,0.48000966907980785,0.5200206729566018
1.267926792679268,,0.48000964350393305,0.5200206182741535
1.2682268226822684,,0.48000961799570946,0.5200205637363468
1.2685268526852687,,0.48000959255495823,0.520020509342799
1.268826882688269,,0.4800095671815008,0.5200204550931287
1.2691269126912692,,0.48000954187515915,0.5200204009869552
1.2694269426942695,,0.4800095166357558,0.5200203470238991
1.2697269726972698,,0.4800094914631137,0.5200202932035818
1.27002700270027,,0.48000946635705627,0.5200202395256255
1.2703270327032703,,0.48000944131740736,0.5200201859896538
1.270627062706271,,0.4800094163439913,0.5200201325952913
1.2709270927092713,,0.4800093914366329,0.5200200793421632
1.2712271227122716,,0.48000936659515747,0.520020026229896
1.2715271527152718,,0.4800093418193907,0.520019973258117
1.271827182718272,,0.48000931710915873,0.5200199204264548
1.2721272127212724,,0.48000929246428836,0.5200198677345386
1.2724272427242727,,0.48000926788460657,0.5200198151819988
1.272727272727273,,0.48000924336994094,0.5200197627684668
1.2730273027302732,,0.4800092189201196,0.5200197104935749
1.2733273327332735,,0.48000919453497093,0.5200196583569563
1.2736273627362737,,0.4800091702143239,0.5200196063582452
1.273927392739274,,0.48000914595800787,0.520019554497077
1.2742274227422743,,0.4800091217658527,0.5200195027730877
1.2745274527452746,,0.4800090976376887,0.5200194511859146
1.2748274827482748,,0.4800090735733465,0.5200193997351957
1.2751275127512751,,0.4800090495726574,0.5200193484205702
1.2754275427542754,,0.480009025635453,0.520019297241678
1.275727572757276,,0.48000900176156536,0.52001924619816
1.2760276027602764,,0.480008977950827,0.5200191952896582
1.2763276327632767,,0.4800089542030709,0.5200191445158155
1.276627662766277,,0.48000893051813043,0.5200190938762758
1.2769276927692772,,0.48000890689583947,0.5200190433706836
1.2772277227722775,,0.4800088833360323,0.5200189929986848
1.2775277527752777,,0.48000885983854363,0.520018942759926
1.277827782778278,,0.4800088364032086,0.5200188926540547
1.2781278127812783,,0.48000881302986287,0.5200188426807193
1.2784278427842786,,0.48000878971834243,0.5200187928395694
1.2787278727872788,,0.4800087664684837,0.5200187431302553
1.2790279027902791,,0.48000874328012366,0.5200186935524284
1.2793279327932794,,0.48000872015309964,0.5200186441057406
1.2796279627962797,,0.4800086970872493,0.5200185947898454
1.27992799279928,,0.48000867408241094,0.5200185456043964
1.2802280228022802,,0.4800086511384231,0.520018496549049
1.280528052805281,,0.48000862825512486,0.5200184476234587
1.2808280828082812,,0.48000860543235563,0.5200183988272826
1.2811281128112815,,0.4800085826699554,0.5200183501601782
1.2814281428142817,,0.4800085599677644,0.520018301621804
1.281728172817282,,0.4800085373256235,0.5200182532118196
1.2820282028202823,,0.4800085147433737,0.5200182049298855
1.2823282328232826,,0.4800084922208567,0.5200181567756628
1.2826282628262828,,0.48000846975791434,0.5200181087488138
1.2829282928292831,,0.48000844735438924,0.5200180608490016
1.2832283228322834,,0.4800084250101241,0.5200180130758901
1.2835283528352837,,0.48000840272496226,0.5200179654291442
1.283828382838284,,0.4800083804987473,0.5200179179084297
1.2841284128412842,,0.4800083583313233,0.5200178705134131
1.2844284428442845,,0.48000833622253486,0.520017823243762
1.2847284728472848,,0.4800083141722268,0.5200177760991448
1.285028502850285,,0.4800082921802444,0.5200177290792307
1.2853285328532853,,0.48000827024643344,0.5200176821836899
1.285628562856286,,0.48000824837064,0.5200176354121935
1.2859285928592863,,0.4800082265527107,0.5200175887644133
1.2862286228622866,,0.4800082047924924,0.520017542240022
1.2865286528652868,,0.4800081830898325,0.5200174958386933
1.286828682868287,,0.4800081614445787,0.5200174495601017
1.2871287128712874,,0.4800081398565792,0.5200174034039224
1.2874287428742877,,0.4800081183256826,0.5200173573698318
1.287728772877288,,0.4800080968517377,0.5200173114575068
1.2880288028802882,,0.480008075434594,0.5200172656666255
1.2883288328832885,,0.4800080540741012,0.5200172199968666
1.2886288628862888,,0.48000803277010945,0.5200171744479095
1.288928892889289,,0.4800080115224693,0.520017129019435
1.2892289228922893,,0.4800079903310317,0.5200170837111241
1.2895289528952896,,0.480007969195648,0.5200170385226592
1.2898289828982898,,0.4800079481161699,0.5200169934537232
1.2901290129012901,,0.48000792709244955,0.5200169485039999
1.2904290429042904,,0.48000790612433947,0.520016903673174
1.290729072907291,,0.4800078852116925,0.520016858960931
1.2910291029102914,,0.48000786435436205,0.5200168143669572
1.2913291329132917,,0.4800078435522017,0.5200167698909399
1.291629162916292,,0.48000782280506554,0.520016725532567
1.2919291929192922,,0.4800078021128081,0.5200166812915271
1.2922292229222925,,0.48000778147528406,0.5200166371675102
1.2925292529252927,,0.4800077608923488,0.5200165931602065
1.292829282928293,,0.48000774036385785,0.5200165492693075
1.2931293129312933,,0.4800077198896672,0.5200165054945052
1.2934293429342936,,0.48000769946963323,0.5200164618354923
1.2937293729372938,,0.4800076791036127,0.5200164182919629
1.2940294029402941,,0.48000765879146273,0.5200163748636113
1.2943294329432944,,0.48000763853304085,0.5200163315501328
1.2946294629462947,,0.48000761832820493,0.5200162883512238
1.294929492949295,,0.48000759817681315,0.520016245266581
1.2952295229522952,,0.4800075780787243,0.5200162022959022
1.295529552955296,,0.48000755803379724,0.520016159438886
1.2958295829582962,,0.4800075380418914,0.5200161166952317
1.2961296129612965,,0.48000751810286657,0.5200160740646396
1.2964296429642967,,0.48000749821658284,0.5200160315468104
1.296729672967297,,0.4800074783829007,0.5200159891414461
1.2970297029702973,,0.48000745860168104,0.5200159468482489
1.2973297329732976,,0.4800074388727851,0.5200159046669224
1.2976297629762978,,0.48000741919607437,0.5200158625971705
1.2979297929792981,,0.4800073995714109,0.520015820638698
1.2982298229822984,,0.4800073799986571,0.5200157787912109
1.2985298529852987,,0.4800073604776755,0.5200157370544153
1.298829882988299,,0.48000734100832926,0.5200156954280185
1.2991299129912992,,0.48000732159048176,0.5200156539117285
1.2994299429942995,,0.4800073022239968,0.5200156125052541
1.2997299729972998,,0.4800072829087385,0.5200155712083048
1.3000300030003,,0.4800072636445714,0.5200155300205909
1.3003300330033003,,0.4800072444313603,0.5200154889418233
1.300630063006301,,0.48000722526897044,0.5200154479717141
1.3009300930093013,,0.4800072061572674,0.5200154071099756
1.3012301230123016,,0.4800071870961171,0.5200153663563214
1.3015301530153018,,0.4800071680853858,0.5200153257104655
1.3018301830183021,,0.4800071491249402,0.5200152851721227
1.3021302130213024,,0.48000713021464725,0.5200152447410087
1.3024302430243027,,0.48000711135437424,0.5200152044168398
1.302730273027303,,0.48000709254398893,0.5200151641993331
1.3030303030303032,,0.48000707378335933,0.5200151240882066
1.3033303330333035,,0.48000705507235386,0.5200150840831789
1.3036303630363038,,0.48000703641084125,0.5200150441839692
1.303930393039304,,0.48000701779869054,0.5200150043902977
1.3042304230423043,,0.4800069992357712,0.5200149647018852
1.3045304530453046,,0.480006980721953,0.5200149251184534
1.3048304830483048,,0.48000696225710615,0.5200148856397244
1.3051305130513051,,0.48000694384110093,0.5200148462654214
1.3054305430543054,,0.4800069254738083,0.5200148069952681
1.305730573057306,,0.4800069071550993,0.5200147678289893
1.3060306030603064,,0.48000688888484555,0.5200147287663097
1.3063306330633067,,0.48000687066291875,0.5200146898069556
1.306630663066307,,0.48000685248919117,0.5200146509506538
1.3069306930693072,,0.48000683436353525,0.5200146121971315
1.3072307230723075,,0.48000681628582387,0.5200145735461169
1.3075307530753078,,0.4800067982559302,0.520014534997339
1.307830783078308,,0.48000678027372773,0.520014496550527
1.3081308130813083,,0.48000676233909034,0.5200144582054116
1.3084308430843086,,0.48000674445189223,0.5200144199617235
1.3087308730873088,,0.48000672661200794,0.5200143818191946
1.3090309030903091,,0.48000670881931223,0.5200143437775573
1.3093309330933094,,0.4800066910736803,0.5200143058365445
1.3096309630963097,,0.48000667337498776,0.5200142679958905
1.30993099309931,,0.48000665572311035,0.5200142302553293
1.3102310231023102,,0.48000663811792427,0.5200141926145966
1.310531053105311,,0.480006620559306,0.520014155073428
1.3108310831083112,,0.4800066030471324,0.5200141176315604
1.3111311131113115,,0.48000658558128056,0.520014080288731
1.3114311431143117,,0.48000656816162807,0.5200140430446778
1.311731173117312,,0.48000655078805254,0.5200140058991396
1.3120312031203123,,0.48000653346043226,0.5200139688518558
1.3123312331233126,,0.4800065161786456,0.5200139319025665
1.3126312631263128,,0.48000649894257136,0.5200138950510125
1.3129312931293131,,0.48000648175208854,0.5200138582969352
1.3132313231323134,,0.48000646460707663,0.520013821640077
1.3135313531353137,,0.4800064475074154,0.5200137850801805
1.313831383138314,,0.48000643045298474,0.5200137486169892
1.3141314131413142,,0.4800064134436651,0.5200137122502476
1.3144314431443145,,0.4800063964793372,0.5200136759797003
1.3147314731473148,,0.4800063795598819,0.520013639805093
1.315031503150315,,0.4800063626851806,0.5200136037261718
1.3153315331533153,,0.4800063458551149,0.5200135677426836
1.315631563156316,,0.4800063290695668,0.5200135318543762
1.3159315931593163,,0.48000631232841845,0.5200134960609976
1.3162316231623166,,0.48000629563155245,0.5200134603622967
1.3165316531653168,,0.4800062789788516,0.5200134247580231
1.3168316831683171,,0.4800062623701992,0.5200133892479273
1.3171317131713174,,0.4800062458054787,0.5200133538317597
1.3174317431743177,,0.4800062292845738,0.5200133185092722
1.317731773177318,,0.4800062128073687,0.520013283280217
1.3180318031803182,,0.4800061963737478,0.5200132481443468
1.3183318331833185,,0.4800061799835958,0.5200132131014152
1.3186318631863188,,0.4800061636367977,0.5200131781511764
1.318931893189319,,0.4800061473332388,0.5200131432933851
1.3192319231923193,,0.4800061310728048,0.5200131085277968
1.3195319531953196,,0.4800061148553816,0.5200130738541677
1.3198319831983198,,0.4800060986808554,0.5200130392722545
1.3201320132013201,,0.4800060825491128,0.5200130047818147
1.3204320432043204,,0.48000606646004057,0.5200129703826061
1.3207320732073211,,0.48000605041352584,0.5200129360743876
1.3210321032103214,,0.4800060344094561,0.5200129018569184
1.3213321332133217,,0.48000601844771906,0.5200128677299586
1.321632163216322,,0.4800060025282027,0.5200128336932686
1.3219321932193222,,0.4800059866507953,0.5200127997466097
1.3222322232223225,,0.48000597081538565,0.5200127658897439
1.3225322532253228,,0.4800059550218625,0.5200127321224335
1.322832283228323,,0.4800059392701151,0.5200126984444416
1.3231323132313233,,0.480005923560033,0.5200126648555321
1.3234323432343236,,0.48000590789150593,0.5200126313554693
1.3237323732373238,,0.480005892264424,0.5200125979440182
1.3240324032403241,,0.48000587667867756,0.5200125646209444
1.3243324332433244,,0.4800058611341573,0.520012531386014
1.3246324632463247,,0.4800058456307541,0.5200124982389941
1.324932493249325,,0.4800058301683593,0.520012465179652
1.3252325232523252,,0.4800058147468644,0.5200124322077558
1.325532553255326,,0.48000579936616117,0.5200123993230743
1.3258325832583262,,0.4800057840261418,0.5200123665253766
1.3261326132613265,,0.4800057687266986,0.5200123338144328
1.3264326432643267,,0.4800057534677242,0.5200123011900134
1.326732673267327,,0.4800057382491117,0.5200122686518894
1.3270327032703273,,0.4800057230707542,0.5200122361998327
1.3273327332733276,,0.48000570793254527,0.5200122038336157
1.3276327632763278,,0.4800056928343787,0.520012171553011
1.3279327932793281,,0.48000567777614866,0.5200121393577924
1.3282328232823284,,0.48000566275774936,0.5200121072477342
1.3285328532853287,,0.4800056477790756,0.5200120752226108
1.328832883288329,,0.4800056328400222,0.5200120432821977
1.3291329132913292,,0.48000561794048435,0.5200120114262708
1.3294329432943295,,0.4800056030803576,0.5200119796546068
1.3297329732973298,,0.48000558825953765,0.5200119479669825
1.33003300330033,,0.48000557347792056,0.5200119163631758
1.3303330333033303,,0.4800055587354026,0.520011884842965
1.330633063306331,,0.4800055440318804,0.5200118534061289
1.3309330933093313,,0.4800055293672507,0.520011822052447
1.3312331233123316,,0.4800055147414108,0.5200117907816993
1.3315331533153318,,0.48000550015425797,0.5200117595936665
1.3318331833183321,,0.4800054856056899,0.5200117284881298
1.3321332133213324,,0.4800054710956045,0.5200116974648711
1.3324332433243327,,0.48000545662390004,0.5200116665236725
1.332733273327333,,0.480005442190475,0.5200116356643171
1.3330333033303332,,0.48000542779522803,0.5200116048865884
1.3333333333333335,,0.48000541343805825,0.5200115741902704
1.3336333633363338,,0.4800053991188649,0.5200115435751479
1.333933393339334,,0.48000538483754757,0.5200115130410061
1.3342334233423343,,0.480005370594006,0.5200114825876307
1.3345334533453346,,0.48000535638814035,0.5200114522148083
1.3348334833483348,,0.48000534221985086,0.5200114219223254
1.3351335133513351,,0.48000532808903823,0.5200113917099699
1.3354335433543354,,0.48000531399560326,0.5200113615775297
1.3357335733573361,,0.4800052999394471,0.5200113315247934
1.3360336033603364,,0.4800052859204712,0.5200113015515502
1.3363336333633367,,0.48000527193857717,0.5200112716575898
1.336633663366337,,0.4800052579936669,0.5200112418427025
1.3369336933693372,,0.4800052440856426,0.5200112121066791
1.3372337233723375,,0.4800052302144067,0.5200111824493112
1.3375337533753378,,0.4800052163798619,0.5200111528703905
1.337833783378338,,0.4800052025819111,0.5200111233697096
1.3381338133813383,,0.4800051888204575,0.5200110939470615
1.3384338433843386,,0.48000517509540463,0.5200110646022399
1.3387338733873388,,0.48000516140665617,0.5200110353350388
1.3390339033903391,,0.48000514775411607,0.520011006145253
1.3393339333933394,,0.48000513413768864,0.5200109770326776
1.3396339633963397,,0.48000512055727823,0.5200109479971086
1.33993399339934,,0.48000510701278964,0.5200109190383421
1.3402340234023402,,0.48000509350412784,0.520010890156175
1.340534053405341,,0.4800050800311981,0.5200108613504046
1.3408340834083412,,0.48000506659390585,0.520010832620829
1.3411341134113415,,0.48000505319215686,0.5200108039672466
1.3414341434143418,,0.48000503982585707,0.5200107753894563
1.341734173417342,,0.4800050264949128,0.5200107468872578
1.3420342034203423,,0.48000501319923045,0.5200107184604509
1.3423342334233426,,0.48000499993871676,0.5200106901088364
1.3426342634263428,,0.48000498671327874,0.5200106618322152
1.3429342934293431,,0.48000497352282356,0.5200106336303891
1.3432343234323434,,0.48000496036725876,0.5200106055031603
1.3435343534353437,,0.48000494724649195,0.5200105774503313
1.343834383438344,,0.48000493416043116,0.5200105494717054
1.3441344134413442,,0.48000492110898463,0.5200105215670864
1.3444344434443445,,0.48000490809206064,0.5200104937362784
1.3447344734473448,,0.48000489510956806,0.5200104659790863
1.345034503450345,,0.4800048821614157,0.5200104382953152
1.3453345334533453,,0.48000486924751273,0.520010410684771
1.345634563456346,,0.4800048563677686,0.5200103831472601
1.3459345934593463,,0.48000484352209294,0.5200103556825891
1.3462346234623466,,0.4800048307103956,0.5200103282905655
1.3465346534653468,,0.48000481793258676,0.5200103009709971
1.3468346834683471,,0.4800048051885768,0.5200102737236922
1.3471347134713474,,0.4800047924782762,0.5200102465484597
1.3474347434743477,,0.4800047798015959,0.520010219445109
1.347734773477348,,0.480004767158447,0.5200101924134498
1.3480348034803482,,0.48000475454874064,0.5200101654532927
1.3483348334833485,,0.4800047419723885,0.5200101385644484
1.3486348634863488,,0.48000472942930233,0.5200101117467283
1.348934893489349,,0.4800047169193941,0.5200100849999443
1.3492349234923493,,0.48000470444257615,0.5200100583239088
1.3495349534953496,,0.48000469199876084,0.5200100317184345
1.3498349834983498,,0.48000467958786086,0.520010005183335
1.3501350135013501,,0.48000466720978924,0.5200099787184239
1.3504350435043504,,0.48000465486445915,0.5200099523235157
1.3507350735073511,,0.4800046425517839,0.5200099259984252
1.3510351035103514,,0.4800046302716771,0.5200098997429677
1.3513351335133517,,0.4800046180240527,0.5200098735569592
1.351635163516352,,0.48000460580882476,0.5200098474402156
1.3519351935193522,,0.4800045936259075,0.520009821392554
1.3522352235223525,,0.4800045814752156,0.5200097954137917
1.3525352535253528,,0.4800045693566637,0.5200097695037462
1.352835283528353,,0.4800045572701668,0.520009743662236
1.3531353135313533,,0.4800045452156401,0.5200097178890796
1.3534353435343536,,0.4800045331929991,0.5200096921840962
1.3537353735373538,,0.4800045212021595,0.5200096665471057
1.3540354035403541,,0.48000450924303706,0.5200096409779281
1.3543354335433544,,0.4800044973155479,0.520009615476384
1.3546354635463547,,0.4800044854196084,0.5200095900422946
1.354935493549355,,0.4800044735551351,0.5200095646754813
1.3552355235523552,,0.48000446172204475,0.5200095393757664
1.355535553555356,,0.4800044499202543,0.5200095141429723
1.3558355835583562,,0.4800044381496811,0.5200094889769218
1.3561356135613565,,0.4800044264102424,0.5200094638774386
1.3564356435643568,,0.4800044147018559,0.5200094388443466
1.356735673567357,,0.48000440302443953,0.5200094138774701
1.3570357035703573,,0.4800043913779113,0.520009388976634
1.3573357335733576,,0.48000437976218957,0.5200093641416635
1.3576357635763578,,0.4800043681771928,0.5200093393723846
1.3579357935793581,,0.48000435662283975,0.5200093146686233
1.3582358235823584,,0.4800043450990493,0.5200092900302066
1.3585358535853587,,0.4800043336057407,0.5200092654569612
1.358835883588359,,0.4800043221428333,0.5200092409487151
1.3591359135913592,,0.48000431071024663,0.5200092165052963
1.3594359435943595,,0.4800042993079005,0.5200091921265333
1.3597359735973598,,0.480004287935715,0.520009167812255
1.36003600360036,,0.4800042765936102,0.5200091435622909
1.3603360336033603,,0.48000426528150675,0.5200091193764708
1.360636063606361,,0.4800042539993251,0.5200090952546251
1.3609360936093613,,0.48000424274698617,0.5200090711965847
1.3612361236123616,,0.4800042315244111,0.5200090472021806
1.3615361536153618,,0.48000422033152096,0.5200090232712445
1.3618361836183621,,0.48000420916823744,0.5200089994036088
1.3621362136213624,,0.48000419803448213,0.5200089755991057
1.3624362436243627,,0.48000418693017693,0.5200089518575685
1.362736273627363,,0.48000417585524396,0.5200089281788304
1.3630363036303632,,0.4800041648096055,0.5200089045627254
1.3633363336333635,,0.4800041537931841,0.5200088810090878
1.3636363636363638,,0.4800041428059024,0.5200088575177525
1.363936393639364,,0.4800041318476835,0.5200088340885546
1.3642364236423643,,0.4800041209184503,0.5200088107213297
1.3645364536453646,,0.48000411001812626,0.5200087874159138
1.3648364836483649,,0.4800040991466349,0.5200087641721437
1.3651365136513651,,0.4800040883038999,0.520008740989856
1.3654365436543658,,0.48000407748984525,0.5200087178688884
1.3657365736573661,,0.48000406670439505,0.5200086948090784
1.3660366036603664,,0.4800040559474737,0.5200086718102644
1.3663366336633667,,0.4800040452190057,0.520008648872285
1.366636663666367,,0.48000403451891577,0.5200086259949794
1.3669366936693672,,0.48000402384712887,0.520008603178187
1.3672367236723675,,0.4800040132035701,0.5200085804217477
1.3675367536753678,,0.48000400258816484,0.5200085577255019
1.367836783678368,,0.4800039920008386,0.5200085350892905
1.3681368136813683,,0.48000398144151707,0.5200085125129544
1.3684368436843686,,0.48000397091012625,0.5200084899963355
1.3687368736873688,,0.4800039604065922,0.5200084675392759
1.3690369036903691,,0.4800039499308413,0.5200084451416178
1.3693369336933694,,0.48000393948279996,0.5200084228032041
1.3696369636963697,,0.480003929062395,0.5200084005238783
1.36993699369937,,0.4800039186695532,0.520008378303484
1.3702370237023702,,0.48000390830420175,0.5200083561418652
1.370537053705371,,0.4800038979662679,0.5200083340388667
1.3708370837083712,,0.48000388765567914,0.5200083119943332
1.3711371137113715,,0.4800038773723631,0.5200082900081101
1.3714371437143718,,0.48000386711624765,0.5200082680800433
1.371737173717372,,0.4800038568872609,0.5200082462099788
1.3720372037203723,,0.480003846685331,0.5200082243977633
1.3723372337233726,,0.4800038365103865,0.5200082026432437
1.3726372637263728,,0.48000382636235583,0.5200081809462673
1.3729372937293731,,0.480003816241168,0.5200081593066821
1.3732373237323734,,0.4800038061467519,0.5200081377243362
1.3735373537353737,,0.48000379607903676,0.5200081161990782
1.373837383738374,,0.48000378603795196,0.520008094730757
1.3741374137413742,,0.480003776023427,0.5200080733192222
1.3744374437443745,,0.48000376603539163,0.5200080519643234
1.3747374737473748,,0.4800037560737759,0.520008030665911
1.375037503750375,,0.4800037461385097,0.5200080094238353
1.3753375337533753,,0.4800037362295236,0.5200079882379475
1.375637563756376,,0.48000372634674787,0.5200079671080989
1.3759375937593763,,0.4800037164901133,0.5200079460341414
1.3762376237623766,,0.4800037066595507,0.5200079250159269
1.3765376537653768,,0.48000369685499117,0.5200079040533081
1.3768376837683771,,0.48000368707636587,0.520007883146138
1.3771377137713774,,0.48000367732360616,0.5200078622942699
1.3774377437743777,,0.4800036675966437,0.5200078414975574
1.377737773777378,,0.48000365789541016,0.5200078207558548
1.3780378037803782,,0.4800036482198376,0.5200078000690165
1.3783378337833785,,0.4800036385698581,0.5200077794368972
1.3786378637863788,,0.48000362894540394,0.5200077588593526
1.378937893789379,,0.4800036193464076,0.5200077383362378
1.3792379237923793,,0.48000360977280176,0.5200077178674093
1.3795379537953796,,0.48000360022451927,0.5200076974527232
1.3798379837983799,,0.4800035907014931,0.5200076770920364
1.3801380138013801,,0.48000358120365655,0.5200076567852061
1.3804380438043808,,0.4800035717309429,0.5200076365320898
1.3807380738073811,,0.48000356228328567,0.5200076163325454
1.3810381038103814,,0.48000355286061863,0.5200075961864312
1.3813381338133817,,0.4800035434628757,0.5200075760936059
1.381638163816382,,0.4800035340899909,0.5200075560539286
1.3819381938193822,,0.48000352474189856,0.5200075360672586
1.3822382238223825,,0.480003515418533,0.5200075161334557
1.3825382538253828,,0.48000350611982884,0.5200074962523802
1.382838283828383,,0.4800034968457209,0.5200074764238924
1.3831383138313833,,0.4800034875961441,0.5200074566478535
1.3834383438343836,,0.4800034783710335,0.5200074369241244
1.3837383738373839,,0.48000346917032444,0.520007417252567
1.3840384038403841,,0.4800034599939524,0.5200073976330434
1.3843384338433844,,0.4800034508418529,0.5200073780654156
1.3846384638463847,,0.4800034417139618,0.5200073585495466
1.384938493849385,,0.48000343261021516,0.5200073390852994
1.3852385238523852,,0.4800034235305489,0.5200073196725374
1.385538553855386,,0.4800034144748995,0.5200073003111246
1.3858385838583862,,0.4800034054432034,0.520007281000925
1.3861386138613865,,0.48000339643539724,0.5200072617418032
1.3864386438643868,,0.4800033874514178,0.5200072425336241
1.386738673867387,,0.480003378491202,0.5200072233762529
1.3870387038703873,,0.4800033695546871,0.5200072042695553
1.3873387338733876,,0.4800033606418103,0.5200071852133972
1.3876387638763878,,0.4800033517525092,0.5200071662076449
1.3879387938793881,,0.48000334288672136,0.5200071472521651
1.3882388238823884,,0.48000333404438456,0.5200071283468248
1.3885388538853887,,0.4800033252254368,0.5200071094914914
1.388838883888389,,0.4800033164298162,0.5200070906860327
1.3891389138913892,,0.48000330765746113,0.5200070719303166
1.3894389438943895,,0.48000329890830995,0.5200070532242116
1.3897389738973898,,0.4800032901823013,0.5200070345675866
1.39003900390039,,0.48000328147937404,0.5200070159603105
1.3903390339033903,,0.4800032727994671,0.520006997402253
1.390639063906391,,0.4800032641425195,0.5200069788932837
1.3909390939093913,,0.4800032555084705,0.5200069604332729
1.3912391239123916,,0.4800032468972597,0.520006942022091
1.3915391539153918,,0.4800032383088265,0.5200069236596089
1.3918391839183921,,0.4800032297431108,0.5200069053456977
1.3921392139213924,,0.48000322120005245,0.5200068870802291
1.3924392439243927,,0.4800032126795915,0.5200068688630748
1.392739273927393,,0.4800032041816682,0.520006850694107
1.3930393039303932,,0.4800031957062229,0.5200068325731985
1.3933393339333935,,0.4800031872531962,0.5200068145002218
1.3936393639363938,,0.48000317882252874,0.5200067964750503
1.393939393939394,,0.48000317041416146,0.5200067784975576
1.3942394239423943,,0.4800031620280353,0.5200067605676175
1.3945394539453946,,0.4800031536640914,0.5200067426851043
1.3948394839483949,,0.4800031453222712,0.5200067248498924
1.3951395139513951,,0.48000313700251607,0.5200067070618568
1.3954395439543958,,0.4800031287047677,0.5200066893208728
1.3957395739573961,,0.48000312042896787,0.5200066716268157
1.3960396039603964,,0.48000311217505853,0.5200066539795616
1.3963396339633967,,0.48000310394298173,0.5200066363789865
1.396639663966397,,0.48000309573267985,0.5200066188249671
1.3969396939693972,,0.48000308754409515,0.5200066013173802
1.3972397239723975,,0.48000307937717024,0.5200065838561029
1.3975397539753978,,0.4800030712318478,0.5200065664410128
1.397839783978398,,0.4800030631080707,0.5200065490719877
1.3981398139813983,,0.48000305500578205,0.5200065317489059
1.3984398439843986,,0.4800030469249249,0.5200065144716456
1.3987398739873989,,0.48000303886544254,0.5200064972400856
1.3990399039903991,,0.4800030308272785,0.5200064800541053
1.3993399339933994,,0.48000302281037643,0.520006462913584
1.3996399639963997,,0.48000301481467994,0.5200064458184014
1.3999399939994,,0.4800030068401331,0.5200064287684376
1.4002400240024002,,0.48000299888667985,0.520006411763573
1.400540054005401,,0.48000299095426446,0.5200063948036884
1.4008400840084012,,0.48000298304283123,0.5200063778886646
1.4011401140114015,,0.4800029751523247,0.5200063610183832
1.4014401440144018,,0.4800029672826895,0.5200063441927255
1.401740174017402,,0.48000295943387045,0.5200063274115738
1.4020402040204023,,0.48000295160581247,0.5200063106748103
1.4023402340234026,,0.48000294379846065,0.5200062939823176
1.4026402640264028,,0.4800029360117602,0.5200062773339784
1.4029402940294031,,0.4800029282456565,0.5200062607296762
1.4032403240324034,,0.4800029205000951,0.5200062441692942
1.4035403540354037,,0.48000291277502155,0.5200062276527165
1.403840384038404,,0.48000290507038185,0.5200062111798271
1.4041404140414042,,0.4800028973861218,0.5200061947505106
1.4044404440444045,,0.4800028897221876,0.5200061783646515
1.4047404740474048,,0.4800028820785253,0.520006162022135
1.405040504050405,,0.4800028744550815,0.5200061457228463
1.4053405340534053,,0.4800028668518026,0.5200061294666714
1.405640564056406,,0.4800028592686353,0.5200061132534958
1.4059405940594063,,0.48000285170552637,0.5200060970832061
1.4062406240624066,,0.4800028441624228,0.5200060809556888
1.4065406540654068,,0.4800028366392716,0.5200060648708307
1.4068406840684071,,0.4800028291360201,0.5200060488285189
1.4071407140714074,,0.48000282165261554,0.520006032828641
1.4074407440744077,,0.4800028141890055,0.5200060168710847
1.407740774077408,,0.4800028067451376,0.520006000955738
1.4080408040804082,,0.48000279932095963,0.5200059850824894
1.4083408340834085,,0.48000279191641954,0.5200059692512273
1.4086408640864088,,0.4800027845314653,0.520005953461841
1.408940894089409,,0.48000277716604517,0.5200059377142193
1.4092409240924093,,0.4800027698201074,0.5200059220082521
1.4095409540954096,,0.48000276249360063,0.520005906343829
1.4098409840984099,,0.4800027551864733,0.5200058907208402
1.4101410141014101,,0.48000274789867414,0.5200058751391761
1.4104410441044108,,0.48000274063015214,0.5200058595987274
1.4107410741074111,,0.48000273338085625,0.520005844099385
1.4110411041104114,,0.48000272615073564,0.5200058286410402
1.4113411341134117,,0.4800027189397395,0.5200058132235846
1.411641164116412,,0.4800027117478174,0.52000579784691
1.4119411941194122,,0.4800027045749187,0.5200057825109086
1.4122412241224125,,0.4800026974209932,0.5200057672154728
1.4125412541254128,,0.48000269028599074,0.5200057519604951
1.412841284128413,,0.4800026831698612,0.5200057367458688
1.4131413141314133,,0.4800026760725547,0.520005721571487
1.4134413441344136,,0.4800026689940214,0.5200057064372432
1.4137413741374139,,0.48000266193421165,0.5200056913430313
1.4140414041404141,,0.480002654893076,0.5200056762887454
1.4143414341434144,,0.4800026478705649,0.5200056612742799
1.4146414641464147,,0.48000264086662925,0.5200056462995295
1.414941494149415,,0.4800026338812199,0.5200056313643892
1.4152415241524152,,0.4800026269142877,0.520005616468754
1.415541554155416,,0.4800026199657839,0.5200056016125195
1.4158415841584162,,0.4800026130356598,0.5200055867955816
1.4161416141614165,,0.48000260612386664,0.5200055720178363
1.4164416441644168,,0.480002599230356,0.5200055572791799
1.416741674167417,,0.4800025923550795,0.5200055425795089
1.4170417041704173,,0.480002585497989,0.5200055279187205
1.4173417341734176,,0.4800025786590363,0.5200055132967115
1.4176417641764179,,0.48000257183817346,0.5200054987133795
1.4179417941794181,,0.4800025650353526,0.5200054841686222
1.4182418241824184,,0.480002558250526,0.5200054696623375
1.4185418541854187,,0.4800025514836461,0.5200054551944236
1.418841884188419,,0.4800025447346654,0.5200054407647792
1.4191419141914192,,0.4800025380035366,0.5200054263733028
1.4194419441944195,,0.4800025312902124,0.5200054120198937
1.4197419741974198,,0.4800025245946458,0.5200053977044511
1.42004200420042,,0.4800025179167898,0.5200053834268745
1.4203420342034203,,0.48000251125659743,0.5200053691870639
1.420642064206421,,0.4800025046140221,0.5200053549849192
1.4209420942094213,,0.48000249798901723,0.5200053408203409
1.4212421242124216,,0.4800024913815363,0.5200053266932295
1.4215421542154218,,0.48000248479153285,0.5200053126034861
1.4218421842184221,,0.4800024782189608,0.5200052985510119
1.4221422142214224,,0.480002471663774,0.520005284535708
1.4224422442244227,,0.4800024651259265,0.5200052705574764
1.422742274227423,,0.48000245860537233,0.5200052566162188
1.4230423042304232,,0.4800024521020658,0.5200052427118376
1.4233423342334235,,0.4800024456159614,0.5200052288442351
1.4236423642364238,,0.4800024391470134,0.520005215013314
1.423942394239424,,0.4800024326951766,0.5200052012189774
1.4242424242424243,,0.4800024262604057,0.5200051874611284
1.4245424542454246,,0.4800024198426555,0.5200051737396707
1.4248424842484249,,0.48000241344188105,0.5200051600545078
1.4251425142514251,,0.48000240705803743,0.5200051464055438
1.4254425442544258,,0.4800024006910798,0.5200051327926831
1.4257425742574261,,0.48000239434096353,0.5200051192158299
1.4260426042604264,,0.4800023880076441,0.5200051056748892
1.4263426342634267,,0.48000238169107706,0.5200050921697659
1.426642664266427,,0.48000237539121815,0.5200050787003652
1.4269426942694272,,0.4800023691080231,0.5200050652665927
1.4272427242724275,,0.4800023628414478,0.5200050518683541
1.4275427542754278,,0.48000235659144835,0.5200050385055556
1.427842784278428,,0.48000235035798094,0.5200050251781032
1.4281428142814283,,0.4800023441410018,0.5200050118859035
1.4284428442844286,,0.48000233794046726,0.5200049986288633
1.4287428742874289,,0.48000233175633394,0.5200049854068896
1.4290429042904291,,0.4800023255885584,0.5200049722198895
1.4293429342934294,,0.4800023194370973,0.5200049590677707
1.4296429642964297,,0.4800023133019076,0.5200049459504408
1.42994299429943,,0.48000230718294623,0.5200049328678078
1.4302430243024302,,0.4800023010801702,0.5200049198197799
1.430543054305431,,0.48000229499353675,0.5200049068062657
1.4308430843084312,,0.48000228892300323,0.5200048938271737
1.4311431143114315,,0.480002282868527,0.520004880882413
1.4314431443144318,,0.4800022768300655,0.5200048679718928
1.431743174317432,,0.4800022708075765,0.5200048550955224
1.4320432043204323,,0.4800022648010177,0.5200048422532116
1.4323432343234326,,0.480002258810347,0.5200048294448703
1.4326432643264329,,0.48000225283552234,0.5200048166704084
1.4329432943294331,,0.4800022468765018,0.5200048039297367
1.4332433243324334,,0.48000224093324356,0.5200047912227654
1.4335433543354337,,0.480002235005706,0.5200047785494057
1.433843384338434,,0.48000222909384743,0.5200047659095686
1.4341434143414342,,0.4800022231976265,0.5200047533031653
1.4344434443444345,,0.4800022173170017,0.5200047407301075
1.4347434743474348,,0.48000221145193195,0.520004728190307
1.435043504350435,,0.48000220560237594,0.5200047156836757
1.4353435343534353,,0.4800021997682927,0.5200047032101259
1.435643564356436,,0.4800021939496414,0.5200046907695702
1.4359435943594363,,0.48000218814638107,0.5200046783619212
1.4362436243624366,,0.4800021823584711,0.520004665987092
1.4365436543654369,,0.4800021765858708,0.5200046536449957
1.4368436843684371,,0.48000217082853974,0.5200046413355457
1.4371437143714374,,0.4800021650864375,0.5200046290586556
1.4374437443744377,,0.48000215935952384,0.5200046168142395
1.437743774377438,,0.4800021536477585,0.5200046046022113
1.4380438043804382,,0.4800021479511015,0.5200045924224853
1.4383438343834385,,0.4800021422695128,0.5200045802749762
1.4386438643864388,,0.48000213660295266,0.5200045681595987
1.438943894389439,,0.4800021309513812,0.5200045560762679
1.4392439243924393,,0.4800021253147589,0.5200045440248989
1.4395439543954396,,0.48000211969304607,0.5200045320054072
1.4398439843984399,,0.48000211408620336,0.5200045200177086
1.4401440144014401,,0.4800021084941914,0.5200045080617188
1.4404440444044408,,0.480002102916971,0.520004496137354
1.4407440744074411,,0.480002097354503,0.5200044842445306
1.4410441044104414,,0.48000209180674847,0.5200044723831653
1.4413441344134417,,0.48000208627366836,0.5200044605531745
1.441644164416442,,0.4800020807552239,0.5200044487544756
1.4419441944194422,,0.4800020752513764,0.5200044369869856
1.4422442244224425,,0.48000206976208726,0.5200044252506221
1.4425442544254428,,0.4800020642873179,0.5200044135453026
1.442844284428443,,0.48000205882703,0.5200044018709452
1.4431443144314433,,0.4800020533811852,0.5200043902274678
1.4434443444344436,,0.4800020479497453,0.5200043786147888
1.4437443744374439,,0.48000204253267226,0.5200043670328267
1.4440444044404441,,0.480002037129928,0.5200043554815003
1.4443444344434444,,0.48000203174147466,0.5200043439607286
1.4446444644464447,,0.4800020263672744,0.5200043324704307
1.444944494449445,,0.48000202100728956,0.520004321010526
1.4452445244524452,,0.48000201566148254,0.520004309580934
1.445544554455446,,0.4800020103298158,0.5200042981815748
1.4458445844584462,,0.480002005012252,0.5200042868123682
1.4461446144614465,,0.48000199970875373,0.5200042754732346
1.4464446444644468,,0.4800019944192839,0.5200042641640943
1.446744674467447,,0.4800019891438053,0.5200042528848681
1.4470447044704473,,0.480001983882281,0.5200042416354768
1.4473447344734476,,0.4800019786346741,0.5200042304158414
1.4476447644764479,,0.4800019734009477,0.5200042192258834
1.4479447944794481,,0.48000196818106516,0.520004208065524
1.4482448244824484,,0.4800019629749898,0.5200041969346852
1.4485448544854487,,0.4800019577826852,0.5200041858332889
1.448844884488449,,0.4800019526041148,0.520004174761257
1.4491449144914492,,0.4800019474392424,0.520004163718512
1.4494449444944495,,0.48000194228803167,0.5200041527049764
1.4497449744974498,,0.48000193715044653,0.5200041417205729
1.45004500450045,,0.4800019320264509,0.5200041307652244
1.4503450345034503,,0.48000192691600885,0.5200041198388542
1.450645064506451,,0.4800019218190846,0.5200041089413856
1.4509450945094513,,0.48000191673564224,0.5200040980727421
1.4512451245124516,,0.4800019116656462,0.5200040872328474
1.4515451545154519,,0.48000190660906095,0.5200040764216255
1.4518451845184521,,0.480001901565851,0.5200040656390007
1.4521452145214524,,0.4800018965359809,0.5200040548848971
1.4524452445244527,,0.4800018915194154,0.5200040441592395
1.452745274527453,,0.48000188651611936,0.5200040334619525
1.4530453045304532,,0.4800018815260576,0.5200040227929611
1.4533453345334535,,0.4800018765491952,0.5200040121521905
1.4536453645364538,,0.4800018715854971,0.520004001539566
1.453945394539454,,0.4800018666349287,0.5200039909550132
1.4542454245424543,,0.48000186169745507,0.5200039803984577
1.4545454545454546,,0.4800018567730417,0.5200039698698257
1.4548454845484549,,0.48000185186165395,0.5200039593690431
1.4551455145514551,,0.48000184696325743,0.5200039488960364
1.4554455445544559,,0.48000184207781776,0.520003938450732
1.4557455745574561,,0.48000183720530065,0.5200039280330567
1.4560456045604564,,0.48000183234567195,0.5200039176429374
1.4563456345634567,,0.4800018274988975,0.5200039072803013
1.456645664566457,,0.48000182266494346,0.5200038969450755
1.4569456945694572,,0.4800018178437757,0.5200038866371877
1.4572457245724575,,0.4800018130353606,0.5200038763565654
1.4575457545754578,,0.48000180823966426,0.5200038661031366
1.457845784578458,,0.48000180345665316,0.5200038558768295
1.4581458145814583,,0.48000179868629367,0.5200038456775721
1.4584458445844586,,0.48000179392855236,0.5200038355052929
1.4587458745874589,,0.48000178918339587,0.5200038253599207
1.4590459045904591,,0.48000178445079084,0.5200038152413842
1.4593459345934594,,0.4800017797307042,0.5200038051496124
1.4596459645964597,,0.48000177502310265,0.5200037950845346
1.45994599459946,,0.4800017703279533,0.5200037850460801
1.4602460246024602,,0.48000176564522323,0.5200037750341786
1.460546054605461,,0.48000176097487957,0.5200037650487597
1.4608460846084612,,0.48000175631688946,0.5200037550897534
1.4611461146114615,,0.4800017516712203,0.5200037451570899
1.4614461446144618,,0.4800017470378395,0.5200037352506995
1.461746174617462,,0.48000174241671456,0.5200037253705128
1.4620462046204623,,0.4800017378078131,0.5200037155164602
1.4623462346234626,,0.4800017332111026,0.5200037056884729
1.4626462646264629,,0.48000172862655105,0.5200036958864817
1.4629462946294631,,0.4800017240541262,0.520003686110418
1.4632463246324634,,0.48000171949379594,0.5200036763602132
1.4635463546354637,,0.4800017149455283,0.5200036666357988
1.463846384638464,,0.48000171040929135,0.5200036569371066
1.4641464146414642,,0.4800017058850533,0.5200036472640687
1.4644464446444645,,0.4800017013727824,0.520003637616617
1.4647464746474648,,0.48000169687244704,0.5200036279946841
1.465046504650465,,0.4800016923840156,0.5200036183982024
1.4653465346534658,,0.48000168790745656,0.5200036088271045
1.465646564656466,,0.4800016834427386,0.5200035992813232
1.4659465946594663,,0.4800016789898303,0.5200035897607918
1.4662466246624666,,0.4800016745487006,0.5200035802654432
1.4665466546654669,,0.4800016701193181,0.5200035707952111
1.4668466846684671,,0.48000166570165187,0.5200035613500288
1.4671467146714674,,0.4800016612956709,0.5200035519298302
1.4674467446744677,,0.4800016569013443,0.5200035425345491
1.467746774677468,,0.4800016525186412,0.5200035331641196
1.4680468046804682,,0.4800016481475309,0.520003523818476
1.4683468346834685,,0.4800016437879827,0.5200035144975529
1.4686468646864688,,0.480001639439966,0.5200035052012847
1.468946894689469,,0.48000163510345034,0.5200034959296063
1.4692469246924693,,0.4800016307784053,0.5200034866824524
1.4695469546954696,,0.48000162646480055,0.5200034774597585
1.4698469846984699,,0.4800016221626058,0.5200034682614597
1.4701470147014701,,0.4800016178717908,0.5200034590874915
1.4704470447044709,,0.48000161359232557,0.5200034499377896
1.4707470747074711,,0.48000160932418,0.5200034408122897
1.4710471047104714,,0.48000160506732426,0.5200034317109278
1.4713471347134717,,0.4800016008217284,0.5200034226336402
1.471647164716472,,0.48000159658736263,0.5200034135803631
1.4719471947194722,,0.48000159236419726,0.5200034045510329
1.4722472247224725,,0.4800015881522027,0.5200033955455864
1.4725472547254728,,0.4800015839513493,0.5200033865639605
1.472847284728473,,0.48000157976160773,0.5200033776060919
1.4731473147314733,,0.4800015755829485,0.5200033686719181
1.4734473447344736,,0.48000157141534233,0.5200033597613762
1.4737473747374739,,0.48000156725876,0.5200033508744037
1.4740474047404741,,0.48000156311317227,0.5200033420109385
1.4743474347434744,,0.4800015589785502,0.520003333170918
1.4746474647464747,,0.4800015548548646,0.5200033243542805
1.474947494749475,,0.4800015507420867,0.5200033155609641
1.4752475247524752,,0.4800015466401876,0.520003306790907
1.475547554755476,,0.4800015425491385,0.5200032980440479
1.4758475847584762,,0.48000153846891075,0.5200032893203251
1.4761476147614765,,0.4800015343994757,0.5200032806196777
1.4764476447644768,,0.4800015303408047,0.5200032719420445
1.476747674767477,,0.48000152629286946,0.5200032632873648
1.4770477047704773,,0.48000152225564147,0.5200032546555777
1.4773477347734776,,0.4800015182290924,0.5200032460466227
1.4776477647764779,,0.48000151421319415,0.5200032374604395
1.4779477947794781,,0.4800015102079183,0.5200032288969677
1.4782478247824784,,0.48000150621323695,0.5200032203561473
1.4785478547854787,,0.480001502229122,0.5200032118379184
1.478847884788479,,0.4800014982555455,0.5200032033422213
1.4791479147914792,,0.4800014942924796,0.5200031948689963
1.4794479447944795,,0.4800014903398965,0.520003186418184
1.4797479747974798,,0.48000148639776846,0.5200031779897252
1.48004800480048,,0.4800014824660678,0.5200031695835605
1.4803480348034808,,0.48000147854476694,0.5200031611996313
1.480648064806481,,0.4800014746338384,0.5200031528378785
1.4809480948094813,,0.4800014707332548,0.5200031444982436
1.4812481248124816,,0.48000146684298867,0.520003136180668
1.4815481548154819,,0.4800014629630127,0.5200031278850933
1.4818481848184821,,0.48000145909329983,0.5200031196114615
1.4821482148214824,,0.48000145523382276,0.5200031113597144
1.4824482448244827,,0.48000145138455447,0.5200031031297941
1.482748274827483,,0.480001447545468,0.5200030949216431
1.4830483048304832,,0.4800014437165363,0.5200030867352036
1.4833483348334835,,0.48000143989773264,0.5200030785704182
1.4836483648364838,,0.4800014360890302,0.5200030704272295
1.483948394839484,,0.48000143229040215,0.5200030623055807
1.4842484248424843,,0.480001428501822,0.5200030542054145
1.4845484548454846,,0.48000142472326307,0.5200030461266743
1.4848484848484849,,0.4800014209546989,0.5200030380693033
1.4851485148514851,,0.480001417196103,0.520003030033245
1.4854485448544859,,0.48000141344744907,0.5200030220184431
1.4857485748574861,,0.4800014097087108,0.5200030140248413
1.4860486048604864,,0.4800014059798619,0.5200030060523835
1.4863486348634867,,0.48000140226087623,0.5200029981010138
1.486648664866487,,0.4800013985517278,0.5200029901706764
1.4869486948694872,,0.48000139485239046,0.5200029822613158
1.4872487248724875,,0.4800013911628383,0.5200029743728763
1.4875487548754878,,0.4800013874830455,0.5200029665053028
1.487848784878488,,0.4800013838129862,0.5200029586585398
1.4881488148814883,,0.48000138015263455,0.5200029508325326
1.4884488448844886,,0.48000137650196506,0.520002943027226
1.4887488748874889,,0.480001372860952,0.5200029352425655
1.4890489048904891,,0.4800013692295699,0.5200029274784963
1.4893489348934894,,0.48000136560779316,0.5200029197349639
1.4896489648964897,,0.4800013619955965,0.5200029120119142
1.48994899489949,,0.4800013583929545,0.5200029043092929
1.4902490249024902,,0.48000135479984196,0.5200028966270459
1.490549054905491,,0.4800013512162336,0.5200028889651194
1.4908490849084912,,0.4800013476421044,0.5200028813234595
1.4911491149114915,,0.4800013440774291,0.5200028737020128
1.4914491449144918,,0.48000134052218285,0.5200028661007258
1.491749174917492,,0.4800013369763406,0.5200028585195451
1.4920492049204923,,0.4800013334398776,0.5200028509584175
1.4923492349234926,,0.48000132991276895,0.52000284341729
1.4926492649264929,,0.4800013263949899,0.5200028358961096
1.4929492949294931,,0.4800013228865158,0.5200028283948237
1.4932493249324934,,0.48000131938732205,0.5200028209133797
1.4935493549354937,,0.4800013158973841,0.5200028134517248
1.493849384938494,,0.48000131241667743,0.5200028060098071
1.4941494149414942,,0.4800013089451776,0.520002798587574
1.4944494449444945,,0.4800013054828604,0.5200027911849737
1.4947494749474948,,0.4800013020297014,0.5200027838019541
1.495049504950495,,0.4800012985856764,0.5200027764384635
1.4953495349534958,,0.4800012951507613,0.5200027690944502
1.495649564956496,,0.48000129172493194,0.5200027617698627
1.4959495949594963,,0.48000128830816435,0.5200027544646497
1.4962496249624966,,0.4800012849004345,0.5200027471787598
1.4965496549654969,,0.48000128150171845,0.520002739912142
1.4968496849684971,,0.48000127811199245,0.5200027326647452
1.4971497149714974,,0.4800012747312327,0.5200027254365186
1.4974497449744977,,0.48000127135941545,0.5200027182274116
1.497749774977498,,0.4800012679965171,0.5200027110373735
1.4980498049804982,,0.48000126464251397,0.5200027038663539
1.4983498349834985,,0.4800012612973826,0.5200026967143027
1.4986498649864988,,0.4800012579610995,0.5200026895811694
1.498949894989499,,0.48000125463364124,0.5200026824669041
1.4992499249924993,,0.48000125131498456,0.5200026753714568
1.4995499549954996,,0.4800012480051061,0.5200026682947779
1.4998499849984999,,0.48000124470398264,0.5200026612368177
1.5001500150015001,,0.48000124141159106,0.5200026541975266
1.5004500450045009,,0.4800012381279083,0.5200026471768553
1.5007500750075011,,0.48000123485291124,0.5200026401747545
1.5010501050105014,,0.4800012315865769,0.520002633191175
1.5013501350135017,,0.4800012283288825,0.5200026262260681
1.501650165016502,,0.480001225079805,0.5200026192793846
1.5019501950195022,,0.48000122183932176,0.5200026123510759
1.5022502250225025,,0.48000121860740996,0.5200026054410936
1.5025502550255028,,0.480001215384047,0.5200025985493888
1.502850285028503,,0.48000121216921016,0.5200025916759136
1.5031503150315033,,0.480001208962877,0.5200025848206193
1.5034503450345036,,0.4800012057650249,0.5200025779834583
1.5037503750375039,,0.4800012025756316,0.5200025711643823
1.5040504050405041,,0.48000119939467456,0.5200025643633437
1.5043504350435044,,0.48000119622213155,0.5200025575802946
1.5046504650465047,,0.48000119305798034,0.5200025508151874
1.504950495049505,,0.48000118990219864,0.5200025440679747
1.5052505250525052,,0.4800011867547644,0.5200025373386093
1.505550555055506,,0.48000118361565547,0.5200025306270439
1.5058505850585062,,0.48000118048484985,0.5200025239332313
1.5061506150615065,,0.4800011773623256,0.5200025172571248
1.5064506450645068,,0.4800011742480608,0.5200025105986772
1.506750675067507,,0.4800011711420336,0.5200025039578421
1.5070507050705073,,0.48000116804422227,0.5200024973345728
1.5073507350735076,,0.480001164954605,0.5200024907288229
1.5076507650765079,,0.4800011618731601,0.5200024841405458
1.5079507950795081,,0.480001158799866,0.5200024775696956
1.5082508250825084,,0.48000115573470115,0.5200024710162262
1.5085508550855087,,0.480001152677644,0.5200024644800915
1.508850885088509,,0.4800011496286732,0.5200024579612456
1.5091509150915092,,0.4800011465877672,0.5200024514596427
1.5094509450945095,,0.4800011435549048,0.5200024449752375
1.5097509750975098,,0.4800011405300647,0.5200024385079842
1.51005100510051,,0.4800011375132257,0.5200024320578377
1.5103510351035108,,0.48000113450436654,0.5200024256247525
1.510651065106511,,0.4800011315034662,0.5200024192086836
1.5109510951095113,,0.4800011285105036,0.520002412809586
1.5112511251125116,,0.48000112552545776,0.5200024064274148
1.5115511551155119,,0.4800011225483077,0.5200024000621252
1.5118511851185121,,0.4800011195790326,0.5200023937136725
1.5121512151215124,,0.4800011166176115,0.5200023873820123
1.5124512451245127,,0.48000111366402376,0.5200023810671001
1.512751275127513,,0.48000111071824864,0.5200023747688914
1.5130513051305132,,0.48000110778026545,0.5200023684873425
1.5133513351335135,,0.48000110485005354,0.5200023622224089
1.5136513651365138,,0.48000110192759243,0.5200023559740469
1.513951395139514,,0.4800010990128616,0.5200023497422125
1.5142514251425143,,0.4800010961058405,0.520002343526862
1.5145514551455146,,0.4800010932065089,0.5200023373279519
1.5148514851485149,,0.48000109031484633,0.5200023311454387
1.5151515151515151,,0.4800010874308326,0.5200023249792789
1.5154515451545159,,0.4800010845544474,0.5200023188294294
1.5157515751575161,,0.48000108168567057,0.520002312695847
1.5160516051605164,,0.48000107882448206,0.5200023065784887
1.5163516351635167,,0.48000107597086167,0.5200023004773114
1.516651665166517,,0.48000107312478946,0.5200022943922725
1.5169516951695172,,0.4800010702862455,0.5200022883233294
1.5172517251725175,,0.48000106745520976,0.5200022822704392
1.5175517551755178,,0.48000106463166253,0.5200022762335598
1.517851785178518,,0.4800010618155839,0.5200022702126486
1.5181518151815183,,0.4800010590069541,0.5200022642076633
1.5184518451845186,,0.48000105620575345,0.520002258218562
1.5187518751875189,,0.48000105341196236,0.5200022522453026
1.5190519051905191,,0.48000105062556114,0.5200022462878432
1.5193519351935194,,0.48000104784653036,0.520002240346142
1.5196519651965197,,0.48000104507485036,0.5200022344201572
1.51995199519952,,0.48000104231050184,0.5200022285098476
1.5202520252025202,,0.48000103955346535,0.5200022226151713
1.520552055205521,,0.4800010368037215,0.5200022167360872
1.5208520852085212,,0.48000103406125116,0.5200022108725538
1.5211521152115215,,0.4800010313260349,0.5200022050245303
1.5214521452145218,,0.48000102859805366,0.5200021991919755
1.521752175217522,,0.4800010258772882,0.5200021933748485
1.5220522052205223,,0.48000102316371956,0.5200021875731086
1.5223522352235226,,0.48000102045732856,0.5200021817867149
1.5226522652265229,,0.48000101775809634,0.5200021760156269
1.5229522952295231,,0.4800010150660039,0.5200021702598041
1.5232523252325234,,0.4800010123810324,0.5200021645192062
1.5235523552355237,,0.48000100970316295,0.5200021587937929
1.523852385238524,,0.48000100703237675,0.5200021530835239
1.5241524152415242,,0.4800010043686551,0.5200021473883594
1.5244524452445245,,0.4800010017119794,0.5200021417082592
1.5247524752475248,,0.48000099906233085,0.5200021360431835
1.525052505250525,,0.48000099641969096,0.5200021303930926
1.5253525352535258,,0.48000099378404115,0.5200021247579469
1.525652565256526,,0.480000991155363,0.520002119137707
1.5259525952595263,,0.480000988533638,0.5200021135323332
1.5262526252625266,,0.48000098591884777,0.5200021079417861
1.5265526552655269,,0.48000098331097396,0.520002102366027
1.5268526852685271,,0.4800009807099983,0.5200020968050162
1.5271527152715274,,0.48000097811590253,0.520002091258715
1.5274527452745277,,0.48000097552866844,0.5200020857270845
1.527752775277528,,0.4800009729482779,0.5200020802100858
1.5280528052805282,,0.48000097037471284,0.5200020747076801
1.5283528352835285,,0.48000096780795515,0.520002069219829
1.5286528652865288,,0.48000096524798685,0.520002063746494
1.528952895289529,,0.4800009626947899,0.5200020582876367
1.5292529252925293,,0.4800009601483466,0.5200020528432185
1.5295529552955296,,0.48000095760863887,0.5200020474132016
1.5298529852985299,,0.48000095507564894,0.5200020419975477
1.5301530153015301,,0.4800009525493591,0.5200020365962189
1.5304530453045309,,0.4800009500297516,0.5200020312091772
1.5307530753075311,,0.4800009475168088,0.5200020258363849
1.5310531053105314,,0.480000945010513,0.5200020204778043
1.5313531353135317,,0.4800009425108467,0.5200020151333977
1.531653165316532,,0.48000094001779225,0.5200020098031278
1.5319531953195322,,0.4800009375313322,0.5200020044869571
1.5322532253225325,,0.48000093505144925,0.5200019991848482
1.5325532553255328,,0.4800009325781258,0.5200019938967642
1.532853285328533,,0.48000093011134465,0.5200019886226677
1.5331533153315333,,0.48000092765108837,0.5200019833625218
1.5334533453345336,,0.48000092519733983,0.5200019781162897
1.5337533753375339,,0.4800009227500817,0.5200019728839343
1.5340534053405341,,0.48000092030929686,0.5200019676654194
1.5343534353435344,,0.48000091787496824,0.520001962460708
1.5346534653465347,,0.4800009154470786,0.5200019572697636
1.534953495349535,,0.48000091302561115,0.5200019520925498
1.5352535253525352,,0.4800009106105487,0.5200019469290306
1.535553555355536,,0.4800009082018744,0.5200019417791694
1.5358535853585362,,0.48000090579957133,0.5200019366429302
1.5361536153615365,,0.48000090340362267,0.520001931520277
1.5364536453645368,,0.48000090101401155,0.5200019264111738
1.536753675367537,,0.4800008986307212,0.5200019213155848
1.5370537053705373,,0.480000896253735,0.5200019162334742
1.5373537353735376,,0.4800008938830362,0.5200019111648064
1.5376537653765379,,0.4800008915186082,0.520001906109546
1.5379537953795381,,0.4800008891604344,0.5200019010676572
1.5382538253825384,,0.4800008868084982,0.5200018960391048
1.5385538553855387,,0.48000088446278316,0.5200018910238536
1.538853885388539,,0.48000088212327285,0.5200018860218684
1.5391539153915392,,0.4800008797899508,0.520001881033114
1.5394539453945395,,0.4800008774628007,0.5200018760575553
1.5397539753975398,,0.48000087514180617,0.5200018710951577
1.54005400540054,,0.4800008728269509,0.5200018661458863
1.5403540354035408,,0.4800008705182188,0.5200018612097062
1.540654065406541,,0.4800008682155935,0.5200018562865829
1.5409540954095413,,0.480000865919059,0.5200018513764818
1.5412541254125416,,0.480000863628599,0.5200018464793686
1.5415541554155419,,0.4800008613441976,0.5200018415952089
1.5418541854185421,,0.4800008590658387,0.5200018367239683
1.5421542154215424,,0.4800008567935064,0.5200018318656127
1.5424542454245427,,0.4800008545271846,0.5200018270201081
1.542754275427543,,0.48000085226685757,0.5200018221874204
1.5430543054305432,,0.4800008500125093,0.5200018173675157
1.5433543354335435,,0.4800008477641241,0.5200018125603603
1.5436543654365438,,0.48000084552168615,0.5200018077659204
1.543954395439544,,0.4800008432851797,0.5200018029841623
1.5442544254425443,,0.4800008410545891,0.5200017982150527
1.5445544554455446,,0.4800008388298987,0.5200017934585578
1.5448544854485449,,0.48000083661109283,0.5200017887146444
1.5451545154515451,,0.48000083439815594,0.5200017839832793
1.5454545454545459,,0.4800008321910726,0.5200017792644291
1.5457545754575461,,0.48000082998982724,0.520001774558061
1.5460546054605464,,0.4800008277944044,0.5200017698641417
1.5463546354635467,,0.48000082560478874,0.5200017651826384
1.546654665466547,,0.4800008234209649,0.5200017605135183
1.5469546954695472,,0.48000082124291754,0.5200017558567486
1.5472547254725475,,0.48000081907063136,0.5200017512122964
1.5475547554755478,,0.48000081690409113,0.5200017465801295
1.547854785478548,,0.48000081474328166,0.5200017419602153
1.5481548154815483,,0.4800008125881878,0.5200017373525212
1.5484548454845486,,0.4800008104387944,0.5200017327570151
1.5487548754875489,,0.48000080829508646,0.5200017281736646
1.5490549054905491,,0.4800008061570488,0.5200017236024376
1.5493549354935494,,0.48000080402466655,0.5200017190433021
1.5496549654965497,,0.4800008018979247,0.520001714496226
1.54995499549955,,0.4800007997768084,0.5200017099611776
1.5502550255025502,,0.48000079766130266,0.5200017054381247
1.550555055505551,,0.48000079555139263,0.520001700927036
1.5508550855085512,,0.48000079344706365,0.5200016964278796
1.5511551155115515,,0.4800007913483008,0.5200016919406241
1.5514551455145518,,0.4800007892550895,0.5200016874652379
1.551755175517552,,0.48000078716741496,0.5200016830016896
1.5520552055205523,,0.48000078508526256,0.5200016785499479
1.5523552355235526,,0.48000078300861776,0.5200016741099817
1.5526552655265529,,0.4800007809374659,0.5200016696817596
1.5529552955295531,,0.4800007788717925,0.5200016652652507
1.5532553255325534,,0.480000776811583,0.5200016608604241
1.5535553555355537,,0.480000774756823,0.5200016564672487
1.553855385538554,,0.48000077270749814,0.5200016520856938
1.5541554155415542,,0.480000770663594,0.5200016477157287
1.5544554455445545,,0.48000076862509616,0.5200016433573227
1.5547554755475548,,0.4800007665919905,0.520001639010445
1.555055505550555,,0.48000076456426255,0.5200016346750655
1.5553555355535558,,0.4800007625418982,0.5200016303511535
1.555655565556556,,0.4800007605248833,0.5200016260386789
1.5559555955595563,,0.4800007585132036,0.5200016217376112
1.5562556255625566,,0.48000075650684504,0.5200016174479204
1.5565556555655569,,0.48000075450579355,0.5200016131695764
1.5568556855685571,,0.4800007525100351,0.520001608902549
1.5571557155715574,,0.48000075051955565,0.5200016046468084
1.5574557455745577,,0.4800007485343412,0.5200016004023249
1.557755775577558,,0.48000074655437797,0.5200015961690685
1.5580558055805582,,0.480000744579652,0.5200015919470095
1.5583558355835585,,0.4800007426101493,0.5200015877361184
1.5586558655865588,,0.48000074064585624,0.5200015835363656
1.558955895589559,,0.48000073868675897,0.5200015793477216
1.5592559255925593,,0.48000073673284377,0.5200015751701572
1.5595559555955596,,0.4800007347840969,0.5200015710036429
1.5598559855985599,,0.48000073284050465,0.5200015668481495
1.5601560156015601,,0.4800007309020535,0.5200015627036478
1.5604560456045609,,0.48000072896872975,0.520001558570109
1.5607560756075611,,0.4800007270405199,0.5200015544475038
1.5610561056105614,,0.4800007251174103,0.5200015503358034
1.5613561356135617,,0.4800007231993877,0.520001546234979
1.561656165616562,,0.4800007212864384,0.5200015421450016
1.5619561956195622,,0.4800007193785491,0.5200015380658428
1.5622562256225625,,0.48000071747570644,0.5200015339974738
1.5625562556255628,,0.480000715577897,0.5200015299398663
1.562856285628563,,0.48000071368510744,0.5200015258929915
1.5631563156315633,,0.4800007117973246,0.5200015218568212
1.5634563456345636,,0.4800007099145352,0.5200015178313271
1.5637563756375639,,0.48000070803672595,0.5200015138164809
1.5640564056405641,,0.48000070616388374,0.5200015098122543
1.5643564356435644,,0.4800007042959954,0.5200015058186196
1.5646564656465647,,0.4800007024330479,0.5200015018355484
1.564956495649565,,0.4800007005750281,0.520001497863013
1.5652565256525657,,0.48000069872192297,0.5200014939009854
1.565556555655566,,0.48000069687371955,0.5200014899494377
1.5658565856585662,,0.4800006950304048,0.5200014860083425
1.5661566156615665,,0.4800006931919659,0.5200014820776718
1.5664566456645668,,0.48000069135838985,0.5200014781573984
1.566756675667567,,0.48000068952966385,0.5200014742474944
1.5670567056705673,,0.4800006877057751,0.5200014703479328
1.5673567356735676,,0.48000068588671063,0.5200014664586857
1.5676567656765679,,0.4800006840724579,0.5200014625797263
1.5679567956795681,,0.4800006822630041,0.5200014587110273
1.5682568256825684,,0.48000068045833644,0.5200014548525613
1.5685568556855687,,0.4800006786584424,0.5200014510043015
1.568856885688569,,0.4800006768633093,0.5200014471662209
1.5691569156915692,,0.4800006750729245,0.5200014433382923
1.5694569456945695,,0.4800006732872755,0.520001439520489
1.5697569756975698,,0.4800006715063498,0.5200014357127845
1.57005700570057,,0.48000066973013483,0.5200014319151517
1.5703570357035708,,0.4800006679586181,0.520001428127564
1.570657065706571,,0.48000066619178733,0.5200014243499951
1.5709570957095713,,0.48000066442963,0.5200014205824182
1.5712571257125716,,0.4800006626721338,0.520001416824807
1.5715571557155719,,0.4800006609192864,0.5200014130771352
1.5718571857185721,,0.4800006591710755,0.5200014093393763
1.5721572157215724,,0.4800006574274888,0.5200014056115044
1.5724572457245727,,0.48000065568851413,0.5200014018934931
1.572757275727573,,0.4800006539541392,0.5200013981853164
1.5730573057305732,,0.48000065222435195,0.5200013944869483
1.5733573357335735,,0.4800006504991402,0.5200013907983627
1.5736573657365738,,0.4800006487784918,0.5200013871195339
1.573957395739574,,0.48000064706239476,0.5200013834504361
1.5742574257425743,,0.480000645350837,0.5200013797910435
1.5745574557455746,,0.48000064364380646,0.5200013761413305
1.5748574857485749,,0.4800006419412913,0.5200013725012713
1.5751575157515751,,0.48000064024327943,0.5200013688708405
1.5754575457545759,,0.48000063854975905,0.5200013652500126
1.5757575757575761,,0.4800006368607182,0.5200013616387623
1.5760576057605764,,0.4800006351761451,0.5200013580370643
1.5763576357635767,,0.4800006334960279,0.520001354444893
1.576657665766577,,0.4800006318203548,0.5200013508622235
1.5769576957695772,,0.48000063014911404,0.5200013472890307
1.5772577257725775,,0.4800006284822939,0.5200013437252893
1.5775577557755778,,0.4800006268198827,0.5200013401709745
1.577857785778578,,0.4800006251618688,0.5200013366260613
1.5781578157815783,,0.4800006235082406,0.5200013330905248
1.5784578457845786,,0.48000062185898634,0.5200013295643401
1.5787578757875789,,0.4800006202140946,0.5200013260474827
1.5790579057905791,,0.48000061857355386,0.5200013225399278
1.5793579357935794,,0.48000061693735246,0.5200013190416508
1.5796579657965797,,0.48000061530547905,0.5200013155526272
1.57995799579958,,0.4800006136779221,0.5200013120728324
1.5802580258025807,,0.4800006120546703,0.5200013086022421
1.580558055805581,,0.4800006104357122,0.520001305140832
1.5808580858085812,,0.48000060882103635,0.5200013016885776
1.5811581158115815,,0.4800006072106316,0.5200012982454549
1.5814581458145818,,0.4800006056044865,0.5200012948114398
1.581758175817582,,0.48000060400258987,0.520001291386508
1.5820582058205823,,0.4800006024049305,0.5200012879706355
1.5823582358235826,,0.48000060081149704,0.5200012845637983
1.5826582658265829,,0.48000059922227845,0.5200012811659728
1.5829582958295831,,0.48000059763726355,0.5200012777771349
1.5832583258325834,,0.4800005960564412,0.5200012743972608
1.5835583558355837,,0.48000059447980026,0.520001271026327
1.583858385838584,,0.48000059290732977,0.5200012676643097
1.5841584158415842,,0.4800005913390186,0.5200012643111852
1.5844584458445845,,0.4800005897748559,0.5200012609669302
1.5847584758475848,,0.48000058821483055,0.5200012576315212
1.585058505850585,,0.48000058665893164,0.5200012543049347
1.5853585358535858,,0.48000058510714827,0.5200012509871474
1.585658565856586,,0.48000058355946956,0.5200012476781362
1.5859585958595863,,0.4800005820158847,0.5200012443778776
1.5862586258625866,,0.4800005804763827,0.5200012410863486
1.5865586558655869,,0.48000057894095294,0.5200012378035261
1.5868586858685871,,0.4800005774095846,0.5200012345293871
1.5871587158715874,,0.48000057588226686,0.5200012312639085
1.5874587458745877,,0.4800005743589891,0.5200012280070676
1.587758775877588,,0.4800005728397405,0.5200012247588414
1.5880588058805882,,0.48000057132451057,0.520001221519207
1.5883588358835885,,0.48000056981328865,0.5200012182881419
1.5886588658865888,,0.480000568306064,0.5200012150656235
1.588958895889589,,0.4800005668028262,0.520001211851629
1.5892589258925893,,0.4800005653035646,0.5200012086461357
1.5895589558955896,,0.4800005638082688,0.5200012054491215
1.5898589858985899,,0.48000056231692817,0.5200012022605638
1.5901590159015901,,0.48000056082953235,0.5200011990804401
1.5904590459045909,,0.48000055934607083,0.5200011959087283
1.5907590759075911,,0.4800005578665333,0.520001192745406
1.5910591059105914,,0.48000055639090927,0.520001189590451
1.5913591359135917,,0.48000055491918847,0.5200011864438414
1.591659165916592,,0.48000055345136056,0.5200011833055549
1.5919591959195922,,0.4800005519874152,0.5200011801755695
1.5922592259225925,,0.48000055052734214,0.5200011770538634
1.5925592559255928,,0.4800005490711312,0.5200011739404145
1.592859285928593,,0.4800005476187721,0.520001170835201
1.5931593159315933,,0.48000054617025467,0.5200011677382013
1.5934593459345936,,0.4800005447255687,0.5200011646493934
1.5937593759375939,,0.48000054328470415,0.5200011615687559
1.5940594059405941,,0.48000054184765084,0.5200011584962669
1.5943594359435944,,0.48000054041439866,0.5200011554319052
1.5946594659465947,,0.48000053898493766,0.5200011523756489
1.594959495949595,,0.48000053755925776,0.5200011493274769
1.5952595259525957,,0.48000053613734894,0.5200011462873676
1.595559555955596,,0.48000053471920123,0.5200011432552998
1.5958595859585962,,0.4800005333048047,0.5200011402312522
1.5961596159615965,,0.48000053189414943,0.5200011372152036
1.5964596459645968,,0.48000053048722546,0.5200011342071327
1.596759675967597,,0.480000529084023,0.5200011312070185
1.5970597059705973,,0.4800005276845322,0.52000112821484
1.5973597359735976,,0.48000052628874323,0.5200011252305763
1.5976597659765979,,0.4800005248966463,0.5200011222542062
1.5979597959795981,,0.4800005235082316,0.520001119285709
1.5982598259825984,,0.4800005221234894,0.5200011163250639
1.5985598559855987,,0.48000052074241006,0.5200011133722499
1.598859885988599,,0.48000051936498384,0.5200011104272465
1.5991599159915992,,0.480000517991201,0.520001107490033
1.5994599459945995,,0.4800005166210521,0.5200011045605888
1.5997599759975998,,0.4800005152545273,0.5200011016388933
1.6000600060006,,0.4800005138916172,0.5200010987249262
1.6003600360036008,,0.48000051253231213,0.5200010958186667
1.600660066006601,,0.4800005111766026,0.5200010929200947
1.6009600960096013,,0.48000050982447906,0.5200010900291897
1.6012601260126016,,0.48000050847593206,0.5200010871459315
1.6015601560156019,,0.4800005071309521,0.5200010842702999
1.6018601860186021,,0.4800005057895298,0.5200010814022747
1.6021602160216024,,0.48000050445165576,0.5200010785418357
1.6024602460246027,,0.4800005031173205,0.520001075688963
1.602760276027603,,0.48000050178651477,0.5200010728436365
1.6030603060306032,,0.4800005004592291,0.5200010700058362
1.6033603360336035,,0.48000049913545434,0.5200010671755422
1.6036603660366038,,0.48000049781518106,0.5200010643527346
1.603960396039604,,0.4800004964984001,0.5200010615373938
1.6042604260426043,,0.4800004951851022,0.5200010587294999
1.6045604560456046,,0.4800004938752781,0.5200010559290331
1.6048604860486049,,0.48000049256891864,0.520001053135974
1.6051605160516051,,0.4800004912660147,0.5200010503503028
1.6054605460546059,,0.4800004899665571,0.520001047572
1.6057605760576061,,0.48000048867053663,0.5200010448010463
1.6060606060606064,,0.4800004873779444,0.5200010420374219
1.6063606360636067,,0.48000048608877116,0.5200010392811077
1.606660666066607,,0.48000048480300794,0.5200010365320844
1.6069606960696072,,0.4800004835206457,0.5200010337903325
1.6072607260726075,,0.4800004822416755,0.5200010310558328
1.6075607560756078,,0.4800004809660884,0.5200010283285662
1.607860786078608,,0.48000047969387527,0.5200010256085137
1.6081608160816083,,0.48000047842502735,0.5200010228956559
1.6084608460846086,,0.48000047715953564,0.520001020189974
1.6087608760876089,,0.48000047589739137,0.5200010174914489
1.6090609060906091,,0.4800004746385856,0.5200010148000618
1.6093609360936094,,0.4800004733831095,0.5200010121157937
1.6096609660966097,,0.4800004721309543,0.5200010094386258
1.60996099609961,,0.4800004708821112,0.5200010067685394
1.6102610261026107,,0.48000046963657145,0.5200010041055156
1.610561056105611,,0.4800004683943263,0.5200010014495359
1.6108610861086112,,0.48000046715536704,0.5200009988005816
1.6111611161116115,,0.4800004659196849,0.520000996158634
1.6114611461146118,,0.4800004646872714,0.5200009935236748
1.611761176117612,,0.48000046345811775,0.5200009908956853
1.6120612061206123,,0.4800004622322153,0.5200009882746471
1.6123612361236126,,0.48000046100955557,0.520000985660542
1.6126612661266129,,0.48000045979012995,0.5200009830533514
1.6129612961296131,,0.4800004585739298,0.5200009804530572
1.6132613261326134,,0.48000045736094665,0.5200009778596411
1.6135613561356137,,0.480000456151172,0.5200009752730848
1.613861386138614,,0.4800004549445973,0.5200009726933703
1.6141614161416142,,0.4800004537412142,0.5200009701204795
1.6144614461446145,,0.4800004525410142,0.5200009675543943
1.6147614761476148,,0.48000045134398883,0.5200009649950966
1.615061506150615,,0.48000045015012976,0.5200009624425687
1.6153615361536158,,0.48000044895942856,0.5200009598967924
1.615661566156616,,0.48000044777187695,0.5200009573577501
1.6159615961596163,,0.48000044658746654,0.5200009548254239
1.6162616261626166,,0.480000445406189,0.5200009522997958
1.6165616561656169,,0.48000044422803617,0.5200009497808484
1.6168616861686171,,0.4800004430529996,0.520000947268564
1.6171617161716174,,0.4800004418810712,0.5200009447629248
1.6174617461746177,,0.4800004407122427,0.5200009422639134
1.617761776177618,,0.48000043954650584,0.5200009397715122
1.6180618061806182,,0.48000043838385253,0.5200009372857036
1.6183618361836185,,0.48000043722427455,0.5200009348064702
1.6186618661866188,,0.4800004360677638,0.5200009323337949
1.618961896189619,,0.4800004349143122,0.52000092986766
1.6192619261926193,,0.4800004337639116,0.5200009274080483
1.6195619561956196,,0.48000043261655395,0.5200009249549425
1.6198619861986199,,0.48000043147223115,0.5200009225083256
1.6201620162016201,,0.48000043033093526,0.5200009200681802
1.6204620462046209,,0.48000042919265823,0.5200009176344893
1.6207620762076211,,0.4800004280573921,0.5200009152072359
1.6210621062106214,,0.4800004269251289,0.5200009127864028
1.6213621362136217,,0.4800004257958606,0.520000910371973
1.621662166216622,,0.4800004246695794,0.5200009079639298
1.6219621962196222,,0.48000042354627737,0.5200009055622561
1.6222622262226225,,0.48000042242594654,0.5200009031669351
1.6225622562256228,,0.4800004213085792,0.5200009007779501
1.622862286228623,,0.48000042019416733,0.5200008983952842
1.6231623162316233,,0.4800004190827033,0.5200008960189207
1.6234623462346236,,0.4800004179741792,0.520000893648843
1.6237623762376239,,0.4800004168685873,0.5200008912850345
1.6240624062406241,,0.4800004157659198,0.5200008889274785
1.6243624362436244,,0.48000041466616894,0.5200008865761585
1.6246624662466247,,0.4800004135693271,0.5200008842310581
1.624962496249625,,0.48000041247538655,0.5200008818921606
1.6252625262526257,,0.48000041138433963,0.52000087955945
1.625562556255626,,0.4800004102961786,0.5200008772329096
1.6258625862586262,,0.48000040921089593,0.5200008749125231
1.6261626162616265,,0.48000040812848394,0.5200008725982743
1.6264626462646268,,0.48000040704893504,0.5200008702901471
1.626762676267627,,0.4800004059722417,0.5200008679881251
1.6270627062706273,,0.48000040489839635,0.5200008656921922
1.6273627362736276,,0.48000040382739145,0.5200008634023323
1.6276627662766279,,0.4800004027592195,0.5200008611185294
1.6279627962796281,,0.480000401693873,0.5200008588407674
1.6282628262826284,,0.4800004006313444,0.5200008565690304
1.6285628562856287,,0.4800003995716264,0.5200008543033025
1.628862886288629,,0.4800003985147114,0.5200008520435675
1.6291629162916292,,0.4800003974605921,0.5200008497898099
1.6294629462946295,,0.48000039640926107,0.5200008475420138
1.6297629762976298,,0.480000395360711,0.5200008453001633
1.63006300630063,,0.4800003943149344,0.5200008430642429
1.6303630363036308,,0.480000393271924,0.5200008408342366
1.630663066306631,,0.4800003922316725,0.520000838610129
1.6309630963096313,,0.4800003911941726,0.5200008363919045
1.6312631263126316,,0.48000039015941703,0.5200008341795475
1.6315631563156319,,0.4800003891273985,0.5200008319730423
1.6318631863186321,,0.4800003880981098,0.5200008297723736
1.6321632163216324,,0.48000038707154363,0.520000827577526
1.6324632463246327,,0.4800003860476929,0.520000825388484
1.632763276327633,,0.4800003850265504,0.5200008232052323
1.6330633063306332,,0.4800003840081089,0.5200008210277556
1.6333633363336335,,0.4800003829923613,0.5200008188560385
1.6336633663366338,,0.4800003819793005,0.5200008166900659
1.633963396339634,,0.48000038096891934,0.5200008145298225
1.6342634263426343,,0.4800003799612108,0.5200008123752933
1.6345634563456346,,0.4800003789561677,0.520000810226463
1.6348634863486349,,0.48000037795378314,0.5200008080833167
1.6351635163516351,,0.48000037695404996,0.5200008059458392
1.6354635463546359,,0.4800003759569612,0.5200008038140157
1.6357635763576361,,0.4800003749625099,0.520000801687831
1.6360636063606364,,0.480000373970689,0.5200007995672704
1.6363636363636367,,0.48000037298149156,0.5200007974523189
1.636663666366637,,0.48000037199491075,0.5200007953429617
1.6369636963696372,,0.4800003710109395,0.520000793239184
1.6372637263726375,,0.48000037002957097,0.5200007911409711
1.6375637563756378,,0.4800003690507983,0.5200007890483082
1.637863786378638,,0.4800003680746146,0.5200007869611806
1.6381638163816383,,0.480000367101013,0.5200007848795737
1.6384638463846386,,0.48000036612998676,0.5200007828034728
1.6387638763876389,,0.48000036516152894,0.5200007807328636
1.6390639063906391,,0.4800003641956328,0.5200007786677314
1.6393639363936394,,0.4800003632322916,0.5200007766080618
1.6396639663966397,,0.48000036227149856,0.5200007745538401
1.63996399639964,,0.4800003613132469,0.5200007725050522
1.6402640264026407,,0.48000036035752996,0.5200007704616835
1.640564056405641,,0.480000359404341,0.5200007684237197
1.6408640864086412,,0.48000035845367334,0.5200007663911467
1.6411641164116415,,0.48000035750552034,0.52000076436395
1.6414641464146418,,0.4800003565598753,0.5200007623421155
1.641764176417642,,0.48000035561673154,0.520000760325629
1.6420642064206423,,0.4800003546760826,0.5200007583144763
1.6423642364236426,,0.4800003537379217,0.5200007563086435
1.6426642664266429,,0.4800003528022424,0.5200007543081162
1.6429642964296431,,0.4800003518690381,0.5200007523128807
1.6432643264326434,,0.48000035093830223,0.5200007503229227
1.6435643564356437,,0.4800003500100282,0.5200007483382284
1.643864386438644,,0.48000034908420963,0.5200007463587839
1.6441644164416442,,0.48000034816084,0.5200007443845752
1.6444644464446445,,0.48000034723991275,0.5200007424155886
1.6447644764476448,,0.4800003463214214,0.5200007404518101
1.645064506450645,,0.4800003454053597,0.5200007384932261
1.6453645364536458,,0.480000344491721,0.5200007365398228
1.645664566456646,,0.480000343580499,0.5200007345915865
1.6459645964596463,,0.4800003426716873,0.5200007326485035
1.6462646264626466,,0.4800003417652795,0.5200007307105602
1.6465646564656469,,0.4800003408612693,0.520000728777743
1.6468646864686471,,0.4800003399596503,0.5200007268500383
1.6471647164716474,,0.48000033906041617,0.5200007249274325
1.6474647464746477,,0.48000033816356064,0.5200007230099124
1.647764776477648,,0.48000033726907737,0.5200007210974643
1.6480648064806482,,0.48000033637696016,0.520000719190075
1.6483648364836485,,0.48000033548720267,0.5200007172877308
1.6486648664866488,,0.4800003345997987,0.5200007153904185
1.648964896489649,,0.48000033371474204,0.5200007134981249
1.6492649264926493,,0.4800003328320265,0.5200007116108366
1.6495649564956496,,0.48000033195164576,0.5200007097285405
1.6498649864986499,,0.48000033107359374,0.5200007078512232
1.6501650165016502,,0.4800003301978643,0.5200007059788717
1.6504650465046509,,0.4800003293244513,0.5200007041114727
1.6507650765076511,,0.48000032845334856,0.5200007022490133
1.6510651065106514,,0.48000032758454997,0.5200007003914803
1.6513651365136517,,0.4800003267180495,0.5200006985388607
1.651665166516652,,0.480000325853841,0.5200006966911415
1.6519651965196522,,0.48000032499191847,0.5200006948483097
1.6522652265226525,,0.4800003241322758,0.5200006930103525
1.6525652565256528,,0.48000032327490694,0.5200006911772568
1.652865286528653,,0.480000322419806,0.5200006893490099
1.6531653165316533,,0.48000032156696687,0.5200006875255989
1.6534653465346536,,0.4800003207163836,0.5200006857070111
1.6537653765376539,,0.48000031986805025,0.5200006838932337
1.6540654065406541,,0.48000031902196083,0.5200006820842539
1.6543654365436544,,0.4800003181781094,0.5200006802800591
1.6546654665466547,,0.48000031733649007,0.5200006784806366
1.654965496549655,,0.4800003164970969,0.5200006766859738
1.6552655265526557,,0.48000031565992407,0.5200006748960581
1.655565556555656,,0.48000031482496563,0.5200006731108769
1.6558655865586562,,0.48000031399221577,0.5200006713304178
1.6561656165616565,,0.48000031316166863,0.5200006695546682
1.6564656465646568,,0.4800003123333184,0.5200006677836156
1.656765676567657,,0.48000031150715927,0.5200006660172477
1.6570657065706573,,0.4800003106831854,0.5200006642555521
1.6573657365736576,,0.48000030986139103,0.5200006624985164
1.6576657665766579,,0.48000030904177043,0.5200006607461282
1.6579657965796581,,0.48000030822431783,0.5200006589983753
1.6582658265826584,,0.48000030740902744,0.5200006572552454
1.6585658565856587,,0.48000030659589366,0.5200006555167264
1.658865886588659,,0.48000030578491065,0.5200006537828058
1.6591659165916592,,0.4800003049760728,0.5200006520534718
1.6594659465946595,,0.4800003041693745,0.520000650328712
1.6597659765976598,,0.48000030336481,0.5200006486085144
1.66006600660066,,0.4800003025623736,0.520000646892867
1.6603660366036608,,0.48000030176205977,0.5200006451817576
1.660666066606661,,0.48000030096386287,0.5200006434751743
1.6609660966096613,,0.4800003001677773,0.5200006417731051
1.6612661266126616,,0.48000029937379746,0.5200006400755381
1.6615661566156619,,0.4800002985819178,0.5200006383824615
1.6618661866186621,,0.4800002977921327,0.5200006366938632
1.6621662166216624,,0.48000029700443675,0.5200006350097314
1.6624662466246627,,0.48000029621882434,0.5200006333300544
1.662766276627663,,0.48000029543528994,0.5200006316548202
1.6630663066306632,,0.4800002946538281,0.5200006299840174
1.6633663366336635,,0.4800002938744333,0.5200006283176339
1.6636663666366638,,0.48000029309710013,0.5200006266556584
1.663966396639664,,0.4800002923218231,0.5200006249980789
1.6642664266426643,,0.48000029154859675,0.5200006233448838
1.6645664566456646,,0.4800002907774157,0.5200006216960618
1.6648664866486649,,0.4800002900082745,0.520000620051601
1.6651665166516656,,0.4800002892411678,0.5200006184114899
1.6654665466546659,,0.4800002884760901,0.5200006167757173
1.6657665766576661,,0.4800002877130362,0.5200006151442714
1.6660666066606664,,0.48000028695200064,0.5200006135171409
1.6663666366636667,,0.48000028619297813,0.5200006118943143
1.666666666666667,,0.4800002854359633,0.5200006102757804
1.6669666966696672,,0.4800002846809509,0.5200006086615275
1.6672667266726675,,0.4800002839279356,0.5200006070515447
1.6675667566756678,,0.48000028317691207,0.5200006054458204
1.667866786678668,,0.4800002824278751,0.5200006038443435
1.6681668166816683,,0.4800002816808195,0.5200006022471027
1.6684668466846686,,0.4800002809357399,0.5200006006540867
1.6687668766876689,,0.4800002801926311,0.5200005990652845
1.6690669066906691,,0.4800002794514879,0.5200005974806848
1.6693669366936694,,0.4800002787123051,0.5200005959002766
1.6696669666966697,,0.4800002779750776,0.5200005943240488
1.66996699669967,,0.4800002772398001,0.5200005927519903
1.6702670267026707,,0.48000027650646754,0.52000059118409
1.670567056705671,,0.4800002757750747,0.5200005896203371
1.6708670867086712,,0.4800002750456165,0.5200005880607205
1.6711671167116715,,0.4800002743180878,0.5200005865052292
1.6714671467146718,,0.4800002735924835,0.5200005849538524
1.671767176717672,,0.4800002728687985,0.5200005834065792
1.6720672067206723,,0.48000027214702773,0.5200005818633987
1.6723672367236726,,0.48000027142716617,0.5200005803243001
1.6726672667266729,,0.4800002707092087,0.5200005787892726
1.6729672967296731,,0.4800002699931503,0.5200005772583054
1.6732673267326734,,0.480000269278986,0.5200005757313878
1.6735673567356737,,0.48000026856671074,0.5200005742085092
1.673867386738674,,0.4800002678563195,0.5200005726896586
1.6741674167416742,,0.48000026714780736,0.5200005711748257
1.6744674467446745,,0.48000026644116933,0.5200005696639997
1.6747674767476748,,0.4800002657364004,0.5200005681571699
1.675067506750675,,0.4800002650334957,0.5200005666543259
1.6753675367536758,,0.48000026433245024,0.5200005651554572
1.675667566756676,,0.48000026363325915,0.5200005636605531
1.6759675967596763,,0.4800002629359175,0.5200005621696032
1.6762676267626766,,0.4800002622404204,0.520000560682597
1.6765676567656769,,0.480000261546763,0.5200005591995243
1.6768676867686771,,0.4800002608549404,0.5200005577203743
1.6771677167716774,,0.48000026016494773,0.5200005562451369
1.6774677467746777,,0.4800002594767802,0.5200005547738017
1.677767776777678,,0.48000025879043295,0.5200005533063583
1.6780678067806782,,0.48000025810590113,0.5200005518427965
1.6783678367836785,,0.48000025742318003,0.520000550383106
1.6786678667866788,,0.48000025674226476,0.5200005489272765
1.678967896789679,,0.48000025606315067,0.520000547475298
1.6792679267926793,,0.48000025538583285,0.5200005460271601
1.6795679567956796,,0.4800002547103066,0.5200005445828526
1.6798679867986799,,0.48000025403656726,0.5200005431423655
1.6801680168016806,,0.48000025336461,0.5200005417056887
1.6804680468046809,,0.4800002526944302,0.5200005402728121
1.6807680768076811,,0.48000025202602303,0.5200005388437255
1.6810681068106814,,0.48000025135938396,0.5200005374184191
1.6813681368136817,,0.4800002506945082,0.5200005359968829
1.681668166816682,,0.4800002500313911,0.5200005345791068
1.6819681968196822,,0.480000249370028,0.5200005331650808
1.6822682268226825,,0.4800002487104143,0.5200005317547951
1.6825682568256828,,0.4800002480525454,0.5200005303482398
1.682868286828683,,0.4800002473964166,0.5200005289454049
1.6831683168316833,,0.48000024674202335,0.5200005275462808
1.6834683468346836,,0.4800002460893611,0.5200005261508575
1.6837683768376839,,0.4800002454384251,0.5200005247591253
1.6840684068406842,,0.480000244789211,0.5200005233710743
1.6843684368436844,,0.48000024414171416,0.5200005219866949
1.6846684668466847,,0.48000024349592996,0.5200005206059775
1.684968496849685,,0.480000242851854,0.520000519228912
1.6852685268526857,,0.4800002422094817,0.5200005178554892
1.685568556855686,,0.4800002415688085,0.5200005164856992
1.6858685868586862,,0.48000024092982996,0.5200005151195325
1.6861686168616865,,0.4800002402925416,0.5200005137569794
1.6864686468646868,,0.48000023965693894,0.5200005123980305
1.686768676867687,,0.4800002390230176,0.5200005110426761
1.6870687068706873,,0.48000023839077294,0.5200005096909068
1.6873687368736876,,0.48000023776020073,0.5200005083427132
1.6876687668766879,,0.4800002371312964,0.5200005069980856
1.6879687968796881,,0.48000023650405566,0.5200005056570147
1.6882688268826884,,0.480000235878474,0.5200005043194912
1.6885688568856887,,0.4800002352545471,0.5200005029855055
1.688868886888689,,0.48000023463227054,0.5200005016550484
1.6891689168916892,,0.48000023401164,0.5200005003281105
1.6894689468946895,,0.48000023339265113,0.5200004990046826
1.6897689768976898,,0.4800002327752995,0.5200004976847552
1.69006900690069,,0.4800002321595809,0.5200004963683192
1.6903690369036908,,0.4800002315454909,0.5200004950553654
1.690669066906691,,0.48000023093302524,0.5200004937458845
1.6909690969096913,,0.48000023032217964,0.5200004924398673
1.6912691269126916,,0.4800002297129498,0.5200004911373047
1.6915691569156919,,0.48000022910533147,0.5200004898381876
1.6918691869186921,,0.48000022849932034,0.5200004885425067
1.6921692169216924,,0.48000022789491215,0.520000487250253
1.6924692469246927,,0.48000022729210273,0.5200004859614176
1.692769276927693,,0.4800002266908878,0.5200004846759912
1.6930693069306932,,0.4800002260912632,0.520000483393965
1.6933693369336935,,0.48000022549322463,0.5200004821153299
1.6936693669366938,,0.48000022489676797,0.5200004808400769
1.693969396939694,,0.480000224301889,0.5200004795681972
1.6942694269426943,,0.48000022370858353,0.5200004782996817
1.6945694569456946,,0.4800002231168475,0.5200004770345216
1.6948694869486949,,0.48000022252667657,0.5200004757727079
1.6951695169516956,,0.4800002219380668,0.5200004745142319
1.6954695469546959,,0.48000022135101394,0.5200004732590847
1.6957695769576961,,0.4800002207655139,0.5200004720072576
1.6960696069606964,,0.48000022018156263,0.5200004707587417
1.6963696369636967,,0.4800002195991559,0.5200004695135283
1.696669666966697,,0.48000021901828976,0.5200004682716086
1.6969696969696972,,0.48000021843896007,0.5200004670329739
1.6972697269726975,,0.48000021786116276,0.5200004657976156
1.6975697569756978,,0.48000021728489384,0.520000464565525
1.697869786978698,,0.4800002167101492,0.5200004633366933
1.6981698169816983,,0.4800002161369248,0.5200004621111121
1.6984698469846986,,0.48000021556521666,0.5200004608887726
1.6987698769876989,,0.48000021499502077,0.5200004596696665
1.6990699069906992,,0.4800002144263331,0.520000458453785
1.6993699369936994,,0.4800002138591497,0.5200004572411197
1.6996699669966997,,0.48000021329346654,0.5200004560316619
1.6999699969997,,0.4800002127292797,0.5200004548254034
1.7002700270027007,,0.48000021216658517,0.5200004536223356
1.700570057005701,,0.4800002116053791,0.52000045242245
1.7008700870087012,,0.48000021104565743,0.5200004512257382
1.7011701170117015,,0.4800002104874163,0.520000450032192
1.7014701470147018,,0.4800002099306518,0.5200004488418027
1.701770177017702,,0.48000020937536,0.5200004476545622
1.7020702070207023,,0.48000020882153704,0.5200004464704622
1.7023702370237026,,0.48000020826917894,0.5200004452894941
1.7026702670267029,,0.48000020771828195,0.5200004441116499
1.7029702970297032,,0.4800002071688422,0.5200004429369213
1.7032703270327034,,0.4800002066208557,0.5200004417652998
1.7035703570357037,,0.4800002060743187,0.5200004405967775
1.703870387038704,,0.48000020552922734,0.5200004394313461
1.7041704170417042,,0.4800002049855778,0.5200004382689974
1.7044704470447045,,0.4800002044433664,0.5200004371097233
1.7047704770477048,,0.4800002039025891,0.5200004359535155
1.705070507050705,,0.48000020336324223,0.5200004348003661
1.7053705370537058,,0.480000202825322,0.5200004336502669
1.705670567056706,,0.4800002022888247,0.5200004325032098
1.7059705970597063,,0.48000020175374647,0.5200004313591868
1.7062706270627066,,0.4800002012200835,0.52000043021819
1.7065706570657069,,0.4800002006878322,0.5200004290802112
1.7068706870687071,,0.4800002001569888,0.5200004279452425
1.7071707170717074,,0.48000019962754953,0.520000426813276
1.7074707470747077,,0.4800001990995107,0.5200004256843035
1.707770777077708,,0.4800001985728686,0.5200004245583174
1.7080708070807082,,0.48000019804761945,0.5200004234353096
1.7083708370837085,,0.4800001975237597,0.5200004223152723
1.7086708670867088,,0.48000019700128566,0.5200004211981977
1.708970897089709,,0.48000019648019354,0.5200004200840779
1.7092709270927093,,0.4800001959604798,0.520000418972905
1.7095709570957096,,0.48000019544214084,0.5200004178646713
1.7098709870987099,,0.4800001949251729,0.520000416759369
1.7101710171017106,,0.48000019440957237,0.5200004156569905
1.7104710471047109,,0.4800001938953357,0.5200004145575278
1.7107710771077111,,0.48000019338245925,0.5200004134609734
1.7110711071107114,,0.4800001928709394,0.5200004123673194
1.7113711371137117,,0.4800001923607726,0.5200004112765583
1.711671167116712,,0.48000019185195525,0.5200004101886824
1.7119711971197122,,0.4800001913444838,0.5200004091036841
1.7122712271227125,,0.4800001908383546,0.5200004080215556
1.7125712571257128,,0.4800001903335642,0.5200004069422896
1.712871287128713,,0.4800001898301091,0.5200004058658784
1.7131713171317133,,0.48000018932798566,0.5200004047923144
1.7134713471347136,,0.48000018882719037,0.52000040372159
1.7137713771377139,,0.4800001883277198,0.5200004026536978
1.7140714071407142,,0.4800001878295703,0.5200004015886305
1.7143714371437144,,0.4800001873327385,0.5200004005263803
1.7146714671467147,,0.48000018683722095,0.5200003994669399
1.714971497149715,,0.48000018634301406,0.5200003984103019
1.7152715271527157,,0.4800001858501144,0.5200003973564588
1.715571557155716,,0.4800001853585185,0.5200003963054032
1.7158715871587162,,0.48000018486822293,0.5200003952571277
1.7161716171617165,,0.4800001843792243,0.5200003942116251
1.7164716471647168,,0.4800001838915191,0.520000393168888
1.716771677167717,,0.4800001834051039,0.5200003921289091
1.7170717071707173,,0.48000018291997537,0.5200003910916811
1.7173717371737176,,0.4800001824361301,0.5200003900571966
1.7176717671767179,,0.4800001819535646,0.5200003890254484
1.7179717971797182,,0.4800001814722756,0.5200003879964293
1.7182718271827184,,0.4800001809922596,0.5200003869701322
1.7185718571857187,,0.4800001805135133,0.5200003859465496
1.718871887188719,,0.4800001800360334,0.5200003849256747
1.7191719171917192,,0.48000017955981644,0.5200003839075
1.7194719471947195,,0.48000017908485915,0.5200003828920186
1.7197719771977198,,0.4800001786111582,0.5200003818792232
1.72007200720072,,0.4800001781387102,0.5200003808691067
1.7203720372037208,,0.4800001776675119,0.5200003798616621
1.720672067206721,,0.48000017719756,0.5200003788568824
1.7209720972097213,,0.48000017672885115,0.5200003778547605
1.7212721272127216,,0.48000017626138214,0.5200003768552892
1.7215721572157219,,0.4800001757951496,0.5200003758584617
1.7218721872187221,,0.48000017533015027,0.5200003748642709
1.7221722172217224,,0.48000017486638097,0.5200003738727099
1.7224722472247227,,0.4800001744038384,0.5200003728837717
1.722772277227723,,0.48000017394251926,0.5200003718974493
1.7230723072307232,,0.4800001734824204,0.5200003709137359
1.7233723372337235,,0.4800001730235386,0.5200003699326244
1.7236723672367238,,0.4800001725658705,0.5200003689541082
1.723972397239724,,0.48000017210941304,0.5200003679781803
1.7242724272427243,,0.480000171654163,0.5200003670048338
1.7245724572457246,,0.4800001712001171,0.5200003660340619
1.7248724872487249,,0.4800001707472722,0.5200003650658578
1.7251725172517256,,0.4800001702956252,0.5200003641002148
1.7254725472547259,,0.4800001698451728,0.5200003631371259
1.7257725772577261,,0.4800001693959119,0.5200003621765846
1.7260726072607264,,0.48000016894783937,0.520000361218584
1.7263726372637267,,0.480000168500952,0.5200003602631175
1.726672667266727,,0.48000016805524676,0.5200003593101782
1.7269726972697272,,0.48000016761072045,0.5200003583597597
1.7272727272727275,,0.48000016716736993,0.520000357411855
1.7275727572757278,,0.4800001667251922,0.5200003564664577
1.727872787278728,,0.480000166284184,0.520000355523561
1.7281728172817283,,0.48000016584434235,0.5200003545831585
1.7284728472847286,,0.48000016540566415,0.5200003536452436
1.7287728772877289,,0.4800001649681463,0.5200003527098094
1.7290729072907292,,0.48000016453178573,0.5200003517768496
1.7293729372937294,,0.48000016409657936,0.5200003508463575
1.7296729672967297,,0.4800001636625242,0.5200003499183267
1.72997299729973,,0.48000016322961714,0.5200003489927507
1.7302730273027307,,0.48000016279785523,0.5200003480696229
1.730573057305731,,0.4800001623672353,0.520000347148937
1.7308730873087312,,0.48000016193775447,0.5200003462306864
1.7311731173117315,,0.48000016150940966,0.5200003453148645
1.7314731473147318,,0.4800001610821979,0.5200003444014653
1.731773177317732,,0.4800001606561161,0.520000343490482
1.7320732073207323,,0.4800001602311614,0.5200003425819084
1.7323732373237326,,0.4800001598073307,0.520000341675738
1.7326732673267329,,0.4800001593846211,0.5200003407719647
1.7329732973297332,,0.4800001589630296,0.5200003398705819
1.7332733273327334,,0.48000015854255335,0.5200003389715834
1.7335733573357337,,0.48000015812318925,0.5200003380749628
1.733873387338734,,0.48000015770493437,0.5200003371807139
1.7341734173417342,,0.4800001572877859,0.5200003362888305
1.7344734473447345,,0.4800001568717408,0.520000335399306
1.7347734773477348,,0.48000015645679617,0.5200003345121346
1.735073507350735,,0.48000015604294916,0.5200003336273098
1.7353735373537358,,0.4800001556301968,0.5200003327448255
1.735673567356736,,0.48000015521853623,0.5200003318646754
1.7359735973597363,,0.4800001548079646,0.5200003309868535
1.7362736273627366,,0.48000015439847893,0.5200003301113535
1.7365736573657369,,0.4800001539900764,0.5200003292381693
1.7368736873687372,,0.4800001535827541,0.5200003283672948
1.7371737173717374,,0.4800001531765093,0.5200003274987238
1.7374737473747377,,0.480000152771339,0.5200003266324504
1.737773777377738,,0.4800001523672405,0.5200003257684683
1.7380738073807382,,0.4800001519642108,0.5200003249067716
1.7383738373837385,,0.48000015156224723,0.5200003240473541
1.7386738673867388,,0.48000015116134687,0.52000032319021
1.738973897389739,,0.4800001507615069,0.520000322335333
1.7392739273927393,,0.48000015036272464,0.5200003214827174
1.7395739573957396,,0.4800001499649972,0.5200003206323569
1.7398739873987399,,0.4800001495683217,0.5200003197842458
1.7401740174017406,,0.48000014917269557,0.5200003189383781
1.7404740474047409,,0.48000014877811586,0.5200003180947477
1.7407740774077411,,0.48000014838457983,0.5200003172533488
1.7410741074107414,,0.4800001479920848,0.5200003164141757
1.7413741374137417,,0.480000147600628,0.5200003155772221
1.741674167416742,,0.48000014721020656,0.5200003147424824
1.7419741974197422,,0.4800001468208179,0.5200003139099508
1.7422742274227425,,0.4800001464324592,0.5200003130796212
1.7425742574257428,,0.48000014604512775,0.520000312251488
1.742874287428743,,0.4800001456588208,0.5200003114255454
1.7431743174317433,,0.48000014527353574,0.5200003106017873
1.7434743474347436,,0.4800001448892698,0.5200003097802083
1.7437743774377439,,0.48000014450602024,0.5200003089608024
1.7440744074407442,,0.48000014412378444,0.520000308143564
1.7443744374437444,,0.4800001437425597,0.5200003073284872
1.7446744674467447,,0.4800001433623434,0.5200003065155665
1.744974497449745,,0.48000014298313276,0.5200003057047959
1.7452745274527457,,0.4800001426049252,0.52000030489617
1.745574557455746,,0.48000014222771803,0.520000304089683
1.7458745874587462,,0.48000014185150863,0.5200003032853293
1.7461746174617465,,0.4800001414762944,0.5200003024831031
1.7464746474647468,,0.48000014110207256,0.520000301682999
1.746774677467747,,0.4800001407288406,0.5200003008850113
1.7470747074707473,,0.48000014035659594,0.5200003000891342
1.7473747374737476,,0.48000013998533586,0.5200002992953624
1.7476747674767479,,0.48000013961505783,0.5200002985036902
1.7479747974797482,,0.48000013924575924,0.520000297714112
1.7482748274827484,,0.4800001388774375,0.5200002969266225
1.7485748574857487,,0.48000013851009,0.5200002961412159
1.748874887488749,,0.4800001381437141,0.5200002953578868
1.7491749174917492,,0.4800001377783074,0.5200002945766297
1.7494749474947495,,0.48000013741386727,0.5200002937974392
1.7497749774977498,,0.4800001370503911,0.5200002930203096
1.75007500750075,,0.4800001366878763,0.5200002922452357
1.7503750375037508,,0.48000013632632044,0.5200002914722119
1.750675067506751,,0.48000013596572094,0.5200002907012329
1.7509750975097513,,0.4800001356060753,0.5200002899322932
1.7512751275127516,,0.48000013524738094,0.5200002891653874
1.7515751575157519,,0.48000013488963533,0.5200002884005103
1.7518751875187522,,0.4800001345328361,0.5200002876376563
1.7521752175217524,,0.4800001341769805,0.5200002868768201
1.7524752475247527,,0.4800001338220663,0.5200002861179964
1.752775277527753,,0.48000013346809084,0.5200002853611799
1.7530753075307532,,0.48000013311505174,0.5200002846063654
1.7533753375337535,,0.4800001327629464,0.5200002838535474
1.7536753675367538,,0.4800001324117725,0.5200002831027206
1.753975397539754,,0.4800001320615274,0.5200002823538799
1.7542754275427543,,0.4800001317122088,0.5200002816070199
1.7545754575457546,,0.4800001313638142,0.5200002808621356
1.7548754875487549,,0.48000013101634115,0.5200002801192214
1.7551755175517556,,0.48000013066978714,0.5200002793782724
1.7554755475547559,,0.4800001303241499,0.5200002786392833
1.7557755775577562,,0.4800001299794268,0.520000277902249
1.7560756075607564,,0.48000012963561567,0.5200002771671641
1.7563756375637567,,0.48000012929271385,0.5200002764340237
1.756675667566757,,0.4800001289507191,0.5200002757028225
1.7569756975697572,,0.48000012860962893,0.5200002749735554
1.7572757275727575,,0.48000012826944105,0.5200002742462173
1.7575757575757578,,0.48000012793015295,0.5200002735208031
1.757875787578758,,0.4800001275917623,0.5200002727973076
1.7581758175817583,,0.4800001272542668,0.5200002720757261
1.7584758475847586,,0.48000012691766397,0.5200002713560531
1.7587758775877589,,0.48000012658195146,0.5200002706382837
1.7590759075907592,,0.480000126247127,0.5200002699224129
1.7593759375937594,,0.4800001259131882,0.5200002692084357
1.7596759675967597,,0.48000012558013266,0.5200002684963471
1.75997599759976,,0.48000012524795815,0.520000267786142
1.7602760276027607,,0.4800001249166622,0.5200002670778154
1.760576057605761,,0.48000012458624264,0.5200002663713625
1.7608760876087612,,0.4800001242566971,0.5200002656667783
1.7611761176117615,,0.4800001239280232,0.5200002649640577
1.7614761476147618,,0.4800001236002187,0.5200002642631959
1.761776177617762,,0.48000012327328123,0.520000263564188
1.7620762076207623,,0.4800001229472086,0.520000262867029
1.7623762376237626,,0.4800001226219985,0.5200002621717142
1.7626762676267629,,0.48000012229764855,0.5200002614782385
1.7629762976297632,,0.4800001219741566,0.5200002607865972
1.7632763276327634,,0.4800001216515203,0.5200002600967852
1.7635763576357637,,0.4800001213297374,0.520000259408798
1.763876387638764,,0.4800001210088057,0.5200002587226306
1.7641764176417642,,0.48000012068872283,0.5200002580382782
1.7644764476447645,,0.48000012036948664,0.5200002573557359
1.7647764776477648,,0.4800001200510949,0.520000256674999
1.7650765076507655,,0.48000011973354534,0.5200002559960628
1.7653765376537658,,0.48000011941683574,0.5200002553189225
1.765676567656766,,0.48000011910096385,0.5200002546435732
1.7659765976597663,,0.48000011878592747,0.5200002539700105
1.7662766276627666,,0.4800001184717244,0.5200002532982292
1.7665766576657669,,0.4800001181583525,0.520000252628225
1.7668766876687672,,0.4800001178458094,0.520000251959993
1.7671767176717674,,0.4800001175340931,0.5200002512935286
1.7674767476747677,,0.4800001172232013,0.5200002506288269
1.767776777677768,,0.4800001169131319,0.5200002499658836
1.7680768076807682,,0.4800001166038826,0.5200002493046938
1.7683768376837685,,0.4800001162954513,0.520000248645253
1.7686768676867688,,0.4800001159878359,0.5200002479875564
1.768976897689769,,0.4800001156810341,0.5200002473315994
1.7692769276927693,,0.4800001153750439,0.5200002466773777
1.7695769576957696,,0.480000115069863,0.5200002460248864
1.7698769876987699,,0.4800001147654894,0.520000245374121
1.7701770177017706,,0.4800001144619209,0.520000244725077
1.7704770477047709,,0.48000011415915533,0.5200002440777497
1.7707770777077712,,0.48000011385719066,0.5200002434321348
1.7710771077107714,,0.48000011355602473,0.5200002427882275
1.7713771377137717,,0.4800001132556554,0.5200002421460235
1.771677167716772,,0.4800001129560806,0.5200002415055182
1.7719771977197722,,0.4800001126572982,0.520000240866707
1.7722772277227725,,0.48000011235930606,0.5200002402295857
1.7725772577257728,,0.48000011206210225,0.5200002395941495
1.772877287728773,,0.4800001117656845,0.5200002389603943
1.7731773177317733,,0.48000011147005084,0.5200002383283153
1.7734773477347736,,0.48000011117519914,0.5200002376979083
1.7737773777377739,,0.4800001108811274,0.5200002370691688
1.7740774077407742,,0.4800001105878335,0.5200002364420923
1.7743774377437744,,0.48000011029531536,0.5200002358166745
1.7746774677467747,,0.480000110003571,0.520000235192911
1.774977497749775,,0.4800001097125984,0.5200002345707976
1.7752775277527757,,0.48000010942239535,0.5200002339503297
1.775577557755776,,0.48000010913296,0.5200002333315029
1.7758775877587762,,0.4800001088442902,0.5200002327143131
1.7761776177617765,,0.480000108556384,0.5200002320987558
1.7764776477647768,,0.4800001082692393,0.5200002314848267
1.776777677767777,,0.48000010798285414,0.5200002308725215
1.7770777077707773,,0.4800001076972265,0.520000230261836
1.7773777377737776,,0.4800001074123544,0.5200002296527657
1.7776777677767779,,0.4800001071282358,0.5200002290453065
1.7779777977797782,,0.48000010684486877,0.5200002284394541
1.7782778277827784,,0.4800001065622512,0.5200002278352044
1.7785778577857787,,0.4800001062803813,0.5200002272325529
1.778877887788779,,0.4800001059992569,0.5200002266314955
1.7791779177917793,,0.48000010571887614,0.5200002260320279
1.7794779477947795,,0.480000105439237,0.520000225434146
1.7797779777977798,,0.4800001051603376,0.5200002248378457
1.7800780078007805,,0.4800001048821758,0.5200002242431225
1.7803780378037808,,0.4800001046047499,0.5200002236499726
1.780678067806781,,0.48000010432805773,0.5200002230583914
1.7809780978097813,,0.4800001040520975,0.5200002224683753
1.7812781278127816,,0.4800001037768672,0.5200002218799197
1.7815781578157819,,0.48000010350236494,0.5200002212930206
1.7818781878187822,,0.4800001032285887,0.5200002207076739
1.7821782178217824,,0.4800001029555367,0.5200002201238757
1.7824782478247827,,0.4800001026832069,0.5200002195416216
1.782778277827783,,0.4800001024115975,0.5200002189609076
1.7830783078307832,,0.48000010214070654,0.5200002183817297
1.7833783378337835,,0.4800001018705321,0.5200002178040838
1.7836783678367838,,0.4800001016010723,0.5200002172279659
1.783978397839784,,0.48000010133232524,0.5200002166533717
1.7842784278427843,,0.4800001010642891,0.5200002160802976
1.7845784578457846,,0.48000010079696187,0.5200002155087392
1.784878487848785,,0.4800001005303418,0.5200002149386926
1.7851785178517856,,0.48000010026442697,0.520000214370154
1.7854785478547859,,0.48000009999921556,0.5200002138031192
1.7857785778577862,,0.4800000997347056,0.5200002132375843
1.7860786078607864,,0.48000009947089534,0.5200002126735452
1.7863786378637867,,0.48000009920778286,0.5200002121109981
1.786678667866787,,0.4800000989453663,0.520000211549939
1.7869786978697872,,0.48000009868364396,0.5200002109903641
1.7872787278727875,,0.4800000984226139,0.5200002104322692
1.7875787578757878,,0.48000009816227424,0.5200002098756505
1.787878787878788,,0.4800000979026232,0.5200002093205043
1.7881788178817883,,0.48000009764365903,0.5200002087668264
1.7884788478847886,,0.4800000973853798,0.520000208214613
1.7887788778877889,,0.4800000971277838,0.5200002076638603
1.7890789078907892,,0.4800000968708691,0.5200002071145645
1.7893789378937894,,0.48000009661463405,0.5200002065667216
1.7896789678967897,,0.4800000963590767,0.5200002060203278
1.78997899789979,,0.48000009610419536,0.5200002054753793
1.7902790279027907,,0.4800000958499882,0.5200002049318722
1.790579057905791,,0.4800000955964535,0.5200002043898028
1.7908790879087912,,0.4800000953435894,0.5200002038491672
1.7911791179117915,,0.48000009509139413,0.5200002033099617
1.7914791479147918,,0.480000094839866,0.5200002027721824
1.791779177917792,,0.4800000945890031,0.5200002022358255
1.7920792079207923,,0.48000009433880386,0.5200002017008876
1.7923792379237926,,0.48000009408926636,0.5200002011673645
1.7926792679267929,,0.480000093840389,0.5200002006352527
1.7929792979297932,,0.4800000935921699,0.5200002001045483
1.7932793279327934,,0.48000009334460736,0.5200001995752477
1.7935793579357937,,0.48000009309769964,0.5200001990473472
1.793879387938794,,0.480000092851445,0.520000198520843
1.7941794179417943,,0.4800000926058418,0.5200001979957315
1.7944794479447945,,0.48000009236088825,0.5200001974720091
1.7947794779477948,,0.48000009211658257,0.5200001969496718
1.7950795079507955,,0.48000009187292314,0.5200001964287163
1.7953795379537958,,0.48000009162990825,0.5200001959091387
1.795679567956796,,0.48000009138753613,0.5200001953909356
1.7959795979597963,,0.4800000911458051,0.5200001948741031
1.7962796279627966,,0.4800000909047135,0.5200001943586376
1.7965796579657969,,0.4800000906642596,0.5200001938445357
1.7968796879687972,,0.48000009042444175,0.5200001933317936
1.7971797179717974,,0.48000009018525824,0.5200001928204078
1.7974797479747977,,0.4800000899467074,0.5200001923103746
1.797779777977798,,0.48000008970878755,0.5200001918016905
1.7980798079807983,,0.480000089471497,0.520000191294352
1.7983798379837985,,0.48000008923483417,0.5200001907883555
1.7986798679867988,,0.4800000889987973,0.5200001902836974
1.798979897989799,,0.4800000887633848,0.5200001897803741
1.7992799279927993,,0.480000088528595,0.5200001892783822
1.7995799579957996,,0.4800000882944262,0.5200001887777181
1.7998799879988,,0.48000008806087685,0.5200001882783785
1.8001800180018006,,0.48000008782794523,0.5200001877803595
1.8004800480048009,,0.4800000875956298,0.5200001872836579
1.8007800780078012,,0.4800000873639288,0.5200001867882701
1.8010801080108014,,0.4800000871328407,0.5200001862941928
1.8013801380138017,,0.4800000869023639,0.5200001858014222
1.801680168016802,,0.48000008667249666,0.5200001853099551
1.8019801980198022,,0.4800000864432375,0.520000184819788
1.8022802280228025,,0.4800000862145848,0.5200001843309174
1.8025802580258028,,0.4800000859865368,0.52000018384334
1.802880288028803,,0.4800000857590921,0.5200001833570523
1.8031803180318033,,0.480000085532249,0.5200001828720509
1.8034803480348036,,0.4800000853060059,0.5200001823883323
1.8037803780378039,,0.4800000850803613,0.5200001819058933
1.8040804080408042,,0.48000008485531354,0.5200001814247304
1.8043804380438044,,0.480000084630861,0.5200001809448401
1.8046804680468047,,0.4800000844070022,0.5200001804662193
1.804980498049805,,0.4800000841837356,0.5200001799888645
1.8052805280528057,,0.4800000839610595,0.5200001795127722
1.805580558055806,,0.48000008373897235,0.5200001790379394
1.8058805880588062,,0.48000008351747275,0.5200001785643625
1.8061806180618065,,0.48000008329655897,0.5200001780920384
1.8064806480648068,,0.4800000830762296,0.5200001776209635
1.806780678067807,,0.480000082856483,0.5200001771511348
1.8070807080708073,,0.48000008263731764,0.5200001766825487
1.8073807380738076,,0.480000082418732,0.5200001762152021
1.8076807680768079,,0.48000008220072454,0.5200001757490917
1.8079807980798082,,0.48000008198329375,0.5200001752842143
1.8082808280828084,,0.48000008176643805,0.5200001748205665
1.8085808580858087,,0.480000081550156,0.520000174358145
1.808880888088809,,0.48000008133444605,0.5200001738969469
1.8091809180918093,,0.4800000811193067,0.5200001734369685
1.8094809480948095,,0.4800000809047364,0.5200001729782069
1.8097809780978098,,0.48000008069073363,0.5200001725206588
1.8100810081008105,,0.4800000804772969,0.5200001720643209
1.8103810381038108,,0.4800000802644248,0.5200001716091901
1.810681068106811,,0.48000008005211575,0.5200001711552632
1.8109810981098113,,0.4800000798403683,0.5200001707025369
1.8112811281128116,,0.48000007962918095,0.5200001702510082
1.8115811581158119,,0.48000007941855216,0.5200001698006739
1.8118811881188122,,0.4800000792084806,0.5200001693515306
1.8121812181218124,,0.48000007899896463,0.5200001689035755
1.8124812481248127,,0.4800000787900029,0.5200001684568052
1.812781278127813,,0.4800000785815938,0.5200001680112167
1.8130813081308133,,0.4800000783737361,0.5200001675668069
1.8133813381338135,,0.48000007816642815,0.5200001671235726
1.8136813681368138,,0.48000007795966854,0.5200001666815106
1.813981398139814,,0.4800000777534559,0.520000166240618
1.8142814281428143,,0.4800000775477886,0.5200001658008916
1.8145814581458146,,0.4800000773426654,0.5200001653623283
1.814881488148815,,0.48000007713808474,0.5200001649249251
1.8151815181518156,,0.4800000769340453,0.5200001644886788
1.8154815481548159,,0.48000007673054546,0.5200001640535865
1.8157815781578162,,0.480000076527584,0.5200001636196451
1.8160816081608164,,0.4800000763251593,0.5200001631868515
1.8163816381638167,,0.48000007612327006,0.5200001627552027
1.816681668166817,,0.4800000759219149,0.5200001623246956
1.8169816981698172,,0.4800000757210923,0.5200001618953273
1.8172817281728175,,0.48000007552080093,0.5200001614670946
1.8175817581758178,,0.48000007532103933,0.5200001610399948
1.817881788178818,,0.4800000751218061,0.5200001606140247
1.8181818181818183,,0.48000007492309993,0.5200001601891813
1.8184818481848186,,0.4800000747249193,0.5200001597654617
1.818781878187819,,0.4800000745272629,0.5200001593428628
1.8190819081908192,,0.48000007433012937,0.5200001589213817
1.8193819381938194,,0.48000007413351725,0.5200001585010157
1.8196819681968197,,0.48000007393742516,0.5200001580817614
1.81998199819982,,0.48000007374185183,0.5200001576636162
1.8202820282028207,,0.48000007354679575,0.5200001572465769
1.820582058205821,,0.48000007335225564,0.5200001568306408
1.8208820882088212,,0.4800000731582301,0.520000156415805
1.8211821182118215,,0.4800000729647178,0.5200001560020664
1.8214821482148218,,0.48000007277171736,0.5200001555894221
1.821782178217822,,0.4800000725792274,0.5200001551778695
1.8220822082208223,,0.4800000723872466,0.5200001547674054
1.8223822382238226,,0.4800000721957737,0.5200001543580269
1.8226822682268229,,0.48000007200480715,0.5200001539497314
1.8229822982298232,,0.4800000718143458,0.5200001535425158
1.8232823282328234,,0.48000007162438824,0.5200001531363775
1.8235823582358237,,0.4800000714349331,0.5200001527313134
1.823882388238824,,0.48000007124597915,0.5200001523273207
1.8241824182418243,,0.48000007105752496,0.5200001519243966
1.8244824482448245,,0.4800000708695693,0.5200001515225383
1.8247824782478248,,0.48000007068211076,0.520000151121743
1.8250825082508255,,0.4800000704951481,0.5200001507220078
1.8253825382538258,,0.4800000703086799,0.52000015032333
1.825682568256826,,0.480000070122705,0.5200001499257068
1.8259825982598263,,0.48000006993722205,0.5200001495291352
1.8262826282628266,,0.4800000697522297,0.5200001491336127
1.8265826582658269,,0.4800000695677267,0.5200001487391364
1.8268826882688272,,0.48000006938371165,0.5200001483457035
1.8271827182718274,,0.4800000692001834,0.5200001479533113
1.8274827482748277,,0.4800000690171406,0.520000147561957
1.827782778277828,,0.480000068834582,0.5200001471716379
1.8280828082808283,,0.4800000686525063,0.5200001467823512
1.8283828382838285,,0.48000006847091214,0.5200001463940943
1.8286828682868288,,0.48000006828979835,0.5200001460068643
1.828982898289829,,0.4800000681091636,0.5200001456206587
1.8292829282928293,,0.4800000679290067,0.5200001452354744
1.8295829582958296,,0.4800000677493263,0.5200001448513092
1.82988298829883,,0.4800000675701212,0.5200001444681601
1.8301830183018306,,0.4800000673913901,0.5200001440860245
1.8304830483048309,,0.48000006721313176,0.5200001437048996
1.8307830783078312,,0.480000067035345,0.5200001433247828
1.8310831083108314,,0.48000006685802843,0.5200001429456715
1.8313831383138317,,0.4800000666811809,0.5200001425675631
1.831683168316832,,0.4800000665048012,0.5200001421904548
1.8319831983198323,,0.480000066328888,0.520000141814344
1.8322832283228325,,0.4800000661534401,0.520000141439228
1.8325832583258328,,0.4800000659784563,0.5200001410651042
1.832883288328833,,0.4800000658039354,0.5200001406919701
1.8331833183318333,,0.48000006562987607,0.5200001403198229
1.8334833483348336,,0.48000006545627716,0.5200001399486601
1.833783378337834,,0.48000006528313743,0.5200001395784791
1.8340834083408342,,0.4800000651104557,0.5200001392092772
1.8343834383438344,,0.4800000649382307,0.520000138841052
1.8346834683468347,,0.4800000647664613,0.5200001384738007
1.834983498349835,,0.4800000645951462,0.5200001381075209
1.8352835283528357,,0.4800000644242843,0.5200001377422099
1.835583558355836,,0.4800000642538743,0.5200001373778652
1.8358835883588362,,0.4800000640839151,0.5200001370144842
1.8361836183618365,,0.4800000639144054,0.5200001366520645
1.8364836483648368,,0.48000006374534415,0.5200001362906034
1.836783678367837,,0.4800000635767301,0.5200001359300983
1.8370837083708373,,0.480000063408562,0.5200001355705468
1.8373837383738376,,0.4800000632408387,0.5200001352119464
1.837683768376838,,0.4800000630735591,0.5200001348542946
1.8379837983798382,,0.480000062906722,0.5200001344975889
1.8382838283828384,,0.48000006274032614,0.5200001341418266
1.8385838583858387,,0.48000006257437045,0.5200001337870053
1.838883888388839,,0.4800000624088537,0.5200001334331226
1.8391839183918393,,0.4800000622437748,0.5200001330801759
1.8394839483948395,,0.4800000620791325,0.5200001327281629
1.8397839783978398,,0.4800000619149257,0.520000132377081
1.8400840084008405,,0.48000006175115334,0.5200001320269276
1.8403840384038408,,0.4800000615878141,0.5200001316777005
1.840684068406841,,0.4800000614249069,0.5200001313293973
1.8409840984098413,,0.48000006126243067,0.5200001309820153
1.8412841284128416,,0.4800000611003842,0.5200001306355521
1.8415841584158419,,0.48000006093876635,0.5200001302900052
1.8418841884188422,,0.48000006077757595,0.5200001299453726
1.8421842184218424,,0.480000060616812,0.5200001296016514
1.8424842484248427,,0.48000006045647325,0.5200001292588395
1.842784278427843,,0.4800000602965586,0.5200001289169344
1.8430843084308433,,0.480000060137067,0.5200001285759336
1.8433843384338435,,0.48000005997799716,0.5200001282358347
1.8436843684368438,,0.4800000598193482,0.5200001278966356
1.843984398439844,,0.4800000596611188,0.5200001275583336
1.8442844284428443,,0.480000059503308,0.5200001272209265
1.8445844584458446,,0.4800000593459146,0.5200001268844119
1.844884488448845,,0.4800000591889375,0.5200001265487874
1.8451845184518456,,0.48000005903237564,0.5200001262140506
1.8454845484548459,,0.48000005887622793,0.5200001258801993
1.8457845784578462,,0.48000005872049323,0.5200001255472311
1.8460846084608464,,0.4800000585651705,0.5200001252151435
1.8463846384638467,,0.48000005841025856,0.5200001248839344
1.846684668466847,,0.4800000582557564,0.5200001245536015
1.8469846984698473,,0.48000005810166296,0.5200001242241422
1.8472847284728475,,0.48000005794797707,0.5200001238955544
1.8475847584758478,,0.4800000577946977,0.5200001235678358
1.847884788478848,,0.4800000576418238,0.520000123240984
1.8481848184818483,,0.4800000574893542,0.5200001229149968
1.8484848484848486,,0.48000005733728796,0.5200001225898718
1.848784878487849,,0.48000005718562394,0.5200001222656069
1.8490849084908492,,0.4800000570343611,0.5200001219421997
1.8493849384938494,,0.4800000568834984,0.5200001216196479
1.8496849684968497,,0.4800000567330347,0.5200001212979494
1.84998499849985,,0.480000056582969,0.5200001209771017
1.8502850285028507,,0.48000005643330024,0.5200001206571027
1.850585058505851,,0.48000005628402737,0.5200001203379502
1.8508850885088513,,0.4800000561351494,0.5200001200196418
1.8511851185118515,,0.4800000559866652,0.5200001197021755
1.8514851485148518,,0.4800000558385737,0.5200001193855488
1.851785178517852,,0.48000005569087395,0.5200001190697597
1.8520852085208523,,0.4800000555435649,0.5200001187548059
1.8523852385238526,,0.48000005539664553,0.5200001184406852
1.852685268526853,,0.48000005525011474,0.5200001181273953
1.8529852985298532,,0.48000005510397153,0.5200001178149342
1.8532853285328534,,0.4800000549582149,0.5200001175032996
1.8535853585358537,,0.4800000548128438,0.5200001171924892
1.853885388538854,,0.4800000546678573,0.5200001168825009
1.8541854185418543,,0.4800000545232542,0.5200001165733327
1.8544854485448545,,0.48000005437903365,0.5200001162649822
1.8547854785478548,,0.4800000542351946,0.5200001159574473
1.8550855085508555,,0.48000005409173596,0.520000115650726
1.8553855385538558,,0.48000005394865686,0.5200001153448159
1.855685568556856,,0.4800000538059562,0.520000115039715
1.8559855985598563,,0.48000005366363296,0.5200001147354212
1.8562856285628566,,0.4800000535216862,0.5200001144319322
1.8565856585658569,,0.48000005338011487,0.520000114129246
1.8568856885688572,,0.4800000532389181,0.5200001138273604
1.8571857185718574,,0.48000005309809474,0.5200001135262734
1.8574857485748577,,0.4800000529576439,0.5200001132259827
1.857785778577858,,0.4800000528175646,0.5200001129264864
1.8580858085808583,,0.4800000526778558,0.5200001126277822
1.8583858385838585,,0.4800000525385165,0.5200001123298682
1.8586858685868588,,0.4800000523995458,0.5200001120327422
1.858985898589859,,0.4800000522609427,0.5200001117364021
1.8592859285928593,,0.48000005212270624,0.520000111440846
1.8595859585958596,,0.4800000519848354,0.5200001111460716
1.85988598859886,,0.4800000518473293,0.5200001108520769
1.8601860186018606,,0.4800000517101869,0.5200001105588598
1.8604860486048609,,0.4800000515734072,0.5200001102664183
1.8607860786078612,,0.4800000514369894,0.5200001099747504
1.8610861086108614,,0.4800000513009323,0.5200001096838539
1.8613861386138617,,0.4800000511652352,0.520000109393727
1.861686168616862,,0.480000051029897,0.5200001091043674
1.8619861986198623,,0.4800000508949168,0.5200001088157733
1.8622862286228625,,0.4800000507602936,0.5200001085279424
1.8625862586258628,,0.4800000506260266,0.5200001082408731
1.862886288628863,,0.48000005049211464,0.5200001079545629
1.8631863186318633,,0.4800000503585569,0.5200001076690102
1.8634863486348636,,0.48000005022535247,0.5200001073842127
1.863786378637864,,0.4800000500925004,0.5200001071001685
1.8640864086408642,,0.48000004995999973,0.5200001068168757
1.8643864386438644,,0.4800000498278495,0.5200001065343323
1.8646864686468647,,0.48000004969604887,0.5200001062525361
1.864986498649865,,0.48000004956459685,0.5200001059714854
1.8652865286528657,,0.48000004943349256,0.520000105691178
1.865586558655866,,0.480000049302735,0.5200001054116122
1.8658865886588663,,0.48000004917232336,0.5200001051327858
1.8661866186618665,,0.4800000490422566,0.5200001048546969
1.8664866486648668,,0.480000048912534,0.5200001045773437
1.866786678667867,,0.48000004878315444,0.5200001043007241
1.8670867086708673,,0.48000004865411716,0.5200001040248361
1.8673867386738676,,0.48000004852542116,0.520000103749678
1.867686768676868,,0.4800000483970656,0.5200001034752476
1.8679867986798682,,0.4800000482690495,0.5200001032015431
1.8682868286828684,,0.4800000481413721,0.5200001029285626
1.8685868586858687,,0.4800000480140324,0.5200001026563043
1.868886888688869,,0.4800000478870295,0.520000102384766
1.8691869186918693,,0.48000004776036254,0.520000102113946
1.8694869486948695,,0.48000004763403065,0.5200001018438423
1.8697869786978698,,0.48000004750803293,0.5200001015744531
1.8700870087008705,,0.48000004738236846,0.5200001013057765
1.8703870387038708,,0.48000004725703643,0.5200001010378105
1.870687068706871,,0.48000004713203587,0.5200001007705534
1.8709870987098713,,0.480000047007366,0.5200001005040031
1.8712871287128716,,0.48000004688302583,0.520000100238158
1.871587158715872,,0.48000004675901464,0.520000099973016
1.8718871887188722,,0.4800000466353314,0.5200000997085754
1.8721872187218724,,0.48000004651197536,0.5200000994448342
1.8724872487248727,,0.48000004638894556,0.5200000991817907
1.872787278727873,,0.48000004626624126,0.5200000989194429
1.8730873087308733,,0.4800000461438615,0.5200000986577891
1.8733873387338735,,0.4800000460218054,0.5200000983968274
1.8736873687368738,,0.4800000459000722,0.520000098136556
1.873987398739874,,0.480000045778661,0.520000097876973
1.8742874287428744,,0.48000004565757093,0.5200000976180766
1.8745874587458746,,0.4800000455368012,0.5200000973598651
1.874887488748875,,0.4800000454163509,0.5200000971023365
1.8751875187518756,,0.4800000452962192,0.5200000968454892
1.8754875487548759,,0.48000004517640527,0.5200000965893212
1.8757875787578762,,0.48000004505690824,0.5200000963338309
1.8760876087608764,,0.4800000449377273,0.5200000960790163
1.8763876387638767,,0.4800000448188616,0.5200000958248758
1.876687668766877,,0.4800000447003103,0.5200000955714075
1.8769876987698773,,0.4800000445820726,0.5200000953186096
1.8772877287728775,,0.4800000444641477,0.5200000950664805
1.8775877587758778,,0.48000004434653465,0.5200000948150182
1.877887788778878,,0.48000004422923276,0.520000094564221
1.8781878187818783,,0.4800000441122411,0.5200000943140873
1.8784878487848786,,0.48000004399555896,0.5200000940646152
1.878787878787879,,0.48000004387918543,0.520000093815803
1.8790879087908792,,0.48000004376311967,0.520000093567649
1.8793879387938794,,0.480000043647361,0.5200000933201513
1.8796879687968797,,0.48000004353190845,0.5200000930733083
1.8799879987998804,,0.48000004341676134,0.5200000928271182
1.8802880288028807,,0.4800000433019188,0.5200000925815793
1.880588058805881,,0.48000004318738,0.5200000923366899
1.8808880888088813,,0.4800000430731442,0.5200000920924482
1.8811881188118815,,0.48000004295921056,0.5200000918488527
1.8814881488148818,,0.4800000428455783,0.5200000916059014
1.881788178817882,,0.4800000427322466,0.5200000913635928
1.8820882088208823,,0.48000004261921464,0.5200000911219251
1.8823882388238826,,0.4800000425064817,0.5200000908808967
1.882688268826883,,0.480000042394047,0.5200000906405058
1.8829882988298832,,0.4800000422819096,0.5200000904007508
1.8832883288328834,,0.48000004217006886,0.52000009016163
1.8835883588358837,,0.480000042058524,0.5200000899231416
1.883888388838884,,0.48000004194727414,0.5200000896852841
1.8841884188418843,,0.48000004183631856,0.5200000894480558
1.8844884488448845,,0.48000004172565647,0.5200000892114549
1.8847884788478848,,0.4800000416152871,0.5200000889754799
1.8850885088508855,,0.48000004150520964,0.520000088740129
1.8853885388538858,,0.4800000413954234,0.5200000885054007
1.885688568856886,,0.48000004128592755,0.5200000882712933
1.8859885988598863,,0.4800000411767213,0.5200000880378051
1.8862886288628866,,0.4800000410678039,0.5200000878049346
1.886588658865887,,0.48000004095917465,0.5200000875726799
1.8868886888688872,,0.4800000408508327,0.5200000873410396
1.8871887188718874,,0.48000004074277736,0.5200000871100121
1.8874887488748877,,0.4800000406350078,0.5200000868795956
1.887788778877888,,0.4800000405275233,0.5200000866497887
1.8880888088808883,,0.4800000404203231,0.5200000864205896
1.8883888388838885,,0.48000004031340654,0.5200000861919968
1.8886888688868888,,0.4800000402067727,0.5200000859640086
1.888988898889889,,0.48000004010042097,0.5200000857366235
1.8892889288928894,,0.48000003999435054,0.5200000855098398
1.8895889588958896,,0.4800000398885607,0.5200000852836559
1.88988898889889,,0.48000003978305067,0.5200000850580705
1.8901890189018906,,0.4800000396778197,0.5200000848330817
1.890489048904891,,0.48000003957286713,0.520000084608688
1.8907890789078912,,0.48000003946819214,0.5200000843848878
1.8910891089108914,,0.480000039363794,0.5200000841616796
1.8913891389138917,,0.48000003925967205,0.5200000839390619
1.891689168916892,,0.4800000391558255,0.520000083717033
1.8919891989198923,,0.48000003905225364,0.5200000834955913
1.8922892289228925,,0.4800000389489557,0.5200000832747355
1.8925892589258928,,0.48000003884593107,0.5200000830544638
1.892889288928893,,0.4800000387431789,0.5200000828347748
1.8931893189318934,,0.48000003864069857,0.5200000826156669
1.8934893489348936,,0.48000003853848927,0.5200000823971385
1.893789378937894,,0.4800000384365503,0.5200000821791881
1.8940894089408942,,0.48000003833488103,0.5200000819618144
1.8943894389438944,,0.48000003823348064,0.5200000817450154
1.8946894689468947,,0.4800000381323485,0.5200000815287901
1.8949894989498954,,0.4800000380314839,0.5200000813131367
1.8952895289528957,,0.480000037930886,0.5200000810980536
1.895589558955896,,0.4800000378305543,0.5200000808835396
1.8958895889588963,,0.4800000377304879,0.5200000806695929
1.8961896189618965,,0.4800000376306862,0.520000080456212
1.8964896489648968,,0.48000003753114856,0.5200000802433957
1.896789678967897,,0.48000003743187414,0.5200000800311423
1.8970897089708973,,0.48000003733286234,0.5200000798194503
1.8973897389738976,,0.48000003723411244,0.5200000796083183
1.897689768976898,,0.4800000371356237,0.5200000793977447
1.8979897989798982,,0.4800000370373956,0.5200000791877282
1.8982898289828984,,0.48000003693942717,0.520000078978267
1.8985898589858987,,0.480000036841718,0.52000007876936
1.898889888988899,,0.48000003674426717,0.5200000785610057
1.8991899189918993,,0.4800000366470742,0.5200000783532024
1.8994899489948995,,0.4800000365501383,0.5200000781459487
1.8997899789978998,,0.4800000364534588,0.5200000779392433
1.9000900090009005,,0.480000036357035,0.5200000777330847
1.9003900390039008,,0.4800000362608663,0.5200000775274713
1.900690069006901,,0.4800000361649519,0.5200000773224018
1.9009900990099013,,0.48000003606929126,0.5200000771178748
1.9012901290129016,,0.4800000359738837,0.5200000769138887
1.901590159015902,,0.4800000358787284,0.5200000767104422
1.9018901890189022,,0.4800000357838249,0.5200000765075339
1.9021902190219024,,0.4800000356891724,0.5200000763051623
1.9024902490249027,,0.4800000355947702,0.520000076103326
1.902790279027903,,0.48000003550061776,0.5200000759020236
1.9030903090309033,,0.4800000354067144,0.5200000757012536
1.9033903390339035,,0.48000003531305935,0.5200000755010147
1.9036903690369038,,0.48000003521965207,0.5200000753013054
1.903990399039904,,0.48000003512649186,0.5200000751021244
1.9042904290429044,,0.4800000350335781,0.5200000749034702
1.9045904590459046,,0.48000003494091004,0.5200000747053416
1.904890489048905,,0.48000003484848713,0.520000074507737
1.9051905190519056,,0.4800000347563087,0.5200000743106551
1.905490549054906,,0.4800000346643741,0.5200000741140944
1.9057905790579062,,0.48000003457268264,0.5200000739180538
1.9060906090609064,,0.48000003448123374,0.5200000737225317
1.9063906390639067,,0.48000003439002675,0.5200000735275266
1.906690669066907,,0.480000034299061,0.5200000733330375
1.9069906990699073,,0.48000003420833587,0.5200000731390628
1.9072907290729075,,0.4800000341178507,0.5200000729456012
1.9075907590759078,,0.4800000340276049,0.5200000727526514
1.907890789078908,,0.48000003393759777,0.5200000725602119
1.9081908190819084,,0.48000003384782874,0.5200000723682814
1.9084908490849086,,0.4800000337582972,0.5200000721768586
1.908790879087909,,0.48000003366900246,0.5200000719859421
1.9090909090909092,,0.48000003357994386,0.5200000717955306
1.9093909390939094,,0.4800000334911209,0.5200000716056228
1.9096909690969097,,0.48000003340253283,0.5200000714162174
1.9099909990999104,,0.4800000333141791,0.5200000712273128
1.9102910291029107,,0.4800000332260591,0.5200000710389081
1.910591059105911,,0.4800000331381722,0.5200000708510016
1.9108910891089113,,0.48000003305051775,0.5200000706635922
1.9111911191119115,,0.4800000329630952,0.5200000704766785
1.9114911491149118,,0.4800000328759038,0.5200000702902593
1.911791179117912,,0.4800000327889431,0.520000070104333
1.9120912091209123,,0.4800000327022124,0.5200000699188987
1.9123912391239126,,0.4800000326157111,0.5200000697339549
1.912691269126913,,0.4800000325294387,0.5200000695495001
1.9129912991299132,,0.4800000324433944,0.5200000693655333
1.9132913291329134,,0.4800000323575777,0.5200000691820531
1.9135913591359137,,0.480000032271988,0.5200000689990583
1.913891389138914,,0.48000003218662474,0.5200000688165475
1.9141914191419143,,0.48000003210148723,0.5200000686345195
1.9144914491449145,,0.480000032016575,0.520000068452973
1.9147914791479148,,0.4800000319318873,0.5200000682719066
1.9150915091509155,,0.48000003184742357,0.5200000680913192
1.9153915391539158,,0.48000003176318334,0.5200000679112095
1.915691569156916,,0.4800000316791659,0.5200000677315761
1.9159915991599163,,0.4800000315953707,0.520000067552418
1.9162916291629166,,0.48000003151179715,0.5200000673737337
1.916591659165917,,0.48000003142844466,0.5200000671955222
1.9168916891689172,,0.48000003134531266,0.5200000670177819
1.9171917191719174,,0.48000003126240054,0.5200000668405118
1.9174917491749177,,0.48000003117970774,0.5200000666637106
1.917791779177918,,0.48000003109723366,0.5200000664873771
1.9180918091809183,,0.48000003101497773,0.52000006631151
1.9183918391839185,,0.4800000309329394,0.520000066136108
1.9186918691869188,,0.48000003085111803,0.5200000659611701
1.918991899189919,,0.48000003076951314,0.5200000657866949
1.9192919291929194,,0.4800000306881241,0.5200000656126812
1.9195919591959196,,0.4800000306069503,0.5200000654391278
1.91989198919892,,0.4800000305259912,0.5200000652660334
1.9201920192019206,,0.4800000304452463,0.5200000650933969
1.920492049204921,,0.480000030364715,0.5200000649212171
1.9207920792079212,,0.48000003028439664,0.5200000647494927
1.9210921092109214,,0.48000003020429083,0.5200000645782225
1.9213921392139217,,0.48000003012439685,0.5200000644074053
1.921692169216922,,0.48000003004471414,0.5200000642370399
1.9219921992199223,,0.48000002996524227,0.5200000640671253
1.9222922292229225,,0.4800000298859806,0.5200000638976601
1.9225922592259228,,0.48000002980692863,0.520000063728643
1.922892289228923,,0.4800000297280857,0.5200000635600731
1.9231923192319234,,0.4800000296494514,0.5200000633919492
1.9234923492349236,,0.480000029571025,0.5200000632242698
1.923792379237924,,0.48000002949280607,0.520000063057034
1.9240924092409242,,0.4800000294147941,0.5200000628902406
1.9243924392439244,,0.4800000293369884,0.5200000627238883
1.9246924692469247,,0.48000002925938856,0.5200000625579762
1.9249924992499254,,0.4800000291819939,0.5200000623925027
1.9252925292529257,,0.48000002910480405,0.5200000622274671
1.925592559255926,,0.48000002902781835,0.520000062062868
1.9258925892589263,,0.4800000289510363,0.5200000618987042
1.9261926192619265,,0.4800000288744573,0.5200000617349747
1.9264926492649268,,0.4800000287980809,0.5200000615716782
1.926792679267927,,0.4800000287219065,0.5200000614088138
1.9270927092709274,,0.4800000286459336,0.5200000612463801
1.9273927392739276,,0.4800000285701617,0.520000061084376
1.927692769276928,,0.48000002849459017,0.5200000609228005
1.9279927992799282,,0.48000002841921857,0.5200000607616524
1.9282928292829284,,0.4800000283440463,0.5200000606009305
1.9285928592859287,,0.4800000282690729,0.5200000604406338
1.928892889288929,,0.4800000281942978,0.5200000602807611
1.9291929192919293,,0.48000002811972053,0.5200000601213112
1.9294929492949295,,0.4800000280453405,0.5200000599622832
1.9297929792979298,,0.48000002797115715,0.5200000598036757
1.9300930093009305,,0.4800000278971701,0.5200000596454878
1.9303930393039308,,0.48000002782337875,0.5200000594877183
1.930693069306931,,0.48000002774978257,0.5200000593303661
1.9309930993099313,,0.48000002767638106,0.5200000591734302
1.9312931293129316,,0.4800000276031737,0.5200000590169094
1.931593159315932,,0.48000002753015997,0.5200000588608025
1.9318931893189322,,0.4800000274573394,0.5200000587051086
1.9321932193219324,,0.4800000273847114,0.5200000585498266
1.9324932493249327,,0.4800000273122756,0.5200000583949552
1.932793279327933,,0.4800000272400313,0.5200000582404936
1.9330933093309333,,0.4800000271679782,0.5200000580864405
1.9333933393339335,,0.4800000270961156,0.5200000579327948
1.9336933693369338,,0.4800000270244431,0.5200000577795556
1.933993399339934,,0.48000002695296023,0.5200000576267217
1.9342934293429344,,0.48000002688166643,0.5200000574742921
1.9345934593459346,,0.4800000268105612,0.5200000573222657
1.934893489348935,,0.48000002673964404,0.5200000571706415
1.9351935193519356,,0.48000002666891445,0.5200000570194183
1.935493549354936,,0.480000026598372,0.5200000568685951
1.9357935793579362,,0.4800000265280161,0.5200000567181707
1.9360936093609364,,0.4800000264578463,0.5200000565681444
1.9363936393639367,,0.4800000263878621,0.5200000564185149
1.936693669366937,,0.48000002631806304,0.5200000562692811
1.9369936993699373,,0.4800000262484486,0.5200000561204421
1.9372937293729375,,0.4800000261790183,0.5200000559719968
1.9375937593759378,,0.48000002610977166,0.5200000558239442
1.937893789378938,,0.4800000260407082,0.5200000556762832
1.9381938193819384,,0.4800000259718274,0.5200000555290126
1.9384938493849386,,0.4800000259031288,0.5200000553821318
1.938793879387939,,0.4800000258346119,0.5200000552356393
1.9390939093909392,,0.4800000257662762,0.5200000550895344
1.9393939393939394,,0.48000002569812134,0.520000054943816
1.9396939693969397,,0.4800000256301467,0.520000054798483
1.9399939993999404,,0.4800000255623519,0.5200000546535344
1.9402940294029407,,0.4800000254947364,0.5200000545089692
1.940594059405941,,0.48000002542729975,0.5200000543647865
1.9408940894089413,,0.4800000253600415,0.520000054220985
1.9411941194119415,,0.48000002529296115,0.5200000540775641
1.9414941494149418,,0.4800000252260582,0.5200000539345224
1.941794179417942,,0.48000002515933227,0.5200000537918591
1.9420942094209424,,0.48000002509278283,0.5200000536495732
1.9423942394239426,,0.48000002502640937,0.5200000535076637
1.942694269426943,,0.48000002496021155,0.5200000533661294
1.9429942994299432,,0.48000002489418875,0.5200000532249696
1.9432943294329434,,0.48000002482834064,0.5200000530841832
1.9435943594359437,,0.4800000247626667,0.5200000529437692
1.943894389438944,,0.48000002469716646,0.5200000528037265
1.9441944194419443,,0.4800000246318395,0.5200000526640542
1.9444944494449445,,0.48000002456668533,0.5200000525247516
1.9447944794479448,,0.4800000245017035,0.5200000523858173
1.9450945094509455,,0.48000002443689355,0.5200000522472505
1.9453945394539458,,0.48000002437225503,0.5200000521090502
1.945694569456946,,0.4800000243077875,0.5200000519712156
1.9459945994599464,,0.4800000242434905,0.5200000518337454
1.9462946294629466,,0.4800000241793635,0.520000051696639
1.946594659465947,,0.4800000241154062,0.5200000515598951
1.9468946894689472,,0.48000002405161807,0.520000051423513
1.9471947194719474,,0.4800000239879986,0.5200000512874916
1.9474947494749477,,0.4800000239245475,0.52000005115183
1.947794779477948,,0.48000002386126417,0.5200000510165274
1.9480948094809483,,0.48000002379814827,0.5200000508815825
1.9483948394839485,,0.4800000237351993,0.5200000507469946
1.9486948694869488,,0.48000002367241684,0.5200000506127627
1.948994899489949,,0.4800000236098005,0.5200000504788859
1.9492949294929494,,0.4800000235473497,0.5200000503453631
1.9495949594959496,,0.48000002348506415,0.5200000502121935
1.94989498949895,,0.48000002342294334,0.5200000500793763
1.9501950195019506,,0.48000002336098685,0.5200000499469103
1.950495049504951,,0.4800000232991942,0.5200000498147948
1.9507950795079512,,0.480000023237565,0.5200000496830286
1.9510951095109514,,0.4800000231760989,0.520000049551611
1.9513951395139517,,0.48000002311479534,0.5200000494205411
1.951695169516952,,0.4800000230536539,0.5200000492898178
1.9519951995199523,,0.48000002299267425,0.5200000491594403
1.9522952295229525,,0.48000002293185584,0.5200000490294077
1.9525952595259528,,0.4800000228711983,0.5200000488997191
1.952895289528953,,0.48000002281070125,0.5200000487703734
1.9531953195319534,,0.48000002275036424,0.52000004864137
1.9534953495349536,,0.48000002269018677,0.5200000485127076
1.953795379537954,,0.4800000226301685,0.5200000483843857
1.9540954095409542,,0.480000022570309,0.5200000482564032
1.9543954395439544,,0.4800000225106078,0.5200000481287592
1.9546954695469547,,0.48000002245106455,0.5200000480014528
1.9549954995499554,,0.48000002239167877,0.5200000478744833
1.9552955295529557,,0.4800000223324501,0.5200000477478495
1.955595559555956,,0.48000002227337807,0.5200000476215507
1.9558955895589563,,0.4800000222144623,0.5200000474955859
1.9561956195619565,,0.4800000221557024,0.5200000473699544
1.9564956495649568,,0.4800000220970979,0.5200000472446552
1.956795679567957,,0.48000002203864844,0.5200000471196874
1.9570957095709574,,0.4800000219803536,0.5200000469950502
1.9573957395739576,,0.48000002192221286,0.5200000468707426
1.957695769576958,,0.48000002186422597,0.5200000467467639
1.9579957995799582,,0.4800000218063925,0.520000046623113
1.9582958295829584,,0.480000021748712,0.5200000464997894
1.9585958595859587,,0.480000021691184,0.5200000463767918
1.958895889588959,,0.4800000216338082,0.5200000462541197
1.9591959195919593,,0.48000002157658417,0.5200000461317719
1.9594959495949595,,0.48000002151951154,0.5200000460097478
1.9597959795979598,,0.48000002146258985,0.5200000458880465
1.9600960096009605,,0.4800000214058187,0.5200000457666671
1.9603960396039608,,0.4800000213491977,0.5200000456456088
1.960696069606961,,0.48000002129272656,0.5200000455248707
1.9609960996099614,,0.48000002123640473,0.5200000454044519
1.9612961296129616,,0.4800000211802319,0.5200000452843517
1.961596159615962,,0.48000002112420764,0.5200000451645691
1.9618961896189622,,0.48000002106833156,0.5200000450451034
1.9621962196219624,,0.4800000210126033,0.5200000449259538
1.9624962496249627,,0.48000002095702243,0.5200000448071191
1.962796279627963,,0.4800000209015886,0.520000044688599
1.9630963096309633,,0.4800000208463014,0.5200000445703923
1.9633963396339635,,0.48000002079116044,0.5200000444524981
1.9636963696369638,,0.4800000207361653,0.520000044334916
1.963996399639964,,0.48000002068131564,0.5200000442176448
1.9642964296429644,,0.48000002062661107,0.5200000441006838
1.9645964596459646,,0.4800000205720512,0.5200000439840322
1.964896489648965,,0.4800000205176357,0.5200000438676892
1.9651965196519656,,0.48000002046336404,0.5200000437516539
1.965496549654966,,0.480000020409236,0.5200000436359254
1.9657965796579662,,0.48000002035525113,0.5200000435205032
1.9660966096609664,,0.48000002030140904,0.5200000434053863
1.9663966396639667,,0.4800000202477094,0.5200000432905738
1.966696669666967,,0.4800000201941517,0.5200000431760651
1.9669966996699673,,0.4800000201407358,0.5200000430618592
1.9672967296729675,,0.4800000200874611,0.5200000429479553
1.9675967596759678,,0.4800000200343274,0.5200000428343529
1.967896789678968,,0.4800000199813342,0.5200000427210508
1.9681968196819684,,0.4800000199284811,0.5200000426080486
1.9684968496849686,,0.4800000198757679,0.5200000424953451
1.968796879687969,,0.4800000198231941,0.5200000423829398
1.9690969096909692,,0.4800000197707594,0.5200000422708319
1.9693969396939695,,0.48000001971846334,0.5200000421590204
1.9696969696969697,,0.4800000196663057,0.5200000420475047
1.9699969996999704,,0.4800000196142859,0.520000041936284
1.9702970297029707,,0.4800000195624038,0.5200000418253575
1.970597059705971,,0.48000001951065885,0.5200000417147245
1.9708970897089713,,0.4800000194590508,0.520000041604384
1.9711971197119715,,0.4800000194075793,0.5200000414943354
1.9714971497149718,,0.4800000193562439,0.5200000413845779
1.971797179717972,,0.4800000193050443,0.5200000412751107
1.9720972097209724,,0.48000001925398017,0.5200000411659331
1.9723972397239726,,0.4800000192030511,0.5200000410570442
1.972697269726973,,0.4800000191522567,0.5200000409484434
1.9729972997299732,,0.4800000191015967,0.5200000408401299
1.9732973297329734,,0.48000001905107065,0.5200000407321028
1.9735973597359737,,0.4800000190006783,0.5200000406243616
1.973897389738974,,0.4800000189504192,0.5200000405169052
1.9741974197419743,,0.4800000189002931,0.5200000404097331
1.9744974497449745,,0.4800000188502995,0.5200000403028445
1.9747974797479748,,0.48000001880043824,0.5200000401962387
1.9750975097509755,,0.4800000187507088,0.5200000400899147
1.9753975397539758,,0.4800000187011109,0.5200000399838721
1.975697569756976,,0.4800000186516442,0.5200000398781099
1.9759975997599764,,0.4800000186023084,0.5200000397726277
1.9762976297629766,,0.48000001855310304,0.5200000396674243
1.976597659765977,,0.48000001850402785,0.5200000395624991
1.9768976897689772,,0.4800000184550825,0.5200000394578516
1.9771977197719774,,0.4800000184062666,0.5200000393534808
1.9774977497749777,,0.48000001835757977,0.5200000392493861
1.977797779777978,,0.4800000183090218,0.5200000391455668
1.9780978097809783,,0.48000001826059224,0.5200000390420221
1.9783978397839785,,0.48000001821229077,0.5200000389387512
1.9786978697869788,,0.4800000181641171,0.5200000388357535
1.978997899789979,,0.4800000181160708,0.5200000387330282
1.9792979297929794,,0.4800000180681516,0.5200000386305748
1.9795979597959796,,0.4800000180203592,0.5200000385283923
1.9798979897989804,,0.48000001797269315,0.52000003842648
1.9801980198019806,,0.48000001792515323,0.5200000383248374
1.980498049804981,,0.48000001787773905,0.5200000382234636
1.9807980798079812,,0.48000001783045027,0.520000038122358
1.9810981098109814,,0.4800000177832866,0.5200000380215197
1.9813981398139817,,0.4800000177362477,0.5200000379209482
1.981698169816982,,0.48000001768933315,0.5200000378206427
1.9819981998199823,,0.48000001764254274,0.5200000377206027
1.9822982298229825,,0.4800000175958761,0.5200000376208271
1.9825982598259828,,0.4800000175493329,0.5200000375213155
1.982898289828983,,0.4800000175029128,0.5200000374220671
1.9831983198319834,,0.4800000174566155,0.5200000373230812
1.9834983498349836,,0.4800000174104406,0.5200000372243572
1.983798379837984,,0.48000001736438797,0.5200000371258943
1.9840984098409842,,0.48000001731845704,0.5200000370276918
1.9843984398439845,,0.4800000172726476,0.5200000369297492
1.9846984698469847,,0.48000001722695945,0.5200000368320655
1.9849984998499854,,0.48000001718139207,0.5200000367346403
1.9852985298529857,,0.4800000171359452,0.5200000366374727
1.985598559855986,,0.48000001709061857,0.5200000365405623
1.9858985898589863,,0.48000001704541184,0.520000036443908
1.9861986198619865,,0.4800000170003247,0.5200000363475096
1.9864986498649868,,0.48000001695535677,0.520000036251366
1.986798679867987,,0.4800000169105078,0.5200000361554769
1.9870987098709874,,0.4800000168657775,0.5200000360598412
1.9873987398739876,,0.4800000168211655,0.5200000359644587
1.987698769876988,,0.4800000167766715,0.5200000358693283
1.9879987998799882,,0.48000001673229514,0.5200000357744496
1.9882988298829884,,0.4800000166880362,0.5200000356798219
1.9885988598859887,,0.48000001664389436,0.5200000355854445
1.988898889888989,,0.48000001659986924,0.5200000354913167
1.9891989198919893,,0.48000001655596064,0.5200000353974379
1.9894989498949895,,0.4800000165121681,0.5200000353038075
1.9897989798979898,,0.48000001646849144,0.5200000352104246
1.9900990099009905,,0.4800000164249303,0.5200000351172888
1.9903990399039908,,0.4800000163814844,0.5200000350243994
1.990699069906991,,0.4800000163381534,0.5200000349317556
1.9909990999099914,,0.48000001629493705,0.520000034839357
1.9912991299129916,,0.48000001625183497,0.5200000347472027
1.991599159915992,,0.4800000162088469,0.5200000346552921
1.9918991899189922,,0.48000001616597254,0.5200000345636246
1.9921992199219924,,0.48000001612321164,0.5200000344721998
1.9924992499249927,,0.48000001608056375,0.5200000343810166
1.992799279927993,,0.4800000160380288,0.5200000342900747
1.9930993099309933,,0.48000001599560627,0.5200000341993734
1.9933993399339935,,0.48000001595329594,0.5200000341089119
1.9936993699369938,,0.48000001591109753,0.5200000340186898
1.993999399939994,,0.4800000158690108,0.5200000339287062
1.9942994299429944,,0.48000001582703533,0.5200000338389608
1.9945994599459946,,0.48000001578517093,0.5200000337494526
1.9948994899489954,,0.4800000157434173,0.5200000336601812
1.9951995199519956,,0.48000001570177403,0.520000033571146
1.995499549954996,,0.480000015660241,0.5200000334823462
1.9957995799579962,,0.4800000156188177,0.5200000333937814
1.9960996099609964,,0.4800000155775041,0.5200000333054509
1.9963996399639967,,0.48000001553629973,0.520000033217354
1.996699669966997,,0.4800000154952043,0.5200000331294901
1.9969996999699973,,0.48000001545421767,0.5200000330418586
1.9972997299729975,,0.4800000154133394,0.520000032954459
1.9975997599759978,,0.48000001537256926,0.5200000328672905
1.997899789978998,,0.48000001533190695,0.5200000327803525
1.9981998199819984,,0.4800000152913522,0.5200000326936445
1.9984998499849986,,0.4800000152509048,0.5200000326071659
1.998799879987999,,0.4800000152105643,0.520000032520916
1.9990999099909992,,0.48000001517033053,0.5200000324348943
1.9993999399939995,,0.4800000151302032,0.5200000323491001
1.9996999699969997,,0.480000015090182,0.5200000322635329
2.0,,0.4800000150502666,0.5200000321781919
