Time (s),P_PCC (pu),P_down (pu),P_up (pu)
-1.0,0.5,0.48,0.52
-0.9994999499949995,0.5,0.48,0.52
-0.998999899989999,0.5,0.48,0.52
-0.9984998499849985,0.5,0.48,0.52
-0.997999799979998,0.5,0.48,0.52
-0.9974997499749975,0.5,0.48,0.52
-0.996999699969997,0.5,0.48,0.52
-0.9964996499649965,0.5,0.48,0.52
-0.995999599959996,0.5,0.48,0.52
-0.9954995499549955,0.5,0.48,0.52
-0.994999499949995,0.5,0.48,0.52
-0.9944994499449945,0.5,0.48,0.52
-0.993999399939994,0.5,0.48,0.52
-0.9934993499349934,0.5,0.48,0.52
-0.992999299929993,0.5,0.48,0.52
-0.9924992499249925,0.5,0.48,0.52
-0.991999199919992,0.5,0.48,0.52
-0.9914991499149916,0.5,0.48,0.52
-0.990999099909991,0.5,0.48,0.52
-0.9904990499049905,0.5,0.48,0.52
-0.98999899989999,0.5,0.48,0.52
-0.9894989498949895,0.5,0.48,0.52
-0.988998899889989,0.5,0.48,0.52
-0.9884988498849885,0.5,0.48,0.52
-0.987998799879988,0.5,0.48,0.52
-0.9874987498749875,0.5,0.48,0.52
-0.986998699869987,0.5,0.48,0.52
-0.9864986498649865,0.5,0.48,0.52
-0.985998599859986,0.5,0.48,0.52
-0.9854985498549855,0.5,0.48,0.52
-0.984998499849985,0.5,0.48,0.52
-0.9844984498449845,0.5,0.48,0.52
-0.983998399839984,0.5,0.48,0.52
-0.9834983498349835,0.5,0.48,0.52
-0.982998299829983,0.5,0.48,0.52
-0.9824982498249825,0.5,0.48,0.52
-0.981998199819982,0.5,0.48,0.52
-0.9814981498149815,0.5,0.48,0.52
-0.980998099809981,0.5,0.48,0.52
-0.9804980498049805,0.5,0.48,0.52
-0.97999799979998,0.5,0.48,0.52
-0.9794979497949795,0.5,0.48,0.52
-0.978997899789979,0.5,0.48,0.52
-0.9784978497849784,0.5,0.48,0.52
-0.977997799779978,0.5,0.48,0.52
-0.9774977497749775,0.5,0.48,0.52
-0.976997699769977,0.5,0.48,0.52
-0.9764976497649765,0.5,0.48,0.52
-0.975997599759976,0.5,0.48,0.52
-0.9754975497549755,0.5,0.48,0.52
-0.974997499749975,0.5,0.48,0.52
-0.9744974497449745,0.5,0.48,0.52
-0.973997399739974,0.5,0.48,0.52
-0.9734973497349735,0.5,0.48,0.52
-0.972997299729973,0.5,0.48,0.52
-0.9724972497249725,0.5,0.48,0.52
-0.971997199719972,0.5,0.48,0.52
-0.9714971497149715,0.5,0.48,0.52
-0.970997099709971,0.5,0.48,0.52
-0.9704970497049705,0.5,0.48,0.52
-0.96999699969997,0.5,0.48,0.52
-0.9694969496949695,0.5,0.48,0.52
-0.968996899689969,0.5,0.48,0.52
-0.9684968496849685,0.5,0.48,0.52
-0.967996799679968,0.5,0.48,0.52
-0.9674967496749675,0.5,0.48,0.52
-0.966996699669967,0.5,0.48,0.52
-0.9664966496649665,0.5,0.48,0.52
-0.965996599659966,0.5,0.48,0.52
-0.9654965496549655,0.5,0.48,0.52
-0.964996499649965,0.5,0.48,0.52
-0.9644964496449645,0.5,0.48,0.52
-0.963996399639964,0.5,0.48,0.52
-0.9634963496349634,0.5,0.48,0.52
-0.962996299629963,0.5,0.48,0.52
-0.9624962496249625,0.5,0.48,0.52
-0.961996199619962,0.5,0.48,0.52
-0.9614961496149614,0.5,0.48,0.52
-0.960996099609961,0.5,0.48,0.52
-0.9604960496049605,0.5,0.48,0.52
-0.95999599959996,0.5,0.48,0.52
-0.9594959495949595,0.5,0.48,0.52
-0.958995899589959,0.5,0.48,0.52
-0.9584958495849585,0.5,0.48,0.52
-0.957995799579958,0.5,0.48,0.52
-0.9574957495749575,0.5,0.48,0.52
-0.956995699569957,0.5,0.48,0.52
-0.9564956495649565,0.5,0.48,0.52
-0.9559955995599559,0.5,0.48,0.52
-0.9554955495549555,0.5,0.48,0.52
-0.954995499549955,0.5,0.48,0.52
-0.9544954495449545,0.5,0.48,0.52
-0.9539953995399539,0.5,0.48,0.52
-0.9534953495349535,0.5,0.48,0.52
-0.952995299529953,0.5,0.48,0.52
-0.9524952495249525,0.5,0.48,0.52
-0.951995199519952,0.5,0.48,0.52
-0.9514951495149515,0.5,0.48,0.52
-0.950995099509951,0.5,0.48,0.52
-0.9504950495049505,0.5,0.48,0.52
-0.94999499949995,0.5,0.48,0.52
-0.9494949494949495,0.5,0.48,0.52
-0.948994899489949,0.5,0.48,0.52
-0.9484948494849484,0.5,0.48,0.52
-0.947994799479948,0.5,0.48,0.52
-0.9474947494749475,0.5,0.48,0.52
-0.946994699469947,0.5,0.48,0.52
-0.9464946494649464,0.5,0.48,0.52
-0.945994599459946,0.5,0.48,0.52
-0.9454945494549455,0.5,0.48,0.52
-0.944994499449945,0.5,0.48,0.52
-0.9444944494449445,0.5,0.48,0.52
-0.943994399439944,0.5,0.48,0.52
-0.9434943494349435,0.5,0.48,0.52
-0.942994299429943,0.5,0.48,0.52
-0.9424942494249425,0.5,0.48,0.52
-0.941994199419942,0.5,0.48,0.52
-0.9414941494149415,0.5,0.48,0.52
-0.9409940994099409,0.5,0.48,0.52
-0.9404940494049405,0.5,0.48,0.52
-0.93999399939994,0.5,0.48,0.52
-0.9394939493949395,0.5,0.48,0.52
-0.9389938993899389,0.5,0.48,0.52
-0.9384938493849385,0.5,0.48,0.52
-0.937993799379938,0.5,0.48,0.52
-0.9374937493749375,0.5,0.48,0.52
-0.936993699369937,0.5,0.48,0.52
-0.9364936493649365,0.5,0.48,0.52
-0.935993599359936,0.5,0.48,0.52
-0.9354935493549354,0.5,0.48,0.52
-0.934993499349935,0.5,0.48,0.52
-0.9344934493449345,0.5,0.48,0.52
-0.933993399339934,0.5,0.48,0.52
-0.9334933493349336,0.5,0.48,0.52
-0.932993299329933,0.5,0.48,0.52
-0.9324932493249325,0.5,0.48,0.52
-0.931993199319932,0.5,0.48,0.52
-0.9314931493149314,0.5,0.48,0.52
-0.930993099309931,0.5,0.48,0.52
-0.9304930493049305,0.5,0.48,0.52
-0.92999299929993,0.5,0.48,0.52
-0.9294929492949295,0.5,0.48,0.52
-0.928992899289929,0.5,0.48,0.52
-0.9284928492849285,0.5,0.48,0.52
-0.927992799279928,0.5,0.48,0.52
-0.9274927492749275,0.5,0.48,0.52
-0.926992699269927,0.5,0.48,0.52
-0.9264926492649265,0.5,0.48,0.52
-0.925992599259926,0.5,0.48,0.52
-0.9254925492549255,0.5,0.48,0.52
-0.924992499249925,0.5,0.48,0.52
-0.9244924492449245,0.5,0.48,0.52
-0.9239923992399239,0.5,0.48,0.52
-0.9234923492349235,0.5,0.48,0.52
-0.922992299229923,0.5,0.48,0.52
-0.9224922492249225,0.5,0.48,0.52
-0.921992199219922,0.5,0.48,0.52
-0.9214921492149215,0.5,0.48,0.52
-0.920992099209921,0.5,0.48,0.52
-0.9204920492049204,0.5,0.48,0.52
-0.91999199919992,0.5,0.48,0.52
-0.9194919491949195,0.5,0.48,0.52
-0.918991899189919,0.5,0.48,0.52
-0.9184918491849186,0.5,0.48,0.52
-0.917991799179918,0.5,0.48,0.52
-0.9174917491749175,0.5,0.48,0.52
-0.916991699169917,0.5,0.48,0.52
-0.9164916491649164,0.5,0.48,0.52
-0.915991599159916,0.5,0.48,0.52
-0.9154915491549155,0.5,0.48,0.52
-0.914991499149915,0.5,0.48,0.52
-0.9144914491449145,0.5,0.48,0.52
-0.913991399139914,0.5,0.48,0.52
-0.9134913491349135,0.5,0.48,0.52
-0.912991299129913,0.5,0.48,0.52
-0.9124912491249125,0.5,0.48,0.52
-0.911991199119912,0.5,0.48,0.52
-0.9114911491149115,0.5,0.48,0.52
-0.910991099109911,0.5,0.48,0.52
-0.9104910491049105,0.5,0.48,0.52
-0.90999099909991,0.5,0.48,0.52
-0.9094909490949095,0.5,0.48,0.52
-0.9089908990899089,0.5,0.48,0.52
-0.9084908490849085,0.5,0.48,0.52
-0.907990799079908,0.5,0.48,0.52
-0.9074907490749075,0.5,0.48,0.52
-0.906990699069907,0.5,0.48,0.52
-0.9064906490649065,0.5,0.48,0.52
-0.905990599059906,0.5,0.48,0.52
-0.9054905490549054,0.5,0.48,0.52
-0.904990499049905,0.5,0.48,0.52
-0.9044904490449045,0.5,0.48,0.52
-0.903990399039904,0.5,0.48,0.52
-0.9034903490349036,0.5,0.48,0.52
-0.902990299029903,0.5,0.48,0.52
-0.9024902490249025,0.5,0.48,0.52
-0.901990199019902,0.5,0.48,0.52
-0.9014901490149014,0.5,0.48,0.52
-0.900990099009901,0.5,0.48,0.52
-0.9004900490049005,0.5,0.48,0.52
-0.8999899989999,0.5,0.48,0.52
-0.8994899489948995,0.5,0.48,0.52
-0.898989898989899,0.5,0.48,0.52
-0.8984898489848985,0.5,0.48,0.52
-0.897989798979898,0.5,0.48,0.52
-0.8974897489748975,0.5,0.48,0.52
-0.896989698969897,0.5,0.48,0.52
-0.8964896489648965,0.5,0.48,0.52
-0.895989598959896,0.5,0.48,0.52
-0.8954895489548955,0.5,0.48,0.52
-0.894989498949895,0.5,0.48,0.52
-0.8944894489448945,0.5,0.48,0.52
-0.8939893989398939,0.5,0.48,0.52
-0.8934893489348935,0.5,0.48,0.52
-0.892989298929893,0.5,0.48,0.52
-0.8924892489248925,0.5,0.48,0.52
-0.891989198919892,0.5,0.48,0.52
-0.8914891489148915,0.5,0.48,0.52
-0.890989098909891,0.5,0.48,0.52
-0.8904890489048904,0.5,0.48,0.52
-0.88998899889989,0.5,0.48,0.52
-0.8894889488948895,0.5,0.48,0.52
-0.888988898889889,0.5,0.48,0.52
-0.8884888488848885,0.5,0.48,0.52
-0.887988798879888,0.5,0.48,0.52
-0.8874887488748875,0.5,0.48,0.52
-0.886988698869887,0.5,0.48,0.52
-0.8864886488648864,0.5,0.48,0.52
-0.885988598859886,0.5,0.48,0.52
-0.8854885488548855,0.5,0.48,0.52
-0.884988498849885,0.5,0.48,0.52
-0.8844884488448845,0.5,0.48,0.52
-0.883988398839884,0.5,0.48,0.52
-0.8834883488348835,0.5,0.48,0.52
-0.882988298829883,0.5,0.48,0.52
-0.8824882488248825,0.5,0.48,0.52
-0.881988198819882,0.5,0.48,0.52
-0.8814881488148815,0.5,0.48,0.52
-0.880988098809881,0.5,0.48,0.52
-0.8804880488048805,0.5,0.48,0.52
-0.87998799879988,0.5,0.48,0.52
-0.8794879487948795,0.5,0.48,0.52
-0.8789878987898789,0.5,0.48,0.52
-0.8784878487848785,0.5,0.48,0.52
-0.877987798779878,0.5,0.48,0.52
-0.8774877487748775,0.5,0.48,0.52
-0.876987698769877,0.5,0.48,0.52
-0.8764876487648765,0.5,0.48,0.52
-0.875987598759876,0.5,0.48,0.52
-0.8754875487548754,0.5,0.48,0.52
-0.874987498749875,0.5,0.48,0.52
-0.8744874487448745,0.5,0.48,0.52
-0.873987398739874,0.5,0.48,0.52
-0.8734873487348735,0.5,0.48,0.52
-0.872987298729873,0.5,0.48,0.52
-0.8724872487248725,0.5,0.48,0.52
-0.871987198719872,0.5,0.48,0.52
-0.8714871487148714,0.5,0.48,0.52
-0.870987098709871,0.5,0.48,0.52
-0.8704870487048705,0.5,0.48,0.52
-0.86998699869987,0.5,0.48,0.52
-0.8694869486948695,0.5,0.48,0.52
-0.868986898689869,0.5,0.48,0.52
-0.8684868486848685,0.5,0.48,0.52
-0.8679867986798679,0.5,0.48,0.52
-0.8674867486748675,0.5,0.48,0.52
-0.866986698669867,0.5,0.48,0.52
-0.8664866486648665,0.5,0.48,0.52
-0.865986598659866,0.5,0.48,0.52
-0.8654865486548655,0.5,0.48,0.52
-0.864986498649865,0.5,0.48,0.52
-0.8644864486448645,0.5,0.48,0.52
-0.8639863986398639,0.5,0.48,0.52
-0.8634863486348635,0.5,0.48,0.52
-0.862986298629863,0.5,0.48,0.52
-0.8624862486248625,0.5,0.48,0.52
-0.861986198619862,0.5,0.48,0.52
-0.8614861486148615,0.5,0.48,0.52
-0.860986098609861,0.5,0.48,0.52
-0.8604860486048604,0.5,0.48,0.52
-0.85998599859986,0.5,0.48,0.52
-0.8594859485948595,0.5,0.48,0.52
-0.858985898589859,0.5,0.48,0.52
-0.8584858485848585,0.5,0.48,0.52
-0.857985798579858,0.5,0.48,0.52
-0.8574857485748575,0.5,0.48,0.52
-0.856985698569857,0.5,0.48,0.52
-0.8564856485648564,0.5,0.48,0.52
-0.855985598559856,0.5,0.48,0.52
-0.8554855485548555,0.5,0.48,0.52
-0.854985498549855,0.5,0.48,0.52
-0.8544854485448545,0.5,0.48,0.52
-0.853985398539854,0.5,0.48,0.52
-0.8534853485348535,0.5,0.48,0.52
-0.8529852985298529,0.5,0.48,0.52
-0.8524852485248525,0.5,0.48,0.52
-0.851985198519852,0.5,0.48,0.52
-0.8514851485148515,0.5,0.48,0.52
-0.850985098509851,0.5,0.48,0.52
-0.8504850485048505,0.5,0.48,0.52
-0.84998499849985,0.5,0.48,0.52
-0.8494849484948495,0.5,0.48,0.52
-0.8489848984898489,0.5,0.48,0.52
-0.8484848484848485,0.5,0.48,0.52
-0.847984798479848,0.5,0.48,0.52
-0.8474847484748474,0.5,0.48,0.52
-0.846984698469847,0.5,0.48,0.52
-0.8464846484648465,0.5,0.48,0.52
-0.845984598459846,0.5,0.48,0.52
-0.8454845484548454,0.5,0.48,0.52
-0.844984498449845,0.5,0.48,0.52
-0.8444844484448445,0.5,0.48,0.52
-0.843984398439844,0.5,0.48,0.52
-0.8434843484348435,0.5,0.48,0.52
-0.842984298429843,0.5,0.48,0.52
-0.8424842484248425,0.5,0.48,0.52
-0.841984198419842,0.5,0.48,0.52
-0.8414841484148414,0.5,0.48,0.52
-0.840984098409841,0.5,0.48,0.52
-0.8404840484048405,0.5,0.48,0.52
-0.83998399839984,0.5,0.48,0.52
-0.8394839483948395,0.5,0.48,0.52
-0.838983898389839,0.5,0.48,0.52
-0.8384838483848385,0.5,0.48,0.52
-0.8379837983798379,0.5,0.48,0.52
-0.8374837483748375,0.5,0.48,0.52
-0.836983698369837,0.5,0.48,0.52
-0.8364836483648365,0.5,0.48,0.52
-0.835983598359836,0.5,0.48,0.52
-0.8354835483548355,0.5,0.48,0.52
-0.834983498349835,0.5,0.48,0.52
-0.8344834483448345,0.5,0.48,0.52
-0.8339833983398339,0.5,0.48,0.52
-0.8334833483348335,0.5,0.48,0.52
-0.832983298329833,0.5,0.48,0.52
-0.8324832483248324,0.5,0.48,0.52
-0.831983198319832,0.5,0.48,0.52
-0.8314831483148315,0.5,0.48,0.52
-0.830983098309831,0.5,0.48,0.52
-0.8304830483048304,0.5,0.48,0.52
-0.82998299829983,0.5,0.48,0.52
-0.8294829482948295,0.5,0.48,0.52
-0.828982898289829,0.5,0.48,0.52
-0.8284828482848285,0.5,0.48,0.52
-0.827982798279828,0.5,0.48,0.52
-0.8274827482748275,0.5,0.48,0.52
-0.826982698269827,0.5,0.48,0.52
-0.8264826482648264,0.5,0.48,0.52
-0.825982598259826,0.5,0.48,0.52
-0.8254825482548255,0.5,0.48,0.52
-0.824982498249825,0.5,0.48,0.52
-0.8244824482448245,0.5,0.48,0.52
-0.823982398239824,0.5,0.48,0.52
-0.8234823482348235,0.5,0.48,0.52
-0.8229822982298229,0.5,0.48,0.52
-0.8224822482248225,0.5,0.48,0.52
-0.821982198219822,0.5,0.48,0.52
-0.8214821482148215,0.5,0.48,0.52
-0.820982098209821,0.5,0.48,0.52
-0.8204820482048205,0.5,0.48,0.52
-0.81998199819982,0.5,0.48,0.52
-0.8194819481948195,0.5,0.48,0.52
-0.8189818981898189,0.5,0.48,0.52
-0.8184818481848185,0.5,0.48,0.52
-0.817981798179818,0.5,0.48,0.52
-0.8174817481748174,0.5,0.48,0.52
-0.816981698169817,0.5,0.48,0.52
-0.8164816481648165,0.5,0.48,0.52
-0.815981598159816,0.5,0.48,0.52
-0.8154815481548154,0.5,0.48,0.52
-0.814981498149815,0.5,0.48,0.52
-0.8144814481448145,0.5,0.48,0.52
-0.813981398139814,0.5,0.48,0.52
-0.8134813481348135,0.5,0.48,0.52
-0.812981298129813,0.5,0.48,0.52
-0.8124812481248125,0.5,0.48,0.52
-0.811981198119812,0.5,0.48,0.52
-0.8114811481148114,0.5,0.48,0.52
-0.810981098109811,0.5,0.48,0.52
-0.8104810481048105,0.5,0.48,0.52
-0.80998099809981,0.5,0.48,0.52
-0.8094809480948095,0.5,0.48,0.52
-0.808980898089809,0.5,0.48,0.52
-0.8084808480848085,0.5,0.48,0.52
-0.8079807980798079,0.5,0.48,0.52
-0.8074807480748075,0.5,0.48,0.52
-0.806980698069807,0.5,0.48,0.52
-0.8064806480648065,0.5,0.48,0.52
-0.805980598059806,0.5,0.48,0.52
-0.8054805480548055,0.5,0.48,0.52
-0.804980498049805,0.5,0.48,0.52
-0.8044804480448045,0.5,0.48,0.52
-0.8039803980398039,0.5,0.48,0.52
-0.8034803480348035,0.5,0.48,0.52
-0.802980298029803,0.5,0.48,0.52
-0.8024802480248024,0.5,0.48,0.52
-0.801980198019802,0.5,0.48,0.52
-0.8014801480148015,0.5,0.48,0.52
-0.800980098009801,0.5,0.48,0.52
-0.8004800480048004,0.5,0.48,0.52
-0.7999799979998,0.5,0.48,0.52
-0.7994799479947995,0.5,0.48,0.52
-0.798979897989799,0.5,0.48,0.52
-0.7984798479847985,0.5,0.48,0.52
-0.797979797979798,0.5,0.48,0.52
-0.7974797479747975,0.5,0.48,0.52
-0.796979697969797,0.5,0.48,0.52
-0.7964796479647964,0.5,0.48,0.52
-0.795979597959796,0.5,0.48,0.52
-0.7954795479547955,0.5,0.48,0.52
-0.7949794979497949,0.5,0.48,0.52
-0.7944794479447945,0.5,0.48,0.52
-0.793979397939794,0.5,0.48,0.52
-0.7934793479347935,0.5,0.48,0.52
-0.7929792979297929,0.5,0.48,0.52
-0.7924792479247925,0.5,0.48,0.52
-0.791979197919792,0.5,0.48,0.52
-0.7914791479147915,0.5,0.48,0.52
-0.790979097909791,0.5,0.48,0.52
-0.7904790479047905,0.5,0.48,0.52
-0.78997899789979,0.5,0.48,0.52
-0.7894789478947895,0.5,0.48,0.52
-0.7889788978897889,0.5,0.48,0.52
-0.7884788478847885,0.5,0.48,0.52
-0.787978797879788,0.5,0.48,0.52
-0.7874787478747874,0.5,0.48,0.52
-0.786978697869787,0.5,0.48,0.52
-0.7864786478647865,0.5,0.48,0.52
-0.785978597859786,0.5,0.48,0.52
-0.7854785478547854,0.5,0.48,0.52
-0.784978497849785,0.5,0.48,0.52
-0.7844784478447845,0.5,0.48,0.52
-0.783978397839784,0.5,0.48,0.52
-0.7834783478347835,0.5,0.48,0.52
-0.782978297829783,0.5,0.48,0.52
-0.7824782478247825,0.5,0.48,0.52
-0.781978197819782,0.5,0.48,0.52
-0.7814781478147814,0.5,0.48,0.52
-0.780978097809781,0.5,0.48,0.52
-0.7804780478047805,0.5,0.48,0.52
-0.7799779977997799,0.5,0.48,0.52
-0.7794779477947795,0.5,0.48,0.52
-0.778977897789779,0.5,0.48,0.52
-0.7784778477847785,0.5,0.48,0.52
-0.7779777977797779,0.5,0.48,0.52
-0.7774777477747775,0.5,0.48,0.52
-0.776977697769777,0.5,0.48,0.52
-0.7764776477647765,0.5,0.48,0.52
-0.775977597759776,0.5,0.48,0.52
-0.7754775477547755,0.5,0.48,0.52
-0.774977497749775,0.5,0.48,0.52
-0.7744774477447744,0.5,0.48,0.52
-0.7739773977397739,0.5,0.48,0.52
-0.7734773477347735,0.5,0.48,0.52
-0.772977297729773,0.5,0.48,0.52
-0.7724772477247724,0.5,0.48,0.52
-0.771977197719772,0.5,0.48,0.52
-0.7714771477147715,0.5,0.48,0.52
-0.770977097709771,0.5,0.48,0.52
-0.7704770477047704,0.5,0.48,0.52
-0.76997699769977,0.5,0.48,0.52
-0.7694769476947695,0.5,0.48,0.52
-0.768976897689769,0.5,0.48,0.52
-0.7684768476847685,0.5,0.48,0.52
-0.767976797679768,0.5,0.48,0.52
-0.7674767476747675,0.5,0.48,0.52
-0.766976697669767,0.5,0.48,0.52
-0.7664766476647664,0.5,0.48,0.52
-0.765976597659766,0.5,0.48,0.52
-0.7654765476547655,0.5,0.48,0.52
-0.7649764976497649,0.5,0.48,0.52
-0.7644764476447645,0.5,0.48,0.52
-0.763976397639764,0.5,0.48,0.52
-0.7634763476347635,0.5,0.48,0.52
-0.7629762976297629,0.5,0.48,0.52
-0.7624762476247625,0.5,0.48,0.52
-0.761976197619762,0.5,0.48,0.52
-0.7614761476147615,0.5,0.48,0.52
-0.760976097609761,0.5,0.48,0.52
-0.7604760476047605,0.5,0.48,0.52
-0.75997599759976,0.5,0.48,0.52
-0.7594759475947594,0.5,0.48,0.52
-0.7589758975897589,0.5,0.48,0.52
-0.7584758475847585,0.5,0.48,0.52
-0.757975797579758,0.5,0.48,0.52
-0.7574757475747574,0.5,0.48,0.52
-0.756975697569757,0.5,0.48,0.52
-0.7564756475647565,0.5,0.48,0.52
-0.755975597559756,0.5,0.48,0.52
-0.7554755475547554,0.5,0.48,0.52
-0.754975497549755,0.5,0.48,0.52
-0.7544754475447545,0.5,0.48,0.52
-0.753975397539754,0.5,0.48,0.52
-0.7534753475347535,0.5,0.48,0.52
-0.752975297529753,0.5,0.48,0.52
-0.7524752475247525,0.5,0.48,0.52
-0.751975197519752,0.5,0.48,0.52
-0.7514751475147514,0.5,0.48,0.52
-0.750975097509751,0.5,0.48,0.52
-0.7504750475047505,0.5,0.48,0.52
-0.74997499749975,0.5,0.48,0.52
-0.7494749474947495,0.5,0.48,0.52
-0.748974897489749,0.5,0.48,0.52
-0.7484748474847485,0.5,0.48,0.52
-0.7479747974797479,0.5,0.48,0.52
-0.7474747474747474,0.5,0.48,0.52
-0.746974697469747,0.5,0.48,0.52
-0.7464746474647465,0.5,0.48,0.52
-0.745974597459746,0.5,0.48,0.52
-0.7454745474547455,0.5,0.48,0.52
-0.744974497449745,0.5,0.48,0.52
-0.7444744474447444,0.5,0.48,0.52
-0.7439743974397439,0.5,0.48,0.52
-0.7434743474347435,0.5,0.48,0.52
-0.742974297429743,0.5,0.48,0.52
-0.7424742474247426,0.5,0.48,0.52
-0.741974197419742,0.5,0.48,0.52
-0.7414741474147415,0.5,0.48,0.52
-0.740974097409741,0.5,0.48,0.52
-0.7404740474047404,0.5,0.48,0.52
-0.7399739973997399,0.5,0.48,0.52
-0.7394739473947395,0.5,0.48,0.52
-0.738973897389739,0.5,0.48,0.52
-0.7384738473847385,0.5,0.48,0.52
-0.737973797379738,0.5,0.48,0.52
-0.7374737473747375,0.5,0.48,0.52
-0.736973697369737,0.5,0.48,0.52
-0.7364736473647364,0.5,0.48,0.52
-0.735973597359736,0.5,0.48,0.52
-0.7354735473547355,0.5,0.48,0.52
-0.734973497349735,0.5,0.48,0.52
-0.7344734473447345,0.5,0.48,0.52
-0.733973397339734,0.5,0.48,0.52
-0.7334733473347335,0.5,0.48,0.52
-0.7329732973297329,0.5,0.48,0.52
-0.7324732473247324,0.5,0.48,0.52
-0.731973197319732,0.5,0.48,0.52
-0.7314731473147315,0.5,0.48,0.52
-0.730973097309731,0.5,0.48,0.52
-0.7304730473047305,0.5,0.48,0.52
-0.72997299729973,0.5,0.48,0.52
-0.7294729472947294,0.5,0.48,0.52
-0.7289728972897289,0.5,0.48,0.52
-0.7284728472847285,0.5,0.48,0.52
-0.727972797279728,0.5,0.48,0.52
-0.7274727472747275,0.5,0.48,0.52
-0.726972697269727,0.5,0.48,0.52
-0.7264726472647265,0.5,0.48,0.52
-0.725972597259726,0.5,0.48,0.52
-0.7254725472547254,0.5,0.48,0.52
-0.7249724972497249,0.5,0.48,0.52
-0.7244724472447245,0.5,0.48,0.52
-0.723972397239724,0.5,0.48,0.52
-0.7234723472347235,0.5,0.48,0.52
-0.722972297229723,0.5,0.48,0.52
-0.7224722472247225,0.5,0.48,0.52
-0.721972197219722,0.5,0.48,0.52
-0.7214721472147214,0.5,0.48,0.52
-0.720972097209721,0.5,0.48,0.52
-0.7204720472047205,0.5,0.48,0.52
-0.71997199719972,0.5,0.48,0.52
-0.7194719471947195,0.5,0.48,0.52
-0.718971897189719,0.5,0.48,0.52
-0.7184718471847185,0.5,0.48,0.52
-0.7179717971797179,0.5,0.48,0.52
-0.7174717471747174,0.5,0.48,0.52
-0.716971697169717,0.5,0.48,0.52
-0.7164716471647165,0.5,0.48,0.52
-0.715971597159716,0.5,0.48,0.52
-0.7154715471547155,0.5,0.48,0.52
-0.714971497149715,0.5,0.48,0.52
-0.7144714471447144,0.5,0.48,0.52
-0.7139713971397139,0.5,0.48,0.52
-0.7134713471347135,0.5,0.48,0.52
-0.712971297129713,0.5,0.48,0.52
-0.7124712471247125,0.5,0.48,0.52
-0.711971197119712,0.5,0.48,0.52
-0.7114711471147115,0.5,0.48,0.52
-0.710971097109711,0.5,0.48,0.52
-0.7104710471047104,0.5,0.48,0.52
-0.7099709970997099,0.5,0.48,0.52
-0.7094709470947095,0.5,0.48,0.52
-0.708970897089709,0.5,0.48,0.52
-0.7084708470847085,0.5,0.48,0.52
-0.707970797079708,0.5,0.48,0.52
-0.7074707470747075,0.5,0.48,0.52
-0.7069706970697069,0.5,0.48,0.52
-0.7064706470647064,0.5,0.48,0.52
-0.705970597059706,0.5,0.48,0.52
-0.7054705470547055,0.5,0.48,0.52
-0.704970497049705,0.5,0.48,0.52
-0.7044704470447045,0.5,0.48,0.52
-0.703970397039704,0.5,0.48,0.52
-0.7034703470347035,0.5,0.48,0.52
-0.7029702970297029,0.5,0.48,0.52
-0.7024702470247024,0.5,0.48,0.52
-0.701970197019702,0.5,0.48,0.52
-0.7014701470147015,0.5,0.48,0.52
-0.700970097009701,0.5,0.48,0.52
-0.7004700470047005,0.5,0.48,0.52
-0.6999699969997,0.5,0.48,0.52
-0.6994699469946994,0.5,0.48,0.52
-0.6989698969896989,0.5,0.48,0.52
-0.6984698469846985,0.5,0.48,0.52
-0.697969796979698,0.5,0.48,0.52
-0.6974697469746975,0.5,0.48,0.52
-0.696969696969697,0.5,0.48,0.52
-0.6964696469646965,0.5,0.48,0.52
-0.695969596959696,0.5,0.48,0.52
-0.6954695469546954,0.5,0.48,0.52
-0.6949694969496949,0.5,0.48,0.52
-0.6944694469446945,0.5,0.48,0.52
-0.693969396939694,0.5,0.48,0.52
-0.6934693469346935,0.5,0.48,0.52
-0.692969296929693,0.5,0.48,0.52
-0.6924692469246925,0.5,0.48,0.52
-0.6919691969196919,0.5,0.48,0.52
-0.6914691469146914,0.5,0.48,0.52
-0.690969096909691,0.5,0.48,0.52
-0.6904690469046905,0.5,0.48,0.52
-0.68996899689969,0.5,0.48,0.52
-0.6894689468946895,0.5,0.48,0.52
-0.688968896889689,0.5,0.48,0.52
-0.6884688468846885,0.5,0.48,0.52
-0.6879687968796879,0.5,0.48,0.52
-0.6874687468746874,0.5,0.48,0.52
-0.686968696869687,0.5,0.48,0.52
-0.6864686468646864,0.5,0.48,0.52
-0.685968596859686,0.5,0.48,0.52
-0.6854685468546855,0.5,0.48,0.52
-0.684968496849685,0.5,0.48,0.52
-0.6844684468446844,0.5,0.48,0.52
-0.6839683968396839,0.5,0.48,0.52
-0.6834683468346835,0.5,0.48,0.52
-0.682968296829683,0.5,0.48,0.52
-0.6824682468246825,0.5,0.48,0.52
-0.681968196819682,0.5,0.48,0.52
-0.6814681468146815,0.5,0.48,0.52
-0.680968096809681,0.5,0.48,0.52
-0.6804680468046804,0.5,0.48,0.52
-0.6799679967996799,0.5,0.48,0.52
-0.6794679467946795,0.5,0.48,0.52
-0.678967896789679,0.5,0.48,0.52
-0.6784678467846785,0.5,0.48,0.52
-0.677967796779678,0.5,0.48,0.52
-0.6774677467746775,0.5,0.48,0.52
-0.6769676967696769,0.5,0.48,0.52
-0.6764676467646764,0.5,0.48,0.52
-0.675967596759676,0.5,0.48,0.52
-0.6754675467546755,0.5,0.48,0.52
-0.674967496749675,0.5,0.48,0.52
-0.6744674467446745,0.5,0.48,0.52
-0.673967396739674,0.5,0.48,0.52
-0.6734673467346735,0.5,0.48,0.52
-0.6729672967296729,0.5,0.48,0.52
-0.6724672467246724,0.5,0.48,0.52
-0.671967196719672,0.5,0.48,0.52
-0.6714671467146714,0.5,0.48,0.52
-0.670967096709671,0.5,0.48,0.52
-0.6704670467046705,0.5,0.48,0.52
-0.66996699669967,0.5,0.48,0.52
-0.6694669466946694,0.5,0.48,0.52
-0.6689668966896689,0.5,0.48,0.52
-0.6684668466846685,0.5,0.48,0.52
-0.667966796679668,0.5,0.48,0.52
-0.6674667466746675,0.5,0.48,0.52
-0.666966696669667,0.5,0.48,0.52
-0.6664666466646665,0.5,0.48,0.52
-0.665966596659666,0.5,0.48,0.52
-0.6654665466546654,0.5,0.48,0.52
-0.6649664966496649,0.5,0.48,0.52
-0.6644664466446645,0.5,0.48,0.52
-0.663966396639664,0.5,0.48,0.52
-0.6634663466346635,0.5,0.48,0.52
-0.662966296629663,0.5,0.48,0.52
-0.6624662466246625,0.5,0.48,0.52
-0.6619661966196619,0.5,0.48,0.52
-0.6614661466146614,0.5,0.48,0.52
-0.660966096609661,0.5,0.48,0.52
-0.6604660466046605,0.5,0.48,0.52
-0.65996599659966,0.5,0.48,0.52
-0.6594659465946595,0.5,0.48,0.52
-0.658965896589659,0.5,0.48,0.52
-0.6584658465846585,0.5,0.48,0.52
-0.6579657965796579,0.5,0.48,0.52
-0.6574657465746574,0.5,0.48,0.52
-0.656965696569657,0.5,0.48,0.52
-0.6564656465646564,0.5,0.48,0.52
-0.655965596559656,0.5,0.48,0.52
-0.6554655465546555,0.5,0.48,0.52
-0.654965496549655,0.5,0.48,0.52
-0.6544654465446544,0.5,0.48,0.52
-0.6539653965396539,0.5,0.48,0.52
-0.6534653465346535,0.5,0.48,0.52
-0.652965296529653,0.5,0.48,0.52
-0.6524652465246525,0.5,0.48,0.52
-0.651965196519652,0.5,0.48,0.52
-0.6514651465146515,0.5,0.48,0.52
-0.650965096509651,0.5,0.48,0.52
-0.6504650465046504,0.5,0.48,0.52
-0.6499649964996499,0.5,0.48,0.52
-0.6494649464946495,0.5,0.48,0.52
-0.648964896489649,0.5,0.48,0.52
-0.6484648464846485,0.5,0.48,0.52
-0.647964796479648,0.5,0.48,0.52
-0.6474647464746475,0.5,0.48,0.52
-0.6469646964696469,0.5,0.48,0.52
-0.6464646464646464,0.5,0.48,0.52
-0.645964596459646,0.5,0.48,0.52
-0.6454645464546455,0.5,0.48,0.52
-0.644964496449645,0.5,0.48,0.52
-0.6444644464446445,0.5,0.48,0.52
-0.643964396439644,0.5,0.48,0.52
-0.6434643464346435,0.5,0.48,0.52
-0.6429642964296429,0.5,0.48,0.52
-0.6424642464246424,0.5,0.48,0.52
-0.641964196419642,0.5,0.48,0.52
-0.6414641464146414,0.5,0.48,0.52
-0.640964096409641,0.5,0.48,0.52
-0.6404640464046405,0.5,0.48,0.52
-0.63996399639964,0.5,0.48,0.52
-0.6394639463946394,0.5,0.48,0.52
-0.6389638963896389,0.5,0.48,0.52
-0.6384638463846385,0.5,0.48,0.52
-0.637963796379638,0.5,0.48,0.52
-0.6374637463746375,0.5,0.48,0.52
-0.636963696369637,0.5,0.48,0.52
-0.6364636463646365,0.5,0.48,0.52
-0.635963596359636,0.5,0.48,0.52
-0.6354635463546354,0.5,0.48,0.52
-0.6349634963496349,0.5,0.48,0.52
-0.6344634463446345,0.5,0.48,0.52
-0.6339633963396339,0.5,0.48,0.52
-0.6334633463346335,0.5,0.48,0.52
-0.632963296329633,0.5,0.48,0.52
-0.6324632463246325,0.5,0.48,0.52
-0.6319631963196319,0.5,0.48,0.52
-0.6314631463146314,0.5,0.48,0.52
-0.630963096309631,0.5,0.48,0.52
-0.6304630463046305,0.5,0.48,0.52
-0.62996299629963,0.5,0.48,0.52
-0.6294629462946295,0.5,0.48,0.52
-0.628962896289629,0.5,0.48,0.52
-0.6284628462846285,0.5,0.48,0.52
-0.6279627962796279,0.5,0.48,0.52
-0.6274627462746274,0.5,0.48,0.52
-0.626962696269627,0.5,0.48,0.52
-0.6264626462646264,0.5,0.48,0.52
-0.625962596259626,0.5,0.48,0.52
-0.6254625462546255,0.5,0.48,0.52
-0.624962496249625,0.5,0.48,0.52
-0.6244624462446244,0.5,0.48,0.52
-0.6239623962396239,0.5,0.48,0.52
-0.6234623462346235,0.5,0.48,0.52
-0.622962296229623,0.5,0.48,0.52
-0.6224622462246225,0.5,0.48,0.52
-0.621962196219622,0.5,0.48,0.52
-0.6214621462146215,0.5,0.48,0.52
-0.620962096209621,0.5,0.48,0.52
-0.6204620462046204,0.5,0.48,0.52
-0.6199619961996199,0.5,0.48,0.52
-0.6194619461946195,0.5,0.48,0.52
-0.6189618961896189,0.5,0.48,0.52
-0.6184618461846185,0.5,0.48,0.52
-0.617961796179618,0.5,0.48,0.52
-0.6174617461746175,0.5,0.48,0.52
-0.6169616961696169,0.5,0.48,0.52
-0.6164616461646164,0.5,0.48,0.52
-0.615961596159616,0.5,0.48,0.52
-0.6154615461546155,0.5,0.48,0.52
-0.614961496149615,0.5,0.48,0.52
-0.6144614461446145,0.5,0.48,0.52
-0.613961396139614,0.5,0.48,0.52
-0.6134613461346134,0.5,0.48,0.52
-0.6129612961296129,0.5,0.48,0.52
-0.6124612461246124,0.5,0.48,0.52
-0.611961196119612,0.5,0.48,0.52
-0.6114611461146114,0.5,0.48,0.52
-0.610961096109611,0.5,0.48,0.52
-0.6104610461046105,0.5,0.48,0.52
-0.60996099609961,0.5,0.48,0.52
-0.6094609460946094,0.5,0.48,0.52
-0.6089608960896089,0.5,0.48,0.52
-0.6084608460846084,0.5,0.48,0.52
-0.607960796079608,0.5,0.48,0.52
-0.6074607460746075,0.5,0.48,0.52
-0.606960696069607,0.5,0.48,0.52
-0.6064606460646065,0.5,0.48,0.52
-0.605960596059606,0.5,0.48,0.52
-0.6054605460546054,0.5,0.48,0.52
-0.6049604960496049,0.5,0.48,0.52
-0.6044604460446045,0.5,0.48,0.52
-0.6039603960396039,0.5,0.48,0.52
-0.6034603460346035,0.5,0.48,0.52
-0.602960296029603,0.5,0.48,0.52
-0.6024602460246025,0.5,0.48,0.52
-0.6019601960196019,0.5,0.48,0.52
-0.6014601460146014,0.5,0.48,0.52
-0.6009600960096009,0.5,0.48,0.52
-0.6004600460046005,0.5,0.48,0.52
-0.5999599959996,0.5,0.48,0.52
-0.5994599459945995,0.5,0.48,0.52
-0.598959895989599,0.5,0.48,0.52
-0.5984598459845984,0.5,0.48,0.52
-0.5979597959795979,0.5,0.48,0.52
-0.5974597459745974,0.5,0.48,0.52
-0.596959695969597,0.5,0.48,0.52
-0.5964596459645964,0.5,0.48,0.52
-0.595959595959596,0.5,0.48,0.52
-0.5954595459545955,0.5,0.48,0.52
-0.594959495949595,0.5,0.48,0.52
-0.5944594459445944,0.5,0.48,0.52
-0.5939593959395939,0.5,0.48,0.52
-0.5934593459345934,0.5,0.48,0.52
-0.592959295929593,0.5,0.48,0.52
-0.5924592459245925,0.5,0.48,0.52
-0.591959195919592,0.5,0.48,0.52
-0.5914591459145915,0.5,0.48,0.52
-0.590959095909591,0.5,0.48,0.52
-0.5904590459045904,0.5,0.48,0.52
-0.5899589958995899,0.5,0.48,0.52
-0.5894589458945895,0.5,0.48,0.52
-0.5889588958895889,0.5,0.48,0.52
-0.5884588458845885,0.5,0.48,0.52
-0.587958795879588,0.5,0.48,0.52
-0.5874587458745875,0.5,0.48,0.52
-0.5869586958695869,0.5,0.48,0.52
-0.5864586458645864,0.5,0.48,0.52
-0.5859585958595859,0.5,0.48,0.52
-0.5854585458545855,0.5,0.48,0.52
-0.584958495849585,0.5,0.48,0.52
-0.5844584458445845,0.5,0.48,0.52
-0.583958395839584,0.5,0.48,0.52
-0.5834583458345834,0.5,0.48,0.52
-0.5829582958295829,0.5,0.48,0.52
-0.5824582458245824,0.5,0.48,0.52
-0.581958195819582,0.5,0.48,0.52
-0.5814581458145814,0.5,0.48,0.52
-0.580958095809581,0.5,0.48,0.52
-0.5804580458045805,0.5,0.48,0.52
-0.57995799579958,0.5,0.48,0.52
-0.5794579457945794,0.5,0.48,0.52
-0.5789578957895789,0.5,0.48,0.52
-0.5784578457845784,0.5,0.48,0.52
-0.577957795779578,0.5,0.48,0.52
-0.5774577457745775,0.5,0.48,0.52
-0.576957695769577,0.5,0.48,0.52
-0.5764576457645765,0.5,0.48,0.52
-0.575957595759576,0.5,0.48,0.52
-0.5754575457545754,0.5,0.48,0.52
-0.5749574957495749,0.5,0.48,0.52
-0.5744574457445745,0.5,0.48,0.52
-0.5739573957395739,0.5,0.48,0.52
-0.5734573457345735,0.5,0.48,0.52
-0.572957295729573,0.5,0.48,0.52
-0.5724572457245725,0.5,0.48,0.52
-0.5719571957195719,0.5,0.48,0.52
-0.5714571457145714,0.5,0.48,0.52
-0.5709570957095709,0.5,0.48,0.52
-0.5704570457045705,0.5,0.48,0.52
-0.56995699569957,0.5,0.48,0.52
-0.5694569456945695,0.5,0.48,0.52
-0.568956895689569,0.5,0.48,0.52
-0.5684568456845684,0.5,0.48,0.52
-0.5679567956795679,0.5,0.48,0.52
-0.5674567456745674,0.5,0.48,0.52
-0.566956695669567,0.5,0.48,0.52
-0.5664566456645664,0.5,0.48,0.52
-0.565956595659566,0.5,0.48,0.52
-0.5654565456545655,0.5,0.48,0.52
-0.564956495649565,0.5,0.48,0.52
-0.5644564456445644,0.5,0.48,0.52
-0.5639563956395639,0.5,0.48,0.52
-0.5634563456345634,0.5,0.48,0.52
-0.562956295629563,0.5,0.48,0.52
-0.5624562456245625,0.5,0.48,0.52
-0.561956195619562,0.5,0.48,0.52
-0.5614561456145615,0.5,0.48,0.52
-0.560956095609561,0.5,0.48,0.52
-0.5604560456045604,0.5,0.48,0.52
-0.5599559955995599,0.5,0.48,0.52
-0.5594559455945595,0.5,0.48,0.52
-0.5589558955895589,0.5,0.48,0.52
-0.5584558455845585,0.5,0.48,0.52
-0.557955795579558,0.5,0.48,0.52
-0.5574557455745575,0.5,0.48,0.52
-0.5569556955695569,0.5,0.48,0.52
-0.5564556455645564,0.5,0.48,0.52
-0.5559555955595559,0.5,0.48,0.52
-0.5554555455545555,0.5,0.48,0.52
-0.554955495549555,0.5,0.48,0.52
-0.5544554455445545,0.5,0.48,0.52
-0.553955395539554,0.5,0.48,0.52
-0.5534553455345534,0.5,0.48,0.52
-0.5529552955295529,0.5,0.48,0.52
-0.5524552455245524,0.5,0.48,0.52
-0.551955195519552,0.5,0.48,0.52
-0.5514551455145514,0.5,0.48,0.52
-0.550955095509551,0.5,0.48,0.52
-0.5504550455045505,0.5,0.48,0.52
-0.54995499549955,0.5,0.48,0.52
-0.5494549454945494,0.5,0.48,0.52
-0.5489548954895489,0.5,0.48,0.52
-0.5484548454845484,0.5,0.48,0.52
-0.547954795479548,0.5,0.48,0.52
-0.5474547454745475,0.5,0.48,0.52
-0.546954695469547,0.5,0.48,0.52
-0.5464546454645465,0.5,0.48,0.52
-0.5459545954595459,0.5,0.48,0.52
-0.5454545454545454,0.5,0.48,0.52
-0.5449544954495449,0.5,0.48,0.52
-0.5444544454445445,0.5,0.48,0.52
-0.5439543954395439,0.5,0.48,0.52
-0.5434543454345435,0.5,0.48,0.52
-0.542954295429543,0.5,0.48,0.52
-0.5424542454245425,0.5,0.48,0.52
-0.5419541954195419,0.5,0.48,0.52
-0.5414541454145414,0.5,0.48,0.52
-0.5409540954095409,0.5,0.48,0.52
-0.5404540454045405,0.5,0.48,0.52
-0.53995399539954,0.5,0.48,0.52
-0.5394539453945395,0.5,0.48,0.52
-0.538953895389539,0.5,0.48,0.52
-0.5384538453845384,0.5,0.48,0.52
-0.5379537953795379,0.5,0.48,0.52
-0.5374537453745374,0.5,0.48,0.52
-0.536953695369537,0.5,0.48,0.52
-0.5364536453645364,0.5,0.48,0.52
-0.535953595359536,0.5,0.48,0.52
-0.5354535453545355,0.5,0.48,0.52
-0.534953495349535,0.5,0.48,0.52
-0.5344534453445344,0.5,0.48,0.52
-0.5339533953395339,0.5,0.48,0.52
-0.5334533453345334,0.5,0.48,0.52
-0.532953295329533,0.5,0.48,0.52
-0.5324532453245325,0.5,0.48,0.52
-0.531953195319532,0.5,0.48,0.52
-0.5314531453145315,0.5,0.48,0.52
-0.5309530953095309,0.5,0.48,0.52
-0.5304530453045304,0.5,0.48,0.52
-0.5299529952995299,0.5,0.48,0.52
-0.5294529452945295,0.5,0.48,0.52
-0.5289528952895289,0.5,0.48,0.52
-0.5284528452845285,0.5,0.48,0.52
-0.527952795279528,0.5,0.48,0.52
-0.5274527452745275,0.5,0.48,0.52
-0.5269526952695269,0.5,0.48,0.52
-0.5264526452645264,0.5,0.48,0.52
-0.5259525952595259,0.5,0.48,0.52
-0.5254525452545254,0.5,0.48,0.52
-0.524952495249525,0.5,0.48,0.52
-0.5244524452445245,0.5,0.48,0.52
-0.523952395239524,0.5,0.48,0.52
-0.5234523452345234,0.5,0.48,0.52
-0.5229522952295229,0.5,0.48,0.52
-0.5224522452245224,0.5,0.48,0.52
-0.521952195219522,0.5,0.48,0.52
-0.5214521452145214,0.5,0.48,0.52
-0.520952095209521,0.5,0.48,0.52
-0.5204520452045205,0.5,0.48,0.52
-0.51995199519952,0.5,0.48,0.52
-0.5194519451945194,0.5,0.48,0.52
-0.5189518951895189,0.5,0.48,0.52
-0.5184518451845184,0.5,0.48,0.52
-0.517951795179518,0.5,0.48,0.52
-0.5174517451745175,0.5,0.48,0.52
-0.516951695169517,0.5,0.48,0.52
-0.5164516451645165,0.5,0.48,0.52
-0.5159515951595159,0.5,0.48,0.52
-0.5154515451545154,0.5,0.48,0.52
-0.5149514951495149,0.5,0.48,0.52
-0.5144514451445145,0.5,0.48,0.52
-0.5139513951395139,0.5,0.48,0.52
-0.5134513451345135,0.5,0.48,0.52
-0.512951295129513,0.5,0.48,0.52
-0.5124512451245125,0.5,0.48,0.52
-0.5119511951195119,0.5,0.48,0.52
-0.5114511451145114,0.5,0.48,0.52
-0.5109510951095109,0.5,0.48,0.52
-0.5104510451045104,0.5,0.48,0.52
-0.50995099509951,0.5,0.48,0.52
-0.5094509450945095,0.5,0.48,0.52
-0.508950895089509,0.5,0.48,0.52
-0.5084508450845084,0.5,0.48,0.52
-0.5079507950795079,0.5,0.48,0.52
-0.5074507450745074,0.5,0.48,0.52
-0.506950695069507,0.5,0.48,0.52
-0.5064506450645064,0.5,0.48,0.52
-0.505950595059506,0.5,0.48,0.52
-0.5054505450545055,0.5,0.48,0.52
-0.504950495049505,0.5,0.48,0.52
-0.5044504450445044,0.5,0.48,0.52
-0.5039503950395039,0.5,0.48,0.52
-0.5034503450345034,0.5,0.48,0.52
-0.502950295029503,0.5,0.48,0.52
-0.5024502450245025,0.5,0.48,0.52
-0.501950195019502,0.5,0.48,0.52
-0.5014501450145015,0.5,0.48,0.52
-0.5009500950095009,0.5,0.48,0.52
-0.5004500450045004,0.5,0.48,0.52
-0.4999499949995,0.5,0.48,0.52
-0.49944994499449946,0.5,0.48,0.52
-0.49894989498949893,0.5,0.48,0.52
-0.4984498449844984,0.5,0.48,0.52
-0.497949794979498,0.5,0.48,0.52
-0.49744974497449745,0.5,0.48,0.52
-0.4969496949694969,0.5,0.48,0.52
-0.4964496449644964,0.5,0.48,0.52
-0.495949594959496,0.5,0.48,0.52
-0.49544954495449545,0.5,0.48,0.52
-0.4949494949494949,0.5,0.48,0.52
-0.4944494449444945,0.5,0.48,0.52
-0.49394939493949397,0.5,0.48,0.52
-0.49344934493449344,0.5,0.48,0.52
-0.4929492949294929,0.5,0.48,0.52
-0.4924492449244925,0.5,0.48,0.52
-0.49194919491949196,0.5,0.48,0.52
-0.49144914491449143,0.5,0.48,0.52
-0.4909490949094909,0.5,0.48,0.52
-0.4904490449044905,0.5,0.48,0.52
-0.48994899489948995,0.5,0.48,0.52
-0.4894489448944894,0.5,0.48,0.52
-0.4889488948894889,0.5,0.48,0.52
-0.4884488448844885,0.5,0.48,0.52
-0.48794879487948795,0.5,0.48,0.52
-0.4874487448744874,0.5,0.48,0.52
-0.486948694869487,0.5,0.48,0.52
-0.48644864486448647,0.5,0.48,0.52
-0.48594859485948594,0.5,0.48,0.52
-0.4854485448544854,0.5,0.48,0.52
-0.484948494849485,0.5,0.48,0.52
-0.48444844484448446,0.5,0.48,0.52
-0.48394839483948393,0.5,0.48,0.52
-0.4834483448344834,0.5,0.48,0.52
-0.482948294829483,0.5,0.48,0.52
-0.48244824482448245,0.5,0.48,0.52
-0.4819481948194819,0.5,0.48,0.52
-0.4814481448144814,0.5,0.48,0.52
-0.480948094809481,0.5,0.48,0.52
-0.48044804480448045,0.5,0.48,0.52
-0.4799479947994799,0.5,0.48,0.52
-0.4794479447944795,0.5,0.48,0.52
-0.47894789478947897,0.5,0.48,0.52
-0.47844784478447844,0.5,0.48,0.52
-0.4779477947794779,0.5,0.48,0.52
-0.4774477447744775,0.5,0.48,0.52
-0.47694769476947696,0.5,0.48,0.52
-0.47644764476447643,0.5,0.48,0.52
-0.4759475947594759,0.5,0.48,0.52
-0.4754475447544755,0.5,0.48,0.52
-0.47494749474947495,0.5,0.48,0.52
-0.4744474447444744,0.5,0.48,0.52
-0.4739473947394739,0.5,0.48,0.52
-0.4734473447344735,0.5,0.48,0.52
-0.47294729472947294,0.5,0.48,0.52
-0.4724472447244724,0.5,0.48,0.52
-0.471947194719472,0.5,0.48,0.52
-0.47144714471447147,0.5,0.48,0.52
-0.47094709470947094,0.5,0.48,0.52
-0.4704470447044704,0.5,0.48,0.52
-0.46994699469947,0.5,0.48,0.52
-0.46944694469446946,0.5,0.48,0.52
-0.46894689468946893,0.5,0.48,0.52
-0.4684468446844684,0.5,0.48,0.52
-0.467946794679468,0.5,0.48,0.52
-0.46744674467446745,0.5,0.48,0.52
-0.4669466946694669,0.5,0.48,0.52
-0.4664466446644664,0.5,0.48,0.52
-0.465946594659466,0.5,0.48,0.52
-0.46544654465446544,0.5,0.48,0.52
-0.4649464946494649,0.5,0.48,0.52
-0.4644464446444645,0.5,0.48,0.52
-0.46394639463946397,0.5,0.48,0.52
-0.46344634463446344,0.5,0.48,0.52
-0.4629462946294629,0.5,0.48,0.52
-0.4624462446244625,0.5,0.48,0.52
-0.46194619461946196,0.5,0.48,0.52
-0.46144614461446143,0.5,0.48,0.52
-0.4609460946094609,0.5,0.48,0.52
-0.4604460446044605,0.5,0.48,0.52
-0.45994599459945995,0.5,0.48,0.52
-0.4594459445944594,0.5,0.48,0.52
-0.4589458945894589,0.5,0.48,0.52
-0.4584458445844585,0.5,0.48,0.52
-0.45794579457945794,0.5,0.48,0.52
-0.4574457445744574,0.5,0.48,0.52
-0.456945694569457,0.5,0.48,0.52
-0.45644564456445647,0.5,0.48,0.52
-0.45594559455945594,0.5,0.48,0.52
-0.4554455445544554,0.5,0.48,0.52
-0.454945494549455,0.5,0.48,0.52
-0.45444544454445446,0.5,0.48,0.52
-0.45394539453945393,0.5,0.48,0.52
-0.4534453445344534,0.5,0.48,0.52
-0.452945294529453,0.5,0.48,0.52
-0.45244524452445245,0.5,0.48,0.52
-0.4519451945194519,0.5,0.48,0.52
-0.4514451445144514,0.5,0.48,0.52
-0.45094509450945097,0.5,0.48,0.52
-0.45044504450445044,0.5,0.48,0.52
-0.4499449944994499,0.5,0.48,0.52
-0.4494449444944495,0.5,0.48,0.52
-0.44894489448944896,0.5,0.48,0.52
-0.44844484448444843,0.5,0.48,0.52
-0.4479447944794479,0.5,0.48,0.52
-0.4474447444744475,0.5,0.48,0.52
-0.44694469446944696,0.5,0.48,0.52
-0.4464446444644464,0.5,0.48,0.52
-0.4459445944594459,0.5,0.48,0.52
-0.4454445444544455,0.5,0.48,0.52
-0.44494449444944495,0.5,0.48,0.52
-0.4444444444444444,0.5,0.48,0.52
-0.4439443944394439,0.5,0.48,0.52
-0.44344434443444347,0.5,0.48,0.52
-0.44294429442944294,0.5,0.48,0.52
-0.4424442444244424,0.5,0.48,0.52
-0.441944194419442,0.5,0.48,0.52
-0.44144414441444146,0.5,0.48,0.52
-0.44094409440944093,0.5,0.48,0.52
-0.4404440444044404,0.5,0.48,0.52
-0.43994399439944,0.5,0.48,0.52
-0.43944394439443946,0.5,0.48,0.52
-0.4389438943894389,0.5,0.48,0.52
-0.4384438443844384,0.5,0.48,0.52
-0.437943794379438,0.5,0.48,0.52
-0.43744374437443745,0.5,0.48,0.52
-0.4369436943694369,0.5,0.48,0.52
-0.4364436443644364,0.5,0.48,0.52
-0.43594359435943597,0.5,0.48,0.52
-0.43544354435443544,0.5,0.48,0.52
-0.4349434943494349,0.5,0.48,0.52
-0.4344434443444345,0.5,0.48,0.52
-0.43394339433943396,0.5,0.48,0.52
-0.43344334433443343,0.5,0.48,0.52
-0.4329432943294329,0.5,0.48,0.52
-0.4324432443244325,0.5,0.48,0.52
-0.43194319431943196,0.5,0.48,0.52
-0.4314431443144314,0.5,0.48,0.52
-0.4309430943094309,0.5,0.48,0.52
-0.4304430443044305,0.5,0.48,0.52
-0.42994299429942995,0.5,0.48,0.52
-0.4294429442944294,0.5,0.48,0.52
-0.4289428942894289,0.5,0.48,0.52
-0.42844284428442847,0.5,0.48,0.52
-0.42794279427942794,0.5,0.48,0.52
-0.4274427442744274,0.5,0.48,0.52
-0.426942694269427,0.5,0.48,0.52
-0.42644264426442646,0.5,0.48,0.52
-0.42594259425942593,0.5,0.48,0.52
-0.4254425442544254,0.5,0.48,0.52
-0.424942494249425,0.5,0.48,0.52
-0.42444244424442445,0.5,0.48,0.52
-0.4239423942394239,0.5,0.48,0.52
-0.4234423442344234,0.5,0.48,0.52
-0.422942294229423,0.5,0.48,0.52
-0.42244224422442245,0.5,0.48,0.52
-0.4219421942194219,0.5,0.48,0.52
-0.4214421442144214,0.5,0.48,0.52
-0.42094209420942097,0.5,0.48,0.52
-0.42044204420442044,0.5,0.48,0.52
-0.4199419941994199,0.5,0.48,0.52
-0.4194419441944195,0.5,0.48,0.52
-0.41894189418941896,0.5,0.48,0.52
-0.41844184418441843,0.5,0.48,0.52
-0.4179417941794179,0.5,0.48,0.52
-0.4174417441744175,0.5,0.48,0.52
-0.41694169416941695,0.5,0.48,0.52
-0.4164416441644164,0.5,0.48,0.52
-0.4159415941594159,0.5,0.48,0.52
-0.4154415441544155,0.5,0.48,0.52
-0.41494149414941495,0.5,0.48,0.52
-0.4144414441444144,0.5,0.48,0.52
-0.4139413941394139,0.5,0.48,0.52
-0.41344134413441347,0.5,0.48,0.52
-0.41294129412941294,0.5,0.48,0.52
-0.4124412441244124,0.5,0.48,0.52
-0.411941194119412,0.5,0.48,0.52
-0.41144114411441146,0.5,0.48,0.52
-0.41094109410941093,0.5,0.48,0.52
-0.4104410441044104,0.5,0.48,0.52
-0.40994099409941,0.5,0.48,0.52
-0.40944094409440945,0.5,0.48,0.52
-0.4089408940894089,0.5,0.48,0.52
-0.4084408440844084,0.5,0.48,0.52
-0.407940794079408,0.5,0.48,0.52
-0.40744074407440745,0.5,0.48,0.52
-0.4069406940694069,0.5,0.48,0.52
-0.4064406440644064,0.5,0.48,0.52
-0.40594059405940597,0.5,0.48,0.52
-0.40544054405440544,0.5,0.48,0.52
-0.4049404940494049,0.5,0.48,0.52
-0.4044404440444045,0.5,0.48,0.52
-0.40394039403940396,0.5,0.48,0.52
-0.40344034403440343,0.5,0.48,0.52
-0.4029402940294029,0.5,0.48,0.52
-0.4024402440244025,0.5,0.48,0.52
-0.40194019401940195,0.5,0.48,0.52
-0.4014401440144014,0.5,0.48,0.52
-0.4009400940094009,0.5,0.48,0.52
-0.4004400440044005,0.5,0.48,0.52
-0.39993999399939995,0.5,0.48,0.52
-0.3994399439943994,0.5,0.48,0.52
-0.3989398939893989,0.5,0.48,0.52
-0.39843984398439847,0.5,0.48,0.52
-0.39793979397939794,0.5,0.48,0.52
-0.3974397439743974,0.5,0.48,0.52
-0.396939693969397,0.5,0.48,0.52
-0.39643964396439646,0.5,0.48,0.52
-0.39593959395939593,0.5,0.48,0.52
-0.3954395439543954,0.5,0.48,0.52
-0.394939493949395,0.5,0.48,0.52
-0.39443944394439445,0.5,0.48,0.52
-0.3939393939393939,0.5,0.48,0.52
-0.3934393439343934,0.5,0.48,0.52
-0.392939293929393,0.5,0.48,0.52
-0.39243924392439244,0.5,0.48,0.52
-0.3919391939193919,0.5,0.48,0.52
-0.3914391439143914,0.5,0.48,0.52
-0.39093909390939097,0.5,0.48,0.52
-0.39043904390439044,0.5,0.48,0.52
-0.3899389938993899,0.5,0.48,0.52
-0.3894389438943895,0.5,0.48,0.52
-0.38893889388938896,0.5,0.48,0.52
-0.38843884388438843,0.5,0.48,0.52
-0.3879387938793879,0.5,0.48,0.52
-0.3874387438743875,0.5,0.48,0.52
-0.38693869386938695,0.5,0.48,0.52
-0.3864386438643864,0.5,0.48,0.52
-0.3859385938593859,0.5,0.48,0.52
-0.3854385438543855,0.5,0.48,0.52
-0.38493849384938494,0.5,0.48,0.52
-0.3844384438443844,0.5,0.48,0.52
-0.3839383938393839,0.5,0.48,0.52
-0.38343834383438347,0.5,0.48,0.52
-0.38293829382938294,0.5,0.48,0.52
-0.3824382438243824,0.5,0.48,0.52
-0.381938193819382,0.5,0.48,0.52
-0.38143814381438146,0.5,0.48,0.52
-0.38093809380938093,0.5,0.48,0.52
-0.3804380438043804,0.5,0.48,0.52
-0.37993799379938,0.5,0.48,0.52
-0.37943794379437945,0.5,0.48,0.52
-0.3789378937893789,0.5,0.48,0.52
-0.3784378437843784,0.5,0.48,0.52
-0.377937793779378,0.5,0.48,0.52
-0.37743774377437744,0.5,0.48,0.52
-0.3769376937693769,0.5,0.48,0.52
-0.3764376437643764,0.5,0.48,0.52
-0.37593759375937597,0.5,0.48,0.52
-0.37543754375437544,0.5,0.48,0.52
-0.3749374937493749,0.5,0.48,0.52
-0.3744374437443745,0.5,0.48,0.52
-0.37393739373937396,0.5,0.48,0.52
-0.37343734373437343,0.5,0.48,0.52
-0.3729372937293729,0.5,0.48,0.52
-0.3724372437243725,0.5,0.48,0.52
-0.37193719371937195,0.5,0.48,0.52
-0.3714371437143714,0.5,0.48,0.52
-0.3709370937093709,0.5,0.48,0.52
-0.37043704370437047,0.5,0.48,0.52
-0.36993699369936994,0.5,0.48,0.52
-0.3694369436943694,0.5,0.48,0.52
-0.3689368936893689,0.5,0.48,0.52
-0.36843684368436846,0.5,0.48,0.52
-0.36793679367936794,0.5,0.48,0.52
-0.3674367436743674,0.5,0.48,0.52
-0.366936693669367,0.5,0.48,0.52
-0.36643664366436646,0.5,0.48,0.52
-0.3659365936593659,0.5,0.48,0.52
-0.3654365436543654,0.5,0.48,0.52
-0.364936493649365,0.5,0.48,0.52
-0.36443644364436445,0.5,0.48,0.52
-0.3639363936393639,0.5,0.48,0.52
-0.3634363436343634,0.5,0.48,0.52
-0.36293629362936297,0.5,0.48,0.52
-0.36243624362436244,0.5,0.48,0.52
-0.3619361936193619,0.5,0.48,0.52
-0.3614361436143614,0.5,0.48,0.52
-0.36093609360936096,0.5,0.48,0.52
-0.36043604360436043,0.5,0.48,0.52
-0.3599359935993599,0.5,0.48,0.52
-0.3594359435943595,0.5,0.48,0.52
-0.35893589358935896,0.5,0.48,0.52
-0.3584358435843584,0.5,0.48,0.52
-0.3579357935793579,0.5,0.48,0.52
-0.3574357435743575,0.5,0.48,0.52
-0.35693569356935695,0.5,0.48,0.52
-0.3564356435643564,0.5,0.48,0.52
-0.3559355935593559,0.5,0.48,0.52
-0.35543554355435547,0.5,0.48,0.52
-0.35493549354935494,0.5,0.48,0.52
-0.3544354435443544,0.5,0.48,0.52
-0.3539353935393539,0.5,0.48,0.52
-0.35343534353435346,0.5,0.48,0.52
-0.35293529352935293,0.5,0.48,0.52
-0.3524352435243524,0.5,0.48,0.52
-0.351935193519352,0.5,0.48,0.52
-0.35143514351435146,0.5,0.48,0.52
-0.3509350935093509,0.5,0.48,0.52
-0.3504350435043504,0.5,0.48,0.52
-0.34993499349935,0.5,0.48,0.52
-0.34943494349434945,0.5,0.48,0.52
-0.3489348934893489,0.5,0.48,0.52
-0.3484348434843484,0.5,0.48,0.52
-0.34793479347934797,0.5,0.48,0.52
-0.34743474347434744,0.5,0.48,0.52
-0.3469346934693469,0.5,0.48,0.52
-0.3464346434643464,0.5,0.48,0.52
-0.34593459345934596,0.5,0.48,0.52
-0.34543454345434543,0.5,0.48,0.52
-0.3449344934493449,0.5,0.48,0.52
-0.3444344434443445,0.5,0.48,0.52
-0.34393439343934396,0.5,0.48,0.52
-0.3434343434343434,0.5,0.48,0.52
-0.3429342934293429,0.5,0.48,0.52
-0.3424342434243425,0.5,0.48,0.52
-0.34193419341934195,0.5,0.48,0.52
-0.3414341434143414,0.5,0.48,0.52
-0.3409340934093409,0.5,0.48,0.52
-0.34043404340434047,0.5,0.48,0.52
-0.33993399339933994,0.5,0.48,0.52
-0.3394339433943394,0.5,0.48,0.52
-0.3389338933893389,0.5,0.48,0.52
-0.33843384338433846,0.5,0.48,0.52
-0.33793379337933793,0.5,0.48,0.52
-0.3374337433743374,0.5,0.48,0.52
-0.336933693369337,0.5,0.48,0.52
-0.33643364336433645,0.5,0.48,0.52
-0.3359335933593359,0.5,0.48,0.52
-0.3354335433543354,0.5,0.48,0.52
-0.334933493349335,0.5,0.48,0.52
-0.33443344334433445,0.5,0.48,0.52
-0.3339333933393339,0.5,0.48,0.52
-0.3334333433343334,0.5,0.48,0.52
-0.33293329332933297,0.5,0.48,0.52
-0.33243324332433244,0.5,0.48,0.52
-0.3319331933193319,0.5,0.48,0.52
-0.3314331433143314,0.5,0.48,0.52
-0.33093309330933096,0.5,0.48,0.52
-0.33043304330433043,0.5,0.48,0.52
-0.3299329932993299,0.5,0.48,0.52
-0.3294329432943295,0.5,0.48,0.52
-0.32893289328932895,0.5,0.48,0.52
-0.3284328432843284,0.5,0.48,0.52
-0.3279327932793279,0.5,0.48,0.52
-0.3274327432743275,0.5,0.48,0.52
-0.32693269326932695,0.5,0.48,0.52
-0.3264326432643264,0.5,0.48,0.52
-0.3259325932593259,0.5,0.48,0.52
-0.32543254325432547,0.5,0.48,0.52
-0.32493249324932494,0.5,0.48,0.52
-0.3244324432443244,0.5,0.48,0.52
-0.3239323932393239,0.5,0.48,0.52
-0.32343234323432346,0.5,0.48,0.52
-0.32293229322932293,0.5,0.48,0.52
-0.3224322432243224,0.5,0.48,0.52
-0.321932193219322,0.5,0.48,0.52
-0.32143214321432145,0.5,0.48,0.52
-0.3209320932093209,0.5,0.48,0.52
-0.3204320432043204,0.5,0.48,0.52
-0.31993199319932,0.5,0.48,0.52
-0.31943194319431945,0.5,0.48,0.52
-0.3189318931893189,0.5,0.48,0.52
-0.3184318431843184,0.5,0.48,0.52
-0.31793179317931797,0.5,0.48,0.52
-0.31743174317431744,0.5,0.48,0.52
-0.3169316931693169,0.5,0.48,0.52
-0.3164316431643164,0.5,0.48,0.52
-0.31593159315931596,0.5,0.48,0.52
-0.31543154315431543,0.5,0.48,0.52
-0.3149314931493149,0.5,0.48,0.52
-0.3144314431443145,0.5,0.48,0.52
-0.31393139313931395,0.5,0.48,0.52
-0.3134313431343134,0.5,0.48,0.52
-0.3129312931293129,0.5,0.48,0.52
-0.3124312431243125,0.5,0.48,0.52
-0.31193119311931194,0.5,0.48,0.52
-0.3114311431143114,0.5,0.48,0.52
-0.3109310931093109,0.5,0.48,0.52
-0.31043104310431047,0.5,0.48,0.52
-0.30993099309930994,0.5,0.48,0.52
-0.3094309430943094,0.5,0.48,0.52
-0.3089308930893089,0.5,0.48,0.52
-0.30843084308430846,0.5,0.48,0.52
-0.30793079307930793,0.5,0.48,0.52
-0.3074307430743074,0.5,0.48,0.52
-0.306930693069307,0.5,0.48,0.52
-0.30643064306430645,0.5,0.48,0.52
-0.3059305930593059,0.5,0.48,0.52
-0.3054305430543054,0.5,0.48,0.52
-0.304930493049305,0.5,0.48,0.52
-0.30443044304430444,0.5,0.48,0.52
-0.3039303930393039,0.5,0.48,0.52
-0.3034303430343034,0.5,0.48,0.52
-0.30293029302930297,0.5,0.48,0.52
-0.30243024302430244,0.5,0.48,0.52
-0.3019301930193019,0.5,0.48,0.52
-0.3014301430143014,0.5,0.48,0.52
-0.30093009300930096,0.5,0.48,0.52
-0.30043004300430043,0.5,0.48,0.52
-0.2999299929992999,0.5,0.48,0.52
-0.2994299429942995,0.5,0.48,0.52
-0.29892989298929895,0.5,0.48,0.52
-0.2984298429842984,0.5,0.48,0.52
-0.2979297929792979,0.5,0.48,0.52
-0.2974297429742975,0.5,0.48,0.52
-0.29692969296929694,0.5,0.48,0.52
-0.2964296429642964,0.5,0.48,0.52
-0.2959295929592959,0.5,0.48,0.52
-0.29542954295429547,0.5,0.48,0.52
-0.29492949294929494,0.5,0.48,0.52
-0.2944294429442944,0.5,0.48,0.52
-0.2939293929392939,0.5,0.48,0.52
-0.29342934293429346,0.5,0.48,0.52
-0.29292929292929293,0.5,0.48,0.52
-0.2924292429242924,0.5,0.48,0.52
-0.291929192919292,0.5,0.48,0.52
-0.29142914291429145,0.5,0.48,0.52
-0.2909290929092909,0.5,0.48,0.52
-0.2904290429042904,0.5,0.48,0.52
-0.28992899289929,0.5,0.48,0.52
-0.28942894289428944,0.5,0.48,0.52
-0.2889288928892889,0.5,0.48,0.52
-0.2884288428842884,0.5,0.48,0.52
-0.28792879287928796,0.5,0.48,0.52
-0.28742874287428744,0.5,0.48,0.52
-0.2869286928692869,0.5,0.48,0.52
-0.2864286428642864,0.5,0.48,0.52
-0.28592859285928596,0.5,0.48,0.52
-0.2854285428542854,0.5,0.48,0.52
-0.2849284928492849,0.5,0.48,0.52
-0.2844284428442845,0.5,0.48,0.52
-0.28392839283928395,0.5,0.48,0.52
-0.2834283428342834,0.5,0.48,0.52
-0.2829282928292829,0.5,0.48,0.52
-0.28242824282428247,0.5,0.48,0.52
-0.28192819281928194,0.5,0.48,0.52
-0.2814281428142814,0.5,0.48,0.52
-0.2809280928092809,0.5,0.48,0.52
-0.28042804280428046,0.5,0.48,0.52
-0.27992799279927993,0.5,0.48,0.52
-0.2794279427942794,0.5,0.48,0.52
-0.2789278927892789,0.5,0.48,0.52
-0.27842784278427846,0.5,0.48,0.52
-0.2779277927792779,0.5,0.48,0.52
-0.2774277427742774,0.5,0.48,0.52
-0.276927692769277,0.5,0.48,0.52
-0.27642764276427645,0.5,0.48,0.52
-0.2759275927592759,0.5,0.48,0.52
-0.2754275427542754,0.5,0.48,0.52
-0.27492749274927497,0.5,0.48,0.52
-0.27442744274427444,0.5,0.48,0.52
-0.2739273927392739,0.5,0.48,0.52
-0.2734273427342734,0.5,0.48,0.52
-0.27292729272927296,0.5,0.48,0.52
-0.27242724272427243,0.5,0.48,0.52
-0.2719271927192719,0.5,0.48,0.52
-0.2714271427142714,0.5,0.48,0.52
-0.27092709270927096,0.5,0.48,0.52
-0.2704270427042704,0.5,0.48,0.52
-0.2699269926992699,0.5,0.48,0.52
-0.2694269426942695,0.5,0.48,0.52
-0.26892689268926895,0.5,0.48,0.52
-0.2684268426842684,0.5,0.48,0.52
-0.2679267926792679,0.5,0.48,0.52
-0.26742674267426747,0.5,0.48,0.52
-0.26692669266926694,0.5,0.48,0.52
-0.2664266426642664,0.5,0.48,0.52
-0.2659265926592659,0.5,0.48,0.52
-0.26542654265426546,0.5,0.48,0.52
-0.26492649264926493,0.5,0.48,0.52
-0.2644264426442644,0.5,0.48,0.52
-0.2639263926392639,0.5,0.48,0.52
-0.26342634263426346,0.5,0.48,0.52
-0.2629262926292629,0.5,0.48,0.52
-0.2624262426242624,0.5,0.48,0.52
-0.261926192619262,0.5,0.48,0.52
-0.26142614261426145,0.5,0.48,0.52
-0.2609260926092609,0.5,0.48,0.52
-0.2604260426042604,0.5,0.48,0.52
-0.25992599259925997,0.5,0.48,0.52
-0.25942594259425944,0.5,0.48,0.52
-0.2589258925892589,0.5,0.48,0.52
-0.2584258425842584,0.5,0.48,0.52
-0.25792579257925796,0.5,0.48,0.52
-0.25742574257425743,0.5,0.48,0.52
-0.2569256925692569,0.5,0.48,0.52
-0.2564256425642564,0.5,0.48,0.52
-0.25592559255925595,0.5,0.48,0.52
-0.2554255425542554,0.5,0.48,0.52
-0.2549254925492549,0.5,0.48,0.52
-0.2544254425442545,0.5,0.48,0.52
-0.25392539253925395,0.5,0.48,0.52
-0.2534253425342534,0.5,0.48,0.52
-0.2529252925292529,0.5,0.48,0.52
-0.25242524252425247,0.5,0.48,0.52
-0.25192519251925194,0.5,0.48,0.52
-0.2514251425142514,0.5,0.48,0.52
-0.2509250925092509,0.5,0.48,0.52
-0.25042504250425046,0.5,0.48,0.52
-0.24992499249924993,0.5,0.48,0.52
-0.2494249424942494,0.5,0.48,0.52
-0.24892489248924887,0.5,0.48,0.52
-0.24842484248424845,0.5,0.48,0.52
-0.24792479247924792,0.5,0.48,0.52
-0.2474247424742474,0.5,0.48,0.52
-0.24692469246924698,0.5,0.48,0.52
-0.24642464246424645,0.5,0.48,0.52
-0.24592459245924592,0.5,0.48,0.52
-0.2454245424542454,0.5,0.48,0.52
-0.24492449244924497,0.5,0.48,0.52
-0.24442444244424444,0.5,0.48,0.52
-0.2439243924392439,0.5,0.48,0.52
-0.24342434243424338,0.5,0.48,0.52
-0.24292429242924296,0.5,0.48,0.52
-0.24242424242424243,0.5,0.48,0.52
-0.2419241924192419,0.5,0.48,0.52
-0.24142414241424137,0.5,0.48,0.52
-0.24092409240924095,0.5,0.48,0.52
-0.24042404240424042,0.5,0.48,0.52
-0.2399239923992399,0.5,0.48,0.52
-0.23942394239423948,0.5,0.48,0.52
-0.23892389238923895,0.5,0.48,0.52
-0.23842384238423842,0.5,0.48,0.52
-0.2379237923792379,0.5,0.48,0.52
-0.23742374237423747,0.5,0.48,0.52
-0.23692369236923694,0.5,0.48,0.52
-0.2364236423642364,0.5,0.48,0.52
-0.23592359235923588,0.5,0.48,0.52
-0.23542354235423546,0.5,0.48,0.52
-0.23492349234923493,0.5,0.48,0.52
-0.2344234423442344,0.5,0.48,0.52
-0.23392339233923387,0.5,0.48,0.52
-0.23342334233423345,0.5,0.48,0.52
-0.23292329232923292,0.5,0.48,0.52
-0.2324232423242324,0.5,0.48,0.52
-0.23192319231923197,0.5,0.48,0.52
-0.23142314231423144,0.5,0.48,0.52
-0.23092309230923092,0.5,0.48,0.52
-0.23042304230423039,0.5,0.48,0.52
-0.22992299229922997,0.5,0.48,0.52
-0.22942294229422944,0.5,0.48,0.52
-0.2289228922892289,0.5,0.48,0.52
-0.22842284228422838,0.5,0.48,0.52
-0.22792279227922796,0.5,0.48,0.52
-0.22742274227422743,0.5,0.48,0.52
-0.2269226922692269,0.5,0.48,0.52
-0.22642264226422637,0.5,0.48,0.52
-0.22592259225922595,0.5,0.48,0.52
-0.22542254225422542,0.5,0.48,0.52
-0.2249224922492249,0.5,0.48,0.52
-0.22442244224422436,0.5,0.48,0.52
-0.22392239223922394,0.5,0.48,0.52
-0.22342234223422341,0.5,0.48,0.52
-0.22292229222922288,0.5,0.48,0.52
-0.22242224222422247,0.5,0.48,0.52
-0.22192219221922194,0.5,0.48,0.52
-0.2214221422142214,0.5,0.48,0.52
-0.22092209220922088,0.5,0.48,0.52
-0.22042204220422046,0.5,0.48,0.52
-0.21992199219921993,0.5,0.48,0.52
-0.2194219421942194,0.5,0.48,0.52
-0.21892189218921887,0.5,0.48,0.52
-0.21842184218421845,0.5,0.48,0.52
-0.21792179217921792,0.5,0.48,0.52
-0.2174217421742174,0.5,0.48,0.52
-0.21692169216921686,0.5,0.48,0.52
-0.21642164216421644,0.5,0.48,0.52
-0.2159215921592159,0.5,0.48,0.52
-0.21542154215421538,0.5,0.48,0.52
-0.21492149214921497,0.5,0.48,0.52
-0.21442144214421444,0.5,0.48,0.52
-0.2139213921392139,0.5,0.48,0.52
-0.21342134213421338,0.5,0.48,0.52
-0.21292129212921296,0.5,0.48,0.52
-0.21242124212421243,0.5,0.48,0.52
-0.2119211921192119,0.5,0.48,0.52
-0.21142114211421137,0.5,0.48,0.52
-0.21092109210921095,0.5,0.48,0.52
-0.21042104210421042,0.5,0.48,0.52
-0.2099209920992099,0.5,0.48,0.52
-0.20942094209420936,0.5,0.48,0.52
-0.20892089208920894,0.5,0.48,0.52
-0.2084208420842084,0.5,0.48,0.52
-0.20792079207920788,0.5,0.48,0.52
-0.20742074207420746,0.5,0.48,0.52
-0.20692069206920694,0.5,0.48,0.52
-0.2064206420642064,0.5,0.48,0.52
-0.20592059205920588,0.5,0.48,0.52
-0.20542054205420546,0.5,0.48,0.52
-0.20492049204920493,0.5,0.48,0.52
-0.2044204420442044,0.5,0.48,0.52
-0.20392039203920387,0.5,0.48,0.52
-0.20342034203420345,0.5,0.48,0.52
-0.20292029202920292,0.5,0.48,0.52
-0.2024202420242024,0.5,0.48,0.52
-0.20192019201920186,0.5,0.48,0.52
-0.20142014201420144,0.5,0.48,0.52
-0.2009200920092009,0.5,0.48,0.52
-0.20042004200420038,0.5,0.48,0.52
-0.19991999199919996,0.5,0.48,0.52
-0.19941994199419943,0.5,0.48,0.52
-0.1989198919891989,0.5,0.48,0.52
-0.19841984198419838,0.5,0.48,0.52
-0.19791979197919796,0.5,0.48,0.52
-0.19741974197419743,0.5,0.48,0.52
-0.1969196919691969,0.5,0.48,0.52
-0.19641964196419637,0.5,0.48,0.52
-0.19591959195919595,0.5,0.48,0.52
-0.19541954195419542,0.5,0.48,0.52
-0.1949194919491949,0.5,0.48,0.52
-0.19441944194419436,0.5,0.48,0.52
-0.19391939193919394,0.5,0.48,0.52
-0.1934193419341934,0.5,0.48,0.52
-0.19291929192919288,0.5,0.48,0.52
-0.19241924192419246,0.5,0.48,0.52
-0.19191919191919193,0.5,0.48,0.52
-0.1914191419141914,0.5,0.48,0.52
-0.19091909190919087,0.5,0.48,0.52
-0.19041904190419046,0.5,0.48,0.52
-0.18991899189918993,0.5,0.48,0.52
-0.1894189418941894,0.5,0.48,0.52
-0.18891889188918887,0.5,0.48,0.52
-0.18841884188418845,0.5,0.48,0.52
-0.18791879187918792,0.5,0.48,0.52
-0.1874187418741874,0.5,0.48,0.52
-0.18691869186918686,0.5,0.48,0.52
-0.18641864186418644,0.5,0.48,0.52
-0.1859185918591859,0.5,0.48,0.52
-0.18541854185418538,0.5,0.48,0.52
-0.18491849184918496,0.5,0.48,0.52
-0.18441844184418443,0.5,0.48,0.52
-0.1839183918391839,0.5,0.48,0.52
-0.18341834183418337,0.5,0.48,0.52
-0.18291829182918296,0.5,0.48,0.52
-0.18241824182418243,0.5,0.48,0.52
-0.1819181918191819,0.5,0.48,0.52
-0.18141814181418137,0.5,0.48,0.52
-0.18091809180918095,0.5,0.48,0.52
-0.18041804180418042,0.5,0.48,0.52
-0.1799179917991799,0.5,0.48,0.52
-0.17941794179417936,0.5,0.48,0.52
-0.17891789178917894,0.5,0.48,0.52
-0.1784178417841784,0.5,0.48,0.52
-0.17791779177917788,0.5,0.48,0.52
-0.17741774177417746,0.5,0.48,0.52
-0.17691769176917693,0.5,0.48,0.52
-0.1764176417641764,0.5,0.48,0.52
-0.17591759175917587,0.5,0.48,0.52
-0.17541754175417545,0.5,0.48,0.52
-0.17491749174917492,0.5,0.48,0.52
-0.1744174417441744,0.5,0.48,0.52
-0.17391739173917387,0.5,0.48,0.52
-0.17341734173417345,0.5,0.48,0.52
-0.17291729172917292,0.5,0.48,0.52
-0.1724172417241724,0.5,0.48,0.52
-0.17191719171917186,0.5,0.48,0.52
-0.17141714171417144,0.5,0.48,0.52
-0.1709170917091709,0.5,0.48,0.52
-0.17041704170417038,0.5,0.48,0.52
-0.16991699169916996,0.5,0.48,0.52
-0.16941694169416943,0.5,0.48,0.52
-0.1689168916891689,0.5,0.48,0.52
-0.16841684168416837,0.5,0.48,0.52
-0.16791679167916795,0.5,0.48,0.52
-0.16741674167416742,0.5,0.48,0.52
-0.1669166916691669,0.5,0.48,0.52
-0.16641664166416636,0.5,0.48,0.52
-0.16591659165916595,0.5,0.48,0.52
-0.16541654165416542,0.5,0.48,0.52
-0.1649164916491649,0.5,0.48,0.52
-0.16441644164416436,0.5,0.48,0.52
-0.16391639163916394,0.5,0.48,0.52
-0.1634163416341634,0.5,0.48,0.52
-0.16291629162916288,0.5,0.48,0.52
-0.16241624162416246,0.5,0.48,0.52
-0.16191619161916193,0.5,0.48,0.52
-0.1614161416141614,0.5,0.48,0.52
-0.16091609160916087,0.5,0.48,0.52
-0.16041604160416045,0.5,0.48,0.52
-0.15991599159915992,0.5,0.48,0.52
-0.1594159415941594,0.5,0.48,0.52
-0.15891589158915886,0.5,0.48,0.52
-0.15841584158415845,0.5,0.48,0.52
-0.15791579157915792,0.5,0.48,0.52
-0.1574157415741574,0.5,0.48,0.52
-0.15691569156915686,0.5,0.48,0.52
-0.15641564156415644,0.5,0.48,0.52
-0.1559155915591559,0.5,0.48,0.52
-0.15541554155415538,0.5,0.48,0.52
-0.15491549154915496,0.5,0.48,0.52
-0.15441544154415443,0.5,0.48,0.52
-0.1539153915391539,0.5,0.48,0.52
-0.15341534153415337,0.5,0.48,0.52
-0.15291529152915295,0.5,0.48,0.52
-0.15241524152415242,0.5,0.48,0.52
-0.1519151915191519,0.5,0.48,0.52
-0.15141514151415136,0.5,0.48,0.52
-0.15091509150915094,0.5,0.48,0.52
-0.15041504150415042,0.5,0.48,0.52
-0.14991499149914989,0.5,0.48,0.52
-0.14941494149414936,0.5,0.48,0.52
-0.14891489148914894,0.5,0.48,0.52
-0.1484148414841484,0.5,0.48,0.52
-0.14791479147914788,0.5,0.48,0.52
-0.14741474147414746,0.5,0.48,0.52
-0.14691469146914693,0.5,0.48,0.52
-0.1464146414641464,0.5,0.48,0.52
-0.14591459145914587,0.5,0.48,0.52
-0.14541454145414545,0.5,0.48,0.52
-0.14491449144914492,0.5,0.48,0.52
-0.1444144414441444,0.5,0.48,0.52
-0.14391439143914386,0.5,0.48,0.52
-0.14341434143414344,0.5,0.48,0.52
-0.14291429142914291,0.5,0.48,0.52
-0.14241424142414238,0.5,0.48,0.52
-0.14191419141914186,0.5,0.48,0.52
-0.14141414141414144,0.5,0.48,0.52
-0.1409140914091409,0.5,0.48,0.52
-0.14041404140414038,0.5,0.48,0.52
-0.13991399139913996,0.5,0.48,0.52
-0.13941394139413943,0.5,0.48,0.52
-0.1389138913891389,0.5,0.48,0.52
-0.13841384138413837,0.5,0.48,0.52
-0.13791379137913795,0.5,0.48,0.52
-0.13741374137413742,0.5,0.48,0.52
-0.1369136913691369,0.5,0.48,0.52
-0.13641364136413636,0.5,0.48,0.52
-0.13591359135913594,0.5,0.48,0.52
-0.1354135413541354,0.5,0.48,0.52
-0.13491349134913488,0.5,0.48,0.52
-0.13441344134413435,0.5,0.48,0.52
-0.13391339133913394,0.5,0.48,0.52
-0.1334133413341334,0.5,0.48,0.52
-0.13291329132913288,0.5,0.48,0.52
-0.13241324132413246,0.5,0.48,0.52
-0.13191319131913193,0.5,0.48,0.52
-0.1314131413141314,0.5,0.48,0.52
-0.13091309130913087,0.5,0.48,0.52
-0.13041304130413045,0.5,0.48,0.52
-0.12991299129912992,0.5,0.48,0.52
-0.1294129412941294,0.5,0.48,0.52
-0.12891289128912886,0.5,0.48,0.52
-0.12841284128412844,0.5,0.48,0.52
-0.1279127912791279,0.5,0.48,0.52
-0.12741274127412738,0.5,0.48,0.52
-0.12691269126912685,0.5,0.48,0.52
-0.12641264126412644,0.5,0.48,0.52
-0.1259125912591259,0.5,0.48,0.52
-0.12541254125412538,0.5,0.48,0.52
-0.12491249124912496,0.5,0.48,0.52
-0.12441244124412443,0.5,0.48,0.52
-0.1239123912391239,0.5,0.48,0.52
-0.12341234123412337,0.5,0.48,0.52
-0.12291229122912295,0.5,0.48,0.52
-0.12241224122412242,0.5,0.48,0.52
-0.12191219121912189,0.5,0.48,0.52
-0.12141214121412136,0.5,0.48,0.52
-0.12091209120912094,0.5,0.48,0.52
-0.12041204120412041,0.5,0.48,0.52
-0.11991199119911988,0.5,0.48,0.52
-0.11941194119411935,0.5,0.48,0.52
-0.11891189118911893,0.5,0.48,0.52
-0.1184118411841184,0.5,0.48,0.52
-0.11791179117911788,0.5,0.48,0.52
-0.11741174117411746,0.5,0.48,0.52
-0.11691169116911693,0.5,0.48,0.52
-0.1164116411641164,0.5,0.48,0.52
-0.11591159115911587,0.5,0.48,0.52
-0.11541154115411545,0.5,0.48,0.52
-0.11491149114911492,0.5,0.48,0.52
-0.11441144114411439,0.5,0.48,0.52
-0.11391139113911386,0.5,0.48,0.52
-0.11341134113411344,0.5,0.48,0.52
-0.11291129112911291,0.5,0.48,0.52
-0.11241124112411238,0.5,0.48,0.52
-0.11191119111911185,0.5,0.48,0.52
-0.11141114111411143,0.5,0.48,0.52
-0.1109110911091109,0.5,0.48,0.52
-0.11041104110411037,0.5,0.48,0.52
-0.10991099109910996,0.5,0.48,0.52
-0.10941094109410943,0.5,0.48,0.52
-0.1089108910891089,0.5,0.48,0.52
-0.10841084108410837,0.5,0.48,0.52
-0.10791079107910795,0.5,0.48,0.52
-0.10741074107410742,0.5,0.48,0.52
-0.10691069106910689,0.5,0.48,0.52
-0.10641064106410636,0.5,0.48,0.52
-0.10591059105910594,0.5,0.48,0.52
-0.10541054105410541,0.5,0.48,0.52
-0.10491049104910488,0.5,0.48,0.52
-0.10441044104410435,0.5,0.48,0.52
-0.10391039103910393,0.5,0.48,0.52
-0.1034103410341034,0.5,0.48,0.52
-0.10291029102910287,0.5,0.48,0.52
-0.10241024102410246,0.5,0.48,0.52
-0.10191019101910193,0.5,0.48,0.52
-0.1014101410141014,0.5,0.48,0.52
-0.10091009100910087,0.5,0.48,0.52
-0.10041004100410045,0.5,0.48,0.52
-0.09990999099909992,0.5,0.48,0.52
-0.09940994099409939,0.5,0.48,0.52
-0.09890989098909886,0.5,0.48,0.52
-0.09840984098409844,0.5,0.48,0.52
-0.09790979097909791,0.5,0.48,0.52
-0.09740974097409738,0.5,0.48,0.52
-0.09690969096909685,0.5,0.48,0.52
-0.09640964096409643,0.5,0.48,0.52
-0.0959095909590959,0.5,0.48,0.52
-0.09540954095409537,0.5,0.48,0.52
-0.09490949094909495,0.5,0.48,0.52
-0.09440944094409442,0.5,0.48,0.52
-0.0939093909390939,0.5,0.48,0.52
-0.09340934093409337,0.5,0.48,0.52
-0.09290929092909295,0.5,0.48,0.52
-0.09240924092409242,0.5,0.48,0.52
-0.09190919091909189,0.5,0.48,0.52
-0.09140914091409136,0.5,0.48,0.52
-0.09090909090909094,0.5,0.48,0.52
-0.09040904090409041,0.5,0.48,0.52
-0.08990899089908988,0.5,0.48,0.52
-0.08940894089408935,0.5,0.48,0.52
-0.08890889088908893,0.5,0.48,0.52
-0.0884088408840884,0.5,0.48,0.52
-0.08790879087908787,0.5,0.48,0.52
-0.08740874087408745,0.5,0.48,0.52
-0.08690869086908692,0.5,0.48,0.52
-0.0864086408640864,0.5,0.48,0.52
-0.08590859085908586,0.5,0.48,0.52
-0.08540854085408545,0.5,0.48,0.52
-0.08490849084908492,0.5,0.48,0.52
-0.08440844084408439,0.5,0.48,0.52
-0.08390839083908386,0.5,0.48,0.52
-0.08340834083408344,0.5,0.48,0.52
-0.08290829082908291,0.5,0.48,0.52
-0.08240824082408238,0.5,0.48,0.52
-0.08190819081908185,0.5,0.48,0.52
-0.08140814081408143,0.5,0.48,0.52
-0.0809080908090809,0.5,0.48,0.52
-0.08040804080408037,0.5,0.48,0.52
-0.07990799079907995,0.5,0.48,0.52
-0.07940794079407942,0.5,0.48,0.52
-0.0789078907890789,0.5,0.48,0.52
-0.07840784078407836,0.5,0.48,0.52
-0.07790779077907795,0.5,0.48,0.52
-0.07740774077407742,0.5,0.48,0.52
-0.07690769076907689,0.5,0.48,0.52
-0.07640764076407636,0.5,0.48,0.52
-0.07590759075907594,0.5,0.48,0.52
-0.07540754075407541,0.5,0.48,0.52
-0.07490749074907488,0.5,0.48,0.52
-0.07440744074407435,0.5,0.48,0.52
-0.07390739073907393,0.5,0.48,0.52
-0.0734073407340734,0.5,0.48,0.52
-0.07290729072907287,0.5,0.48,0.52
-0.07240724072407245,0.5,0.48,0.52
-0.07190719071907192,0.5,0.48,0.52
-0.0714071407140714,0.5,0.48,0.52
-0.07090709070907086,0.5,0.48,0.52
-0.07040704070407044,0.5,0.48,0.52
-0.06990699069906992,0.5,0.48,0.52
-0.06940694069406939,0.5,0.48,0.52
-0.06890689068906886,0.5,0.48,0.52
-0.06840684068406844,0.5,0.48,0.52
-0.06790679067906791,0.5,0.48,0.52
-0.06740674067406738,0.5,0.48,0.52
-0.06690669066906685,0.5,0.48,0.52
-0.06640664066406643,0.5,0.48,0.52
-0.0659065906590659,0.5,0.48,0.52
-0.06540654065406537,0.5,0.48,0.52
-0.06490649064906495,0.5,0.48,0.52
-0.06440644064406442,0.5,0.48,0.52
-0.06390639063906389,0.5,0.48,0.52
-0.06340634063406336,0.5,0.48,0.52
-0.06290629062906294,0.5,0.48,0.52
-0.062406240624062415,0.5,0.48,0.52
-0.061906190619061885,0.5,0.48,0.52
-0.061406140614061355,0.5,0.48,0.52
-0.06090609060906094,0.5,0.48,0.52
-0.06040604060406041,0.5,0.48,0.52
-0.05990599059905988,0.5,0.48,0.52
-0.05940594059405935,0.5,0.48,0.52
-0.05890589058905893,0.5,0.48,0.52
-0.0584058405840584,0.5,0.48,0.52
-0.05790579057905787,0.5,0.48,0.52
-0.05740574057405745,0.5,0.48,0.52
-0.05690569056905692,0.5,0.48,0.52
-0.05640564056405639,0.5,0.48,0.52
-0.05590559055905586,0.5,0.48,0.52
-0.055405540554055444,0.5,0.48,0.52
-0.054905490549054914,0.5,0.48,0.52
-0.054405440544054384,0.5,0.48,0.52
-0.053905390539053855,0.5,0.48,0.52
-0.053405340534053436,0.5,0.48,0.52
-0.052905290529052906,0.5,0.48,0.52
-0.05240524052405238,0.5,0.48,0.52
-0.05190519051905185,0.5,0.48,0.52
-0.05140514051405143,0.5,0.48,0.52
-0.0509050905090509,0.5,0.48,0.52
-0.05040504050405037,0.5,0.48,0.52
-0.04990499049904995,0.5,0.48,0.52
-0.04940494049404942,0.5,0.48,0.52
-0.04890489048904889,0.5,0.48,0.52
-0.04840484048404836,0.5,0.48,0.52
-0.04790479047904794,0.5,0.48,0.52
-0.04740474047404741,0.5,0.48,0.52
-0.046904690469046884,0.5,0.48,0.52
-0.046404640464046354,0.5,0.48,0.52
-0.045904590459045935,0.5,0.48,0.52
-0.045404540454045406,0.5,0.48,0.52
-0.044904490449044876,0.5,0.48,0.52
-0.044404440444044346,0.5,0.48,0.52
-0.04390439043904393,0.5,0.48,0.52
-0.0434043404340434,0.5,0.48,0.52
-0.04290429042904287,0.5,0.48,0.52
-0.04240424042404245,0.5,0.48,0.52
-0.04190419041904192,0.5,0.48,0.52
-0.04140414041404139,0.5,0.48,0.52
-0.04090409040904086,0.5,0.48,0.52
-0.04040404040404044,0.5,0.48,0.52
-0.03990399039903991,0.5,0.48,0.52
-0.03940394039403938,0.5,0.48,0.52
-0.03890389038903885,0.5,0.48,0.52
-0.038403840384038435,0.5,0.48,0.52
-0.037903790379037905,0.5,0.48,0.52
-0.037403740374037375,0.5,0.48,0.52
-0.036903690369036846,0.5,0.48,0.52
-0.03640364036403643,0.5,0.48,0.52
-0.0359035903590359,0.5,0.48,0.52
-0.03540354035403537,0.5,0.48,0.52
-0.03490349034903495,0.5,0.48,0.52
-0.03440344034403442,0.5,0.48,0.52
-0.03390339033903389,0.5,0.48,0.52
-0.03340334033403336,0.5,0.48,0.52
-0.03290329032903294,0.5,0.48,0.52
-0.03240324032403241,0.5,0.48,0.52
-0.03190319031903188,0.5,0.48,0.52
-0.03140314031403135,0.5,0.48,0.52
-0.030903090309030934,0.5,0.48,0.52
-0.030403040304030404,0.5,0.48,0.52
-0.029902990299029875,0.5,0.48,0.52
-0.029402940294029345,0.5,0.48,0.52
-0.028902890289028926,0.5,0.48,0.52
-0.028402840284028397,0.5,0.48,0.52
-0.027902790279027867,0.5,0.48,0.52
-0.02740274027402745,0.5,0.48,0.52
-0.02690269026902692,0.5,0.48,0.52
-0.02640264026402639,0.5,0.48,0.52
-0.02590259025902586,0.5,0.48,0.52
-0.02540254025402544,0.5,0.48,0.52
-0.02490249024902491,0.5,0.48,0.52
-0.02440244024402438,0.5,0.48,0.52
-0.023902390239023852,0.5,0.48,0.52
-0.023402340234023433,0.5,0.48,0.52
-0.022902290229022904,0.5,0.48,0.52
-0.022402240224022374,0.5,0.48,0.52
-0.021902190219021844,0.5,0.48,0.52
-0.021402140214021426,0.5,0.48,0.52
-0.020902090209020896,0.5,0.48,0.52
-0.020402040204020366,0.5,0.48,0.52
-0.019901990199019948,0.5,0.48,0.52
-0.019401940194019418,0.5,0.48,0.52
-0.01890189018901889,0.5,0.48,0.52
-0.01840184018401836,0.5,0.48,0.52
-0.01790179017901794,0.5,0.48,0.52
-0.01740174017401741,0.5,0.48,0.52
-0.01690169016901688,0.5,0.48,0.52
-0.01640164016401635,0.5,0.48,0.52
-0.015901590159015933,0.5,0.48,0.52
-0.015401540154015403,0.5,0.48,0.52
-0.014901490149014873,0.5,0.48,0.52
-0.014401440144014344,0.5,0.48,0.52
-0.013901390139013925,0.5,0.48,0.52
-0.013401340134013395,0.5,0.48,0.52
-0.012901290129012866,0.5,0.48,0.52
-0.012401240124012447,0.5,0.48,0.52
-0.011901190119011917,0.5,0.48,0.52
-0.011401140114011388,0.5,0.48,0.52
-0.010901090109010858,0.5,0.48,0.52
-0.01040104010401044,0.5,0.48,0.52
-0.00990099009900991,0.5,0.48,0.52
-0.00940094009400938,0.5,0.48,0.52
-0.00890089008900885,0.5,0.48,0.52
-0.008400840084008432,0.5,0.48,0.52
-0.007900790079007902,0.5,0.48,0.52
-0.0074007400740073725,0.5,0.48,0.52
-0.006900690069006843,0.5,0.48,0.52
-0.006400640064006424,0.5,0.48,0.52
-0.005900590059005895,0.5,0.48,0.52
-0.005400540054005365,0.5,0.48,0.52
-0.004900490049004946,0.5,0.48,0.52
-0.004400440044004417,0.5,0.48,0.52
-0.003900390039003887,0.5,0.48,0.52
-0.0034003400340033574,0.5,0.48,0.52
-0.0029002900290029388,0.5,0.48,0.52
-0.002400240024002409,0.5,0.48,0.52
-0.0019001900190018794,0.5,0.48,0.52
-0.0014001400140013498,0.5,0.48,0.52
-0.0009000900090009312,0.5,0.48,0.52
-0.0004000400040004015,0.5,0.48,0.52
0.00010001000100001711,0.5,0.48,1.2
0.0006000600060005468,0.5,0.48,1.2
0.0011001100110010764,0.5,0.48,1.2
0.001600160016001606,0.5,0.48,1.2
0.0021002100210021357,0.5,0.48,1.2
0.0026002600260026654,0.5,0.48,1.2
0.003100310031003195,0.5,0.48,1.2
0.0036003600360035026,0.5,0.48,1.2
0.004100410041004032,0.5,0.48,1.2
0.004600460046004562,0.5,0.48,1.2
0.005100510051005092,0.5,0.48,1.2
0.005600560056005621,0.5,0.48,1.2
0.006100610061006151,0.5,0.48,1.2
0.0066006600660066805,0.5,0.48,1.2
0.00710071007100721,0.5,0.48,1.2
0.007600760076007518,0.5,0.48,1.2
0.008100810081008047,0.5,0.48,1.2
0.008600860086008577,0.5,0.48,1.2
0.009100910091009107,0.5,0.48,1.2
0.009600960096009636,0.5,0.48,1.2
0.010101010101010166,0.5,0.48,1.2
0.010601060106010696,0.5,0.48,1.2
0.011101110111011003,0.5,0.48,1.2
0.011601160116011533,0.5,0.48,1.2
0.012101210121012063,0.5,0.48,1.2
0.012601260126012592,0.5,0.48,1.2
0.013101310131013122,0.5,0.48,1.2
0.013601360136013652,0.5,0.48,1.2
0.014101410141014181,0.5,0.48,1.2
0.014601460146014711,0.5,0.48,1.2
0.015101510151015018,0.5,0.48,1.2
0.015601560156015548,0.5,0.48,1.2
0.016101610161016078,0.5,0.48,1.2
0.016601660166016607,0.5,0.48,1.2
0.017101710171017137,0.5,0.48,1.2
0.017601760176017667,0.5,0.48,1.2
0.018101810181018196,0.5,0.48,1.2
0.018601860186018504,0.5,0.48,1.2
0.019101910191019034,0.5,0.48,1.2
0.019601960196019563,0.5,0.48,1.2
0.020102010201020093,1.2,0.48,1.2
0.020602060206020623,1.2,0.48,1.2
0.021102110211021152,1.2,0.48,1.2
0.021602160216021682,1.2,0.48,1.2
0.02210221022102221,1.2,0.48,1.2
0.02260226022602252,1.2,0.48,1.2
0.02310231023102305,1.2,0.48,1.2
0.02360236023602358,1.2,0.48,1.2
0.024102410241024108,1.2,0.48,1.2
0.024602460246024638,1.2,0.48,1.2
0.025102510251025167,1.2,0.48,1.2
0.025602560256025697,1.2,0.48,1.2
0.026102610261026005,1.2,0.48,1.2
0.026602660266026534,1.2,0.48,1.2
0.027102710271027064,1.2,0.48,1.2
0.027602760276027594,1.2,0.48,1.2
0.028102810281028123,1.2,0.48,1.2
0.028602860286028653,1.2,0.48,1.2
0.029102910291029183,1.2,0.48,1.2
0.029602960296029712,1.2,0.48,1.2
0.03010301030103002,1.2,-0.48746403759880874,1.2
0.03060306030603055,1.2,-0.4841868053397276,1.2
0.03110311031103108,1.2,-0.48092067452820664,1.2
0.03160316031603161,1.2,-0.47766560755869114,1.2
0.03210321032103214,1.2,-0.47442156695301274,1.2
0.03260326032603267,1.2,-0.47118851535995865,1.2
0.0331033103310332,1.2,-0.4679664155548413,1.2
0.033603360336033505,1.2,-0.46475523043907074,1.2
0.034103410341034035,1.2,-0.46155492303972256,1.2
0.034603460346034565,1.2,-0.4583654565091204,1.2
0.035103510351035094,1.2,-0.4551867941244061,1.2
0.035603560356035624,1.2,-0.4520188992871178,1.2
0.036103610361036154,1.2,-0.4488617355227693,1.2
0.03660366036603668,1.2,-0.4457152664804297,1.2
0.03710371037103721,1.2,-0.4425794559323051,1.2
0.03760376037603752,1.2,-0.4394542677733222,1.2
0.03810381038103805,1.2,-0.4363396660207076,1.2
0.03860386038603858,1.2,-0.4332356148135824,1.2
0.03910391039103911,1.2,-0.4301420784125424,1.2
0.03960396039603964,1.2,-0.4270590211992491,1.2
0.04010401040104017,1.2,-0.42398640767601914,1.2
0.0406040604060407,1.2,-0.4209242024654154,1.2
0.041104110411041006,1.2,-0.4178723703098415,1.2
0.041604160416041536,1.2,-0.41483087607113,1.2
0.042104210421042065,1.2,-0.4117996847301467,1.2
0.042604260426042595,1.2,-0.4087787613863808,1.2
0.043104310431043125,1.2,-0.40576807125754577,1.2
0.043604360436043654,1.2,-0.4027675796791774,1.2
0.044104410441044184,1.2,-0.3997772521042362,1.2
0.044604460446044714,1.2,-0.3967970541027085,1.2
0.04510451045104502,1.2,-0.3938269513612118,1.2
0.04560456045604555,1.2,-0.39086690968259474,1.2
0.04610461046104608,1.2,-0.3879168949855506,1.2
0.04660466046604661,1.2,-0.3849768733042198,1.2
0.04710471047104714,1.2,-0.3820468107878007,1.2
0.04760476047604767,1.2,-0.37912667370015884,1.2
0.0481048104810482,1.2,-0.3762164284194398,1.2
0.04860486048604851,1.2,-0.37331604143768204,1.2
0.049104910491049036,1.2,-0.37042547936042725,1.2
0.049604960496049566,1.2,-0.3675447089063417,1.2
0.050105010501050096,1.2,-0.3646736969068308,1.2
0.050605060506050625,1.2,-0.3618124103056555,1.2
0.051105110511051155,1.2,-0.35896081615855324,1.2
0.051605160516051685,1.2,-0.35611888163285865,1.2
0.052105210521052214,1.2,-0.35328657400712493,1.2
0.05260526052605252,1.2,-0.3504638606707491,1.2
0.05310531053105305,1.2,-0.34765070912359053,1.2
0.05360536053605358,1.2,-0.3448470869756052,1.2
0.05410541054105411,1.2,-0.34205296194646717,1.2
0.05460546054605464,1.2,-0.33926830186519863,1.2
0.05510551055105517,1.2,-0.33649307466979916,1.2
0.0556055605560557,1.2,-0.33372724840687606,1.2
0.05610561056105601,1.2,-0.3309707912312789,1.2
0.05660566056605654,1.2,-0.3282236714057274,1.2
0.05710571057105707,1.2,-0.32548585730045276,1.2
0.057605760576057596,1.2,-0.32275731739282953,1.2
0.058105810581058126,1.2,-0.3200380202670128,1.2
0.058605860586058656,1.2,-0.3173279346135781,1.2
0.059105910591059185,1.2,-0.3146270292291593,1.2
0.059605960596059715,1.2,-0.3119352730160898,1.2
0.06010601060106002,1.2,-0.3092526349820467,1.2
0.06060606060606055,1.2,-0.3065790842396876,1.2
0.06110611061106108,1.2,-0.30391459000630316,1.2
0.06160616061606161,1.2,-0.30125912160345747,1.2
0.06210621062106214,1.2,-0.29861264845663626,1.2
0.06260626062606267,1.2,-0.295975140094895,1.2
0.0631063106310632,1.2,-0.2933465661505077,1.2
0.06360636063606351,1.2,-0.29072689635861804,1.2
0.06410641064106404,1.2,-0.28811610055688774,1.2
0.06460646064606457,1.2,-0.28551414868515457,1.2
0.0651065106510651,1.2,-0.2829210107850826,1.2
0.06560656065606563,1.2,-0.280336656999818,1.2
0.06610661066106616,1.2,-0.2777610575736458,1.2
0.06660666066606669,1.2,-0.2751941828516463,1.2
0.06710671067106722,1.199842313190959,-0.2726360032793549,1.2
0.06760676067606752,1.198889754237511,-0.27008648940242164,1.2
0.06810681068106805,1.197930616895551,-0.2675456118662687,1.2
0.06860686068606858,1.196964963527055,-0.2650133414157585,1.2
0.06910691069106911,1.195992856193616,-0.26248964889485227,1.2
0.06960696069606964,1.195014356657324,-0.2599745052462765,1.2
0.07010701070107017,1.1940295263816374,-0.25746788151118694,1.2
0.0706070607060707,1.1930384265322598,-0.25496974882883594,1.2
0.07110711071107101,1.1920411179780124,-0.25248007843624143,1.2
0.07160716071607154,1.19103766129171,-0.24999884166785102,1.2
0.07210721072107207,1.190028116751032,-0.24752600995521856,1.2
0.0726072607260726,1.1890125443393988,-0.24506155482667058,1.2
0.07310731073107313,1.1879910037468404,-0.2426054479069808,1.2
0.07360736073607366,1.1869635543708719,-0.24015766091704138,1.2
0.07410741074107419,1.185930255317364,-0.23771816567353898,1.2
0.07460746074607472,1.184891165401415,-0.23528693408862988,1.2
0.07510751075107502,1.18384634314822,-0.23286393816961715,1.2
0.07560756075607555,1.1827958467939432,-0.23044915001862432,1.2
0.07610761076107608,1.181739734286587,-0.22804254183228112,1.2
0.07660766076607661,1.18067806328686,-0.2256440859013984,1.2
0.07710771077107714,1.1796108911690486,-0.22325375461065022,1.2
0.07760776077607767,1.1785382750218827,-0.2208715204382563,1.2
0.0781078107810782,1.1774602716494045,-0.21849735595566488,1.2
0.07860786078607851,1.1763769375718367,-0.21613123382723787,1.2
0.07910791079107904,1.1752883290264466,-0.2137731268099321,1.2
0.07960796079607957,1.174194501968414,-0.21142300775299194,1.2
0.0801080108010801,1.1730955120716964,-0.2090808495976324,1.2
0.08060806080608063,1.1719914147298922,-0.20674662537672872,1.2
0.08110811081108116,1.1708822650571076,-0.20442030821450552,1.2
0.08160816081608169,1.169768117888817,-0.20210187132622803,1.2
0.08210821082108222,1.168649027782729,-0.19979128801789314,1.2
0.08260826082608252,1.167525049019646,-0.1974885316859235,1.2
0.08310831083108305,1.166396235604327,-0.19519357581685648,1.2
0.08360836083608358,1.1652626412663483,-0.19290639398704557,1.2
0.08410841084108411,1.1641243194609627,-0.190626959862352,1.2
0.08460846084608464,1.1629813233699609,-0.1883552471978428,1.2
0.08510851085108517,1.1618337059025285,-0.18609122983748771,1.2
0.0856085608560857,1.160681519696105,-0.18383488171385864,1.2
0.08610861086108601,1.1595248171172399,-0.18158617684783118,1.2
0.08660866086608654,1.1583636502624506,-0.17934508934827997,1.2
0.08710871087108707,1.1571980709590772,-0.17711159341178817,1.2
0.0876087608760876,1.1560281307661384,-0.1748856633223448,1.2
0.08810881088108813,1.1548538809751832,-0.17266727345105137,1.2
0.08860886088608866,1.153675372611148,-0.17045639825582537,1.2
0.08910891089108919,1.152492656433206,-0.16825301228110678,1.2
0.08960896089608972,1.151305782935622,-0.1660570901575651,1.2
0.09010901090109003,1.1501148023485994,-0.1638686066018078,1.2
0.09060906090609055,1.1489197646391338,-0.16168753641608546,1.2
0.09110911091109108,1.1477207195118617,-0.15951385448800837,1.2
0.09160916091609161,1.146517716409906,-0.15734753579025162,1.2
0.09210921092109214,1.1453108045157274,-0.15518855538026965,1.2
0.09260926092609267,1.1441000327519693,-0.15303688840000862,1.2
0.0931093109310932,1.1428854497823029,-0.15089251007561932,1.2
0.09360936093609351,1.141667104012274,-0.14875539571717433,1.2
0.09410941094109404,1.140445043590144,-0.14662552071837842,1.2
0.09460946094609457,1.1392193164077375,-0.14450286055629258,1.2
0.0951095109510951,1.1379899701012794,-0.1423873907910459,1.2
0.09560956095609563,1.136757052052239,-0.14027908706555725,1.2
0.09610961096109616,1.13552060938817,-0.13817792510525329,1.2
0.09660966096609669,1.13428068898355,-0.13608388071778954,1.2
0.09710971097109722,1.1330373374606173,-0.13399692979277156,1.2
0.09760976097609753,1.1317906011902101,-0.1319170483014792,1.2
0.09810981098109806,1.1305405262926023,-0.1298442122965846,1.2
0.09860986098609859,1.1292871586383382,-0.12777839791188383,1.2
0.09910991099109911,1.1280305438490674,-0.12571958136201689,1.2
0.09960996099609964,1.1267707272983785,-0.12366773894219563,1.2
0.10011001100110017,1.1255077541126315,-0.12162284702793047,1.2
0.1006100610061007,1.1242416691717887,-0.11958488207475892,1.2
0.10111011101110101,1.1229725171102456,-0.11755382061797437,1.2
0.10161016101610154,1.1217003423176592,-0.1155296392723536,1.2
0.10211021102110207,1.1204251889397776,-0.11351231473189172,1.2
0.1026102610261026,1.1191471008792664,-0.1115018237695311,1.1993104381568676
0.10311031103110313,1.117866121796534,-0.10949814323689433,1.1976742395881217
0.10361036103610366,1.1165822951105584,-0.107501250064018,1.196036481634954
0.10411041104110419,1.1152956639997107,-0.1055111212590868,1.1943972053570306
0.10461046104610472,1.1140062714025767,-0.10352773390816927,1.192756451564601
0.10511051105110503,1.1127141600187795,-0.10155106517495405,1.1911142608194256
0.10561056105610556,1.111419372309802,-0.09958109230048462,1.1894706734357001
0.10611061106110609,1.1101219504998034,-0.09761779260290104,1.1878257294809793
0.10661066106610662,1.1088219365764376,-0.09566114347717647,1.1861794687770995
0.10711071107110715,1.107519372291674,-0.09371112239485768,1.1845319309010955
0.10761076107610767,1.106214299162611,-0.09176770690380465,1.1828831551861234
0.1081108110811082,1.1049067584722911,-0.08983087462793349,1.1812331807223728
0.10861086108610851,1.1035967912705156,-0.08790060326695837,1.1795820463579856
0.10911091109110904,1.1022844383746568,-0.08597687059613224,1.1779297906999644
0.10961096109610957,1.1009697403704697,-0.08405965446599561,1.1762764521150904
0.1101110111011101,1.099652737612903,-0.08214893280211832,1.1746220687308289
0.11061106110611063,1.0983334702269056,-0.08024468360484616,1.1729666784362391
0.11111111111111116,1.0970119781082395,-0.07834688494904751,1.1713103188828797
0.11161116111611169,1.0956883009242813,-0.07645551498386094,1.169653027485715
0.11211121112111222,1.0943624781148324,-0.07457055193244355,1.167994841424017
0.11261126112611253,1.0930345488929194,-0.07269197409172135,1.1663357976422684
0.11311131113111306,1.0917045522456008,-0.07081975983213584,1.164675932851058
0.11361136113611359,1.0903725269347668,-0.06895388759739973,1.1630152835279843
0.11411141114111412,1.0890385114979395,-0.06709433590424596,1.1613538859185488
0.11461146114611465,1.0877025442490744,-0.0652410833421806,1.1596917760370504
0.11511151115111518,1.0863646632793582,-0.0633941085732368,1.1580289896674785
0.1156115611561157,1.0850249064580046,-0.06155339033172902,1.1563655623644036
0.11611161116111601,1.0836833114330515,-0.05971890742400876,1.154701529453869
0.11661166116611654,1.0823399156321538,-0.05789063872821709,1.1530369260342728
0.11711171117111707,1.0809947562633784,-0.05606856319404718,1.1513717869772595
0.1176117611761176,1.0796478703159957,-0.05425265984249805,1.1497061469286016
0.11811181118111813,1.078299294561268,-0.052442907765633984,1.1480400403090805
0.11861186118611866,1.0769490655532428,-0.050639286126343386,1.1463735013153689
0.11911191119111919,1.0755972196295387,-0.04884177415809987,1.1447065639209086
0.11961196119611972,1.0742437929121313,-0.047050351164722004,1.1430392618767873
0.12011201120112003,1.072888821308141,-0.0452649965201366,1.141371628712614
0.12061206120612056,1.0715323405106154,-0.04348568966813782,1.1397036977373909
0.12111211121112109,1.0701743859993136,-0.0417124101221551,1.138035502040387
0.12161216121612162,1.0688149930414843,-0.03994513746501427,1.136367074492007
0.12211221122112215,1.0674541966926516,-0.0381838513487035,1.1346984477446582
0.12261226122612268,1.0660920317973896,-0.03642853149413827,1.133029654233618
0.1231123112311232,1.0647285329901015,-0.034679157690928886,1.1313607261778968
0.12361236123612351,1.0633637346957951,-0.03293570979714766,1.1296916955811025
0.12411241124112404,1.0619976711308587,-0.03119816773909434,1.1280225942322968
0.12461246124612457,1.060630376303834,-0.029466511511069715,1.126353453706859
0.1251125112511251,1.059261884016188,-0.027740721175141925,1.1246843053673408
0.12561256125612563,1.0578922278630833,-0.02602077686091786,1.123015180364321
0.12611261126112616,1.0565214412341495,-0.024306658765314237,1.1213461096372597
0.1266126612661267,1.0551495573142495,-0.022598347152329334,1.1196771239153485
0.12711271127112722,1.0537766090842464,-0.02089582235281673,1.118008253718361
0.12761276127612753,1.0524026293217696,-0.01919906476425859,1.116339529357503
0.12811281128112806,1.0510276506019773,-0.01750805485053697,1.1146709809362507
0.1286128612861286,1.0496517052983214,-0.01582277314171432,1.1130026383512053
0.12911291129112912,1.0482748255833036,-0.014143200233805442,1.1113345312929264
0.12961296129612965,1.046897043429242,-0.012469316788554896,1.1096666892467781
0.13011301130113018,1.0455183906090242,-0.010801103533214729,1.1079991414937642
0.1306130613061307,1.044138898696866,-0.009138541260322541,1.1063319171113655
0.13111311131113101,1.0427585990690664,-0.007481610827480667,1.104665044974377
0.13161316131613154,1.0413775229047626,-0.005830293157133015,1.1029985537557354
0.13211321132113207,1.039995701186681,-0.004184569236350244,1.1013324719273558
0.1326132613261326,1.0386131647018904,-0.002544420116607271,1.099666827760959
0.13311331133113313,1.0372299440425483,-0.0009098269135660031,1.0980016493288967
0.13361336133613366,1.0358460696066536,0.0007192291931415462,1.0963369645049796
0.1341134113411342,1.0344615715987908,0.0023427669601308043,1.0946728009652997
0.13461346134613472,1.0330764800308754,0.003960805080479968,1.0930091861890516
0.13511351135113503,1.0316908247228986,0.005573362183944719,1.0913461474593538
0.13561356135613556,1.0303046353036698,0.007180456837175664,1.089683711864063
0.1361136113611361,1.0289179412115574,0.008782107543927664,1.0880219062965948
0.13661366136613662,1.0275307716952273,0.010378332745275887,1.0863607574567347
0.13711371137113715,1.026143155814383,0.011969150819827412,1.0847002918514508
0.13761376137613768,1.0247551224405014,0.013554580083932566,1.0830405357957047
0.1381138113811382,1.023366700257567,0.015134638791896082,1.0813815154132587
0.13861386138613851,1.0219779177628074,0.01670934513618688,1.0797232566374841
0.13911391139113904,1.0205888032674237,0.018278717247649456,1.078065785212163
0.13961396139613957,1.0191993848973226,0.019842773195709373,1.076409126692293
0.1401140114011401,1.017809690593845,0.021401530988583328,1.0747533064448884
0.14061406140614063,1.0164197481144923,0.022955008573486202,1.0730983496497775
0.14111411141114116,1.015029585033656,0.024503223836838117,1.0714442813003993
0.1416141614161417,1.0136392287433391,0.02604619460446933,1.0697911262046
0.14211421142114222,1.0122487064538819,0.0275839386418264,1.0681389089854252
0.14261426142614253,1.0108580451946816,0.02911647365417558,1.0664876540819115
0.14311431143114306,1.009467271814914,0.030643817286809483,1.0648373857498734
0.1436143614361436,1.008076412984252,0.03216598712524643,1.0631881280626942
0.14411441144114412,1.0066854951935804,0.03368300069543506,1.06153990491211
0.14461446144614465,1.0052945447557158,0.03519487546395622,1.0598927400089908
0.14511451145114518,1.0039035878061173,0.03670162883822359,1.0582466568841262
0.1456145614561457,1.0025126503036008,0.038203278166683674,1.0566016788890016
0.14611461146114602,1.0011217580310496,0.039699840739015946,1.0549578291965775
0.14661466146614655,0.9997309365961236,0.04119133378633383,1.0533151308020632
0.14711471147114707,0.9983402114319677,0.04267777448137933,1.051673606523694
0.1476147614761476,0.9969496077979191,0.04415917993872315,1.0500332790035003
0.14811481148114813,0.9955591507802091,0.04563556721496176,1.0483941707080784
0.14861486148614866,0.994168865292671,0.0471069533089129,1.0467563039293584
0.1491149114911492,0.9927787760774387,0.04857335516181177,1.04511970078537
0.14961496149614972,0.9913889077056485,0.05003478965750641,1.0434843832210072
0.15011501150115003,0.9899992845781367,0.05149127362265077,1.0418503730087907
0.15061506150615056,0.9886099309261379,0.05294282382690141,1.0402176917496249
0.1511151115111511,0.9872208708119807,0.05438945698310671,1.0385863608735604
0.15161516151615162,0.9858321281297794,0.055831189747501675,1.0369564016405493
0.15211521152115215,0.9844437266061299,0.05726803871989938,1.0353278351411976
0.15261526152615268,0.9830556898007992,0.058700020443881895,1.0337006822975194
0.1531153115311532,0.9816680411074139,0.060127151406990875,1.0320749638636864
0.15361536153615352,0.9802808037541497,0.06154944804091628,1.0304507004267784
0.15411541154115405,0.9788940008044165,0.06296692672168908,1.0288279124075248
0.15461546154615458,0.977507655157543,0.06437960376986512,1.0272066200610561
0.1551155115511551,0.9761217895494615,0.06578749545071572,1.025586843477642
0.15561556155615563,0.9747364265533858,0.06719061797441489,1.023968602583433
0.15611561156115616,0.9733515885804956,0.06858898749622505,1.0223519171412
0.1566156615661567,0.9719672978806122,0.06998262011668399,1.0207368067510703
0.15711571157115722,0.9705835765428756,0.0713715318817898,1.0191232908512626
0.15761576157615753,0.9692004464964205,0.07275573878318431,1.0175113887188214
0.15811581158115806,0.9678179295110488,0.07413525675834132,1.0159011194703431
0.1586158615861586,0.9664360471979035,0.07551010169074474,1.014292502062712
0.15911591159115912,0.9650548210101358,0.07688028941007508,1.0126855552938225
0.15961596159615965,0.9636742722435775,0.0782458356923903,1.0110802978033053
0.16011601160116018,0.962294422037407,0.07960675626030828,1.0094767480732514
0.1606160616061607,0.9609152913748145,0.08096306678318693,1.0078749244289318
0.16111611161116102,0.9595369010836661,0.08231478287730465,1.0062748450395187
0.16161616161616155,0.9581592718371668,0.08366192010604234,1.0046765279187992
0.16211621162116208,0.956782424154521,0.08500449398005899,1.0030799909258956
0.1626162616261626,0.9554063784015929,0.08634251995747266,1.0014852517659747
0.16311631163116314,0.9540311547915612,0.08767601344403775,0.9998923279909615
0.16361636163616367,0.9526567733855785,0.08900498979332272,0.9983012370002468
0.1641164116411642,0.9512832540934248,0.09032946430688654,0.9967119960413963
0.16461646164616472,0.9499106166741591,0.09164945223445486,0.9951246222108553
0.16511651165116503,0.9485388807367718,0.09296496877409532,0.993539132454653
0.16561656165616556,0.9471680657408346,0.09427602907239452,0.9919555435691019
0.1661166116611661,0.9457981909971478,0.0955826482246292,0.9903738722015002
0.16661666166616662,0.9444292756683861,0.09688484127494212,0.9887941348508288
0.16711671167116715,0.943061338769745,0.09818262321651483,0.9872163478684464
0.16761676167616768,0.9416943991695835,0.09947600899174053,0.9856405274587827
0.1681168116811682,0.9403284755900652,0.10076501349239542,0.9840666896800323
0.16861686168616852,0.9389635866077986,0.10204965155981038,0.9824948504448431
0.16911691169116905,0.9375997506544751,0.1033299379850437,0.9809250255210025
0.16961696169616958,0.9362369860175062,0.10460588750904815,0.9793572305321281
0.1701170117011701,0.9348753108406589,0.10587751482284263,0.9777914809583474
0.17061706170617064,0.9335147431246873,0.10714483456768126,0.976227792136982
0.17111711171117117,0.932155300727967,0.10840786133522151,0.974666179263227
0.1716171617161717,0.9307970013671243,0.10966660966769254,0.9731066573908287
0.17211721172117223,0.9294398626176646,0.11092109405806244,0.9715492414327627
0.17261726172617253,0.9280839019145994,0.11217132895020471,0.9699939461619063
0.17311731173117306,0.9267291365530721,0.11341732873906635,0.9684407862117097
0.1736173617361736,0.9253755836889819,0.11465910777083099,0.9668897760768702
0.17411741174117412,0.924023260339604,0.11589668034308559,0.965340930113998
0.17461746174617465,0.9226721833842135,0.11713006070498488,0.9637942625422824
0.17511751175117518,0.9213223695647017,0.11835926305741556,0.9622497874441578
0.1756175617561757,0.9199738354861942,0.11958430155315924,0.9607075187659646
0.17611761176117602,0.9186265976176667,0.1208051902970555,0.9591674703186119
0.17661766176617655,0.9172806722925586,0.12202194334616584,0.9576296557782333
0.17711771177117708,0.9159360757093855,0.1232345747099331,0.9560940886868465
0.1776177617761776,0.9145928239323512,0.12444309835034395,0.954560782453007
0.17811781178117814,0.9132509328919527,0.12564752818208974,0.9530297503524603
0.17861786178617867,0.9119104183855933,0.12684787807272663,0.9515010055287934
0.1791179117911792,0.9105712960781854,0.12804416184283512,0.9499745609940837
0.17961796179617973,0.9092335815027546,0.12923639326617914,0.9484504296295468
0.18011801180118003,0.9078972900610428,0.1304245860698645,0.9469286241861804
0.18061806180618056,0.9065624370241099,0.13160875393449845,0.9454091572854065
0.1811181118111811,0.9052290375329322,0.13278891049434455,0.9438920414197158
0.18161816181618162,0.9038971065989994,0.13396506933748142,0.9423772889533049
0.18211821182118215,0.902566659104913,0.13513724400595872,0.9408649121227133
0.18261826182618268,0.901237709804979,0.1363054479959535,0.9393549230374599
0.1831183118311832,0.8999102733258012,0.13746969475792487,0.9378473336806761
0.18361836183618352,0.8985843641668723,0.13862999769676887,0.9363421559097375
0.18411841184118405,0.8972599967011636,0.1397863701719747,0.9348394014568917
0.18461846184618458,0.8959371851757127,0.14093882549777553,0.9333390819298896
0.1851185118511851,0.8946159437122109,0.14208737694330376,0.9318412088126085
0.18561856185618564,0.8932962863075848,0.1432320377327433,0.9303457934656763
0.18611861186118617,0.8919782268345835,0.14437282104548177,0.9288528471270942
0.1866186618661867,0.8906617790423573,0.14550974001626255,0.9273623809128559
0.18711871187118723,0.8893469565570387,0.1466428077353355,0.9258744058175667
0.18761876187618753,0.888033772882319,0.1477720372486076,0.9243889327150592
0.18811881188118806,0.8867222414000269,0.14889744155779522,0.9229059723590051
0.1886188618861886,0.8854123753707026,0.15001903362057029,0.9214255353835322
0.18911891189118912,0.8841041879341688,0.15113682635071196,0.919947632303832
0.18961896189618965,0.8827976921101067,0.15225083261825473,0.9184722735167681
0.19011901190119018,0.8814929007986229,0.15336106524963644,0.9169994693014833
0.1906190619061907,0.8801898267808184,0.1544675370278461,0.9155292298200048
0.19111911191119102,0.8788884827193558,0.15557026069257057,0.914061565117847
0.19161916191619155,0.877588881159024,0.15666924894034306,0.9125964851246093
0.19211921192119208,0.8762910345273022,0.15776451442468664,0.9111339996545806
0.1926192619261926,0.8749949551349219,0.15885606975626176,0.9096741184073318
0.19311931193119314,0.8737006551764247,0.15994392750301073,0.908216850968313
0.19361936193619367,0.8724081467307252,0.1610281001903029,0.9067622068094461
0.1941194119411942,0.871117441761665,0.16210860030107832,0.9053101952897167
0.19461946194619473,0.8698285521185687,0.16318544027599202,0.903860825655763
0.19511951195119503,0.8685414895367981,0.16425863251355632,0.9024141070424644
0.19561956195619556,0.8672562656383038,0.16532818937028582,0.9009700484735241
0.1961196119611961,0.8659728919321766,0.16639412316083657,0.8995286588620579
0.19661966196619662,0.8646913798151944,0.16745644615814992,0.8980899470111721
0.19711971197119715,0.8634117405723721,0.16851517059359317,0.896653921614545
0.19761976197619768,0.8621339853775059,0.16957030865710054,0.895220591257005
0.1981198119811982,0.8608581252937169,0.1706218724973138,0.8937899644151068
0.19861986198619852,0.8595841712739944,0.17166987422172097,0.892362049457706
0.19911991199119905,0.8583121341617365,0.17271432589679836,0.8909368546465298
0.19961996199619958,0.857042024691289,0.17375523954814603,0.8895143881367507
0.2001200120012001,0.8557738534884837,0.17479262716062866,0.888094657977553
0.20062006200620064,0.8545076310711721,0.1758265006785127,0.8866776721127009
0.20112011201120117,0.8532433678497632,0.17685687200560424,0.8852634383811022
0.2016201620162017,0.851981074127754,0.17788375300538578,0.8838519645173726
0.20212021202120223,0.850720760102261,0.1789071555011526,0.8824432581523967
0.20262026202620254,0.84946243586455,0.17992709127614925,0.8810373268138876
0.20312031203120307,0.8482061114005633,0.18094357207370632,0.8796341779269421
0.2036203620362036,0.8469517965914479,0.18195660959737292,0.8782338188146008
0.20412041204120412,0.8456995012140764,0.1829662155110539,0.8768362566983987
0.20462046204620465,0.8444492349415746,0.183972401439143,0.8754414986989172
0.20512051205120518,0.8432010073438403,0.184975178966657,0.8740495518363365
0.2056205620562057,0.8419548278880635,0.18597455963936893,0.8726604230309811
0.20612061206120602,0.8407107059392451,0.18697055496394105,0.8712741191038689
0.20662066206620655,0.8394686507607133,0.18796317640805832,0.869890646777252
0.20712071207120708,0.838228671514639,0.1889524354005585,0.8685100126751644
0.2076207620762076,0.8369907772625493,0.18993834333156506,0.8671322233239591
0.20812081208120814,0.8357549769658376,0.19092091155261826,0.8657572851528488
0.20862086208620867,0.8345212794862769,0.19190015137680533,0.8643852044944422
0.2091209120912092,0.8332896935865267,0.19287607407889118,0.8630159875852803
0.20962096209620973,0.83206022793064,0.19384869089544815,0.8616496405663696
0.21012101210121004,0.8308328910845695,0.1948180130249848,0.8602861694837143
0.21062106210621057,0.8296076915166708,0.1957840516280765,0.8589255802888436
0.2111211121112111,0.8283846375982058,0.1967468178274917,0.8575678788393439
0.21162116211621163,0.8271637376038412,0.19770632270832128,0.8562130708993827
0.21212121212121215,0.8259449997121504,0.19866257731810616,0.854861162140233
0.21262126212621268,0.8247284320061098,0.19961559266696427,0.8535121581407963
0.21312131213121321,0.823514042473594,0.20056537972771726,0.8521660643881235
0.21362136213621352,0.8223018390078717,0.2015119494360167,0.8508228862779341
0.21412141214121405,0.8210918294080971,0.20245531269047118,0.8494826291151316
0.21462146214621458,0.8198840213798024,0.20339548035277,0.8481452981143225
0.2151215121512151,0.8186784225353869,0.20433246324780907,0.846810898400326
0.21562156215621564,0.8174750403946035,0.20526627216381593,0.8454794350086883
0.21612161216121617,0.8162738823850482,0.2061969178524733,0.8441509128861919
0.2166216621662167,0.8150749558426433,0.2071244110290434,0.8428253368913632
0.21712171217121723,0.8138782680121209,0.2080487623724907,0.8415027117949798
0.21762176217621754,0.8126838260475042,0.20896998252560517,0.8401830422805749
0.21812181218121807,0.8114916370125891,0.2098880820951261,0.8388663329449384
0.2186218621862186,0.8103017078814216,0.21080307165186174,0.8375525882986208
0.21912191219121913,0.8091140455387749,0.21171496173081256,0.8362418127664308
0.21962196219621966,0.8079286567806254,0.21262376283129264,0.8349340106879327
0.22012201220122019,0.8067455483146275,0.2135294854170498,0.8336291863179428
0.22062206220622071,0.8055647267605841,0.2144321399163867,0.8323273438270226
0.22112211221122102,0.8043861986509184,0.21533173672228034,0.8310284873019719
0.22162216221622155,0.8032099704311438,0.21622828619250306,0.829732620746317
0.22212221222122208,0.8020360484603306,0.21712179864973985,0.8284397480808026
0.2226222622262226,0.800864439011573,0.21801228438170828,0.827149873143876
0.22312231223122314,0.7996951482724518,0.21889975364127706,0.8258629996921734
0.22362236223622367,0.7985281823455007,0.21978421664658382,0.8245791314010029
0.2241224122412242,0.7973635472486655,0.22066568358115285,0.8232982718648261
0.22462246224622473,0.7962012489157644,0.221544164594012,0.8220204245977378
0.22512251225122504,0.795041293196947,0.22241966979980976,0.8207455930339451
0.22562256225622557,0.7938836858591509,0.22329220927893295,0.8194737805282413
0.2261226122612261,0.7927284325865573,0.22416179307762035,0.8182049903564829
0.22662266226622663,0.7915755389810434,0.22502843120807997,0.816939225716062
0.22712271227122716,0.790425010562637,0.2258921336486041,0.8156764897263769
0.22762276227622769,0.789276852769966,0.22675291034368417,0.814416785429301
0.22812281228122822,0.7881310709607073,0.22761077120412504,0.8131601157896519
0.22862286228622852,0.7869876704120351,0.22846572610715904,0.8119064836956564
0.22912291229122905,0.7858466563210669,0.22931778489656074,0.8106558919594137
0.22962296229622958,0.7847080338053081,0.23016695738275883,0.8094083433173602
0.2301230123012301,0.7835718079030951,0.23101325334294953,0.808163840430729
0.23062306230623064,0.7824379835740363,0.23185668252120956,0.8069223858860086
0.23112311231123117,0.7813065656994533,0.23269725462860835,0.8056839821954007
0.2316231623162317,0.7801775590828189,0.2335349793433193,0.8044486317972761
0.23212321232123223,0.7790509684501942,0.23436986631073148,0.8032163370566281
0.23262326232623254,0.7779267984506636,0.23520192514356053,0.8019871002655252
0.23312331233123307,0.7768050536567694,0.23603116542196056,0.8007609236435604
0.2336233623362336,0.7756857385649452,0.2368575966936325,0.7995378093383019
0.23412341234123413,0.7745688575959431,0.23768122847393502,0.7983177594257393
0.23462346234623466,0.7734544150952687,0.23850207024599424,0.7971007759107285
0.2351235123512352,0.7723424153336049,0.2393201314608126,0.7958868607274363
0.23562356235623572,0.7712328625072402,0.24013542153737788,0.7946760157397823
0.23612361236123602,0.7701257607384933,0.24094794986277107,0.7934682427418795
0.23662366236623655,0.769021114076136,0.2417577257922761,0.7922635434584708
0.23712371237123708,0.7679189264958166,0.24256475864948523,0.79106191954537
0.2376237623762376,0.7668192019004791,0.24336905772640793,0.7898633725898941
0.23812381238123814,0.7657219441207821,0.2441706322835776,0.7886679041112981
0.23862386238623867,0.7646271569155174,0.24496949155015785,0.7874755155612068
0.2391239123912392,0.7635348439720256,0.24576564472404927,0.7862862083240452
0.23962396239623973,0.7624450089066106,0.24655910097199485,0.7850999837174673
0.24012401240124004,0.7613576552649524,0.2473498694296855,0.7839168429927839
0.24062406240624057,0.7602727865225187,0.2481379592018665,0.7827367873353848
0.2411241124112411,0.7591904060849766,0.24892337936244013,0.7815598178651674
0.24162416241624163,0.7581105172885976,0.24970613895457178,0.7803859356369554
0.24212421242124216,0.7570331234006689,0.25048624699079364,0.7792151416409201
0.2426242624262427,0.7559582276198966,0.2512637124531083,0.7780474368029997
0.24312431243124322,0.7548858330768111,0.25203854429309247,0.7768828219853156
0.24362436243624352,0.7538159428341691,0.2528107514319993,0.7757212979865895
0.24412441244124405,0.752748559887355,0.253580342760863,0.7745628655425543
0.24462446244624458,0.7516836871647814,0.2543473271405986,0.7734075253263701
0.2451245124512451,0.7506213275282876,0.2551117134021057,0.772255277949033
0.24562456245624564,0.7495614837735343,0.25587351034636974,0.7711061239597838
0.24612461246124617,0.7485041586304024,0.2566327267445633,0.7699600638465163
0.2466246624662467,0.747449354763385,0.257389371338147,0.7688170980361824
0.24712471247124723,0.7463970747719807,0.2581434528389702,0.7676772268951972
0.24762476247624754,0.7453473211910842,0.25889497992937116,0.7665404507298416
0.24812481248124807,0.7443000964913765,0.25964396126227807,0.7654067697866607
0.2486248624862486,0.7432554030797137,0.2603904054613069,0.7642761842528673
0.24912491249124913,0.7422132432995114,0.26113432112086177,0.7631486942567374
0.24962496249624966,0.7411736194311335,0.2618757168062339,0.7620242998680067
0.2501250125012502,0.7401365336922741,0.2626146010536998,0.7609030010982649
0.2506250625062507,0.7391019882383405,0.2633509823706202,0.7597847979013497
0.251125112511251,0.738069985162834,0.26408486923553687,0.7586696901737379
0.25162516251625155,0.73704052649773,0.264816270098272,0.7575576777549335
0.2521252125212521,0.7360136142138567,0.2655451933800238,0.7564487604278598
0.2526252625262526,0.734989250221271,0.2662716474734642,0.7553429379192425
0.25312531253125314,0.7339674363696337,0.26699564074283544,0.754240209899997
0.2536253625362537,0.732948174448585,0.26771718152404633,0.7531405759856111
0.2541254125412542,0.7319314661881161,0.26843627812476833,0.7520440357365272
0.25462546254625473,0.7309173132589404,0.26915293882453106,0.750950588658523
0.25512551255125504,0.7299057172728636,0.26986717187481724,0.7498602342030908
0.25562556255625557,0.728896679783152,0.2705789854991594,0.7487729717678127
0.2561256125612561,0.7278902022848995,0.27128838789323195,0.7476888006967395
0.25662566256625663,0.7268862862153924,0.2719953872249475,0.7466077202807636
0.25712571257125716,0.725884932954475,0.27269999163455017,0.7455297297579911
0.2576257625762577,0.7248861438249118,0.2734022092347095,0.7444548283141142
0.2581258125812582,0.7238899200927483,0.27410204811061367,0.7433830150827798
0.2586258625862585,0.7228962629676723,0.2747995163200627,0.7423142891459589
0.25912591259125906,0.721905173603371,0.2754946218935619,0.7412486495343106
0.2596259625962596,0.7209166530978894,0.27618737283441286,0.7401860952275512
0.2601260126012601,0.7199307024939865,0.2768777771188067,0.7391266251548146
0.26062606260626064,0.7189473227794874,0.2775658426959156,0.7380702381950156
0.2611261126112612,0.7179665148876395,0.2782515774879844,0.7370169331772101
0.2616261626162617,0.7169882796974628,0.27893498939042183,0.7359667088809542
0.26212621262126223,0.7160126180341001,0.2796160862718911,0.7349195640366619
0.26262626262626254,0.7150395306691664,0.2802948759744007,0.7338754973259614
0.26312631263126307,0.7140690183210963,0.2809713663133955,0.7328345073820478
0.2636263626362636,0.7131010816554912,0.2816455650778452,0.731796592790039
0.26412641264126413,0.7121357212854618,0.2823174800303349,0.7307617520873253
0.26462646264626466,0.7111729377719751,0.28298711890715456,0.72972998376392
0.2651265126512652,0.7102127316241942,0.28365448941838767,0.7287012862628075
0.2656265626562657,0.7092551032998199,0.28431959924800054,0.7276756579802912
0.266126612661266,0.7083000532054302,0.2849824560539297,0.726653097266339
0.26662666266626656,0.7073475816968187,0.28564306746817214,0.7256336024249259
0.2671267126712671,0.7063976890793311,0.28630144109687083,0.7246171717143788
0.2676267626762676,0.7054503756082013,0.2869575845204036,0.7236038033477169
0.26812681268126815,0.7045056414888838,0.2876115052934701,0.7225934954929908
0.2686268626862687,0.7035634868773895,0.28826321094517915,0.7215862462736213
0.2691269126912692,0.7026239118806146,0.2889127089791347,0.7205820537687366
0.26962696269626973,0.7016869165566721,0.2895600068735229,0.7195809160135067
0.27012701270127004,0.7007525009152207,0.2902051120811976,0.7185828309994786
0.27062706270627057,0.6998206649177914,0.2908480320297675,0.7175877966749066
0.2711271127112711,0.6988914084781148,0.2914887741216796,0.716595810945086
0.27162716271627163,0.6979647314624446,0.2921273457343059,0.715606871672681
0.27212721272127216,0.6970406336898831,0.29276375422002787,0.7146209766780534
0.2726272627262727,0.6961191149327021,0.29339800690632134,0.7136381237395889
0.2731273127312732,0.6952001749166642,0.29403011109584065,0.712658310594023
0.2736273627362735,0.6942838133213426,0.2946600740665024,0.7116815349367648
0.27412741274127406,0.6933700297804393,0.2952879030715707,0.7107077944222178
0.2746274627462746,0.6924588238821026,0.29591360533973854,0.7097370866641036
0.2751275127512751,0.6915501951692423,0.29653718807521257,0.7087694092357801
0.27562756275627565,0.6906441431398439,0.29715865845779543,0.7078047596705597
0.2761276127612762,0.689740667247283,0.29777802364296857,0.7068431354620259
0.2766276627662767,0.6888397669006363,0.2983952907619749,0.7058845340643494
0.27712771277127723,0.6879414414649927,0.2990104669219003,0.7049289528926017
0.27762776277627754,0.6870456902617619,0.2996235592057556,0.7039763893230683
0.27812781278127807,0.6861525125689831,0.3002345746725592,0.7030268406935574
0.2786278627862786,0.6852619076216324,0.3008435203574167,0.7020803043037138
0.27912791279127913,0.6843738746119254,0.30145040327160266,0.7011367774153242
0.27962796279627966,0.683488412689626,0.3020552304026416,0.7001962572526257
0.2801280128012802,0.6826055209623456,0.3026580087143881,0.6992587410026107
0.2806280628062807,0.6817251984958463,0.303258745147107,0.6983242258153315
0.28112811281128103,0.6808474443143417,0.30385744661755315,0.697392708804204
0.28162816281628156,0.6799722574007951,0.30445412001905203,0.6964641870463075
0.2821282128212821,0.6790996366972182,0.30504877222157756,0.6955386575826865
0.2826282628262826,0.6782295811049679,0.30564141007183226,0.6946161174186495
0.28312831283128315,0.6773620894850398,0.3062320403933259,0.6936965635240652
0.2836283628362837,0.6764971606583658,0.30682066998645385,0.6927799928336601
0.2841284128412842,0.6756347934061044,0.30740730562857566,0.6918664022473122
0.28462846284628474,0.6747749864699333,0.30799195407409263,0.6909557886303452
0.28512851285128504,0.6739177385523396,0.30857462205452607,0.6900481488138208
0.2856285628562856,0.6730630483169093,0.30915531627859505,0.6891434795948272
0.2861286128612861,0.6722109143886159,0.30973404343229266,0.6882417777367724
0.28662866286628663,0.6713613353541049,0.31031081017896367,0.6873430399696692
0.28712871287128716,0.6705143097619823,0.3108856231593811,0.686447262990423
0.2876287628762877,0.6696698361230975,0.3114584889918228,0.6855544434631177
0.2881288128812882,0.6688279129108257,0.3120294142721477,0.6846645780192993
0.28862886288628853,0.6679885385613511,0.312598405573871,0.6837776632582587
0.28912891289128906,0.6671517114739471,0.3131654694482416,0.6828936957473131
0.2896289628962896,0.6663174300112555,0.3137306124243153,0.6820126720220867
0.2901290129012901,0.6654856924995656,0.3142938410090316,0.6811345885867895
0.29062906290629065,0.6646564972290888,0.314855161687288,0.6802594419144948
0.2911291129112912,0.6638298424542384,0.3154145809220148,0.6793872284474153
0.2916291629162917,0.6630057263939009,0.31597210515424934,0.6785179445971781
0.29212921292129224,0.6621841472317112,0.31652774080321033,0.6776515867450986
0.29262926292629254,0.6613651031163241,0.31708149426637167,0.6767881512424537
0.2931293129312931,0.6605485921616858,0.31763337191953667,0.6759276344107505
0.2936293629362936,0.659734612447304,0.3181833801169104,0.6750700325419995
0.29412941294129413,0.6589231620185148,0.3187315251911733,0.6742153418989805
0.29462946294629466,0.658114238886753,0.31927781345355466,0.6733635587155115
0.2951295129512952,0.6573078410298168,0.3198222511939046,0.6725146791967136
0.2956295629562957,0.656503966392133,0.32036484468076665,0.671668699519277
0.29612961296129603,0.6557026128850216,0.32090560016144976,0.6708256158317241
0.29662966296629656,0.6549037783869579,0.3214445238621014,0.6699854242546699
0.2971297129712971,0.6541074607438349,0.32198162198777724,0.6691481208810867
0.2976297629762976,0.6533136577692236,0.32251690072251415,0.6683137017765607
0.29812981298129815,0.6525223672446312,0.32305036622940086,0.667482162979552
0.2986298629862987,0.6517335869197615,0.3235820246506488,0.6666535005016517
0.2991299129912992,0.6509473145127702,0.3241118821076633,0.6658277103278375
0.29962996299629974,0.6501635477105214,0.32463994470111346,0.6650047884167287
0.30013001300130004,0.6493822841688421,0.3251662185110027,0.6641847307008407
0.3006300630063006,0.6486035215127762,0.3256907095967393,0.6633675330868347
0.3011301130113011,0.6478272573368368,0.3262134239972049,0.6625531914557722
0.30163016301630163,0.6470534892052562,0.32673436773082515,0.6617417016633628
0.30213021302130216,0.6462822146522388,0.32725354679563845,0.6609330595402131
0.3026302630263027,0.6455134311822079,0.3277709671693652,0.6601272608920749
0.3031303130313032,0.6447471362700543,0.32828663480947673,0.6593243015000904
0.30363036303630353,0.6439833273613834,0.32880055565326327,0.6585241771210386
0.30413041304130406,0.6432220018727601,0.32931273561790375,0.6577268834875772
0.3046304630463046,0.6424631571919543,0.32982318060053206,0.6569324163084873
0.3051305130513051,0.641706790678184,0.3303318964783064,0.6561407712689136
0.30563056305630565,0.6409528996623561,0.33083888910847614,0.6553519440306053
0.3061306130613062,0.6402014814473104,0.33134416432844954,0.6545659302321543
0.3066306630663067,0.6394525333080576,0.3318477279558611,0.6537827254892339
0.30713071307130724,0.6387060524920192,0.3323495857886383,0.6530023253948354
0.30763076307630755,0.6379620362192647,0.3328497436050683,0.6522247255195033
0.3081308130813081,0.6372204816827494,0.33334820716386526,0.6514499214115692
0.3086308630863086,0.636481386048549,0.3338449822042353,0.6506779085973865
0.30913091309130913,0.6357447464560941,0.3343400744459435,0.6499086825815608
0.30963096309630966,0.6350105600184055,0.33483348958937964,0.6491422388471816
0.3101310131013102,0.6342788238223246,0.3353252333156237,0.6483785728560516
0.3106310631063107,0.6335495349287457,0.3358153112865112,0.6476176800489156
0.31113111311131103,0.632822690372846,0.3363037291446985,0.6468595558456878
0.31163116311631156,0.632098287164315,0.3367904925137282,0.646104195645677
0.3121312131213121,0.6313763222875821,0.33727560699809295,0.6453515948278132
0.3126312631263126,0.6306567927020448,0.33775907818330053,0.6446017487508713
0.31313131313131315,0.6299396953422922,0.3382409116359384,0.6438546527536925
0.3136313631363137,0.6292250271183328,0.33872111290373713,0.6431103021554074
0.3141314131413142,0.6285127849158171,0.339199687515635,0.6423686922556562
0.31463146314631474,0.6278029655962596,0.3396766409818411,0.6416298183348075
0.31513151315131505,0.6270955659972614,0.3401519787938988,0.6408936756541774
0.3156315631563156,0.6263905829327309,0.3406257064247499,0.6401602594562459
0.3161316131613161,0.6256880131931034,0.3410978293287962,0.6394295649648735
0.31663166316631663,0.6249878535455583,0.34156835294196314,0.6387015873855156
0.31713171317131716,0.6242901007342389,0.34203728268176237,0.6379763219054371
0.3176317631763177,0.6235947514804672,0.34250462394735404,0.6372537636939243
0.3181318131813182,0.62290180248296,0.3429703821196088,0.6365339079024966
0.31863186318631853,0.6222112504180431,0.3434345625611698,0.6358167496651179
0.31913191319131906,0.6215230919398645,0.3438971706165151,0.6351022840984043
0.3196319631963196,0.6208373236806073,0.34435821161201796,0.634390506301834
0.3201320132013201,0.6201539422507005,0.34481769085600916,0.6336814113579537
0.32063206320632065,0.6194729442390289,0.3452756136388377,0.6329749943325853
0.3211321132113212,0.6187943262131435,0.34573198523293186,0.6322712502750303
0.3216321632163217,0.6181180847194689,0.3461868108928598,0.6315701742182738
0.32213221322132224,0.6174442162835109,0.3466400958553902,0.6308717611791881
0.32263226322632255,0.6167727174100623,0.3470918453395522,0.6301760061587343
0.3231323132313231,0.6161035845834086,0.3475420645466963,0.6294829041421617
0.3236323632363236,0.6154368142675322,0.34799075866055323,0.6287924500992095
0.32413241324132414,0.6147724029063144,0.3484379328472943,0.6281046389843044
0.32463246324632467,0.6141103469237394,0.3488835922555906,0.6274194657367584
0.3251325132513252,0.6134506427240947,0.34932774201667255,0.6267369252809651
0.3256325632563257,0.612793286692171,0.3497703872443885,0.6260570125265952
0.32613261326132603,0.6121382751934619,0.35021153303526403,0.6253797223687912
0.32663266326632656,0.6114856045743615,0.3506511844685609,0.6247050496883599
0.3271327132713271,0.6108352711623628,0.35108934660633473,0.6240329893519662
0.3276327632763276,0.6101872712662528,0.3515260244934938,0.6233635362123231
0.32813281328132815,0.6095416011763077,0.3519612231578569,0.6226966851083828
0.3286328632863287,0.6088982571644888,0.3523949476102115,0.6220324308655253
0.3291329132913292,0.6082572354846341,0.35282720284437147,0.6213707682957469
0.32963296329632974,0.6076185323726513,0.3532579938372341,0.6207116921978474
0.33013301330133005,0.6069821440467097,0.35368732554883753,0.6200551973576165
0.3306330633063306,0.6063480667074297,0.3541152029224189,0.6194012785480176
0.3311331133113311,0.6057162965380731,0.35454163088446955,0.6187499305293741
0.33163316331633164,0.6050868297047308,0.3549666143447929,0.6181011480495509
0.33213321332133217,0.604459662356511,0.3553901581965606,0.6174549258441371
0.3326332633263327,0.6038347906257261,0.35581226731636917,0.616811258636627
0.3331333133313332,0.6032122106280771,0.3562329465642956,0.6161701411386
0.33363336333633353,0.6025919184628395,0.3566522007839537,0.6155315680499005
0.33413341334133406,0.6019739102130468,0.3570700348025502,0.6148955340588146
0.3346334633463346,0.6013581819456729,0.35748645343093943,0.6142620338422484
0.3351335133513351,0.6007447297118146,0.3579014614636795,0.6136310620659045
0.33563356335633565,0.6001335495468716,0.35831506367908694,0.6130026133844553
0.3361336133613362,0.5995246374707279,0.35872726483929224,0.6123766824417194
0.3366336633663367,0.5989179894879297,0.3591380696902944,0.611753263870833
0.33713371337133724,0.5983136015878643,0.35954748296201544,0.6111323522944234
0.33763376337633755,0.5977114697449368,0.3599555093683551,0.61051394232478
0.3381338133813381,0.5971115899187472,0.3603621536072452,0.6098980285640231
0.3386338633863386,0.596513958054265,0.36076742036070353,0.6092846056042758
0.33913391339133914,0.5959185700820036,0.3611713142948876,0.6086736680278305
0.33963396339633967,0.595325421918195,0.3615738400601487,0.6080652104073172
0.3401340134013402,0.5947345094649614,0.36197500229108526,0.6074592273058694
0.3406340634063407,0.5941458286104878,0.3623748056065962,0.6068557132772899
0.34113411341134103,0.5935593752291919,0.36277325460993426,0.6062546628662159
0.34163416341634156,0.5929751451818948,0.36317035388875907,0.605656070608281
0.3421342134213421,0.59239313431599,0.3635661080151895,0.6050599310302799
0.3426342634263426,0.5918133384656119,0.3639605215458568,0.604466238650329
0.34313431343134315,0.5912357534518013,0.36435359902195685,0.6038749879780275
0.3436343634363437,0.5906603750826745,0.3647453449693024,0.6032861735146172
0.3441344134413442,0.590087199153587,0.3651357638983753,0.6026997897531416
0.34463446344634474,0.5895162214472988,0.3655248603043785,0.6021158311786038
0.34513451345134505,0.5889474377341376,0.3659126386672872,0.601534292268124
0.3456345634563456,0.5883808437721627,0.36629910345190186,0.6009551674910949
0.3461346134613461,0.5878164353073261,0.3666842591078978,0.600378451309338
0.34663466346634664,0.5872542080736333,0.3670681100698777,0.5998041381772572
0.34713471347134717,0.5866941577933051,0.3674506607574223,0.5992322225419932
0.3476347634763477,0.586136280176936,0.3678319155751409,0.5986626988435746
0.3481348134813482,0.5855805709236523,0.3682118789127228,0.5980955615150714
0.34863486348634853,0.5850270257212711,0.3685905551449872,0.5975308049827442
0.34913491349134906,0.5844756402464557,0.36896794863193405,0.596968423666195
0.3496349634963496,0.5839264101648728,0.369344063718794,0.5964084119785158
0.3501350135013501,0.583379331131347,0.3697189047360785,0.5958507643264372
0.35063506350635065,0.5828343987900146,0.37009247599962924,0.5952954751104753
0.3511351135113512,0.5822916087744784,0.3704647818106688,0.5947425387250775
0.3516351635163517,0.5817509567079591,0.3708358264558491,0.5941919495587693
0.35213521352135224,0.5812124382034476,0.3712056142073016,0.5936437019942977
0.35263526352635255,0.5806760488638558,0.37157414932268584,0.5930977904087757
0.3531353135313531,0.5801417842821667,0.3719414360452393,0.5925542091738243
0.3536353635363536,0.5796096400415838,0.37230747860382524,0.5920129526557155
0.35413541354135414,0.5790796117156788,0.372672281212982,0.5914740152155129
0.35463546354635467,0.5785516948685404,0.37303584807297135,0.5909373912092122
0.3551355135513552,0.5780258850549204,0.373398183369827,0.5904030749878804
0.3556355635563557,0.5775021778203795,0.37375929127540264,0.5898710608977942
0.35613561356135603,0.5769805687014328,0.37411917594741995,0.589341343280579
0.35663566356635656,0.5764610532256942,0.3744778415295168,0.5888139164733432
0.3571357135713571,0.5759436269120195,0.37483529215129463,0.5882887748088172
0.3576357635763576,0.5754282852706499,0.37519153192836585,0.5877659126154868
0.35813581358135815,0.5749150238033526,0.3755465649624017,0.5872453242177282
0.3586358635863587,0.5744038380035631,0.375900395341179,0.5867270039359409
0.3591359135913592,0.5738947233565254,0.3762530271386278,0.5862109460866815
0.35963596359635974,0.5733876753394309,0.3766044644148776,0.5856971449827943
0.36013601360136005,0.5728826894215578,0.3769547112163043,0.5851855949335439
0.3606360636063606,0.5723797610644082,0.37730377157557765,0.5846762902447434
0.3611361136113611,0.5718788857218466,0.37765164951170627,0.5841692252188859
0.36163616361636164,0.5713800588402341,0.3779983490300847,0.5836643941552718
0.36213621362136217,0.5708832758585666,0.37834387412253967,0.5831617913501372
0.3626362636263627,0.5703885322086075,0.3786882287673755,0.5826614110967804
0.36313631363136323,0.569895823315023,0.3790314169294206,0.5821632476856887
0.36363636363636354,0.5694051445955144,0.3793734425600722,0.5816672954046634
0.36413641364136407,0.5689164914609514,0.3797143095973431,0.581173548538944
0.3646364636463646,0.5684298593155032,0.3800540219659057,0.580682001371333
0.3651365136513651,0.56794524355677,0.380392583577138,0.5801926481823181
0.36563656365636565,0.5674626395759125,0.38072999832916843,0.5797054832501947
0.3661366136613662,0.5669820427577816,0.3810662701069206,0.5792205008511874
0.3666366636663667,0.5665034484810477,0.3814014027821584,0.5787376952595702
0.36713671367136724,0.5660268521183276,0.3817354002135301,0.5782570607477873
0.36763676367636755,0.5655522490363122,0.38206826624661294,0.577778591586571
0.3681368136813681,0.5650796345958927,0.38240000471395785,0.5773022820450607
0.3686368636863686,0.5646090041522869,0.38273061943513287,0.5768281263909206
0.36913691369136914,0.5641403530551625,0.38306011421676756,0.5763561188904562
0.36963696369636967,0.5636736766487632,0.3833884928525967,0.5758862538087302
0.3701370137013702,0.5632089702720311,0.3837157591235041,0.5754185254096778
0.37063706370637073,0.5627462292587294,0.38404191679756583,0.5749529279562215
0.37113711371137104,0.5622854489375646,0.3843669696300938,0.5744894557103849
0.37163716371637157,0.5618266246323078,0.38469092136367955,0.5740281029334046
0.3721372137213721,0.5613697516619148,0.3850137757282361,0.5735688638858438
0.3726372637263726,0.5609148253406465,0.38533553644104185,0.5731117328277032
0.37313731373137315,0.560461840978187,0.38565620720678323,0.5726567040185317
0.3736373637363737,0.5600107938797629,0.38597579171759705,0.5722037717175367
0.3741374137413742,0.5595616793462608,0.3862942936531134,0.5717529301836927
0.37463746374637474,0.5591144926743435,0.38661171668049765,0.5713041736758506
0.37513751375137505,0.5586692291565669,0.38692806445449285,0.5708574964528454
0.3756375637563756,0.5582258840814952,0.3872433406174621,0.5704128927736025
0.3761376137613761,0.5577844527338157,0.3875575487994298,0.5699703568972448
0.37663766376637664,0.5573449303944527,0.387870692618124,0.5695298830831985
0.37713771377137717,0.556907312340681,0.38818277567901804,0.5690914655912972
0.3776377637763777,0.556471593846239,0.3884938015753716,0.5686550986818866
0.37813781378137823,0.5560377701814402,0.38880377388827264,0.5682207766159281
0.37863786378637854,0.5556058366132841,0.38911269618667815,0.5677884936551013
0.37913791379137907,0.5551757884055679,0.3894205720274559,0.5673582440619057
0.3796379637963796,0.5547476208189953,0.38972740495542446,0.5669300220997628
0.3801380138013801,0.5543213291112866,0.39003319850339485,0.5665038220331167
0.38063806380638066,0.5538969085372862,0.3903379561922107,0.5660796381275329
0.3811381138113812,0.5534743543490717,0.39064168153078893,0.565657464649799
0.3816381638163817,0.5530536617960599,0.39094437801616055,0.5652372958680227
0.38213821382138224,0.5526348261251143,0.39124604913351013,0.5648191260517293
0.38263826382638255,0.5522178425806503,0.39154669835621647,0.5644029494719595
0.3831383138313831,0.5518027064047406,0.3918463291458929,0.5639887604013647
0.3836383638363836,0.5513894128372195,0.3921449449524262,0.5635765531143049
0.38413841384138414,0.5509779571157867,0.39244254921401706,0.5631663218869416
0.38463846384638467,0.5505683344761109,0.3927391453572193,0.5627580609973338
0.3851385138513852,0.5501605401519317,0.3930347367969798,0.5623517647255312
0.38563856385638573,0.5497545693751622,0.3933293269366772,0.561947427353667
0.38613861386138604,0.5493504173759894,0.39362291916816133,0.5615450431660511
0.38663866386638657,0.5489480793829752,0.3939155168717927,0.5611446064492608
0.3871387138713871,0.5485475506231561,0.39420712341648073,0.5607461114922331
0.3876387638763876,0.5481488263221426,0.39449774215972283,0.5603495525863542
0.38813881388138816,0.5477519017042173,0.39478737644764317,0.5599549240255501
0.3886388638863887,0.5473567719924339,0.39507602961503097,0.5595622201063749
0.3891389138913892,0.5469634324087135,0.39536370498537926,0.5591714351280999
0.38963896389638975,0.5465718781739418,0.39565040587092276,0.5587825633928011
0.39013901390139005,0.5461821045080648,0.395936135572676,0.5583955992054468
0.3906390639063906,0.5457941066301847,0.396220897380472,0.5580105368739832
0.3911391139113911,0.5454078797586541,0.39650469457299925,0.5576273707094216
0.39163916391639164,0.5450234191111705,0.3967875304178399,0.5572460950259228
0.39213921392139217,0.5446407199048698,0.39706940817150743,0.5568667041408819
0.3926392639263927,0.5442597773564193,0.39735033107948403,0.5564891923750123
0.39313931393139323,0.5438805866821098,0.39763030237625796,0.5561135540524293
0.39363936393639354,0.5435031430979472,0.3979093252853608,0.5557397835007327
0.39413941394139407,0.5431274418197438,0.3981874030194048,0.5553678750510884
0.3946394639463946,0.5427534780632088,0.3984645387801195,0.5549978230383107
0.3951395139513951,0.5423812470440379,0.39874073575838864,0.554629621800943
0.39563956395639566,0.5420107439780021,0.3990159971342872,0.5542632656813374
0.3961396139613962,0.5416419640810374,0.39929032607711773,0.5538987490257354
0.3966396639663967,0.5412749025693321,0.39956372574544696,0.553536066184346
0.39713971397139725,0.5409095546594143,0.39983619928714226,0.5531752115114246
0.39763976397639755,0.5405459155682388,0.4001077498394074,0.5528161793653508
0.3981398139813981,0.5401839805132734,0.4003783805288196,0.5524589641087052
0.3986398639863986,0.5398237447125844,0.40064809447136457,0.5521035601083466
0.39913991399139914,0.5394652033849214,0.4009168947724729,0.5517499617354878
0.39963996399639967,0.5391083517498024,0.40118478452705564,0.551398163365771
0.4001400140014002,0.5387531850275972,0.40145176681954003,0.5510481593793422
0.40064006400640073,0.5383996984396108,0.4017178447239051,0.5506999441609264
0.40114011401140104,0.5380478872081659,0.40198302130371666,0.5503535120999007
0.40164016401640157,0.5376977465566857,0.4022472996121632,0.5500088575903666
0.4021402140214021,0.5373492717097744,0.40251068269209056,0.5496659750312239
0.40264026402640263,0.5370024578932995,0.402773173576037,0.5493248588262422
0.40314031403140316,0.5366573003344706,0.4030347752862682,0.5489855033841311
0.4036403640364037,0.5363137942619207,0.4032954908348123,0.5486479031186127
0.4041404140414042,0.5359719349057847,0.40355532322349424,0.5483120524484905
0.40464046404640475,0.5356317174977783,0.40381427544397036,0.5479779457977194
0.40514051405140505,0.535293137271276,0.4040723504777629,0.5476455775954753
0.4056405640564056,0.5349561894613891,0.4043295512962947,0.5473149422762219
0.4061406140614061,0.5346208693050426,0.40458588086092273,0.546986034279781
0.40664066406640664,0.5342871720410507,0.4048413421229725,0.5466588480513981
0.4071407140714072,0.5339550929101942,0.4050959380237723,0.5463333780418097
0.4076407640764077,0.5336246271552951,0.4053496714946866,0.5460096187073098
0.40814081408140823,0.5332957700212917,0.40560254545715013,0.545687564509815
0.40864086408640854,0.5329685167553124,0.4058545628227014,0.5453672099169309
0.40914091409140907,0.5326428626067499,0.40610572649301646,0.5450485494020145
0.4096409640964096,0.5323188028273342,0.4063560393599418,0.5447315774442407
0.41014101410141013,0.5319963326712056,0.4066055043055279,0.5444162885286645
0.41064106410641066,0.531675447394986,0.4068541242020627,0.5441026771462839
0.4111411141114112,0.5313561422578513,0.40710190191210416,0.5437907377941027
0.4116411641164117,0.5310384125216023,0.40734884028851376,0.5434804649751925
0.41214121412141225,0.5307222534507349,0.4075949421744889,0.5431718531987539
0.41264126412641255,0.5304076603125103,0.4078402104035956,0.5428648969801775
0.4131413141314131,0.5300946283770245,0.4080846477998018,0.5425595908411034
0.4136413641364136,0.5297831529172773,0.4083282571775092,0.5422559293094823
0.41414141414141414,0.5294732292092403,0.4085710413415856,0.5419539069196341
0.4146414641464147,0.5291648525319256,0.4088130030873979,0.5416535182123066
0.4151415141514152,0.5288580181674525,0.4090541452008434,0.5413547577347336
0.41564156415641573,0.5285527214011145,0.40929447045838263,0.5410576200406934
0.41614161416141604,0.5282489575214462,0.4095339816270708,0.540762099690565
0.41664166416641657,0.5279467218202883,0.4097726814645903,0.5404681912513852
0.4171417141714171,0.5276460095928538,0.41001057271928154,0.5401758892969053
0.41764176417641763,0.5273468161377923,0.4102476581301752,0.539885188407646
0.41814181418141816,0.5270491367572543,0.4104839404270238,0.5395960831709529
0.4186418641864187,0.5267529667569555,0.4107194223303328,0.5393085681810514
0.4191419141914192,0.5264583014462398,0.4109541065513922,0.5390226380391006
0.41964196419641975,0.5261651361381424,0.41118799579230747,0.5387382873532469
0.42014201420142006,0.5258734661494519,0.41142109274603106,0.538455510738678
0.4206420642064206,0.525583286800772,0.41165340009639323,0.5381743028176741
0.4211421142114211,0.5252945934165839,0.4118849205181327,0.5378946582196614
0.42164216421642164,0.5250073813253054,0.4121156566769277,0.5376165715812636
0.4221422142214222,0.5247216458593533,0.4123456112294267,0.5373400375463528
0.4226422642264227,0.5244373823552018,0.41257478682327886,0.5370650507661004
0.42314231423142323,0.5241545861534426,0.4128031860971647,0.5367916058990275
0.42364236423642354,0.523873252598844,0.413030811680826,0.5365196976110547
0.42414241424142407,0.5235933770404088,0.41325766619509696,0.536249320575551
0.4246424642464246,0.5233149548314329,0.4134837522519334,0.5359804694733833
0.42514251425142513,0.5230379813295627,0.41370907245444355,0.5357131389929646
0.42564256425642566,0.5227624518968517,0.41393362939691747,0.5354473238303017
0.4261426142614262,0.5224883618998175,0.4141574256648576,0.5351830186890428
0.4266426642664267,0.5222157067094985,0.4143804638350077,0.5349202182805245
0.42714271427142725,0.5219444817015081,0.41460274647538325,0.5346589173238183
0.42764276427642756,0.5216746822560915,0.4148242761453005,0.5343991105457769
0.4281428142814281,0.5214063037581792,0.41504505539540654,0.5341407926810792
0.4286428642864286,0.5211393415974424,0.4152650867677078,0.533883958472276
0.42914291429142915,0.5208737911683454,0.41548437279560013,0.5336286026698348
0.4296429642964297,0.5206096478702007,0.4157029160038974,0.5333747200321838
0.4301430143014302,0.5203469071072204,0.41592071890886106,0.5331223053257556
0.43064306430643073,0.5200855642885699,0.4161377840182287,0.5328713533250308
0.43114311431143104,0.5198256148284189,0.416354113831243,0.532621858812581
0.43164316431643157,0.5195670541459938,0.4165697108386809,0.5323738165791106
0.4321432143214321,0.5193098776656283,0.4167845775228816,0.5321272214235002
0.43264326432643263,0.5190540808168146,0.41699871635777586,0.5318820681528468
0.43314331433143316,0.5187996590342527,0.41721212980891376,0.5316383515825057
0.4336433643364337,0.518546607757902,0.4174248203334938,0.5313960665361311
0.4341434143414342,0.5182949224330284,0.41763679038039075,0.5311552078457165
0.43464346434643475,0.5180445985102554,0.4178480423901838,0.5309157703516343
0.43514351435143506,0.5177956314456114,0.4180585787951848,0.5306777489026758
0.4356435643564356,0.5175480167005778,0.41826840201946675,0.5304411383560895
0.4361436143614361,0.5173017497421375,0.4184775144788906,0.5302059335776202
0.43664366436643665,0.5170568260428211,0.41868591858113413,0.5299721294415474
0.4371437143714372,0.5168132410807544,0.41889361672571895,0.5297397208307223
0.4376437643764377,0.516570990339705,0.41910061130403864,0.529508702636606
0.43814381438143823,0.5163300693091274,0.41930690469938603,0.5292790697593057
0.43864386438643854,0.5160904734842096,0.4195124992869805,0.5290508171076123
0.43914391439143907,0.5158521983659171,0.4197173974339958,0.5288239395990347
0.4396439643964396,0.5156152394610392,0.4199216014995867,0.5285984321598379
0.44014401440144013,0.5153795922822317,0.42012511383491663,0.5283742897250762
0.44064406440644066,0.5151452523480617,0.42032793678318464,0.5281515072386294
0.4411441144114412,0.5149122151830512,0.4205300726796521,0.5279300796532366
0.4416441644164417,0.5146804763177197,0.42073152385167,0.527710001930531
0.44214421442144225,0.5144500312886274,0.4209322926187055,0.5274912690410728
0.44264426442644256,0.514220875638417,0.4211323812923686,0.5272738759643835
0.4431443144314431,0.5139930049158562,0.421331792176439,0.5270578176889775
0.4436443644364436,0.5137664146758789,0.42153052756689247,0.5268430892123962
0.44414441444144415,0.5135411004796258,0.42172858975192706,0.5266296855412389
0.4446444644464447,0.5133170578944861,0.42192598101198997,0.5264176016911952
0.4451445144514452,0.5130942824941371,0.42212270361980325,0.5262068326870761
0.44564456445644574,0.5128727698585848,0.4223187598403904,0.5259973735628455
0.44614461446144604,0.5126525155742023,0.4225141519311021,0.52578921936165
0.4466446644664466,0.5124335152337705,0.42270888214164265,0.5255823651358497
0.4471447144714471,0.5122157644365153,0.4229029527140954,0.525376805947048
0.44764476447644763,0.5119992587881474,0.42309636588294874,0.5251725368661211
0.44814481448144816,0.5117839939008993,0.42328912387512196,0.5249695529732469
0.4486448644864487,0.5115699653935634,0.42348122890999074,0.5247678493579341
0.4491449144914492,0.511357168891529,0.42367268319941276,0.5245674211190502
0.44964496449644975,0.5111456000268199,0.42386348894775305,0.5243682633648498
0.45014501450145006,0.5109352544381297,0.42405364835190956,0.5241703712130021
0.4506450645064506,0.510726127770859,0.42424316360133846,0.5239737397906183
0.4511451145114511,0.5105182156771508,0.42443203687807907,0.5237783642342785
0.45164516451645165,0.5103115138159255,0.4246202703567793,0.5235842396900579
0.4521452145214522,0.5101060178529169,0.4248078662047205,0.5233913613135538
0.4526452645264527,0.5099017234607057,0.42499482658184246,0.5231997242699107
0.45314531453145324,0.5096986263187547,0.42518115364076836,0.5230093237338461
0.45364536453645354,0.5094967221134425,0.4253668495268293,0.5228201548896761
0.4541454145414541,0.509296006538097,0.42555191637808953,0.5226322129313391
0.4546454645464546,0.5090964752930286,0.42573635632537044,0.5224454930624213
0.45514551455145513,0.5088981240855632,0.4259201714922754,0.5222599904961802
0.45564556455645566,0.5087009486300745,0.4261033639952143,0.522075700455569
0.4561456145614562,0.5085049446480169,0.42628593594342773,0.5218926181732592
0.4566456645664567,0.5083101078679562,0.42646788943901137,0.5217107388916643
0.45714571457145725,0.5081164340256019,0.42664922657694015,0.5215300578629625
0.45764576457645756,0.5079239188638383,0.4268299494450923,0.5213505703491186
0.4581458145814581,0.5077325581327548,0.4270100601242737,0.5211722716219067
0.4586458645864586,0.5075423475896769,0.42718956068824143,0.5209951569629319
0.45914591459145915,0.5073532829991957,0.42736845320372796,0.5208192216636511
0.4596459645964597,0.5071653601331982,0.4275467397304646,0.5206444610253947
0.4601460146014602,0.5069785747708968,0.42772442232120556,0.5204708703593873
0.46064606460646074,0.5067929226988578,0.42790150302175156,0.5202984449867679
0.46114611461146104,0.5066083997110304,0.42807798387097307,0.5201271802386103
0.4616461646164616,0.5064250016087758,0.4282538669008342,0.5199570714559422
0.4621462146214621,0.506242724200894,0.4284291541364158,0.5197881139897658
0.46264626462646263,0.5060615633036529,0.42860384759593884,0.5196203032010759
0.46314631463146316,0.5058815147408147,0.42877794929078766,0.5194536344608798
0.4636463646364637,0.5057025743436635,0.42895146122553324,0.5192881031502145
0.4641464146414642,0.5055247379510324,0.42912438539795605,0.519123704660166
0.46464646464646475,0.5053480014093293,0.42929672379906936,0.5189604343918871
0.46514651465146506,0.5051723605725635,0.4294684784131418,0.5187982877566143
0.4656465646564656,0.5049978113023712,0.42963965121772063,0.5186372601756857
0.4661466146614661,0.5048243494680417,0.429810244183654,0.5184773470805577
0.46664666466646665,0.5046519709465415,0.42998025927511413,0.5183185439128222
0.4671467146714672,0.50448067162254,0.4301496984496196,0.518160846124222
0.4676467646764677,0.5043104473884342,0.43031856365805804,0.5180042491766679
0.46814681468146824,0.5041412941443725,0.4304868568447086,0.5178487485422539
0.46864686468646855,0.5039732077982784,0.4306545799472641,0.5176943397032729
0.4691469146914691,0.5038061842658752,0.4308217348968539,0.5175410181522315
0.4696469646964696,0.5036402194707081,0.4309883236180654,0.5173887793918656
0.47014701470147013,0.5034753093441685,0.4311543480289667,0.5172376189351542
0.47064706470647066,0.5033114498255153,0.4313198100411285,0.5170875323053347
0.4711471147114712,0.5031486368618987,0.4314847115596463,0.5169385150359158
0.4716471647164717,0.5029868664083815,0.4316490544831621,0.5167905626706922
0.47214721472147225,0.5028261344279614,0.43181284070388626,0.5166436707637574
0.47264726472647256,0.5026664368915922,0.43197607210761946,0.5164978348795173
0.4731473147314731,0.5025077697782051,0.4321387505737745,0.5163530505927028
0.4736473647364736,0.5023501290747301,0.4323008779753974,0.5162093134883825
0.47414741474147415,0.502193510776116,0.43246245617918977,0.5160666191619754
0.4746474647464747,0.5020379108853511,0.43262348704552944,0.5159249632192621
0.4751475147514752,0.5018833254134836,0.43278397242849265,0.5157843412763976
0.47564756475647574,0.5017297503796408,0.4329439141758749,0.5156447489599222
0.47614761476147605,0.5015771818110493,0.43310331412921227,0.5155061819067728
0.4766476647664766,0.5014256157430537,0.4332621741238031,0.5153686357642939
0.4771477147714771,0.5012750482191354,0.4334204959887284,0.5152321061902484
0.47764776477647763,0.5011254752909322,0.4335782815468734,0.515096588852828
0.47814781478147816,0.5009768930182557,0.4337355326149484,0.5149620794306634
0.4786478647864787,0.5008292974691099,0.4338922510035097,0.5148285736128341
0.4791479147914792,0.5006826847197092,0.43404843851698044,0.5146960670988779
0.47964796479647975,0.5005370508544956,0.43420409695367135,0.5145645555988011
0.48014801480148006,0.5003923919661561,0.4343592281058014,0.5144340348330864
0.4806480648064806,0.5002487041556399,0.43451383375951885,0.5143045005327025
0.4811481148114811,0.5001059835321752,0.434667915694921,0.514175948439113
0.48164816481648165,0.4999642262132851,0.43482147568607554,0.5140483743042837
0.4821482148214822,0.49982342832480475,0.4349745155010404,0.5139217738906923
0.4826482648264827,0.49968358600089663,0.4351270369018844,0.5137961429713342
0.48314831483148324,0.49954469538406643,0.43527904164470743,0.5136714773297324
0.48364836483648355,0.4994067526251787,0.43543053147966054,0.5135477727599429
0.4841484148414841,0.4992697538834717,0.4355815081509666,0.5134250250665628
0.4846484648464846,0.49913369532657254,0.43573197339693964,0.5133032300647372
0.48514851485148514,0.49899857313051194,0.43588192895000544,0.5131823835801655
0.48564856485648566,0.49886438347973805,0.43603137653672125,0.5130624814491079
0.4861486148614862,0.4987311225671314,0.4361803178777957,0.5129435195183916
0.4866486648664867,0.49859878659401846,0.43632875468810856,0.5128254936454165
0.48714871487148725,0.498467371770185,0.4364766886767306,0.5127083996981614
0.48764876487648756,0.49833687431388995,0.43662412154694313,0.5125922335551887
0.4881488148814881,0.4982072904518783,0.4367710549962579,0.5124769911056501
0.4886488648864886,0.49807861641939405,0.4369174907164361,0.5123626682492916
0.48914891489148915,0.4979508484601929,0.4370634303935084,0.5122492608964577
0.4896489648964897,0.4978239828265546,0.43720887570779415,0.5121367649680969
0.4901490149014902,0.4976980157792952,0.4373538283339205,0.5120251763957648
0.49064906490649074,0.4975729435877789,0.4374982899408421,0.5119144911216291
0.49114911491149105,0.49744876252992987,0.43764226219186,0.5118047050984729
0.4916491649164916,0.49732546889224355,0.437785746744641,0.5116958142896982
0.4921492149214921,0.49720305896979783,0.4379287452512365,0.5115878146693302
0.49264926492649264,0.49708152906626446,0.43807125935810176,0.5114807022220194
0.49314931493149317,0.496960875493919,0.4382132907061148,0.5113744729430447
0.4936493649364937,0.4968410945736521,0.4383548409305951,0.5112691228383169
0.4941494149414942,0.49672218263497947,0.43849591166132285,0.5111646479243805
0.49464946494649475,0.49660413601605174,0.4386365045225571,0.5110610442284161
0.49514951495149506,0.4964869510636647,0.438776621133055,0.5109583077882427
0.4956495649564956,0.4963706241332685,0.4389162631060904,0.5108564346523192
0.4961496149614961,0.4962551515889774,0.439055432049472,0.5107554208797466
0.49664966496649665,0.49614052980357826,0.43919412956556225,0.5106552625402688
0.4971497149714972,0.49602675515854033,0.4393323572512957,0.5105559557142745
0.4976497649764977,0.49591382404402334,0.43947011669819736,0.5104574964927976
0.49814981498149824,0.4958017328588861,0.439607409492401,0.5103598809775186
0.49864986498649855,0.49569047801069505,0.4397442372146674,0.510263105280765
0.4991499149914991,0.4955800559157317,0.4398806014404028,0.5101671655255113
0.4996499649964996,0.4954704629990009,0.4400165037396767,0.5100720578453799
0.5001500150015001,0.49536169569423866,0.44015194567724,0.5099777783846409
0.5006500650065007,0.4952537504439188,0.44028692881254317,0.5098843232982115
0.5011501150115012,0.49514662369926077,0.4404214546997542,0.5097916887516563
0.5016501650165017,0.4950403119202365,0.4405555248877763,0.5096998709211862
0.5021502150215023,0.49493481157557684,0.44068914092026584,0.509608865993658
0.5026502650265026,0.4948301191427786,0.44082230433565023,0.509518670166573
0.5031503150315031,0.4947262311081103,0.44095501666714565,0.5094292796480764
0.5036503650365036,0.49462314396661905,0.44108727944277426,0.5093406906569555
0.5041504150415042,0.4945208542221357,0.44121909418538247,0.5092528994226385
0.5046504650465047,0.494419358387281,0.44135046241265785,0.5091659021851924
0.5051505150515052,0.4943186529834713,0.4414813856371471,0.5090796951953215
0.5056505650565057,0.49421873454092324,0.4416118653662731,0.5089942747143651
0.506150615061506,0.49411959959865964,0.4417419031023525,0.5089096370142953
0.5066506650665066,0.4940212447045138,0.4418715003426129,0.5088257783777144
0.5071507150715071,0.49392366641513447,0.4420006585792102,0.5087426950978522
0.5076507650765076,0.49382686129599057,0.44212937929924556,0.5086603834785639
0.5081508150815082,0.49373082592137507,0.44225766398478283,0.508578839834326
0.5086508650865087,0.49363555687440963,0.44238551411286525,0.5084980604902338
0.5091509150915092,0.4935410507470481,0.4425129311555328,0.5084180417819981
0.5096509650965098,0.49344730414008076,0.44263991657983903,0.5083387800559412
0.5101510151015101,0.49335431366313737,0.44276647184786777,0.508260271668994
0.5106510651065106,0.49326207593469096,0.4428925984167503,0.5081825129886909
0.5111511151115111,0.4931705875820607,0.44301829773868184,0.508105500393167
0.5116511651165117,0.49307984524141524,0.4431435712609384,0.5080292302711533
0.5121512151215122,0.4929898455577752,0.4432684204258933,0.5079536990219721
0.5126512651265127,0.4929005851850161,0.44339284667103424,0.507878903055533
0.5131513151315132,0.4928120607858706,0.4435168514289791,0.5078048387923276
0.5136513651365135,0.4927242690319308,0.4436404361274931,0.5077315026634255
0.5141514151415141,0.49263720660365046,0.44376360218950495,0.507658891110468
0.5146514651465146,0.49255087019034677,0.4438863510331231,0.507587000585664
0.5151515151515151,0.4924652564902023,0.4440086840716525,0.5075158275517839
0.5156515651565157,0.49238036221026604,0.44413060271361043,0.5074453684821547
0.5161516151615162,0.4922961840664555,0.4442521083627429,0.5073756198606537
0.5166516651665167,0.4922127187835573,0.44437320241804085,0.507306578181703
0.5171517151715173,0.4921299630952287,0.4444938862737562,0.5072382399502634
0.5176517651765176,0.492047913743998,0.4446141613194179,0.5071706016818284
0.5181518151815181,0.49196656748126555,0.4447340289398479,0.5071036599024173
0.5186518651865186,0.49188592106730417,0.4448534905151774,0.5070374111485697
0.5191519151915192,0.4918059712712594,0.4449725474208621,0.5069718519673382
0.5196519651965197,0.49172671487114994,0.4450912010276987,0.5069069789162813
0.5201520152015202,0.49164814865386736,0.4452094527018403,0.5068427885634578
0.5206520652065207,0.49157026941517623,0.4453273038048121,0.506779277487418
0.521152115211521,0.4914930739597136,0.4454447556935275,0.506716442277198
0.5216521652165216,0.4914165591009885,0.4455618097203031,0.5066542795323113
0.5221522152215221,0.4913407216613816,0.445678467232875,0.506592785862742
0.5226522652265226,0.4912655584721442,0.4457947295744135,0.5065319578889365
0.5231523152315232,0.491191066373397,0.4459105980835393,0.5064717922417961
0.5236523652365237,0.4911172422141296,0.44602607409433825,0.506412285562669
0.5241524152415242,0.49104408285219875,0.44614115893637746,0.5063534345033426
0.5246524652465248,0.490971585154327,0.44625585393471995,0.5062952357260342
0.5251525152515251,0.49089974599610126,0.44637016040994015,0.5062376859033837
0.5256525652565256,0.4908285622619709,0.44648407967813936,0.5061807817184446
0.5261526152615261,0.4907580308452461,0.44659761305096035,0.5061245198646758
0.5266526652665267,0.4906881486480953,0.4467107618356029,0.5060688970459319
0.5271527152715272,0.49061891258154355,0.44682352733483877,0.5060139099764555
0.5276527652765277,0.4905503195654699,0.44693591084702666,0.5059595553808672
0.5281528152815282,0.49048236652860494,0.447047913666127,0.5059058299941571
0.5286528652865286,0.4904150504085282,0.4471595370817171,0.5058527305616749
0.5291529152915291,0.49034836815166505,0.44727078237900597,0.5058002538391209
0.5296529652965296,0.49028231671328437,0.44738165083884884,0.5057483965925363
0.5301530153015301,0.490216893057495,0.4474921437377624,0.5056971555982938
0.5306530653065307,0.4901520941572424,0.447602262347939,0.5056465276430869
0.5311531153115312,0.49008791699430587,0.44771200793726146,0.505596509523921
0.5316531653165317,0.4900243585592944,0.4478213817693179,0.5055470980481029
0.5321532153215323,0.4899614158516434,0.447930385103416,0.5054982900332305
0.5326532653265326,0.4898990858796108,0.4480390191945975,0.5054500823071826
0.5331533153315331,0.489837365660273,0.448147285293653,0.5054024717081084
0.5336533653365336,0.48977625221952126,0.448255184647136,0.505355455084417
0.5341534153415342,0.4897157425920567,0.4483627184973773,0.505309029294767
0.5346534653465347,0.48965583382138667,0.44846988808249943,0.5052631912080551
0.5351535153515352,0.48959652295982,0.4485766946364308,0.5052179377034058
0.5356535653565357,0.4895378070684623,0.44868313938892007,0.5051732656701599
0.536153615361536,0.4894796832172114,0.44878922356554996,0.5051291720078634
0.5366536653665366,0.4894221484847525,0.44889494838775196,0.505085653626257
0.5371537153715371,0.4893651999585528,0.44900031507281973,0.5050427074452636
0.5376537653765376,0.4893088347348569,0.44910532483392346,0.5050003303949773
0.5381538153815382,0.48925304991868107,0.4492099788801239,0.5049585194156521
0.5386538653865387,0.4891978426238081,0.449314278416386,0.5049172714576898
0.5391539153915392,0.48914320997278177,0.44941822464359316,0.5048765834816286
0.5396539653965398,0.48908914909690115,0.44952181875856073,0.5048364524581302
0.5401540154015401,0.48903565713621483,0.4496250619540499,0.5047968753679694
0.5406540654065406,0.488982731239515,0.4497279554187815,0.5047578492020199
0.5411541154115411,0.4889303685643317,0.44983050033744965,0.5047193709612443
0.5416541654165417,0.48887856627692616,0.4499326978907353,0.5046814376566798
0.5421542154215422,0.488827321552285,0.45003454925531994,0.5046440463094268
0.5426542654265427,0.48877663157411366,0.4501360556038992,0.5046071939506362
0.5431543154315432,0.48872649353483005,0.45023721810519607,0.5045708776214967
0.5436543654365438,0.4886769046355576,0.45033803792397475,0.5045350943732213
0.5441544154415441,0.4886278620861188,0.4504385162210539,0.5044998412670361
0.5446544654465446,0.4885793631050285,0.4505386541533197,0.5044651153741656
0.5451545154515451,0.4885314049194864,0.45063845287373966,0.5044309137758206
0.5456545654565457,0.4884839847653705,0.4507379135313756,0.5043972335631849
0.5461546154615462,0.4884370998872298,0.450837037271397,0.5043640718374018
0.5466546654665467,0.48839074753827655,0.4509358252350941,0.5043314257095611
0.5471547154715473,0.48834492498037957,0.4510342785598911,0.5042992923006853
0.5476547654765476,0.48829962948405603,0.45113239837935915,0.5042676687417161
0.5481548154815481,0.4882548583284642,0.4512301858232297,0.5042365521735013
0.5486548654865486,0.4882106088013957,0.45132764201740716,0.5042059397467801
0.5491549154915492,0.4881668781992674,0.45142476808398185,0.5041758286221703
0.5496549654965497,0.48812366382711364,0.45152156514124336,0.5041462159701534
0.5501550155015502,0.4880809629985781,0.45161803430369296,0.5041170989710619
0.5506550655065507,0.48803877303590576,0.45171417668205666,0.5040884748150637
0.5511551155115513,0.4879970912699342,0.45180999338329786,0.504060340702149
0.5516551655165516,0.4879559150400858,0.4519054855106303,0.5040326938421157
0.5521552155215521,0.48791524169435874,0.45200065416353064,0.5040055314545547
0.5526552655265526,0.4878750685893188,0.452095500437751,0.5039788507688365
0.5531553155315532,0.4878353930900903,0.4521900254253318,0.5039526490240953
0.5536553655365537,0.4877962125703475,0.4522842302146143,0.5039269234692154
0.5541554155415542,0.4877575244123058,0.4523781158902528,0.5039016713628162
0.5546554655465548,0.4877193260067126,0.45247168353322764,0.5038768899732373
0.5551555155515551,0.48768161475283817,0.4525649342208573,0.503852576578524
0.5556555655565556,0.48764438805846655,0.45265786902681104,0.503828728466412
0.5561556155615561,0.4876076433398862,0.45275048902112086,0.5038053429343125
0.5566556655665567,0.4875713780218809,0.4528427952701943,0.5037824172892973
0.5571557155715572,0.48753558953771964,0.45293478883682636,0.5037599488480833
0.5576557655765577,0.4875002753291477,0.453026470780212,0.5037379349370177
0.5581558155815582,0.4874654328463767,0.4531178421559582,0.5037163728920623
0.5586558655865588,0.48743105954807486,0.453208904016096,0.5036952600587781
0.5591559155915591,0.4873971529013571,0.4532996574090929,0.50367459379231
0.5596559655965596,0.48736371038177523,0.45339010337986474,0.5036543714573716
0.5601560156015601,0.48733072947330774,0.4534802429697876,0.5036345904282287
0.5606560656065607,0.48729820766834997,0.4535700772167103,0.5036152480886843
0.5611561156115612,0.4872661424677036,0.45365960715496556,0.5035963418320628
0.5616561656165617,0.4872345313805665,0.45374883381538267,0.5035778690611937
0.5621562156215623,0.4872033719245224,0.45383775822529904,0.5035598271883964
0.5626562656265626,0.48717266162553025,0.4539263814085717,0.5035422136354636
0.5631563156315631,0.4871423980179138,0.45401470438559,0.5035250258336454
0.5636563656365636,0.4871125786443511,0.4541027281732862,0.5035082612236337
0.5641564156415642,0.4870832010558634,0.45419045378514805,0.5034919172555453
0.5646564656465647,0.48705426281180464,0.4542778822312301,0.503475991388906
0.5651565156515652,0.4870257614798505,0.45436501451816547,0.5034604810926345
0.5656565656565657,0.4869976946359874,0.45445185164917723,0.5034453838450256
0.5661566156615663,0.48697005986450154,0.4545383946240902,0.503430697133734
0.5666566656665666,0.4869428547579676,0.45462464443934225,0.5034164184557579
0.5671567156715671,0.48691607691723776,0.45471060208799596,0.5034025453174223
0.5676567656765676,0.48688972395143015,0.45479626855974997,0.5033890752343623
0.5681568156815682,0.48686379347791775,0.4548816448409503,0.5033760057315065
0.5686568656865687,0.48683828312231675,0.45496673191460174,0.5033633343430605
0.5691569156915692,0.48681319051847516,0.4550515307603793,0.5033510586124894
0.5696569656965698,0.48678851330846123,0.4551360423546394,0.5033391760925021
0.5701570157015701,0.48676424914255156,0.455220267670431,0.503327684345033
0.5706570657065706,0.48674039567921973,0.45530420767750707,0.5033165809412263
0.5711571157115711,0.48671695058512415,0.4553878633423354,0.5033058634614179
0.5716571657165717,0.4866939115350964,0.4554712356281101,0.503295529495119
0.5721572157215722,0.48667127621212897,0.4555543254947624,0.5032855766409987
0.5726572657265727,0.4866490423073638,0.45563713389897176,0.5032760025068669
0.5731573157315732,0.48662720752007943,0.4557196617941772,0.503266804709657
0.5736573657365738,0.4866057695576795,0.45580191013058774,0.5032579808754084
0.5741574157415741,0.48658472613568016,0.45588387985519374,0.5032495286392497
0.5746574657465746,0.48656407497769777,0.45596557191177767,0.5032414456453803
0.5751575157515751,0.4865438138154367,0.45604698724092496,0.5032337295470541
0.5756575657565757,0.48652394038867663,0.4561281267800349,0.5032263780065613
0.5761576157615762,0.4865044524452604,0.4562089914633314,0.5032193886952109
0.5766576657665767,0.48648534774108104,0.45628958222187366,0.5032127592933131
0.5771577157715773,0.4864666240400694,0.45636989998356703,0.5032064874901616
0.5776577657765776,0.4864482791141814,0.4564499456731736,0.5032005709840165
0.5781578157815781,0.4864303107433852,0.4565297202123229,0.5031950074820853
0.5786578657865786,0.48641271671564834,0.4566092245195225,0.5031897947005065
0.5791579157915792,0.486395494826925,0.4566884595101686,0.5031849303643305
0.5796579657965797,0.48637864288114296,0.4567674260965564,0.5031804122075029
0.5801580158015802,0.48636215869019056,0.4568461251878909,0.5031762379728452
0.5806580658065807,0.4863460400739036,0.4569245576902973,0.5031724054120381
0.5811581158115813,0.4863302848600523,0.45700272450683094,0.5031689122856029
0.5816581658165816,0.4863148908843281,0.45708062653748854,0.5031657563628833
0.5821582158215821,0.4862998559903304,0.45715826467921805,0.5031629354220275
0.5826582658265826,0.48628517802955296,0.45723563982592885,0.5031604472499699
0.5831583158315832,0.4862708548613712,0.4573127528685025,0.5031582896424132
0.5836583658365837,0.4862568843530281,0.45738960469480255,0.5031564604038099
0.5841584158415842,0.48624326437962107,0.4574661961896851,0.503154957347344
0.5846584658465848,0.48622999282408835,0.4575425282350087,0.5031537782949129
0.5851585158515851,0.4862170675771954,0.4576186017096448,0.5031529210771089
0.5856585658565856,0.4862044865375213,0.4576944174894877,0.5031523835332008
0.5861586158615861,0.486192247611445,0.45776997644746453,0.5031521635111155
0.5866586658665867,0.4861803487131316,0.4578452794535456,0.5031522588674197
0.5871587158715872,0.4861687877645186,0.4579203273747541,0.5031526674673011
0.5876587658765877,0.48615756269530186,0.45799512107517626,0.50315338718455
0.5881588158815882,0.48614667144292206,0.4580696614159714,0.5031544159015411
0.5886588658865888,0.48613611195255035,0.45814394925538143,0.5031557515092139
0.5891589158915891,0.48612588217707453,0.45821798544874126,0.5031573919070552
0.5896589658965896,0.48611598007708506,0.4582917708484884,0.50315933500308
0.5901590159015901,0.4861064036208609,0.4583653063041725,0.5031615787138122
0.5906590659065907,0.4860971507843553,0.4584385926624658,0.5031641209642669
0.5911591159115912,0.4860882195511816,0.4585116307671721,0.5031669596879309
0.5916591659165917,0.48607960791259913,0.45858442145923717,0.5031700928267442
0.5921592159215923,0.4860713138674989,0.45865696557675795,0.5031735183310811
0.5926592659265926,0.4860633354223891,0.4587292639549923,0.5031772341597314
0.5931593159315931,0.48605567059138083,0.458801317426369,0.5031812382798813
0.5936593659365936,0.4860483173961737,0.45887312682049675,0.5031855286670947
0.5941594159415942,0.48604127386604135,0.458944692964174,0.5031901033052941
0.5946594659465947,0.4860345380378169,0.4590160166813986,0.5031949601867421
0.5951595159515952,0.4860281079558785,0.45908709879337706,0.5032000973120216
0.5956595659565957,0.48602198167213445,0.45915794011853417,0.5032055126900176
0.5961596159615963,0.4860161572460091,0.45922854147252223,0.503211204337897
0.5966596659665966,0.4860106327444276,0.4592989036682307,0.5032171702810913
0.5971597159715971,0.4860054062418014,0.4593690275157953,0.5032234085532755
0.5976597659765976,0.4860004758200137,0.45943891382260754,0.5032299171963507
0.5981598159815982,0.4859958395684045,0.4595085633933239,0.5032366942604238
0.5986598659865987,0.48599149558375543,0.4595779770298752,0.5032437378037886
0.5991599159915992,0.4859874419702755,0.4596471555314756,0.5032510458929073
0.5996599659965998,0.4859836768395857,0.4597160996946322,0.5032586166023898
0.6001600160016001,0.48598019831070427,0.45978481031315366,0.5032664480149762
0.6006600660066006,0.4859770045100318,0.45985328817816,0.5032745382215164
0.6011601160116011,0.48597409357133575,0.45992153407809117,0.5032828853209509
0.6016601660166017,0.48597146363573607,0.4599895487987163,0.503291487420292
0.6021602160216022,0.48596911285168953,0.46005733312314284,0.503300342634604
0.6026602660266027,0.4859670393749749,0.46012488783182554,0.5033094490869843
0.6031603160316032,0.48596524136867764,0.46019221370257524,0.5033188049085434
0.6036603660366038,0.48596371700317487,0.4602593115105682,0.5033284082383863
0.6041604160416041,0.48596246445611996,0.4603261820283547,0.5033382572235925
0.6046604660466046,0.4859614819124274,0.460392826025868,0.5033483500191968
0.6051605160516051,0.4859607675642574,0.4604592442704334,0.5033586847881699
0.6056605660566057,0.4859603196110006,0.46052543752677677,0.503369259701399
0.6061606160616062,0.48596013625926293,0.46059140655703357,0.503380072937668
0.6066606660666067,0.48596021572284975,0.46065715212075764,0.5033911226836385
0.6071607160716073,0.4859605562227509,0.46072267497492975,0.5034024071338301
0.6076607660766076,0.4859611559871251,0.46078797587396647,0.5034139244906006
0.6081608160816081,0.48596201325128424,0.460853055569729,0.5034256729641271
0.6086608660866086,0.48596312625767824,0.4609179148115314,0.5034376507723859
0.6091609160916092,0.48596449325587937,0.46098255434614954,0.5034498561411331
0.6096609660966097,0.4859661125025666,0.4610469749178297,0.5034622873038853
0.6101610161016102,0.4859679822615101,0.46111117726829703,0.5034749425018996
0.6106610661066108,0.4859701008035557,0.4611751621367641,0.5034878199841544
0.6111611161116113,0.485972466406609,0.4612389302599395,0.5035009180073295
0.6116611661166116,0.4859750773556202,0.4613024823720362,0.5035142348357868
0.6121612161216121,0.4859779319425676,0.46136581920478004,0.5035277687415505
0.6126612661266126,0.4859810284664428,0.4614289414874183,0.5035415180042871
0.6131613161316132,0.48598436523323435,0.4614918499467278,0.5035554809112868
0.6136613661366137,0.4859879405559122,0.46155454530702367,0.5035696557574424
0.6141614161416142,0.4859917527544118,0.46161702829016715,0.5035840408452311
0.6146614661466148,0.48599580015561844,0.4616792996155745,0.5035986344846939
0.6151615161516151,0.4860000810933514,0.4617413600002249,0.5036134349934162
0.6156615661566156,0.48600459390834794,0.46180321015866876,0.503628440696508
0.6161616161616161,0.48600933694824755,0.461864850803036,0.5036436499265846
0.6166616661666167,0.48601430856757605,0.4619262826430443,0.5036590610237465
0.6171617161716172,0.4860195071277296,0.4619875063860071,0.5036746723355596
0.6176617661766177,0.4860249309969589,0.46204852273684205,0.503690482217036
0.6181618161816183,0.48603057855035314,0.4621093323980786,0.5037064890306142
0.6186618661866188,0.4860364481698239,0.46216993606986684,0.5037226911461385
0.6191619161916191,0.48604253824408933,0.46223033444998474,0.5037390869408407
0.6196619661966196,0.48604884716865815,0.46229052823384686,0.5037556747993193
0.6201620162016201,0.4860553733458135,0.46235051811451194,0.50377245311352
0.6206620662066207,0.48606211518459697,0.4624103047826911,0.5037894202827163
0.6211621162116212,0.4860690711007924,0.46246988892675567,0.5038065747134897
0.6216621662166217,0.4860762395169099,0.4625292712327451,0.5038239148197092
0.6221622162216223,0.48608361886217,0.4625884523843751,0.5038414390225129
0.6226622662266226,0.48609120757248686,0.4626474330630452,0.5038591457502869
0.6231623162316231,0.4860990040904528,0.46270621394784667,0.5038770334386466
0.6236623662366236,0.48610700686532193,0.46276479571557044,0.5038951005304164
0.6241624162416242,0.48611521435299376,0.462823179040715,0.50391334547561
0.6246624662466247,0.4861236250159973,0.46288136459549384,0.5039317667314107
0.6251625162516252,0.48613223732347494,0.46293935304984335,0.5039503627621519
0.6256625662566258,0.4861410497511658,0.46299714507143064,0.5039691320392969
0.6261626162616263,0.48615006078138995,0.46305474132566116,0.5039880730414197
0.6266626662666266,0.48615926890303207,0.4631121424756861,0.5040071842541846
0.6271627162716271,0.4861686726115251,0.46316934918241065,0.5040264641703269
0.6276627662766276,0.4861782704088339,0.4632263621045009,0.5040459112896334
0.6281628162816282,0.4861880608034393,0.46328318189839185,0.5040655241189219
0.6286628662866287,0.4861980423103216,0.4633398092182949,0.5040853011720221
0.6291629162916292,0.4862082134509443,0.4633962447162052,0.5041052409697556
0.6296629662966298,0.48621857275323777,0.4634524890419096,0.5041253420399162
0.6301630163016301,0.48622911875158303,0.4635085428429934,0.5041456029172502
0.6306630663066306,0.4862398499867953,0.46356440676484867,0.5041660221434366
0.6311631163116311,0.486250765006108,0.463620081450681,0.5041865982670678
0.6316631663166317,0.4862618623631557,0.4636755675415172,0.504207329843629
0.6321632163216322,0.48627314061795873,0.46373086567621263,0.5042282154354796
0.6326632663266327,0.48628459833690596,0.4637859764914586,0.5042492536118324
0.6331633163316333,0.4862962340927389,0.4638409006217897,0.5042704429487347
0.6336633663366338,0.4863080464645353,0.4638956386995909,0.5042917820290483
0.6341634163416341,0.4863200340376926,0.4639501913551052,0.5043132694424299
0.6346634663466346,0.48633219540391154,0.46400455921644057,0.5043349037853112
0.6351635163516351,0.4863445291611801,0.4640587429095773,0.5043566836608796
0.6356635663566357,0.4863570339137567,0.4641127430583753,0.504378607679058
0.6361636163616362,0.48636970827215387,0.4641665602845811,0.5044006744564858
0.6366636663666367,0.48638255085312204,0.4642201952078351,0.5044228826164988
0.6371637163716373,0.486395560279633,0.46427364844567864,0.5044452307891095
0.6376637663766376,0.4864087351808634,0.46432692061356134,0.504467717610988
0.6381638163816381,0.4864220741921785,0.46438001232484794,0.5044903417254417
0.6386638663866386,0.48643557595511544,0.46443292419082544,0.5045131017823961
0.6391639163916392,0.48644923911736726,0.4644856568207101,0.504535996438375
0.6396639663966397,0.48646306233276604,0.4645382108216545,0.504559024356481
0.6401640164016402,0.48647704426126664,0.46459058679875453,0.5045821842063763
0.6406640664066408,0.4864911835689303,0.4646427853550564,0.5046054746642621
0.6411641164116413,0.4865054789279081,0.46469480709156347,0.5046288944128601
0.6416641664166416,0.4865199290164244,0.46474665260724324,0.5046524421413923
0.6421642164216421,0.4865345325187607,0.46479832249903436,0.5046761165455617
0.6426642664266426,0.4865492881252391,0.4648498173618532,0.5046999163275326
0.6431643164316432,0.48656419453220556,0.464901137788601,0.5047238401959117
0.6436643664366437,0.48657925044201367,0.4649522843701705,0.5047478868657274
0.6441644164416442,0.48659445456300826,0.4650032576954529,0.5047720550584115
0.6446644664466448,0.4866098056095089,0.46505405835134456,0.5047963435017789
0.6451645164516451,0.4866253023017932,0.46510468692275364,0.5048207509300087
0.6456645664566456,0.48664094336608077,0.46515514399260716,0.5048452760836243
0.6461646164616461,0.4866567275345164,0.4652054301418573,0.5048699177094742
0.6466646664666467,0.48667265354515377,0.4652555459494884,0.5048946745607126
0.6471647164716472,0.48668872014193915,0.4653054919925236,0.5049195453967796
0.6476647664766477,0.4867049260746945,0.4653552688460312,0.5049445289833825
0.6481648164816483,0.48672127009910165,0.4654048770831316,0.5049696240924756
0.6486648664866488,0.4867377509766851,0.4654543172750039,0.5049948295022414
0.6491649164916491,0.48675436747479633,0.46550358999089214,0.5050201439970711
0.6496649664966496,0.4867711183665968,0.46555269579811226,0.5050455663675452
0.6501650165016502,0.4867880024310418,0.46560163526205833,0.5050710954104141
0.6506650665066507,0.4868050184528639,0.46565040894620924,0.5050967299285788
0.6511651165116512,0.4868221652225565,0.4656990174121351,0.505122468731072
0.6516651665166517,0.48683944153635755,0.4657474612195037,0.5051483106330383
0.6521652165216523,0.486856846196233,0.4657957409260871,0.5051742544557152
0.6526652665266526,0.48687437800986033,0.46584385708776777,0.5052002990264135
0.6531653165316531,0.4868920357906123,0.46589181025854537,0.5052264431784987
0.6536653665366536,0.4869098183575403,0.46593960099054266,0.5052526857513715
0.6541654165416542,0.48692772453535826,0.46598722983401236,0.5052790255904482
0.6546654665466547,0.48694575315442606,0.4660346973373431,0.5053054615471423
0.6551655165516552,0.486963903050733,0.46608200404706585,0.5053319924788444
0.6556655665566558,0.48698217306588165,0.4661291505078603,0.505358617248904
0.6561656165616563,0.48700056204707154,0.46617613726256113,0.5053853347266096
0.6566656665666566,0.4870190688470823,0.466222964852164,0.5054121437871706
0.6571657165716571,0.487037692324258,0.4662696338158322,0.5054390433116966
0.6576657665766577,0.48705643134249,0.4663161446909025,0.5054660321871802
0.6581658165816582,0.4870752847712014,0.4663624980128915,0.5054931093064764
0.6586658665866587,0.48709425148533003,0.4664086943155017,0.5055202735682847
0.6591659165916592,0.48711333036531246,0.4664547341306279,0.5055475238771291
0.6596659665966598,0.48713252029706755,0.4665006179883629,0.5055748591433402
0.6601660166016601,0.4871518201719803,0.466546346417004,0.5056022782830352
0.6606660666066606,0.48717122888688513,0.46659191994305893,0.5056297802180996
0.6611661166116611,0.4871907453440501,0.46663733909125177,0.505657363876168
0.6616661666166617,0.4872103684511602,0.46668260438452924,0.5056850281906056
0.6621662166216622,0.4872300971213014,0.46672771634406657,0.5057127721004885
0.6626662666266627,0.4872499302729439,0.46677267548927354,0.5057405945505857
0.6631663166316633,0.4872698668299264,0.4668174823378004,0.5057684944913398
0.6636663666366638,0.4872899057214395,0.466862137405544,0.5057964708788482
0.6641664166416641,0.48731004588200955,0.4669066412066535,0.5058245226748443
0.6646664666466646,0.4873302862514824,0.46695099425353653,0.5058526488466792
0.6651665166516652,0.4873506257750072,0.46699519705686493,0.5058808483673022
0.6656665666566657,0.4873710634030202,0.46703925012558056,0.5059091202152425
0.6661666166616662,0.4873915980912285,0.46708315396690137,0.5059374633745902
0.6666666666666667,0.4874122288005938,0.4671269090863271,0.5059658768349783
0.6671667166716673,0.4874329544973164,0.4671705159876452,0.5059943595915631
0.6676667666766676,0.48745377415281876,0.46721397517293645,0.5060229106450065
0.6681668166816681,0.4874746867437297,0.467257287142581,0.5060515290014563
0.6686668666866686,0.48749569125186787,0.46730045239526385,0.5060802136725289
0.6691669166916692,0.48751678666422593,0.4673434714279809,0.5061089636752893
0.6696669666966697,0.4875379719729543,0.46738634473604423,0.5061377780322341
0.6701670167016702,0.487559246175345,0.4674290728130884,0.5061666557712716
0.6706670667066708,0.48758060827381566,0.46747165615107555,0.5061955959257042
0.6711671167116713,0.4876020572758934,0.4675140952403015,0.5062245975342095
0.6716671667166716,0.48762359219419865,0.4675563905694011,0.5062536596408218
0.6721672167216721,0.4876452120464293,0.4675985426253541,0.5062827812949144
0.6726672667266727,0.48766691585534455,0.4676405518934905,0.5063119615511802
0.6731673167316732,0.487688702648749,0.46768241885749634,0.506341199469614
0.6736673667366737,0.48771057145947627,0.4677241439994192,0.5063704941154936
0.6741674167416742,0.4877325213253736,0.46776572779967374,0.5063998445593625
0.6746674667466748,0.4877545512892852,0.4678071707370472,0.5064292498770102
0.6751675167516751,0.48777666039903694,0.467848473288705,0.5064587091494552
0.6756675667566756,0.48779884770741994,0.4678896359301962,0.506488221462926
0.6761676167616761,0.48782111227217473,0.46793065913545906,0.5065177859088432
0.6766676667666767,0.48784345315597544,0.46797154337682606,0.5065474015838012
0.6771677167716772,0.48786586942641386,0.46801228912503007,0.50657706758955
0.6776677667766777,0.4878883601559835,0.46805289684920914,0.5066067830329772
0.6781678167816783,0.4879109244220637,0.4680933670169123,0.5066365470260898
0.6786678667866788,0.4879335613069039,0.4681337000941045,0.5066663586859963
0.6791679167916791,0.4879562698976076,0.46817389654517266,0.5066962171348882
0.6796679667966796,0.4879790492861168,0.4682139568329303,0.5067261215000224
0.6801680168016802,0.48800189856919596,0.46825388141862334,0.5067560709137031
0.6806680668066807,0.48802481684841625,0.4682936707619352,0.5067860645132638
0.6811681168116812,0.48804780323014,0.46833332532099214,0.5068161014410494
0.6816681668166817,0.4880708568255046,0.4683728455523685,0.5068461808443979
0.6821682168216823,0.48809397675040705,0.46841223191109216,0.5068763018756234
0.6826682668266826,0.48811716212548806,0.46845148485064947,0.5069064636919972
0.6831683168316831,0.48814041207611647,0.4684906048229906,0.5069366654557308
0.6836683668366836,0.48816372573237343,0.4685295922785349,0.5069669063339575
0.6841684168416842,0.48818710222903694,0.4685684476661759,0.506997185498715
0.6846684668466847,0.488210540705566,0.46860717143328645,0.5070275021269276
0.6851685168516852,0.4882340403060852,0.46864576402572394,0.5070578554003884
0.6856685668566858,0.4882576001793687,0.4686842258878356,0.5070882445057415
0.6861686168616863,0.4882812194788252,0.46872255746246333,0.5071186686344648
0.6866686668666866,0.4883048973624819,0.46876075919094895,0.5071491269828515
0.6871687168716871,0.4883286329929693,0.4687988315131393,0.5071796187519939
0.6876687668766877,0.4883524255375054,0.4688367748673911,0.5072101431477641
0.6881688168816882,0.48837627416788026,0.46887458969057644,0.507240699380798
0.6886688668866887,0.48840017806044067,0.46891227641808736,0.5072712866664767
0.6891689168916892,0.48842413639607446,0.46894983548384095,0.5073019042249097
0.6896689668966898,0.48844814836019507,0.4689872673202846,0.5073325512809174
0.6901690169016901,0.4884722131427263,0.46902457235840067,0.507363227064013
0.6906690669066906,0.48849632993808684,0.4690617510277118,0.5073939308083862
0.6911691169116911,0.48852049794517455,0.4690988037562854,0.5074246617528847
0.6916691669166917,0.48854471636735153,0.4691357309707389,0.5074554191409977
0.6921692169216922,0.4885689844124287,0.4691725330962447,0.5074862022208383
0.6926692669266927,0.4885933012926502,0.46920921055653475,0.5075170102451264
0.6931693169316933,0.4886176662246783,0.46924576377390587,0.507547842471171
0.6936693669366938,0.488642078429578,0.46928219316922415,0.5075786981608538
0.6941694169416941,0.48866653713280206,0.4693184991619302,0.5076095765806109
0.6946694669466946,0.48869104156417514,0.46935468217004367,0.507640477001417
0.6951695169516952,0.4887155909578793,0.4693907426101682,0.5076713986987672
0.6956695669566957,0.48874018455243834,0.46942668089749634,0.5077023409526605
0.6961696169616962,0.48876482159070267,0.46946249744581403,0.5077333030475824
0.6966696669666967,0.48878950131983434,0.46949819266750564,0.5077642842724881
0.6971697169716973,0.4888142229912917,0.46953376697355853,0.5077952839207858
0.6976697669766976,0.48883898586081437,0.4695692207735679,0.507826301290319
0.6981698169816981,0.4888637891884082,0.46960455447574156,0.5078573356833502
0.6986698669866986,0.48888863223833023,0.46963976848690436,0.507888386406544
0.6991699169916992,0.4889135142790735,0.4696748632125032,0.5079194527709499
0.6996699669966997,0.488938434583352,0.46970983905661146,0.5079505340919853
0.7001700170017002,0.48896339242808595,0.4697446964219338,0.5079816296894198
0.7006700670067008,0.4889883870943865,0.46977943570981073,0.5080127388873572
0.7011701170117013,0.48901341786754116,0.4698140573202232,0.5080438610142193
0.7016701670167016,0.4890384840369983,0.4698485616517973,0.5080749954027294
0.7021702170217021,0.4890635848963528,0.4698829491018087,0.5081061413898952
0.7026702670267027,0.489088719743331,0.4699172200661875,0.5081372983169926
0.7031703170317032,0.48911388787977567,0.46995137493952244,0.5081684655295488
0.7036703670367037,0.4891390886116312,0.4699854141150657,0.5081996423773257
0.7041704170417042,0.48916432124892917,0.4700193379847373,0.5082308282143039
0.7046704670467048,0.489189585105773,0.47005314693912964,0.5082620223986656
0.7051705170517051,0.48921487950032366,0.47008684136751205,0.508293224292778
0.7056705670567056,0.4892402037547846,0.4701204216578352,0.5083244332631781
0.7061706170617061,0.4892655571953873,0.4701538881967356,0.5083556486805546
0.7066706670667067,0.4892909391523763,0.4701872413695401,0.5083868699197328
0.7071707170717072,0.4893163489599949,0.47022048156027024,0.5084180963596577
0.7076707670767077,0.4893417859564701,0.47025360915164666,0.5084493273833781
0.7081708170817083,0.4893672494839983,0.4702866245250936,0.5084805623780297
0.7086708670867088,0.4893927388887305,0.47031952806074334,0.5085118007348198
0.7091709170917091,0.48941825352075813,0.47035232013744027,0.50854304184901
0.7096709670967096,0.4894437927340978,0.4703850011327456,0.508574285119901
0.7101710171017102,0.48946935588667756,0.4704175714229416,0.508605529950816
0.7106710671067107,0.4894949423403218,0.47045003138303587,0.5086367757490848
0.7111711171117112,0.4895205514607372,0.4704823813867656,0.5086680219260274
0.7116711671167117,0.48954618261749805,0.47051462180660214,0.5086992678969385
0.7121712171217123,0.48957183518403197,0.470546753013755,0.5087305130810712
0.7126712671267126,0.4895975085376053,0.47057877537817616,0.508761756901621
0.7131713171317131,0.4896232020593092,0.4706106892685646,0.5087929987857099
0.7136713671367136,0.4896489151340448,0.4706424950523702,0.5088242381643708
0.7141714171417142,0.4896746471505091,0.4706741930957983,0.5088554744725313
0.7146714671467147,0.4897003975011809,0.47070578376381345,0.5088867071489982
0.7151715171517152,0.48972616558230603,0.4707372674201442,0.5089179356364413
0.7156715671567158,0.48975195079388373,0.47076864442728683,0.508949159381378
0.7161716171617163,0.489777752539652,0.47079991514650965,0.5089803778341575
0.7166716671667166,0.48980357022707344,0.47083107993785733,0.5090115904489452
0.7171717171717171,0.4898294032673215,0.4708621391601548,0.5090427966837068
0.7176717671767177,0.48985525107526584,0.4708930931710115,0.509073996000193
0.7181718171817182,0.4898811130694586,0.4709239423268256,0.5091051878639239
0.7186718671867187,0.48990698867212,0.4709546869827878,0.509136371744173
0.7191719171917192,0.4899328773091248,0.47098532749288585,0.5091675471139525
0.7196719671967198,0.48995877840998775,0.4710158642099081,0.5091987134499971
0.7201720172017201,0.48998469140784984,0.471046297485448,0.5092298702327489
0.7206720672067206,0.4900106157394643,0.47107662766990815,0.5092610169463422
0.7211721172117211,0.4900365508451827,0.47110685511250394,0.5092921530785876
0.7216721672167217,0.4900624961689411,0.4711369801612678,0.509323278120957
0.7221722172217222,0.49008845115824595,0.4711670031630535,0.5093543915685687
0.7226722672267227,0.4901144152641605,0.47119692446353945,0.5093854929201713
0.7231723172317233,0.4901403879412906,0.4712267444072335,0.5094165816781293
0.7236723672367238,0.49016636864777147,0.4712564633374763,0.5094476573484072
0.7241724172417241,0.49019235684525325,0.47128608159644536,0.5094787194405549
0.7246724672467246,0.4902183519988879,0.4713155995251593,0.5095097674676924
0.7251725172517252,0.49024435357731505,0.4713450174634814,0.5095408009464946
0.7256725672567257,0.4902703610526484,0.4713743357501237,0.5095718193971764
0.7261726172617262,0.49029637390046216,0.47140355472265094,0.509602822343478
0.7266726672667267,0.4903223915997773,0.47143267471748435,0.509633809312649
0.7271727172717273,0.4903484136330481,0.47146169606990546,0.5096647798354347
0.7276727672767276,0.4903744394861484,0.4714906191140601,0.5096957334460599
0.7281728172817281,0.4904004686483581,0.4715194441829623,0.5097266696822155
0.7286728672867286,0.4904265006123498,0.471548171608498,0.5097575880850422
0.7291729172917292,0.490452534874175,0.4715768017214287,0.5097884881991169
0.7296729672967297,0.4904785709332508,0.47160533485139566,0.5098193695724372
0.7301730173017302,0.49050460829234666,0.47163377132692347,0.509850231756407
0.7306730673067308,0.49053064645757066,0.47166211147542375,0.5098810743058216
0.7311731173117313,0.4905566849383562,0.4716903556231992,0.5099118967788535
0.7316731673167316,0.4905827232474488,0.471718504095447,0.5099426987370373
0.7321732173217321,0.49060876090089267,0.471746557216263,0.5099734797452555
0.7326732673267327,0.49063479741801747,0.4717745153086449,0.5100042393717238
0.7331733173317332,0.49066083232142493,0.4718023786944964,0.5100349771879762
0.7336733673367337,0.4906868651369757,0.47183014769463083,0.5100656927688514
0.7341734173417342,0.4907128953937761,0.4718578226287747,0.5100963856924777
0.7346734673467348,0.49073892262416513,0.4718854038155714,0.510127055540259
0.7351735173517351,0.49076494636370105,0.47191289157258515,0.5101577018968598
0.7356735673567356,0.49079096615114826,0.4719402862163042,0.5101883243501921
0.7361736173617361,0.49081698152846454,0.47196758806214484,0.5102189224913997
0.7366736673667367,0.49084299204078763,0.4719947974244549,0.5102494959148449
0.7371737173717372,0.4908689972364223,0.47202191461651727,0.5102800442180939
0.7376737673767377,0.4908949966668275,0.47204893995055386,0.510310567001903
0.7381738173817383,0.4909209898866032,0.47207587373772864,0.5103410638702038
0.7386738673867388,0.49094697645347757,0.4721027162881517,0.51037153443009
0.7391739173917391,0.49097295592829376,0.4721294679108826,0.5104019782918022
0.7396739673967396,0.4909989278749976,0.47215612891393405,0.5104323950687151
0.7401740174017402,0.4910248918606241,0.4721826996042753,0.5104627843773227
0.7406740674067407,0.4910508474552851,0.47220918028783576,0.5104931458372245
0.7411741174117412,0.4910767942321562,0.4722355712695086,0.5105234790711117
0.7416741674167417,0.49110273176746416,0.4722618728531541,0.5105537837047534
0.7421742174217423,0.4911286596404739,0.4722880853416032,0.5105840593669824
0.7426742674267426,0.4911545774334761,0.47231420903666116,0.5106143056896818
0.7431743174317431,0.4911804847317744,0.4723402442391108,0.510644522307771
0.7436743674367436,0.49120638112367265,0.472366191248716,0.510674708859192
0.7441744174417442,0.4912322662004624,0.4723920503642253,0.5107048649848958
0.7446744674467447,0.4912581395564103,0.4724178218833752,0.5107349903288283
0.7451745174517452,0.49128400078874546,0.4724435061028937,0.5107650845379177
0.7456745674567458,0.49130984949764706,0.4724691033185035,0.5107951472620597
0.7461746174617463,0.49133568528623167,0.4724946138249257,0.5108251781541046
0.7466746674667466,0.4913615077605409,0.472520037915883,0.5108551768698438
0.7471747174717471,0.4913873165295289,0.47254537588410306,0.5108851430679962
0.7476747674767477,0.49141311120504994,0.4725706280213221,0.5109150764101944
0.7481748174817482,0.4914388914018462,0.472595794618288,0.5109449765609723
0.7486748674867487,0.4914646567375352,0.4726208759647637,0.5109748431877505
0.7491749174917492,0.4914904068325974,0.4726458723495307,0.511004675960824
0.7496749674967498,0.49151614131036436,0.47267078406039215,0.511034474553348
0.7501750175017501,0.49154185979700576,0.4726956113841764,0.5110642386413256
0.7506750675067506,0.49156756192151796,0.47272035460674,0.5110939679035935
0.7511751175117511,0.49159324731571125,0.4727450140129715,0.51112366202181
0.7516751675167517,0.4916189156141978,0.472769589886794,0.5111533206804408
0.7521752175217522,0.49164456645437965,0.47279408251116917,0.5111829435667467
0.7526752675267527,0.4916701994764365,0.47281849216809996,0.5112125303707697
0.7531753175317533,0.49169581432331344,0.47284281913863413,0.5112420807853209
0.7536753675367538,0.49172141064070946,0.4728670637028674,0.5112715945059665
0.7541754175417541,0.49174698807706474,0.47289122613994666,0.5113010712310159
0.7546754675467546,0.4917725462835491,0.47291530672807325,0.5113305106615078
0.7551755175517552,0.49179808491404986,0.47293930574450604,0.511359912501198
0.7556755675567557,0.4918236036251601,0.47296322346556474,0.5113892764565462
0.7561756175617562,0.4918491020761664,0.47298706016663306,0.5114186022367031
0.7566756675667567,0.4918745799290374,0.47301081612216184,0.511447889553498
0.7571757175717573,0.4919000368484116,0.4730344916056723,0.5114771381214256
0.7576757675767576,0.49192547250158586,0.4730580868897589,0.5115063476576337
0.7581758175817581,0.4919508865585032,0.4730816022460931,0.5115355178819103
0.7586758675867586,0.4919762786917416,0.4731050379454257,0.5115646485166709
0.7591759175917592,0.49200164857650186,0.4731283942575905,0.5115937392869462
0.7596759675967597,0.49202699589059595,0.4731516714515073,0.5116227899203692
0.7601760176017602,0.4920523203144356,0.47317486979518486,0.5116518001471629
0.7606760676067608,0.4920776215310204,0.4731979895557242,0.5116807697001277
0.7611761176117613,0.4921028992259264,0.4732210309993213,0.5117096983146288
0.7616761676167616,0.49212815308729446,0.4732439943912707,0.5117385857285841
0.7621762176217621,0.49215338280581866,0.4732668799959681,0.5117674316824519
0.7626762676267627,0.4921785880747348,0.4732896880769137,0.511796235919218
0.7631763176317632,0.49220376858980913,0.47331241889671494,0.5118249981843838
0.7636763676367637,0.49222892404932667,0.4733350727170898,0.511853718225954
0.7641764176417642,0.49225405415407975,0.4733576497988697,0.5118823957944244
0.7646764676467648,0.49227915860735694,0.4733801504020025,0.5119110306427693
0.7651765176517651,0.49230423711493143,0.4734025747855555,0.51193962252643
0.7656765676567656,0.4923292893850497,0.47342492320771834,0.5119681712033022
0.7661766176617661,0.4923543151284205,0.4734471959258062,0.5119966764337239
0.7666766676667667,0.4923793140582032,0.4734693931962626,0.5120251379804637
0.7671767176717672,0.49240428588999674,0.4734915152746622,0.5120535556087085
0.7676767676767677,0.49242923034182867,0.47351356241571413,0.5120819290860513
0.7681768176817683,0.4924541471341436,0.4735355348732646,0.51211025818248
0.7686768676867688,0.49247903598979215,0.47355743290029995,0.5121385426703647
0.7691769176917691,0.49250389663402,0.47357925674894946,0.5121667823244463
0.7696769676967696,0.4925287287944567,0.4736010066704885,0.5121949769218246
0.7701770177017702,0.4925535322011046,0.47362268291534115,0.512223126241946
0.7706770677067707,0.49257830658632795,0.4736442857330832,0.5122512300665926
0.7711771177117712,0.49260305168484164,0.473665815372445,0.5122792881798697
0.7716771677167718,0.4926277672337007,0.47368727208131445,0.5123073003681948
0.7721772177217723,0.4926524529722889,0.4737086561067396,0.5123352664202853
0.7726772677267726,0.49267710864230807,0.4737299676949317,0.5123631861271469
0.7731773177317731,0.49270173398776734,0.47375120709126795,0.5123910592820631
0.7736773677367736,0.4927263287549721,0.4737723745402944,0.5124188856805819
0.7741774177417742,0.4927508926925132,0.4737934702857287,0.5124466651205057
0.7746774677467747,0.49277542555125653,0.4738144945704629,0.5124743974018793
0.7751775177517752,0.49279992708433173,0.4738354476365662,0.5125020823269782
0.7756775677567758,0.49282439704712183,0.47385632972528796,0.5125297197002979
0.7761776177617763,0.4928488351972526,0.4738771410770602,0.5125573093285418
0.7766776677667766,0.49287324129458165,0.4738978819315005,0.5125848510206104
0.7771777177717771,0.492897615101188,0.47391855252741477,0.5126123445875895
0.7776777677767777,0.4929219563813614,0.4739391531028,0.5126397898427395
0.7781778177817782,0.4929462649015919,0.473959683894847,0.5126671866014837
0.7786778677867787,0.4929705404305591,0.47398014513994297,0.5126945346813974
0.7791779177917793,0.49299478273912184,0.4740005370736745,0.5127218339021966
0.7796779677967798,0.4930189916003077,0.4740208599308301,0.5127490840857271
0.7801780178017801,0.49304316678930243,0.474041113945403,0.5127762850559527
0.7806780678067806,0.4930673080834397,0.47406129935059366,0.5128034366389455
0.7811781178117811,0.4930914152621906,0.4740814163788126,0.5128305386628734
0.7816781678167817,0.49311548810715344,0.47410146526168334,0.5128575909579901
0.7821782178217822,0.4931395264020432,0.4741214462300444,0.512884593356624
0.7826782678267827,0.49316352993268164,0.4741413595139526,0.5129115456931665
0.7831783178317833,0.4931874984869865,0.47416120534268524,0.5129384478040627
0.7836783678367838,0.4932114318549617,0.4741809839447433,0.512965299527799
0.7841784178417841,0.49323532982868695,0.4742006955478533,0.5129921007048932
0.7846784678467846,0.49325919220230774,0.47422034037897076,0.5130188511778832
0.7851785178517852,0.493283018772025,0.47423991866428206,0.513045550791317
0.7856785678567857,0.4933068093360851,0.4742594306292076,0.513072199391741
0.7861786178617862,0.4933305636947699,0.4742788764984041,0.5130987968276904
0.7866786678667868,0.4933542816503864,0.47429825649576723,0.5131253429496777
0.7871787178717873,0.493377963007257,0.4743175708444344,0.5131518376101828
0.7876787678767876,0.4934016075717094,0.4743368197667868,0.5131782806636417
0.7881788178817881,0.4934252151520667,0.47435600348445284,0.5132046719664367
0.7886788678867886,0.4934487855586373,0.47437512221830963,0.5132310113768855
0.7891789178917892,0.49347231860370533,0.47439417618848645,0.5132572987552311
0.7896789678967897,0.4934958141015205,0.47441316561436675,0.5132835339636306
0.7901790179017902,0.4935192718682883,0.4744320907145908,0.5133097168661457
0.7906790679067908,0.4935426917221605,0.47445095170705837,0.5133358473287323
0.7911791179117913,0.4935660734832248,0.47446974880893095,0.5133619252192293
0.7916791679167916,0.4935894169734957,0.47448848223663453,0.5133879504073493
0.7921792179217921,0.49361272201690437,0.474507152205862,0.5134139227646679
0.7926792679267927,0.49363598843928913,0.47452575893157534,0.5134398421646137
0.7931793179317932,0.4936592160683859,0.47454430262800873,0.5134657084824577
0.7936793679367937,0.49368240473381825,0.47456278350867037,0.5134915215953036
0.7941794179417943,0.49370555426708806,0.4745812017863453,0.5135172813820779
0.7946794679467948,0.493728664501566,0.47459955767309775,0.5135429877235188
0.7951795179517951,0.49375173527248184,0.4746178513802736,0.5135686405021673
0.7956795679567956,0.4937747664169149,0.47463608311850286,0.513594239602357
0.7961796179617961,0.4937977577737849,0.474654253097702,0.5136197849102031
0.7966796679667967,0.49382070918384197,0.47467236152707637,0.513645276313594
0.7971797179717972,0.4938436204896579,0.4746904086151227,0.5136707137021802
0.7976797679767977,0.49386649153561624,0.4747083945696314,0.5136960969673652
0.7981798179817983,0.4938893221679031,0.4747263195976891,0.5137214260022949
0.7986798679867988,0.4939121122344978,0.47474418390568074,0.5137467007018487
0.7991799179917991,0.49393486158516386,0.47476198769929234,0.5137719209626291
0.7996799679967996,0.4939575700714392,0.4747797311835132,0.5137970866829523
0.8001800180018002,0.4939802375466273,0.47479741456263796,0.5138221977628382
0.8006800680068007,0.4940028638657879,0.47481503804026953,0.5138472541040009
0.8011801180118012,0.49402544888572786,0.4748326018193209,0.5138722556098391
0.8016801680168018,0.4940479924649918,0.47485010610201783,0.5138972021854267
0.8021802180218023,0.49407049446385326,0.474867551089901,0.5139220937375026
0.8026802680268026,0.4940929547443055,0.4748849369838284,0.5139469301744622
0.8031803180318031,0.4941153731700523,0.4749022639839776,0.5139717114063468
0.8036803680368036,0.4941377496064992,0.4749195322898481,0.5139964373448347
0.8041804180418042,0.4941600839207443,0.47493674210026365,0.514021107903232
0.8046804680468047,0.49418237598156933,0.4749538936133744,0.5140457229964627
0.8051805180518052,0.49420462565943074,0.4749709870266594,0.5140702825410596
0.8056805680568058,0.4942268328264508,0.47498802253692857,0.514094786455155
0.8061806180618063,0.49424899735640865,0.4750050003403253,0.5141192346584713
0.8066806680668066,0.4942711191247315,0.4750219206323285,0.5141436270723119
0.8071807180718071,0.49429319800848565,0.4750387836077549,0.5141679636195517
0.8076807680768077,0.49431523388636806,0.47505558946076143,0.5141922442246282
0.8081808180818082,0.4943372266386973,0.4750723383848471,0.5142164688135321
0.8086808680868087,0.49435917614740466,0.4750890305728555,0.5142406373137985
0.8091809180918093,0.49438108229602584,0.4751056662169772,0.5142647496544974
0.8096809680968098,0.4944029449696921,0.47512224550875143,0.5142888057662247
0.8101810181018101,0.4944247640551214,0.4751387686390688,0.5143128055810938
0.8106810681068106,0.4944465394406102,0.47515523579817315,0.5143367490327256
0.8111811181118112,0.49446827101602436,0.475171647175664,0.5143606360562403
0.8116811681168117,0.49448995867279105,0.47518800296049857,0.5143844665882481
0.8121812181218122,0.4945116023038899,0.47520430334099395,0.5144082405668405
0.8126812681268127,0.4945332018038447,0.47522054850482937,0.5144319579315814
0.8131813181318133,0.4945547570687147,0.47523673863904825,0.5144556186234981
0.8136813681368138,0.4945762679960864,0.47525287393006055,0.5144792225850726
0.8141814181418141,0.49459773448506483,0.47526895456364454,0.514502769760233
0.8146814681468146,0.49461915643626564,0.4752849807249494,0.5145262600943447
0.8151815181518152,0.49464053375180617,0.475300952598497,0.5145496935342012
0.8156815681568157,0.49466186633529746,0.4753168703681842,0.5145730700280162
0.8161816181618162,0.49468315409183594,0.47533273421728495,0.5145963895254146
0.8166816681668168,0.494704396927995,0.47534854432845225,0.5146196519774239
0.8171817181718173,0.4947255947518169,0.4753643008837205,0.5146428573364653
0.8176817681768176,0.4947467474728043,0.4753800040645074,0.5146660055563459
0.8181818181818181,0.4947678550019124,0.4753956540516162,0.5146890965922496
0.8186818681868187,0.4947889172515406,0.4754112510252375,0.5147121304007287
0.8191819181918192,0.4948099341355243,0.47542679516495173,0.5147351069396959
0.8196819681968197,0.49483090556912696,0.47544228664973087,0.5147580261684152
0.8201820182018202,0.49485183146903183,0.47545772565794064,0.5147808880474939
0.8206820682068208,0.494872711753334,0.47547311236734263,0.5148036925388743
0.8211821182118213,0.4948935463415326,0.4754884469550962,0.5148264396058252
0.8216821682168216,0.4949143351545222,0.4755037295977606,0.5148491292129339
0.8221822182218221,0.4949350781145856,0.4755189604712971,0.5148717613260974
0.8226822682268227,0.4949557751453852,0.4755341397510708,0.5148943359125149
0.8231823182318232,0.49497642617195564,0.47554926761185273,0.5149168529406788
0.8236823682368237,0.4949970311206956,0.475564344227822,0.5149393123803674
0.8241824182418243,0.49501758991936,0.4755793697725677,0.5149617142026359
0.8246824682468248,0.49503810249705227,0.47559434441909076,0.5149840583798091
0.8251825182518251,0.49505856878421634,0.47560926833980616,0.5150063448854727
0.8256825682568256,0.4950789887126292,0.47562414170654493,0.5150285736944658
0.8261826182618262,0.4950993622153928,0.47563896469055583,0.5150507447828722
0.8266826682668267,0.49511968922692656,0.4756537374625077,0.5150728581280131
0.8271827182718272,0.49513996968295976,0.4756684601924912,0.5150949137084391
0.8276827682768277,0.4951602035205235,0.4756831330500208,0.5151169115039216
0.8281828182818283,0.49518039067794345,0.47569775620403665,0.5151388514954458
0.8286828682868288,0.4952005310948321,0.47571232982290684,0.5151607336652022
0.8291829182918291,0.4952206247120811,0.47572685407442894,0.5151825579965793
0.8296829682968296,0.49524067147185397,0.4757413291258322,0.5152043244741551
0.8301830183018302,0.49526067131757817,0.4757557551437794,0.5152260330836902
0.8306830683068307,0.495280624193938,0.4757701322943686,0.5152476838121195
0.8311831183118312,0.49530053004686686,0.4757844607431355,0.5152692766475444
0.8316831683168318,0.49532038882354007,0.47579874065505484,0.5152908115792257
0.8321832183218323,0.4953402004723671,0.47581297219454255,0.5153122885975757
0.8326832683268326,0.49535996494298445,0.4758271555254576,0.51533370769415
0.8331833183318331,0.4953796821862484,0.47584129081110405,0.515355068861641
0.8336833683368337,0.49539935215422715,0.4758553782142325,0.5153763720938696
0.8341834183418342,0.4954189748001942,0.47586941789704257,0.5153976173857776
0.8346834683468347,0.49543855007862053,0.47588341002118417,0.515418804733421
0.8351835183518352,0.49545807794516766,0.4758973547477597,0.5154399341339617
0.8356835683568358,0.49547755835668017,0.4759112522373259,0.5154610055856605
0.8361836183618363,0.49549699127117885,0.47592510264989557,0.5154820190878696
0.8366836683668366,0.4955163766478532,0.47593890614493956,0.5155029746410251
0.8371837183718371,0.4955357144470544,0.4759526628813884,0.5155238722466401
0.8376837683768377,0.49555500463028823,0.4759663730176343,0.5155447119072967
0.8381838183818382,0.495574247160208,0.47598003671153294,0.5155654936266393
0.8386838683868387,0.4955934420006073,0.4759936541204053,0.5155862174093672
0.8391839183918393,0.49561258911641326,0.4760072254010394,0.5156068832612273
0.8396839683968398,0.49563168847367933,0.47602075070969213,0.5156274911890069
0.8401840184018401,0.4956507400395782,0.4760342302020911,0.5156480412005264
0.8406840684068406,0.4956697437823952,0.47604766403343646,0.5156685333046328
0.8411841184118412,0.495688699671521,0.47606105235840257,0.5156889675111915
0.8416841684168417,0.4957076076774449,0.4760743953311397,0.5157093438310806
0.8421842184218422,0.49572646777174784,0.4760876931052762,0.5157296622761824
0.8426842684268427,0.4957452799270957,0.47610094583391993,0.5157499228593776
0.8431843184318433,0.49576404411723235,0.4761141536696599,0.5157701255945375
0.8436843684368438,0.49578276031697277,0.4761273167645686,0.5157902704965174
0.8441844184418441,0.49580142850219655,0.476140435270203,0.5158103575811498
0.8446844684468446,0.4958200486498409,0.47615350933760703,0.515830386865237
0.8451845184518452,0.4958386207378939,0.47616653911731266,0.5158503583665449
0.8456845684568457,0.4958571447453881,0.47617952475934217,0.5158702721037954
0.8461846184618462,0.49587562065239343,0.4761924664132095,0.5158901280966603
0.8466846684668468,0.4958940484400109,0.4762053642279222,0.5159099263657541
0.8471847184718473,0.49591242809036584,0.4762182183519831,0.5159296669326271
0.8476847684768476,0.4959307595866013,0.4762310289333918,0.515949349819759
0.8481848184818481,0.4959490429128715,0.4762437961196468,0.5159689750505524
0.8486848684868487,0.4959672780543352,0.47625652005774677,0.5159885426493254
0.8491849184918492,0.4959854649971494,0.47626920089419256,0.5160080526413056
0.8496849684968497,0.4960036037284626,0.4762818387749887,0.5160275050526228
0.8501850185018502,0.4960216942364085,0.47629443384564507,0.5160468999103037
0.8506850685068508,0.4960397365100996,0.4763069862511788,0.5160662372422637
0.8511851185118513,0.4960577305396203,0.4763194961361156,0.5160855170773015
0.8516851685168516,0.4960756763160215,0.47633196364449176,0.5161047394450923
0.8521852185218521,0.4960935738313131,0.4763443889198556,0.5161239043761809
0.8526852685268527,0.49611142307845835,0.4763567721052691,0.516143011901976
0.8531853185318532,0.4961292240513675,0.4763691133433098,0.5161620620547432
0.8536853685368537,0.4961469767448913,0.47638141277607204,0.5161810548675989
0.8541854185418543,0.49616468115481466,0.47639367054516907,0.5161999903745037
0.8546854685468548,0.4961823372778508,0.47640588679173423,0.5162188686102561
0.8551855185518551,0.4961999451116348,0.4764180616564229,0.5162376896104864
0.8556855685568556,0.4962175046547171,0.47643019527941394,0.5162564534116504
0.8561856185618562,0.496235015906558,0.47644228780041137,0.5162751600510226
0.8566856685668567,0.49625247886752094,0.476454339358646,0.5162938095666907
0.8571857185718572,0.4962698935388667,0.47646635009287697,0.5163124019975489
0.8576857685768577,0.4962872599227472,0.47647832014139335,0.5163309373832922
0.8581858185818583,0.4963045780221994,0.47649024964201586,0.5163494157644093
0.8586858685868588,0.49632184784113936,0.47650213873209823,0.5163678371821778
0.8591859185918591,0.49633906938435607,0.4765139875485291,0.5163862016786569
0.8596859685968596,0.4963562426575057,0.4765257962277332,0.516404509296682
0.8601860186018602,0.4963733676671054,0.4765375649056733,0.5164227600798588
0.8606860686068607,0.4963904444205273,0.47654929371785143,0.5164409540725562
0.8611861186118612,0.49640747292599297,0.47656098279931075,0.5164590913199019
0.8616861686168618,0.49642445319256717,0.476572632284637,0.516477171867775
0.8621862186218623,0.496441385230152,0.4765842423079598,0.516495195762801
0.8626862686268626,0.4964582690494813,0.47659581300295467,0.5165131630523455
0.8631863186318631,0.49647510466211453,0.47660734450284414,0.5165310737845081
0.8636863686368637,0.49649189208043115,0.4766188369403996,0.5165489280081171
0.8641864186418642,0.4965086313176248,0.4766302904479425,0.5165667257727233
0.8646864686468647,0.49652532238769753,0.4766417051573462,0.5165844671285943
0.8651865186518652,0.4965419653054541,0.47665308120003735,0.5166021521267082
0.8656865686568658,0.4965585600864962,0.4766644187069973,0.516619780818749
0.8661866186618663,0.496575106747217,0.4766757178087637,0.5166373532570997
0.8666866686668666,0.49659160530479507,0.47668697863543225,0.5166548694948373
0.8671867186718671,0.49660805577718925,0.4766982013166576,0.5166723295857267
0.8676867686768677,0.49662445818313256,0.47670938598165546,0.5166897335842154
0.8681868186818682,0.49664081254212705,0.4767205327592038,0.5167070815454277
0.8686868686868687,0.49665711887443786,0.4767316417776442,0.5167243735251588
0.8691869186918693,0.4966733772010879,0.4767427131648837,0.5167416095798699
0.8696869686968698,0.4966895875438524,0.4767537470483959,0.5167587897666822
0.8701870187018701,0.4967057499252531,0.4767647435552227,0.5167759141433712
0.8706870687068706,0.4967218643685531,0.4767757028119756,0.5167929827683616
0.8711871187118712,0.4967379308977513,0.4767866249448372,0.5168099957007217
0.8716871687168717,0.4967539495375769,0.47679751007956267,0.5168269530001578
0.8721872187218722,0.49676992031348405,0.47680835834148116,0.5168438547270088
0.8726872687268727,0.49678584325164665,0.47681916985549744,0.5168607009422411
0.8731873187318733,0.4968017183789527,0.47682994474609297,0.5168774917074428
0.8736873687368738,0.4968175457229991,0.4768406831373276,0.5168942270848187
0.8741874187418741,0.4968333253120864,0.476851385152841,0.5169109071371846
0.8746874687468746,0.4968490571752134,0.4768620509158539,0.5169275319279623
0.8751875187518752,0.49686474134207204,0.4768726805491697,0.5169441015211743
0.8756875687568757,0.49688037784304195,0.47688327417517584,0.5169606159814384
0.8761876187618762,0.49689596670918545,0.4768938319158451,0.5169770753739625
0.8766876687668768,0.4969115079722422,0.47690435389273717,0.5169934797645397
0.8771877187718773,0.4969270016646241,0.47691484022699987,0.5170098292195423
0.8776877687768776,0.4969424478194101,0.47692529103937076,0.5170261238059176
0.8781878187818781,0.4969578464703411,0.47693570645017824,0.5170423635911825
0.8786878687868787,0.4969731976518148,0.47694608657934323,0.5170585486434178
0.8791879187918792,0.49698850139888073,0.4769564315463804,0.5170746790312639
0.8796879687968797,0.49700375774723504,0.4769667414703996,0.5170907548239153
0.8801880188018802,0.4970189667332156,0.4769770164701071,0.5171067760911157
0.8806880688068808,0.49703412839379685,0.47698725666380715,0.5171227429031529
0.8811881188118813,0.4970492427665849,0.4769974621694032,0.5171386553308537
0.8816881688168816,0.49706430988981254,0.47700763310439936,0.5171545134455795
0.8821882188218821,0.4970793298023342,0.47701776958590164,0.5171703173192208
0.8826882688268827,0.49709430254362125,0.47702787173061945,0.5171860670241921
0.8831883188318832,0.49710922815375674,0.4770379396548668,0.5172017626334278
0.8836883688368837,0.497124106673431,0.47704797347456357,0.5172174042203767
0.8841884188418843,0.49713893814393617,0.47705797330523725,0.5172329918589971
0.8846884688468848,0.4971537226071619,0.4770679392620237,0.5172485256237526
0.8851885188518851,0.4971684601055902,0.4770778714596689,0.5172640055896065
0.8856885688568856,0.49718315068229085,0.47708777001253017,0.5172794318320177
0.8861886188618862,0.49719779438091644,0.47709763503457736,0.5172948044269355
0.8866886688668867,0.4972123912456977,0.47710746663939435,0.5173101234507952
0.8871887188718872,0.4972269413214389,0.4771172649401802,0.517325388980513
0.8876887688768877,0.49724144465351283,0.47712703004975043,0.5173406010934815
0.8881888188818883,0.49725590128785635,0.47713676208053857,0.5173557598675652
0.8886888688868888,0.49727031127096566,0.4771464611445972,0.5173708653810959
0.8891889188918891,0.4972846746498916,0.4771561273535993,0.5173859177128676
0.8896889688968896,0.49729899147223516,0.47716576081883966,0.5174009169421322
0.8901890189018902,0.49731326178614266,0.477175361651236,0.5174158631485951
0.8906890689068907,0.4973274856403013,0.4771849299613303,0.5174307564124104
0.8911891189118912,0.49734166308393474,0.47719446585929004,0.5174455968141767
0.8916891689168918,0.4973557941667981,0.47720396945490967,0.5174603844349317
0.8921892189218923,0.497369878939174,0.47721344085761164,0.5174751193561492
0.8926892689268926,0.4973839174518676,0.47722288017644765,0.517489801659733
0.8931893189318931,0.49739790975620235,0.4772322875201001,0.5175044314280141
0.8936893689368937,0.4974118559040156,0.4772416629968832,0.5175190087437445
0.8941894189418942,0.4974257559476538,0.47725100671474424,0.5175335336900946
0.8946894689468947,0.4974396099399686,0.47726031878126485,0.5175480063506473
0.8951895189518952,0.4974534179343119,0.4772695993036623,0.517562426809395
0.8956895689568958,0.49746717998453205,0.47727884838879053,0.5175767951507341
0.8961896189618963,0.4974808961449688,0.4772880661431416,0.5175911114594611
0.8966896689668966,0.4974945664704497,0.4772972526728469,0.5176053758207688
0.8971897189718971,0.49750819101628524,0.47730640808367814,0.5176195883202416
0.8976897689768977,0.4975217698382647,0.4773155324810489,0.5176337490438507
0.8981898189818982,0.4975353029926521,0.47732462597001557,0.5176478580779513
0.8986898689868987,0.4975487905361815,0.47733368865527875,0.5176619155092771
0.8991899189918993,0.49756223252605325,0.47734272064118427,0.5176759214249366
0.8996899689968998,0.49757562901992947,0.47735172203172455,0.5176898759124089
0.9001900190019001,0.4975889800759297,0.47736069293053973,0.5177037790595398
0.9006900690069006,0.4976022857526273,0.47736963344091893,0.5177176309545374
0.9011901190119012,0.4976155461090448,0.4773785436658013,0.517731431685968
0.9016901690169017,0.4976287612046496,0.47738742370777737,0.5177451813427523
0.9021902190219022,0.4976419310993506,0.4773962736690901,0.5177588800141607
0.9026902690269027,0.49765505585349346,0.4774050936516361,0.5177725277898103
0.9031903190319033,0.4976681355278565,0.47741388375696675,0.5177861247596601
0.9036903690369038,0.4976811701836472,0.47742264408628965,0.5177996710140071
0.9041904190419041,0.49769415988249754,0.4774313747404693,0.5178131666434826
0.9046904690469046,0.49770710468646046,0.47744007582002873,0.5178266117390481
0.9051905190519052,0.4977200046580054,0.4774487474251503,0.5178400063919912
0.9056905690569057,0.49773285986001475,0.47745738965567713,0.5178533506939222
0.9061906190619062,0.4977456703557796,0.4774660026111141,0.5178666447367696
0.9066906690669068,0.49775843620899596,0.47747458639062895,0.5178798886127767
0.9071907190719073,0.4977711574837608,0.47748314109305356,0.5178930824144974
0.9076907690769076,0.49778383424456785,0.47749166681688493,0.5179062262347928
0.9081908190819081,0.4977964665563044,0.47750016366028664,0.5179193201668268
0.9086908690869087,0.4978090544842466,0.4775086317210895,0.517932364304063
0.9091909190919092,0.4978215980940563,0.4775170710967929,0.5179453587402604
0.9096909690969097,0.4978340974517768,0.4775254818845663,0.5179583035694699
0.9101910191019102,0.49784655262382926,0.4775338641812496,0.5179711988860305
0.9106910691069108,0.4978589636770087,0.4775422180833549,0.5179840447845655
0.9111911191119113,0.49787133067848055,0.47755054368706723,0.5179968413599791
0.9116911691169116,0.4978836536957765,0.477558841088246,0.5180095887074526
0.9121912191219121,0.49789593279679095,0.4775671103824256,0.5180222869224405
0.9126912691269127,0.49790816804977756,0.4775753516648172,0.5180349361006671
0.9131913191319132,0.497920359523345,0.47758356503030897,0.5180475363381232
0.9136913691369137,0.4979325072864537,0.4775917505734681,0.5180600877310616
0.9141914191419143,0.4979446114084121,0.4775999083885411,0.5180725903759947
0.9146914691469148,0.49795667195887283,0.4776080385694555,0.5180850443696903
0.9151915191519151,0.4979686890078292,0.4776161412098204,0.5180974498091675
0.9156915691569156,0.4979806626256117,0.477624216402928,0.5181098067916946
0.9161916191619162,0.4979925928828843,0.47763226424175437,0.5181221154147846
0.9166916691669167,0.4980044798506407,0.4776402848189607,0.5181343757761916
0.9171917191719172,0.49801632360020126,0.47764827822689426,0.5181465879739081
0.9176917691769177,0.49802812420320897,0.4776562445575894,0.5181587521061612
0.9181918191819183,0.49803988173162617,0.47766418390276894,0.5181708682714089
0.9186918691869188,0.49805159625773093,0.4776720963538448,0.518182936568337
0.9191919191919191,0.4980632678541138,0.47767998200191925,0.5181949570958558
0.9196919691969196,0.4980748965936741,0.4776878409377861,0.5182069299530966
0.9201920192019202,0.4980864825496165,0.47769567325193146,0.5182188552394082
0.9206920692069207,0.4980980257954479,0.477703479034535,0.5182307330543541
0.9211921192119212,0.49810952640497336,0.47771125837547085,0.5182425634977084
0.9216921692169218,0.4981209844522935,0.4777190113643088,0.5182543466694532
0.9221922192219223,0.4981324000118006,0.4777267380903151,0.5182660826697754
0.9226922692269226,0.4981437731581753,0.4777344386424537,0.5182777715990623
0.9231923192319231,0.49815510396638346,0.4777421131093872,0.5182894135579001
0.9236923692369237,0.4981663925116726,0.47774976157947774,0.5183010086470694
0.9241924192419242,0.49817763886956884,0.4777573841407883,0.5183125569675423
0.9246924692469247,0.4981888431158734,0.47776498088108343,0.5183240586204795
0.9251925192519252,0.49820000532665937,0.4777725518878305,0.518335513707227
0.9256925692569258,0.49821112557826847,0.4777800972482004,0.5183469223293128
0.9261926192619263,0.498222203947308,0.47778761704906897,0.5183582845884438
0.9266926692669266,0.4982332405106472,0.4777951113770176,0.5183696005865032
0.9271927192719271,0.4982442353454145,0.47780258031833434,0.5183808704255466
0.9276927692769277,0.498255188528994,0.4778100239590152,0.5183920942077995
0.9281928192819282,0.49826610013902234,0.47781744238476453,0.5184032720356542
0.9286928692869287,0.49827697025338585,0.4778248356809967,0.5184144040116663
0.9291929192919293,0.498287798950217,0.4778322039328366,0.5184254902385524
0.9296929692969298,0.4982985863078916,0.4778395472251207,0.5184365308191867
0.9301930193019301,0.4983093324050254,0.4778468656423981,0.5184475258565978
0.9306930693069306,0.49832003732047125,0.4778541592689316,0.5184584754539662
0.9311931193119312,0.49833070113331596,0.4778614281886986,0.5184693797146209
0.9316931693169317,0.49834132392287717,0.4778686724853918,0.5184802387420371
0.9321932193219322,0.4983519057687004,0.47787589224242055,0.5184910526398324
0.9326932693269328,0.49836244675055597,0.4778830875429117,0.5185018215117649
0.9331933193319333,0.4983729469484359,0.4778902584697104,0.5185125454617295
0.9336933693369338,0.49838340644255136,0.47789740510538126,0.5185232245937554
0.9341934193419341,0.498393825313329,0.4779045275322092,0.5185338590120033
0.9346934693469346,0.4984042036414085,0.47791162583220026,0.5185444488207623
0.9351935193519352,0.4984145415076396,0.47791870008708287,0.5185549941244474
0.9356935693569357,0.4984248389930789,0.47792575037830853,0.5185654950275965
0.9361936193619362,0.4984350961789871,0.47793277678705287,0.5185759516348678
0.9366936693669368,0.49844531314682633,0.47793977939421645,0.5185863640510368
0.9371937193719373,0.4984554899782568,0.4779467582804259,0.5185967323809937
0.9376937693769376,0.49846562675513434,0.47795371352603455,0.5186070567297407
0.9381938193819381,0.4984757235595074,0.4779606452111238,0.5186173372023892
0.9386938693869387,0.4984857804736142,0.47796755341550357,0.5186275739041573
0.9391939193919392,0.4984957975798799,0.4779744382187135,0.5186377669403666
0.9396939693969397,0.49850577496091386,0.47798129970002384,0.51864791641644
0.9401940194019403,0.4985157126995069,0.4779881379384362,0.5186580224378995
0.9406940694069408,0.4985256108786284,0.4779949530126847,0.5186680851103621
0.9411941194119413,0.4985354695814237,0.47800174500123666,0.5186781045395389
0.9416941694169416,0.4985452888912111,0.47800851398229366,0.5186880808312311
0.9421942194219421,0.49855506889147944,0.4780152600337923,0.5186980140913283
0.9426942694269427,0.4985648096658853,0.4780219832334053,0.5187079044258057
0.9431943194319432,0.49857451129825014,0.47802868365854206,0.5187177519407213
0.9436943694369437,0.4985841738725578,0.47803536138635006,0.5187275567422137
0.9441944194419443,0.4985937974729519,0.47804201649371514,0.5187373189364994
0.9446944694469448,0.49860338218373296,0.4780486490572629,0.5187470386298703
0.9451945194519451,0.4986129280893558,0.4780552591533593,0.518756715928691
0.9456945694569456,0.4986224352744273,0.4780618468581116,0.518766350939397
0.9461946194619462,0.4986319038237032,0.47806841224736923,0.5187759437684917
0.9466946694669467,0.498641333822086,0.47807495539672484,0.5187854945225436
0.9471947194719472,0.4986507253546222,0.47808147638151477,0.5187950033081851
0.9476947694769478,0.4986600785064996,0.4780879752768204,0.5188044702321084
0.9481948194819483,0.4986693933630451,0.47809445215746865,0.5188138954010649
0.9486948694869488,0.49867867000972194,0.4781009070980329,0.5188232789218613
0.9491949194919491,0.4986879085321271,0.47810734017283407,0.5188326209013582
0.9496949694969496,0.49869710901598896,0.47811375145594126,0.5188419214464672
0.9501950195019502,0.49870627154716485,0.4781201410211726,0.518851180664149
0.9506950695069507,0.49871539621163846,0.4781265089420963,0.5188603986614106
0.9511951195119512,0.4987244830955174,0.4781328552920312,0.5188695755453034
0.9516951695169518,0.49873353228503087,0.47813918014404794,0.5188787114229207
0.9521952195219523,0.49874254386652705,0.47814548357096953,0.5188878064013955
0.9526952695269526,0.4987515179264708,0.4781517656453723,0.5188968605878982
0.9531953195319531,0.4987604545514413,0.4781580264395868,0.5189058740896343
0.9536953695369537,0.49876935382812954,0.4781642660256985,0.5189148470138422
0.9541954195419542,0.4987782158433361,0.4781704844755487,0.5189237794677909
0.9546954695469547,0.49878704068396856,0.47817668186073536,0.5189326715587783
0.9551955195519553,0.49879582843703946,0.47818285825261386,0.5189415233941282
0.9556955695569558,0.49880457918966375,0.4781890137222979,0.5189503350811888
0.9561956195619563,0.49881329302905647,0.47819514834066035,0.5189591067273299
0.9566956695669566,0.4988219700425306,0.4782012621783338,0.5189678384399414
0.9571957195719571,0.4988306103174947,0.4782073553057119,0.5189765303264309
0.9576957695769577,0.49883921394145053,0.47821342779294956,0.5189851824942213
0.9581958195819582,0.498847781001991,0.4782194797099641,0.5189937950507492
0.9586958695869587,0.49885631158679766,0.47822551112643613,0.5190023681034625
0.9591959195919593,0.4988648057836388,0.4782315221118101,0.5190109017598181
0.9596959695969598,0.4988732636803667,0.4782375127352952,0.5190193961272805
0.9601960196019601,0.4988816853649162,0.4782434830658663,0.5190278513133193
0.9606960696069606,0.4988900709253018,0.4782494331722645,0.5190362674254071
0.9611961196119612,0.49889842044961574,0.47825536312299816,0.5190446445710175
0.9616961696169617,0.49890673402602587,0.47826127298634347,0.5190529828576234
0.9621962196219622,0.4989150117427736,0.4782671628303453,0.5190612823926947
0.9626962696269628,0.4989232536881714,0.47827303272281824,0.5190695432836965
0.9631963196319633,0.4989314599506011,0.47827888273134694,0.5190777656380868
0.9636963696369638,0.4989396306185115,0.4782847129232872,0.5190859495633151
0.9641964196419641,0.49894776578041616,0.4782905233657666,0.51909409516682
0.9646964696469646,0.49895586552489185,0.47829631412568546,0.5191022025560275
0.9651965196519652,0.49896392994057587,0.47830208526971735,0.5191102718383486
0.9656965696569657,0.4989719591161642,0.47830783686431,0.5191183031211783
0.9661966196619662,0.4989799531404097,0.47831356897568617,0.5191262965118932
0.9666966696669668,0.49898791210211974,0.47831928166984405,0.5191342521178494
0.9671967196719673,0.4989958360901542,0.4783249750125586,0.5191421700463806
0.9676967696769676,0.49900372519342373,0.47833064906938166,0.5191500504047971
0.9681968196819681,0.4990115795008874,0.4783363039056432,0.5191578933003832
0.9686968696869687,0.49901939910155113,0.4783419395864518,0.5191656988403954
0.9691969196919692,0.49902718408446517,0.4783475561766956,0.5191734671320608
0.9696969696969697,0.4990349345387227,0.4783531537410428,0.5191811982825754
0.9701970197019703,0.49904265055345753,0.4783587323439426,0.5191888923991018
0.9706970697069708,0.4990503322178422,0.4783642920496259,0.5191965495887683
0.9711971197119713,0.4990579796210862,0.47836983292210594,0.5192041699586661
0.9716971697169716,0.49906559285243396,0.4783753550251793,0.5192117536158486
0.9721972197219722,0.49907317200116297,0.4783808584224262,0.5192193006673288
0.9726972697269727,0.49908071715658187,0.4783863431772118,0.519226811220078
0.9731973197319732,0.4990882284080286,0.4783918093526862,0.5192342853810239
0.9736973697369737,0.4990957058448684,0.478397257011786,0.5192417232570493
0.9741974197419743,0.49910314955649243,0.4784026862172343,0.51924912495499
0.9746974697469748,0.49911055963231526,0.47840809703154197,0.5192564905816331
0.9751975197519751,0.4991179361617736,0.47841348951700785,0.5192638202437158
0.9756975697569756,0.499125279234324,0.47841886373572007,0.5192711140479229
0.9761976197619762,0.49913258893944157,0.4784242197495561,0.5192783721008865
0.9766976697669767,0.49913986536661786,0.4784295576201842,0.5192855945091828
0.9771977197719772,0.49914710860535905,0.4784348774090633,0.5192927813793318
0.9776977697769778,0.4991543187451844,0.4784401791774444,0.519299932817795
0.9781978197819783,0.4991614958756243,0.4784454629863711,0.5193070489309739
0.9786978697869788,0.49916864008621864,0.4784507288966799,0.5193141298252086
0.9791979197919791,0.49917575146651505,0.4784559769690015,0.5193211756067762
0.9796979697969797,0.4991828301060671,0.47846120726376107,0.519328186381889
0.9801980198019802,0.49918987609443277,0.4784664198411792,0.5193351622566933
0.9806980698069807,0.4991968895211726,0.4784716147612724,0.5193421033372676
0.9811981198119812,0.4992038704758479,0.4784767920838539,0.5193490097296213
0.9816981698169818,0.4992108190480195,0.47848195186853437,0.5193558815396929
0.9821982198219823,0.4992177353272456,0.47848709417472246,0.5193627188733491
0.9826982698269826,0.4992246194030804,0.4784922190616256,0.5193695218363824
0.9831983198319831,0.49923147136507234,0.47849732658825067,0.5193762905345104
0.9836983698369837,0.4992382913027626,0.4785024168134048,0.5193830250733742
0.9841984198419842,0.49924507930568335,0.47850748979569563,0.5193897255585365
0.9846984698469847,0.49925183546335616,0.4785125455935325,0.5193963920954807
0.9851985198519853,0.4992585598652905,0.4785175842651268,0.5194030247896093
0.9856985698569858,0.499265252600982,0.4785226058684928,0.5194096237462422
0.9861986198619863,0.49927191375991103,0.4785276104614482,0.5194161890706158
0.9866986698669866,0.4992785434315411,0.4785325981016148,0.5194227208678812
0.9871987198719872,0.4992851417053172,0.4785375688464193,0.519429219243103
0.9876987698769877,0.4992917086706643,0.47854252275309384,0.5194356843012579
0.9881988198819882,0.499298244416986,0.4785474598786766,0.5194421161472332
0.9886988698869887,0.49930474903366284,0.4785523802800127,0.5194485148858259
0.9891989198919893,0.4993112226100507,0.4785572840137545,0.5194548806217405
0.9896989698969898,0.49931766523547944,0.4785621711363628,0.5194612134595887
0.9901990199019901,0.49932407699925146,0.4785670417041067,0.5194675135038875
0.9906990699069906,0.4993304579906402,0.4785718957730651,0.5194737808590577
0.9911991199119912,0.49933680829888843,0.47857673339912654,0.5194800156294233
0.9916991699169917,0.4993431280132072,0.4785815546379906,0.5194862179192092
0.9921992199219922,0.499349417222774,0.478586359545168,0.5194923878325414
0.9926992699269928,0.49935567601673164,0.4785911481759814,0.519498525473444
0.9931993199319933,0.4993619044841866,0.47859592058556616,0.5195046309458392
0.9936993699369938,0.4993681027142078,0.4786006768288708,0.5195107043535457
0.9941994199419941,0.499374270795825,0.47860541696065767,0.5195167458002774
0.9946994699469947,0.49938040881802764,0.47861014103550376,0.5195227553896421
0.9951995199519952,0.4993865168697631,0.47861484910780105,0.5195287332251404
0.9956995699569957,0.49939259503993577,0.47861954123175726,0.5195346794101645
0.9961996199619962,0.49939864341740536,0.4786242174613966,0.519540594047997
0.9966996699669968,0.49940466209098566,0.4786288778505602,0.5195464772418098
0.9971997199719973,0.49941065114944316,0.4786335224529068,0.5195523290946628
0.9976997699769976,0.4994166106814958,0.4786381513219134,0.5195581497095025
0.9981998199819981,0.4994225407758116,0.47864276451087584,0.5195639391891615
0.9986998699869987,0.4994284415210072,0.4786473620729094,0.519569697636357
0.9991999199919992,0.49943431300564683,0.4786519440609495,0.5195754251536893
0.9996999699969997,0.4994401553182408,0.47865651052775227,0.519581121843641
1.000200020002,0.4994459685472444,0.4786610615258949,0.5195867878085765
1.0007000700070008,0.4994517527810563,0.47866559710777673,0.5195924231507396
1.001200120012001,0.4994575081080177,0.4786701173256195,0.5195980279722535
1.0017001700170018,0.4994632346164108,0.4786746222314681,0.5196036023751194
1.0022002200220022,0.49946893239445755,0.47867911187719103,0.5196091464612149
1.002700270027003,0.49947460153031864,0.47868358631448116,0.519614660332294
1.0032003200320032,0.499480242112092,0.4786880455948563,0.5196201440899848
1.0037003700370035,0.49948585422781183,0.47869248976965956,0.5196255978357897
1.0042004200420043,0.4994914379654471,0.47869691889006033,0.5196310216710832
1.0047004700470046,0.4994969934129006,0.4787013330070546,0.5196364156971117
1.0052005200520053,0.4995025206580077,0.47870573217146556,0.5196417800149923
1.0057005700570056,0.4995080197885352,0.4787101164339443,0.5196471147257115
1.0062006200620064,0.49951349089217983,0.4787144858449703,0.5196524199301242
1.0067006700670067,0.49951893405656767,0.478718840454852,0.5196576957289535
1.007200720072007,0.4995243493692525,0.4787231803137276,0.5196629422227886
1.0077007700770078,0.4995297369177149,0.4787275054715653,0.5196681595120847
1.008200820082008,0.49953509678936103,0.478731815978164,0.5196733476971612
1.0087008700870088,0.4995404290715215,0.47873611188315407,0.5196785068782018
1.0092009200920091,0.4995457338514504,0.4787403932359976,0.5196836371552528
1.0097009700970099,0.49955101121632395,0.47874466008598926,0.519688738628222
1.0102010201020102,0.4995562612532396,0.4787489124822566,0.5196938113968785
1.0107010701070105,0.4995614840492148,0.47875315047376094,0.5196988555608515
1.0112011201120112,0.499566679691186,0.4787573741092976,0.519703871219629
1.0117011701170116,0.49957184826600776,0.47876158343749653,0.5197088584725573
1.0122012201220123,0.4995769898604511,0.4787657785068233,0.51971381741884
1.0127012701270126,0.49958210456120333,0.4787699593655788,0.5197187481575373
1.0132013201320134,0.49958719245486605,0.4787741260619008,0.5197236507875647
1.0137013701370137,0.49959225362795484,0.47877827864376366,0.5197285254076923
1.0142014201420144,0.49959728816689786,0.4787824171589794,0.5197333721165445
1.0147014701470147,0.4996022961580351,0.47878654165519796,0.5197381910125982
1.015201520152015,0.499607277687617,0.478790652179908,0.5197429821941826
1.0157015701570158,0.4996122328418037,0.47879474878043726,0.5197477457594784
1.016201620162016,0.49961716170666415,0.47879883150395314,0.5197524818065163
1.0167016701670168,0.49962206436817486,0.4788029003974632,0.5197571904331773
1.0172017201720172,0.49962694091221893,0.47880695550781593,0.5197618717371907
1.017701770177018,0.4996317914245854,0.47881099688170103,0.519766525816134
1.0182018201820182,0.499636615990968,0.47881502456565,0.5197711527674324
1.0187018701870185,0.49964141469696416,0.47881903860603675,0.5197757526883569
1.0192019201920193,0.49964618762807433,0.4788230390490782,0.5197803256760246
1.0197019701970196,0.49965093486970086,0.4788270259408345,0.5197848718273977
1.0202020202020203,0.49965565650714705,0.47883099932720996,0.5197893912392823
1.0207020702070206,0.4996603526256163,0.47883495925395336,0.5197938840083278
1.0212021202120214,0.4996650233102113,0.47883890576665844,0.5197983502310268
1.0217021702170217,0.4996696686459328,0.4788428389107645,0.5198027900037137
1.022202220222022,0.4996742887176791,0.4788467587315571,0.5198072034225636
1.0227022702270228,0.499678883610245,0.47885066527416803,0.5198115905835928
1.023202320232023,0.4996834534083207,0.4788545585835765,0.5198159515826573
1.0237023702370238,0.4996879981964914,0.47885843870460937,0.5198202865154518
1.0242024202420241,0.499692518059236,0.4788623056819414,0.5198245954775098
1.0247024702470249,0.49969701308092646,0.47886615956009626,0.5198288785642023
1.0252025202520252,0.4997014833458269,0.4788700003834467,0.5198331358707378
1.0257025702570255,0.49970592893809285,0.4788738281962151,0.5198373674921604
1.0262026202620262,0.4997103499417702,0.4788776430424742,0.5198415735233506
1.0267026702670266,0.4997147464407946,0.47888144496614726,0.5198457540590236
1.0272027202720273,0.49971911851899053,0.47888523401100896,0.5198499091937291
1.0277027702770276,0.4997234662600706,0.4788890102206854,0.5198540390218506
1.0282028202820284,0.4997277897476344,0.4788927736386553,0.5198581436376046
1.0287028702870287,0.49973208906516825,0.4788965243082497,0.5198622231350404
1.0292029202920294,0.49973636429604396,0.4789002622726531,0.5198662776080387
1.0297029702970297,0.49974061552351834,0.47890398757490366,0.5198703071503119
1.03020302030203,0.4997448428307321,0.4789077002578937,0.519874311855403
1.0307030703070308,0.4997490463007096,0.4789114003643703,0.5198782918166849
1.031203120312031,0.4997532260163575,0.47891508793693577,0.51988224712736
1.0317031703170318,0.49975738206046444,0.478918763018048,0.5198861778804597
1.0322032203220322,0.49976151451570006,0.47892242565002113,0.5198900841688436
1.032703270327033,0.49976562346461445,0.47892607587502595,0.5198939660851994
1.0332033203320332,0.4997697089896372,0.4789297137350904,0.5198978237220415
1.0337033703370335,0.4997737711730769,0.4789333392721,0.5199016571717112
1.0342034203420343,0.4997778100971204,0.47893695252779855,0.5199054665263758
1.0347034703470346,0.4997818258438318,0.4789405535437882,0.5199092518780283
1.0352035203520353,0.4997858184951522,0.47894414236153043,0.5199130133184865
1.0357035703570356,0.49978978813289865,0.47894771902234606,0.5199167509393927
1.0362036203620364,0.4997937348387636,0.478951283567416,0.5199204648322134
1.0367036703670367,0.49979765869431436,0.4789548360377818,0.5199241550882384
1.037203720372037,0.4998015597809922,0.4789583764743457,0.5199278217985804
1.0377037703770378,0.4998054381801117,0.47896190491787166,0.5199314650541745
1.038203820382038,0.4998092939728603,0.47896542140898546,0.5199350849457779
1.0387038703870388,0.49981312724029736,0.47896892598817525,0.5199386815639693
1.0392039203920391,0.49981693806335387,0.478972418695792,0.519942254999148
1.0397039703970399,0.49982072652283144,0.47897589957205006,0.5199458053415343
1.0402040204020402,0.4998244926994019,0.47897936865702745,0.5199493326811684
1.0407040704070405,0.49982823667360654,0.47898282599066655,0.5199528371079098
1.0412041204120412,0.4998319585258557,0.4789862716127744,0.5199563187114377
1.0417041704170416,0.499835658336428,0.4789897055630231,0.5199597775812491
1.0422042204220423,0.49983933618546966,0.4789931278809506,0.5199632138066602
1.0427042704270426,0.49984299215299405,0.4789965386059606,0.5199666274768044
1.0432043204320434,0.49984662631888105,0.4789999377773235,0.5199700186806328
1.0437043704370437,0.4998502387628765,0.4790033254341768,0.519973387506913
1.0442044204420444,0.49985382956459146,0.4790067016155251,0.5199767340442296
1.0447044704470447,0.499857398803502,0.4790100663602412,0.5199800583809834
1.045204520452045,0.49986094655894814,0.47901341970706596,0.5199833606053904
1.0457045704570458,0.4998644729101337,0.47901676169460916,0.5199866408054823
1.046204620462046,0.4998679779361255,0.4790200923613498,0.5199898990691058
1.0467046704670468,0.499871461715853,0.47902341174563645,0.5199931354839218
1.0472047204720472,0.4998749243281076,0.47902671988568785,0.5199963501374059
1.047704770477048,0.49987836585154216,0.4790300168195932,0.5199995431168468
1.0482048204820482,0.4998817863646705,0.4790333025853127,0.5200027145093474
1.0487048704870485,0.49988518594586695,0.479036577220678,0.5200058644018232
1.0492049204920493,0.49988856467336557,0.47903984076339257,0.5200089928810023
1.0497049704970496,0.49989192262525994,0.47904309325103217,0.5200121000334257
1.0502050205020503,0.4998952598795025,0.4790463347210453,0.5200151859454459
1.0507050705070506,0.499898576513904,0.47904956521075354,0.5200182507032275
1.0512051205120514,0.4999018726061333,0.4790527847573521,0.520021294392746
1.0517051705170517,0.4999051482337164,0.47905599339791016,0.5200243170997885
1.052205220522052,0.49990840347403637,0.47905919116937135,0.5200273189099522
1.0527052705270528,0.49991163840433284,0.4790623781085541,0.5200302999086454
1.053205320532053,0.49991485310170125,0.47906555425215225,0.5200332601810855
1.0537053705370538,0.49991804764309267,0.47906871963673525,0.5200361998123009
1.0542054205420541,0.4999212221053132,0.47907187429874865,0.5200391188871284
1.0547054705470549,0.4999243765650236,0.4790750182745146,0.5200420174902146
1.0552055205520552,0.49992751109873873,0.47907815160023215,0.5200448957060149
1.055705570557056,0.49993062578282726,0.4790812743119778,0.5200477536187933
1.0562056205620562,0.4999337206935112,0.4790843864457058,0.520050591312622
1.0567056705670566,0.49993679590686535,0.4790874880372486,0.5200534088713816
1.0572057205720573,0.499939851498817,0.4790905791223173,0.5200562063787602
1.0577057705770576,0.49994288754514543,0.47909365973650203,0.5200589839182536
1.0582058205820584,0.4999459041214816,0.4790967299152723,0.520061741573165
1.0587058705870587,0.4999489013033077,0.47909978969397754,0.5200644794266044
1.0592059205920594,0.4999518791659567,0.4791028391078474,0.5200671975614888
1.0597059705970597,0.49995483778461197,0.47910587819199224,0.5200698960605418
1.06020602060206,0.499957777234307,0.47910890698140335,0.5200725750062931
1.0607060706070608,0.4999606975899249,0.4791119255109537,0.520075234481079
1.061206120612061,0.499963598926198,0.479114933815398,0.520077874567041
1.0617061706170619,0.4999664813177076,0.47911793192937313,0.5200804953461269
1.0622062206220622,0.4999693448388835,0.4791209198873989,0.5200830969000896
1.062706270627063,0.4999721895640037,0.4791238977238779,0.5200856793104873
1.0632063206320632,0.4999750155671939,0.47912686547309646,0.5200882426586834
1.0637063706370635,0.4999778229224275,0.4791298231692246,0.520090787025846
1.0642064206420643,0.4999806117035247,0.47913277084631656,0.520093312492948
1.0647064706470646,0.4999833819841528,0.47913570853831133,0.5200958191407665
1.0652065206520653,0.4999861338378253,0.47913863627903286,0.5200983070498832
1.0657065706570656,0.49998886733790193,0.47914155410219056,0.5201007763006839
1.0662066206620664,0.49999158255758813,0.47914446204137967,0.5201032269733579
1.0667066706670667,0.49999427956993486,0.4791473601300815,0.5201056591478989
1.067206720672067,0.4999969584478382,0.47915024840166426,0.5201080729041037
1.0677067706770678,0.499999619264039,0.4791531268893827,0.5201104683215729
1.068206820682068,0.5000022620911229,0.4791559956263792,0.5201128454797102
1.0687068706870688,0.5000048870015192,0.47915885464568386,0.5201152044577224
1.0692069206920691,0.5000074940675019,0.47916170398021474,0.5201175453346196
1.0697069706970699,0.500010083361188,0.4791645436627786,0.5201198681892144
1.0702070207020702,0.5000126549545383,0.4791673737260708,0.5201221731001224
1.070707070707071,0.5000152089193562,0.4791701942026763,0.5201244601457616
1.0712071207120712,0.5000177453272884,0.4791730051250694,0.5201267294043526
1.0717071707170716,0.5000202642498237,0.47917580652561437,0.5201289809539182
1.0722072207220723,0.5000227657582935,0.4791785984365661,0.5201312148722838
1.0727072707270726,0.5000252499238711,0.47918138089007006,0.5201334312370763
1.0732073207320734,0.5000277168175713,0.47918415391816277,0.5201356301257254
1.0737073707370737,0.5000301665102507,0.4791869175527724,0.520137811615462
1.0742074207420744,0.500032599072607,0.47918967182571875,0.5201399757833192
1.0747074707470747,0.5000350145751788,0.47919241676871405,0.5201421227061316
1.075207520752075,0.5000374130883457,0.4791951524133629,0.5201442524605356
1.0757075707570758,0.5000397946823277,0.4791978787911631,0.5201463651229692
1.076207620762076,0.500042159427185,0.4792005959335055,0.5201484607696716
1.0767076707670769,0.500044507392818,0.4792033038716747,0.5201505394766837
1.0772077207720772,0.5000468386489668,0.47920600263684937,0.5201526013198472
1.077707770777078,0.5000491532652114,0.47920869226010254,0.5201546463748056
1.0782078207820782,0.5000514513109707,0.479211372772402,0.5201566747170032
1.0787078707870785,0.5000537328555036,0.47921404420461056,0.5201586864216856
1.0792079207920793,0.5000559979679073,0.4792167065874866,0.5201606815638995
1.0797079707970796,0.5000582467171182,0.4792193599516842,0.5201626602184924
1.0802080208020803,0.500060479171911,0.47922200432775364,0.5201646224601129
1.0807080708070806,0.5000626954008991,0.4792246397461417,0.5201665683632104
1.0812081208120814,0.5000648954725342,0.47922726623719214,0.5201684980020352
1.0817081708170817,0.5000670794551058,0.47922988383114573,0.5201704114506386
1.082208220822082,0.5000692474167413,0.479232492558141,0.5201723087828725
1.0827082708270828,0.5000713994254061,0.4792350924482142,0.5201741900723895
1.083208320832083,0.5000735355489029,0.4792376835313,0.5201760553926433
1.0837083708370838,0.5000756558548717,0.47924026583723156,0.5201779048168881
1.0842084208420841,0.50007776041079,0.47924283939574097,0.5201797384181785
1.0847084708470849,0.5000798492839721,0.4792454042364598,0.5201815562693706
1.0852085208520852,0.5000819225415694,0.4792479603889189,0.5201833584431202
1.085708570857086,0.5000839802505699,0.4792505078825494,0.5201851450118846
1.0862086208620862,0.5000860224777982,0.4792530467466826,0.5201869160479213
1.0867086708670866,0.5000880492899157,0.4792555770105505,0.5201886716232887
1.0872087208720873,0.5000900607534198,0.47925809870328595,0.5201904118098458
1.0877087708770876,0.5000920569346441,0.47926061185392327,0.5201921366792523
1.0882088208820884,0.5000940378997585,0.4792631164913983,0.5201938463029687
1.0887088708870887,0.5000960037147687,0.4792656126445489,0.520195540752256
1.0892089208920894,0.5000979544455163,0.4792681003421153,0.5201972200981761
1.0897089708970897,0.5000998901576788,0.4792705796127404,0.5201988844115919
1.09020902090209,0.5001018109167686,0.47927305048496993,0.5202005337631666
1.0907090709070908,0.5001037167881347,0.479275512987253,0.5202021682233645
1.091209120912091,0.5001056078369605,0.47927796714794235,0.5202037878624508
1.0917091709170919,0.5001074841282652,0.4792804129952947,0.5202053927504915
1.0922092209220922,0.5001093457269031,0.4792828505574711,0.5202069829573537
1.092709270927093,0.5001111926975637,0.47928527986253705,0.5202085585527051
1.0932093209320932,0.5001130251047712,0.479287700938463,0.5202101196060149
1.0937093709370935,0.500114843012885,0.4792901138131249,0.5202116661865532
1.0942094209420943,0.5001166464860993,0.47929251851430393,0.5202131983633912
1.0947094709470946,0.500118435588443,0.4792949150696874,0.5202147162054012
1.0952095209520953,0.5001202103837797,0.4792973035068688,0.5202162197812568
1.0957095709570956,0.5001219709358077,0.4792996838533479,0.5202177091594332
1.0962096209620964,0.5001237173080597,0.47930205613653176,0.5202191844082067
1.0967096709670967,0.500125449563903,0.4793044203837343,0.5202206455956551
1.097209720972097,0.5001271677665393,0.4793067766221768,0.5202220927896578
1.0977097709770978,0.5001288719790046,0.4793091248789887,0.5202235260578958
1.098209820982098,0.5001305622641693,0.47931146518120726,0.5202249454678518
1.0987098709870988,0.500132238684738,0.47931379755577824,0.5202263510868103
1.0992099209920991,0.5001339013032496,0.47931612202955615,0.5202277429818575
1.0997099709970999,0.500135550182077,0.4793184386293045,0.5202291212198819
1.1002100210021002,0.5001371853834274,0.4793207473816961,0.5202304858675736
1.100710071007101,0.500138806969342,0.47932304831331346,0.5202318369914252
1.1012101210121013,0.500140415001696,0.47932534145064903,0.5202331746577314
1.1017101710171016,0.5001420095421988,0.47932762682010555,0.5202344989325894
1.1022102210221023,0.5001435906523937,0.4793299044479962,0.5202358098818985
1.1027102710271026,0.5001451583936579,0.47933217436054526,0.5202371075713611
1.1032103210321034,0.5001467128272028,0.47933443658388797,0.5202383920664816
1.1037103710371037,0.5001482540140734,0.47933669114407107,0.5202396634325678
1.1042104210421044,0.5001497820151488,0.47933893806705313,0.52024092173473
1.1047104710471047,0.5001512968911421,0.47934117737870474,0.5202421670378818
1.105210521052105,0.5001527987026002,0.4793434091048088,0.5202433994067397
1.1057105710571058,0.5001542875099038,0.47934563327106117,0.5202446189058237
1.106210621062106,0.5001557633732677,0.4793478499030702,0.5202458255994571
1.1067106710671069,0.5001572263527406,0.47935005902635786,0.5202470195517666
1.1072107210721072,0.5001586765082049,0.4793522606663595,0.5202482008266828
1.107710771077108,0.500160113899377,0.4793544548484243,0.5202493694879399
1.1082108210821082,0.5001615385858073,0.47935664159781577,0.5202505255990761
1.1087108710871085,0.50016295062688,0.4793588209397115,0.5202516692234339
1.1092109210921093,0.5001643500818135,0.47936099289920414,0.5202528004241598
1.1097109710971096,0.5001657370096599,0.4793631575013011,0.5202539192642046
1.1102110211021103,0.5001671114693055,0.47936531477092514,0.5202550258063239
1.1107110711071106,0.5001684735194704,0.4793674647329147,0.5202561201130776
1.1112111211121114,0.500169823218709,0.47936960741202395,0.5202572022468309
1.1117111711171117,0.5001711606254096,0.4793717428329232,0.5202582722697537
1.112211221122112,0.5001724857977947,0.47937387102019935,0.5202593302438212
1.1127112711271128,0.500173798793921,0.47937599199835584,0.5202603762308137
1.113211321132113,0.5001750996716792,0.4793781057918132,0.5202614102923171
1.1137113711371138,0.5001763884887944,0.47938021242490925,0.520262432489723
1.1142114211421141,0.5001776653028259,0.47938231192189923,0.5202634428842289
1.1147114711471149,0.5001789301711677,0.4793844043069564,0.520264441536838
1.1152115211521152,0.5001801831510473,0.47938648960417196,0.5202654285083601
1.115711571157116,0.5001814242995276,0.4793885678375557,0.5202664038594108
1.1162116211621163,0.5001826536735056,0.4793906390310359,0.5202673676504127
1.1167116711671166,0.5001838713297125,0.47939270320845984,0.5202683199415951
1.1172117211721173,0.5001850773247148,0.47939476039359413,0.5202692607929936
1.1177117711771176,0.5001862717149131,0.4793968106101246,0.5202701902644519
1.1182118211821184,0.5001874545565431,0.47939885388165726,0.5202711084156199
1.1187118711871187,0.5001886259056753,0.4794008902317177,0.5202720153059557
1.1192119211921194,0.5001897858182146,0.47940291968375215,0.5202729109947248
1.1197119711971197,0.5001909343499016,0.47940494226112723,0.5202737955410006
1.12021202120212,0.5001920715563113,0.4794069579871305,0.5202746690036646
1.1207120712071208,0.5001931974928543,0.4794089668849707,0.5202755314414064
1.121212121212121,0.5001943122147762,0.47941096897777774,0.5202763829127242
1.1217121712171219,0.5001954157771579,0.47941296428860336,0.5202772234759246
1.1222122212221222,0.5001965082349155,0.4794149528404212,0.5202780531891238
1.122712271227123,0.5001975896428009,0.47941693465612695,0.5202788721102463
1.1232123212321232,0.5001986600554014,0.47941890975853885,0.520279680297026
1.1237123712371235,0.5001997195271398,0.4794208781703978,0.5202804778070068
1.1242124212421243,0.500200768112275,0.4794228399143678,0.520281264697542
1.1247124712471246,0.5002018058649015,0.4794247950130358,0.5202820410257947
1.1252125212521253,0.5002028328389498,0.47942674348891257,0.5202828068487384
1.1257125712571256,0.5002038490881865,0.4794286853644323,0.520283562223157
1.1262126212621264,0.5002048546662142,0.47943062066195347,0.5202843072056448
1.1267126712671267,0.5002058496264722,0.4794325494037586,0.5202850418526072
1.127212721272127,0.5002068340222356,0.4794344716120549,0.5202857662202605
1.1277127712771278,0.5002078079066166,0.47943638730897425,0.5202864803646322
1.128212821282128,0.5002087713325635,0.47943829651657355,0.5202871843415617
1.1287128712871288,0.5002097243528616,0.4794401992568351,0.5202878782066999
1.1292129212921291,0.5002106670201332,0.4794420955516666,0.5202885620155095
1.1297129712971299,0.5002115993868371,0.4794439854229016,0.5202892358232659
1.1302130213021302,0.5002125215052698,0.47944586889229973,0.5202898996850568
1.130713071307131,0.5002134334275646,0.4794477459815468,0.5202905536557824
1.1312131213121313,0.5002143352056925,0.4794496167122553,0.5202911977901561
1.1317131713171316,0.5002152268914615,0.47945148110596436,0.5202918321427045
1.1322132213221323,0.5002161085365177,0.4794533391841403,0.5202924567677676
1.1327132713271326,0.5002169801923447,0.47945519096817657,0.520293071719499
1.1332133213321334,0.5002178419102643,0.4794570364793943,0.5202936770518666
1.1337133713371337,0.5002186937414359,0.4794588757390423,0.520294272818652
1.1342134213421344,0.5002195357368574,0.4794607087682974,0.520294859073452
1.1347134713471347,0.500220367947365,0.47946253558826474,0.5202954358696772
1.135213521352135,0.5002211904236333,0.47946435621997796,0.5202960032605538
1.1357135713571358,0.5002220032161757,0.4794661706843994,0.5202965612991233
1.136213621362136,0.500222806375344,0.47946797900242044,0.5202971100382422
1.1367136713671369,0.5002235999513291,0.4794697811948618,0.5202976495305833
1.1372137213721372,0.5002243839941614,0.4794715772824733,0.5202981798286351
1.137713771377138,0.5002251585537099,0.479473367285935,0.5202987009847024
1.1382138213821382,0.5002259236796832,0.4794751512258564,0.5202992130509069
1.1387138713871385,0.5002266794216298,0.4794769291227775,0.5202997160791867
1.1392139213921393,0.5002274258289373,0.4794787009971687,0.5203002101212971
1.1397139713971396,0.5002281629508338,0.47948046686943097,0.5203006952288111
1.1402140214021403,0.5002288908363871,0.4794822267598961,0.5203011714531189
1.1407140714071407,0.5002296095345052,0.47948398068882725,0.5203016388454291
1.1412141214121414,0.5002303190939368,0.4794857286764187,0.520302097456768
1.1417141714171417,0.5002310195632705,0.4794874707427964,0.5203025473379808
1.142214221422142,0.5002317109909364,0.4794892069080182,0.5203029885397311
1.1427142714271428,0.5002323934252052,0.479490937192074,0.5203034211125019
1.143214321432143,0.5002330669141883,0.47949266161488574,0.5203038451065954
1.1437143714371438,0.500233731505839,0.47949438019630825,0.5203042605721333
1.1442144214421441,0.5002343872479517,0.4794960929561289,0.5203046675590574
1.1447144714471449,0.5002350341881622,0.47949779991406793,0.5203050661171293
1.1452145214521452,0.5002356723739486,0.47949950108977907,0.5203054562959316
1.145714571457146,0.5002363018526308,0.47950119650284917,0.5203058381448674
1.1462146214621463,0.5002369226713707,0.47950288617279896,0.5203062117131608
1.1467146714671466,0.5002375348771726,0.4795045701190829,0.5203065770498574
1.1472147214721473,0.5002381385168837,0.4795062483610895,0.5203069342038243
1.1477147714771476,0.5002387336371935,0.4795079209181419,0.5203072832237507
1.1482148214821484,0.5002393202846348,0.4795095878094975,0.5203076241581479
1.1487148714871487,0.5002398985055831,0.47951124905434844,0.5203079570553497
1.1492149214921494,0.5002404683462579,0.47951290467182206,0.520308281963513
1.1497149714971497,0.5002410298527217,0.47951455468098075,0.5203085989306176
1.15021502150215,0.5002415830708806,0.47951619910082244,0.5203089080044668
1.1507150715071508,0.5002421280464854,0.4795178379502805,0.5203092092326878
1.151215121512151,0.5002426648251301,0.47951947124822447,0.5203095026627315
1.1517151715171519,0.5002431934522538,0.4795210990134597,0.5203097883418734
1.1522152215221522,0.5002437139731396,0.47952272126472795,0.5203100663172138
1.152715271527153,0.5002442264329159,0.47952433802070754,0.5203103366356775
1.1532153215321532,0.5002447308765555,0.4795259493000134,0.5203105993440151
1.1537153715371535,0.5002452273488768,0.4795275551211975,0.5203108544888025
1.1542154215421543,0.5002457158945433,0.47952915550274894,0.5203111021164417
1.1547154715471546,0.5002461965580642,0.4795307504630942,0.5203113422731606
1.1552155215521553,0.5002466693837948,0.4795323400205972,0.5203115750050139
1.1557155715571557,0.500247134415936,0.47953392419355995,0.520311800357883
1.1562156215621564,0.5002475916985352,0.4795355030002222,0.5203120183774766
1.1567156715671567,0.500248041275486,0.479537076458762,0.5203122291093308
1.157215721572157,0.5002484831905293,0.47953864458729584,0.5203124325988095
1.1577157715771578,0.5002489174872521,0.47954020740387887,0.5203126288911046
1.158215821582158,0.5002493442090891,0.47954176492650497,0.5203128180312367
1.1587158715871588,0.5002497633993223,0.47954331717310716,0.520313000064055
1.1592159215921591,0.5002501751010809,0.47954486416155767,0.5203131750342378
1.15971597159716,0.5002505793573426,0.47954640590966824,0.5203133429862926
1.1602160216021602,0.5002509762109325,0.4795479424351902,0.5203135039645571
1.160716071607161,0.5002513657045242,0.4795494737558148,0.5203136580131986
1.1612161216121613,0.50025174788064,0.4795509998891734,0.5203138051762151
1.1617161716171616,0.5002521227816507,0.4795525208528375,0.5203139454974351
1.1622162216221623,0.5002524904497759,0.4795540366643192,0.5203140790205183
1.1627162716271626,0.5002528509270849,0.4795555473410713,0.5203142057889555
1.1632163216321634,0.5002532042554961,0.47955705290048734,0.5203143258460695
1.1637163716371637,0.5002535504767778,0.47955855335990205,0.5203144392350151
1.1642164216421644,0.5002538896325478,0.47956004873659136,0.5203145459987792
1.1647164716471647,0.5002542217642745,0.4795615390477728,0.5203146461801816
1.165216521652165,0.5002545469132764,0.4795630243106055,0.5203147398218753
1.1657165716571658,0.5002548651207228,0.47956450454219035,0.5203148269663461
1.166216621662166,0.5002551764276341,0.4795659797595706,0.5203149076559141
1.1667166716671669,0.5002554808748811,0.4795674499797315,0.5203149819327331
1.1672167216721672,0.5002557785031869,0.4795689152196009,0.5203150498387914
1.167716771677168,0.5002560693531256,0.47957037549604925,0.5203151114159119
1.1682168216821682,0.5002563534651232,0.47957183082588983,0.5203151667057526
1.1687168716871685,0.5002566308794582,0.4795732812258791,0.520315215749807
1.1692169216921693,0.5002569016362609,0.4795747267127166,0.5203152585894041
1.1697169716971696,0.5002571657755147,0.4795761673030454,0.5203152952657092
1.1702170217021703,0.5002574233370557,0.47957760301345215,0.5203153258197238
1.1707170717071707,0.5002576743605731,0.47957903386046724,0.5203153502922864
1.1712171217121714,0.5002579188856096,0.4795804598605653,0.5203153687240722
1.1717171717171717,0.5002581569515612,0.47958188103016486,0.5203153811555945
1.172217221722172,0.5002583885976781,0.4795832973856291,0.5203153876272036
1.1727172717271728,0.5002586138630646,0.47958470894326555,0.5203153881790885
1.173217321732173,0.5002588327866793,0.47958611571932663,0.5203153828512763
1.1737173717371738,0.5002590454073355,0.4795875177300096,0.5203153716836334
1.1742174217421741,0.5002592517637015,0.47958891499145706,0.5203153547158649
1.174717471747175,0.5002594518943005,0.4795903075197567,0.5203153319875156
1.1752175217521752,0.5002596458375116,0.47959169533094176,0.5203153035379701
1.175717571757176,0.5002598336315692,0.4795930784409913,0.5203152694064533
1.1762176217621763,0.5002600153145639,0.47959445686583013,0.5203152296320308
1.1767176717671766,0.5002601909244424,0.47959583062132916,0.5203151842536088
1.1772177217721773,0.5002603604990079,0.4795971997233055,0.5203151333099351
1.1777177717771776,0.5002605240759206,0.4795985641875227,0.5203150768395987
1.1782178217821784,0.5002606816926973,0.479599924029691,0.5203150148810309
1.1787178717871787,0.5002608333867126,0.4796012792654672,0.5203149474725054
1.1792179217921794,0.5002609791951981,0.4796026299104553,0.5203148746521382
1.1797179717971797,0.5002611191552438,0.4796039759802064,0.5203147964578888
1.18021802180218,0.5002612533037976,0.47960531749021873,0.5203147129275596
1.1807180718071808,0.5002613816776655,0.4796066544559383,0.5203146240987971
1.181218121812181,0.5002615043135126,0.4796079868927585,0.5203145300090918
1.1817181718171819,0.5002616212478626,0.4796093148160209,0.5203144306957785
1.1822182218221822,0.5002617325170985,0.47961063824101485,0.520314326196037
1.182718271827183,0.500261838157463,0.47961195718297794,0.5203142165468924
1.1832183218321832,0.5002619382050579,0.4796132716570963,0.5203141017852148
1.1837183718371835,0.5002620326958459,0.47961458167850446,0.5203139819477206
1.1842184218421843,0.5002621216656493,0.4796158872622857,0.5203138570709724
1.1847184718471846,0.5002622051501514,0.47961718842347234,0.5203137271913795
1.1852185218521853,0.5002622831848961,0.4796184851770456,0.5203135923451977
1.1857185718571857,0.5002623558052884,0.479619777537936,0.5203134525685307
1.1862186218621864,0.5002624230465951,0.4796210655210236,0.5203133078973293
1.1867186718671867,0.5002624849439442,0.479622349141138,0.5203131583673929
1.187218721872187,0.5002625415323262,0.4796236284130584,0.5203130040143689
1.1877187718771878,0.5002625928465932,0.4796249033515142,0.5203128448737535
1.188218821882188,0.5002626389214605,0.47962617397118473,0.5203126809808923
1.1887188718871888,0.5002626797915058,0.4796274402866996,0.5203125123709801
1.1892189218921891,0.5002627154911701,0.479628702312639,0.5203123390790616
1.18971897189719,0.5002627460547576,0.47962996006353353,0.5203121611400319
1.1902190219021902,0.5002627715164365,0.4796312135538648,0.5203119785886363
1.190719071907191,0.5002627919102386,0.4796324627980651,0.5203117914594714
1.1912191219121913,0.5002628072700602,0.47963370781051806,0.5203115997869849
1.1917191719171916,0.5002628176296621,0.47963494860555844,0.5203114036054762
1.1922192219221923,0.5002628230226697,0.47963618519747253,0.5203112029490968
1.1927192719271926,0.5002628234825737,0.4796374176004982,0.5203109978518505
1.1932193219321934,0.5002628190427303,0.4796386458288251,0.5203107883475939
1.1937193719371937,0.5002628097363612,0.4796398698965948,0.5203105744700366
1.1942194219421944,0.5002627955965541,0.4796410898179009,0.5203103562527419
1.1947194719471947,0.500262776656263,0.47964230560678933,0.5203101337291267
1.195219521952195,0.5002627529483084,0.47964351727725846,0.5203099069324625
1.1957195719571958,0.5002627245053778,0.47964472484325926,0.5203096758958748
1.1962196219621961,0.5002626913600257,0.4796459283186953,0.5203094406523447
1.1967196719671969,0.500262653544674,0.47964712771742324,0.5203092012347083
1.1972197219721972,0.5002626110916125,0.4796483230532526,0.520308957675657
1.197719771977198,0.5002625640329988,0.47964951433994635,0.5203087100077392
1.1982198219821982,0.5002625124008591,0.47965070159122064,0.5203084582633586
1.1987198719871985,0.5002624562270878,0.4796518848207453,0.5203082024747767
1.1992199219921993,0.5002623955434485,0.4796530640421437,0.5203079426741114
1.1997199719971996,0.500262330381574,0.4796542392689932,0.5203076788933385
1.2002200220022003,0.5002622607729663,0.47965541051482513,0.5203074111642917
1.2007200720072007,0.5002621867489976,0.4796565777931249,0.5203071395186628
1.2012201220122014,0.5002621083409098,0.4796577411173325,0.5203068639880022
1.2017201720172017,0.5002620255798154,0.479658900500842,0.5203065846037195
1.202220222022202,0.5002619384966975,0.4796600559570024,0.5203063013970833
1.2027202720272028,0.5002618471224103,0.47966120749911734,0.5203060143992224
1.203220322032203,0.5002617514876789,0.4796623551404455,0.5203057236411255
1.2037203720372038,0.5002616516231005,0.47966349889420046,0.5203054291536415
1.2042204220422041,0.5002615475591438,0.4796646387735513,0.5203051309674805
1.204720472047205,0.5002614393261495,0.4796657747916223,0.5203048291132137
1.2052205220522052,0.5002613269543315,0.4796669069614934,0.5203045236212738
1.205720572057206,0.5002612104737756,0.47966803529620006,0.5203042145219555
1.2062206220622063,0.5002610899144411,0.4796691598087337,0.5203039018454158
1.2067206720672066,0.5002609653061607,0.47967028051204186,0.5203035856216743
1.2072207220722073,0.5002608366786407,0.4796713974190279,0.5203032658806139
1.2077207720772076,0.5002607040614613,0.47967251054255183,0.5203029426519807
1.2082208220822084,0.5002605674840769,0.4796736198954298,0.5203026159653846
1.2087208720872087,0.5002604269758167,0.4796747254904347,0.5203022858502997
1.2092209220922094,0.5002602825658847,0.47967582734029623,0.5203019523360647
1.2097209720972097,0.5002601342833599,0.4796769254577007,0.5203016154518831
1.21022102210221,0.5002599821571969,0.4796780198552917,0.5203012752268238
1.2107210721072108,0.5002598262162262,0.4796791105456698,0.5203009316898212
1.2112211221122111,0.5002596664891541,0.4796801975413931,0.5203005848696756
1.2117211721172119,0.5002595030045636,0.4796812808549771,0.520300234795054
1.2122212221222122,0.5002593357909141,0.4796823604988946,0.52029988149449
1.212721272127213,0.5002591648765421,0.47968343648557665,0.5202995249963843
1.2132213221322132,0.5002589902896616,0.47968450882741176,0.520299165329005
1.2137213721372135,0.5002588120583639,0.4796855775367468,0.5202988025204881
1.2142214221422143,0.5002586302106182,0.47968664262588656,0.5202984365988381
1.2147214721472146,0.5002584447742723,0.47968770410709427,0.5202980675919276
1.2152215221522153,0.5002582557770521,0.47968876199259164,0.5202976955274987
1.2157215721572157,0.5002580632465624,0.4796898162945589,0.5202973204331623
1.2162216221622164,0.5002578672102873,0.4796908670251352,0.5202969423363994
1.2167216721672167,0.5002576676955902,0.47969191419641827,0.520296561264561
1.217221722172217,0.5002574647297142,0.47969295782046506,0.5202961772448685
1.2177217721772178,0.5002572583397826,0.4796939979092917,0.520295790304414
1.218221822182218,0.5002570485527988,0.4796950344748735,0.5202954004701608
1.2187218721872188,0.5002568353956472,0.4796960675291453,0.520295007768944
1.2192219221922191,0.5002566188950929,0.47969709708400143,0.5202946122274704
1.21972197219722,0.5002563990777822,0.47969812315129606,0.5202942138723191
1.2202220222022202,0.5002561759702431,0.479699145742843,0.5202938127299419
1.220722072207221,0.5002559495988856,0.4797001648704163,0.5202934088266638
1.2212221222122213,0.5002557199900018,0.4797011805457498,0.5202930021886826
1.2217221722172216,0.5002554871697662,0.47970219278053794,0.5202925928420705
1.2222222222222223,0.5002552511642361,0.47970320158643526,0.5202921808127737
1.2227222722272226,0.5002550119993521,0.47970420697505706,0.5202917661266127
1.2232223222322234,0.5002547697009379,0.4797052089579791,0.5202913488092828
1.2237223722372237,0.5002545242947013,0.479706207546738,0.5202909288863551
1.2242224222422244,0.5002542758062338,0.47970720275283135,0.5202905063832753
1.2247224722472247,0.5002540242610114,0.4797081945877177,0.5202900813253661
1.225222522252225,0.5002537696843948,0.47970918306281685,0.5202896537378261
1.2257225722572258,0.5002535121016296,0.4797101681895099,0.5202892236457303
1.2262226222622261,0.5002532515378465,0.47971114997913944,0.5202887910740313
1.2267226722672269,0.500252988018062,0.47971212844300953,0.5202883560475586
1.2272227222722272,0.5002527215671783,0.479713103592386,0.5202879185910202
1.227722772277228,0.5002524522099839,0.4797140754384966,0.5202874787290015
1.2282228222822282,0.5002521799711538,0.47971504399253084,0.520287036485967
1.2287228722872285,0.5002519048752497,0.47971600926564056,0.5202865918862598
1.2292229222922293,0.5002516269467207,0.47971697126893964,0.5202861449541024
1.2297229722972296,0.5002513462099026,0.47971793001350443,0.5202856957135968
1.2302230223022304,0.5002510626890199,0.4797188855103737,0.5202852441887251
1.2307230723072307,0.5002507764081843,0.47971983777054883,0.5202847904033499
1.2312231223122314,0.5002504873913963,0.479720786804994,0.5202843343812141
1.2317231723172317,0.500250195662545,0.4797217326246362,0.5202838761459422
1.232223222322232,0.5002499012454084,0.47972267524036527,0.5202834157210396
1.2327232723272328,0.5002496041636536,0.4797236146630344,0.520282953129894
1.233223322332233,0.5002493044408375,0.47972455090345995,0.5202824883957752
1.2337233723372338,0.5002490021004068,0.47972548397242154,0.5202820215418352
1.2342234223422341,0.5002486971656984,0.4797264138806623,0.5202815525911093
1.234723472347235,0.5002483896599397,0.47972734063888905,0.5202810815665158
1.2352235223522352,0.5002480796062488,0.47972826425777226,0.5202806084908569
1.235723572357236,0.5002477670276353,0.47972918474794635,0.5202801333868184
1.2362236223622363,0.5002474519469996,0.4797301021200096,0.5202796562769709
1.2367236723672366,0.5002471343871342,0.4797310163845244,0.5202791771837694
1.2372237223722373,0.5002468143707237,0.47973192755201755,0.5202786961295541
1.2377237723772376,0.500246491920345,0.47973283563297986,0.5202782131365508
1.2382238223822384,0.5002461670584674,0.47973374063786695,0.5202777282268707
1.2387238723872387,0.5002458398074534,0.47973464257709875,0.5202772414225114
1.2392239223922394,0.5002455101895587,0.47973554146106,0.5202767527453571
1.2397239723972397,0.5002451782269326,0.47973643730010035,0.5202762622171787
1.24022402240224,0.5002448439416183,0.47973733010453423,0.5202757698596345
1.2407240724072408,0.5002445073555531,0.47973821988464127,0.5202752756942703
1.2412241224122411,0.5002441684905689,0.47973910665066616,0.52027477974252
1.2417241724172419,0.5002438273683921,0.47973999041281895,0.5202742820257056
1.2422242224222422,0.5002434840106448,0.4797408711812751,0.5202737825650378
1.242724272427243,0.5002431384388439,0.4797417489661756,0.5202732813816164
1.2432243224322432,0.5002427906744025,0.4797426237776271,0.5202727784964307
1.2437243724372435,0.5002424407386292,0.47974349562570195,0.5202722739303597
1.2442244224422443,0.5002420886527295,0.47974436452043845,0.5202717677041723
1.2447244724472446,0.5002417344378052,0.4797452304718409,0.5202712598385281
1.2452245224522454,0.500241378114855,0.4797460934898797,0.5202707503539774
1.2457245724572457,0.5002410197047752,0.4797469535844914,0.5202702392709617
1.2462246224622464,0.5002406592283594,0.479747810765579,0.520269726609814
1.2467246724672467,0.5002402967062989,0.4797486650430119,0.5202692123907592
1.247224722472247,0.5002399321591835,0.479749516426626,0.5202686966339144
1.2477247724772478,0.5002395656075013,0.479750364926224,0.5202681793592895
1.248224822482248,0.5002391970716392,0.4797512105515755,0.520267660586787
1.2487248724872488,0.5002388265718831,0.4797520533124166,0.5202671403362028
1.2492249224922491,0.5002384541284186,0.4797528932184508,0.5202666186272268
1.24972497249725,0.5002380797613307,0.47975373027934864,0.5202660954794422
1.2502250225022502,0.5002377034906043,0.47975456450474785,0.5202655709123275
1.250725072507251,0.5002373253361249,0.4797553959042535,0.520265044945255
1.2512251225122513,0.5002369453176785,0.4797562244874381,0.5202645175974925
1.2517251725172516,0.5002365634549518,0.47975705026384186,0.5202639888882032
1.2522252225222523,0.500236179767533,0.4797578732429726,0.5202634588364461
1.2527252725272526,0.5002357942749117,0.4797586934343059,0.520262927461176
1.2532253225322534,0.5002354069964793,0.47975951084728524,0.5202623947812444
1.2537253725372537,0.5002350179515294,0.47976032549132225,0.5202618608153997
1.2542254225422544,0.5002346271592577,0.4797611373757965,0.5202613255822873
1.2547254725472547,0.5002342346387632,0.4797619465100559,0.52026078910045
1.255225522552255,0.5002338404090474,0.4797627529034166,0.5202602513883288
1.2557255725572558,0.5002334444890153,0.47976355656516323,0.5202597124642625
1.2562256225622561,0.5002330468974757,0.47976435750454904,0.5202591723464887
1.2567256725672569,0.5002326476531412,0.4797651557307959,0.5202586310531438
1.2572257225722572,0.5002322467746285,0.4797659512530944,0.5202580886022635
1.257725772577258,0.500231844280459,0.47976674408060405,0.520257545011783
1.2582258225822582,0.5002314401890589,0.47976753422245316,0.5202570002995375
1.2587258725872585,0.5002310345187595,0.4797683216877394,0.5202564544832624
1.2592259225922593,0.5002306272877975,0.4797691064855295,0.5202559075805938
1.2597259725972596,0.5002302185143156,0.47976988862485936,0.5202553596090688
1.2602260226022604,0.5002298082163621,0.4797706681147344,0.5202548105861254
1.2607260726072607,0.500229396411892,0.47977144496412955,0.520254260529104
1.2612261226122614,0.5002289831187666,0.47977221918198926,0.5202537094552463
1.2617261726172617,0.5002285683547546,0.47977299077722774,0.5202531573816965
1.262226222622262,0.5002281521375315,0.4797737597587289,0.5202526043255019
1.2627262726272628,0.5002277344846803,0.4797745261353467,0.5202520503036122
1.263226322632263,0.5002273154136923,0.47977528991590507,0.5202514953328807
1.2637263726372638,0.5002268949419664,0.47977605110919797,0.5202509394300646
1.2642264226422641,0.5002264730868102,0.4797768097239896,0.5202503826118249
1.264726472647265,0.5002260498654401,0.4797775657690146,0.5202498248947269
1.2652265226522652,0.5002256252949812,0.4797783192529778,0.5202492662952408
1.265726572657266,0.5002251993924681,0.4797790701845547,0.5202487068297418
1.2662266226622663,0.500224772174845,0.4797798185723914,0.5202481465145103
1.2667266726672666,0.500224343658966,0.47978056442510464,0.5202475853657328
1.2672267226722673,0.5002239138615954,0.479781307751282,0.5202470233995015
1.2677267726772676,0.5002234827994079,0.4797820485594821,0.520246460631815
1.2682268226822684,0.5002230504889891,0.4797827868582343,0.5202458970785789
1.2687268726872687,0.5002226169468357,0.4797835226560393,0.5202453327556057
1.2692269226922694,0.5002221821893557,0.4797842559613689,0.5202447676786153
1.2697269726972698,0.5002217462328686,0.4797849867826663,0.5202442018632352
1.27022702270227,0.5002213090936063,0.4797857151283459,0.5202436353250012
1.2707270727072708,0.5002208707877125,0.4797864410067938,0.5202430680793573
1.2712271227122711,0.5002204313312438,0.47978716442636765,0.5202425001416564
1.2717271727172719,0.5002199907401694,0.47978788539539663,0.5202419315271603
1.2722272227222722,0.5002195490303717,0.4797886039221819,0.5202413622510402
1.272727272727273,0.5002191062176466,0.4797893200149965,0.5202407923283772
1.2732273227322732,0.5002186623177037,0.4797900336820853,0.5202402217741622
1.2737273727372735,0.5002182173461664,0.47979074493166524,0.5202396506032966
1.2742274227422743,0.5002177713185727,0.4797914537719256,0.5202390788305924
1.2747274727472746,0.500217324250375,0.47979216021102783,0.520238506470773
1.2752275227522754,0.5002168761569407,0.4797928642571057,0.5202379335384726
1.2757275727572757,0.5002164270535521,0.47979356591826544,0.5202373600482375
1.2762276227622764,0.5002159769554072,0.47979426520258583,0.5202367860145258
1.2767276727672767,0.5002155258776199,0.4797949621181183,0.5202362114517082
1.277227722772277,0.5002150738352196,0.479795656672887,0.5202356363740677
1.2777277727772778,0.5002146208431525,0.4797963488748888,0.5202350607958005
1.278227822782278,0.5002141669162813,0.47979703873209373,0.5202344847310162
1.2787278727872788,0.5002137120693854,0.47979772625244455,0.5202339081937377
1.2792279227922791,0.5002132563171615,0.4797984114438572,0.5202333311979024
1.27972797279728,0.5002127996742239,0.47979909431422096,0.5202327537573613
1.2802280228022802,0.5002123421551046,0.47979977487139813,0.5202321758858808
1.280728072807281,0.5002118837742533,0.4798004531232246,0.5202315975971413
1.2812281228122813,0.5002114245460385,0.47980112907750955,0.5202310189047393
1.2817281728172816,0.5002109644847471,0.4798018027420358,0.5202304398221863
1.2822282228222823,0.5002105036045849,0.47980247412455984,0.5202298603629101
1.2827282728272826,0.5002100419196768,0.4798031432328118,0.5202292805402542
1.2832283228322834,0.5002095794440673,0.4798038100744956,0.520228700367479
1.2837283728372837,0.5002091161917205,0.47980447465728915,0.5202281198577617
1.2842284228422844,0.5002086521765208,0.4798051369888443,0.5202275390241966
1.2847284728472848,0.5002081874122725,0.47980579707678706,0.5202269578797954
1.285228522852285,0.5002077219127007,0.4798064549287175,0.5202263764374878
1.2857285728572858,0.5002072556914514,0.47980711055221,0.5202257947101213
1.2862286228622861,0.5002067887620919,0.4798077639548133,0.5202252127104621
1.2867286728672869,0.5002063211381106,0.4798084151440504,0.5202246304511948
1.2872287228722872,0.5002058528329179,0.4798090641274192,0.5202240479449234
1.287728772877288,0.5002053838598458,0.4798097109123918,0.5202234652041711
1.2882288228822882,0.5002049142321491,0.47981035550641515,0.5202228822413808
1.2887288728872885,0.5002044439630048,0.479810997916911,0.5202222990689153
1.2892289228922893,0.5002039730655127,0.479811638151276,0.5202217156990577
1.2897289728972896,0.500203501552696,0.47981227621688155,0.5202211321440119
1.2902290229022904,0.500203029437501,0.4798129121210743,0.5202205484159024
1.2907290729072907,0.5002025567327978,0.47981354587117586,0.5202199645267751
1.2912291229122914,0.5002020834513803,0.47981417747448313,0.5202193804885976
1.2917291729172917,0.5002016096059669,0.4798148069382683,0.520218796313259
1.292229222922292,0.5002011352092002,0.4798154342697788,0.5202182120125705
1.2927292729272928,0.5002006602736476,0.4798160594762376,0.5202176275982663
1.293229322932293,0.5002001848118018,0.4798166825648433,0.5202170430820027
1.2937293729372938,0.5001997088360804,0.4798173035427699,0.5202164584753596
1.2942294229422941,0.500199232358827,0.4798179224171673,0.5202158737898398
1.294729472947295,0.5001987553923108,0.47981853919516104,0.5202152890368701
1.2952295229522952,0.5001982779487272,0.47981915388385254,0.5202147042278011
1.295729572957296,0.5001978000401979,0.4798197664903193,0.5202141193739078
1.2962296229622963,0.5001973216787715,0.4798203770216147,0.5202135344863897
1.2967296729672966,0.5001968428764235,0.4798209854847682,0.5202129495763713
1.2972297229722973,0.5001963636450564,0.4798215918867856,0.5202123646549021
1.2977297729772976,0.5001958839965004,0.47982219623464883,0.5202117797329571
1.2982298229822984,0.5001954039425135,0.4798227985353163,0.5202111948214371
1.2987298729872987,0.5001949234947815,0.4798233987957227,0.5202106099311691
1.2992299229922994,0.5001944426649186,0.4798239970227794,0.5202100250729064
1.2997299729972998,0.5001939614644678,0.4798245932233742,0.520209440257329
1.3002300230023,0.5001934799049006,0.47982518740437163,0.5202088554950437
1.3007300730073008,0.5001929979976177,0.4798257795726129,0.5202082707965849
1.3012301230123011,0.5001925157539494,0.47982636973491627,0.5202076861724142
1.3017301730173019,0.5001920331851553,0.4798269578980766,0.5202071016329214
1.3022302230223022,0.500191550302425,0.47982754406886596,0.5202065171884241
1.302730273027303,0.5001910671168784,0.4798281282540334,0.5202059328491686
1.3032303230323032,0.5001905836395658,0.47982871046030506,0.52020534862533
1.3037303730373035,0.5001900998814681,0.4798292906943844,0.520204764527012
1.3042304230423043,0.5001896158534972,0.47982986896295204,0.5202041805642483
1.3047304730473046,0.5001891315664962,0.47983044527266616,0.5202035967470016
1.3052305230523054,0.5001886470312399,0.4798310196301621,0.5202030130851647
1.3057305730573057,0.5001881622584344,0.47983159204205306,0.5202024295885609
1.3062306230623064,0.5001876772587184,0.4798321625149296,0.5202018462669434
1.3067306730673067,0.5001871920426623,0.47983273105536,0.5202012631299968
1.307230723072307,0.5001867066207695,0.4798332976698904,0.5202006801873362
1.3077307730773078,0.5001862210034759,0.4798338623650446,0.5202000974485086
1.308230823082308,0.5001857352011506,0.47983442514732444,0.520199514922992
1.3087308730873088,0.500185249224096,0.4798349860232096,0.5201989326201969
1.3092309230923092,0.5001847630825481,0.479835544999158,0.5201983505494656
1.30973097309731,0.5001842767866765,0.4798361020816055,0.5201977687200733
1.3102310231023102,0.5001837903465853,0.4798366572769662,0.5201971871412274
1.310731073107311,0.5001833037723127,0.47983721059163265,0.5201966058220691
1.3112311231123113,0.5001828170738313,0.4798377620319754,0.520196024771672
1.3117311731173116,0.5001823302610491,0.4798383116043438,0.5201954439990443
1.3122312231223123,0.5001818433438088,0.4798388593150654,0.5201948635131275
1.3127312731273126,0.5001813563318885,0.4798394051704465,0.5201942833227973
1.3132313231323134,0.5001808692350023,0.47983994917677186,0.5201937034368641
1.3137313731373137,0.5001803820627996,0.4798404913403052,0.5201931238640729
1.3142314231423144,0.5001798948248665,0.47984103166728875,0.5201925446131038
1.3147314731473148,0.5001794075307251,0.4798415701639438,0.5201919656925721
1.315231523152315,0.5001789201898342,0.4798421068364705,0.5201913871110287
1.3157315731573158,0.5001784328115899,0.47984264169104796,0.5201908088769605
1.3162316231623161,0.5001779454053248,0.4798431747338343,0.5201902309987902
1.3167316731673169,0.5001774579803094,0.479843705970967,0.5201896534848772
1.3172317231723172,0.5001769705457517,0.4798442354085626,0.5201890763435176
1.317731773177318,0.5001764831107975,0.4798447630527168,0.5201884995829442
1.3182318231823182,0.5001759956845309,0.47984528890950495,0.5201879232113271
1.3187318731873185,0.5001755082759742,0.4798458129849815,0.5201873472367741
1.3192319231923193,0.5001750208940887,0.4798463352851807,0.5201867716673304
1.3197319731973196,0.5001745335477742,0.4798468558161162,0.5201861965109796
1.3202320232023204,0.5001740462458698,0.4798473745837811,0.5201856217756435
1.3207320732073207,0.5001735589971541,0.4798478915941486,0.5201850474691824
1.3212321232123214,0.5001730718103452,0.4798484068531713,0.5201844735993953
1.3217321732173217,0.5001725846941012,0.4798489203667819,0.5201839001740207
1.322232223222322,0.5001720976570201,0.47984943214089276,0.5201833272007363
1.3227322732273228,0.5001716107076405,0.4798499421813965,0.5201827546871594
1.323232323232323,0.5001711238544416,0.47985045049416547,0.5201821826408471
1.3237323732373238,0.5001706371058434,0.4798509570850524,0.520181611069297
1.3242324232423242,0.500170150470207,0.47985146195989,0.5201810399799469
1.324732473247325,0.5001696639558346,0.47985196512449124,0.5201804693801754
1.3252325232523252,0.5001691775709707,0.4798524665846496,0.520179899277302
1.325732573257326,0.5001686913238007,0.4798529663461387,0.5201793296785876
1.3262326232623263,0.5001682052224529,0.4798534644147127,0.5201787605912345
1.3267326732673266,0.5001677192749974,0.47985396079610626,0.5201781920223867
1.3272327232723273,0.5001672334894469,0.4798544554960346,0.5201776239791303
1.3277327732773276,0.5001667478737571,0.47985494852019367,0.5201770564684937
1.3282328232823284,0.5001662624358266,0.47985543987425994,0.5201764894974477
1.3287328732873287,0.5001657771834974,0.4798559295638908,0.5201759230729059
1.3292329232923294,0.5001652921245547,0.47985641759472447,0.5201753572017254
1.3297329732973298,0.5001648072667277,0.47985690397237996,0.520174791890706
1.33023302330233,0.5001643226176896,0.4798573887024574,0.5201742271465916
1.3307330733073308,0.5001638381850575,0.47985787179053785,0.5201736629760694
1.3312331233123311,0.5001633539763933,0.47985835324218346,0.520173099385771
1.3317331733173319,0.5001628699992036,0.4798588330629376,0.5201725363822725
1.3322332233223322,0.5001623862609396,0.47985931125832476,0.5201719739720942
1.332733273327333,0.5001619027689977,0.47985978783385086,0.5201714121617015
1.3332333233323332,0.50016141953072,0.4798602627950031,0.5201708509575048
1.3337333733373335,0.5001609365533941,0.47986073614725,0.5201702903658599
1.3342334233423343,0.5001604538442531,0.4798612078960417,0.5201697303930682
1.3347334733473346,0.5001599714104767,0.47986167804680985,0.520169171045377
1.3352335233523354,0.5001594892591906,0.47986214660496757,0.5201686123289794
1.3357335733573357,0.500159007397467,0.4798626135759098,0.5201680542500152
1.3362336233623364,0.5001585258323252,0.4798630789650132,0.5201674968145709
1.3367336733673367,0.5001580445707311,0.47986354277763604,0.5201669400286792
1.337233723372337,0.5001575636195981,0.47986400501911863,0.5201663838983208
1.3377337733773378,0.5001570829857869,0.47986446569478314,0.5201658284294229
1.338233823382338,0.500156602676106,0.4798649248099337,0.5201652736278608
1.3387338733873388,0.5001561226973117,0.47986538236985643,0.5201647194994575
1.3392339233923392,0.5001556430561087,0.4798658383798196,0.5201641660499841
1.33973397339734,0.5001551637591497,0.4798662928450736,0.5201636132851597
1.3402340234023402,0.5001546848130363,0.4798667457708511,0.5201630612106525
1.340734073407341,0.5001542062243186,0.47986719716236687,0.5201625098320791
1.3412341234123413,0.5001537279994961,0.47986764702481827,0.5201619591550054
1.3417341734173416,0.5001532501450173,0.4798680953633849,0.5201614091849465
1.3422342234223423,0.5001527726672803,0.4798685421832287,0.5201608599273668
1.3427342734273426,0.5001522955726329,0.47986898748949447,0.5201603113876808
1.3432343234323434,0.5001518188673726,0.4798694312873093,0.5201597635712529
1.3437343734373437,0.5001513425577475,0.4798698735817829,0.5201592164833977
1.3442344234423445,0.5001508666499558,0.47987031437800787,0.5201586701293802
1.3447344734473448,0.5001503911501461,0.47987075368105936,0.5201581245144163
1.345234523452345,0.5001499160644184,0.47987119149599544,0.5201575796436727
1.3457345734573458,0.500149441398823,0.4798716278278571,0.5201570355222676
1.3462346234623461,0.5001489671593621,0.479872062681668,0.5201564921552699
1.3467346734673469,0.500148493351989,0.47987249606243515,0.5201559495477012
1.3472347234723472,0.5001480199826086,0.4798729279751483,0.520155407704534
1.347734773477348,0.500147547057078,0.4798733584247804,0.5201548666306935
1.3482348234823482,0.5001470745812063,0.4798737874162876,0.5201543263310572
1.3487348734873486,0.5001466025607549,0.4798742149546092,0.520153786810455
1.3492349234923493,0.5001461310014378,0.47987464104466776,0.5201532480736697
1.3497349734973496,0.5001456599089217,0.4798750656913693,0.5201527101254373
1.3502350235023504,0.5001451892888263,0.47987548889960296,0.5201521729704468
1.3507350735073507,0.5001447191467244,0.47987591067424157,0.520151636613341
1.3512351235123514,0.5001442494881425,0.4798763310201414,0.5201511010587161
1.3517351735173517,0.5001437803185604,0.4798767499421421,0.5201505663111227
1.352235223522352,0.5001433116434119,0.4798771674450671,0.520150032375065
1.3527352735273528,0.5001428434680846,0.47987758353372345,0.5201494992550022
1.353235323532353,0.5001423757979206,0.47987799821290195,0.5201489669553478
1.3537353735373538,0.5001419086382166,0.4798784114873771,0.5201484354804704
1.3542354235423542,0.5001414419942235,0.4798788233619072,0.5201479048346933
1.354735473547355,0.5001409758711475,0.47987923384123454,0.5201473750222956
1.3552355235523552,0.5001405102741495,0.47987964293008534,0.5201468460475115
1.355735573557356,0.5001400452083461,0.4798800506331697,0.5201463179145311
1.3562356235623563,0.500139580678809,0.47988045695518183,0.5201457906275009
1.3567356735673566,0.5001391166905661,0.4798808619008001,0.5201452641905228
1.3572357235723573,0.5001386532486006,0.47988126547468685,0.5201447386076556
1.3577357735773576,0.5001381903578525,0.4798816676814889,0.5201442138829149
1.3582358235823584,0.5001377280232173,0.47988206852583704,0.5201436900202726
1.3587358735873587,0.5001372662495479,0.4798824680123466,0.5201431670236584
1.3592359235923595,0.5001368050416534,0.4798828661456171,0.5201426448969585
1.3597359735973598,0.5001363444042998,0.47988326293023265,0.5201421236440171
1.36023602360236,0.5001358843422103,0.4798836583707617,0.5201416032686362
1.3607360736073608,0.5001354248600659,0.4798840524717573,0.5201410837745755
1.3612361236123611,0.5001349659625045,0.47988444523775703,0.5201405651655527
1.3617361736173619,0.500134507654122,0.4798848366732831,0.5201400474452442
1.3622362236223622,0.5001340499394723,0.4798852267828424,0.5201395306172849
1.362736273627363,0.5001335928230674,0.4798856155709267,0.5201390146852684
1.3632363236323632,0.5001331363093774,0.47988600304201223,0.5201384996527473
1.3637363736373636,0.5001326804028314,0.47988638920056037,0.5201379855232334
1.3642364236423643,0.5001322251078169,0.47988677405101726,0.5201374723001981
1.3647364736473646,0.5001317704286803,0.47988715759781403,0.5201369599870723
1.3652365236523654,0.5001313163697273,0.47988753984536664,0.5201364485872467
1.3657365736573657,0.5001308629352229,0.4798879207980763,0.5201359381040722
1.3662366236623664,0.5001304101293916,0.4798883004603292,0.5201354285408597
1.3667366736673667,0.5001299579564176,0.4798886788364967,0.5201349199008809
1.367236723672367,0.500129506420445,0.47988905593093534,0.5201344121873679
1.3677367736773678,0.500129055525578,0.47988943174798687,0.5201339054035139
1.368236823682368,0.500128605275881,0.4798898062919784,0.5201333995524728
1.3687368736873688,0.5001281556753792,0.4798901795672224,0.5201328946373605
1.3692369236923692,0.5001277067280581,0.47989055157801663,0.5201323906612534
1.36973697369737,0.5001272584378644,0.47989092232864433,0.5201318876271905
1.3702370237023702,0.5001268108087057,0.4798912918233743,0.5201313855381724
1.370737073707371,0.5001263638444509,0.4798916600664608,0.5201308843971615
1.3712371237123713,0.5001259175489301,0.4798920270621437,0.5201303842070828
1.3717371737173716,0.5001254719259355,0.47989239281464846,0.5201298849708238
1.3722372237223723,0.5001250269792208,0.47989275732818637,0.5201293866912347
1.3727372737273726,0.5001245827125018,0.4798931206069543,0.5201288893711282
1.3732373237323734,0.5001241391294565,0.47989348265513504,0.5201283930132808
1.3737373737373737,0.5001236962337253,0.47989384347689706,0.520127897620432
1.3742374237423745,0.5001232540289111,0.47989420307639485,0.5201274031952843
1.3747374737473748,0.5001228125185797,0.47989456145776865,0.5201269097405047
1.375237523752375,0.5001223717062596,0.47989491862514494,0.5201264172587234
1.3757375737573758,0.5001219315954427,0.47989527458263603,0.5201259257525354
1.3762376237623761,0.500121492189584,0.47989562933434027,0.520125435224499
1.3767376737673769,0.5001210534921022,0.4798959828843422,0.5201249456771381
1.3772377237723772,0.5001206155063797,0.4798963352367126,0.5201244571129402
1.377737773777378,0.5001201782357624,0.47989668639550837,0.5201239695343585
1.3782378237823782,0.5001197416835605,0.47989703636477266,0.5201234829438106
1.3787378737873786,0.5001193058530486,0.4798973851485349,0.52012299734368
1.3792379237923793,0.5001188707474654,0.479897732750811,0.5201225127363148
1.3797379737973796,0.5001184363700143,0.47989807917560307,0.5201220291240296
1.3802380238023804,0.5001180027238635,0.47989842442689984,0.5201215465091041
1.3807380738073807,0.5001175698121462,0.4798987685086765,0.5201210648937845
1.3812381238123814,0.5001171376379606,0.4798991114248947,0.5201205842802828
1.3817381738173817,0.5001167062043702,0.47989945317950267,0.5201201046707777
1.382238223822382,0.5001162755144041,0.4798997937764353,0.5201196260674142
1.3827382738273828,0.5001158455710569,0.4799001332196143,0.5201191484723042
1.383238323832383,0.5001154163772894,0.47990047151294773,0.5201186718875266
1.3837383738373839,0.5001149879360278,0.4799008086603308,0.520118196315127
1.3842384238423842,0.5001145602501651,0.47990114466564526,0.5201177217571188
1.384738473847385,0.5001141333225603,0.47990147953275986,0.5201172482154827
1.3852385238523852,0.500113707156039,0.4799018132655301,0.520116775692167
1.385738573857386,0.5001132817533935,0.47990214586779867,0.5201163041890879
1.3862386238623863,0.5001128571173832,0.4799024773433949,0.5201158337081297
1.3867386738673866,0.5001124332507341,0.47990280769613547,0.5201153642511449
1.3872387238723873,0.5001120101561399,0.47990313692982395,0.5201148958199542
1.3877387738773876,0.5001115878362615,0.47990346504825104,0.520114428416347
1.3882388238823884,0.5001111662937274,0.4799037920551947,0.5201139620420817
1.3887388738873887,0.5001107455311337,0.4799041179544199,0.5201134966988852
1.3892389238923895,0.5001103255510445,0.4799044427496791,0.5201130323884537
1.3897389738973898,0.5001099063559922,0.47990476644471186,0.5201125691124528
1.39023902390239,0.500109487948477,0.47990508904324514,0.5201121068725175
1.3907390739073908,0.5001090703309679,0.47990541054899327,0.5201116456702524
1.3912391239123911,0.5001086535059023,0.47990573096565803,0.5201111855072317
1.3917391739173919,0.5001082374756864,0.4799060502969286,0.520110726385
1.3922392239223922,0.5001078222426955,0.4799063685464818,0.5201102683050718
1.392739273927393,0.5001074078092735,0.47990668571798173,0.520109811268932
1.3932393239323932,0.5001069941777341,0.4799070018150803,0.520109355278036
1.3937393739373936,0.5001065813503599,0.47990731684141696,0.5201089003338101
1.3942394239423943,0.5001061693294037,0.47990763080061893,0.520108446437651
1.3947394739473946,0.5001057581170872,0.4799079436963011,0.5201079935909267
1.3952395239523954,0.5001053477156029,0.4799082555320659,0.5201075417949765
1.3957395739573957,0.5001049381271128,0.4799085663115039,0.520107091051111
1.3962396239623964,0.5001045293537493,0.4799088760381934,0.520106641360612
1.3967396739673967,0.5001041213976151,0.4799091847157003,0.5201061927247336
1.397239723972397,0.5001037142607835,0.4799094923475789,0.5201057451447011
1.3977397739773978,0.5001033079452987,0.47990979893737107,0.5201052986217125
1.398239823982398,0.5001029024531756,0.4799101044886068,0.5201048531569376
1.3987398739873989,0.5001024977863999,0.47991040900480425,0.5201044087515184
1.3992399239923992,0.5001020939469291,0.4799107124894695,0.5201039654065702
1.3997399739974,0.5001016909366913,0.4799110149460968,0.5201035231231802
1.4002400240024002,0.5001012887575867,0.4799113163781686,0.5201030819024087
1.400740074007401,0.5001008874114871,0.47991161678915545,0.5201026417452894
1.4012401240124013,0.5001004869002358,0.47991191618251633,0.5201022026528286
1.4017401740174016,0.5001000872256481,0.47991221456169836,0.5201017646260064
1.4022402240224023,0.5000996883895119,0.47991251193013695,0.5201013276657763
1.4027402740274026,0.5000992903935869,0.47991280829125604,0.5201008917730655
1.4032403240324034,0.5000988932396054,0.4799131036484678,0.5201004569487748
1.4037403740374037,0.5000984969292724,0.4799133980051729,0.5201000231937792
1.4042404240424045,0.5000981014642657,0.4799136913647606,0.5200995905089282
1.4047404740474048,0.5000977068462356,0.47991398373060845,0.5200991588950449
1.405240524052405,0.5000973130768058,0.4799142751060828,0.5200987283529274
1.4057405740574058,0.5000969201575732,0.4799145654945384,0.5200982988833481
1.4062406240624061,0.5000965280901081,0.4799148548993188,0.5200978704870547
1.4067406740674069,0.5000961368759541,0.4799151433237561,0.5200974431647694
1.4072407240724072,0.5000957465166285,0.47991543077117116,0.5200970169171896
1.407740774077408,0.5000953570136225,0.47991571724487364,0.5200965917449879
1.4082408240824082,0.5000949683684014,0.4799160027481619,0.5200961676488125
1.4087408740874086,0.5000945805824043,0.4799162872843231,0.5200957446292872
1.4092409240924093,0.5000941936570448,0.4799165708566335,0.5200953226870112
1.4097409740974096,0.5000938075937107,0.4799168534683579,0.5200949018225598
1.4102410241024104,0.5000934223937646,0.47991713512275036,0.5200944820364845
1.4107410741074107,0.5000930380585437,0.4799174158230537,0.5200940633293125
1.4112411241124114,0.5000926545893597,0.47991769557249997,0.5200936457015478
1.4117411741174117,0.5000922719875,0.47991797437431005,0.5200932291536707
1.412241224122412,0.5000918902542265,0.47991825223169404,0.5200928136861381
1.4127412741274128,0.5000915093907766,0.4799185291478511,0.5200923992993837
1.413241324132413,0.5000911293983634,0.4799188051259696,0.520091985993818
1.4137413741374139,0.5000907502781751,0.47991908016922713,0.5200915737698291
1.4142414241424142,0.5000903720313759,0.47991935428079047,0.5200911626277814
1.414741474147415,0.5000899946591056,0.47991962746381567,0.5200907525680177
1.4152415241524152,0.5000896181624804,0.4799198997214481,0.5200903435908577
1.415741574157416,0.5000892425425925,0.47992017105682244,0.5200899356965989
1.4162416241624163,0.50008886780051,0.4799204414730629,0.5200895288855166
1.4167416741674166,0.500088493937278,0.47992071097328287,0.520089123157864
1.4172417241724173,0.5000881209539176,0.4799209795605854,0.5200887185138727
1.4177417741774176,0.500087748851427,0.4799212472380629,0.5200883149537522
1.4182418241824184,0.5000873776307813,0.4799215140087974,0.5200879124776904
1.4187418741874187,0.5000870072929321,0.47992177987586043,0.5200875110858539
1.4192419241924195,0.5000866378388085,0.4799220448423131,0.5200871107783882
1.4197419741974198,0.5000862692693168,0.47992230891120624,0.520086711555417
1.42024202420242,0.5000859015853406,0.4799225720855802,0.5200863134170434
1.4207420742074208,0.5000855347877411,0.47992283436846517,0.5200859163633496
1.4212421242124211,0.5000851688773572,0.479923095762881,0.5200855203943967
1.4217421742174219,0.5000848038550054,0.47992335627183735,0.5200851255102256
1.4222422242224222,0.5000844397214803,0.47992361589833366,0.5200847317108563
1.422742274227423,0.5000840764775546,0.47992387464535924,0.5200843389962889
1.4232423242324233,0.500083714123979,0.4799241325158932,0.520083947366503
1.4237423742374236,0.5000833526614827,0.4799243895129046,0.5200835568214581
1.4242424242424243,0.5000829920907734,0.47992464563935255,0.520083167361094
1.4247424742474246,0.5000826324125374,0.4799249008981859,0.5200827789853303
1.4252425242524254,0.5000822736274394,0.47992515529234375,0.5200823916940673
1.4257425742574257,0.5000819157361235,0.47992540882475515,0.5200820054871858
1.4262426242624264,0.5000815587392122,0.4799256614983391,0.5200816203645469
1.4267426742674267,0.5000812026373078,0.4799259133160049,0.5200812363259926
1.427242724272427,0.5000808474309912,0.47992616428065205,0.5200808533713458
1.4277427742774278,0.5000804931208233,0.4799264143951699,0.5200804715004104
1.428242824282428,0.5000801397073438,0.4799266636624383,0.5200800907129712
1.4287428742874289,0.5000797871910726,0.47992691208532734,0.5200797110087948
1.4292429242924292,0.5000794355725093,0.4799271596666972,0.5200793323876287
1.42974297429743,0.5000790848521331,0.4799274064093985,0.5200789548492021
1.4302430243024302,0.5000787350304037,0.4799276523162722,0.5200785783932258
1.430743074307431,0.5000783861077605,0.4799278973901496,0.5200782030193926
1.4312431243124313,0.5000780380846233,0.47992814163385256,0.520077828727377
1.4317431743174316,0.5000776909613923,0.4799283850501931,0.5200774555168355
1.4322432243224323,0.5000773447384484,0.47992862764197386,0.520077083387407
1.4327432743274326,0.500076999416153,0.4799288694119881,0.5200767123387127
1.4332433243324334,0.5000766549948483,0.47992911036301944,0.5200763423703558
1.4337433743374337,0.5000763114748575,0.47992935049784213,0.5200759734819227
1.4342434243424345,0.5000759688564845,0.47992958981922107,0.5200756056729819
1.4347434743474348,0.5000756271400149,0.47992982832991177,0.5200752389430852
1.435243524352435,0.5000752863257149,0.47993006603266036,0.5200748732917667
1.4357435743574358,0.5000749464138324,0.47993030293020367,0.5200745087185443
1.4362436243624361,0.5000746074045972,0.4799305390252694,0.5200741452229186
1.4367436743674369,0.5000742692982201,0.47993077432057574,0.5200737828043736
1.4372437243724372,0.5000739320948939,0.47993100881883194,0.5200734214623767
1.437743774377438,0.5000735957947935,0.479931242522738,0.5200730611963789
1.4382438243824383,0.5000732603980753,0.4799314754349846,0.5200727020058149
1.4387438743874386,0.5000729259048783,0.47993170755825354,0.520072343890103
1.4392439243924393,0.5000725923153235,0.47993193889521746,0.5200719868486458
1.4397439743974396,0.5000722596295142,0.4799321694485399,0.5200716308808293
1.4402440244024404,0.5000719278475362,0.4799323992208753,0.5200712759860244
1.4407440744074407,0.5000715969694579,0.47993262821486943,0.5200709221635856
1.4412441244124414,0.5000712669953306,0.4799328564331587,0.5200705694128522
1.4417441744174417,0.500070937925188,0.4799330838783708,0.5200702177331479
1.442244224422442,0.5000706097590469,0.4799333105531245,0.5200698671237809
1.4427442744274428,0.5000702824969074,0.47993353646002973,0.5200695175840443
1.443244324432443,0.5000699561387525,0.4799337616016875,0.5200691691132159
1.4437443744374439,0.5000696306845485,0.47993398598069,0.5200688217105587
1.4442444244424442,0.5000693061342449,0.47993420959962074,0.5200684753753204
1.444744474447445,0.5000689824877752,0.47993443246105444,0.5200681301067344
1.4452445244524452,0.5000686597450561,0.4799346545675571,0.5200677859040189
1.445744574457446,0.5000683379059881,0.4799348759216858,0.520067442766378
1.4462446244624463,0.5000680169704558,0.4799350965259895,0.5200671006930009
1.4467446744674466,0.5000676969383272,0.4799353163830079,0.5200667596830629
1.4472447244724473,0.5000673778094548,0.47993553549527257,0.5200664197357246
1.4477447744774476,0.5000670595836753,0.47993575386530624,0.5200660808501331
1.4482448244824484,0.5000667422608094,0.47993597149562317,0.5200657430254206
1.4487448744874487,0.5000664258406623,0.47993618838872915,0.5200654062607063
1.4492449244924495,0.500066110323024,0.47993640454712144,0.520065070555095
1.4497449744974498,0.5000657957076684,0.47993661997328885,0.5200647359076782
1.45024502450245,0.5000654819943549,0.4799368346697117,0.5200644023175335
1.4507450745074508,0.5000651691828272,0.479937048638862,0.5200640697837253
1.4512451245124511,0.5000648572728141,0.47993726188320335,0.5200637383053046
1.4517451745174519,0.5000645462640296,0.47993747440519097,0.5200634078813091
1.4522452245224522,0.5000642361561726,0.47993768620727184,0.5200630785107634
1.452745274527453,0.5000639269489272,0.4799378972918846,0.5200627501926789
1.4532453245324533,0.5000636186419632,0.47993810766145956,0.5200624229260543
1.4537453745374536,0.5000633112349355,0.47993831731841896,0.5200620967098756
1.4542454245424543,0.5000630047274849,0.47993852626517675,0.5200617715431155
1.4547454745474546,0.5000626991192376,0.4799387345041386,0.5200614474247349
1.4552455245524554,0.5000623944098056,0.47993894203770227,0.5200611243536816
1.4557455745574557,0.5000620905987869,0.4799391488682571,0.5200608023288911
1.4562456245624564,0.5000617876857655,0.47993935499818463,0.5200604813492868
1.4567456745674567,0.5000614856703113,0.47993956042985814,0.5200601614137799
1.457245724572457,0.5000611845519806,0.47993976516564296,0.5200598425212692
1.4577457745774578,0.5000608843303157,0.4799399692078963,0.520059524670642
1.458245824582458,0.5000605850048457,0.47994017255896754,0.5200592078607732
1.4587458745874589,0.5000602865750858,0.479940375221198,0.5200588920905262
1.4592459245924592,0.5000599890405382,0.479940577196921,0.5200585773587529
1.45974597459746,0.5000596924006911,0.4799407784884622,0.5200582636642933
1.4602460246024602,0.5000593966550203,0.47994097909813915,0.5200579510059758
1.460746074607461,0.5000591018029881,0.47994117902826167,0.5200576393826181
1.4612461246124613,0.5000588078440436,0.47994137828113165,0.5200573287930257
1.4617461746174616,0.5000585147776233,0.47994157685904326,0.5200570192359936
1.4622462246224623,0.5000582226031508,0.4799417747642829,0.5200567107103055
1.4627462746274627,0.500057931320037,0.47994197199912925,0.520056403214734
1.4632463246324634,0.5000576409276799,0.47994216856585314,0.520056096748041
1.4637463746374637,0.5000573514254655,0.4799423644667179,0.5200557913089774
1.4642464246424645,0.500057062812767,0.47994255970397903,0.5200554868962837
1.4647464746474648,0.5000567750889453,0.4799427542798845,0.5200551835086895
1.465246524652465,0.5000564882533491,0.4799429481966745,0.5200548811449139
1.4657465746574658,0.500056202305315,0.4799431414565819,0.5200545798036659
1.4662466246624661,0.5000559172441674,0.47994333406183176,0.5200542794836439
1.4667466746674669,0.5000556330692191,0.47994352601464174,0.5200539801835361
1.4672467246724672,0.5000553497797706,0.4799437173172219,0.5200536819020207
1.467746774677468,0.5000550673751109,0.4799439079717749,0.5200533846377657
1.4682468246824683,0.5000547858545172,0.47994409798049587,0.5200530883894293
1.4687468746874686,0.5000545052172553,0.47994428734557254,0.5200527931556599
1.4692469246924693,0.5000542254625792,0.4799444760691852,0.5200524989350958
1.4697469746974696,0.5000539465897318,0.4799446641535069,0.520052205726366
1.4702470247024704,0.5000536685979446,0.479944851600703,0.5200519135280898
1.4707470747074707,0.5000533914864378,0.4799450384129319,0.5200516223388769
1.4712471247124714,0.5000531152544205,0.4799452245923444,0.5200513321573277
1.4717471747174717,0.500052839901091,0.47994541014108416,0.5200510429820334
1.472247224722472,0.5000525654256361,0.47994559506128764,0.5200507548115759
1.4727472747274728,0.5000522918272324,0.47994577935508387,0.5200504676445278
1.473247324732473,0.5000520191050453,0.4799459630245948,0.5200501814794528
1.4737473747374739,0.5000517472582297,0.47994614607193514,0.5200498963149058
1.4742474247424742,0.5000514762859296,0.47994632849921254,0.5200496121494326
1.474747474747475,0.500051206187279,0.4799465103085273,0.5200493289815703
1.4752475247524752,0.5000509369614012,0.4799466915019729,0.5200490468098473
1.475747574757476,0.5000506686074092,0.4799468720816354,0.5200487656327835
1.4762476247624763,0.5000504011244057,0.4799470520495941,0.5200484854488899
1.4767476747674766,0.5000501345114832,0.47994723140792095,0.5200482062566697
1.4772477247724773,0.5000498687677244,0.4799474101586812,0.5200479280546173
1.4777477747774777,0.5000496038922017,0.4799475883039329,0.5200476508412188
1.4782478247824784,0.5000493398839776,0.4799477658457271,0.5200473746149524
1.4787478747874787,0.5000490767421052,0.47994794278610814,0.520047099374288
1.4792479247924795,0.5000488144656274,0.4799481191271131,0.5200468251176875
1.4797479747974798,0.5000485530535778,0.47994829487077245,0.520046551843605
1.48024802480248,0.50004829250498,0.4799484700191097,0.5200462795504867
1.4807480748074808,0.5000480328188484,0.47994864457414127,0.5200460082367708
1.4812481248124811,0.5000477739941881,0.47994881853787713,0.5200457379008881
1.4817481748174819,0.5000475160299946,0.47994899191232027,0.5200454685412619
1.4822482248224822,0.5000472589252546,0.4799491646994668,0.5200452001563074
1.482748274827483,0.500047002678945,0.47994933690130615,0.5200449327444331
1.4832483248324833,0.5000467472900342,0.4799495085198211,0.5200446663040396
1.4837483748374836,0.5000464927574813,0.47994967955698753,0.5200444008335204
1.4842484248424843,0.5000462390802364,0.47994985001477486,0.5200441363312618
1.4847484748474846,0.5000459862572412,0.4799500198951456,0.520043872795643
1.4852485248524854,0.5000457342874283,0.4799501892000557,0.5200436102250361
1.4857485748574857,0.5000454831697216,0.4799503579314546,0.5200433486178062
1.4862486248624864,0.5000452329030366,0.47995052609128497,0.5200430879723117
1.4867486748674867,0.5000449834862801,0.47995069368148296,0.5200428282869037
1.487248724872487,0.5000447349183506,0.4799508607039782,0.5200425695599273
1.4877487748774878,0.5000444871981381,0.47995102716069377,0.5200423117897205
1.488248824882488,0.5000442403245244,0.47995119305354617,0.5200420549746145
1.4887488748874889,0.5000439942963832,0.47995135838444547,0.5200417991129344
1.4892489248924892,0.5000437491125799,0.47995152315529527,0.5200415442029988
1.48974897489749,0.5000435047719717,0.4799516873679927,0.5200412902431196
1.4902490249024902,0.5000432612734081,0.47995185102442844,0.5200410372316029
1.490749074907491,0.5000430186157307,0.4799520141264869,0.5200407851667483
1.4912491249124913,0.5000427767977731,0.4799521766760459,0.5200405340468494
1.4917491749174916,0.5000425358183612,0.479952338674977,0.5200402838701934
1.4922492249224923,0.5000422956763132,0.4799525001251455,0.5200400346350621
1.4927492749274927,0.5000420563704399,0.4799526610284103,0.5200397863397308
1.4932493249324934,0.500041817899544,0.4799528213866239,0.5200395389824694
1.4937493749374937,0.5000415802624215,0.47995298120163266,0.5200392925615417
1.4942494249424945,0.5000413434578606,0.47995314047527676,0.5200390470752059
1.4947494749474948,0.5000411074846419,0.47995329920939,0.5200388025217146
1.495249524952495,0.5000408723415394,0.4799534574057999,0.520038558899315
1.4957495749574958,0.5000406380273195,0.4799536150663281,0.5200383162062485
1.4962496249624961,0.5000404045407416,0.4799537721927897,0.5200380744407512
1.496749674967497,0.5000401718805582,0.4799539287869939,0.520037833601054
1.4972497249724972,0.5000399400455144,0.47995408485074365,0.5200375936853823
1.497749774977498,0.500039709034349,0.4799542403858359,0.5200373546919563
1.4982498249824983,0.5000394788457937,0.47995439539406143,0.5200371166189912
1.4987498749874986,0.5000392494785734,0.4799545498772049,0.5200368794646972
1.4992499249924993,0.5000390209314063,0.4799547038370451,0.520036643227279
1.4997499749974996,0.5000387932030042,0.4799548572753546,0.5200364079049371
1.5002500250025004,0.5000385662920722,0.47995501019390013,0.5200361734958665
1.5007500750075007,0.500038340197309,0.4799551625944423,0.5200359399982576
1.5012501250125014,0.5000381149174068,0.47995531447873585,0.520035707410296
1.5017501750175017,0.5000378904510515,0.4799554658485296,0.520035475730163
1.502250225022502,0.5000376667969229,0.4799556167055663,0.5200352449560347
1.5027502750275028,0.5000374439536942,0.47995576705158294,0.5200350150860831
1.503250325032503,0.500037221920033,0.4799559168883105,0.5200347861184754
1.5037503750375039,0.5000370006946003,0.4799560662174743,0.5200345580513747
1.5042504250425042,0.5000367802760515,0.47995621504079355,0.5200343308829395
1.504750475047505,0.5000365606630358,0.4799563633599819,0.5200341046113242
1.5052505250525052,0.5000363418541968,0.4799565111767469,0.5200338792346787
1.505750575057506,0.5000361238481719,0.4799566584927907,0.520033654751149
1.5062506250625063,0.500035906643593,0.4799568053098092,0.5200334311588771
1.5067506750675066,0.5000356902390864,0.4799569516294931,0.5200332084560005
1.5072507250725073,0.5000354746332728,0.4799570974535269,0.5200329866406531
1.5077507750775077,0.500035259824767,0.47995724278358964,0.5200327657109649
1.5082508250825084,0.5000350458121787,0.47995738762135465,0.5200325456650617
1.5087508750875087,0.500034832594112,0.47995753196848956,0.520032326501066
1.5092509250925095,0.5000346201691656,0.47995767582665627,0.5200321082170962
1.5097509750975098,0.500034408535933,0.47995781919751124,0.5200318908112671
1.51025102510251,0.5000341976930024,0.4799579620827052,0.52003167428169
1.5107510751075108,0.5000339876389569,0.4799581044838832,0.5200314586264725
1.5112511251125111,0.5000337783723744,0.479958246402685,0.5200312438437189
1.511751175117512,0.5000335698918279,0.4799583878407444,0.5200310299315299
1.5122512251225122,0.500033362195885,0.47995852879969003,0.5200308168880029
1.512751275127513,0.500033155283109,0.47995866928114483,0.5200306047112319
1.5132513251325133,0.5000329491520578,0.4799588092867263,0.5200303933993078
1.5137513751375136,0.5000327438012847,0.4799589488180464,0.5200301829503182
1.5142514251425143,0.5000325392293382,0.47995908787671165,0.5200299733623475
1.5147514751475146,0.5000323354347622,0.4799592264643232,0.5200297646334772
1.5152515251525154,0.5000321324160958,0.4799593645824767,0.5200295567617854
1.5157515751575157,0.5000319301718738,0.4799595022327624,0.5200293497453479
1.5162516251625164,0.5000317287006261,0.47995963941676517,0.5200291435822367
1.5167516751675167,0.5000315280008784,0.4799597761360645,0.5200289382705218
1.517251725172517,0.5000313280711519,0.4799599123922346,0.5200287338082696
1.5177517751775178,0.5000311289099636,0.4799600481868443,0.5200285301935446
1.5182518251825181,0.500030930515826,0.47996018352145703,0.5200283274244077
1.5187518751875189,0.5000307328872476,0.4799603183976311,0.5200281254989179
1.5192519251925192,0.5000305360227326,0.4799604528169194,0.5200279244151312
1.51975197519752,0.5000303399207809,0.47996058678086956,0.5200277241711012
1.5202520252025202,0.5000301445798887,0.4799607202910241,0.520027524764879
1.520752075207521,0.500029949998548,0.4799608533489202,0.5200273261945133
1.5212521252125213,0.5000297561752467,0.4799609859560898,0.5200271284580504
1.5217521752175216,0.5000295631084691,0.47996111811405984,0.5200269315535342
1.5222522252225223,0.5000293707966955,0.47996124982435184,0.5200267354790065
1.5227522752275227,0.5000291792384025,0.47996138108848235,0.5200265402325066
1.5232523252325234,0.5000289884320628,0.47996151190796266,0.5200263458120721
1.5237523752375237,0.5000287983761456,0.47996164228429905,0.520026152215738
1.5242524252425245,0.5000286090691163,0.47996177221899267,0.5200259594415375
1.5247524752475248,0.5000284205094367,0.4799619017135395,0.5200257674875017
1.525252525252525,0.5000282326955656,0.4799620307694305,0.5200255763516599
1.5257525752575258,0.5000280456259576,0.4799621593881516,0.5200253860320391
1.5262526252625261,0.5000278592990642,0.4799622875711838,0.5200251965266649
1.526752675267527,0.5000276737133338,0.4799624153200029,0.5200250078335606
1.5272527252725272,0.5000274888672109,0.4799625426360797,0.5200248199507483
1.527752775277528,0.5000273047591374,0.4799626695208802,0.520024632876248
1.5282528252825283,0.5000271213875515,0.4799627959758652,0.520024446608078
1.5287528752875286,0.5000269387508883,0.47996292200249085,0.5200242611442553
1.5292529252925293,0.5000267568475801,0.47996304760220804,0.5200240764827948
1.5297529752975296,0.5000265756760559,0.479963172776463,0.5200238926217104
1.5302530253025304,0.5000263952347417,0.4799632975266969,0.5200237095590144
1.5307530753075307,0.5000262155220604,0.47996342185434615,0.5200235272927175
1.5312531253125314,0.5000260365364324,0.47996354576084216,0.520023345820829
1.5317531753175317,0.5000258582762749,0.4799636692476116,0.520023165141357
1.532253225322532,0.5000256807400024,0.4799637923160762,0.5200229852523085
1.5327532753275328,0.5000255039260266,0.4799639149676531,0.5200228061516888
1.5332533253325331,0.5000253278327565,0.47996403720375436,0.5200226278375024
1.5337533753375339,0.5000251524585985,0.47996415902578743,0.5200224503077523
1.5342534253425342,0.5000249778019562,0.47996428043515493,0.5200222735604406
1.534753475347535,0.5000248038612309,0.47996440143325475,0.5200220975935684
1.5352535253525352,0.5000246306348212,0.47996452202148004,0.5200219224051357
1.535753575357536,0.5000244581211232,0.4799646422012192,0.5200217479931413
1.5362536253625363,0.5000242863185306,0.479964761973856,0.5200215743555835
1.5367536753675366,0.5000241152254348,0.4799648813407694,0.5200214014904594
1.5372537253725373,0.5000239448402247,0.4799650003033339,0.5200212293957652
1.5377537753775377,0.5000237751612872,0.47996511886291904,0.5200210580694967
1.5382538253825384,0.5000236061870065,0.47996523702089006,0.5200208875096486
1.5387538753875387,0.500023437915765,0.47996535477860724,0.5200207177142149
1.5392539253925395,0.5000232703459426,0.4799654721374266,0.520020548681189
1.5397539753975398,0.5000231034759177,0.4799655890986992,0.5200203804085636
1.54025402540254,0.5000229373040659,0.47996570566377184,0.520020212894331
1.5407540754075408,0.5000227718287611,0.47996582183398656,0.5200200461364827
1.5412541254125411,0.5000226070483753,0.47996593761068096,0.5200198801330098
1.541754175417542,0.5000224429612785,0.479966052995188,0.5200197148819031
1.5422542254225422,0.5000222795658387,0.4799661679888363,0.5200195503811527
1.542754275427543,0.5000221168604222,0.4799662825929498,0.5200193866287482
1.5432543254325433,0.5000219548433934,0.47996639680884806,0.5200192236226795
1.5437543754375436,0.500021793513115,0.4799665106378461,0.5200190613609355
1.5442544254425443,0.500021632867948,0.47996662408125457,0.5200188998415052
1.5447544754475446,0.5000214729062514,0.47996673714037963,0.5200187390623772
1.5452545254525454,0.5000213136263832,0.47996684981652293,0.52001857902154
1.5457545754575457,0.5000211550266993,0.47996696211098194,0.5200184197169819
1.5462546254625464,0.500020997105554,0.47996707402504946,0.5200182611466914
1.5467546754675467,0.5000208398613005,0.47996718556001416,0.5200181033086563
1.547254725472547,0.5000206832922903,0.47996729671716015,0.5200179462008648
1.5477547754775478,0.5000205273968734,0.47996740749776734,0.5200177898213051
1.5482548254825481,0.5000203721733983,0.4799675179031112,0.5200176341679653
1.5487548754875489,0.5000202176202126,0.47996762793446285,0.5200174792388337
1.5492549254925492,0.5000200637356623,0.4799677375930893,0.5200173250318986
1.54975497549755,0.500019910518092,0.479967846880253,0.5200171715451485
1.5502550255025502,0.5000197579658453,0.47996795579721235,0.520017018776572
1.550755075507551,0.5000196060772646,0.47996806434522143,0.5200168667241583
1.5512551255125513,0.5000194548506909,0.4799681725255299,0.5200167153858961
1.5517551755175516,0.5000193042844643,0.47996828033938344,0.5200165647597752
1.5522552255225524,0.5000191543769238,0.47996838778802337,0.5200164148437854
1.5527552755275527,0.5000190051264074,0.47996849487268683,0.5200162656359166
1.5532553255325534,0.500018856531252,0.47996860159460675,0.5200161171341596
1.5537553755375537,0.5000187085897936,0.47996870795501195,0.5200159693365054
1.5542554255425545,0.5000185613003671,0.479968813955127,0.5200158222409452
1.5547554755475548,0.500018414661307,0.4799689195961724,0.5200156758454713
1.555255525552555,0.5000182686709463,0.4799690248793644,0.520015530148076
1.5557555755575558,0.5000181233276177,0.4799691298059153,0.5200153851467524
1.5562556255625561,0.5000179786296529,0.47996923437703315,0.5200152408394942
1.556755675567557,0.5000178345753827,0.479969338593922,0.5200150972242957
1.5572557255725572,0.5000176911631378,0.4799694424577817,0.5200149542991519
1.557755775577558,0.5000175483912473,0.47996954596980823,0.5200148120620586
1.5582558255825583,0.5000174062580405,0.47996964913119333,0.5200146705110121
1.5587558755875586,0.5000172647618457,0.47996975194312486,0.5200145296440096
1.5592559255925593,0.5000171239009908,0.47996985440678647,0.5200143894590492
1.5597559755975596,0.500016983673803,0.47996995652335794,0.5200142499541296
1.5602560256025604,0.5000168440786091,0.479970058294015,0.5200141111272507
1.5607560756075607,0.5000167051137355,0.4799701597199295,0.5200139729764129
1.5612561256125614,0.5000165667775082,0.4799702608022692,0.5200138354996178
1.5617561756175617,0.5000164290682526,0.47997036154219785,0.5200136986948679
1.562256225622562,0.5000162919842939,0.4799704619408755,0.5200135625601667
1.5627562756275628,0.5000161555239568,0.479970561999458,0.5200134270935186
1.5632563256325631,0.5000160196855662,0.47997066171909747,0.5200132922929293
1.5637563756375639,0.5000158844674463,0.479970761100942,0.5200131581564053
1.5642564256425642,0.500015749867921,0.47997086014613594,0.5200130246819542
1.564756475647565,0.5000156158853143,0.4799709588558196,0.5200128918675851
1.5652565256525652,0.50001548251795,0.47997105723112954,0.520012759711308
1.565756575657566,0.5000153497641516,0.4799711552731984,0.5200126282111341
1.5662566256625663,0.5000152176222428,0.4799712529831551,0.5200124973650759
1.5667566756675666,0.5000150860905469,0.4799713503621245,0.5200123671711471
1.5672567256725674,0.5000149551673874,0.47997144741122794,0.5200122376273626
1.5677567756775677,0.5000148248510876,0.4799715441315828,0.5200121087317389
1.5682568256825684,0.5000146951399711,0.47997164052430263,0.5200119804822936
1.5687568756875687,0.5000145660323614,0.47997173659049736,0.5200118528770457
1.5692569256925695,0.5000144375265821,0.479971832331273,0.5200117259140156
1.5697569756975698,0.500014309620957,0.4799719277477319,0.5200115995912251
1.57025702570257,0.50001418231381,0.47997202284097273,0.5200114739066977
1.5707570757075708,0.5000140556034651,0.47997211761209035,0.520011348858458
1.5712571257125711,0.5000139294882467,0.4799722120621759,0.5200112244445323
1.571757175717572,0.5000138039664793,0.4799723061923169,0.5200111006629485
1.5722572257225722,0.5000136790364877,0.4799724000035971,0.520010977511736
1.572757275727573,0.5000135546965973,0.47997249349709664,0.5200108549889255
1.5732573257325733,0.5000134309451331,0.479972586673892,0.5200107330925499
1.5737573757375736,0.5000133077804212,0.47997267953505596,0.5200106118206431
1.5742574257425743,0.5000131852007877,0.4799727720816578,0.5200104911712411
1.5747574757475746,0.5000130632045594,0.47997286431476294,0.5200103711423815
1.5752575257525754,0.5000129417900633,0.47997295623543346,0.5200102517321035
1.5757575757575757,0.5000128209556269,0.47997304784472766,0.5200101329384481
1.5762576257625764,0.5000127006995785,0.4799731391437003,0.520010014759458
1.5767576757675767,0.5000125810202465,0.47997323013340265,0.5200098971931778
1.577257725772577,0.5000124619159599,0.4799733208148822,0.5200097802376539
1.5777577757775778,0.5000123433850489,0.4799734111891832,0.5200096638909344
1.5782578257825781,0.5000122254258434,0.4799735012573461,0.5200095481510694
1.5787578757875789,0.5000121080366747,0.47997359102040793,0.5200094330161107
1.5792579257925792,0.5000119912158744,0.47997368047940225,0.5200093184841124
1.57975797579758,0.5000118749617747,0.4799737696353591,0.5200092045531299
1.5802580258025802,0.5000117592727089,0.4799738584893049,0.5200090912212213
1.580758075807581,0.5000116441470107,0.47997394704226276,0.520008978486446
1.5812581258125813,0.5000115295830149,0.47997403529525223,0.5200088663468658
1.5817581758175816,0.5000114155790566,0.47997412324928945,0.5200087548005444
1.5822582258225824,0.5000113021334722,0.47997421090538717,0.5200086438455476
1.5827582758275827,0.5000111892445989,0.47997429826455457,0.5200085334799431
1.5832583258325834,0.5000110769107744,0.47997438532779746,0.5200084237018009
1.5837583758375837,0.5000109651303377,0.4799744720961183,0.5200083145091929
1.5842584258425845,0.5000108539016285,0.4799745585705162,0.5200082059001935
1.5847584758475848,0.5000107432229877,0.4799746447519867,0.5200080978728787
1.585258525852585,0.5000106330927567,0.47997473064152213,0.5200079904253271
1.5857585758575858,0.5000105235092784,0.4799748162401114,0.5200078835556193
1.5862586258625861,0.5000104144708966,0.47997490154874,0.5200077772618383
1.586758675867587,0.5000103059759559,0.47997498656839027,0.5200076715420693
1.5872587258725872,0.5000101980228022,0.4799750713000411,0.5200075663943993
1.587758775877588,0.5000100906097824,0.479975155744668,0.5200074618169183
1.5882588258825883,0.5000099837352446,0.47997523990324326,0.520007357807718
1.5887588758875886,0.500009877397538,0.47997532377673585,0.5200072543648928
1.5892589258925893,0.5000097715950129,0.47997540736611155,0.5200071514865393
1.5897589758975896,0.500009666326021,0.47997549067233275,0.5200070491707565
1.5902590259025904,0.5000095615889147,0.4799755736963586,0.5200069474156457
1.5907590759075907,0.5000094573820483,0.4799756564391451,0.5200068462193105
1.5912591259125914,0.500009353703777,0.4799757389016448,0.5200067455798572
1.5917591759175918,0.5000092505524572,0.47997582108480724,0.5200066454953943
1.592259225922592,0.5000091479264466,0.47997590298957865,0.5200065459640328
1.5927592759275928,0.5000090458241045,0.4799759846169021,0.5200064469838864
1.5932593259325931,0.5000089442437915,0.47997606596771736,0.5200063485530709
1.5937593759375939,0.5000088431838693,0.47997614704296115,0.5200062506697049
1.5942594259425942,0.5000087426427009,0.4799762278435669,0.5200061533319094
1.594759475947595,0.5000086426186513,0.47997630837046495,0.5200060565378078
1.5952595259525952,0.5000085431100862,0.4799763886245825,0.5200059602855265
1.595759575957596,0.5000084441153734,0.4799764686068435,0.520005864573194
1.5962596259625963,0.5000083456328817,0.47997654831816894,0.5200057693989418
1.5967596759675966,0.5000082476609815,0.4799766277594766,0.5200056747609036
1.5972597259725974,0.5000081501980449,0.47997670693168104,0.5200055806572162
1.5977597759775977,0.5000080532424453,0.479976785835694,0.5200054870860187
1.5982598259825984,0.5000079567925578,0.47997686447242377,0.5200053940454528
1.5987598759875987,0.500007860846759,0.4799769428427759,0.5200053015336632
1.5992599259925995,0.500007765403427,0.4799770209476527,0.5200052095487971
1.5997599759975998,0.5000076704609416,0.47997709878795347,0.5200051180890046
1.6002600260026,0.5000075760176844,0.4799771763645744,0.5200050271524382
1.6007600760076008,0.5000074820720383,0.47997725367840866,0.5200049367372533
1.6012601260126011,0.5000073886223881,0.4799773307303465,0.5200048468416084
1.601760176017602,0.5000072956671203,0.47997740752127505,0.5200047574636641
1.6022602260226022,0.500007203204623,0.4799774840520785,0.5200046686015845
1.602760276027603,0.5000071112332859,0.479977560323638,0.5200045802535358
1.6032603260326033,0.5000070197515007,0.4799776363368316,0.5200044924176876
1.6037603760376036,0.5000069287576608,0.4799777120925347,0.5200044050922124
1.6042604260426043,0.5000068382501612,0.4799777875916194,0.5200043182752847
1.6047604760476046,0.5000067482273989,0.479977862834955,0.5200042319650829
1.6052605260526054,0.5000066586877726,0.4799779378234079,0.5200041461597877
1.6057605760576057,0.5000065696296828,0.4799780125578415,0.520004060857583
1.6062606260626064,0.500006481051532,0.4799780870391162,0.5200039760566552
1.6067606760676068,0.5000063929517243,0.47997816126808956,0.5200038917551939
1.607260726072607,0.5000063053286661,0.47997823524561634,0.5200038079513918
1.6077607760776078,0.5000062181807652,0.4799783089725482,0.5200037246434441
1.6082608260826081,0.5000061315064317,0.479978382449734,0.5200036418295495
1.6087608760876089,0.5000060453040773,0.4799784556780199,0.5200035595079092
1.6092609260926092,0.5000059595721161,0.47997852865824886,0.5200034776767277
1.60976097609761,0.5000058743089637,0.47997860139126125,0.5200033963342124
1.6102610261026102,0.500005789513038,0.4799786738778945,0.5200033154785738
1.610761076107611,0.5000057051827588,0.47997874611898317,0.5200032351080253
1.6112611261126113,0.5000056213165477,0.47997881811535903,0.5200031552207833
1.6117611761176116,0.5000055379128285,0.4799788898678511,0.5200030758150676
1.6122612261226124,0.5000054549700274,0.4799789613772854,0.5200029968891006
1.6127612761276127,0.5000053724865721,0.4799790326444854,0.5200029184411081
1.6132613261326134,0.5000052904608925,0.4799791036702716,0.5200028404693191
1.6137613761376137,0.5000052088914207,0.47997917445546173,0.5200027629719652
1.6142614261426145,0.5000051277765911,0.4799792450008709,0.5200026859472817
1.6147614761476148,0.5000050471148398,0.4799793153073113,0.5200026093935066
1.615261526152615,0.5000049669046054,0.47997938537559237,0.5200025333088814
1.6157615761576158,0.5000048871443283,0.47997945520652097,0.5200024576916504
1.6162616261626161,0.5000048078324515,0.47997952480090106,0.5200023825400613
1.616761676167617,0.5000047289674198,0.47997959415953395,0.5200023078523649
1.6172617261726172,0.5000046505476802,0.47997966328321817,0.5200022336268152
1.617761776177618,0.5000045725716822,0.47997973217274964,0.5200021598616694
1.6182618261826183,0.5000044950378774,0.47997980082892155,0.520002086555188
1.6187618761876186,0.5000044179447194,0.4799798692525244,0.5200020137056344
1.6192619261926193,0.5000043412906643,0.47997993744434597,0.5200019413112756
1.6197619761976196,0.5000042650741705,0.47998000540517144,0.5200018693703818
1.6202620262026204,0.5000041892936985,0.4799800731357832,0.5200017978812262
1.6207620762076207,0.5000041139477112,0.47998014063696126,0.5200017268420855
1.6212621262126214,0.5000040390346736,0.4799802079094827,0.5200016562512395
1.6217621762176218,0.5000039645530534,0.4799802749541221,0.5200015861069713
1.622262226222622,0.5000038905013203,0.47998034177165133,0.5200015164075676
1.6227622762276228,0.5000038168779465,0.47998040836283984,0.520001447151318
1.6232623262326231,0.5000037436814064,0.4799804747284543,0.5200013783365156
1.6237623762376239,0.500003670910177,0.4799805408692588,0.5200013099614569
1.6242624262426242,0.5000035985627372,0.4799806067860149,0.5200012420244413
1.624762476247625,0.5000035266375691,0.47998067247948156,0.5200011745237721
1.6252625262526252,0.5000034551331565,0.4799807379504151,0.5200011074577557
1.625762576257626,0.5000033840479858,0.47998080319956943,0.5200010408247019
1.6262626262626263,0.5000033133805459,0.47998086822769576,0.5200009746229237
1.6267626762676266,0.5000032431293283,0.4799809330355428,0.5200009088507377
1.6272627262726274,0.5000031732928265,0.4799809976238567,0.5200008435064637
1.6277627762776277,0.5000031038695367,0.47998106199338125,0.520000778588425
1.6282628262826284,0.5000030348579579,0.4799811261448575,0.5200007140949483
1.6287628762876287,0.500002966256591,0.47998119007902407,0.5200006500243637
1.6292629262926295,0.5000028980639398,0.4799812537966171,0.5200005863750046
1.6297629762976298,0.5000028302785104,0.4799813172983702,0.5200005231452081
1.63026302630263,0.5000027628988115,0.47998138058501455,0.5200004603333144
1.6307630763076308,0.5000026959233544,0.4799814436572788,0.5200003979376673
1.6312631263126312,0.5000026293506528,0.47998150651588917,0.520000335956614
1.631763176317632,0.500002563179223,0.47998156916156937,0.5200002743885054
1.6322632263226322,0.5000024974075838,0.4799816315950407,0.5200002132316954
1.632763276327633,0.5000024320342568,0.47998169381702205,0.5200001524845418
1.6332633263326333,0.5000023670577659,0.4799817558282298,0.5200000921454055
1.6337633763376336,0.5000023024766377,0.47998181762937786,0.5200000322126513
1.6342634263426343,0.5000022382894014,0.4799818792211779,0.5199999726846473
1.6347634763476346,0.5000021744945888,0.479981940604339,0.5199999135597648
1.6352635263526354,0.5000021110907346,0.479982001779568,0.5199998548363791
1.6357635763576357,0.5000020480763754,0.4799820627475692,0.5199997965128687
1.6362636263626364,0.500001985450051,0.4799821235090446,0.5199997385876156
1.6367636763676368,0.5000019232103041,0.4799821840646938,0.5199996810590055
1.637263726372637,0.5000018613556794,0.4799822444152139,0.5199996239254276
1.6377637763776378,0.5000017998847245,0.4799823045613,0.5199995671852746
1.6382638263826381,0.50000173879599,0.4799823645036444,0.5199995108369426
1.6387638763876389,0.5000016780880286,0.4799824242429373,0.5199994548788315
1.6392639263926392,0.5000016177593964,0.47998248377986663,0.5199993993093445
1.63976397639764,0.5000015578086515,0.47998254311511784,0.5199993441268884
1.6402640264026402,0.5000014982343551,0.47998260224937406,0.519999289329874
1.640764076407641,0.5000014390350712,0.4799826611833162,0.5199992349167151
1.6412641264126413,0.5000013802093662,0.4799827199176227,0.5199991808858291
1.6417641764176416,0.5000013217558095,0.47998277845297,0.5199991272356375
1.6422642264226424,0.500001263672973,0.4799828367900319,0.5199990739645649
1.6427642764276427,0.5000012059594318,0.4799828949294802,0.5199990210710397
1.6432643264326434,0.500001148613763,0.4799829528719842,0.5199989685534937
1.6437643764376437,0.5000010916345473,0.47998301061821114,0.5199989164103627
1.6442644264426445,0.5000010350203677,0.47998306816882585,0.5199988646400856
1.6447644764476448,0.5000009787698101,0.47998312552449096,0.5199988132411053
1.645264526452645,0.5000009228814631,0.4799831826858668,0.5199987622118681
1.6457645764576458,0.5000008673539182,0.4799832396536116,0.5199987115508241
1.6462646264626462,0.5000008121857697,0.4799832964283812,0.5199986612564268
1.646764676467647,0.5000007573756148,0.4799833530108294,0.5199986113271335
1.6472647264726472,0.500000702922053,0.47998340940160755,0.5199985617614051
1.647764776477648,0.5000006488236874,0.479983465601365,0.519998512557706
1.6482648264826483,0.5000005950791235,0.4799835216107488,0.5199984637145045
1.6487648764876486,0.5000005416869697,0.4799835774304038,0.5199984152302723
1.6492649264926493,0.5000004886458371,0.47998363306097275,0.5199983671034849
1.6497649764976496,0.5000004359543401,0.4799836885030962,0.5199983193326214
1.6502650265026504,0.5000003836110952,0.4799837437574124,0.5199982719161645
1.6507650765076507,0.5000003316147227,0.47998379882455755,0.5199982248526007
1.6512651265126514,0.500000279963845,0.4799838537051658,0.5199981781404199
1.6517651765176518,0.5000002286570878,0.4799839083998689,0.519998131778116
1.652265226522652,0.5000001776930795,0.4799839629092966,0.5199980857641864
1.6527652765276528,0.5000001270704515,0.4799840172340766,0.5199980400971321
1.6532653265326531,0.500000076787838,0.47998407137483434,0.5199979947754578
1.6537653765376539,0.5000000268438761,0.47998412533219315,0.5199979497976722
1.6542654265426542,0.4999999772372061,0.4799841791067744,0.5199979051622872
1.654765476547655,0.4999999279664707,0.47998423269919704,0.5199978608678185
1.6552655265526552,0.4999998790303159,0.4799842861100783,0.5199978169127859
1.655765576557656,0.49999983042739055,0.4799843393400331,0.5199977732957123
1.6562656265626563,0.49999978215634633,0.4799843923896743,0.5199977300151247
1.6567656765676566,0.49999973421583793,0.47998444525961265,0.5199976870695536
1.6572657265726574,0.49999968660452304,0.47998449795045695,0.5199976444575334
1.6577657765776577,0.4999996393210622,0.47998455046281385,0.5199976021776018
1.6582658265826584,0.49999959236411884,0.479984602797288,0.5199975602283007
1.6587658765876587,0.49999954573235955,0.4799846549544819,0.5199975186081753
1.6592659265926595,0.4999994994244537,0.4799847069349962,0.5199974773157748
1.6597659765976598,0.4999994534390737,0.4799847587394292,0.5199974363496519
1.66026602660266,0.499999407774895,0.47998481036837753,0.519997395708363
1.6607660766076608,0.49999936243059584,0.4799848618224356,0.5199973553904684
1.6612661266126612,0.4999993174048576,0.4799849131021958,0.5199973153945321
1.661766176617662,0.49999927269636457,0.4799849642082486,0.5199972757191216
1.6622662266226622,0.4999992283038041,0.4799850151411824,0.5199972363628081
1.662766276627663,0.49999918422586637,0.47998506590158363,0.519997197324167
1.6632663266326633,0.4999991404612448,0.4799851164900367,0.5199971586017768
1.6637663766376636,0.49999909700863554,0.4799851669071241,0.5199971201942201
1.6642664266426643,0.499999053866738,0.4799852171534264,0.5199970821000831
1.6647664766476646,0.4999990110342544,0.47998526722952206,0.5199970443179557
1.6652665266526654,0.4999989685098901,0.47998531713598763,0.5199970068464316
1.6657665766576657,0.49999892629235343,0.4799853668733977,0.5199969696841082
1.6662666266626665,0.49999888438035567,0.479985416442325,0.5199969328295866
1.6667666766676668,0.49999884277261125,0.4799854658433403,0.5199968962814717
1.667266726672667,0.4999988014678376,0.47998551507701226,0.519996860038372
1.6677667766776678,0.49999876046475505,0.4799855641439078,0.5199968240988997
1.6682668266826681,0.4999987197620871,0.47998561304459186,0.5199967884616711
1.6687668766876689,0.4999986793585603,0.47998566177962754,0.5199967531253056
1.6692669266926692,0.4999986392529041,0.4799857103495759,0.519996718088427
1.66976697669767,0.49999859944385117,0.47998575875499616,0.5199966833496623
1.6702670267026702,0.4999985599301371,0.4799858069964457,0.5199966489076426
1.670767076707671,0.49999852071050055,0.4799858550744799,0.5199966147610026
1.6712671267126713,0.4999984817836833,0.4799859029896524,0.5199965809083804
1.6717671767176716,0.49999844314843,0.47998595074251477,0.5199965473484185
1.6722672267226724,0.49999840480348867,0.47998599833361694,0.5199965140797626
1.6727672767276727,0.49999836674761006,0.4799860457635068,0.5199964811010623
1.6732673267326734,0.4999983289795482,0.4799860930327305,0.5199964484109709
1.6737673767376737,0.4999982914980602,0.4799861401418322,0.5199964160081456
1.6742674267426745,0.499998254301906,0.4799861870913544,0.5199963838912471
1.6747674767476748,0.4999982173898488,0.4799862338818376,0.5199963520589399
1.675267526752675,0.4999981807606549,0.47998628051382053,0.5199963205098923
1.6757675767576758,0.4999981444130936,0.4799863269878402,0.5199962892427763
1.6762676267626762,0.4999981083459373,0.4799863733044316,0.5199962582562676
1.676767676767677,0.4999980725579614,0.47998641946412807,0.5199962275490456
1.6772677267726772,0.4999980370479445,0.47998646546746104,0.5199961971197935
1.677767776777678,0.4999980018146682,0.4799865113149602,0.5199961669671982
1.6782678267826783,0.4999979668569173,0.4799865570071534,0.5199961370899503
1.6787678767876786,0.49999793217347943,0.47998660254456676,0.5199961074867442
1.6792679267926793,0.4999978977631457,0.47998664792772466,0.5199960781562779
1.6797679767976796,0.4999978636247099,0.4799866931571495,0.5199960490972533
1.6802680268026804,0.4999978297569692,0.47998673823336213,0.5199960203083759
1.6807680768076807,0.49999779615872375,0.4799867831568815,0.5199959917883549
1.6812681268126815,0.4999977628287768,0.47998682792822484,0.5199959635359032
1.6817681768176818,0.49999772976593465,0.47998687254790773,0.5199959355497377
1.682268226822682,0.4999976969690068,0.4799869170164438,0.5199959078285785
1.6827682768276828,0.4999976644368058,0.47998696133434515,0.51999588037115
1.6832683268326831,0.49999763216814735,0.479987005502122,0.5199958531761799
1.6837683768376839,0.4999976001618501,0.4799870495202828,0.5199958262423997
1.6842684268426842,0.49999756841673587,0.47998709338933454,0.5199957995685448
1.684768476847685,0.49999753693162974,0.47998713710978225,0.5199957731533542
1.6852685268526852,0.49999750570535967,0.47998718068212926,0.5199957469955704
1.685768576857686,0.4999974747367568,0.4799872241068773,0.5199957210939399
1.6862686268626863,0.4999974440246555,0.4799872673845263,0.5199956954472128
1.6867686768676866,0.49999741356789307,0.47998731051557464,0.5199956700541429
1.6872687268726874,0.49999738336530997,0.4799873535005189,0.5199956449134877
1.6877687768776877,0.49999735341574975,0.47998739633985393,0.5199956200240085
1.6882688268826884,0.4999973237180592,0.4799874390340731,0.5199955953844699
1.6887688768876887,0.499997294271088,0.47998748158366783,0.5199955709936409
1.6892689268926895,0.4999972650736892,0.47998752398912814,0.5199955468502936
1.6897689768976898,0.49999723612471864,0.4799875662509422,0.519995522953204
1.69026902690269,0.49999720742303555,0.4799876083695967,0.5199954993011516
1.6907690769076908,0.4999971789675021,0.4799876503455765,0.5199954758929202
1.6912691269126912,0.4999971507569837,0.47998769217936493,0.5199954527272964
1.691769176917692,0.49999712279034875,0.47998773387144367,0.5199954298030713
1.6922692269226922,0.49999709506646883,0.4799877754222927,0.5199954071190391
1.692769276927693,0.4999970675842186,0.4799878168323905,0.519995384673998
1.6932693269326933,0.4999970403424758,0.47998785810221384,0.5199953624667497
1.6937693769376936,0.49999701334012137,0.47998789923223784,0.5199953404960997
1.6942694269426943,0.49999698657603925,0.47998794022293617,0.5199953187608571
1.6947694769476946,0.4999969600491166,0.47998798107478063,0.5199952972598347
1.6952695269526954,0.4999969337582436,0.47998802178824174,0.519995275991849
1.6957695769576957,0.4999969077023136,0.47998806236378816,0.51999525495572
1.6962696269626965,0.499996881880223,0.47998810280188714,0.5199952341502716
1.6967696769676968,0.4999968562908713,0.4799881431030042,0.5199952135743311
1.697269726972697,0.4999968309331613,0.47998818326760345,0.5199951932267297
1.6977697769776978,0.4999968058059985,0.4799882232961472,0.5199951731063022
1.6982698269826981,0.4999967809082919,0.4799882631890965,0.5199951532118868
1.6987698769876989,0.4999967562389535,0.4799883029469106,0.5199951335423257
1.6992699269926992,0.4999967317968983,0.4799883425700472,0.5199951140964645
1.6997699769977,0.4999967075810444,0.47998838205896255,0.5199950948731525
1.7002700270027002,0.49999668359031324,0.4799884214141113,0.5199950758712428
1.700770077007701,0.49999665982362906,0.4799884606359467,0.5199950570895918
1.7012701270127013,0.49999663627991936,0.4799884997249202,0.5199950385270597
1.7017701770177016,0.4999966129581147,0.4799885386814819,0.5199950201825106
1.7022702270227024,0.49999658985714873,0.4799885775060803,0.5199950020548118
1.7027702770277027,0.4999965669759583,0.47998861619916255,0.5199949841428343
1.7032703270327034,0.4999965443134832,0.479988654761174,0.5199949664454528
1.7037703770377037,0.49999652186866644,0.4799886931925588,0.519994948961546
1.7042704270427045,0.49999649964045406,0.4799887314937593,0.5199949316899953
1.7047704770477048,0.49999647762779514,0.4799887696652166,0.5199949146296865
1.705270527052705,0.499996455829642,0.47998880770737007,0.5199948977795087
1.7057705770577059,0.49999643424494994,0.47998884562065786,0.5199948811383547
1.7062706270627062,0.4999964128726774,0.4799888834055164,0.5199948647051207
1.706770677067707,0.4999963917117858,0.4799889210623808,0.5199948484787066
1.7072707270727072,0.49999637076123976,0.47998895859168456,0.519994832458016
1.707770777077708,0.49999635002000703,0.47998899599385986,0.519994816641956
1.7082708270827083,0.4999963294870583,0.4799890332693373,0.5199948010294372
1.7087708770877086,0.4999963091613674,0.47998907041854605,0.5199947856193738
1.7092709270927093,0.4999962890419113,0.47998910744191386,0.5199947704106838
1.7097709770977096,0.4999962691276699,0.479989144339867,0.5199947554022883
1.7102710271027104,0.4999962494176264,0.47998918111283034,0.5199947405931125
1.7107710771077107,0.4999962299107668,0.47998921776122727,0.5199947259820847
1.7112711271127115,0.49999621060608035,0.47998925428547967,0.5199947115681373
1.7117711771177118,0.4999961915025594,0.4799892906860082,0.5199946973502054
1.712271227122712,0.49999617259919926,0.4799893269632319,0.5199946833272285
1.7127712771277128,0.4999961538949983,0.4799893631175684,0.5199946694981493
1.7132713271327131,0.4999961353889581,0.47998939914943406,0.5199946558619138
1.7137713771377139,0.49999611708008307,0.47998943505924374,0.5199946424174721
1.7142714271427142,0.49999609896738095,0.47998947084741084,0.5199946291637773
1.714771477147715,0.49999608104986226,0.47998950651434746,0.5199946160997863
1.7152715271527152,0.49999606332654084,0.4799895420604643,0.5199946032244592
1.715771577157716,0.49999604579643336,0.47998957748617055,0.5199945905367602
1.7162716271627163,0.49999602845855967,0.47998961279187413,0.5199945780356566
1.7167716771677166,0.4999960113119426,0.47998964797798155,0.5199945657201193
1.7172717271727174,0.49999599435560815,0.4799896830448979,0.5199945535891224
1.7177717771777177,0.49999597758858516,0.47998971799302703,0.5199945416416442
1.7182718271827184,0.4999959610099057,0.47998975282277123,0.5199945298766657
1.7187718771877187,0.49999594461860475,0.47998978753453153,0.5199945182931721
1.7192719271927195,0.4999959284137204,0.4799898221287076,0.5199945068901516
1.7197719771977198,0.4999959123942938,0.4799898566056978,0.5199944956665961
1.72027202720272,0.499995896559369,0.47998989096589906,0.5199944846215008
1.7207720772077209,0.49999588090799313,0.47998992520970696,0.5199944737538644
1.7212721272127212,0.4999958654392165,0.4799899593375158,0.5199944630626895
1.721772177217722,0.4999958501520922,0.47998999334971854,0.5199944525469814
1.7222722272227222,0.49999583504567646,0.4799900272467068,0.5199944422057495
1.722772277227723,0.49999582011902854,0.4799900610288708,0.5199944320380064
1.7232723272327233,0.49999580537121074,0.4799900946965996,0.5199944220427681
1.7237723772377236,0.49999579080128825,0.47999012825028076,0.5199944122190541
1.7242724272427243,0.49999577640832943,0.47999016169030057,0.5199944025658874
1.7247724772477246,0.4999957621914054,0.4799901950170442,0.5199943930822941
1.7252725272527254,0.4999957481495906,0.47999022823089527,0.5199943837673044
1.7257725772577257,0.4999957342819622,0.47999026133223616,0.5199943746199512
1.7262726272627265,0.49999572058760056,0.4799902943214481,0.5199943656392714
1.7267726772677268,0.4999957070655888,0.4799903271989108,0.5199943568243047
1.727272727272727,0.49999569371501335,0.47999035996500294,0.5199943481740947
1.7277727772777278,0.4999956805349633,0.4799903926201017,0.5199943396876884
1.7282728272827281,0.49999566752453095,0.479990425164583,0.5199943313641359
1.7287728772877289,0.49999565468281154,0.4799904575988217,0.5199943232024907
1.7292729272927292,0.4999956420089031,0.4799904899231911,0.51999431520181
1.72977297729773,0.49999562950190696,0.4799905221380635,0.5199943073611542
1.7302730273027302,0.4999956171609271,0.47999055424380976,0.5199942996795869
1.730773077307731,0.4999956049850707,0.4799905862407995,0.5199942921561753
1.7312731273127313,0.4999955929734477,0.4799906181294012,0.51999428478999
1.7317731773177316,0.4999955811251712,0.4799906499099819,0.5199942775801046
1.7322732273227324,0.4999955694393571,0.4799906815829077,0.5199942705255967
1.7327732773277327,0.4999955579151244,0.47999071314854314,0.5199942636255465
1.7332733273327334,0.4999955465515949,0.47999074460725166,0.519994256879038
1.7337733773377337,0.4999955353478934,0.4799907759593955,0.5199942502851584
1.7342734273427345,0.49999552430314775,0.47999080720533566,0.5199942438429984
1.7347734773477348,0.4999955134164885,0.4799908383454319,0.5199942375516519
1.735273527352735,0.4999955026870494,0.4799908693800427,0.5199942314102157
1.7357735773577359,0.4999954921139669,0.47999090030952546,0.5199942254177907
1.7362736273627362,0.49999548169638053,0.4799909311342363,0.5199942195734807
1.736773677367737,0.4999954714334327,0.47999096185453005,0.5199942138763927
1.7372737273727372,0.4999954613242687,0.47999099247076044,0.519994208325637
1.737773777377738,0.4999954513680368,0.47999102298328006,0.5199942029203276
1.7382738273827383,0.49999544156388814,0.47999105339244014,0.5199941976595814
1.7387738773877386,0.4999954319109768,0.4799910836985908,0.5199941925425186
1.7392739273927393,0.4999954224084597,0.47999111390208105,0.5199941875682627
1.7397739773977396,0.4999954130554967,0.4799911440032586,0.5199941827359406
1.7402740274027404,0.49999540385125063,0.47999117400247,0.5199941780446823
1.7407740774077407,0.4999953947948871,0.4799912039000607,0.5199941734936212
1.7412741274127415,0.4999953858855746,0.4799912336963749,0.5199941690818939
1.7417741774177418,0.49999537712248454,0.47999126339175574,0.5199941648086401
1.742274227422742,0.4999953685047913,0.4799912929865451,0.5199941606730031
1.7427742774277428,0.499995360031672,0.47999132248108367,0.519994156674129
1.7432743274327431,0.49999535170230675,0.47999135187571107,0.5199941528111672
1.7437743774377439,0.49999534351587843,0.4799913811707658,0.5199941490832707
1.7442744274427442,0.49999533547157277,0.47999141036658505,0.5199941454895953
1.744774477447745,0.49999532756857845,0.4799914394635051,0.5199941420293003
1.7452745274527453,0.499995319806087,0.47999146846186086,0.5199941387015479
1.745774577457746,0.4999953121832927,0.47999149736198626,0.5199941355055037
1.7462746274627463,0.4999953046993928,0.47999152616421403,0.5199941324403364
1.7467746774677466,0.4999952973535873,0.47999155486887585,0.5199941295052182
1.7472747274727474,0.499995290145079,0.4799915834763021,0.5199941266993239
1.7477747774777477,0.49999528307307367,0.47999161198682233,0.5199941240218318
1.7482748274827484,0.49999527613677985,0.47999164040076464,0.5199941214719235
1.7487748774877487,0.49999526933540894,0.4799916687184563,0.5199941190487836
1.7492749274927495,0.499995262668175,0.47999169694022326,0.5199941167515997
1.7497749774977498,0.49999525613429513,0.47999172506639054,0.5199941145795628
1.75027502750275,0.49999524973298903,0.4799917530972819,0.519994112531867
1.7507750775077509,0.4999952434634794,0.4799917810332202,0.5199941106077094
1.7512751275127512,0.4999952373249916,0.47999180887452697,0.5199941088062904
1.751775177517752,0.4999952313167539,0.47999183662152284,0.5199941071268133
1.7522752275227522,0.49999522543799724,0.4799918642745272,0.5199941055684848
1.752775277527753,0.4999952196879554,0.47999189183385854,0.5199941041305144
1.7532753275327533,0.499995214065865,0.47999191929983415,0.5199941028121149
1.7537753775377536,0.4999952085709654,0.47999194667277023,0.5199941016125021
1.7542754275427543,0.49999520320249874,0.479991973952982,0.5199941005308952
1.7547754775477546,0.49999519795970987,0.47999200114078344,0.519994099566516
1.7552755275527554,0.49999519284184646,0.47999202823648773,0.5199940987185896
1.7557755775577557,0.499995187848159,0.4799920552404068,0.5199940979863443
1.7562756275627565,0.4999951829779006,0.4799920821528515,0.5199940973690113
1.7567756775677568,0.49999517823032724,0.47999210897413175,0.5199940968658249
1.757275727572757,0.4999951736046976,0.47999213570455634,0.5199940964760223
1.7577757775777578,0.49999516910027303,0.4799921623444331,0.5199940961988442
1.7582758275827581,0.49999516471631783,0.47999218889406875,0.5199940960335337
1.7587758775877589,0.4999951604520988,0.47999221535376885,0.5199940959793375
1.7592759275927592,0.49999515630688557,0.4799922417238382,0.5199940960355052
1.75977597759776,0.49999515227995045,0.4799922680045804,0.519994096201289
1.7602760276027603,0.4999951483705686,0.4799922941962979,0.5199940964759447
1.760776077607761,0.4999951445780177,0.47999232029929245,0.5199940968587307
1.7612761276127613,0.49999514090157826,0.47999234631386445,0.5199940973489086
1.7617761776177616,0.49999513734053347,0.47999237224031355,0.5199940979457428
1.7622762276227624,0.4999951338941693,0.4799923980789382,0.519994098648501
1.7627762776277627,0.49999513056177414,0.4799924238300359,0.5199940994564536
1.7632763276327634,0.4999951273426394,0.4799924494939031,0.5199941003688741
1.7637763776377637,0.49999512423605896,0.47999247507083537,0.5199941013850389
1.7642764276427645,0.49999512124132944,0.47999250056112713,0.5199941025042274
1.7647764776477648,0.49999511835775023,0.4799925259650719,0.5199941037257221
1.765276527652765,0.49999511558462323,0.4799925512829622,0.519994105048808
1.7657765776577659,0.4999951129212531,0.47999257651508953,0.5199941064727738
1.7662766276627662,0.49999511036694705,0.47999260166174434,0.5199941079969103
1.766776677667767,0.49999510792101515,0.4799926267232163,0.5199941096205117
1.7672767276727672,0.4999951055827699,0.47999265169979377,0.5199941113428751
1.767776777677768,0.4999951033515265,0.4799926765917645,0.5199941131633004
1.7682768276827683,0.4999951012266029,0.47999270139941497,0.5199941150810904
1.7687768776877686,0.4999950992073196,0.4799927261230309,0.5199941170955509
1.7692769276927693,0.49999509729299974,0.47999275076289694,0.5199941192059905
1.7697769776977696,0.49999509548296905,0.47999277531929674,0.5199941214117209
1.7702770277027704,0.4999950937765559,0.479992799792513,0.5199941237120563
1.7707770777077707,0.4999950921730912,0.4799928241828276,0.5199941261063141
1.7712771277127715,0.49999509067190867,0.4799928484905214,0.5199941285938144
1.7717771777177718,0.49999508927234443,0.4799928727158741,0.5199941311738804
1.772277227722772,0.4999950879737373,0.47999289685916474,0.5199941338458377
1.7727772777277728,0.49999508677542864,0.4799929209206713,0.5199941366090152
1.7732773277327731,0.4999950856767624,0.4799929449006708,0.5199941394627443
1.7737773777377739,0.49999508467708514,0.47999296879943937,0.5199941424063595
1.7742774277427742,0.499995083775746,0.4799929926172521,0.5199941454391982
1.774777477747775,0.49999508297209666,0.4799930163543833,0.5199941485606001
1.7752775277527753,0.49999508226549133,0.47999304001110626,0.5199941517699083
1.775777577757776,0.49999508165528694,0.47999306358769334,0.5199941550664683
1.7762776277627763,0.49999508114084273,0.479993087084416,0.5199941584496287
1.7767776777677766,0.49999508072152066,0.47999311050154475,0.5199941619187407
1.7772777277727774,0.4999950803966853,0.4799931338393493,0.5199941654731582
1.7777777777777777,0.49999508016570343,0.47999315709809826,0.5199941691122383
1.7782778277827784,0.4999950800279448,0.4799931802780595,0.5199941728353404
1.7787778777877787,0.4999950799827813,0.4799932033794998,0.5199941766418269
1.7792779277927795,0.49999508002958765,0.47999322640268527,0.5199941805310629
1.7797779777977798,0.49999508016774086,0.4799932493478809,0.5199941845024164
1.78027802780278,0.4999950803966206,0.47999327221535093,0.5199941885552578
1.7807780778077809,0.4999950807156089,0.47999329500535864,0.5199941926889606
1.7812781278127812,0.49999508112409047,0.47999331771816645,0.5199941969029008
1.781778177817782,0.49999508162145234,0.47999334035403585,0.5199942011964573
1.7822782278227822,0.49999508220708416,0.4799933629132274,0.5199942055690117
1.782778277827783,0.499995082880378,0.479993385396001,0.5199942100199479
1.7832783278327833,0.49999508364072837,0.47999340780261535,0.5199942145486532
1.7837783778377836,0.4999950844875324,0.4799934301333285,0.5199942191545172
1.7842784278427843,0.4999950854201895,0.47999345238839763,0.5199942238369321
1.7847784778477847,0.4999950864381017,0.47999347456807884,0.5199942285952929
1.7852785278527854,0.4999950875406734,0.4799934966726276,0.5199942334289974
1.7857785778577857,0.49999508872731147,0.4799935187022984,0.519994238337446
1.7862786278627865,0.4999950899974252,0.4799935406573449,0.5199942433200415
1.7867786778677868,0.4999950913504264,0.47999356253801984,0.5199942483761898
1.787278727872787,0.49999509278572923,0.4799935843445752,0.5199942535052992
1.7877787778777878,0.4999950943027503,0.47999360607726194,0.5199942587067806
1.7882788278827881,0.4999950959009086,0.4799936277363305,0.5199942639800477
1.7887788778877889,0.49999509757962574,0.47999364932203004,0.5199942693245165
1.7892789278927892,0.4999950993383254,0.4799936708346092,0.5199942747396062
1.78977897789779,0.49999510117643403,0.47999369227431565,0.5199942802247381
1.7902790279027903,0.49999510309338024,0.4799937136413963,0.5199942857793364
1.790779077907791,0.49999510508859507,0.4799937349360971,0.5199942914028275
1.7912791279127913,0.499995107161512,0.47999375615866324,0.519994297094641
1.7917791779177916,0.49999510931156693,0.47999377730933906,0.5199943028542086
1.7922792279227924,0.49999511153819803,0.47999379838836814,0.5199943086809647
1.7927792779277927,0.49999511384084594,0.47999381939599317,0.5199943145743464
1.7932793279327934,0.4999951162189536,0.47999384033245596,0.5199943205337934
1.7937793779377937,0.49999511867196633,0.4799938611979976,0.5199943265587476
1.7942794279427945,0.4999951211993318,0.47999388199285836,0.5199943326486538
1.7947794779477948,0.4999951238005001,0.47999390271727765,0.5199943388029593
1.795279527952795,0.49999512647492356,0.4799939233714941,0.5199943450211139
1.7957795779577959,0.4999951292220569,0.4799939439557455,0.5199943513025698
1.7962796279627962,0.49999513204135726,0.4799939644702689,0.5199943576467818
1.796779677967797,0.49999513493228387,0.4799939849153004,0.5199943640532074
1.7972797279727972,0.49999513789429856,0.47999400529107544,0.5199943705213064
1.797779777977798,0.49999514092686526,0.47999402559782867,0.5199943770505412
1.7982798279827983,0.49999514402945033,0.47999404583579386,0.5199943836403766
1.7987798779877986,0.49999514720152244,0.47999406600520406,0.51999439029028
1.7992799279927993,0.49999515044255244,0.47999408610629146,0.5199943969997214
1.7997799779977997,0.49999515375201364,0.4799941061392875,0.5199944037681729
1.8002800280028004,0.4999951571293815,0.4799941261044228,0.5199944105951092
1.8007800780078007,0.49999516057413385,0.47999414600192736,0.5199944174800079
1.8012801280128015,0.4999951640857507,0.4799941658320302,0.5199944244223483
1.8017801780178018,0.49999516766371443,0.4799941855949596,0.519994431421613
1.802280228022802,0.4999951713075097,0.4799942052909431,0.5199944384772861
1.8027802780278028,0.4999951750166233,0.4799942249202076,0.5199944455888551
1.8032803280328031,0.4999951787905444,0.479994244482979,0.5199944527558091
1.8037803780378039,0.49999518262876436,0.4799942639794825,0.5199944599776402
1.8042804280428042,0.49999518653077674,0.4799942834099427,0.5199944672538426
1.804780478047805,0.49999519049607744,0.4799943027745833,0.519994474583913
1.8052805280528053,0.4999951945241645,0.4799943220736272,0.5199944819673507
1.805780578057806,0.4999951986145383,0.4799943413072966,0.5199944894036568
1.8062806280628063,0.49999520276670123,0.479994360475813,0.5199944968923355
1.8067806780678066,0.4999952069801582,0.4799943795793971,0.519994504432893
1.8072807280728074,0.499995211254416,0.4799943986182688,0.5199945120248378
1.8077807780778077,0.4999952155889838,0.4799944175926474,0.5199945196676811
1.8082808280828084,0.49999521998337304,0.47999443650275125,0.5199945273609361
1.8087808780878087,0.49999522443709715,0.4799944553487982,0.5199945351041186
1.8092809280928095,0.49999522894967185,0.47999447413100516,0.5199945428967466
1.8097809780978098,0.49999523352061515,0.4799944928495884,0.5199945507383406
1.81028102810281,0.49999523814944696,0.47999451150476347,0.5199945586284231
1.8107810781078109,0.49999524283568964,0.47999453009674514,0.5199945665665195
1.8112811281128112,0.4999952475788675,0.4799945486257475,0.5199945745521569
1.811781178117812,0.4999952523785071,0.4799945670919838,0.5199945825848651
1.8122812281228122,0.49999525723413724,0.47999458549566676,0.519994590664176
1.812781278127813,0.4999952621452887,0.4799946038370082,0.5199945987896238
1.8132813281328133,0.49999526711149445,0.47999462211621935,0.5199946069607453
1.8137813781378136,0.49999527213228967,0.4799946403335107,0.5199946151770792
1.8142814281428143,0.4999952772072115,0.4799946584890919,0.5199946234381668
1.8147814781478147,0.49999528233579943,0.4799946765831721,0.5199946317435513
1.8152815281528154,0.49999528751759487,0.4799946946159595,0.5199946400927785
1.8157815781578157,0.49999529275214144,0.4799947125876619,0.5199946484853962
1.8162816281628165,0.4999952980389848,0.47999473049848607,0.5199946569209547
1.8167816781678168,0.49999530337767284,0.4799947483486383,0.5199946653990063
1.817281728172817,0.49999530876775533,0.4799947661383241,0.5199946739191057
1.8177817781778178,0.49999531420878435,0.4799947838677483,0.5199946824808097
1.8182818281828181,0.49999531970031386,0.47999480153711505,0.5199946910836776
1.818781878187819,0.49999532524190005,0.4799948191466277,0.5199946997272705
1.8192819281928192,0.49999533083310116,0.4799948366964892,0.519994708411152
1.81978197819782,0.4999953364734773,0.4799948541869014,0.5199947171348879
1.8202820282028203,0.499995342162591,0.4799948716180658,0.519994725898046
1.820782078207821,0.49999534790000655,0.47999488899018306,0.5199947347001964
1.8212821282128213,0.4999953536852903,0.4799949063034532,0.5199947435409115
1.8217821782178216,0.4999953595180108,0.4799949235580756,0.5199947524197657
1.8222822282228224,0.4999953653977384,0.47999494075424887,0.5199947613363355
1.8227822782278227,0.49999537132404587,0.47999495789217106,0.5199947702901999
1.8232823282328234,0.4999953772965076,0.47999497497203947,0.5199947792809398
1.8237823782378237,0.49999538331470017,0.4799949919940507,0.5199947883081382
1.8242824282428245,0.4999953893782022,0.4799950089584008,0.5199947973713804
1.8247824782478248,0.4999953954865942,0.4799950258652851,0.5199948064702538
1.825282528252825,0.4999954016394588,0.47999504271489823,0.5199948156043477
1.8257825782578259,0.4999954078363807,0.4799950595074342,0.519994824773254
1.8262826282628262,0.49999541407694625,0.47999507624308635,0.5199948339765661
1.826782678267827,0.4999954203607441,0.4799950929220474,0.5199948432138801
1.8272827282728272,0.49999542668736485,0.47999510954450936,0.5199948524847938
1.827782778277828,0.4999954330564009,0.47999512611066364,0.5199948617889073
1.8282828282828283,0.49999543946744673,0.479995142620701,0.5199948711258227
1.8287828782878286,0.4999954459200988,0.4799951590748114,0.5199948804951441
1.8292829282928293,0.49999545241395554,0.47999517547318443,0.5199948898964779
1.8297829782978297,0.49999545894861713,0.47999519181600886,0.5199948993294323
1.8302830283028304,0.499995465523686,0.47999520810347285,0.5199949087936178
1.8307830783078307,0.4999954721387663,0.47999522433576397,0.5199949182886467
1.8312831283128315,0.49999547879346407,0.4799952405130691,0.5199949278141337
1.8317831783178318,0.49999548548738754,0.4799952566355744,0.5199949373696953
1.832283228322832,0.4999954922201466,0.4799952727034656,0.5199949469549499
1.8327832783278328,0.4999954989913532,0.4799952887169277,0.5199949565695181
1.8332833283328331,0.49999550580062113,0.47999530467614504,0.5199949662130227
1.833783378337834,0.4999955126475661,0.47999532058130145,0.519994975885088
1.8342834283428342,0.49999551953180565,0.47999533643257997,0.5199949855853411
1.834783478347835,0.4999955264529594,0.4799953522301631,0.5199949953134103
1.8352835283528353,0.49999553341064873,0.4799953679742328,0.5199950050689263
1.835783578357836,0.49999554040449684,0.47999538366497035,0.5199950148515217
1.8362836283628363,0.4999955474341289,0.4799953993025563,0.519995024660831
1.8367836783678366,0.4999955544991719,0.47999541488717085,0.5199950344964911
1.8372837283728374,0.49999556159925473,0.4799954304189933,0.5199950443581401
1.8377837783778377,0.4999955687340081,0.47999544589820253,0.5199950542454188
1.8382838283828384,0.49999557590306465,0.47999546132497684,0.5199950641579696
1.8387838783878387,0.49999558310605874,0.4799954766994937,0.5199950740954368
1.8392839283928395,0.4999955903426267,0.47999549202193026,0.5199950840574667
1.8397839783978398,0.49999559761240653,0.47999550729246293,0.5199950940437077
1.84028402840284,0.4999956049150383,0.4799955225112674,0.51999510405381
1.8407840784078409,0.49999561225016365,0.4799955376785191,0.5199951140874256
1.8412841284128412,0.4999956196174262,0.4799955527943925,0.5199951241442086
1.841784178417842,0.4999956270164714,0.47999556785906167,0.5199951342238149
1.8422842284228422,0.4999956344469463,0.4799955828727001,0.5199951443259024
1.842784278427843,0.49999564190849993,0.4799955978354806,0.5199951544501309
1.8432843284328433,0.49999564940078317,0.4799956127475756,0.5199951645961619
1.8437843784378436,0.4999956569234485,0.4799956276091566,0.5199951747636591
1.8442844284428443,0.49999566447615035,0.47999564242039483,0.5199951849522876
1.8447844784478447,0.4999956720585448,0.47999565718146076,0.5199951951617148
1.8452845284528454,0.4999956796702898,0.47999567189252434,0.5199952053916098
1.8457845784578457,0.49999568731104493,0.4799956865537551,0.5199952156416437
1.8462846284628465,0.49999569498047175,0.47999570116532164,0.5199952259114892
1.8467846784678468,0.49999570267823346,0.4799957157273923,0.519995236200821
1.847284728472847,0.4999957104039949,0.47999573024013475,0.5199952465093155
1.8477847784778478,0.4999957181574228,0.47999574470371603,0.5199952568366513
1.8482848284828481,0.4999957259381856,0.4799957591183027,0.5199952671825083
1.848784878487849,0.49999573374595346,0.4799957734840608,0.5199952775465686
1.8492849284928492,0.4999957415803982,0.47999578780115565,0.519995287928516
1.84978497849785,0.49999574944119357,0.4799958020697521,0.519995298328036
1.8502850285028503,0.4999957573280148,0.4799958162900145,0.5199953087448161
1.850785078507851,0.49999576524053896,0.4799958304621064,0.5199953191785455
1.8512851285128513,0.4999957731784448,0.4799958445861912,0.519995329628915
1.8517851785178516,0.4999957811414127,0.47999585866243144,0.5199953400956177
1.8522852285228524,0.49999578912912485,0.47999587269098914,0.5199953505783478
1.8527852785278527,0.4999957971412651,0.47999588667202586,0.5199953610768017
1.8532853285328534,0.49999580517751885,0.4799959006057026,0.5199953715906774
1.8537853785378537,0.4999958132375734,0.4799959144921797,0.5199953821196749
1.8542854285428545,0.4999958213211176,0.47999592833161714,0.5199953926634956
1.8547854785478548,0.4999958294278419,0.47999594212417424,0.5199954032218429
1.8552855285528551,0.49999583755743854,0.47999595587000976,0.5199954137944217
1.8557855785578559,0.49999584570960137,0.47999596956928203,0.5199954243809389
1.8562856285628562,0.4999958538840259,0.47999598322214876,0.519995434981103
1.856785678567857,0.4999958620804092,0.47999599682876715,0.5199954455946241
1.8572857285728572,0.4999958702984501,0.47999601038929385,0.5199954562212141
1.857785778577858,0.49999587853784905,0.47999602390388496,0.5199954668605868
1.8582858285828583,0.499995886798308,0.47999603737269614,0.5199954775124574
1.8587858785878586,0.49999589507953063,0.4799960507958825,0.5199954881765431
1.8592859285928593,0.49999590338122224,0.47999606417359847,0.5199954988525622
1.8597859785978597,0.49999591170308977,0.47999607750599815,0.5199955095402355
1.8602860286028604,0.4999959200448416,0.4799960907932351,0.5199955202392849
1.8607860786078607,0.499995928406188,0.4799961040354622,0.5199955309494341
1.8612861286128615,0.4999959367868405,0.479996117232832,0.5199955416704084
1.8617861786178618,0.49999594518651247,0.47999613038549643,0.5199955524019351
1.862286228622862,0.4999959536049187,0.47999614349360686,0.5199955631437426
1.8627862786278628,0.49999596204177577,0.4799961565573143,0.5199955738955615
1.8632863286328631,0.4999959704968016,0.47999616957676916,0.5199955846571236
1.863786378637864,0.49999597896971587,0.47999618255212134,0.5199955954281625
1.8642864286428642,0.49999598746023965,0.4799961954835202,0.5199956062084136
1.864786478647865,0.4999959959680957,0.4799962083711146,0.5199956169976135
1.8652865286528653,0.4999960044930082,0.479996221215053,0.5199956277955009
1.865786578657866,0.4999960130347031,0.47999623401548325,0.5199956386018157
1.8662866286628663,0.4999960215929077,0.4799962467725527,0.5199956494162997
1.8667866786678666,0.49999603016735084,0.4799962594864083,0.5199956602386961
1.8672867286728674,0.49999603875776294,0.4799962721571964,0.5199956710687498
1.8677867786778677,0.49999604736387604,0.4799962847850629,0.5199956819062072
1.8682868286828684,0.49999605598542357,0.47999629737015315,0.5199956927508161
1.8687868786878687,0.49999606462214047,0.4799963099126121,0.5199957036023265
1.8692869286928695,0.49999607327376333,0.47999632241258416,0.5199957144604893
1.8697869786978698,0.49999608194003003,0.4799963348702132,0.5199957253250572
1.8702870287028701,0.4999960906206801,0.4799963472856427,0.5199957361957847
1.8707870787078709,0.4999960993154546,0.47999635965901566,0.5199957470724272
1.8712871287128712,0.4999961080240959,0.47999637199047446,0.5199957579547424
1.871787178717872,0.4999961167463481,0.47999638428016106,0.519995768842489
1.8722872287228722,0.4999961254819565,0.4799963965282171,0.5199957797354275
1.872787278727873,0.4999961342306681,0.47999640873478344,0.5199957906333199
1.8732873287328733,0.4999961429922312,0.47999642090000066,0.5199958015359295
1.8737873787378736,0.4999961517663958,0.47999643302400896,0.5199958124430213
1.8742874287428744,0.499996160552913,0.4799964451069478,0.5199958233543619
1.8747874787478747,0.49999616935153574,0.4799964571489563,0.5199958342697192
1.8752875287528754,0.49999617816201813,0.4799964691501732,0.5199958451888627
1.8757875787578757,0.4999961869841158,0.47999648111073656,0.5199958561115632
1.8762876287628765,0.4999961958175858,0.4799964930307842,0.5199958670375934
1.8767876787678768,0.49999620466218675,0.4799965049104533,0.519995877966727
1.877287728772877,0.4999962135176785,0.4799965167498807,0.5199958888987395
1.8777877787778778,0.49999622238382235,0.4799965285492026,0.5199958998334078
1.8782878287828781,0.49999623126038123,0.47999654030855504,0.5199959107705101
1.878787878787879,0.4999962401471192,0.47999655202807323,0.5199959217098262
1.8792879287928792,0.49999624904380185,0.47999656370789223,0.5199959326511374
1.87978797879788,0.49999625795019625,0.47999657534814644,0.5199959435942263
1.8802880288028803,0.49999626686607074,0.4799965869489699,0.5199959545388769
1.880788078807881,0.49999627579119504,0.47999659851049625,0.5199959654848749
1.8812881288128813,0.49999628472534036,0.47999661003285854,0.5199959764320072
1.8817881788178816,0.4999962936682792,0.47999662151618944,0.5199959873800621
1.8822882288228824,0.4999963026197855,0.4799966329606211,0.5199959983288295
1.8827882788278827,0.49999631157963453,0.4799966443662855,0.5199960092781005
1.8832883288328834,0.49999632054760296,0.47999665573331374,0.5199960202276678
1.8837883788378837,0.49999632952346873,0.4799966670618368,0.5199960311773252
1.8842884288428845,0.4999963385070113,0.4799966783519851,0.5199960421268683
1.8847884788478848,0.4999963474980113,0.47999668960388864,0.5199960530760938
1.8852885288528851,0.49999635649625074,0.479996700817677,0.5199960640247998
1.8857885788578859,0.49999636550151316,0.4799967119934792,0.5199960749727859
1.8862886288628862,0.49999637451358314,0.479996723131424,0.5199960859198529
1.886788678867887,0.4999963835322468,0.4799967342316396,0.5199960968658033
1.8872887288728872,0.4999963925572915,0.4799967452942538,0.5199961078104405
1.887788778877888,0.49999640158850595,0.47999675631939404,0.5199961187535694
1.8882888288828883,0.4999964106256802,0.47999676730718716,0.5199961296949965
1.8887888788878886,0.4999964196686055,0.47999677825775977,0.5199961406345296
1.8892889288928894,0.49999642871707445,0.4799967891712379,0.5199961515719773
1.8897889788978897,0.49999643777088104,0.47999680004774714,0.5199961625071502
1.8902890289028904,0.49999644682982053,0.47999681088741286,0.5199961734398599
1.8907890789078907,0.49999645589368935,0.4799968216903598,0.5199961843699193
1.8912891289128915,0.49999646496228534,0.4799968324567123,0.5199961952971429
1.8917891789178918,0.49999647403540753,0.4799968431865944,0.519996206221346
1.892289228922892,0.49999648311285627,0.4799968538801296,0.5199962171423458
1.8927892789278928,0.4999964921944332,0.479996864537441,0.5199962280599603
1.8932893289328931,0.4999965012799412,0.47999687515865136,0.5199962389740089
1.893789378937894,0.49999651036918447,0.47999688574388294,0.5199962498843126
1.8942894289428942,0.49999651946196827,0.4799968962932576,0.5199962607906934
1.894789478947895,0.49999652855809934,0.47999690680689683,0.5199962716929747
1.8952895289528953,0.49999653765738555,0.47999691728492166,0.5199962825909809
1.895789578957896,0.499996546759636,0.4799969277274528,0.519996293484538
1.8962896289628963,0.49999655586466113,0.47999693813461036,0.5199963043734732
1.8967896789678966,0.4999965649722725,0.47999694850651425,0.5199963152576147
1.8972897289728974,0.49999657408228293,0.47999695884328386,0.5199963261367924
1.8977897789778977,0.4999965831945065,0.47999696914503825,0.5199963370108369
1.8982898289828984,0.4999965923087584,0.479996979411896,0.5199963478795806
1.8987898789878987,0.4999966014248552,0.47999698964397536,0.5199963587428567
1.8992899289928995,0.4999966105426145,0.47999699984139405,0.5199963696004998
1.8997899789978998,0.49999661966185527,0.4799970100042696,0.5199963804523456
1.9002900290029001,0.4999966287823975,0.4799970201327189,0.5199963912982315
1.9007900790079009,0.49999663790406246,0.4799970302268586,0.5199964021379954
1.9012901290129012,0.4999966470266727,0.47999704028680495,0.5199964129714767
1.901790179017902,0.4999966561500518,0.4799970503126738,0.5199964237985163
1.9022902290229022,0.4999966652740246,0.4799970603045806,0.519996434618956
1.902790279027903,0.4999966743984171,0.4799970702626403,0.5199964454326387
1.9032903290329033,0.49999668352305643,0.47999708018696763,0.5199964562394088
1.9037903790379036,0.499996692647771,0.4799970900776768,0.5199964670391116
1.9042904290429044,0.49999670177239025,0.4799970999348818,0.5199964778315938
1.9047904790479047,0.4999967108967448,0.47999710975869603,0.519996488616703
1.9052905290529054,0.4999967200206665,0.4799971195492326,0.5199964993942883
1.9057905790579057,0.49999672914398824,0.4799971293066042,0.5199965101641996
1.9062906290629065,0.4999967382665441,0.47999713903092334,0.5199965209262883
1.9067906790679068,0.4999967473881694,0.4799971487223018,0.5199965316804068
1.907290729072907,0.49999675650870035,0.4799971583808512,0.5199965424264086
1.9077907790779078,0.4999967656279745,0.4799971680066829,0.5199965531641484
1.9082908290829081,0.4999967747458305,0.4799971775999075,0.519996563893482
1.908790879087909,0.49999678386210794,0.47999718716063566,0.5199965746142665
1.9092909290929092,0.49999679297664773,0.47999719668897733,0.5199965853263597
1.90979097909791,0.49999680208929187,0.47999720618504227,0.5199965960296211
1.9102910291029103,0.49999681119988326,0.47999721564893977,0.5199966067239108
1.910791079107911,0.49999682030826614,0.47999722508077886,0.5199966174090904
1.9112911291129113,0.49999682941428575,0.47999723448066806,0.5199966280850223
1.9117911791179116,0.49999683851778837,0.47999724384871567,0.5199966387515703
1.9122912291229124,0.49999684761862145,0.47999725318502956,0.519996649408599
1.9127912791279127,0.4999968567166335,0.47999726248971714,0.5199966600559742
1.9132913291329134,0.4999968658116741,0.4799972717628856,0.519996670693563
1.9137913791379138,0.49999687490359385,0.47999728100464173,0.5199966813212333
1.9142914291429145,0.4999968839922445,0.4799972902150919,0.5199966919388542
1.9147914791479148,0.49999689307747885,0.47999729939434216,0.5199967025462959
1.9152915291529151,0.4999969021591507,0.47999730854249817,0.5199967131434295
1.9157915791579159,0.499996911237115,0.47999731765966536,0.5199967237301274
1.9162916291629162,0.4999969203112276,0.4799973267459486,0.5199967343062628
1.916791679167917,0.4999969293813456,0.47999733580145254,0.5199967448717102
1.9172917291729172,0.499996938447327,0.4799973448262815,0.519996755426345
1.917791779177918,0.4999969475090308,0.47999735382053926,0.5199967659700437
1.9182918291829183,0.49999695656631715,0.4799973627843295,0.5199967765026839
1.9187918791879186,0.4999969656190472,0.47999737171775536,0.5199967870241442
1.9192919291929194,0.49999697466708315,0.47999738062091973,0.519996797534304
1.9197919791979197,0.49999698371028806,0.4799973894939251,0.5199968080330439
1.9202920292029204,0.4999969927485262,0.4799973983368737,0.5199968185202458
1.9207920792079207,0.4999970017816628,0.4799974071498673,0.5199968289957921
1.9212921292129215,0.49999701080956394,0.47999741593300727,0.5199968394595667
1.9217921792179218,0.49999701983209693,0.47999742468639484,0.5199968499114539
1.922292229222922,0.49999702884913,0.47999743341013085,0.5199968603513397
1.9227922792279228,0.4999970378605323,0.4799974421043156,0.5199968707791107
1.9232923292329231,0.499997046866174,0.4799974507690493,0.5199968811946545
1.923792379237924,0.49999705586592635,0.4799974594044317,0.5199968915978598
1.9242924292429242,0.49999706485966144,0.4799974680105622,0.5199969019886161
1.924792479247925,0.4999970738472525,0.4799974765875399,0.5199969123668142
1.9252925292529253,0.4999970828285735,0.47999748513546353,0.5199969227323455
1.925792579257926,0.49999709180349966,0.4799974936544315,0.5199969330851028
1.9262926292629263,0.49999710077190695,0.479997502144542,0.5199969434249793
1.9267926792679266,0.49999710973367234,0.4799975106058927,0.5199969537518697
1.9272927292729274,0.49999711868867386,0.47999751903858096,0.5199969640656693
1.9277927792779277,0.4999971276367904,0.479997527442704,0.5199969743662747
1.9282928292829284,0.49999713657790174,0.4799975358183585,0.5199969846535829
1.9287928792879288,0.49999714551188873,0.47999754416564094,0.5199969949274924
1.9292929292929295,0.49999715443863313,0.4799975524846474,0.5199970051879024
1.9297929792979298,0.4999971633580176,0.4799975607754737,0.5199970154347129
1.9302930293029301,0.4999971722699257,0.4799975690382152,0.5199970256678251
1.9307930793079309,0.49999718117424197,0.4799975772729672,0.5199970358871411
1.9312931293129312,0.4999971900708519,0.4799975854798244,0.5199970460925635
1.931793179317932,0.4999971989596419,0.4799975936588813,0.5199970562839964
1.9322932293229322,0.49999720784049917,0.47999760181023204,0.5199970664613445
1.932793279327933,0.4999972167133119,0.4799976099339706,0.5199970766245132
1.9332933293329333,0.4999972255779692,0.47999761803019036,0.5199970867734095
1.9337933793379336,0.49999723443436117,0.47999762609898466,0.5199970969079404
1.9342934293429344,0.49999724328237855,0.4799976341404464,0.5199971070280146
1.9347934793479347,0.49999725212191326,0.479997642154668,0.5199971171335411
1.9352935293529354,0.4999972609528579,0.47999765014174195,0.51999712722443
1.9357935793579357,0.4999972697751061,0.4799976581017601,0.5199971373005926
1.9362936293629365,0.4999972785885523,0.4799976660348141,0.5199971473619404
1.9367936793679368,0.49999728739309185,0.4799976739409953,0.5199971574083864
1.937293729372937,0.4999972961886209,0.47999768182039476,0.519997167439844
1.9377937793779378,0.49999730497503647,0.4799976896731032,0.519997177456228
1.9382938293829381,0.49999731375223666,0.47999769749921095,0.5199971874574534
1.938793879387939,0.49999732252012014,0.4799977052988082,0.5199971974434365
1.9392939293929392,0.49999733127858664,0.47999771307198474,0.5199972074140944
1.93979397939794,0.49999734002753665,0.4799977208188301,0.5199972173693449
1.9402940294029403,0.4999973487668715,0.4799977285394334,0.5199972273091069
1.940794079407941,0.49999735749649343,0.4799977362338836,0.5199972372332998
1.9412941294129413,0.4999973662163055,0.47999774390226924,0.519997247141844
1.9417941794179416,0.4999973749262116,0.47999775154467866,0.5199972570346609
1.9422942294229424,0.49999738362611645,0.4799977591611998,0.5199972669116725
1.9427942794279427,0.4999973923159256,0.4799977667519204,0.5199972767728015
1.9432943294329434,0.49999740099554546,0.47999777431692786,0.5199972866179717
1.9437943794379438,0.49999740966488315,0.47999778185630926,0.5199972964471078
1.9442944294429445,0.4999974183238468,0.4799977893701514,0.5199973062601349
1.9447944794479448,0.49999742697234517,0.4799977968585408,0.5199973160569792
1.9452945294529451,0.499997435610288,0.4799978043215637,0.5199973258375675
1.9457945794579459,0.49999744423758563,0.479997811759306,0.5199973356018278
1.9462946294629462,0.4999974528541494,0.47999781917185336,0.5199973453496883
1.946794679467947,0.49999746145989143,0.47999782655929113,0.5199973550810786
1.9472947294729472,0.49999747005472445,0.4799978339217043,0.5199973647959286
1.947794779477948,0.4999974786385622,0.47999784125917777,0.5199973744941693
1.9482948294829483,0.4999974872113191,0.4799978485717959,0.5199973841757322
1.9487948794879486,0.4999974957729103,0.4799978558596429,0.5199973938405498
1.9492949294929494,0.49999750432325196,0.47999786312280274,0.5199974034885553
1.9497949794979497,0.49999751286226074,0.47999787036135905,0.5199974131196826
1.9502950295029504,0.49999752138985426,0.4799978775753951,0.5199974227338665
1.9507950795079507,0.49999752990595087,0.479997884764994,0.5199974323310425
1.9512951295129515,0.49999753841046957,0.4799978919302385,0.5199974419111467
1.9517951795179518,0.4999975469033303,0.47999789907121115,0.5199974514741161
1.952295229522952,0.4999975553844537,0.47999790618799415,0.5199974610198885
1.9527952795279528,0.49999756385376104,0.47999791328066943,0.5199974705484024
1.9532953295329532,0.49999757231117453,0.4799979203493186,0.5199974800595969
1.953795379537954,0.49999758075661704,0.47999792739402314,0.519997489553412
1.9542954295429542,0.49999758919001214,0.47999793441486416,0.5199974990297883
1.954795479547955,0.4999975976112842,0.4799979414119224,0.5199975084886672
1.9552955295529553,0.4999976060203584,0.47999794838527854,0.5199975179299909
1.955795579557956,0.49999761441716045,0.47999795533501277,0.5199975273537021
1.9562956295629563,0.499997622801617,0.47999796226120517,0.5199975367597445
1.9567956795679566,0.4999976311736553,0.47999796916393545,0.5199975461480623
1.9572957295729574,0.49999763953320336,0.4799979760432831,0.5199975555186004
1.9577957795779577,0.49999764788018997,0.4799979828993273,0.5199975648713044
1.9582958295829584,0.49999765621454445,0.4799979897321471,0.5199975742061209
1.9587958795879588,0.49999766453619704,0.47999799654182107,0.519997583522997
1.9592959295929595,0.4999976728450787,0.4799980033284276,0.5199975928218801
1.9597959795979598,0.4999976811411208,0.4799980100920449,0.519997602102719
1.9602960296029601,0.49999768942425576,0.4799980168327508,0.5199976113654625
1.9607960796079609,0.4999976976944165,0.47999802355062293,0.5199976206100607
1.9612961296129612,0.49999770595153675,0.4799980302457386,0.519997629836464
1.961796179617962,0.4999977141955508,0.47999803691817494,0.5199976390446236
1.9622962296229622,0.4999977224263937,0.4799980435680088,0.5199976482344912
1.962796279627963,0.4999977306440012,0.47999805019531666,0.5199976574060194
1.9632963296329633,0.4999977388483098,0.4799980568001749,0.5199976665591615
1.9637963796379636,0.4999977470392565,0.4799980633826595,0.519997675693871
1.9642964296429644,0.4999977552167791,0.47999806994284633,0.5199976848101027
1.9647964796479647,0.499997763380816,0.47999807648081083,0.5199976939078115
1.9652965296529654,0.49999777153130626,0.4799980829966284,0.5199977029869531
1.9657965796579657,0.4999977796681898,0.4799980894903739,0.5199977120474844
1.9662966296629665,0.49999778779140697,0.4799980959621223,0.5199977210893619
1.9667966796679668,0.4999977959008988,0.4799981024119479,0.5199977301125437
1.967296729672967,0.49999780399660715,0.4799981088399251,0.5199977391169879
1.9677967796779678,0.4999978120784744,0.4799981152461279,0.5199977481026536
1.9682968296829682,0.49999782014644345,0.47999812163063,0.5199977570695004
1.968796879687969,0.4999978282004581,0.47999812799350494,0.5199977660174884
1.9692969296929692,0.49999783624046273,0.479998134334826,0.5199977749465786
1.96979697969797,0.4999978442664022,0.47999814065466617,0.5199977838567323
1.9702970297029703,0.49999785227822213,0.4799981469530982,0.5199977927479117
1.970797079707971,0.49999786027586873,0.4799981532301947,0.5199978016200794
1.9712971297129713,0.49999786825928894,0.4799981594860278,0.5199978104731987
1.9717971797179716,0.4999978762284301,0.47999816572066967,0.5199978193072335
1.9722972297229724,0.4999978841832405,0.479998171934192,0.5199978281221483
1.9727972797279727,0.4999978921236687,0.47999817812666634,0.5199978369179082
1.9732973297329734,0.4999979000496641,0.479998184298164,0.5199978456944789
1.9737973797379738,0.49999790796117666,0.4799981904487561,0.5199978544518267
1.9742974297429745,0.4999979158581569,0.47999819657851334,0.5199978631899183
1.9747974797479748,0.499997923740556,0.47999820268750637,0.5199978719087212
1.9752975297529751,0.49999793160832573,0.4799982087758055,0.5199978806082034
1.9757975797579759,0.49999793946141846,0.47999821484348093,0.5199978892883336
1.9762976297629762,0.4999979472997871,0.47999822089060235,0.5199978979490809
1.976797679767977,0.4999979551233852,0.4799982269172395,0.519997906590415
1.9772977297729772,0.499997962932167,0.4799982329234617,0.5199979152123063
1.977797779777978,0.49999797072608704,0.47999823890933824,0.5199979238147255
1.9782978297829783,0.4999979785051008,0.47999824487493786,0.5199979323976444
1.9787978797879786,0.4999979862691641,0.4799982508203294,0.5199979409610345
1.9792979297929794,0.4999979940182334,0.4799982567455812,0.5199979495048687
1.9797979797979797,0.4999980017522658,0.47999826265076156,0.5199979580291197
1.9802980298029804,0.49999800947121875,0.4799982685359384,0.5199979665337616
1.9807980798079807,0.4999980171750506,0.47999827440117954,0.5199979750187683
1.9812981298129815,0.49999802486372,0.4799982802465525,0.5199979834841146
1.9817981798179818,0.49999803253718633,0.4799982860721246,0.5199979919297757
1.982298229822982,0.4999980401954094,0.47999829187796283,0.5199980003557274
1.9827982798279828,0.49999804783834956,0.47999829766413415,0.5199980087619461
1.9832983298329832,0.49999805546596787,0.4799983034307051,0.5199980171484085
1.983798379837984,0.49999806307822586,0.4799983091777421,0.5199980255150921
1.9842984298429842,0.49999807067508556,0.4799983149053113,0.5199980338619747
1.984798479847985,0.49999807825650955,0.4799983206134787,0.5199980421890349
1.9852985298529853,0.49999808582246097,0.47999832630231,0.5199980504962514
1.985798579857986,0.49999809337290363,0.47999833197187064,0.5199980587836037
1.9862986298629863,0.4999981009078016,0.479998337622226,0.5199980670510718
1.9867986798679866,0.4999981084271197,0.4799983432534411,0.5199980752986362
1.9872987298729874,0.4999981159308233,0.4799983488655807,0.5199980835262776
1.9877987798779877,0.499998123418878,0.47999835445870953,0.5199980917339778
1.9882988298829884,0.49999813089125034,0.4799983600328919,0.5199980999217186
1.9887988798879888,0.499998138347907,0.47999836558819203,0.5199981080894824
1.9892989298929895,0.49999814578881546,0.4799983711246739,0.5199981162372522
1.9897989798979898,0.4999981532139436,0.47999837664240125,0.5199981243650115
1.9902990299029901,0.49999816062325975,0.4799983821414376,0.5199981324727441
1.9907990799079909,0.4999981680167328,0.4799983876218462,0.5199981405604344
1.9912991299129912,0.4999981753943323,0.4799983930836903,0.5199981486280673
1.991799179917992,0.499998182756028,0.47999839852703263,0.5199981566756282
1.9922992299229922,0.4999981901017903,0.47999840395193594,0.5199981647031028
1.992799279927993,0.49999819743159024,0.4799984093584627,0.5199981727104774
1.9932993299329933,0.49999820474539913,0.47999841474667515,0.519998180697739
1.9937993799379936,0.49999821204318884,0.4799984201166353,0.5199981886648746
1.9942994299429944,0.4999982193249318,0.479998425468405,0.5199981966118719
1.9947994799479947,0.49999822659060095,0.4799984308020459,0.519998204538719
1.9952995299529954,0.49999823384016945,0.47999843611761933,0.5199982124454047
1.9957995799579957,0.4999982410736113,0.47999844141518655,0.5199982203319178
1.9962996299629965,0.4999982482909007,0.47999844669480857,0.519998228198248
1.9967996799679968,0.4999982554920125,0.47999845195654617,0.5199982360443852
1.997299729972997,0.49999826267692193,0.47999845720045986,0.5199982438703198
1.9977997799779978,0.49999826984560464,0.47999846242661015,0.5199982516760425
1.9982998299829982,0.49999827699803695,0.4799984676350571,0.5199982594615448
1.998799879987999,0.4999982841341954,0.4799984728258607,0.5199982672268182
1.9992999299929992,0.4999982912540572,0.47999847799908074,0.519998274971855
1.999799979998,0.49999829835759985,0.4799984831547768,0.5199982826966477
2.0003000300030003,0.49999830544480134,0.4799984882930082,0.5199982904011893
2.000800080008001,0.49999831251564025,0.4799984934138341,0.5199982980854732
2.0013001300130013,0.4999983195700955,0.4799984985173135,0.5199983057494932
2.0018001800180016,0.4999983266081464,0.47999850360350516,0.5199983133932438
2.0023002300230024,0.49999833362977286,0.47999850867246757,0.5199983210167194
2.0028002800280027,0.4999983406349551,0.47999851372425917,0.5199983286199152
2.0033003300330035,0.4999983476236738,0.4799985187589381,0.5199983362028268
2.0038003800380038,0.4999983545959101,0.4799985237765623,0.5199983437654501
2.0043004300430045,0.4999983615516456,0.4799985287771896,0.5199983513077812
2.004800480048005,0.4999983684908624,0.4799985337608776,0.519998358829817
2.005300530053005,0.4999983754135428,0.4799985387276835,0.5199983663315547
2.005800580058006,0.49999838231966975,0.4799985436776647,0.5199983738129916
2.006300630063006,0.4999983892092265,0.4799985486108781,0.5199983812741259
2.006800680068007,0.49999839608219676,0.47999855352738047,0.5199983887149556
2.0073007300730072,0.49999840293856473,0.4799985584272285,0.5199983961354796
2.007800780078008,0.4999984097783149,0.4799985633104785,0.5199984035356969
2.0083008300830083,0.4999984166014322,0.4799985681771868,0.5199984109156071
2.0088008800880086,0.49999842340790207,0.47999857302740934,0.5199984182752099
2.0093009300930094,0.49999843019771023,0.4799985778612021,0.5199984256145056
2.0098009800980097,0.49999843697084295,0.47999858267862056,0.5199984329334948
2.0103010301030104,0.49999844372728675,0.4799985874797203,0.5199984402321784
2.0108010801080107,0.4999984504670287,0.4799985922645566,0.5199984475105579
2.0113011301130115,0.4999984571900561,0.4799985970331845,0.5199984547686349
2.011801180118012,0.4999984638963568,0.47999860178565895,0.5199984620064115
2.012301230123012,0.499998470585919,0.47999860652203463,0.5199984692238904
2.012801280128013,0.49999847725873126,0.4799986112423661,0.519998476421074
2.013301330133013,0.49999848391478247,0.4799986159467077,0.5199984835979657
2.013801380138014,0.49999849055406215,0.47999862063511356,0.5199984907545692
2.014301430143014,0.49999849717655986,0.47999862530763776,0.5199984978908879
2.014801480148015,0.49999850378226585,0.479998629964334,0.5199985050069266
2.0153015301530153,0.49999851037117055,0.47999863460525594,0.5199985121026895
2.015801580158016,0.49999851694326486,0.479998639230457,0.5199985191781816
2.0163016301630163,0.49999852349854,0.47999864383999047,0.5199985262334084
2.0168016801680166,0.4999985300369877,0.4799986484339094,0.5199985332683752
2.0173017301730174,0.4999985365585998,0.47999865301226663,0.5199985402830882
2.0178017801780177,0.49999854306336877,0.47999865757511495,0.5199985472775536
2.0183018301830185,0.49999854955128736,0.47999866212250686,0.519998554251778
2.0188018801880188,0.49999855602234855,0.4799986666544947,0.5199985612057684
2.0193019301930195,0.49999856247654584,0.4799986711711307,0.519998568139532
2.01980198019802,0.49999856891387306,0.47999867567246685,0.5199985750530767
2.02030203020302,0.4999985753343244,0.47999868015855496,0.51999858194641
2.020802080208021,0.4999985817378943,0.47999868462944667,0.5199985888195406
2.021302130213021,0.4999985881245777,0.4799986890851935,0.5199985956724769
2.021802180218022,0.4999985944943698,0.47999869352584673,0.5199986025052278
2.0223022302230222,0.49999860084726616,0.47999869795145744,0.5199986093178024
2.022802280228023,0.4999986071832627,0.4799987023620767,0.5199986161102105
2.0233023302330233,0.4999986135023557,0.4799987067577552,0.5199986228824618
2.0238023802380236,0.4999986198045417,0.47999871113854353,0.5199986296345664
2.0243024302430244,0.49999862608981765,0.47999871550449225,0.519998636366535
2.0248024802480247,0.4999986323581809,0.4799987198556515,0.5199986430783781
2.0253025302530254,0.4999986386096289,0.47999872419207146,0.5199986497701068
2.0258025802580257,0.4999986448441597,0.47999872851380204,0.5199986564417326
2.0263026302630265,0.49999865106177155,0.47999873282089295,0.5199986630932671
2.026802680268027,0.499998657262463,0.47999873711339386,0.5199986697247223
2.027302730273027,0.499998663446233,0.4799987413913541,0.5199986763361104
2.027802780278028,0.4999986696130808,0.47999874565482303,0.519998682927444
2.028302830283028,0.49999867576300594,0.4799987499038497,0.5199986894987358
2.028802880288029,0.49999868189600827,0.47999875413848303,0.5199986960499992
2.029302930293029,0.49999868801208797,0.4799987583587717,0.5199987025812473
2.02980298029803,0.49999869411124565,0.4799987625647644,0.5199987090924939
2.0303030303030303,0.49999870019348197,0.47999876675650954,0.519998715583753
2.030803080308031,0.4999987062587982,0.4799987709340554,0.5199987220550388
2.0313031303130313,0.4999987123071957,0.47999877509745,0.519998728506366
2.0318031803180316,0.4999987183386763,0.47999877924674134,0.5199987349377491
2.0323032303230324,0.49999872435324194,0.47999878338197716,0.5199987413492033
2.0328032803280327,0.499998730350895,0.4799987875032051,0.5199987477407441
2.0333033303330335,0.4999987363316381,0.47999879161047265,0.5199987541123868
2.0338033803380338,0.49999874229547425,0.479998795703827,0.5199987604641475
2.0343034303430345,0.49999874824240664,0.47999879978331533,0.5199987667960423
2.034803480348035,0.49999875417243883,0.47999880384898463,0.5199987731080874
2.035303530353035,0.4999987600855746,0.47999880790088173,0.5199987794002997
2.035803580358036,0.4999987659818181,0.4799988119390532,0.5199987856726961
2.036303630363036,0.49999877186117364,0.4799988159635456,0.5199987919252935
2.036803680368037,0.49999877772364604,0.47999881997440524,0.5199987981581096
2.0373037303730372,0.49999878356924016,0.4799988239716783,0.5199988043711619
2.037803780378038,0.49999878939796133,0.4799988279554108,0.5199988105644684
2.0383038303830383,0.499998795209815,0.4799988319256487,0.5199988167380472
2.0388038803880386,0.499998801004807,0.4799988358824375,0.5199988228919168
2.0393039303930394,0.49999880678294334,0.47999883982582303,0.5199988290260957
2.0398039803980397,0.4999988125442305,0.4799988437558505,0.519998835140603
2.0403040304030404,0.49999881828867504,0.4799988476725652,0.5199988412354576
2.0408040804080407,0.4999988240162838,0.47999885157601224,0.519998847310679
2.0413041304130415,0.49999882972706405,0.47999885546623655,0.5199988533662868
2.041804180418042,0.49999883542102314,0.47999885934328296,0.5199988594023008
2.042304230423042,0.4999988410981687,0.4799988632071961,0.5199988654187411
2.042804280428043,0.49999884675850875,0.4799988670580204,0.519998871415628
2.043304330433043,0.4999988524020515,0.4799988708958003,0.5199988773929819
2.043804380438044,0.4999988580288054,0.4799988747205799,0.5199988833508237
2.044304430443044,0.49999886363877916,0.47999887853240325,0.5199988892891741
2.044804480448045,0.4999988692319817,0.47999888233131427,0.5199988952080548
2.0453045304530453,0.49999887480842237,0.47999888611735664,0.5199989011074867
2.045804580458046,0.4999988803681105,0.47999888989057404,0.5199989069874917
2.0463046304630463,0.49999888591105596,0.4799988936510099,0.5199989128480916
2.0468046804680466,0.4999988914372686,0.47999889739870744,0.5199989186893085
2.0473047304730474,0.49999889694675864,0.47999890113370985,0.5199989245111645
2.0478047804780477,0.49999890243953665,0.4799989048560601,0.5199989303136822
2.0483048304830485,0.4999989079156132,0.4799989085658012,0.5199989360968842
2.0488048804880488,0.49999891337499924,0.4799989122629757,0.5199989418607935
2.0493049304930495,0.49999891881770603,0.4799989159476262,0.5199989476054332
2.04980498049805,0.49999892424374487,0.4799989196197952,0.5199989533308265
2.05030503050305,0.4999989296531275,0.47999892327952487,0.519998959036997
2.050805080508051,0.4999989350458657,0.4799989269268574,0.5199989647239683
2.051305130513051,0.4999989404219716,0.4799989305618348,0.5199989703917645
2.051805180518052,0.49999894578145754,0.4799989341844989,0.5199989760404095
2.0523052305230522,0.4999989511243361,0.47999893779489144,0.5199989816699275
2.052805280528053,0.49999895645062004,0.479998941393054,0.5199989872803432
2.0533053305330533,0.4999989617603223,0.47999894497902795,0.5199989928716813
2.0538053805380536,0.49999896705345626,0.4799989485528546,0.5199989984439665
2.0543054305430544,0.4999989723300352,0.4799989521145751,0.5199990039972238
2.0548054805480547,0.4999989775900729,0.47999895566423045,0.5199990095314786
2.0553055305530554,0.4999989828335831,0.4799989592018616,0.5199990150467562
2.0558055805580557,0.49999898806058,0.47999896272750914,0.5199990205430822
2.0563056305630565,0.49999899327107794,0.4799989662412138,0.5199990260204825
2.056805680568057,0.4999989984650913,0.4799989697430159,0.519999031478983
2.057305730573057,0.4999990036426349,0.47999897323295593,0.5199990369186097
2.057805780578058,0.49999900880372367,0.4799989767110739,0.5199990423393891
2.058305830583058,0.49999901394837265,0.47999898017740994,0.5199990477413475
2.058805880588059,0.49999901907659733,0.479998983632004,0.5199990531245117
2.059305930593059,0.4999990241884131,0.47999898707489574,0.5199990584889084
2.05980598059806,0.49999902928383577,0.47999899050612493,0.5199990638345646
2.0603060306030603,0.49999903436288134,0.479998993925731,0.5199990691615076
2.060806080608061,0.49999903942556584,0.47999899733375334,0.5199990744697646
2.0613061306130613,0.4999990444719057,0.47999900073023116,0.519999079759363
2.0618061806180616,0.4999990495019173,0.47999900411520363,0.5199990850303307
2.0623062306230624,0.49999905451561755,0.4799990074887097,0.5199990902826952
2.0628062806280627,0.49999905951302326,0.47999901085078817,0.5199990955164847
2.0633063306330635,0.49999906449415155,0.4799990142014778,0.5199991007317272
2.0638063806380638,0.4999990694590197,0.47999901754081714,0.519999105928451
2.0643064306430645,0.4999990744076452,0.4799990208688446,0.5199991111066846
2.064806480648065,0.4999990793400456,0.47999902418559864,0.5199991162664565
2.065306530653065,0.49999908425623896,0.4799990274911173,0.5199991214077955
2.065806580658066,0.49999908915624314,0.4799990307854387,0.5199991265307303
2.066306630663066,0.49999909404007636,0.4799990340686007,0.5199991316352902
2.066806680668067,0.499999098907757,0.47999903734064125,0.5199991367215042
2.0673067306730672,0.49999910375930373,0.4799990406015979,0.5199991417894017
2.067806780678068,0.4999991085947351,0.4799990438515083,0.519999146839012
2.0683068306830683,0.49999911341407016,0.47999904709040975,0.5199991518703649
2.0688068806880686,0.4999991182173279,0.4799990503183396,0.5199991568834902
2.0693069306930694,0.49999912300452765,0.479999053535335,0.5199991618784175
2.0698069806980697,0.4999991277756888,0.47999905674143306,0.5199991668551771
2.0703070307030704,0.49999913253083084,0.4799990599366706,0.519999171813799
2.0708070807080707,0.49999913726997364,0.4799990631210844,0.5199991767543134
2.0713071307130715,0.49999914199313705,0.47999906629471123,0.519999181676751
2.071807180718072,0.4999991467003412,0.4799990694575875,0.5199991865811421
2.072307230723072,0.4999991513916063,0.4799990726097498,0.5199991914675175
2.072807280728073,0.4999991560669527,0.47999907575123424,0.519999196335908
2.073307330733073,0.49999916072640105,0.4799990788820771,0.5199992011863445
2.073807380738074,0.499999165369972,0.4799990820023144,0.5199992060188581
2.074307430743074,0.4999991699976865,0.4799990851119821,0.51999921083348
2.074807480748075,0.4999991746095655,0.47999908821111587,0.5199992156302414
2.0753075307530753,0.4999991792056302,0.47999909129975155,0.5199992204091739
2.075807580758076,0.4999991837859019,0.47999909437792465,0.5199992251703089
2.0763076307630763,0.49999918835040214,0.4799990974456706,0.5199992299136782
2.0768076807680766,0.4999991928991525,0.47999910050302474,0.5199992346393134
2.0773077307730774,0.4999991974321748,0.47999910355002223,0.5199992393472467
2.0778077807780777,0.49999920194949093,0.4799991065866982,0.5199992440375097
2.0783078307830785,0.49999920645112295,0.47999910961308756,0.5199992487101349
2.0788078807880788,0.49999921093709304,0.47999911262922523,0.5199992533651544
2.0793079307930795,0.49999921540742365,0.47999911563514586,0.5199992580026005
2.07980798079808,0.4999992198621372,0.4799991186308841,0.5199992626225056
2.08030803080308,0.4999992243012563,0.4799991216164745,0.5199992672249025
2.080808080808081,0.4999992287248038,0.4799991245919513,0.5199992718098236
2.081308130813081,0.49999923313280253,0.47999912755734886,0.5199992763773019
2.081808180818082,0.49999923752527553,0.4799991305127013,0.5199992809273701
2.0823082308230823,0.49999924190224604,0.4799991334580426,0.5199992854600614
2.082808280828083,0.49999924626373726,0.4799991363934068,0.5199992899754086
2.0833083308330833,0.4999992506097727,0.4799991393188276,0.5199992944734451
2.0838083808380836,0.4999992549403759,0.47999914223433865,0.5199992989542039
2.0843084308430844,0.4999992592555705,0.47999914513997355,0.5199993034177188
2.0848084808480847,0.49999926355538044,0.4799991480357658,0.5199993078640229
2.0853085308530854,0.49999926783982956,0.4799991509217487,0.51999931229315
2.0858085808580857,0.49999927210894196,0.4799991537979555,0.5199993167051336
2.0863086308630865,0.49999927636274183,0.4799991566644193,0.5199993211000076
2.086808680868087,0.4999992806012535,0.4799991595211731,0.5199993254778056
2.0873087308730875,0.4999992848245014,0.4799991623682498,0.5199993298385618
2.087808780878088,0.49999928903251006,0.4799991652056822,0.51999933418231
2.088308830883088,0.4999992932253041,0.4799991680335029,0.5199993385090844
2.088808880888089,0.4999992974029085,0.4799991708517446,0.5199993428189192
2.0893089308930892,0.49999930156534794,0.4799991736604396,0.5199993471118487
2.08980898089809,0.49999930571264756,0.47999917645962026,0.5199993513879072
2.0903090309030903,0.49999930984483243,0.4799991792493189,0.5199993556471292
2.090809080908091,0.49999931396192787,0.4799991820295676,0.5199993598895492
2.0913091309130913,0.49999931806395914,0.4799991848003983,0.5199993641152016
2.0918091809180916,0.4999993221509517,0.479999187561843,0.5199993683241214
2.0923092309230924,0.49999932622293125,0.47999919031393345,0.5199993725163432
2.0928092809280927,0.4999993302799233,0.47999919305670136,0.5199993766919018
2.0933093309330935,0.49999933432195376,0.47999919579017825,0.5199993808508322
2.0938093809380938,0.4999993383490484,0.47999919851439565,0.5199993849931692
2.0943094309430945,0.4999993423612333,0.47999920122938494,0.519999389118948
2.094809480948095,0.49999934635853455,0.4799992039351773,0.5199993932282038
2.095309530953095,0.49999935034097825,0.47999920663180395,0.5199993973209717
2.095809580958096,0.49999935430859077,0.47999920931929596,0.5199994013972868
2.096309630963096,0.4999993582613985,0.4799992119976842,0.5199994054571847
2.096809680968097,0.49999936219942787,0.4799992146669996,0.5199994095007007
2.0973097309730973,0.49999936612270557,0.47999921732727274,0.5199994135278702
2.097809780978098,0.49999937003125816,0.4799992199785344,0.5199994175387287
2.0983098309830983,0.49999937392511246,0.47999922262081507,0.5199994215333119
2.0988098809880986,0.4999993778042953,0.4799992252541451,0.5199994255116555
2.0993099309930994,0.49999938166883373,0.4799992278785549,0.5199994294737951
2.0998099809980997,0.4999993855187547,0.4799992304940747,0.5199994334197665
2.1003100310031004,0.4999993893540854,0.47999923310073456,0.5199994373496055
2.1008100810081007,0.49999939317485304,0.47999923569856445,0.5199994412633481
2.1013101310131015,0.4999993969810849,0.47999923828759433,0.5199994451610302
2.101810181018102,0.49999940077280847,0.47999924086785406,0.5199994490426878
2.1023102310231025,0.4999994045500511,0.4799992434393733,0.5199994529083569
2.102810281028103,0.49999940831284045,0.4799992460021816,0.5199994567580737
2.103310331033103,0.4999994120612042,0.47999924855630854,0.5199994605918743
2.103810381038104,0.49999941579517,0.47999925110178354,0.519999464409795
2.1043104310431042,0.4999994195147657,0.4799992536386358,0.519999468211872
2.104810481048105,0.4999994232200191,0.4799992561668947,0.5199994719981418
2.1053105310531053,0.49999942691095833,0.47999925868658927,0.5199994757686405
2.105810581058106,0.4999994305876113,0.47999926119774844,0.5199994795234046
2.1063106310631063,0.49999943425000626,0.47999926370040125,0.5199994832624708
2.1068106810681066,0.4999994378981713,0.47999926619457645,0.5199994869858753
2.1073107310731074,0.49999944153213477,0.47999926868030274,0.5199994906936547
2.1078107810781077,0.499999445151925,0.47999927115760876,0.5199994943858458
2.1083108310831085,0.49999944875757035,0.47999927362652306,0.519999498062485
2.1088108810881088,0.49999945234909937,0.47999927608707404,0.5199995017236092
2.1093109310931095,0.4999994559265406,0.4799992785392901,0.519999505369255
2.10981098109811,0.4999994594899227,0.47999928098319933,0.5199995089994591
2.11031103110311,0.49999946303927434,0.47999928341882997,0.5199995126142585
2.110811081108111,0.4999994665746243,0.47999928584621004,0.5199995162136899
2.111311131113111,0.4999994700960014,0.4799992882653675,0.5199995197977902
2.111811181118112,0.4999994736034345,0.4799992906763302,0.5199995233665964
2.1123112311231123,0.49999947709695264,0.47999929307912587,0.5199995269201453
2.112811281128113,0.49999948057658483,0.4799992954737822,0.519999530458474
2.1133113311331133,0.4999994840423601,0.47999929786032675,0.5199995339816195
2.1138113811381136,0.49999948749430767,0.47999930023878706,0.5199995374896188
2.1143114311431144,0.4999994909324567,0.47999930260919044,0.519999540982509
2.1148114811481147,0.4999994943568365,0.4799993049715642,0.5199995444603273
2.1153115311531154,0.4999994977674764,0.47999930732593554,0.5199995479231108
2.1158115811581157,0.49999950116440567,0.47999930967233156,0.5199995513708965
2.1163116311631165,0.4999995045476539,0.47999931201077933,0.5199995548037218
2.116811681168117,0.49999950791725056,0.4799993143413057,0.519999558221624
2.1173117311731176,0.4999995112732251,0.4799993166639376,0.5199995616246401
2.117811781178118,0.49999951461560727,0.47999931897870163,0.5199995650128076
2.118311831183118,0.49999951794442665,0.47999932128562456,0.5199995683861637
2.118811881188119,0.4999995212597129,0.4799993235847329,0.5199995717447456
2.1193119311931192,0.49999952456149593,0.47999932587605315,0.519999575088591
2.11981198119812,0.4999995278498054,0.47999932815961166,0.5199995784177369
2.1203120312031203,0.49999953112467127,0.47999933043543475,0.5199995817322209
2.120812081208121,0.49999953438612343,0.4799993327035486,0.5199995850320803
2.1213121312131213,0.4999995376341918,0.4799993349639794,0.5199995883173527
2.1218121812181217,0.49999954086890647,0.47999933721675303,0.5199995915880754
2.1223122312231224,0.4999995440902974,0.47999933946189555,0.5199995948442859
2.1228122812281227,0.49999954729839474,0.47999934169943276,0.5199995980860218
2.1233123312331235,0.49999955049322864,0.4799993439293904,0.5199996013133205
2.1238123812381238,0.49999955367482923,0.47999934615179424,0.5199996045262194
2.1243124312431245,0.4999995568432267,0.4799993483666698,0.5199996077247562
2.124812481248125,0.49999955999845147,0.4799993505740425,0.5199996109089684
2.125312531253125,0.4999995631405338,0.47999935277393796,0.5199996140788936
2.125812581258126,0.4999995662695039,0.47999935496638135,0.5199996172345692
2.126312631263126,0.4999995693853923,0.47999935715139797,0.5199996203760331
2.126812681268127,0.49999957248822935,0.47999935932901294,0.5199996235033226
2.1273127312731273,0.4999995755780456,0.4799993614992513,0.5199996266164754
2.127812781278128,0.4999995786548715,0.4799993636621382,0.5199996297155292
2.1283128312831283,0.4999995817187375,0.4799993658176984,0.5199996328005214
2.1288128812881286,0.4999995847696743,0.47999936796595677,0.5199996358714899
2.1293129312931294,0.4999995878077125,0.479999370106938,0.5199996389284721
2.1298129812981297,0.4999995908328826,0.47999937224066674,0.5199996419715058
2.1303130313031304,0.4999995938452154,0.47999937436716766,0.5199996450006286
2.1308130813081307,0.49999959684474155,0.4799993764864651,0.5199996480158781
2.1313131313131315,0.49999959983149184,0.4799993785985836,0.519999651017292
2.131813181318132,0.49999960280549693,0.4799993807035474,0.5199996540049079
2.1323132313231326,0.49999960576678776,0.47999938280138077,0.5199996569787635
2.132813281328133,0.499999608715395,0.4799993848921078,0.5199996599388965
2.133313331333133,0.49999961165134954,0.4799993869757526,0.5199996628853445
2.133813381338134,0.49999961457468234,0.4799993890523392,0.5199996658181453
2.1343134313431342,0.4999996174854242,0.47999939112189144,0.5199996687373363
2.134813481348135,0.49999962038360607,0.4799993931844332,0.5199996716429555
2.1353135313531353,0.49999962326925895,0.4799993952399882,0.5199996745350401
2.135813581358136,0.4999996261424138,0.47999939728858015,0.5199996774136283
2.1363136313631363,0.4999996290031016,0.47999939933023256,0.5199996802787573
2.1368136813681367,0.4999996318513533,0.47999940136496905,0.5199996831304651
2.1373137313731374,0.4999996346872001,0.47999940339281294,0.519999685968789
2.1378137813781377,0.499999637510673,0.4799994054137876,0.5199996887937669
2.1383138313831385,0.49999964032180305,0.4799994074279163,0.5199996916054364
2.1388138813881388,0.4999996431206214,0.4799994094352223,0.5199996944038349
2.1393139313931395,0.4999996459071591,0.47999941143572866,0.5199996971890003
2.13981398139814,0.4999996486814474,0.4799994134294584,0.5199996999609701
2.14031403140314,0.4999996514435174,0.4799994154164344,0.5199997027197819
2.140814081408141,0.4999996541934003,0.4799994173966798,0.5199997054654734
2.141314131413141,0.49999965693112725,0.4799994193702171,0.519999708198082
2.141814181418142,0.49999965965672954,0.4799994213370692,0.5199997109176453
2.1423142314231423,0.4999996623702383,0.47999942329725864,0.5199997136242009
2.142814281428143,0.4999996650716848,0.4799994252508081,0.5199997163177865
2.1433143314331433,0.49999966776110033,0.47999942719773997,0.5199997189984394
2.1438143814381436,0.4999996704385161,0.47999942913807675,0.5199997216661973
2.1443144314431444,0.4999996731039635,0.47999943107184073,0.5199997243210976
2.1448144814481447,0.49999967575747367,0.4799994329990542,0.519999726963178
2.1453145314531454,0.499999678399078,0.47999943491973934,0.5199997295924756
2.1458145814581457,0.4999996810288077,0.4799994368339182,0.5199997322090283
2.1463146314631465,0.4999996836466942,0.479999438741613,0.5199997348128732
2.146814681468147,0.4999996862527688,0.4799994406428455,0.519999737404048
2.1473147314731476,0.49999968884706286,0.4799994425376377,0.51999973998259
2.147814781478148,0.4999996914296076,0.4799994444260114,0.5199997425485364
2.148314831483148,0.49999969400043454,0.4799994463079883,0.519999745101925
2.148814881488149,0.4999996965595749,0.47999944818359014,0.5199997476427929
2.1493149314931492,0.4999996991070601,0.4799994500528385,0.5199997501711775
2.14981498149815,0.49999970164292146,0.4799994519157548,0.5199997526871161
2.1503150315031503,0.4999997041671905,0.47999945377236064,0.5199997551906459
2.150815081508151,0.49999970667989835,0.4799994556226773,0.5199997576818044
2.1513151315131513,0.4999997091810766,0.4799994574667262,0.5199997601606288
2.1518151815181517,0.4999997116707566,0.47999945930452836,0.5199997626271563
2.1523152315231524,0.4999997141489696,0.47999946113610514,0.519999765081424
2.1528152815281527,0.4999997166157471,0.4799994629614775,0.5199997675234693
2.1533153315331535,0.49999971907112045,0.4799994647806666,0.5199997699533293
2.1538153815381538,0.49999972151512106,0.4799994665936932,0.519999772371041
2.1543154315431545,0.49999972394778025,0.4799994684005783,0.5199997747766417
2.154815481548155,0.49999972636912954,0.47999947020134265,0.5199997771701685
2.155315531553155,0.4999997287792001,0.47999947199600707,0.5199997795516583
2.155815581558156,0.49999973117802354,0.47999947378459207,0.5199997819211484
2.156315631563156,0.4999997335656311,0.4799994755671184,0.5199997842786754
2.156815681568157,0.4999997359420542,0.47999947734360654,0.5199997866242767
2.1573157315731573,0.49999973830732414,0.47999947911407687,0.5199997889579892
2.157815781578158,0.4999997406614724,0.4799994808785498,0.5199997912798495
2.1583158315831583,0.49999974300453026,0.4799994826370458,0.5199997935898949
2.1588158815881586,0.4999997453365291,0.4799994843895849,0.519999795888162
2.1593159315931594,0.49999974765750027,0.47999948613618737,0.5199997981746878
2.1598159815981597,0.4999997499674751,0.4799994878768733,0.5199998004495091
2.1603160316031604,0.4999997522664849,0.4799994896116628,0.5199998027126626
2.1608160816081607,0.4999997545545611,0.47999949134057573,0.5199998049641851
2.1613161316131615,0.4999997568317349,0.47999949306363215,0.5199998072041132
2.161816181618162,0.49999975909803773,0.47999949478085174,0.5199998094324838
2.1623162316231626,0.49999976135350077,0.4799994964922544,0.5199998116493334
2.162816281628163,0.4999997635981554,0.4799994981978597,0.5199998138546987
2.163316331633163,0.49999976583203287,0.4799994998976874,0.5199998160486162
2.163816381638164,0.49999976805516444,0.479999501591757,0.5199998182311225
2.1643164316431642,0.4999997702675814,0.47999950328008806,0.5199998204022542
2.164816481648165,0.499999772469315,0.4799995049627,0.5199998225620477
2.1653165316531653,0.4999997746603964,0.47999950663961216,0.5199998247105393
2.165816581658166,0.4999997768408569,0.47999950831084387,0.5199998268477657
2.1663166316631663,0.4999997790107277,0.47999950997641433,0.5199998289737631
2.1668166816681667,0.49999978117003996,0.4799995116363428,0.5199998310885677
2.1673167316731674,0.49999978331882494,0.4799995132906484,0.5199998331922161
2.1678167816781677,0.4999997854571137,0.47999951493935006,0.5199998352847445
2.1683168316831685,0.4999997875849375,0.47999951658246687,0.5199998373661889
2.1688168816881688,0.4999997897023274,0.4799995182200177,0.5199998394365858
2.1693169316931695,0.49999979180931453,0.4799995198520214,0.519999841495971
2.16981698169817,0.49999979390593,0.4799995214784968,0.5199998435443809
2.17031703170317,0.49999979599220495,0.4799995230994626,0.5199998455818514
2.170817081708171,0.49999979806817035,0.47999952471493745,0.5199998476084187
2.171317131713171,0.4999998001338573,0.47999952632494,0.5199998496241186
2.171817181718172,0.4999998021892969,0.4799995279294887,0.5199998516289871
2.1723172317231723,0.49999980423452,0.4799995295286021,0.5199998536230601
2.172817281728173,0.49999980626955776,0.47999953112229854,0.5199998556063735
2.1733173317331733,0.4999998082944411,0.4799995327105965,0.5199998575789632
2.1738173817381736,0.4999998103092009,0.47999953429351416,0.5199998595408648
2.1743174317431744,0.49999981231386814,0.47999953587106975,0.5199998614921141
2.1748174817481747,0.49999981430847373,0.4799995374432815,0.5199998634327468
2.1753175317531754,0.4999998162930486,0.47999953901016745,0.5199998653627986
2.1758175817581757,0.49999981826762363,0.47999954057174565,0.5199998672823052
2.1763176317631765,0.49999982023222955,0.4799995421280341,0.5199998691913018
2.176817681768177,0.49999982218689726,0.4799995436790507,0.5199998710898243
2.1773177317731776,0.4999998241316576,0.47999954522481325,0.519999872977908
2.177817781778178,0.49999982606654125,0.4799995467653397,0.5199998748555882
2.178317831783178,0.49999982799157905,0.47999954830064767,0.5199998767229005
2.178817881788179,0.4999998299068017,0.4799995498307549,0.5199998785798802
2.1793179317931792,0.49999983181223984,0.4799995513556789,0.5199998804265624
2.17981798179818,0.4999998337079242,0.47999955287543733,0.5199998822629827
2.1803180318031803,0.49999983559388544,0.4799995543900477,0.5199998840891759
2.180818081808181,0.4999998374701542,0.47999955589952736,0.5199998859051773
2.1813181318131813,0.499999839336761,0.4799995574038938,0.5199998877110221
2.1818181818181817,0.49999984119373647,0.47999955890316426,0.5199998895067452
2.1823182318231824,0.49999984304111117,0.479999560397356,0.5199998912923817
2.1828182818281827,0.4999998448789156,0.47999956188648624,0.5199998930679666
2.1833183318331835,0.4999998467071802,0.47999956337057215,0.5199998948335346
2.1838183818381838,0.49999984852593543,0.4799995648496308,0.5199998965891206
2.1843184318431845,0.4999998503352118,0.4799995663236792,0.5199998983347596
2.184818481848185,0.49999985213503967,0.47999956779273434,0.5199999000704862
2.185318531853185,0.49999985392544943,0.47999956925681314,0.5199999017963352
2.185818581858186,0.4999998557064714,0.47999957071593247,0.519999903512341
2.186318631863186,0.49999985747813586,0.4799995721701091,0.5199999052185386
2.186818681868187,0.49999985924047313,0.4799995736193598,0.5199999069149622
2.1873187318731873,0.49999986099351346,0.4799995750637012,0.5199999086016466
2.187818781878188,0.4999998627372871,0.47999957650315,0.5199999102786259
2.1883188318831883,0.4999998644718241,0.47999957793772274,0.5199999119459348
2.1888188818881886,0.4999998661971548,0.479999579367436,0.5199999136036074
2.1893189318931894,0.4999998679133092,0.4799995807923061,0.5199999152516782
2.1898189818981897,0.49999986962031745,0.47999958221234956,0.5199999168901813
2.1903190319031904,0.49999987131820955,0.47999958362758266,0.519999918519151
2.1908190819081907,0.4999998730070156,0.4799995850380218,0.5199999201386213
2.1913191319131915,0.4999998746867655,0.4799995864436831,0.5199999217486263
2.191819181918192,0.4999998763574892,0.47999958784458285,0.5199999233492001
2.1923192319231926,0.49999987801921675,0.4799995892407371,0.5199999249403767
2.192819281928193,0.49999987967197795,0.47999959063216197,0.5199999265221898
2.193319331933193,0.49999988131580264,0.47999959201887343,0.5199999280946735
2.193819381938194,0.4999998829507207,0.4799995934008875,0.5199999296578615
2.1943194319431942,0.49999988457676176,0.4799995947782201,0.5199999312117874
2.194819481948195,0.4999998861939557,0.479999596150887,0.5199999327564852
2.1953195319531953,0.49999988780233223,0.4799995975189041,0.5199999342919883
2.195819581958196,0.4999998894019209,0.4799995988822871,0.5199999358183304
2.1963196319631964,0.4999998909927515,0.4799996002410517,0.519999937335545
2.1968196819681967,0.49999989257485355,0.4799996015952136,0.5199999388436654
2.1973197319731974,0.4999998941482566,0.47999960294478833,0.5199999403427252
2.1978197819781977,0.49999989571299014,0.47999960428979144,0.5199999418327578
2.1983198319831985,0.4999998972690837,0.4799996056302384,0.5199999433137963
2.1988198819881988,0.4999998988165668,0.47999960696614474,0.519999944785874
2.1993199319931995,0.4999999003554687,0.47999960829752575,0.5199999462490242
2.1998199819982,0.49999990188581883,0.47999960962439675,0.5199999477032798
2.2003200320032,0.49999990340764655,0.47999961094677307,0.5199999491486742
2.200820082008201,0.4999999049209811,0.47999961226466986,0.5199999505852401
2.201320132013201,0.49999990642585174,0.4799996135781024,0.5199999520130105
2.201820182018202,0.49999990792228766,0.47999961488708576,0.5199999534320184
2.2023202320232023,0.4999999094103181,0.47999961619163495,0.5199999548422966
2.202820282028203,0.4999999108899721,0.4799996174917651,0.5199999562438777
2.2033203320332033,0.4999999123612788,0.47999961878749114,0.5199999576367946
2.2038203820382036,0.49999991382426723,0.47999962007882796,0.5199999590210799
2.2043204320432044,0.49999991527896637,0.47999962136579044,0.5199999603967662
2.2048204820482047,0.49999991672540517,0.4799996226483934,0.519999961763886
2.2053205320532054,0.4999999181636126,0.47999962392665163,0.5199999631224717
2.2058205820582057,0.49999991959361756,0.4799996252005798,0.5199999644725558
2.2063206320632065,0.4999999210154488,0.4799996264701926,0.5199999658141706
2.206820682068207,0.4999999224291352,0.4799996277355047,0.5199999671473485
2.2073207320732076,0.49999992383470543,0.4799996289965306,0.5199999684721216
2.207820782078208,0.4999999252321882,0.47999963025328485,0.519999969788522
2.208320832083208,0.4999999266216123,0.47999963150578195,0.5199999710965821
2.208820882088209,0.4999999280030062,0.47999963275403623,0.5199999723963337
2.2093209320932092,0.4999999293763985,0.4799996339980621,0.5199999736878087
2.20982098209821,0.49999993074181776,0.4799996352378739,0.5199999749710391
2.2103210321032103,0.4999999320992925,0.479999636473486,0.519999976246057
2.210821082108211,0.4999999334488511,0.47999963770491244,0.5199999775128938
2.2113211321132114,0.49999993479052196,0.4799996389321675,0.5199999787715814
2.2118211821182117,0.49999993612433347,0.4799996401552653,0.5199999800221516
2.2123212321232124,0.4999999374503139,0.47999964137421997,0.5199999812646358
2.2128212821282127,0.4999999387684915,0.4799996425890455,0.5199999824990656
2.2133213321332135,0.4999999400788946,0.4799996437997558,0.5199999837254725
2.213821382138214,0.49999994138155124,0.47999964500636494,0.519999984943888
2.2143214321432145,0.49999994267648956,0.4799996462088867,0.5199999861543433
2.214821482148215,0.49999994396373765,0.47999964740733503,0.5199999873568697
2.215321532153215,0.4999999452433236,0.47999964860172367,0.5199999885514985
2.215821582158216,0.4999999465152753,0.4799996497920664,0.5199999897382609
2.216321632163216,0.49999994777962076,0.4799996509783769,0.5199999909171877
2.216821682168217,0.49999994903638784,0.4799996521606688,0.5199999920883104
2.2173217321732173,0.49999995028560434,0.4799996533389558,0.5199999932516596
2.217821782178218,0.4999999515272981,0.4799996545132514,0.5199999944072663
2.2183218321832183,0.4999999527614969,0.4799996556835691,0.5199999955551613
2.2188218821882186,0.49999995398822833,0.47999965684992246,0.5199999966953756
2.2193219321932194,0.49999995520752016,0.4799996580123248,0.5199999978279395
2.2198219821982197,0.4999999564193999,0.4799996591707896,0.519999998952884
2.2203220322032204,0.49999995762389515,0.4799996603253302,0.5200000000702395
2.2208220822082207,0.4999999588210334,0.47999966147595985,0.5200000011800365
2.2213221322132215,0.4999999600108421,0.4799996626226918,0.5200000022823056
2.221822182218222,0.49999996119334866,0.4799996637655392,0.520000003377077
2.2223222322232226,0.49999996236858046,0.4799996649045153,0.5200000044643811
2.222822282228223,0.4999999635365648,0.4799996660396332,0.5200000055442481
2.223322332233223,0.4999999646973288,0.4799996671709059,0.5200000066167083
2.223822382238224,0.4999999658508999,0.47999966829834656,0.5200000076817917
2.2243224322432242,0.49999996699730515,0.47999966942196803,0.5200000087395283
2.224822482248225,0.4999999681365716,0.4799996705417833,0.5200000097899482
2.2253225322532253,0.4999999692687264,0.4799996716578052,0.5200000108330813
2.225822582258226,0.4999999703937965,0.4799996727700467,0.5200000118689574
2.2263226322632264,0.49999997151180886,0.4799996738785205,0.5200000128976063
2.2268226822682267,0.49999997262279045,0.4799996749832394,0.5200000139190578
2.2273227322732274,0.499999973726768,0.4799996760842162,0.5200000149333415
2.2278227822782277,0.4999999748237684,0.4799996771814634,0.5200000159404868
2.2283228322832285,0.4999999759138184,0.47999967827499385,0.5200000169405234
2.228822882288229,0.4999999769969447,0.4799996793648199,0.5200000179334808
2.2293229322932295,0.49999997807317387,0.4799996804509543,0.5200000189193883
2.22982298229823,0.49999997914253264,0.4799996815334095,0.5200000198982752
2.23032303230323,0.49999998020504743,0.4799996826121979,0.5200000208701707
2.230823082308231,0.4999999812607448,0.4799996836873319,0.5200000218351041
2.231323132313231,0.4999999823096512,0.47999968475882404,0.5200000227931044
2.231823182318232,0.499999983351793,0.47999968582668656,0.5200000237442007
2.2323232323232323,0.4999999843871965,0.4799996868909317,0.520000024688422
2.232823282328233,0.499999985415888,0.4799996879515718,0.5200000256257971
2.2333233323332333,0.4999999864378938,0.479999689008619,0.5200000265563549
2.2338233823382336,0.49999998745324,0.47999969006208554,0.5200000274801243
2.2343234323432344,0.49999998846195276,0.4799996911119835,0.5200000283971338
2.2348234823482347,0.4999999894640581,0.479999692158325,0.5200000293074121
2.2353235323532354,0.4999999904595821,0.47999969320112207,0.5200000302109878
2.2358235823582358,0.49999999144855073,0.47999969424038674,0.5200000311078894
2.2363236323632365,0.4999999924309898,0.47999969527613096,0.5200000319981453
2.236823682368237,0.4999999934069253,0.47999969630836664,0.5200000328817839
2.2373237323732376,0.499999994376383,0.4799996973371057,0.5200000337588334
2.237823782378238,0.49999999533938855,0.4799996983623599,0.5200000346293222
2.238323832383238,0.49999999629596775,0.4799996993841411,0.5200000354932782
2.238823882388239,0.49999999724614624,0.47999970040246115,0.5200000363507298
2.2393239323932392,0.49999999818994956,0.47999970141733167,0.5200000372017047
2.23982398239824,0.4999999991274033,0.47999970242876433,0.5200000380462311
2.2403240324032403,0.5000000000585328,0.47999970343677084,0.5200000388843368
2.240824082408241,0.5000000009833637,0.4799997044413628,0.5200000397160495
2.2413241324132414,0.5000000019019213,0.47999970544255177,0.520000040541397
2.2418241824182417,0.5000000028142308,0.4799997064403492,0.5200000413604071
2.2423242324232424,0.5000000037203176,0.4799997074347667,0.5200000421731072
2.2428242824282427,0.5000000046202068,0.47999970842581563,0.5200000429795252
2.2433243324332435,0.5000000055139235,0.4799997094135075,0.5200000437796881
2.243824382438244,0.500000006401493,0.47999971039785355,0.5200000445736236
2.2443244324432445,0.5000000072829403,0.4799997113788652,0.5200000453613588
2.244824482448245,0.5000000081582902,0.47999971235655375,0.5200000461429213
2.245324532453245,0.5000000090275678,0.4799997133309304,0.5200000469183379
2.245824582458246,0.5000000098907978,0.47999971430200644,0.520000047687636
2.246324632463246,0.5000000107480053,0.47999971526979296,0.5200000484508425
2.246824682468247,0.5000000115992148,0.4799997162343012,0.5200000492079845
2.2473247324732473,0.5000000124444512,0.4799997171955422,0.5200000499590888
2.247824782478248,0.500000013283739,0.47999971815352704,0.5200000507041823
2.2483248324832483,0.5000000141171029,0.4799997191082668,0.5200000514432918
2.2488248824882486,0.5000000149445674,0.4799997200597724,0.5200000521764438
2.2493249324932494,0.5000000157661569,0.4799997210080548,0.5200000529036652
2.2498249824982497,0.500000016581896,0.47999972195312496,0.5200000536249825
2.2503250325032504,0.5000000173918089,0.47999972289499376,0.5200000543404221
2.2508250825082508,0.5000000181959201,0.479999723833672,0.5200000550500105
2.2513251325132515,0.5000000189942536,0.4799997247691706,0.520000055753774
2.251825182518252,0.500000019786834,0.4799997257015002,0.5200000564517389
2.2523252325232526,0.500000020573685,0.47999972663067153,0.5200000571439314
2.252825282528253,0.5000000213548309,0.4799997275566954,0.5200000578303777
2.253325332533253,0.5000000221302958,0.4799997284795824,0.5200000585111039
2.253825382538254,0.5000000229001036,0.4799997293993432,0.5200000591861359
2.2543254325432542,0.5000000236642781,0.4799997303159883,0.5200000598554997
2.254825482548255,0.5000000244228434,0.4799997312295284,0.5200000605192211
2.2553255325532553,0.5000000251758232,0.4799997321399738,0.520000061177326
2.255825582558256,0.5000000259232411,0.47999973304733523,0.5200000618298402
2.2563256325632564,0.5000000266651211,0.479999733951623,0.520000062476789
2.2568256825682567,0.5000000274014865,0.4799997348528475,0.5200000631181984
2.2573257325732574,0.5000000281323612,0.47999973575101923,0.5200000637540936
2.2578257825782577,0.5000000288577685,0.47999973664614837,0.5200000643845002
2.2583258325832585,0.5000000295777318,0.4799997375382454,0.5200000650094435
2.258825882588259,0.5000000302922748,0.4799997384273204,0.520000065628949
2.2593259325932595,0.5000000310014205,0.47999973931338374,0.5200000662430417
2.25982598259826,0.5000000317051926,0.4799997401964456,0.5200000668517469
2.26032603260326,0.5000000324036139,0.4799997410765161,0.5200000674550898
2.260826082608261,0.5000000330967079,0.47999974195360545,0.5200000680530951
2.261326132613261,0.5000000337844975,0.47999974282772373,0.520000068645788
2.261826182618262,0.5000000344670059,0.47999974369888093,0.5200000692331933
2.2623262326232623,0.5000000351442561,0.47999974456708716,0.520000069815336
2.262826282628263,0.500000035816271,0.47999974543235235,0.5200000703922406
2.2633263326332633,0.5000000364830735,0.47999974629468656,0.5200000709639319
2.2638263826382636,0.5000000371446863,0.4799997471540996,0.5200000715304345
2.2643264326432644,0.5000000378011323,0.47999974801060147,0.5200000720917729
2.2648264826482647,0.5000000384524343,0.479999748864202,0.5200000726479717
2.2653265326532654,0.5000000390986149,0.47999974971491094,0.5200000731990551
2.2658265826582658,0.5000000397396966,0.4799997505627382,0.5200000737450474
2.2663266326632665,0.5000000403757021,0.47999975140769346,0.5200000742859732
2.266826682668267,0.5000000410066537,0.4799997522497865,0.5200000748218564
2.2673267326732676,0.5000000416325739,0.479999753089027,0.5200000753527212
2.267826782678268,0.5000000422534853,0.4799997539254246,0.5200000758785918
2.268326832683268,0.5000000428694098,0.47999975475898893,0.5200000763994919
2.268826882688269,0.5000000434803699,0.4799997555897296,0.5200000769154455
2.2693269326932692,0.5000000440863877,0.47999975641765624,0.5200000774264765
2.26982698269827,0.5000000446874854,0.4799997572427783,0.5200000779326087
2.2703270327032703,0.500000045283685,0.4799997580651053,0.5200000784338658
2.270827082708271,0.5000000458750087,0.47999975888464674,0.5200000789302712
2.2713271327132714,0.5000000464614783,0.479999759701412,0.5200000794218489
2.2718271827182717,0.5000000470431157,0.4799997605154105,0.5200000799086221
2.2723272327232724,0.5000000476199429,0.4799997613266516,0.5200000803906142
2.2728272827282727,0.5000000481919814,0.4799997621351447,0.5200000808678487
2.2733273327332735,0.5000000487592532,0.4799997629408991,0.5200000813403488
2.273827382738274,0.5000000493217799,0.479999763743924,0.5200000818081377
2.2743274327432745,0.5000000498795831,0.4799997645442287,0.5200000822712386
2.274827482748275,0.5000000504326843,0.4799997653418225,0.5200000827296747
2.275327532753275,0.500000050981105,0.4799997661367144,0.5200000831834687
2.275827582758276,0.5000000515248667,0.47999976692891366,0.5200000836326438
2.276327632763276,0.5000000520639908,0.4799997677184294,0.5200000840772229
2.276827682768277,0.5000000525984986,0.4799997685052707,0.5200000845172285
2.2773277327732773,0.5000000531284113,0.4799997692894466,0.5200000849526836
2.277827782778278,0.5000000536537501,0.47999977007096617,0.5200000853836108
2.2783278327832783,0.5000000541745363,0.47999977084983836,0.5200000858100327
2.2788278827882786,0.5000000546907908,0.47999977162607216,0.5200000862319718
2.2793279327932794,0.5000000552025348,0.47999977239967656,0.5200000866494505
2.2798279827982797,0.5000000557097891,0.4799997731706604,0.5200000870624913
2.2803280328032804,0.5000000562125748,0.47999977393903254,0.5200000874711166
2.2808280828082808,0.5000000567109125,0.4799997747048019,0.5200000878753485
2.2813281328132815,0.5000000572048233,0.4799997754679772,0.520000088275209
2.281828182818282,0.5000000576943278,0.4799997762285673,0.5200000886707207
2.2823282328232826,0.5000000581794466,0.479999776986581,0.5200000890619052
2.282828282828283,0.5000000586602005,0.4799997777420269,0.5200000894487847
2.283328332833283,0.5000000591366099,0.4799997784949138,0.5200000898313811
2.283828382838284,0.5000000596086954,0.47999977924525034,0.5200000902097162
2.2843284328432842,0.5000000600764775,0.47999977999304516,0.5200000905838118
2.284828482848285,0.5000000605399764,0.47999978073830685,0.5200000909536895
2.2853285328532853,0.5000000609992126,0.479999781481044,0.5200000913193711
2.285828582858286,0.5000000614542063,0.4799997822212652,0.5200000916808779
2.2863286328632864,0.5000000619049777,0.47999978295897894,0.5200000920382317
2.2868286828682867,0.500000062351547,0.47999978369419366,0.5200000923914538
2.2873287328732874,0.5000000627939344,0.47999978442691793,0.5200000927405657
2.2878287828782877,0.5000000632321597,0.47999978515716013,0.5200000930855885
2.2883288328832885,0.5000000636662432,0.47999978588492864,0.5200000934265434
2.288828882888289,0.5000000640962046,0.4799997866102319,0.5200000937634517
2.2893289328932895,0.5000000645220637,0.47999978733307824,0.5200000940963345
2.28982898289829,0.5000000649438405,0.479999788053476,0.5200000944252128
2.29032903290329,0.5000000653615547,0.4799997887714334,0.5200000947501074
2.290829082908291,0.500000065775226,0.47999978948695876,0.5200000950710394
2.291329132913291,0.500000066184874,0.47999979020006034,0.5200000953880296
2.291829182918292,0.5000000665905183,0.47999979091074635,0.5200000957010986
2.2923292329232923,0.5000000669921785,0.4799997916190249,0.5200000960102673
2.292829282928293,0.5000000673898739,0.4799997923249042,0.5200000963155561
2.2933293329332933,0.5000000677836239,0.4799997930283924,0.5200000966169857
2.2938293829382936,0.5000000681734481,0.4799997937294976,0.5200000969145766
2.2943294329432944,0.5000000685593655,0.47999979442822777,0.520000097208349
2.2948294829482947,0.5000000689413956,0.47999979512459107,0.5200000974983235
2.2953295329532954,0.5000000693195573,0.4799997958185955,0.5200000977845204
2.2958295829582958,0.5000000696938699,0.479999796510249,0.5200000980669598
2.2963296329632965,0.5000000700643523,0.47999979719955954,0.5200000983456617
2.296829682968297,0.5000000704310238,0.4799997978865351,0.5200000986206466
2.2973297329732976,0.500000070793903,0.4799997985711835,0.5200000988919341
2.297829782978298,0.500000071153009,0.4799997992535128,0.5200000991595444
2.298329832983298,0.5000000715083606,0.4799997999335307,0.5200000994234972
2.298829882988299,0.5000000718599765,0.4799998006112451,0.5200000996838124
2.2993299329932992,0.5000000722078755,0.47999980128666375,0.52000009994051
2.2998299829983,0.5000000725520761,0.47999980195979447,0.5200001001936093
2.3003300330033003,0.5000000728925972,0.47999980263064496,0.5200001004431302
2.300830083008301,0.500000073229457,0.479999803299223,0.520000100689092
2.3013301330133014,0.5000000735626743,0.47999980396553626,0.5200001009315144
2.3018301830183017,0.5000000738922672,0.47999980462959246,0.5200001011704167
2.3023302330233024,0.5000000742182543,0.4799998052913992,0.5200001014058184
2.3028302830283027,0.500000074540654,0.4799998059509641,0.5200001016377387
2.3033303330333035,0.5000000748594843,0.4799998066082947,0.5200001018661968
2.303830383038304,0.5000000751747635,0.4799998072633987,0.5200001020912118
2.3043304330433045,0.5000000754865098,0.47999980791628355,0.520000102312803
2.304830483048305,0.5000000757947413,0.4799998085669568,0.5200001025309893
2.305330533053305,0.5000000760994758,0.4799998092154259,0.5200001027457896
2.305830583058306,0.5000000764007316,0.4799998098616983,0.5200001029572229
2.306330633063306,0.5000000766985264,0.47999981050578155,0.520000103165308
2.306830683068307,0.5000000769928782,0.47999981114768303,0.5200001033700636
2.3073307330733073,0.5000000772838047,0.4799998117874101,0.5200001035715086
2.307830783078308,0.5000000775713237,0.4799998124249701,0.5200001037696614
2.3083308330833083,0.5000000778554529,0.4799998130603704,0.5200001039645408
2.3088308830883086,0.5000000781362097,0.47999981369361827,0.5200001041561652
2.3093309330933094,0.500000078413612,0.4799998143247211,0.5200001043445529
2.3098309830983097,0.5000000786876773,0.4799998149536861,0.5200001045297226
2.3103310331033104,0.5000000789584228,0.4799998155805205,0.5200001047116922
2.3108310831083108,0.5000000792258662,0.4799998162052315,0.5200001048904804
2.3113311331133115,0.5000000794900247,0.47999981682782644,0.5200001050661052
2.311831183118312,0.5000000797509155,0.47999981744831227,0.5200001052385845
2.3123312331233126,0.500000080008556,0.4799998180666963,0.5200001054079367
2.312831283128313,0.5000000802629634,0.4799998186829855,0.5200001055741796
2.313331333133313,0.5000000805141548,0.47999981929718716,0.5200001057373312
2.313831383138314,0.5000000807621471,0.4799998199093082,0.5200001058974094
2.3143314331433142,0.5000000810069576,0.4799998205193557,0.520000106054432
2.314831483148315,0.500000081248603,0.4799998211273367,0.5200001062084166
2.3153315331533153,0.5000000814871003,0.47999982173325817,0.520000106359381
2.315831583158316,0.5000000817224665,0.4799998223371272,0.5200001065073429
2.3163316331633164,0.5000000819547181,0.47999982293895055,0.5200001066523197
2.3168316831683167,0.5000000821838722,0.4799998235387353,0.5200001067943288
2.3173317331733174,0.5000000824099451,0.47999982413648834,0.5200001069333878
2.3178317831783177,0.5000000826329536,0.4799998247322165,0.5200001070695142
2.3183318331833185,0.5000000828529143,0.47999982532592667,0.5200001072027249
2.318831883188319,0.5000000830698438,0.4799998259176257,0.5200001073330375
2.3193319331933195,0.5000000832837583,0.4799998265073203,0.520000107460469
2.31983198319832,0.5000000834946744,0.47999982709501743,0.5200001075850365
2.32033203320332,0.5000000837026084,0.47999982768072375,0.5200001077067571
2.320832083208321,0.5000000839075767,0.479999828264446,0.5200001078256478
2.321332133213321,0.5000000841095954,0.4799998288461909,0.5200001079417255
2.321832183218322,0.5000000843086806,0.4799998294259652,0.5200001080550071
2.3223322332233223,0.5000000845048487,0.47999983000377555,0.5200001081655092
2.322832283228323,0.5000000846981155,0.4799998305796286,0.5200001082732489
2.3233323332333233,0.5000000848884973,0.47999983115353095,0.5200001083782426
2.3238323832383236,0.5000000850760099,0.47999983172548927,0.520000108480507
2.3243324332433244,0.5000000852606692,0.47999983229551013,0.5200001085800587
2.3248324832483247,0.5000000854424911,0.47999983286360004,0.5200001086769142
2.3253325332533255,0.5000000856214913,0.4799998334297656,0.5200001087710897
2.3258325832583258,0.5000000857976857,0.47999983399401325,0.520000108862602
2.3263326332633265,0.50000008597109,0.4799998345563496,0.5200001089514669
2.326832683268327,0.5000000861417196,0.479999835116781,0.520000109037701
2.3273327332733276,0.5000000863095905,0.47999983567531407,0.5200001091213204
2.327832783278328,0.5000000864747178,0.4799998362319551,0.5200001092023413
2.328332833283328,0.5000000866371174,0.4799998367867105,0.5200001092807796
2.328832883288329,0.5000000867968043,0.4799998373395867,0.5200001093566514
2.3293329332933292,0.500000086953794,0.4799998378905901,0.5200001094299727
2.32983298329833,0.5000000871081021,0.479999838439727,0.5200001095007591
2.3303330333033303,0.5000000872597435,0.47999983898700366,0.5200001095690269
2.330833083308331,0.5000000874087337,0.47999983953242653,0.5200001096347915
2.3313331333133314,0.5000000875550876,0.47999984007600177,0.5200001096980686
2.3318331833183317,0.5000000876988204,0.4799998406177357,0.5200001097588741
2.3323332333233324,0.5000000878399473,0.4799998411576345,0.5200001098172234
2.3328332833283327,0.500000087978483,0.4799998416957045,0.5200001098731322
2.3333333333333335,0.5000000881144427,0.47999984223195175,0.5200001099266157
2.333833383338334,0.5000000882478413,0.47999984276638247,0.5200001099776894
2.3343334333433345,0.5000000883786934,0.4799998432990029,0.5200001100263688
2.334833483348335,0.5000000885070138,0.4799998438298191,0.520000110072669
2.335333533353335,0.5000000886328175,0.47999984435883714,0.5200001101166053
2.335833583358336,0.500000088756119,0.4799998448860632,0.5200001101581928
2.336333633363336,0.500000088876933,0.47999984541150326,0.5200001101974469
2.336833683368337,0.500000088995274,0.4799998459351635,0.5200001102343822
2.3373337333733373,0.5000000891111566,0.4799998464570498,0.520000110269014
2.337833783378338,0.500000089224595,0.47999984697716824,0.5200001103013572
2.3383338333833383,0.5000000893356041,0.4799998474955249,0.5200001103314266
2.3388338833883386,0.5000000894441979,0.47999984801212553,0.5200001103592371
2.3393339333933394,0.5000000895503908,0.47999984852697625,0.5200001103848033
2.3398339833983397,0.5000000896541971,0.47999984904008297,0.5200001104081401
2.3403340334033405,0.5000000897556309,0.47999984955145153,0.5200001104292621
2.3408340834083408,0.5000000898547065,0.4799998500610879,0.5200001104481838
2.3413341334133415,0.5000000899514379,0.47999985056899785,0.5200001104649198
2.341834183418342,0.5000000900458392,0.47999985107518733,0.5200001104794845
2.3423342334233426,0.5000000901379243,0.47999985157966213,0.5200001104918924
2.342834283428343,0.5000000902277074,0.479999852082428,0.5200001105021578
2.343334333433343,0.5000000903152022,0.4799998525834908,0.520000110510295
2.343834383438344,0.5000000904004226,0.47999985308285625,0.5200001105163183
2.3443344334433442,0.5000000904833822,0.47999985358053016,0.5200001105202419
2.344834483448345,0.5000000905640951,0.47999985407651824,0.5200001105220797
2.3453345334533453,0.5000000906425748,0.47999985457082617,0.520000110521846
2.345834583458346,0.5000000907188349,0.47999985506345966,0.5200001105195549
2.3463346334633464,0.5000000907928891,0.47999985555442437,0.5200001105152201
2.3468346834683467,0.5000000908647508,0.47999985604372597,0.5200001105088556
2.3473347334733474,0.5000000909344336,0.47999985653137006,0.5200001105004753
2.3478347834783477,0.5000000910019511,0.4799998570173623,0.520000110490093
2.3483348334833485,0.5000000910673164,0.4799998575017083,0.5200001104777223
2.348834883488349,0.5000000911305428,0.4799998579844136,0.520000110463377
2.3493349334933495,0.5000000911916438,0.4799998584654837,0.5200001104470707
2.34983498349835,0.5000000912506326,0.47999985894492425,0.520000110428817
2.35033503350335,0.5000000913075224,0.4799998594227407,0.5200001104086294
2.350835083508351,0.5000000913623263,0.4799998598989386,0.5200001103865213
2.351335133513351,0.5000000914150572,0.4799998603735234,0.520000110362506
2.351835183518352,0.5000000914657284,0.47999986084650054,0.5200001103365971
2.3523352335233523,0.5000000915143529,0.47999986131787553,0.5200001103088078
2.352835283528353,0.5000000915609435,0.47999986178765375,0.5200001102791512
2.3533353335333533,0.5000000916055131,0.4799998622558406,0.5200001102476406
2.3538353835383536,0.5000000916480746,0.47999986272244155,0.520000110214289
2.3543354335433544,0.5000000916886407,0.47999986318746185,0.5200001101791097
2.3548354835483547,0.5000000917272241,0.47999986365090697,0.5200001101421157
2.3553355335533555,0.5000000917638378,0.47999986411278217,0.5200001101033197
2.3558355835583558,0.500000091798494,0.4799998645730928,0.5200001100627348
2.3563356335633565,0.5000000918312056,0.4799998650318441,0.5200001100203739
2.356835683568357,0.5000000918619851,0.4799998654890415,0.5200001099762497
2.3573357335733576,0.500000091890845,0.4799998659446901,0.5200001099303749
2.357835783578358,0.5000000919177976,0.4799998663987952,0.5200001098827624
2.358335833583358,0.5000000919428554,0.4799998668513621,0.5200001098334246
2.358835883588359,0.5000000919660309,0.47999986730239597,0.5200001097823742
2.3593359335933592,0.5000000919873361,0.4799998677519019,0.5200001097296237
2.35983598359836,0.5000000920067834,0.4799998681998852,0.5200001096751857
2.3603360336033603,0.5000000920243851,0.479999868646351,0.5200001096190725
2.360836083608361,0.5000000920401532,0.47999986909130443,0.5200001095612965
2.3613361336133614,0.5000000920540998,0.47999986953475055,0.5200001095018701
2.3618361836183617,0.5000000920662371,0.4799998699766945,0.5200001094408054
2.3623362336233624,0.500000092076577,0.4799998704171415,0.5200001093781148
2.3628362836283627,0.5000000920851315,0.4799998708560964,0.5200001093138105
2.3633363336333635,0.5000000920919125,0.4799998712935644,0.5200001092479043
2.363836383638364,0.5000000920969319,0.47999987172955055,0.5200001091804086
2.3643364336433645,0.5000000921002015,0.47999987216405976,0.5200001091113352
2.364836483648365,0.5000000921017331,0.47999987259709714,0.5200001090406962
2.365336533653365,0.5000000921015384,0.4799998730286676,0.5200001089685033
2.365836583658366,0.500000092099629,0.47999987345877615,0.5200001088947687
2.366336633663366,0.5000000920960167,0.4799998738874277,0.5200001088195038
2.366836683668367,0.500000092090713,0.47999987431462726,0.5200001087427206
2.3673367336733673,0.5000000920837294,0.4799998747403797,0.5200001086644308
2.367836783678368,0.5000000920750775,0.4799998751646899,0.520000108584646
2.3683368336833683,0.5000000920647686,0.47999987558756274,0.5200001085033776
2.3688368836883686,0.5000000920528143,0.4799998760090032,0.5200001084206375
2.3693369336933694,0.5000000920392257,0.479999876429016,0.5200001083364371
2.3698369836983697,0.5000000920240142,0.47999987684760603,0.5200001082507876
2.3703370337033705,0.5000000920071912,0.47999987726477816,0.5200001081637007
2.3708370837083708,0.5000000919887677,0.4799998776805371,0.5200001080751875
2.3713371337133715,0.5000000919687551,0.47999987809488764,0.5200001079852595
2.371837183718372,0.5000000919471642,0.47999987850783465,0.5200001078939279
2.3723372337233726,0.5000000919240064,0.47999987891938284,0.5200001078012038
2.372837283728373,0.5000000918992926,0.4799998793295369,0.5200001077070984
2.373337333733373,0.5000000918730338,0.4799998797383016,0.5200001076116227
2.373837383738374,0.5000000918452409,0.4799998801456816,0.520000107514788
2.3743374337433742,0.5000000918159249,0.47999988055168163,0.5200001074166051
2.374837483748375,0.5000000917850964,0.47999988095630636,0.5200001073170849
2.3753375337533753,0.5000000917527665,0.47999988135956045,0.5200001072162385
2.375837583758376,0.5000000917189457,0.47999988176144853,0.5200001071140765
2.3763376337633764,0.5000000916836449,0.47999988216197526,0.52000010701061
2.3768376837683767,0.5000000916468748,0.47999988256114523,0.5200001069058494
2.3773377337733774,0.5000000916086458,0.479999882958963,0.5200001067998057
2.3778377837783777,0.5000000915689686,0.4799998833554332,0.5200001066924894
2.3783378337833785,0.5000000915278539,0.4799998837505604,0.5200001065839112
2.378837883788379,0.5000000914853118,0.47999988414434913,0.5200001064740816
2.3793379337933795,0.5000000914413532,0.47999988453680387,0.5200001063630111
2.37983798379838,0.5000000913959881,0.4799998849279292,0.5200001062507101
2.38033803380338,0.5000000913492271,0.47999988531772964,0.5200001061371892
2.380838083808381,0.5000000913010805,0.47999988570620966,0.5200001060224586
2.381338133813381,0.5000000912515584,0.47999988609337374,0.5200001059065287
2.381838183818382,0.5000000912006712,0.47999988647922626,0.5200001057894097
2.3823382338233823,0.500000091148429,0.47999988686377176,0.520000105671112
2.382838283828383,0.500000091094842,0.47999988724701464,0.5200001055516456
2.3833383338333833,0.5000000910399203,0.4799998876289593,0.5200001054310206
2.3838383838383836,0.5000000909836738,0.47999988800961013,0.5200001053092471
2.3843384338433844,0.5000000909261126,0.47999988838897156,0.5200001051863353
2.3848384838483847,0.5000000908672468,0.4799998887670479,0.5200001050622951
2.3853385338533855,0.5000000908070861,0.4799998891438435,0.5200001049371364
2.3858385838583858,0.5000000907456406,0.4799998895193628,0.5200001048108692
2.3863386338633865,0.5000000906829198,0.47999988989361,0.5200001046835032
2.386838683868387,0.5000000906189338,0.47999989026658946,0.5200001045550484
2.3873387338733876,0.5000000905536923,0.47999989063830545,0.5200001044255144
2.387838783878388,0.500000090487205,0.4799998910087623,0.5200001042949108
2.388338833883388,0.5000000904194813,0.4799998913779642,0.5200001041632476
2.388838883888389,0.5000000903505313,0.4799998917459155,0.5200001040305341
2.3893389338933892,0.5000000902803642,0.4799998921126204,0.5200001038967801
2.38983898389839,0.5000000902089897,0.47999989247808306,0.520000103761995
2.3903390339033903,0.5000000901364172,0.47999989284230776,0.5200001036261883
2.390839083908391,0.5000000900626563,0.4799998932052987,0.5200001034893695
2.3913391339133914,0.5000000899877163,0.47999989356705997,0.520000103351548
2.3918391839183917,0.5000000899116066,0.4799998939275958,0.5200001032127332
2.3923392339233924,0.5000000898343365,0.47999989428691037,0.5200001030729342
2.3928392839283927,0.5000000897559154,0.47999989464500775,0.5200001029321604
2.3933393339333935,0.5000000896763523,0.4799998950018921,0.520000102790421
2.393839383938394,0.5000000895956567,0.47999989535756754,0.5200001026477251
2.3943394339433945,0.5000000895138376,0.4799998957120381,0.5200001025040819
2.394839483948395,0.5000000894309041,0.47999989606530796,0.5200001023595006
2.395339533953395,0.5000000893468654,0.47999989641738117,0.52000010221399
2.395839583958396,0.5000000892617305,0.47999989676826166,0.5200001020675592
2.396339633963396,0.5000000891755083,0.4799998971179536,0.5200001019202172
2.396839683968397,0.5000000890882078,0.479999897466461,0.5200001017719729
2.3973397339733973,0.500000088999838,0.4799998978137878,0.520000101622835
2.397839783978398,0.5000000889104078,0.47999989815993815,0.5200001014728126
2.3983398339833983,0.500000088819926,0.47999989850491587,0.5200001013219143
2.3988398839883986,0.5000000887284013,0.47999989884872496,0.5200001011701489
2.3993399339933994,0.5000000886358426,0.4799998991913695,0.520000101017525
2.3998399839983997,0.5000000885422584,0.47999989953285327,0.5200001008640514
2.4003400340034005,0.5000000884476576,0.4799998998731803,0.5200001007097366
2.4008400840084008,0.5000000883520488,0.4799999002123545,0.5200001005545891
2.4013401340134015,0.5000000882554405,0.4799999005503798,0.5200001003986175
2.401840184018402,0.5000000881578415,0.47999990088726,0.5200001002418304
2.4023402340234026,0.50000008805926,0.47999990122299907,0.520000100084236
2.402840284028403,0.5000000879597046,0.4799999015576008,0.520000099925843
2.403340334033403,0.5000000878591838,0.47999990189106917,0.5200000997666594
2.403840384038404,0.500000087757706,0.4799999022234079,0.5200000996066937
2.4043404340434043,0.5000000876552795,0.47999990255462077,0.5200000994459542
2.404840484048405,0.5000000875519126,0.4799999028847118,0.520000099284449
2.4053405340534053,0.5000000874476137,0.4799999032136846,0.5200000991221865
2.405840584058406,0.500000087342391,0.479999903541543,0.5200000989591747
2.4063406340634064,0.5000000872362527,0.47999990386829083,0.5200000987954215
2.4068406840684067,0.500000087129207,0.4799999041939318,0.5200000986309354
2.4073407340734074,0.500000087021262,0.4799999045184697,0.5200000984657241
2.4078407840784077,0.5000000869124257,0.47999990484190824,0.5200000982997958
2.4083408340834085,0.5000000868027062,0.4799999051642511,0.5200000981331583
2.408840884088409,0.5000000866921117,0.4799999054855021,0.5200000979658195
2.4093409340934095,0.5000000865806501,0.4799999058056649,0.5200000977977872
2.40984098409841,0.5000000864683292,0.4799999061247431,0.5200000976290695
2.41034103410341,0.5000000863551569,0.4799999064427405,0.5200000974596739
2.410841084108411,0.5000000862411413,0.47999990675966064,0.5200000972896082
2.411341134113411,0.50000008612629,0.47999990707550727,0.5200000971188802
2.411841184118412,0.500000086010611,0.479999907390284,0.5200000969474974
2.4123412341234123,0.5000000858941118,0.47999990770399437,0.5200000967754675
2.412841284128413,0.5000000857768003,0.47999990801664216,0.5200000966027982
2.4133413341334133,0.5000000856586841,0.4799999083282308,0.520000096429497
2.4138413841384136,0.5000000855397709,0.47999990863876396,0.5200000962555712
2.4143414341434144,0.5000000854200682,0.47999990894824524,0.5200000960810285
2.4148414841484147,0.5000000852995837,0.4799999092566781,0.5200000959058761
2.4153415341534155,0.500000085178325,0.47999990956406624,0.5200000957301216
2.4158415841584158,0.5000000850562993,0.4799999098704131,0.5200000955537722
2.4163416341634165,0.5000000849335143,0.47999991017572224,0.5200000953768353
2.416841684168417,0.5000000848099774,0.4799999104799971,0.5200000951993182
2.4173417341734176,0.5000000846856959,0.4799999107832413,0.5200000950212281
2.417841784178418,0.5000000845606772,0.47999991108545825,0.5200000948425721
2.418341834183418,0.5000000844349286,0.4799999113866515,0.5200000946633574
2.418841884188419,0.5000000843084574,0.47999991168682443,0.5200000944835912
2.4193419341934193,0.5000000841812708,0.4799999119859805,0.5200000943032805
2.41984198419842,0.5000000840533761,0.47999991228412325,0.5200000941224324
2.4203420342034203,0.5000000839247805,0.47999991258125607,0.5200000939410538
2.420842084208421,0.5000000837954909,0.47999991287738236,0.5200000937591518
2.4213421342134214,0.5000000836655146,0.4799999131725055,0.5200000935767332
2.4218421842184217,0.5000000835348587,0.479999913466629,0.5200000933938049
2.4223422342234224,0.5000000834035301,0.4799999137597561,0.5200000932103739
2.4228422842284227,0.5000000832715358,0.4799999140518903,0.5200000930264469
2.4233423342334235,0.5000000831388828,0.4799999143430349,0.5200000928420307
2.423842384238424,0.5000000830055781,0.47999991463319325,0.5200000926571321
2.4243424342434245,0.5000000828716284,0.4799999149223687,0.5200000924717577
2.424842484248425,0.5000000827370409,0.47999991521056457,0.5200000922859144
2.425342534253425,0.500000082601822,0.4799999154977842,0.5200000920996084
2.425842584258426,0.5000000824659788,0.4799999157840309,0.5200000919128468
2.4263426342634262,0.500000082329518,0.479999916069308,0.5200000917256358
2.426842684268427,0.5000000821924462,0.47999991635361866,0.5200000915379821
2.4273427342734273,0.5000000820547701,0.4799999166369663,0.5200000913498921
2.427842784278428,0.5000000819164965,0.47999991691935406,0.5200000911613724
2.4283428342834283,0.5000000817776319,0.4799999172007853,0.5200000909724292
2.4288428842884286,0.5000000816381829,0.47999991748126314,0.5200000907830691
2.4293429342934294,0.500000081498156,0.47999991776079093,0.5200000905932982
2.4298429842984297,0.5000000813575579,0.4799999180393718,0.5200000904031231
2.4303430343034305,0.5000000812163949,0.479999918317009,0.5200000902125499
2.4308430843084308,0.5000000810746735,0.4799999185937057,0.5200000900215849
2.4313431343134315,0.5000000809324001,0.47999991886946514,0.5200000898302343
2.431843184318432,0.5000000807895811,0.47999991914429047,0.5200000896385043
2.4323432343234326,0.500000080646223,0.4799999194181848,0.520000089446401
2.432843284328433,0.5000000805023319,0.47999991969115136,0.5200000892539304
2.433343334333433,0.5000000803579141,0.47999991996319324,0.5200000890610987
2.433843384338434,0.500000080212976,0.47999992023431365,0.520000088867912
2.4343434343434343,0.5000000800675237,0.4799999205045156,0.5200000886743762
2.434843484348435,0.5000000799215634,0.47999992077380227,0.5200000884804973
2.4353435343534353,0.5000000797751013,0.47999992104217676,0.5200000882862811
2.435843584358436,0.5000000796281435,0.4799999213096421,0.5200000880917337
2.4363436343634364,0.5000000794806961,0.47999992157620147,0.5200000878968608
2.4368436843684367,0.5000000793327652,0.47999992184185786,0.5200000877016684
2.4373437343734374,0.5000000791843567,0.47999992210661435,0.5200000875061622
2.4378437843784377,0.5000000790354767,0.47999992237047395,0.520000087310348
2.4383438343834385,0.5000000788861312,0.4799999226334398,0.5200000871142314
2.438843884388439,0.500000078736326,0.47999992289551485,0.5200000869178183
2.4393439343934396,0.5000000785860671,0.47999992315670215,0.5200000867211142
2.43984398439844,0.5000000784353603,0.4799999234170047,0.5200000865241248
2.44034403440344,0.5000000782842114,0.47999992367642547,0.5200000863268557
2.440844084408441,0.5000000781326265,0.47999992393496743,0.5200000861293125
2.4413441344134412,0.500000077980611,0.47999992419263365,0.5200000859315007
2.441844184418442,0.5000000778281708,0.479999924449427,0.5200000857334257
2.4423442344234423,0.5000000776753116,0.47999992470535047,0.5200000855350932
2.442844284428443,0.5000000775220391,0.47999992496040705,0.5200000853365085
2.4433443344334433,0.5000000773683589,0.4799999252145996,0.520000085137677
2.4438443844384437,0.5000000772142768,0.47999992546793113,0.5200000849386041
2.4443444344434444,0.5000000770597981,0.4799999257204045,0.520000084739295
2.4448444844484447,0.5000000769049286,0.4799999259720226,0.5200000845397553
2.4453445344534455,0.5000000767496737,0.4799999262227884,0.5200000843399901
2.4458445844584458,0.500000076594039,0.47999992647270473,0.5200000841400046
2.4463446344634465,0.5000000764380298,0.4799999267217745,0.5200000839398041
2.446844684468447,0.5000000762816518,0.47999992697000055,0.5200000837393938
2.4473447344734476,0.50000007612491,0.4799999272173857,0.5200000835387788
2.447844784478448,0.5000000759678103,0.4799999274639329,0.5200000833379642
2.448344834483448,0.5000000758103577,0.4799999277096449,0.5200000831369552
2.448844884488449,0.5000000756525576,0.47999992795452456,0.5200000829357568
2.4493449344934493,0.5000000754944152,0.47999992819857473,0.520000082734374
2.44984498449845,0.5000000753359359,0.47999992844179823,0.5200000825328118
2.4503450345034503,0.500000075177125,0.4799999286841978,0.5200000823310752
2.450845084508451,0.5000000750179874,0.4799999289257762,0.5200000821291691
2.4513451345134514,0.5000000748585286,0.4799999291665363,0.5200000819270985
2.4518451845184517,0.5000000746987535,0.47999992940648084,0.5200000817248681
2.4523452345234524,0.5000000745386675,0.47999992964561256,0.520000081522483
2.4528452845284527,0.5000000743782753,0.47999992988393425,0.5200000813199478
2.4533453345334535,0.5000000742175823,0.47999993012144865,0.5200000811172674
2.453845384538454,0.5000000740565933,0.47999993035815847,0.5200000809144465
2.4543454345434546,0.5000000738953135,0.4799999305940665,0.5200000807114898
2.454845484548455,0.5000000737337477,0.4799999308291753,0.5200000805084021
2.455345534553455,0.5000000735719009,0.47999993106348776,0.5200000803051881
2.455845584558456,0.500000073409778,0.47999993129700647,0.5200000801018523
2.4563456345634562,0.500000073247384,0.47999993152973414,0.5200000798983994
2.456845684568457,0.5000000730847237,0.4799999317616735,0.5200000796948339
2.4573457345734573,0.5000000729218018,0.47999993199282714,0.5200000794911603
2.457845784578458,0.5000000727586232,0.47999993222319776,0.5200000792873835
2.4583458345834583,0.5000000725951929,0.47999993245278805,0.5200000790835075
2.4588458845884587,0.5000000724315152,0.47999993268160057,0.5200000788795371
2.4593459345934594,0.5000000722675951,0.47999993290963805,0.5200000786754767
2.4598459845984597,0.5000000721034373,0.47999993313690303,0.5200000784713307
2.4603460346034605,0.5000000719390464,0.47999993336339813,0.5200000782671033
2.4608460846084608,0.5000000717744271,0.479999933589126,0.520000078062799
2.4613461346134615,0.5000000716095839,0.4799999338140893,0.5200000778584222
2.461846184618462,0.5000000714445215,0.4799999340382905,0.520000077653977
2.4623462346234626,0.5000000712792444,0.4799999342617322,0.5200000774494679
2.462846284628463,0.5000000711137571,0.4799999344844171,0.5200000772448989
2.463346334633463,0.5000000709480642,0.47999993470634755,0.5200000770402744
2.463846384638464,0.50000007078217,0.4799999349275263,0.5200000768355986
2.4643464346434643,0.5000000706160792,0.4799999351479558,0.5200000766308756
2.464846484648465,0.5000000704497961,0.4799999353676386,0.5200000764261093
2.4653465346534653,0.500000070283325,0.4799999355865772,0.5200000762213043
2.465846584658466,0.5000000701166705,0.47999993580477424,0.5200000760164643
2.4663466346634664,0.5000000699498368,0.4799999360222321,0.5200000758115935
2.4668466846684667,0.5000000697828282,0.4799999362389533,0.5200000756066958
2.4673467346734674,0.500000069615649,0.47999993645494043,0.5200000754017754
2.4678467846784677,0.5000000694483036,0.4799999366701959,0.5200000751968361
2.4683468346834685,0.500000069280796,0.4799999368847222,0.5200000749918818
2.468846884688469,0.5000000691131307,0.4799999370985218,0.5200000747869167
2.4693469346934696,0.5000000689453117,0.4799999373115972,0.5200000745819444
2.46984698469847,0.5000000687773432,0.47999993752395076,0.520000074376969
2.47034703470347,0.5000000686092293,0.479999937735585,0.5200000741719941
2.470847084708471,0.5000000684409742,0.47999993794650236,0.5200000739670237
2.4713471347134712,0.500000068272582,0.4799999381567052,0.5200000737620616
2.471847184718472,0.5000000681040568,0.47999993836619603,0.5200000735571114
2.4723472347234723,0.5000000679354025,0.47999993857497725,0.520000073352177
2.472847284728473,0.5000000677666232,0.4799999387830512,0.5200000731472619
2.4733473347334733,0.5000000675977228,0.4799999389904203,0.52000007294237
2.4738473847384737,0.5000000674287054,0.47999993919708694,0.5200000727375049
2.4743474347434744,0.5000000672595748,0.4799999394030536,0.5200000725326703
2.4748474847484747,0.5000000670903351,0.47999993960832243,0.5200000723278697
2.4753475347534755,0.5000000669209901,0.479999939812896,0.5200000721231066
2.4758475847584758,0.5000000667515435,0.4799999400167766,0.5200000719183848
2.4763476347634765,0.5000000665819995,0.4799999402199665,0.5200000717137077
2.476847684768477,0.5000000664123615,0.47999994042246813,0.5200000715090788
2.4773477347734776,0.5000000662426337,0.4799999406242838,0.5200000713045017
2.477847784778478,0.5000000660728195,0.47999994082541586,0.5200000710999796
2.478347834783478,0.500000065902923,0.47999994102586657,0.5200000708955163
2.478847884788479,0.5000000657329476,0.47999994122563827,0.5200000706911149
2.4793479347934793,0.5000000655628973,0.47999994142473323,0.5200000704867789
2.47984798479848,0.5000000653927755,0.4799999416231538,0.5200000702825117
2.4803480348034803,0.5000000652225861,0.4799999418209022,0.5200000700783166
2.480848084808481,0.5000000650523325,0.4799999420179808,0.520000069874197
2.4813481348134814,0.5000000648820184,0.47999994221439174,0.5200000696701561
2.4818481848184817,0.5000000647116475,0.4799999424101374,0.5200000694661971
2.4823482348234824,0.5000000645412233,0.47999994260521994,0.5200000692623234
2.4828482848284827,0.5000000643707491,0.47999994279964164,0.5200000690585384
2.4833483348334835,0.5000000642002287,0.47999994299340476,0.5200000688548447
2.483848384838484,0.5000000640296655,0.47999994318651157,0.520000068651246
2.4843484348434846,0.5000000638590629,0.4799999433789642,0.5200000684477454
2.484848484848485,0.5000000636884245,0.47999994357076486,0.5200000682443457
2.485348534853485,0.5000000635177536,0.4799999437619159,0.5200000680410504
2.485848584858486,0.5000000633470536,0.47999994395241935,0.5200000678378623
2.4863486348634862,0.5000000631763278,0.47999994414227753,0.5200000676347846
2.486848684868487,0.5000000630055799,0.4799999443314925,0.5200000674318203
2.4873487348734873,0.5000000628348128,0.4799999445200666,0.5200000672289724
2.487848784878488,0.5000000626640301,0.4799999447080019,0.5200000670262439
2.4883488348834883,0.5000000624932349,0.47999994489530057,0.5200000668236379
2.4888488848884887,0.5000000623224305,0.47999994508196475,0.520000066621157
2.4893489348934894,0.5000000621516204,0.4799999452679966,0.5200000664188046
2.4898489848984897,0.5000000619808075,0.47999994545339836,0.5200000662165832
2.4903490349034905,0.5000000618099951,0.479999945638172,0.5200000660144959
2.4908490849084908,0.5000000616391864,0.47999994582231975,0.5200000658125454
2.4913491349134915,0.5000000614683847,0.4799999460058437,0.5200000656107346
2.491849184918492,0.5000000612975929,0.47999994618874603,0.5200000654090665
2.4923492349234926,0.5000000611268142,0.4799999463710288,0.5200000652075437
2.492849284928493,0.5000000609560517,0.479999946552694,0.5200000650061689
2.493349334933493,0.5000000607853083,0.47999994673374385,0.5200000648049451
2.493849384938494,0.5000000606145875,0.47999994691418046,0.5200000646038748
2.4943494349434943,0.5000000604438919,0.4799999470940058,0.5200000644029609
2.494849484948495,0.5000000602732247,0.479999947273222,0.5200000642022058
2.4953495349534953,0.5000000601025889,0.4799999474518311,0.5200000640016125
2.495849584958496,0.5000000599319874,0.4799999476298352,0.5200000638011834
2.4963496349634964,0.500000059761423,0.4799999478072363,0.5200000636009212
2.4968496849684967,0.500000059590899,0.4799999479840365,0.5200000634008286
2.4973497349734974,0.500000059420418,0.4799999481602378,0.5200000632009081
2.4978497849784977,0.500000059249983,0.47999994833584214,0.5200000630011621
2.4983498349834985,0.5000000590795969,0.4799999485108517,0.5200000628015934
2.498849884988499,0.5000000589092624,0.4799999486852684,0.5200000626022044
2.4993499349934996,0.5000000587389823,0.4799999488590943,0.5200000624029977
2.4998499849985,0.5000000585687597,0.47999994903233134,0.5200000622039757
2.5003500350035,0.5000000583985972,0.47999994920498157,0.5200000620051407
2.500850085008501,0.5000000582284975,0.479999949377047,0.5200000618064954
2.5013501350135012,0.5000000580584634,0.4799999495485295,0.520000061608042
2.501850185018502,0.5000000578884977,0.47999994971943116,0.5200000614097832
2.5023502350235023,0.5000000577186029,0.47999994988975386,0.520000061211721
2.502850285028503,0.500000057548782,0.4799999500594996,0.5200000610138581
2.5033503350335033,0.5000000573790373,0.47999995022867037,0.5200000608161967
2.5038503850385037,0.5000000572093717,0.47999995039726806,0.5200000606187389
2.5043504350435044,0.5000000570397878,0.47999995056529465,0.5200000604214874
2.5048504850485047,0.5000000568702881,0.47999995073275203,0.5200000602244442
2.5053505350535055,0.5000000567008753,0.4799999508996422,0.5200000600276117
2.5058505850585058,0.5000000565315519,0.479999951065967,0.5200000598309921
2.5063506350635065,0.5000000563623205,0.4799999512317284,0.5200000596345875
2.506850685068507,0.5000000561931836,0.4799999513969283,0.5200000594384003
2.5073507350735076,0.5000000560241437,0.47999995156156855,0.5200000592424326
2.507850785078508,0.5000000558552032,0.47999995172565113,0.5200000590466866
2.508350835083508,0.5000000556863649,0.4799999518891779,0.5200000588511644
2.508850885088509,0.5000000555176309,0.47999995205215074,0.5200000586558681
2.5093509350935093,0.5000000553490038,0.4799999522145715,0.5200000584607999
2.50985098509851,0.500000055180486,0.47999995237644205,0.5200000582659619
2.5103510351035103,0.5000000550120799,0.4799999525377643,0.5200000580713561
2.510851085108511,0.5000000548437878,0.47999995269854,0.5200000578769846
2.5113511351135114,0.5000000546756123,0.4799999528587712,0.5200000576828493
2.5118511851185117,0.5000000545075555,0.47999995301845955,0.5200000574889524
2.5123512351235124,0.5000000543396197,0.47999995317760696,0.5200000572952959
2.5128512851285127,0.5000000541718075,0.4799999533362153,0.5200000571018816
2.5133513351335135,0.500000054004121,0.47999995349428637,0.5200000569087116
2.513851385138514,0.5000000538365623,0.47999995365182196,0.5200000567157879
2.5143514351435146,0.500000053669134,0.47999995380882393,0.5200000565231123
2.514851485148515,0.5000000535018382,0.47999995396529405,0.5200000563306868
2.515351535153515,0.500000053334677,0.47999995412123414,0.5200000561385133
2.515851585158516,0.5000000531676528,0.479999954276646,0.5200000559465936
2.5163516351635162,0.5000000530007677,0.4799999544315314,0.5200000557549296
2.516851685168517,0.5000000528340238,0.47999995458589206,0.5200000555635231
2.5173517351735173,0.5000000526674233,0.47999995473972995,0.520000055372376
2.517851785178518,0.5000000525009685,0.47999995489304664,0.5200000551814901
2.5183518351835184,0.5000000523346612,0.47999995504584403,0.5200000549908671
2.5188518851885187,0.5000000521685037,0.47999995519812383,0.5200000548005089
2.5193519351935194,0.5000000520024981,0.47999995534988776,0.5200000546104171
2.5198519851985197,0.5000000518366463,0.4799999555011376,0.5200000544205936
2.5203520352035205,0.5000000516709506,0.4799999556518751,0.52000005423104
2.5208520852085208,0.5000000515054128,0.479999955802102,0.5200000540417581
2.5213521352135215,0.5000000513400351,0.47999995595182,0.5200000538527496
2.521852185218522,0.5000000511748193,0.4799999561010308,0.520000053664016
2.5223522352235226,0.5000000510097675,0.4799999562497362,0.5200000534755591
2.522852285228523,0.5000000508448817,0.47999995639793785,0.5200000532873806
2.523352335233523,0.5000000506801638,0.4799999565456375,0.5200000530994819
2.523852385238524,0.5000000505156158,0.4799999566928368,0.5200000529118649
2.5243524352435243,0.5000000503512395,0.4799999568395375,0.520000052724531
2.524852485248525,0.5000000501870369,0.4799999569857412,0.5200000525374817
2.5253525352535253,0.5000000500230097,0.4799999571314497,0.5200000523507188
2.525852585258526,0.50000004985916,0.4799999572766646,0.5200000521642437
2.5263526352635264,0.5000000496954896,0.47999995742138757,0.5200000519780579
2.5268526852685267,0.5000000495320003,0.47999995756562036,0.5200000517921629
2.5273527352735274,0.5000000493686938,0.47999995770936454,0.5200000516065604
2.5278527852785277,0.5000000492055722,0.4799999578526218,0.5200000514212516
2.5283528352835285,0.500000049042637,0.47999995799539374,0.5200000512362382
2.528852885288529,0.5000000488798901,0.4799999581376821,0.5200000510515215
2.5293529352935296,0.5000000487173333,0.47999995827948844,0.5200000508671029
2.52985298529853,0.5000000485549683,0.4799999584208144,0.5200000506829839
2.53035303530353,0.5000000483927967,0.47999995856166167,0.5200000504991661
2.530853085308531,0.5000000482308204,0.47999995870203177,0.5200000503156506
2.5313531353135312,0.5000000480690411,0.4799999588419264,0.5200000501324388
2.531853185318532,0.5000000479074603,0.4799999589813472,0.5200000499495321
2.5323532353235323,0.5000000477460799,0.47999995912029564,0.5200000497669319
2.532853285328533,0.5000000475849014,0.4799999592587735,0.5200000495846395
2.5333533353335334,0.5000000474239263,0.4799999593967822,0.5200000494026563
2.5338533853385337,0.5000000472631566,0.4799999595343234,0.5200000492209834
2.5343534353435344,0.5000000471025936,0.4799999596713987,0.5200000490396223
2.5348534853485347,0.500000046942239,0.47999995980800964,0.5200000488585741
2.5353535353535355,0.5000000467820944,0.47999995994415784,0.5200000486778401
2.5358535853585358,0.5000000466221614,0.47999996007984486,0.5200000484974217
2.5363536353635365,0.5000000464624413,0.47999996021507224,0.5200000483173198
2.536853685368537,0.5000000463029359,0.4799999603498415,0.520000048137536
2.5373537353735376,0.5000000461436467,0.4799999604841543,0.5200000479580712
2.537853785378538,0.500000045984575,0.4799999606180121,0.5200000477789267
2.538353835383538,0.5000000458257225,0.47999996075141643,0.5200000476001037
2.538853885388539,0.5000000456670908,0.4799999608843689,0.5200000474216033
2.5393539353935393,0.5000000455086809,0.479999961016871,0.5200000472434266
2.53985398539854,0.5000000453504947,0.47999996114892424,0.5200000470655749
2.5403540354035403,0.5000000451925334,0.4799999612805302,0.5200000468880492
2.540854085408541,0.5000000450347984,0.47999996141169027,0.5200000467108506
2.5413541354135414,0.5000000448772913,0.4799999615424061,0.5200000465339802
2.5418541854185417,0.5000000447200134,0.4799999616726791,0.5200000463574391
2.5423542354235424,0.500000044562966,0.47999996180251087,0.5200000461812283
2.5428542854285427,0.5000000444061505,0.4799999619319028,0.5200000460053489
2.5433543354335435,0.5000000442495683,0.47999996206085643,0.520000045829802
2.543854385438544,0.5000000440932207,0.47999996218937324,0.5200000456545883
2.5443544354435446,0.5000000439371092,0.4799999623174547,0.5200000454797093
2.544854485448545,0.5000000437812349,0.4799999624451023,0.5200000453051657
2.545354535453545,0.500000043625599,0.4799999625723175,0.5200000451309585
2.545854585458546,0.5000000434702031,0.4799999626991017,0.5200000449570887
2.5463546354635462,0.5000000433150482,0.4799999628254565,0.5200000447835573
2.546854685468547,0.5000000431601358,0.47999996295138325,0.5200000446103652
2.5473547354735473,0.500000043005467,0.4799999630768835,0.5200000444375134
2.547854785478548,0.500000042851043,0.47999996320195853,0.5200000442650027
2.5483548354835484,0.5000000426968652,0.4799999633266099,0.5200000440928341
2.5488548854885487,0.5000000425429345,0.47999996345083906,0.5200000439210083
2.5493549354935494,0.5000000423892524,0.47999996357464736,0.5200000437495265
2.5498549854985497,0.50000004223582,0.47999996369803627,0.5200000435783894
2.5503550355035505,0.5000000420826384,0.4799999638210072,0.5200000434075978
2.550855085508551,0.5000000419297088,0.4799999639435616,0.5200000432371527
2.5513551355135515,0.5000000417770323,0.47999996406570083,0.5200000430670547
2.551855185518552,0.5000000416246101,0.47999996418742635,0.520000042897305
2.5523552355235526,0.5000000414724433,0.4799999643087395,0.5200000427279039
2.552855285528553,0.500000041320533,0.4799999644296417,0.5200000425588527
2.553355335533553,0.5000000411688802,0.4799999645501344,0.5200000423901517
2.553855385538554,0.5000000410174862,0.4799999646702189,0.5200000422218022
2.5543554355435543,0.5000000408663519,0.47999996478989665,0.5200000420538046
2.554855485548555,0.5000000407154784,0.47999996490916896,0.5200000418861597
2.5553555355535553,0.5000000405648668,0.47999996502803727,0.5200000417188683
2.555855585558556,0.5000000404145181,0.4799999651465029,0.520000041551931
2.5563556355635564,0.5000000402644332,0.47999996526456723,0.5200000413853487
2.5568556855685567,0.5000000401146133,0.47999996538223166,0.520000041219122
2.5573557355735574,0.5000000399650594,0.47999996549949747,0.5200000410532517
2.5578557855785578,0.5000000398157722,0.47999996561636604,0.5200000408877383
2.5583558355835585,0.5000000396667531,0.47999996573283876,0.5200000407225827
2.558855885588559,0.5000000395180028,0.4799999658489169,0.5200000405577853
2.5593559355935596,0.5000000393695222,0.47999996596460187,0.5200000403933468
2.55985598559856,0.5000000392213124,0.4799999660798949,0.5200000402292679
2.56035603560356,0.5000000390733743,0.47999996619479746,0.5200000400655493
2.560856085608561,0.5000000389257089,0.4799999663093108,0.5200000399021916
2.5613561356135612,0.5000000387783169,0.4799999664234362,0.5200000397391953
2.561856185618562,0.5000000386311992,0.47999996653717497,0.520000039576561
2.5623562356235623,0.5000000384843569,0.47999996665052846,0.5200000394142894
2.562856285628563,0.5000000383377907,0.47999996676349804,0.5200000392523809
2.5633563356335634,0.5000000381915016,0.47999996687608487,0.5200000390908361
2.5638563856385637,0.5000000380454903,0.47999996698829034,0.5200000389296557
2.5643564356435644,0.5000000378997578,0.4799999671001157,0.5200000387688402
2.5648564856485647,0.5000000377543048,0.47999996721156235,0.52000003860839
2.5653565356535655,0.5000000376091321,0.4799999673226314,0.5200000384483056
2.565856585658566,0.5000000374642406,0.47999996743332424,0.5200000382885875
2.5663566356635665,0.5000000373196312,0.47999996754364205,0.5200000381292366
2.566856685668567,0.5000000371753044,0.4799999676535862,0.5200000379702528
2.5673567356735676,0.5000000370312612,0.47999996776315795,0.520000037811637
2.567856785678568,0.5000000368875022,0.47999996787235855,0.5200000376533894
2.568356835683568,0.5000000367440284,0.47999996798118916,0.5200000374955107
2.568856885688569,0.5000000366008402,0.4799999680896512,0.5200000373380013
2.5693569356935693,0.5000000364579388,0.47999996819774576,0.5200000371808614
2.56985698569857,0.5000000363153244,0.4799999683054742,0.5200000370240916
2.5703570357035703,0.5000000361729982,0.4799999684128377,0.5200000368676924
2.570857085708571,0.5000000360309605,0.4799999685198375,0.520000036711664
2.5713571357135714,0.5000000358892123,0.47999996862647487,0.520000036556007
2.5718571857185717,0.5000000357477541,0.47999996873275097,0.5200000364007217
2.5723572357235724,0.5000000356065866,0.4799999688386671,0.5200000362458084
2.5728572857285728,0.5000000354657105,0.4799999689442244,0.5200000360912677
2.5733573357335735,0.5000000353251265,0.4799999690494242,0.5200000359370996
2.573857385738574,0.5000000351848352,0.47999996915426757,0.5200000357833048
2.5743574357435746,0.5000000350448371,0.4799999692587559,0.5200000356298835
2.574857485748575,0.500000034905133,0.47999996936289013,0.520000035476836
2.575357535753575,0.5000000347657235,0.4799999694666717,0.5200000353241627
2.575857585758576,0.5000000346266092,0.4799999695701017,0.5200000351718639
2.5763576357635762,0.5000000344877906,0.47999996967318137,0.5200000350199397
2.576857685768577,0.5000000343492684,0.4799999697759118,0.5200000348683907
2.5773577357735773,0.5000000342110431,0.4799999698782943,0.5200000347172171
2.577857785778578,0.5000000340731153,0.47999996998032995,0.5200000345664191
2.5783578357835784,0.5000000339354855,0.47999997008201994,0.5200000344159971
2.5788578857885787,0.5000000337981544,0.4799999701833655,0.5200000342659511
2.5793579357935794,0.5000000336611223,0.47999997028436775,0.5200000341162816
2.5798579857985797,0.5000000335243899,0.47999997038502784,0.5200000339669888
2.5803580358035805,0.5000000333879578,0.479999970485347,0.5200000338180728
2.580858085808581,0.5000000332518263,0.4799999705853263,0.520000033669534
2.5813581358135815,0.5000000331159961,0.47999997068496686,0.5200000335213725
2.581858185818582,0.5000000329804675,0.47999997078427,0.5200000333735885
2.5823582358235826,0.5000000328452411,0.4799999708832367,0.5200000332261823
2.582858285828583,0.5000000327103175,0.47999997098186814,0.520000033079154
2.583358335833583,0.5000000325756968,0.4799999710801655,0.5200000329325039
2.583858385838584,0.5000000324413798,0.47999997117812987,0.520000032786232
2.5843584358435843,0.5000000323073668,0.47999997127576244,0.5200000326403386
2.584858485848585,0.5000000321736583,0.4799999713730642,0.5200000324948238
2.5853585358535853,0.5000000320402547,0.4799999714700364,0.5200000323496878
2.585858585858586,0.5000000319071564,0.4799999715666801,0.5200000322049307
2.5863586358635864,0.5000000317743638,0.47999997166299646,0.5200000320605527
2.5868586858685867,0.5000000316418773,0.47999997175898657,0.5200000319165538
2.5873587358735874,0.5000000315096975,0.4799999718546515,0.5200000317729342
2.5878587858785878,0.5000000313778246,0.47999997194999233,0.520000031629694
2.5883588358835885,0.5000000312462589,0.4799999720450102,0.5200000314868333
2.588858885888589,0.500000031115001,0.47999997213970624,0.5200000313443522
2.5893589358935896,0.5000000309840511,0.4799999722340815,0.5200000312022508
2.58985898589859,0.5000000308534097,0.479999972328137,0.5200000310605292
2.59035903590359,0.500000030723077,0.479999972421874,0.5200000309191873
2.590859085908591,0.5000000305930533,0.47999997251529336,0.5200000307782254
2.5913591359135912,0.5000000304633392,0.47999997260839633,0.5200000306376436
2.591859185918592,0.5000000303339347,0.47999997270118394,0.5200000304974416
2.5923592359235923,0.5000000302048403,0.4799999727936572,0.5200000303576198
2.592859285928593,0.5000000300760563,0.4799999728858172,0.520000030218178
2.5933593359335934,0.500000029947583,0.47999997297766506,0.5200000300791162
2.5938593859385937,0.5000000298194207,0.4799999730692017,0.5200000299404347
2.5943594359435944,0.5000000296915695,0.47999997316042836,0.5200000298021332
2.5948594859485947,0.50000002956403,0.47999997325134597,0.520000029664212
2.5953595359535955,0.5000000294368022,0.4799999733419556,0.5200000295266709
2.595859585958596,0.5000000293098865,0.47999997343225825,0.52000002938951
2.5963596359635965,0.5000000291832831,0.4799999735222551,0.520000029252729
2.596859685968597,0.5000000290569923,0.479999973611947,0.5200000291163284
2.5973597359735976,0.5000000289310143,0.4799999737013351,0.5200000289803076
2.597859785978598,0.5000000288053492,0.4799999737904204,0.520000028844667
2.598359835983598,0.5000000286799975,0.47999997387920396,0.5200000287094063
2.598859885988599,0.5000000285549593,0.47999997396768673,0.5200000285745257
2.5993599359935993,0.5000000284302346,0.4799999740558698,0.5200000284400248
2.5998599859986,0.5000000283058239,0.47999997414375417,0.5200000283059039
2.6003600360036003,0.5000000281817273,0.4799999742313408,0.5200000281721626
2.600860086008601,0.500000028057945,0.47999997431863073,0.520000028038801
2.6013601360136014,0.5000000279344771,0.479999974405625,0.520000027905819
2.6018601860186017,0.5000000278113238,0.47999997449232457,0.5200000277732165
2.6023602360236024,0.5000000276884853,0.47999997457873045,0.5200000276409935
2.6028602860286028,0.5000000275659616,0.4799999746648436,0.5200000275091498
2.6033603360336035,0.5000000274437532,0.4799999747506651,0.5200000273776851
2.603860386038604,0.50000002732186,0.47999997483619583,0.5200000272465997
2.6043604360436046,0.5000000272002821,0.47999997492143687,0.5200000271158931
2.604860486048605,0.5000000270790198,0.47999997500638913,0.5200000269855654
2.605360536053605,0.5000000269580732,0.47999997509105363,0.5200000268556164
2.605860586058606,0.5000000268374423,0.47999997517543136,0.520000026726046
2.6063606360636062,0.5000000267171272,0.47999997525952326,0.5200000265968538
2.606860686068607,0.5000000265971282,0.4799999753433303,0.5200000264680401
2.6073607360736073,0.5000000264774451,0.4799999754268534,0.5200000263396044
2.607860786078608,0.5000000263580783,0.47999997551009366,0.5200000262115466
2.6083608360836084,0.5000000262390277,0.47999997559305185,0.5200000260838666
2.6088608860886087,0.5000000261202935,0.4799999756757291,0.5200000259565642
2.6093609360936094,0.5000000260018757,0.47999997575812625,0.5200000258296392
2.6098609860986097,0.5000000258837743,0.4799999758402443,0.5200000257030915
2.6103610361036105,0.5000000257659895,0.47999997592208415,0.5200000255769207
2.610861086108611,0.5000000256485212,0.4799999760036468,0.5200000254511268
2.6113611361136115,0.5000000255313696,0.47999997608493317,0.5200000253257094
2.611861186118612,0.5000000254145347,0.47999997616594414,0.5200000252006685
2.6123612361236126,0.5000000252980165,0.4799999762466807,0.5200000250760038
2.612861286128613,0.500000025181815,0.4799999763271438,0.520000024951715
2.613361336133613,0.5000000250659302,0.47999997640733433,0.520000024827802
2.613861386138614,0.5000000249503622,0.47999997648725323,0.5200000247042645
2.6143614361436143,0.5000000248351111,0.4799999765669014,0.5200000245811024
2.614861486148615,0.5000000247201767,0.47999997664627975,0.5200000244583152
2.6153615361536153,0.500000024605559,0.4799999767253892,0.5200000243359028
2.615861586158616,0.5000000244912582,0.4799999768042307,0.5200000242138648
2.6163616361636164,0.5000000243772742,0.4799999768828051,0.5200000240922013
2.6168616861686167,0.5000000242636069,0.47999997696111335,0.5200000239709116
2.6173617361736174,0.5000000241502564,0.47999997703915637,0.5200000238499958
2.6178617861786178,0.5000000240372225,0.479999977116935,0.5200000237294533
2.6183618361836185,0.5000000239245053,0.47999997719445014,0.5200000236092841
2.618861886188619,0.5000000238121047,0.4799999772717027,0.5200000234894877
2.6193619361936196,0.5000000237000207,0.4799999773486936,0.520000023370064
2.61986198619862,0.5000000235882532,0.47999997742542366,0.5200000232510126
2.62036203620362,0.5000000234768022,0.4799999775018938,0.5200000231323332
2.620862086208621,0.5000000233656675,0.4799999775781049,0.5200000230140254
2.6213621362136212,0.5000000232548492,0.4799999776540579,0.520000022896089
2.621862186218622,0.5000000231443471,0.47999997772975356,0.5200000227785238
2.6223622362236223,0.5000000230341612,0.4799999778051928,0.5200000226613293
2.622862286228623,0.5000000229242915,0.4799999778803765,0.5200000225445053
2.6233623362336234,0.5000000228147377,0.4799999779553056,0.5200000224280512
2.6238623862386237,0.5000000227054997,0.4799999780299808,0.5200000223119671
2.6243624362436244,0.5000000225965776,0.47999997810440304,0.5200000221962523
2.6248624862486247,0.5000000224879712,0.4799999781785732,0.5200000220809067
2.6253625362536255,0.5000000223796803,0.47999997825249213,0.5200000219659298
2.625862586258626,0.5000000222717049,0.4799999783261606,0.5200000218513212
2.6263626362636265,0.5000000221640449,0.4799999783995796,0.5200000217370807
2.626862686268627,0.5000000220567001,0.47999997847274983,0.5200000216232079
2.6273627362736276,0.5000000219496703,0.4799999785456722,0.5200000215097024
2.627862786278628,0.5000000218429556,0.47999997861834764,0.5200000213965639
2.628362836283628,0.5000000217365556,0.4799999786907768,0.5200000212837919
2.628862886288629,0.5000000216304702,0.47999997876296063,0.520000021171386
2.6293629362936293,0.5000000215246994,0.4799999788349,0.520000021059346
2.62986298629863,0.5000000214192428,0.4799999789065956,0.5200000209476714
2.6303630363036303,0.5000000213141006,0.47999997897804836,0.5200000208363619
2.630863086308631,0.5000000212092723,0.4799999790492591,0.520000020725417
2.6313631363136314,0.5000000211047578,0.4799999791202286,0.5200000206148362
2.6318631863186317,0.5000000210005571,0.4799999791909577,0.5200000205046194
2.6323632363236324,0.5000000208966698,0.4799999792614472,0.5200000203947659
2.6328632863286328,0.5000000207930959,0.47999997933169797,0.5200000202852755
2.6333633363336335,0.5000000206898351,0.4799999794017107,0.5200000201761477
2.633863386338634,0.5000000205868871,0.4799999794714863,0.520000020067382
2.6343634363436346,0.500000020484252,0.4799999795410255,0.520000019958978
2.634863486348635,0.5000000203819293,0.4799999796103292,0.5200000198509355
2.635363536353635,0.500000020279919,0.4799999796793981,0.5200000197432538
2.635863586358636,0.5000000201782208,0.47999997974823305,0.5200000196359327
2.6363636363636362,0.5000000200768344,0.47999997981683484,0.5200000195289715
2.636863686368637,0.5000000199757597,0.4799999798852042,0.5200000194223698
2.6373637363736373,0.5000000198749964,0.479999979953342,0.5200000193161274
2.637863786378638,0.5000000197745444,0.479999980021249,0.5200000192102435
2.6383638363836384,0.5000000196744034,0.4799999800889259,0.520000019104718
2.6388638863886387,0.5000000195745731,0.47999998015637363,0.5200000189995502
2.6393639363936394,0.5000000194750533,0.4799999802235928,0.5200000188947398
2.6398639863986397,0.5000000193758438,0.4799999802905843,0.5200000187902861
2.6403640364036405,0.5000000192769443,0.4799999803573489,0.5200000186861888
2.640864086408641,0.5000000191783545,0.47999998042388736,0.5200000185824476
2.6413641364136415,0.5000000190800742,0.4799999804902004,0.5200000184790616
2.641864186418642,0.5000000189821031,0.4799999805562888,0.5200000183760307
2.6423642364236426,0.5000000188844411,0.47999998062215327,0.5200000182733543
2.642864286428643,0.5000000187870877,0.4799999806877947,0.5200000181710319
2.643364336433643,0.5000000186900427,0.47999998075321376,0.5200000180690629
2.643864386438644,0.5000000185933059,0.4799999808184112,0.520000017967447
2.6443644364436443,0.5000000184968769,0.4799999808833878,0.5200000178661836
2.644864486448645,0.5000000184007556,0.4799999809481443,0.5200000177652722
2.6453645364536453,0.5000000183049415,0.47999998101268143,0.5200000176647124
2.645864586458646,0.5000000182094343,0.4799999810769999,0.5200000175645035
2.6463646364636464,0.5000000181142339,0.4799999811411006,0.5200000174646452
2.6468646864686467,0.5000000180193399,0.4799999812049841,0.5200000173651369
2.6473647364736475,0.500000017924752,0.4799999812686512,0.520000017265978
2.6478647864786478,0.5000000178304699,0.47999998133210264,0.5200000171671681
2.6483648364836485,0.5000000177364932,0.4799999813953391,0.5200000170687067
2.648864886488649,0.5000000176428216,0.4799999814583614,0.5200000169705933
2.6493649364936496,0.500000017549455,0.4799999815211702,0.5200000168728272
2.64986498649865,0.5000000174563929,0.4799999815837662,0.520000016775408
2.65036503650365,0.5000000173636349,0.47999998164615026,0.5200000166783352
2.650865086508651,0.5000000172711807,0.4799999817083229,0.5200000165816081
2.6513651365136512,0.5000000171790302,0.479999981770285,0.5200000164852263
2.651865186518652,0.5000000170871828,0.4799999818320372,0.5200000163891892
2.6523652365236523,0.5000000169956382,0.4799999818935802,0.5200000162934965
2.652865286528653,0.5000000169043962,0.47999998195491467,0.5200000161981473
2.6533653365336534,0.5000000168134564,0.47999998201604144,0.5200000161031412
2.6538653865386537,0.5000000167228184,0.47999998207696115,0.5200000160084776
2.6543654365436544,0.5000000166324817,0.4799999821376745,0.5200000159141561
2.6548654865486547,0.5000000165424463,0.47999998219818213,0.520000015820176
2.6553655365536555,0.5000000164527115,0.47999998225848484,0.5200000157265368
2.655865586558656,0.5000000163632772,0.47999998231858326,0.5200000156332378
2.6563656365636565,0.5000000162741428,0.4799999823784781,0.5200000155402787
2.656865686568657,0.5000000161853082,0.47999998243817005,0.5200000154476587
2.6573657365736576,0.5000000160967728,0.4799999824976598,0.5200000153553774
2.657865786578658,0.5000000160085363,0.47999998255694803,0.5200000152634342
2.658365836583658,0.5000000159205983,0.47999998261603544,0.5200000151718284
2.658865886588659,0.5000000158329585,0.47999998267492267,0.5200000150805595
2.6593659365936593,0.5000000157456165,0.47999998273361044,0.5200000149896269
2.65986598659866,0.5000000156585718,0.4799999827920994,0.5200000148990301
2.6603660366036603,0.500000015571824,0.47999998285039025,0.5200000148087685
2.660866086608661,0.500000015485373,0.4799999829084836,0.5200000147188414
2.6613661366136614,0.5000000153992181,0.4799999829663802,0.5200000146292483
2.6618661866186617,0.5000000153133589,0.47999998302408065,0.5200000145399886
2.6623662366236625,0.5000000152277952,0.4799999830815857,0.5200000144510617
2.6628662866286628,0.5000000151425266,0.4799999831388959,0.520000014362467
2.6633663366336635,0.5000000150575524,0.479999983196012,0.520000014274204
2.663866386638664,0.5000000149728725,0.4799999832529346,0.520000014186272
2.6643664366436646,0.5000000148884863,0.47999998330966437,0.5200000140986702
2.664866486648665,0.5000000148043935,0.479999983366202,0.5200000140113985
2.665366536653665,0.5000000147205936,0.47999998342254807,0.5200000139244559
2.665866586658666,0.5000000146370862,0.4799999834787033,0.5200000138378419
2.6663666366636662,0.500000014553871,0.47999998353466833,0.5200000137515559
2.666866686668667,0.5000000144709473,0.4799999835904437,0.5200000136655973
2.6673667366736673,0.500000014388315,0.4799999836460302,0.5200000135799655
2.667866786678668,0.5000000143059734,0.4799999837014284,0.5200000134946599
2.6683668366836684,0.5000000142239223,0.47999998375663894,0.5200000134096796
2.6688668866886687,0.500000014142161,0.4799999838116624,0.5200000133250244
2.6693669366936694,0.5000000140606893,0.47999998386649956,0.5200000132406936
2.6698669866986697,0.5000000139795067,0.47999998392115095,0.5200000131566863
2.6703670367036705,0.5000000138986126,0.47999998397561716,0.5200000130730021
2.670867086708671,0.5000000138180067,0.4799999840298989,0.5200000129896404
2.6713671367136715,0.5000000137376885,0.47999998408399674,0.5200000129066004
2.671867186718672,0.5000000136576578,0.47999998413791134,0.5200000128238816
2.6723672367236726,0.5000000135779137,0.4799999841916433,0.5200000127414834
2.672867286728673,0.500000013498456,0.4799999842451933,0.5200000126594051
2.673367336733673,0.5000000134192842,0.47999998429856183,0.520000012577646
2.673867386738674,0.500000013340398,0.4799999843517496,0.5200000124962056
2.6743674367436743,0.5000000132617968,0.4799999844047572,0.5200000124150832
2.674867486748675,0.50000001318348,0.47999998445758524,0.5200000123342781
2.6753675367536753,0.5000000131054473,0.47999998451023435,0.5200000122537898
2.675867586758676,0.5000000130276983,0.4799999845627051,0.5200000121736175
2.6763676367636764,0.5000000129502322,0.4799999846149981,0.5200000120937607
2.6768676867686767,0.500000012873049,0.47999998466711397,0.5200000120142186
2.6773677367736775,0.5000000127961478,0.4799999847190533,0.5200000119349908
2.6778677867786778,0.5000000127195284,0.4799999847708167,0.5200000118560764
2.6783678367836785,0.5000000126431903,0.4799999848224047,0.5200000117774748
2.678867886788679,0.5000000125671329,0.479999984873818,0.5200000116991854
2.6793679367936796,0.5000000124913557,0.47999998492505713,0.5200000116212076
2.67986798679868,0.5000000124158585,0.4799999849761227,0.5200000115435406
2.68036803680368,0.5000000123406404,0.47999998502701524,0.5200000114661839
2.680868086808681,0.5000000122657011,0.47999998507773545,0.5200000113891368
2.6813681368136812,0.5000000121910402,0.4799999851282838,0.5200000113123985
2.681868186818682,0.5000000121166571,0.47999998517866094,0.5200000112359685
2.6823682368236823,0.5000000120425514,0.47999998522886744,0.5200000111598461
2.682868286828683,0.5000000119687225,0.47999998527890386,0.5200000110840306
2.6833683368336834,0.50000001189517,0.47999998532877075,0.5200000110085214
2.6838683868386837,0.5000000118218932,0.4799999853784688,0.5200000109333178
2.6843684368436844,0.500000011748892,0.4799999854279984,0.5200000108584192
2.6848684868486847,0.5000000116761654,0.4799999854773603,0.5200000107838247
2.6853685368536855,0.5000000116037132,0.47999998552655493,0.5200000107095339
2.685868586858686,0.500000011531535,0.47999998557558293,0.5200000106355461
2.6863686368636865,0.5000000114596299,0.4799999856244449,0.5200000105618605
2.686868686868687,0.5000000113879978,0.4799999856731413,0.5200000104884764
2.6873687368736876,0.5000000113166378,0.47999998572167274,0.5200000104153933
2.687868786878688,0.5000000112455498,0.4799999857700398,0.5200000103426106
2.688368836883688,0.500000011174733,0.47999998581824305,0.5200000102701272
2.688868886888689,0.500000011104187,0.479999985866283,0.5200000101979428
2.6893689368936893,0.5000000110339112,0.4799999859141602,0.5200000101260567
2.68986898689869,0.5000000109639052,0.4799999859618752,0.520000010054468
2.6903690369036903,0.5000000108941685,0.4799999860094286,0.5200000099831763
2.690869086908691,0.5000000108247002,0.4799999860568209,0.5200000099121806
2.6913691369136914,0.5000000107555004,0.4799999861040527,0.5200000098414805
2.6918691869186917,0.5000000106865681,0.47999998615112444,0.5200000097710753
2.6923692369236925,0.5000000106179028,0.47999998619803674,0.5200000097009642
2.6928692869286928,0.5000000105495043,0.4799999862447902,0.5200000096311465
2.6933693369336935,0.5000000104813717,0.4799999862913852,0.5200000095616215
2.693869386938694,0.5000000104135046,0.47999998633782237,0.5200000094923887
2.6943694369436946,0.5000000103459027,0.4799999863841023,0.5200000094234473
2.694869486948695,0.5000000102785651,0.4799999864302254,0.5200000093547965
2.695369536953695,0.5000000102114914,0.4799999864761923,0.5200000092864359
2.695869586958696,0.5000000101446813,0.47999998652200343,0.5200000092183645
2.6963696369636962,0.5000000100781339,0.47999998656765946,0.5200000091505818
2.696869686968697,0.5000000100118489,0.4799999866131608,0.520000009083087
2.6973697369736973,0.5000000099458256,0.47999998665850796,0.5200000090158795
2.697869786978698,0.5000000098800637,0.47999998670370153,0.5200000089489586
2.6983698369836984,0.5000000098145623,0.47999998674874206,0.5200000088823236
2.6988698869886987,0.5000000097493211,0.47999998679363,0.5200000088159737
2.6993699369936994,0.5000000096843397,0.4799999868383658,0.5200000087499085
2.6998699869986997,0.5000000096196172,0.47999998688295015,0.520000008684127
2.7003700370037005,0.5000000095551532,0.47999998692738344,0.5200000086186285
2.700870087008701,0.5000000094909473,0.47999998697166624,0.5200000085534126
2.7013701370137015,0.5000000094269987,0.47999998701579905,0.5200000084884783
2.701870187018702,0.5000000093633071,0.4799999870597823,0.5200000084238251
2.7023702370237026,0.5000000092998718,0.4799999871036166,0.5200000083594523
2.702870287028703,0.5000000092366922,0.4799999871473024,0.520000008295359
2.703370337033703,0.5000000091737679,0.4799999871908402,0.5200000082315447
2.703870387038704,0.5000000091110982,0.47999998723423054,0.5200000081680085
2.7043704370437043,0.5000000090486826,0.4799999872774739,0.52000000810475
2.704870487048705,0.5000000089865206,0.4799999873205708,0.5200000080417684
2.7053705370537053,0.5000000089246116,0.4799999873635217,0.5200000079790628
2.705870587058706,0.500000008862955,0.47999998740632704,0.5200000079166327
2.7063706370637064,0.5000000088015504,0.4799999874489874,0.5200000078544774
2.7068706870687067,0.5000000087403971,0.4799999874915033,0.520000007792596
2.7073707370737075,0.5000000086794945,0.4799999875338752,0.5200000077309881
2.7078707870787078,0.5000000086188421,0.4799999875761035,0.5200000076696528
2.7083708370837085,0.5000000085584394,0.4799999876181888,0.5200000076085894
2.708870887088709,0.5000000084982857,0.4799999876601315,0.5200000075477973
2.7093709370937096,0.5000000084383805,0.47999998770193214,0.5200000074872757
2.70987098709871,0.5000000083787234,0.4799999877435912,0.520000007427024
2.71037103710371,0.5000000083193136,0.4799999877851091,0.5200000073670414
2.710871087108711,0.5000000082601506,0.4799999878264864,0.5200000073073272
2.7113711371137112,0.5000000082012338,0.4799999878677235,0.5200000072478808
2.711871187118712,0.5000000081425627,0.4799999879088209,0.5200000071887014
2.7123712371237123,0.5000000080841368,0.47999998794977916,0.5200000071297883
2.712871287128713,0.5000000080259553,0.4799999879905986,0.5200000070711408
2.7133713371337134,0.5000000079680179,0.47999998803127986,0.5200000070127583
2.7138713871387137,0.500000007910324,0.4799999880718232,0.5200000069546399
2.7143714371437144,0.5000000078528727,0.47999998811222927,0.520000006896785
2.7148714871487147,0.5000000077956638,0.47999998815249845,0.520000006839193
2.7153715371537155,0.5000000077386966,0.47999998819263123,0.5200000067818631
2.715871587158716,0.5000000076819704,0.47999998823262807,0.5200000067247945
2.7163716371637165,0.5000000076254848,0.4799999882724894,0.5200000066679867
2.716871687168717,0.5000000075692391,0.4799999883122157,0.5200000066114389
2.7173717371737176,0.5000000075132329,0.47999998835180746,0.5200000065551502
2.717871787178718,0.5000000074574655,0.47999998839126506,0.5200000064991203
2.718371837183718,0.5000000074019363,0.47999998843058905,0.5200000064433481
2.718871887188719,0.5000000073466448,0.4799999884697798,0.5200000063878331
2.7193719371937193,0.5000000072915903,0.4799999885088378,0.5200000063325746
2.71987198719872,0.5000000072367724,0.4799999885477635,0.5200000062775718
2.7203720372037203,0.5000000071821905,0.4799999885865573,0.520000006222824
2.720872087208721,0.5000000071278438,0.47999998862521975,0.5200000061683308
2.7213721372137214,0.5000000070737319,0.4799999886637512,0.520000006114091
2.7218721872187217,0.5000000070198543,0.4799999887021521,0.5200000060601042
2.7223722372237225,0.5000000069662102,0.479999988740423,0.5200000060063696
2.7228722872287228,0.5000000069127991,0.4799999887785642,0.5200000059528865
2.7233723372337235,0.5000000068596205,0.4799999888165762,0.5200000058996543
2.723872387238724,0.5000000068066738,0.47999998885445944,0.5200000058466723
2.7243724372437246,0.5000000067539584,0.47999998889221435,0.5200000057939396
2.724872487248725,0.5000000067014736,0.47999998892984136,0.5200000057414556
2.725372537253725,0.5000000066492191,0.479999988967341,0.5200000056892196
2.725872587258726,0.5000000065971939,0.47999998900471347,0.5200000056372309
2.7263726372637263,0.5000000065453978,0.4799999890419594,0.5200000055854889
2.726872687268727,0.50000000649383,0.4799999890790792,0.5200000055339926
2.7273727372737273,0.5000000064424901,0.4799999891160732,0.5200000054827416
2.727872787278728,0.5000000063913773,0.47999998915294195,0.5200000054317351
2.7283728372837284,0.5000000063404912,0.4799999891896858,0.5200000053809724
2.7288728872887287,0.5000000062898311,0.4799999892263051,0.5200000053304527
2.7293729372937294,0.5000000062393964,0.4799999892628004,0.5200000052801753
2.7298729872987297,0.5000000061891867,0.4799999892991721,0.5200000052301398
2.7303730373037305,0.5000000061392011,0.4799999893354206,0.5200000051803451
2.730873087308731,0.5000000060894394,0.4799999893715463,0.5200000051307907
2.7313731373137315,0.5000000060399007,0.4799999894075496,0.5200000050814759
2.731873187318732,0.5000000059905845,0.479999989443431,0.5200000050324
2.7323732373237326,0.5000000059414902,0.47999998947919076,0.5200000049835621
2.732873287328733,0.5000000058926174,0.4799999895148294,0.5200000049349618
2.733373337333733,0.5000000058439652,0.4799999895503474,0.5200000048865983
2.733873387338734,0.5000000057955333,0.479999989585745,0.5200000048384708
2.7343734373437343,0.5000000057473208,0.47999998962102275,0.5200000047905786
2.734873487348735,0.5000000056993276,0.47999998965618096,0.5200000047429211
2.7353735373537353,0.5000000056515526,0.4799999896912201,0.5200000046954976
2.735873587358736,0.5000000056039955,0.47999998972614055,0.5200000046483073
2.7363736373637364,0.5000000055566556,0.47999998976094266,0.5200000046013497
2.7368736873687367,0.5000000055095324,0.4799999897956269,0.5200000045546238
2.7373737373737375,0.5000000054626252,0.4799999898301937,0.5200000045081291
2.7378737873787378,0.5000000054159335,0.4799999898646434,0.5200000044618649
2.7383738373837385,0.5000000053694568,0.47999998989897635,0.5200000044158305
2.738873887388739,0.5000000053231942,0.47999998993319304,0.5200000043700251
2.7393739373937396,0.5000000052771455,0.47999998996729376,0.5200000043244483
2.73987398739874,0.5000000052313098,0.479999990001279,0.520000004279099
2.74037403740374,0.5000000051856868,0.47999999003514915,0.5200000042339767
2.740874087408741,0.5000000051402756,0.47999999006890454,0.5200000041890808
2.7413741374137413,0.5000000050950758,0.4799999901025456,0.5200000041444104
2.741874187418742,0.5000000050500868,0.4799999901360727,0.5200000040999649
2.7423742374237423,0.5000000050053081,0.47999999016948625,0.5200000040557436
2.742874287428743,0.5000000049607388,0.47999999020278655,0.520000004011746
2.7433743374337434,0.5000000049163786,0.47999999023597406,0.5200000039679711
2.7438743874387437,0.5000000048722268,0.4799999902690492,0.5200000039244184
2.7443744374437444,0.500000004828283,0.4799999903020123,0.520000003881087
2.7448744874487447,0.5000000047845463,0.4799999903348637,0.5200000038379765
2.7453745374537455,0.5000000047410164,0.4799999903676038,0.520000003795086
2.745874587458746,0.5000000046976925,0.47999999040023306,0.520000003752415
2.7463746374637465,0.5000000046545741,0.4799999904327517,0.5200000037099626
2.746874687468747,0.5000000046116605,0.4799999904651603,0.5200000036677283
2.7473747374737476,0.5000000045689513,0.479999990497459,0.5200000036257111
2.747874787478748,0.5000000045264459,0.47999999052964837,0.5200000035839107
2.7483748374837482,0.5000000044841436,0.47999999056172865,0.5200000035423262
2.748874887488749,0.5000000044420438,0.4799999905937003,0.520000003500957
2.7493749374937493,0.5000000044001461,0.47999999062556364,0.5200000034598022
2.74987498749875,0.5000000043584498,0.479999990657319,0.5200000034188615
2.7503750375037503,0.5000000043169542,0.47999999068896687,0.5200000033781339
2.750875087508751,0.5000000042756589,0.4799999907205075,0.5200000033376189
2.7513751375137514,0.5000000042345633,0.4799999907519413,0.5200000032973157
2.7518751875187517,0.5000000041936666,0.47999999078326855,0.5200000032572235
2.7523752375237525,0.5000000041529684,0.47999999081448974,0.520000003217342
2.7528752875287528,0.5000000041124681,0.4799999908456052,0.5200000031776701
2.7533753375337535,0.5000000040721652,0.4799999908766152,0.5200000031382075
2.753875387538754,0.5000000040320589,0.47999999090752016,0.5200000030989532
2.7543754375437546,0.5000000039921488,0.47999999093832046,0.5200000030599067
2.754875487548755,0.5000000039524343,0.4799999909690164,0.5200000030210673
2.755375537553755,0.5000000039129147,0.4799999909996084,0.5200000029824343
2.755875587558756,0.5000000038735894,0.4799999910300967,0.5200000029440071
2.7563756375637563,0.500000003834458,0.47999999106048175,0.5200000029057847
2.756875687568757,0.5000000037955198,0.4799999910907639,0.5200000028677669
2.7573757375737573,0.5000000037567742,0.4799999911209435,0.5200000028299527
2.757875787578758,0.5000000037182207,0.47999999115102077,0.5200000027923416
2.7583758375837584,0.5000000036798588,0.47999999118099623,0.5200000027549329
2.7588758875887587,0.5000000036416876,0.4799999912108701,0.5200000027177257
2.7593759375937594,0.5000000036037069,0.47999999124064285,0.5200000026807197
2.7598759875987597,0.5000000035659158,0.4799999912703147,0.520000002643914
2.7603760376037605,0.500000003528314,0.479999991299886,0.5200000026073078
2.760876087608761,0.5000000034909006,0.47999999132935717,0.5200000025709008
2.7613761376137615,0.5000000034536753,0.4799999913587285,0.5200000025346921
2.761876187618762,0.5000000034166374,0.47999999138800037,0.5200000024986811
2.7623762376237626,0.5000000033797865,0.47999999141717303,0.520000002462867
2.762876287628763,0.5000000033431217,0.4799999914462469,0.5200000024272493
2.7633763376337632,0.5000000033066426,0.47999999147522227,0.5200000023918273
2.763876387638764,0.5000000032703487,0.4799999915040995,0.5200000023566003
2.7643764376437643,0.5000000032342392,0.4799999915328789,0.5200000023215676
2.764876487648765,0.5000000031983137,0.4799999915615608,0.5200000022867286
2.7653765376537653,0.5000000031625718,0.4799999915901456,0.5200000022520826
2.765876587658766,0.5000000031270125,0.4799999916186335,0.5200000022176291
2.7663766376637664,0.5000000030916355,0.47999999164702495,0.5200000021833673
2.7668766876687667,0.5000000030564402,0.4799999916753202,0.5200000021492964
2.7673767376737675,0.500000003021426,0.4799999917035196,0.520000002115416
2.7678767876787678,0.5000000029865922,0.4799999917316235,0.5200000020817253
2.7683768376837685,0.5000000029519385,0.47999999175963215,0.5200000020482236
2.768876887688769,0.5000000029174642,0.479999991787546,0.5200000020149105
2.7693769376937696,0.5000000028831686,0.47999999181536523,0.5200000019817851
2.76987698769877,0.5000000028490512,0.4799999918430902,0.5200000019488468
2.77037703770377,0.5000000028151116,0.4799999918707213,0.5200000019160949
2.770877087708771,0.500000002781349,0.4799999918982588,0.5200000018835289
2.7713771377137713,0.500000002747763,0.47999999192570303,0.520000001851148
2.771877187718772,0.500000002714353,0.47999999195305426,0.5200000018189517
2.7723772377237723,0.5000000026811183,0.47999999198031285,0.5200000017869392
2.772877287728773,0.5000000026480584,0.4799999920074791,0.52000000175511
2.7733773377337734,0.5000000026151729,0.47999999203455335,0.5200000017234633
2.7738773877387737,0.500000002582461,0.4799999920615359,0.5200000016919986
2.7743774377437744,0.5000000025499223,0.479999992088427,0.5200000016607151
2.7748774877487747,0.500000002517556,0.47999999211522704,0.5200000016296122
2.7753775377537755,0.5000000024853619,0.4799999921419363,0.5200000015986894
2.775877587758776,0.5000000024533392,0.47999999216855505,0.520000001567946
2.7763776377637766,0.5000000024214873,0.4799999921950836,0.5200000015373812
2.776877687768777,0.5000000023898058,0.47999999222152234,0.5200000015069945
2.7773777377737776,0.500000002358294,0.47999999224787154,0.5200000014767854
2.777877787778778,0.5000000023269513,0.4799999922741314,0.520000001446753
2.7783778377837782,0.5000000022957773,0.47999999230030244,0.5200000014168967
2.778877887788779,0.5000000022647715,0.47999999232638474,0.520000001387216
2.7793779377937793,0.500000002233933,0.47999999235237867,0.5200000013577102
2.77987798779878,0.5000000022032616,0.4799999923782846,0.5200000013283786
2.7803780378037803,0.5000000021727565,0.47999999240410274,0.5200000012992207
2.780878087808781,0.5000000021424174,0.47999999242983343,0.5200000012702358
2.7813781378137814,0.5000000021122434,0.479999992455477,0.5200000012414232
2.7818781878187817,0.5000000020822343,0.47999999248103364,0.5200000012127824
2.7823782378237825,0.5000000020523891,0.4799999925065037,0.5200000011843128
2.7828782878287828,0.5000000020227078,0.4799999925318875,0.5200000011560135
2.7833783378337835,0.5000000019931894,0.47999999255718534,0.5200000011278842
2.783878387838784,0.5000000019638335,0.4799999925823975,0.5200000010999242
2.7843784378437846,0.5000000019346397,0.47999999260752424,0.5200000010721326
2.784878487848785,0.5000000019056072,0.4799999926325658,0.5200000010445092
2.785378537853785,0.5000000018767355,0.47999999265752263,0.520000001017053
2.785878587858786,0.5000000018480243,0.47999999268239485,0.5200000009897636
2.7863786378637863,0.5000000018194727,0.47999999270718285,0.5200000009626404
2.786878687868787,0.5000000017910803,0.47999999273188687,0.5200000009356827
2.7873787378737873,0.5000000017628466,0.47999999275650723,0.5200000009088898
2.787878787878788,0.5000000017347711,0.47999999278104416,0.5200000008822612
2.7883788378837884,0.500000001706853,0.479999992805498,0.5200000008557963
2.7888788878887887,0.5000000016790921,0.479999992829869,0.5200000008294945
2.7893789378937894,0.5000000016514875,0.4799999928541574,0.5200000008033551
2.7898789878987897,0.5000000016240389,0.4799999928783636,0.5200000007773774
2.7903790379037905,0.5000000015967457,0.47999999290248774,0.520000000751561
2.790879087908791,0.5000000015696074,0.4799999929265302,0.5200000007259052
2.7913791379137916,0.5000000015426234,0.47999999295049117,0.5200000007004095
2.791879187918792,0.500000001515793,0.479999992974371,0.5200000006750731
2.7923792379237926,0.500000001489116,0.4799999929981699,0.5200000006498955
2.792879287928793,0.5000000014625916,0.4799999930218882,0.5200000006248761
2.7933793379337932,0.5000000014362194,0.4799999930455262,0.5200000006000142
2.793879387938794,0.5000000014099988,0.47999999306908414,0.5200000005753094
2.7943794379437943,0.5000000013839292,0.47999999309256225,0.5200000005507608
2.794879487948795,0.5000000013580103,0.4799999931159608,0.5200000005263681
2.7953795379537953,0.5000000013322412,0.4799999931392801,0.5200000005021305
2.795879587958796,0.5000000013066217,0.47999999316252046,0.5200000004780475
2.7963796379637964,0.5000000012811511,0.47999999318568204,0.5200000004541185
2.7968796879687967,0.5000000012558289,0.4799999932087652,0.5200000004303429
2.7973797379737975,0.5000000012306545,0.4799999932317701,0.52000000040672
2.7978797879787978,0.5000000012056275,0.4799999932546971,0.5200000003832493
2.7983798379837985,0.5000000011807473,0.4799999932775465,0.5200000003599303
2.798879887988799,0.5000000011560133,0.47999999330031845,0.5200000003367622
2.7993799379937996,0.5000000011314252,0.47999999332301324,0.5200000003137446
2.7998799879988,0.5000000011069822,0.47999999334563115,0.5200000002908768
2.8003800380038,0.5000000010826839,0.4799999933681725,0.5200000002681583
2.800880088008801,0.5000000010585298,0.4799999933906374,0.5200000002455883
2.8013801380138013,0.5000000010345194,0.4799999934130263,0.5200000002231666
2.801880188018802,0.500000001010652,0.47999999343533933,0.5200000002008922
2.8023802380238023,0.5000000009869273,0.47999999345757677,0.5200000001787648
2.802880288028803,0.5000000009633446,0.4799999934797389,0.5200000001567837
2.8033803380338034,0.5000000009399035,0.4799999935018259,0.5200000001349484
2.8038803880388037,0.5000000009166035,0.4799999935238381,0.5200000001132582
2.8043804380438044,0.5000000008934439,0.47999999354577577,0.5200000000917127
2.8048804880488047,0.5000000008704243,0.4799999935676391,0.5200000000703111
2.8053805380538055,0.5000000008475441,0.47999999358942835,0.5200000000490529
2.805880588058806,0.500000000824803,0.4799999936111438,0.5200000000279377
2.8063806380638066,0.5000000008022003,0.4799999936327857,0.5200000000069647
2.806880688068807,0.5000000007797355,0.4799999936543543,0.5199999999861334
2.8073807380738076,0.5000000007574081,0.4799999936758499,0.5199999999654433
2.807880788078808,0.5000000007352177,0.4799999936972726,0.5199999999448938
2.8083808380838082,0.5000000007131636,0.47999999371862273,0.5199999999244843
2.808880888088809,0.5000000006912454,0.47999999373990054,0.5199999999042142
2.8093809380938093,0.5000000006694625,0.4799999937611063,0.519999999884083
2.80988098809881,0.5000000006478146,0.47999999378224023,0.5199999998640901
2.8103810381038103,0.5000000006263009,0.47999999380330255,0.519999999844235
2.810881088108811,0.5000000006049211,0.47999999382429354,0.5199999998245171
2.8113811381138114,0.5000000005836746,0.4799999938452134,0.5199999998049357
2.8118811881188117,0.5000000005625609,0.4799999938660624,0.5199999997854905
2.8123812381238125,0.5000000005415796,0.4799999938868408,0.5199999997661808
2.8128812881288128,0.50000000052073,0.47999999390754877,0.5199999997470061
2.8133813381338135,0.5000000005000118,0.47999999392818665,0.5199999997279656
2.813881388138814,0.5000000004794244,0.4799999939487546,0.5199999997090591
2.8143814381438146,0.5000000004589673,0.47999999396925286,0.5199999996902859
2.814881488148815,0.50000000043864,0.4799999939896817,0.5199999996716455
2.815381538153815,0.5000000004184421,0.4799999940100413,0.5199999996531371
2.815881588158816,0.5000000003983729,0.479999994030332,0.5199999996347604
2.8163816381638163,0.5000000003784321,0.4799999940505539,0.5199999996165149
2.816881688168817,0.500000000358619,0.4799999940707073,0.5199999995983999
2.8173817381738173,0.5000000003389333,0.47999999409079247,0.5199999995804149
2.817881788178818,0.5000000003193744,0.4799999941108096,0.5199999995625593
2.8183818381838184,0.500000000299942,0.47999999413075894,0.5199999995448327
2.8188818881888187,0.5000000002806352,0.47999999415064065,0.5199999995272344
2.8193819381938194,0.5000000002614539,0.479999994170455,0.5199999995097639
2.8198819881988197,0.5000000002423973,0.47999999419020234,0.5199999994924208
2.8203820382038205,0.5000000002234652,0.4799999942098827,0.5199999994752045
2.820882088208821,0.500000000204657,0.4799999942294964,0.5199999994581143
2.8213821382138216,0.5000000001859721,0.47999999424904366,0.5199999994411498
2.821882188218822,0.5000000001674102,0.47999999426852474,0.5199999994243104
2.8223822382238226,0.5000000001489707,0.47999999428793977,0.5199999994075958
2.822882288228823,0.5000000001306532,0.47999999430728907,0.5199999993910052
2.8233823382338232,0.500000000112457,0.47999999432657287,0.519999999374538
2.823882388238824,0.5000000000943818,0.47999999434579127,0.519999999358194
2.8243824382438243,0.5000000000764272,0.4799999943649446,0.5199999993419724
2.824882488248825,0.5000000000585926,0.47999999438403307,0.5199999993258728
2.8253825382538253,0.5000000000408774,0.47999999440305685,0.5199999993098947
2.825882588258826,0.5000000000232814,0.4799999944220162,0.5199999992940375
2.8263826382638264,0.5000000000058039,0.4799999944409113,0.5199999992783008
2.8268826882688267,0.4999999999884445,0.4799999944597424,0.5199999992626838
2.8273827382738275,0.49999999997120276,0.4799999944785097,0.5199999992471862
2.8278827882788278,0.4999999999540782,0.4799999944972135,0.5199999992318075
2.8283828382838285,0.4999999999370702,0.47999999451585385,0.5199999992165472
2.828882888288829,0.4999999999201785,0.4799999945344311,0.5199999992014045
2.8293829382938296,0.4999999999034025,0.47999999455294545,0.5199999991863793
2.82988298829883,0.49999999988674176,0.479999994571397,0.5199999991714708
2.83038303830383,0.49999999987019583,0.47999999458978615,0.5199999991566785
2.830883088308831,0.4999999998537642,0.47999999460811293,0.519999999142002
2.8313831383138313,0.4999999998374465,0.47999999462637766,0.5199999991274408
2.831883188318832,0.4999999998212421,0.47999999464458054,0.5199999991129942
2.8323832383238323,0.49999999980515064,0.47999999466272175,0.519999999098662
2.832883288328833,0.49999999978917165,0.47999999468080146,0.5199999990844435
2.8333833383338334,0.4999999997733047,0.47999999469882,0.5199999990703381
2.8338833883388337,0.4999999997575493,0.47999999471677746,0.5199999990563455
2.8343834383438344,0.4999999997419049,0.4799999947346741,0.5199999990424652
2.8348834883488347,0.49999999972637116,0.4799999947525101,0.5199999990286965
2.8353835383538355,0.4999999997109476,0.47999999477028565,0.5199999990150391
2.835883588358836,0.4999999996956337,0.47999999478800104,0.5199999990014924
2.8363836383638366,0.4999999996804291,0.4799999948056564,0.5199999989880559
2.836883688368837,0.4999999996653332,0.47999999482325195,0.5199999989747291
2.8373837383738376,0.4999999996503457,0.4799999948407879,0.5199999989615116
2.837883788378838,0.4999999996354661,0.47999999485826444,0.5199999989484029
2.8383838383838382,0.4999999996206939,0.4799999948756818,0.5199999989354023
2.838883888388839,0.49999999960602864,0.4799999948930402,0.5199999989225096
2.8393839383938393,0.49999999959146996,0.47999999491033973,0.519999998909724
2.83988398839884,0.49999999957701735,0.47999999492758066,0.5199999988970454
2.8403840384038403,0.4999999995626704,0.4799999949447632,0.519999998884473
2.840884088408841,0.49999999954842855,0.47999999496188755,0.5199999988720064
2.8413841384138414,0.4999999995342915,0.4799999949789539,0.5199999988596451
2.8418841884188417,0.4999999995202587,0.4799999949959624,0.5199999988473887
2.8423842384238425,0.4999999995063298,0.47999999501291335,0.5199999988352367
2.8428842884288428,0.49999999949250423,0.47999999502980684,0.5199999988231886
2.8433843384338435,0.4999999994787817,0.4799999950466431,0.5199999988112438
2.843884388438844,0.49999999946516166,0.4799999950634223,0.5199999987994021
2.8443844384438446,0.4999999994516437,0.4799999950801447,0.5199999987876627
2.844884488448845,0.49999999943822737,0.47999999509681046,0.5199999987760253
2.845384538453845,0.4999999994249123,0.47999999511341973,0.5199999987644894
2.845884588458846,0.4999999994116979,0.47999999512997277,0.5199999987530547
2.8463846384638463,0.4999999993985839,0.47999999514646974,0.5199999987417204
2.846884688468847,0.4999999993855698,0.4799999951629108,0.5199999987304863
2.8473847384738473,0.4999999993726552,0.47999999517929615,0.5199999987193518
2.847884788478848,0.4999999993598396,0.47999999519562603,0.5199999987083165
2.8483848384838484,0.4999999993471226,0.4799999952119006,0.5199999986973799
2.8488848884888487,0.4999999993345038,0.47999999522812004,0.5199999986865415
2.8493849384938494,0.4999999993219827,0.4799999952442845,0.5199999986758008
2.8498849884988497,0.49999999930955896,0.4799999952603942,0.5199999986651576
2.8503850385038505,0.49999999929723205,0.4799999952764494,0.5199999986546111
2.850885088508851,0.49999999928500166,0.4799999952924502,0.519999998644161
2.8513851385138516,0.4999999992728673,0.47999999530839677,0.519999998633807
2.851885188518852,0.49999999926082855,0.4799999953242893,0.5199999986235483
2.8523852385238526,0.499999999248885,0.479999995340128,0.5199999986133848
2.852885288528853,0.49999999923703625,0.4799999953559131,0.5199999986033157
2.8533853385338532,0.4999999992252818,0.47999999537164467,0.5199999985933408
2.853885388538854,0.4999999992136213,0.47999999538732296,0.5199999985834596
2.8543854385438543,0.49999999920205435,0.4799999954029482,0.5199999985736715
2.854885488548855,0.49999999919058047,0.47999999541852045,0.5199999985639763
2.8553855385538554,0.49999999917919924,0.4799999954340399,0.5199999985543734
2.855885588558856,0.4999999991679103,0.4799999954495069,0.5199999985448623
2.8563856385638564,0.4999999991567133,0.47999999546492145,0.5199999985354428
2.8568856885688567,0.4999999991456076,0.47999999548028377,0.5199999985261141
2.8573857385738575,0.49999999913459303,0.4799999954955941,0.5199999985168762
2.8578857885788578,0.49999999912366905,0.4799999955108525,0.5199999985077282
2.8583858385838585,0.49999999911283527,0.47999999552605926,0.51999999849867
2.858885888588859,0.4999999991020913,0.4799999955412145,0.5199999984897009
2.8593859385938596,0.4999999990914367,0.4799999955563184,0.5199999984808207
2.85988598859886,0.49999999908087117,0.47999999557137113,0.5199999984720288
2.86038603860386,0.49999999907039416,0.47999999558637285,0.5199999984633249
2.860886088608861,0.4999999990600053,0.4799999956013238,0.5199999984547085
2.8613861386138613,0.49999999904970427,0.47999999561622403,0.5199999984461792
2.861886188618862,0.4999999990394906,0.4799999956310739,0.5199999984377364
2.8623862386238623,0.49999999902936393,0.47999999564587337,0.5199999984293799
2.862886288628863,0.4999999990193238,0.47999999566062274,0.5199999984211091
2.8633863386338634,0.49999999900936987,0.47999999567532214,0.5199999984129238
2.8638863886388637,0.4999999989995017,0.47999999568997176,0.5199999984048234
2.8643864386438644,0.4999999989897189,0.47999999570457175,0.5199999983968073
2.8648864886488647,0.4999999989800211,0.4799999957191223,0.5199999983888756
2.8653865386538655,0.4999999989704079,0.4799999957336235,0.5199999983810273
2.865886588658866,0.4999999989608789,0.4799999957480756,0.5199999983732624
2.8663866386638666,0.4999999989514337,0.4799999957624788,0.5199999983655802
2.866886688668867,0.4999999989420719,0.47999999577683317,0.5199999983579805
2.8673867386738676,0.4999999989327932,0.47999999579113894,0.5199999983504627
2.867886788678868,0.4999999989235971,0.4799999958053962,0.5199999983430267
2.8683868386838682,0.4999999989144832,0.47999999581960523,0.5199999983356717
2.868886888688869,0.4999999989054512,0.47999999583376607,0.5199999983283974
2.8693869386938693,0.4999999988965007,0.47999999584787895,0.5199999983212035
2.86988698869887,0.4999999988876313,0.47999999586194403,0.5199999983140896
2.8703870387038704,0.4999999988788426,0.4799999958759615,0.5199999983070551
2.870887088708871,0.4999999988701342,0.4799999958899315,0.5199999983000998
2.8713871387138714,0.49999999886150576,0.47999999590385406,0.5199999982932232
2.8718871887188717,0.49999999885295693,0.47999999591772957,0.519999998286425
2.8723872387238725,0.49999999884448726,0.479999995931558,0.5199999982797046
2.872887288728873,0.4999999988360964,0.47999999594533965,0.5199999982730616
2.8733873387338735,0.49999999882778395,0.4799999959590746,0.5199999982664959
2.873887388738874,0.4999999988195496,0.479999995972763,0.5199999982600068
2.8743874387438746,0.49999999881139295,0.4799999959864051,0.519999998253594
2.874887488748875,0.4999999988033136,0.4799999960000009,0.5199999982472572
2.875387538753875,0.49999999879531115,0.4799999960135507,0.5199999982409957
2.875887588758876,0.49999999878738527,0.47999999602705457,0.5199999982348096
2.8763876387638763,0.49999999877953566,0.4799999960405127,0.519999998228698
2.876887688768877,0.4999999987717618,0.47999999605392524,0.5199999982226609
2.8773877387738773,0.4999999987640634,0.4799999960672924,0.5199999982166976
2.877887788778878,0.4999999987564402,0.4799999960806142,0.519999998210808
2.8783878387838784,0.4999999987488916,0.4799999960938909,0.5199999982049915
2.8788878887888787,0.49999999874141743,0.47999999610712263,0.5199999981992478
2.8793879387938794,0.49999999873401724,0.4799999961203096,0.5199999981935765
2.8798879887988797,0.4999999987266907,0.4799999961334518,0.5199999981879772
2.8803880388038805,0.49999999871943746,0.47999999614654953,0.5199999981824495
2.880888088808881,0.4999999987122571,0.47999999615960287,0.519999998176993
2.8813881388138816,0.4999999987051493,0.479999996172612,0.5199999981716075
2.881888188818882,0.4999999986981137,0.4799999961855771,0.5199999981662924
2.8823882388238826,0.4999999986911499,0.47999999619849826,0.5199999981610475
2.882888288828883,0.49999999868425765,0.4799999962113756,0.5199999981558723
2.8833883388338832,0.4999999986774365,0.47999999622420936,0.5199999981507664
2.883888388838884,0.4999999986706861,0.4799999962369997,0.5199999981457295
2.8843884388438843,0.49999999866400613,0.47999999624974665,0.5199999981407613
2.884888488848885,0.49999999865739625,0.4799999962624504,0.5199999981358612
2.8853885388538854,0.4999999986508561,0.47999999627511114,0.519999998131029
2.885888588858886,0.4999999986443853,0.479999996287729,0.5199999981262644
2.8863886388638864,0.4999999986379835,0.47999999630030415,0.5199999981215669
2.8868886888688867,0.4999999986316504,0.47999999631283663,0.5199999981169362
2.8873887388738875,0.49999999862538563,0.47999999632532675,0.5199999981123719
2.887888788878888,0.49999999861918887,0.47999999633777446,0.5199999981078736
2.8883888388838885,0.4999999986130597,0.4799999963501801,0.5199999981034409
2.888888888888889,0.49999999860699784,0.47999999636254365,0.5199999980990736
2.8893889388938896,0.4999999986010029,0.47999999637486535,0.5199999980947713
2.88988898889889,0.49999999859507466,0.4799999963871453,0.5199999980905334
2.89038903890389,0.4999999985892126,0.4799999963993836,0.5199999980863599
2.890889088908891,0.49999999858341654,0.47999999641158053,0.5199999980822503
2.8913891389138913,0.499999998577686,0.4799999964237361,0.5199999980782042
2.891889188918892,0.49999999857202077,0.4799999964358505,0.5199999980742211
2.8923892389238923,0.4999999985664204,0.47999999644792385,0.5199999980703011
2.892889288928893,0.4999999985608847,0.47999999645995634,0.5199999980664434
2.8933893389338934,0.4999999985554132,0.479999996471948,0.5199999980626479
2.8938893889388937,0.49999999855000565,0.4799999964838991,0.5199999980589141
2.8943894389438944,0.49999999854466165,0.4799999964958097,0.5199999980552417
2.8948894889488948,0.49999999853938093,0.47999999650768,0.5199999980516303
2.8953895389538955,0.49999999853416316,0.47999999651951003,0.5199999980480798
2.895889588958896,0.49999999852900795,0.4799999965313,0.5199999980445896
2.8963896389638966,0.499999998523915,0.47999999654305003,0.5199999980411595
2.896889688968897,0.49999999851888405,0.4799999965547603,0.519999998037789
2.8973897389738976,0.49999999851391475,0.47999999656643083,0.5199999980344778
2.897889788978898,0.49999999850900667,0.47999999657806186,0.5199999980312258
2.8983898389838982,0.4999999985041596,0.4799999965896535,0.5199999980280323
2.898889888988899,0.49999999849937315,0.47999999660120585,0.5199999980248973
2.8993899389938993,0.49999999849464705,0.4799999966127191,0.5199999980218202
2.8998899889989,0.49999999848998095,0.4799999966241933,0.5199999980188008
2.9003900390039004,0.4999999984853746,0.4799999966356287,0.5199999980158386
2.900890089008901,0.49999999848082755,0.4799999966470253,0.5199999980129336
2.9013901390139014,0.4999999984763396,0.47999999665838333,0.5199999980100852
2.9018901890189017,0.49999999847191035,0.4799999966697029,0.5199999980072931
2.9023902390239025,0.49999999846753956,0.4799999966809841,0.5199999980045571
2.902890289028903,0.49999999846322685,0.47999999669222704,0.5199999980018767
2.9033903390339035,0.499999998458972,0.47999999670343196,0.5199999979992517
2.903890389038904,0.4999999984547746,0.4799999967145989,0.5199999979966816
2.9043904390439046,0.49999999845063436,0.479999996725728,0.5199999979941663
2.904890489048905,0.499999998446551,0.4799999967368194,0.5199999979917054
2.905390539053905,0.49999999844252424,0.4799999967478733,0.5199999979892986
2.905890589058906,0.4999999984385537,0.4799999967588897,0.5199999979869455
2.9063906390639063,0.4999999984346391,0.47999999676986876,0.5199999979846458
2.906890689068907,0.49999999843078013,0.4799999967808107,0.5199999979823992
2.9073907390739073,0.4999999984269765,0.4799999967917155,0.5199999979802054
2.907890789078908,0.49999999842322795,0.47999999680258343,0.5199999979780641
2.9083908390839084,0.4999999984195341,0.4799999968134145,0.5199999979759748
2.9088908890889087,0.49999999841589465,0.47999999682420885,0.5199999979739376
2.9093909390939094,0.49999999841230935,0.4799999968349667,0.5199999979719517
2.9098909890989098,0.4999999984087779,0.47999999684568806,0.5199999979700172
2.9103910391039105,0.49999999840529996,0.4799999968563731,0.5199999979681335
2.910891089108911,0.49999999840187526,0.479999996867022,0.5199999979663004
2.9113911391139116,0.49999999839850345,0.4799999968776348,0.5199999979645175
2.911891189118912,0.49999999839518433,0.47999999688821166,0.5199999979627847
2.9123912391239126,0.49999999839191756,0.47999999689875267,0.5199999979611015
2.912891289128913,0.49999999838870285,0.47999999690925793,0.5199999979594677
2.9133913391339132,0.4999999983855399,0.47999999691972767,0.519999997957883
2.913891389138914,0.49999999838242837,0.47999999693016193,0.5199999979563471
2.9143914391439143,0.49999999837936804,0.47999999694056084,0.5199999979548595
2.914891489148915,0.49999999837635867,0.47999999695092455,0.5199999979534202
2.9153915391539154,0.4999999983733998,0.4799999969612531,0.5199999979520288
2.915891589158916,0.49999999837049136,0.4799999969715467,0.5199999979506849
2.9163916391639164,0.49999999836763287,0.4799999969818054,0.5199999979493882
2.9168916891689167,0.49999999836482417,0.4799999969920294,0.5199999979481386
2.9173917391739175,0.4999999983620649,0.47999999700221874,0.5199999979469356
2.917891789178918,0.4999999983593548,0.47999999701237356,0.519999997945779
2.9183918391839185,0.4999999983566936,0.47999999702249396,0.5199999979446686
2.918891889188919,0.49999999835408104,0.4799999970325801,0.5199999979436039
2.9193919391939196,0.4999999983515168,0.4799999970426321,0.5199999979425847
2.91989198919892,0.4999999983490006,0.47999999705265,0.5199999979416108
2.92039203920392,0.49999999834653225,0.479999997062634,0.5199999979406817
2.920892089208921,0.49999999834411135,0.4799999970725842,0.5199999979397973
2.9213921392139213,0.49999999834173764,0.47999999708250063,0.5199999979389573
2.921892189218922,0.49999999833941094,0.4799999970923835,0.5199999979381614
2.9223922392239223,0.4999999983371309,0.4799999971022329,0.5199999979374094
2.922892289228923,0.4999999983348972,0.47999999711204894,0.5199999979367007
2.9233923392339234,0.4999999983327097,0.4799999971218317,0.5199999979360354
2.9238923892389237,0.499999998330568,0.47999999713158137,0.519999997935413
2.9243924392439244,0.499999998328472,0.479999997141298,0.5199999979348332
2.9248924892489248,0.49999999832642117,0.4799999971509817,0.5199999979342959
2.9253925392539255,0.4999999983244155,0.4799999971606326,0.5199999979338006
2.925892589258926,0.49999999832245456,0.47999999717025077,0.5199999979333473
2.9263926392639266,0.49999999832053815,0.4799999971798364,0.5199999979329354
2.926892689268927,0.499999998318666,0.47999999718938957,0.5199999979325649
2.9273927392739276,0.49999999831683783,0.47999999719891034,0.5199999979322354
2.927892789278928,0.4999999983150534,0.47999999720839887,0.5199999979319466
2.9283928392839282,0.4999999983133124,0.47999999721785525,0.5199999979316984
2.928892889288929,0.4999999983116146,0.47999999722727965,0.5199999979314903
2.9293929392939293,0.4999999983099598,0.4799999972366721,0.5199999979313222
2.92989298929893,0.49999999830834757,0.4799999972460327,0.5199999979311939
2.9303930393039304,0.4999999983067778,0.47999999725536163,0.5199999979311049
2.930893089308931,0.49999999830525027,0.4799999972646589,0.519999997931055
2.9313931393139314,0.49999999830376457,0.47999999727392473,0.519999997931044
2.9318931893189317,0.49999999830232056,0.4799999972831592,0.5199999979310717
2.9323932393239325,0.49999999830091796,0.4799999972923623,0.5199999979311377
2.932893289328933,0.49999999829955644,0.4799999973015343,0.5199999979312417
2.9333933393339335,0.4999999982982358,0.4799999973106752,0.5199999979313837
2.933893389338934,0.4999999982969559,0.47999999731978515,0.5199999979315633
2.9343934393439346,0.4999999982957163,0.4799999973288642,0.5199999979317801
2.934893489348935,0.49999999829451686,0.4799999973379126,0.519999997932034
2.935393539353935,0.49999999829335734,0.4799999973469303,0.5199999979323247
2.935893589358936,0.4999999982922374,0.47999999735591736,0.519999997932652
2.9363936393639363,0.4999999982911569,0.4799999973648741,0.5199999979330155
2.936893689368937,0.4999999982901155,0.4799999973738004,0.5199999979334152
2.9373937393739373,0.499999998289113,0.47999999738269655,0.5199999979338507
2.937893789378938,0.4999999982881492,0.4799999973915625,0.5199999979343216
2.9383938393839384,0.4999999982872238,0.47999999740039845,0.5199999979348279
2.9388938893889387,0.49999999828633657,0.47999999740920446,0.5199999979353692
2.9393939393939394,0.49999999828548725,0.4799999974179806,0.5199999979359453
2.9398939893989398,0.4999999982846756,0.4799999974267271,0.519999997936556
2.9403940394039405,0.49999999828390146,0.4799999974354439,0.5199999979372011
2.940894089408941,0.4999999982831645,0.4799999974441312,0.5199999979378801
2.9413941394139416,0.4999999982824645,0.4799999974527891,0.519999997938593
2.941894189418942,0.4999999982818012,0.47999999746141764,0.5199999979393395
2.9423942394239426,0.4999999982811744,0.4799999974700169,0.5199999979401193
2.942894289428943,0.49999999828058395,0.4799999974785871,0.5199999979409323
2.9433943394339432,0.49999999828002945,0.47999999748712824,0.5199999979417781
2.943894389438944,0.49999999827951075,0.4799999974956405,0.5199999979426565
2.9443944394439443,0.49999999827902764,0.47999999750412387,0.5199999979435673
2.944894489448945,0.4999999982785799,0.4799999975125785,0.5199999979445102
2.9453945394539454,0.49999999827816716,0.47999999752100453,0.5199999979454851
2.945894589458946,0.49999999827778935,0.479999997529402,0.5199999979464918
2.9463946394639464,0.4999999982774462,0.479999997537771,0.5199999979475297
2.9468946894689467,0.4999999982771374,0.47999999754611167,0.519999997948599
2.9473947394739475,0.49999999827686287,0.4799999975544241,0.5199999979496992
2.947894789478948,0.4999999982766222,0.47999999756270834,0.5199999979508302
2.9483948394839485,0.49999999827641534,0.4799999975709645,0.5199999979519917
2.948894889488949,0.499999998276242,0.47999999757919276,0.5199999979531835
2.9493949394939496,0.4999999982761019,0.4799999975873931,0.5199999979544054
2.94989498949895,0.4999999982759949,0.47999999759556566,0.5199999979556571
2.95039503950395,0.49999999827592073,0.4799999976037106,0.5199999979569385
2.950895089508951,0.49999999827587915,0.4799999976118279,0.5199999979582492
2.9513951395139513,0.49999999827587,0.4799999976199177,0.5199999979595892
2.951895189518952,0.49999999827589303,0.47999999762798007,0.5199999979609581
2.9523952395239523,0.49999999827594804,0.47999999763601514,0.5199999979623556
2.952895289528953,0.4999999982760348,0.479999997644023,0.5199999979637818
2.9533953395339534,0.4999999982761531,0.4799999976520038,0.5199999979652362
2.9538953895389537,0.4999999982763027,0.4799999976599575,0.5199999979667187
2.9543954395439544,0.4999999982764834,0.47999999766788426,0.519999997968229
2.9548954895489548,0.499999998276695,0.47999999767578416,0.519999997969767
2.9553955395539555,0.49999999827693725,0.4799999976836573,0.5199999979713323
2.955895589558956,0.49999999827721,0.4799999976915038,0.519999997972925
2.9563956395639566,0.49999999827751296,0.4799999976993237,0.5199999979745447
2.956895689568957,0.49999999827784597,0.47999999770711715,0.519999997976191
2.9573957395739576,0.49999999827820885,0.47999999771488416,0.5199999979778639
2.957895789578958,0.4999999982786013,0.47999999772262486,0.5199999979795633
2.9583958395839582,0.49999999827902325,0.47999999773033936,0.5199999979812887
2.958895889588959,0.49999999827947433,0.4799999977380277,0.5199999979830401
2.9593959395939593,0.49999999827995445,0.47999999774569,0.5199999979848172
2.95989598959896,0.4999999982804634,0.47999999775332636,0.5199999979866199
2.9603960396039604,0.4999999982810009,0.4799999977609368,0.5199999979884479
2.960896089608961,0.49999999828156677,0.47999999776852154,0.519999997990301
2.9613961396139614,0.49999999828216085,0.47999999777608054,0.519999997992179
2.9618961896189617,0.4999999982827829,0.47999999778361396,0.5199999979940817
2.9623962396239625,0.4999999982834328,0.47999999779112185,0.5199999979960089
2.962896289628963,0.49999999828411024,0.4799999977986043,0.5199999979979605
2.9633963396339635,0.49999999828481506,0.47999999780606145,0.519999997999936
2.963896389638964,0.4999999982855471,0.4799999978134933,0.5199999980019356
2.9643964396439646,0.4999999982863061,0.47999999782089997,0.5199999980039588
2.964896489648965,0.4999999982870919,0.4799999978282815,0.5199999980060055
2.965396539653965,0.4999999982879043,0.4799999978356381,0.5199999980080755
2.965896589658966,0.4999999982887431,0.47999999784296976,0.5199999980101687
2.9663966396639663,0.4999999982896081,0.4799999978502766,0.5199999980122848
2.966896689668967,0.4999999982904992,0.47999999785755865,0.5199999980144235
2.9673967396739673,0.499999998291416,0.47999999786481606,0.5199999980165848
2.967896789678968,0.49999999829235847,0.4799999978720489,0.5199999980187685
2.9683968396839684,0.4999999982933264,0.47999999787925723,0.5199999980209743
2.9688968896889687,0.4999999982943196,0.4799999978864411,0.519999998023202
2.9693969396939695,0.4999999982953378,0.4799999978936007,0.5199999980254515
2.9698969896989698,0.4999999982963809,0.479999997900736,0.5199999980277226
2.9703970397039705,0.49999999829744873,0.47999999790784714,0.5199999980300151
2.970897089708971,0.499999998298541,0.4799999979149342,0.5199999980323287
2.9713971397139716,0.49999999829965763,0.47999999792199727,0.5199999980346633
2.971897189718972,0.4999999983007984,0.47999999792903636,0.5199999980370188
2.9723972397239726,0.49999999830196307,0.47999999793605164,0.519999998039395
2.972897289728973,0.4999999983031515,0.47999999794304316,0.5199999980417915
2.9733973397339732,0.4999999983043635,0.47999999795001097,0.5199999980442084
2.973897389738974,0.4999999983055989,0.4799999979569552,0.5199999980466454
2.9743974397439743,0.4999999983068575,0.47999999796387594,0.5199999980491022
2.974897489748975,0.4999999983081392,0.4799999979707732,0.5199999980515788
2.9753975397539754,0.49999999830944364,0.4799999979776471,0.519999998054075
2.975897589758976,0.49999999831077085,0.47999999798449766,0.5199999980565905
2.9763976397639764,0.4999999983121205,0.4799999979913251,0.5199999980591252
2.9768976897689767,0.4999999983134925,0.47999999799812937,0.519999998061679
2.9773977397739775,0.4999999983148866,0.4799999980049106,0.5199999980642516
2.977897789778978,0.4999999983163027,0.47999999801166887,0.5199999980668427
2.9783978397839785,0.4999999983177406,0.4799999980184042,0.5199999980694525
2.978897889788979,0.4999999983192001,0.4799999980251168,0.5199999980720805
2.9793979397939796,0.49999999832068104,0.4799999980318066,0.5199999980747267
2.97989798979898,0.4999999983221833,0.4799999980384737,0.5199999980773908
2.98039803980398,0.4999999983237066,0.4799999980451183,0.5199999980800728
2.980898089808981,0.4999999983252508,0.4799999980517404,0.5199999980827724
2.9813981398139813,0.49999999832681585,0.47999999805834,0.5199999980854895
2.981898189818982,0.4999999983284014,0.4799999980649172,0.5199999980882238
2.9823982398239823,0.49999999833000747,0.47999999807147226,0.5199999980909753
2.982898289828983,0.4999999983316337,0.47999999807800503,0.5199999980937438
2.9833983398339834,0.49999999833328007,0.47999999808451566,0.519999998096529
2.9838983898389837,0.4999999983349463,0.47999999809100424,0.5199999980993308
2.9843984398439845,0.49999999833663233,0.4799999980974709,0.5199999981021491
2.9848984898489848,0.4999999983383379,0.4799999981039156,0.5199999981049837
2.9853985398539855,0.499999998340063,0.4799999981103385,0.5199999981078345
2.985898589858986,0.49999999834180725,0.4799999981167396,0.5199999981107012
2.9863986398639866,0.4999999983435706,0.47999999812311905,0.5199999981135837
2.986898689868987,0.49999999834535297,0.4799999981294769,0.5199999981164818
2.9873987398739876,0.49999999834715403,0.4799999981358132,0.5199999981193955
2.987898789878988,0.49999999834897374,0.479999998142128,0.5199999981223244
2.9883988398839882,0.4999999983508119,0.4799999981484215,0.5199999981252686
2.988898889888989,0.49999999835266834,0.4799999981546936,0.5199999981282278
2.9893989398939893,0.4999999983545429,0.47999999816094446,0.5199999981312019
2.98989898989899,0.4999999983564355,0.47999999816717415,0.5199999981341906
2.9903990399039904,0.49999999835834585,0.47999999817338274,0.5199999981371939
2.990899089908991,0.4999999983602739,0.47999999817957034,0.5199999981402116
2.9913991399139914,0.4999999983622195,0.4799999981857369,0.5199999981432435
2.9918991899189917,0.49999999836418235,0.47999999819188266,0.5199999981462895
2.9923992399239925,0.4999999983661625,0.47999999819800754,0.5199999981493495
2.992899289928993,0.4999999983681596,0.4799999982041117,0.5199999981524231
2.9933993399339935,0.49999999837017367,0.4799999982101952,0.5199999981555106
2.993899389938994,0.4999999983722045,0.47999999821625805,0.5199999981586114
2.9943994399439946,0.49999999837425185,0.4799999982223004,0.5199999981617256
2.994899489948995,0.4999999983763157,0.47999999822832223,0.5199999981648529
2.995399539953995,0.4999999983783958,0.4799999982343237,0.5199999981679934
2.995899589958996,0.4999999983804921,0.4799999982403048,0.5199999981711466
2.9963996399639963,0.49999999838260434,0.4799999982462657,0.5199999981743126
2.996899689968997,0.49999999838473247,0.4799999982522064,0.5199999981774913
2.9973997399739973,0.49999999838687625,0.47999999825812695,0.5199999981806824
2.997899789978998,0.49999999838903564,0.47999999826402745,0.5199999981838858
2.9983998399839984,0.4999999983912104,0.47999999826990797,0.5199999981871014
2.9988998899889987,0.4999999983934004,0.47999999827576856,0.519999998190329
2.9993999399939995,0.4999999983956056,0.4799999982816093,0.5199999981935685
2.9998999899989998,0.4999999983978257,0.47999999828743023,0.5199999981968197
3.000400040004,0.4999999984000607,0.4799999982932315,0.5199999982000826
3.000900090009001,0.49999999840231035,0.4799999982990131,0.5199999982033569
3.0014001400140016,0.49999999840457454,0.4799999983047751,0.5199999982066426
3.0019001900190023,0.49999999840685316,0.47999999831051754,0.5199999982099394
3.002400240024002,0.4999999984091461,0.4799999983162406,0.5199999982132473
3.002900290029003,0.4999999984114531,0.47999999832194423,0.5199999982165661
3.0034003400340037,0.4999999984137741,0.4799999983276286,0.5199999982198956
3.0039003900390036,0.499999998416109,0.4799999983332936,0.5199999982232358
3.0044004400440043,0.4999999984184576,0.4799999983389395,0.5199999982265866
3.004900490049005,0.49999999842081977,0.47999999834456625,0.5199999982299477
3.005400540054006,0.49999999842319537,0.47999999835017393,0.519999998233319
3.0059005900590057,0.4999999984255843,0.4799999983557626,0.5199999982367005
3.0064006400640064,0.49999999842798637,0.4799999983613324,0.5199999982400919
3.006900690069007,0.49999999843040155,0.4799999983668833,0.5199999982434933
3.007400740074007,0.49999999843282955,0.4799999983724154,0.5199999982469042
3.007900790079008,0.4999999984352704,0.4799999983779288,0.519999998250325
3.0084008400840085,0.49999999843772386,0.47999999838342344,0.519999998253755
3.0089008900890093,0.49999999844018983,0.4799999983888995,0.5199999982571945
3.009400940094009,0.49999999844266824,0.47999999839435703,0.519999998260643
3.00990099009901,0.49999999844515886,0.47999999839979607,0.5199999982641007
3.0104010401040107,0.4999999984476616,0.4799999984052167,0.5199999982675674
3.0109010901090105,0.4999999984501763,0.4799999984106189,0.5199999982710428
3.0114011401140113,0.49999999845270293,0.4799999984160028,0.519999998274527
3.011901190119012,0.49999999845524123,0.47999999842136853,0.5199999982780198
3.012401240124013,0.4999999984577912,0.4799999984267161,0.5199999982815211
3.0129012901290126,0.49999999846035265,0.4799999984320455,0.5199999982850306
3.0134013401340134,0.4999999984629254,0.47999999843735686,0.5199999982885485
3.013901390139014,0.49999999846550947,0.47999999844265023,0.5199999982920743
3.014401440144014,0.4999999984681046,0.4799999984479257,0.5199999982956082
3.0149014901490148,0.49999999847071075,0.4799999984531832,0.5199999982991499
3.0154015401540155,0.49999999847332777,0.479999998458423,0.5199999983026993
3.0159015901590163,0.4999999984759555,0.479999998463645,0.5199999983062564
3.016401640164016,0.4999999984785939,0.47999999846884933,0.5199999983098209
3.016901690169017,0.49999999848124277,0.479999998474036,0.5199999983133928
3.0174017401740176,0.499999998483902,0.4799999984792051,0.5199999983169721
3.0179017901790175,0.4999999984865715,0.4799999984843567,0.5199999983205584
3.0184018401840182,0.49999999848925114,0.4799999984894909,0.5199999983241518
3.018901890189019,0.4999999984919408,0.47999999849460767,0.5199999983277521
3.0194019401940198,0.4999999984946404,0.4799999984997071,0.5199999983313592
3.0199019901990196,0.4999999984973498,0.47999999850478925,0.519999998334973
3.0204020402040204,0.4999999985000688,0.4799999985098542,0.5199999983385933
3.020902090209021,0.4999999985027974,0.479999998514902,0.5199999983422202
3.021402140214021,0.49999999850553545,0.4799999985199327,0.5199999983458534
3.0219021902190217,0.4999999985082828,0.47999999852494635,0.5199999983494928
3.0224022402240225,0.4999999985110394,0.479999998529943,0.5199999983531385
3.0229022902290232,0.499999998513805,0.47999999853492276,0.5199999983567901
3.023402340234023,0.49999999851657967,0.4799999985398856,0.5199999983604476
3.023902390239024,0.4999999985193632,0.47999999854483166,0.5199999983641109
3.0244024402440246,0.4999999985221555,0.47999999854976094,0.51999999836778
3.0249024902490254,0.4999999985249564,0.47999999855467357,0.5199999983714546
3.025402540254025,0.4999999985277659,0.47999999855956954,0.5199999983751347
3.025902590259026,0.49999999853058374,0.4799999985644489,0.5199999983788202
3.0264026402640267,0.49999999853341,0.47999999856931175,0.519999998382511
3.0269026902690266,0.4999999985362444,0.47999999857415815,0.5199999983862069
3.0274027402740273,0.4999999985390869,0.4799999985789881,0.519999998389908
3.027902790279028,0.49999999854193744,0.4799999985838017,0.519999998393614
3.028402840284029,0.4999999985447958,0.479999998588599,0.5199999983973248
3.0289028902890287,0.499999998547662,0.47999999859338005,0.5199999984010404
3.0294029402940295,0.49999999855053584,0.4799999985981449,0.5199999984047606
3.02990299029903,0.49999999855341726,0.4799999986028936,0.5199999984084855
3.03040304030403,0.49999999855630617,0.4799999986076262,0.5199999984122148
3.030903090309031,0.4999999985592024,0.4799999986123428,0.5199999984159485
3.0314031403140316,0.49999999856210586,0.47999999861704346,0.5199999984196864
3.0319031903190323,0.49999999856501653,0.47999999862172815,0.5199999984234285
3.032403240324032,0.49999999856793426,0.479999998626397,0.5199999984271746
3.032903290329033,0.49999999857085886,0.47999999863105,0.5199999984309247
3.0334033403340337,0.49999999857379035,0.4799999986356872,0.5199999984346786
3.0339033903390336,0.4999999985767286,0.47999999864030873,0.5199999984384364
3.0344034403440343,0.4999999985796735,0.4799999986449146,0.5199999984421978
3.034903490349035,0.4999999985826249,0.4799999986495049,0.5199999984459628
3.035403540354036,0.49999999858558275,0.4799999986540796,0.5199999984497313
3.0359035903590357,0.499999998588547,0.47999999865863885,0.5199999984535032
3.0364036403640364,0.49999999859151745,0.47999999866318266,0.5199999984572784
3.036903690369037,0.49999999859449407,0.47999999866771104,0.5199999984610567
3.037403740374037,0.49999999859747674,0.4799999986722241,0.5199999984648382
3.037903790379038,0.49999999860046535,0.4799999986767219,0.5199999984686228
3.0384038403840385,0.49999999860345984,0.4799999986812044,0.5199999984724103
3.0389038903890393,0.4999999986064601,0.4799999986856718,0.5199999984762006
3.039403940394039,0.499999998609466,0.479999998690124,0.5199999984799937
3.03990399039904,0.4999999986124775,0.4799999986945611,0.5199999984837894
3.0404040404040407,0.4999999986154945,0.4799999986989832,0.5199999984875877
3.0409040904090405,0.49999999861851685,0.47999999870339033,0.5199999984913886
3.0414041404140413,0.49999999862154454,0.47999999870778254,0.5199999984951917
3.041904190419042,0.4999999986245774,0.4799999987121598,0.5199999984989973
3.042404240424043,0.4999999986276154,0.4799999987165223,0.519999998502805
3.0429042904290426,0.4999999986306584,0.47999999872087007,0.5199999985066149
3.0434043404340434,0.4999999986337063,0.47999999872520305,0.5199999985104269
3.043904390439044,0.4999999986367591,0.4799999987295213,0.5199999985142407
3.044404440444044,0.49999999863981665,0.47999999873382504,0.5199999985180566
3.0449044904490448,0.4999999986428788,0.4799999987381141,0.5199999985218742
3.0454045404540455,0.4999999986459456,0.4799999987423887,0.5199999985256935
3.0459045904590463,0.49999999864901684,0.4799999987466488,0.5199999985295144
3.046404640464046,0.4999999986520925,0.47999999875089444,0.5199999985333369
3.046904690469047,0.4999999986551725,0.4799999987551257,0.519999998537161
3.0474047404740476,0.4999999986582566,0.4799999987593426,0.5199999985409862
3.0479047904790475,0.499999998661345,0.4799999987635453,0.5199999985448129
3.0484048404840483,0.49999999866443734,0.47999999876773375,0.5199999985486409
3.048904890489049,0.4999999986675337,0.47999999877190797,0.5199999985524699
3.0494049404940498,0.4999999986706339,0.4799999987760681,0.5199999985563001
3.0499049904990496,0.4999999986737379,0.47999999878021404,0.5199999985601311
3.0504050405040504,0.4999999986768457,0.479999998784346,0.5199999985639632
3.050905090509051,0.49999999867995704,0.479999998788464,0.5199999985677961
3.051405140514051,0.499999998683072,0.479999998792568,0.5199999985716297
3.0519051905190517,0.49999999868619033,0.4799999987966581,0.5199999985754641
3.0524052405240525,0.4999999986893121,0.47999999880073435,0.519999998579299
3.0529052905290532,0.4999999986924372,0.4799999988047968,0.5199999985831344
3.053405340534053,0.4999999986955655,0.47999999880884553,0.5199999985869703
3.053905390539054,0.499999998698697,0.47999999881288047,0.5199999985908066
3.0544054405440546,0.4999999987018315,0.4799999988169018,0.5199999985946433
3.0549054905490554,0.499999998704969,0.4799999988209095,0.5199999985984801
3.055405540554055,0.4999999987081094,0.4799999988249036,0.519999998602317
3.055905590559056,0.49999999871125267,0.47999999882888417,0.5199999986061542
3.0564056405640567,0.49999999871439865,0.4799999988328512,0.5199999986099912
3.0569056905690566,0.4999999987175473,0.4799999988368049,0.5199999986138283
3.0574057405740573,0.49999999872069856,0.4799999988407452,0.5199999986176652
3.057905790579058,0.49999999872385237,0.47999999884467204,0.519999998621502
3.058405840584059,0.49999999872700857,0.4799999988485857,0.5199999986253384
3.0589058905890587,0.4999999987301672,0.479999998852486,0.5199999986291746
3.0594059405940595,0.49999999873332807,0.4799999988563732,0.5199999986330103
3.05990599059906,0.4999999987364912,0.47999999886024713,0.5199999986368455
3.06040604060406,0.49999999873965645,0.479999998864108,0.5199999986406802
3.060906090609061,0.4999999987428238,0.47999999886795575,0.5199999986445143
3.0614061406140616,0.4999999987459931,0.4799999988717905,0.5199999986483478
3.0619061906190623,0.4999999987491644,0.47999999887561223,0.5199999986521804
3.062406240624062,0.4999999987523375,0.4799999988794211,0.5199999986560123
3.062906290629063,0.49999999875551243,0.479999998883217,0.5199999986598433
3.0634063406340637,0.49999999875868906,0.479999998887,0.5199999986636733
3.0639063906390636,0.4999999987618673,0.4799999988907702,0.5199999986675024
3.0644064406440643,0.49999999876504714,0.4799999988945277,0.5199999986713303
3.064906490649065,0.4999999987682285,0.4799999988982724,0.5199999986751571
3.065406540654066,0.4999999987714112,0.47999999890200445,0.5199999986789827
3.0659065906590657,0.49999999877459533,0.47999999890572387,0.5199999986828071
3.0664066406640664,0.4999999987777808,0.4799999989094307,0.5199999986866302
3.066906690669067,0.4999999987809674,0.4799999989131249,0.5199999986904518
3.067406740674067,0.49999999878415524,0.4799999989168066,0.519999998694272
3.067906790679068,0.49999999878734414,0.4799999989204759,0.5199999986980907
3.0684068406840685,0.49999999879053403,0.4799999989241327,0.5199999987019078
3.0689068906890693,0.4999999987937249,0.47999999892777717,0.5199999987057233
3.069406940694069,0.4999999987969167,0.47999999893140927,0.5199999987095371
3.06990699069907,0.4999999988001093,0.47999999893502904,0.5199999987133491
3.0704070407040707,0.4999999988033027,0.4799999989386366,0.5199999987171594
3.0709070907090705,0.49999999880649676,0.4799999989422319,0.5199999987209677
3.0714071407140713,0.4999999988096914,0.479999998945815,0.5199999987247742
3.071907190719072,0.4999999988128867,0.47999999894938605,0.5199999987285786
3.072407240724073,0.4999999988160825,0.47999999895294493,0.519999998732381
3.0729072907290726,0.4999999988192787,0.47999999895649176,0.5199999987361813
3.0734073407340734,0.4999999988224753,0.4799999989600266,0.5199999987399795
3.073907390739074,0.4999999988256722,0.47999999896354945,0.5199999987437754
3.074407440744074,0.49999999882886936,0.47999999896706036,0.5199999987475691
3.0749074907490748,0.49999999883206675,0.4799999989705594,0.5199999987513604
3.0754075407540755,0.49999999883526425,0.47999999897404655,0.5199999987551494
3.0759075907590763,0.4999999988384618,0.47999999897752194,0.5199999987589359
3.076407640764076,0.4999999988416594,0.4799999989809855,0.51999999876272
3.076907690769077,0.49999999884485696,0.4799999989844374,0.5199999987665015
3.0774077407740776,0.4999999988480544,0.47999999898787754,0.5199999987702804
3.0779077907790775,0.4999999988512517,0.4799999989913061,0.5199999987740567
3.0784078407840783,0.49999999885444874,0.47999999899472295,0.5199999987778302
3.078907890789079,0.49999999885764546,0.4799999989981283,0.519999998781601
3.0794079407940798,0.4999999988608419,0.47999999900152207,0.519999998785369
3.0799079907990796,0.49999999886403795,0.47999999900490437,0.5199999987891342
3.0804080408040804,0.49999999886723356,0.47999999900827517,0.5199999987928964
3.080908090809081,0.4999999988704286,0.4799999990116346,0.5199999987966557
3.081408140814081,0.4999999988736231,0.47999999901498264,0.5199999988004119
3.0819081908190817,0.499999998876817,0.4799999990183193,0.5199999988041651
3.0824082408240825,0.49999999888001023,0.4799999990216447,0.5199999988079153
3.0829082908290832,0.49999999888320273,0.4799999990249588,0.5199999988116623
3.083408340834083,0.4999999988863944,0.47999999902826174,0.519999998815406
3.083908390839084,0.4999999988895853,0.47999999903155344,0.5199999988191465
3.0844084408440846,0.49999999889277524,0.47999999903483404,0.5199999988228837
3.0849084908490854,0.49999999889596425,0.4799999990381035,0.5199999988266176
3.0854085408540852,0.4999999988991523,0.4799999990413618,0.5199999988303481
3.085908590859086,0.49999999890233926,0.47999999904460916,0.5199999988340751
3.0864086408640867,0.49999999890552516,0.4799999990478455,0.5199999988377987
3.0869086908690866,0.49999999890870983,0.4799999990510709,0.5199999988415187
3.0874087408740873,0.49999999891189334,0.4799999990542853,0.5199999988452351
3.087908790879088,0.49999999891507557,0.47999999905748886,0.519999998848948
3.088408840884089,0.4999999989182565,0.4799999990606816,0.5199999988526571
3.0889088908890887,0.4999999989214361,0.4799999990638635,0.5199999988563625
3.0894089408940895,0.4999999989246143,0.4799999990670346,0.5199999988600642
3.08990899089909,0.49999999892779096,0.47999999907019497,0.5199999988637621
3.09040904090409,0.49999999893096614,0.4799999990733446,0.5199999988674562
3.090909090909091,0.49999999893413977,0.4799999990764836,0.5199999988711463
3.0914091409140916,0.49999999893731184,0.479999999079612,0.5199999988748326
3.0919091909190923,0.4999999989404822,0.4799999990827297,0.5199999988785149
3.092409240924092,0.4999999989436509,0.47999999908583696,0.5199999988821931
3.092909290929093,0.4999999989468178,0.47999999908893365,0.5199999988858673
3.0934093409340937,0.4999999989499829,0.4799999990920198,0.5199999988895374
3.0939093909390936,0.4999999989531462,0.47999999909509555,0.5199999988932034
3.0944094409440943,0.4999999989563076,0.4799999990981609,0.5199999988968652
3.094909490949095,0.499999998959467,0.47999999910121577,0.5199999989005228
3.095409540954096,0.4999999989626245,0.4799999991042604,0.5199999989041761
3.0959095909590957,0.49999999896577996,0.47999999910729463,0.5199999989078252
3.0964096409640964,0.4999999989689333,0.47999999911031865,0.5199999989114699
3.096909690969097,0.4999999989720845,0.47999999911333235,0.5199999989151103
3.097409740974097,0.4999999989752336,0.4799999991163359,0.5199999989187462
3.097909790979098,0.49999999897838054,0.4799999991193293,0.5199999989223777
3.0984098409840986,0.49999999898152514,0.4799999991223125,0.5199999989260047
3.0989098909890993,0.4999999989846675,0.4799999991252856,0.5199999989296272
3.099409940994099,0.4999999989878075,0.4799999991282487,0.5199999989332451
3.0999099909991,0.4999999989909451,0.47999999913120167,0.5199999989368584
3.1004100410041007,0.4999999989940803,0.4799999991341447,0.5199999989404671
3.1009100910091005,0.49999999899721304,0.47999999913707775,0.5199999989440711
3.1014101410141013,0.4999999990003433,0.47999999914000085,0.5199999989476705
3.101910191019102,0.499999999003471,0.479999999142914,0.5199999989512651
3.102410241024103,0.4999999990065961,0.47999999914581737,0.5199999989548549
3.1029102910291027,0.49999999900971853,0.4799999991487109,0.51999999895844
3.1034103410341034,0.4999999990128383,0.4799999991515946,0.5199999989620201
3.103910391039104,0.49999999901595543,0.4799999991544685,0.5199999989655953
3.104410441044104,0.4999999990190698,0.47999999915733266,0.5199999989691658
3.1049104910491048,0.49999999902218134,0.47999999916018715,0.5199999989727312
3.1054105410541055,0.4999999990252901,0.479999999163032,0.5199999989762917
3.1059105910591063,0.4999999990283959,0.47999999916586716,0.5199999989798472
3.106410641064106,0.4999999990314989,0.47999999916869274,0.5199999989833975
3.106910691069107,0.4999999990345989,0.47999999917150876,0.5199999989869429
3.1074107410741076,0.49999999903769593,0.47999999917431524,0.5199999989904831
3.1079107910791075,0.49999999904078996,0.4799999991771122,0.5199999989940183
3.1084108410841083,0.4999999990438809,0.47999999917989966,0.5199999989975482
3.108910891089109,0.4999999990469688,0.4799999991826777,0.519999999001073
3.1094109410941098,0.49999999905005355,0.4799999991854464,0.5199999990045925
3.1099109910991096,0.4999999990531351,0.47999999918820563,0.5199999990081067
3.1104110411041104,0.49999999905621345,0.47999999919095554,0.5199999990116156
3.110911091109111,0.4999999990592886,0.4799999991936961,0.5199999990151193
3.111411141114112,0.4999999990623605,0.47999999919642744,0.5199999990186176
3.1119111911191117,0.499999999065429,0.4799999991991495,0.5199999990221105
3.1124112411241125,0.49999999906849424,0.4799999992018623,0.519999999025598
3.1129112911291132,0.4999999990715561,0.479999999204566,0.5199999990290801
3.113411341134113,0.4999999990746145,0.4799999992072605,0.5199999990325568
3.113911391139114,0.4999999990776695,0.47999999920994585,0.5199999990360279
3.1144114411441146,0.499999999080721,0.4799999992126221,0.5199999990394935
3.1149114911491154,0.499999999083769,0.4799999992152893,0.5199999990429536
3.1154115411541152,0.4999999990868135,0.47999999921794745,0.519999999046408
3.115911591159116,0.4999999990898543,0.4799999992205966,0.5199999990498569
3.1164116411641167,0.4999999990928916,0.47999999922323683,0.5199999990533003
3.1169116911691166,0.49999999909592524,0.47999999922586806,0.5199999990567379
3.1174117411741173,0.49999999909895515,0.4799999992284904,0.5199999990601698
3.117911791179118,0.4999999991019814,0.4799999992311038,0.5199999990635961
3.118411841184119,0.4999999991050039,0.47999999923370845,0.5199999990670165
3.1189118911891187,0.4999999991080227,0.4799999992363042,0.5199999990704314
3.1194119411941195,0.4999999991110376,0.4799999992388912,0.5199999990738403
3.11991199119912,0.4999999991140487,0.4799999992414694,0.5199999990772436
3.12041204120412,0.49999999911705595,0.47999999924403886,0.5199999990806409
3.120912091209121,0.4999999991200593,0.47999999924659964,0.5199999990840324
3.1214121412141216,0.49999999912305876,0.47999999924915177,0.5199999990874181
3.1219121912191223,0.49999999912605425,0.47999999925169523,0.5199999990907979
3.122412241224122,0.49999999912904575,0.47999999925423004,0.5199999990941716
3.122912291229123,0.49999999913203325,0.4799999992567563,0.5199999990975396
3.1234123412341237,0.49999999913501675,0.479999999259274,0.5199999991009014
3.1239123912391236,0.49999999913799614,0.47999999926178316,0.5199999991042574
3.1244124412441243,0.4999999991409715,0.4799999992642838,0.5199999991076073
3.124912491249125,0.49999999914394266,0.47999999926677606,0.5199999991109512
3.125412541254126,0.49999999914690973,0.4799999992692598,0.5199999991142891
3.1259125912591257,0.49999999914987264,0.47999999927173514,0.5199999991176208
3.1264126412641264,0.4999999991528313,0.4799999992742021,0.5199999991209465
3.126912691269127,0.49999999915578575,0.4799999992766607,0.5199999991242661
3.127412741274127,0.49999999915873594,0.47999999927911097,0.5199999991275794
3.127912791279128,0.49999999916168186,0.47999999928155296,0.5199999991308868
3.1284128412841286,0.4999999991646235,0.4799999992839866,0.5199999991341878
3.1289128912891293,0.49999999916756077,0.4799999992864121,0.5199999991374827
3.129412941294129,0.4999999991704937,0.47999999928882936,0.5199999991407714
3.12991299129913,0.49999999917342225,0.4799999992912384,0.5199999991440538
3.1304130413041307,0.49999999917634635,0.4799999992936393,0.5199999991473301
3.1309130913091305,0.4999999991792661,0.47999999929603204,0.5199999991505999
3.1314131413141313,0.49999999918218135,0.4799999992984167,0.5199999991538636
3.131913191319132,0.4999999991850921,0.4799999993007933,0.5199999991571209
3.132413241324133,0.49999999918799837,0.4799999993031618,0.5199999991603719
3.1329132913291327,0.4999999991909001,0.4799999993055223,0.5199999991636165
3.1334133413341334,0.4999999991937973,0.4799999993078748,0.5199999991668548
3.133913391339134,0.4999999991966899,0.47999999931021936,0.5199999991700868
3.134413441344134,0.49999999919957794,0.47999999931255594,0.5199999991733123
3.1349134913491348,0.4999999992024613,0.47999999931488463,0.5199999991765314
3.1354135413541355,0.49999999920534005,0.47999999931720544,0.519999999179744
3.1359135913591363,0.49999999920821414,0.47999999931951837,0.5199999991829503
3.136413641364136,0.4999999992110835,0.47999999932182347,0.51999999918615
3.136913691369137,0.4999999992139482,0.47999999932412074,0.5199999991893433
3.1374137413741376,0.4999999992168082,0.47999999932641024,0.51999999919253
3.1379137913791375,0.49999999921966337,0.479999999328692,0.5199999991957103
3.1384138413841383,0.4999999992225138,0.479999999330966,0.5199999991988841
3.138913891389139,0.4999999992253595,0.47999999933323234,0.5199999992020513
3.1394139413941398,0.4999999992282003,0.479999999335491,0.5199999992052119
3.1399139913991396,0.4999999992310363,0.47999999933774196,0.519999999208366
3.1404140414041404,0.49999999923386745,0.47999999933998533,0.5199999992115135
3.140914091409141,0.4999999992366937,0.4799999993422211,0.5199999992146545
3.141414141414142,0.49999999923951505,0.47999999934444926,0.5199999992177887
3.1419141914191417,0.4999999992423315,0.4799999993466699,0.5199999992209163
3.1424142414241425,0.49999999924514305,0.47999999934888304,0.5199999992240374
3.1429142914291432,0.49999999924794963,0.47999999935108867,0.5199999992271518
3.143414341434143,0.4999999992507512,0.4799999993532868,0.5199999992302595
3.143914391439144,0.4999999992535478,0.4799999993554775,0.5199999992333605
3.1444144414441446,0.4999999992563394,0.4799999993576608,0.5199999992364549
3.1449144914491454,0.499999999259126,0.47999999935983667,0.5199999992395425
3.1454145414541452,0.4999999992619075,0.4799999993620052,0.5199999992426234
3.145914591459146,0.499999999264684,0.4799999993641664,0.5199999992456976
3.1464146414641467,0.4999999992674554,0.4799999993663202,0.519999999248765
3.1469146914691466,0.4999999992702217,0.47999999936846677,0.5199999992518258
3.1474147414741473,0.4999999992729829,0.47999999937060606,0.5199999992548797
3.147914791479148,0.49999999927573896,0.47999999937273813,0.519999999257927
3.148414841484149,0.49999999927848987,0.47999999937486293,0.5199999992609673
3.1489148914891487,0.4999999992812356,0.47999999937698057,0.5199999992640009
3.1494149414941495,0.49999999928397615,0.479999999379091,0.5199999992670277
3.14991499149915,0.49999999928671157,0.4799999993811943,0.5199999992700477
3.15041504150415,0.4999999992894417,0.47999999938329047,0.5199999992730608
3.150915091509151,0.49999999929216665,0.4799999993853795,0.5199999992760671
3.1514151415141516,0.4999999992948863,0.4799999993874615,0.5199999992790666
3.1519151915191523,0.49999999929760075,0.47999999938953647,0.5199999992820592
3.152415241524152,0.4999999993003099,0.47999999939160437,0.519999999285045
3.152915291529153,0.4999999993030138,0.4799999993936653,0.5199999992880239
3.1534153415341537,0.4999999993057124,0.4799999993957192,0.5199999992909958
3.1539153915391536,0.4999999993084056,0.47999999939776616,0.5199999992939609
3.1544154415441543,0.49999999931109357,0.4799999993998062,0.5199999992969192
3.154915491549155,0.49999999931377614,0.47999999940183935,0.5199999992998704
3.155415541554156,0.49999999931645334,0.47999999940386556,0.5199999993028148
3.1559155915591557,0.4999999993191252,0.47999999940588495,0.5199999993057522
3.1564156415641564,0.4999999993217917,0.47999999940789745,0.5199999993086828
3.156915691569157,0.4999999993244527,0.4799999994099032,0.5199999993116063
3.157415741574157,0.49999999932710837,0.47999999941190213,0.519999999314523
3.157915791579158,0.4999999993297586,0.47999999941389426,0.5199999993174327
3.1584158415841586,0.4999999993324034,0.4799999994158797,0.5199999993203354
3.1589158915891593,0.49999999933504274,0.4799999994178583,0.5199999993232312
3.159415941594159,0.49999999933767664,0.4799999994198303,0.5199999993261198
3.15991599159916,0.49999999934030503,0.4799999994217956,0.5199999993290016
3.1604160416041607,0.49999999934292794,0.47999999942375426,0.5199999993318765
3.1609160916091605,0.49999999934554534,0.47999999942570626,0.5199999993347443
3.1614161416141613,0.49999999934815725,0.47999999942765165,0.5199999993376051
3.161916191619162,0.49999999935076367,0.47999999942959043,0.5199999993404588
3.162416241624163,0.49999999935336453,0.47999999943152266,0.5199999993433057
3.1629162916291627,0.49999999935595985,0.47999999943344834,0.5199999993461454
3.1634163416341634,0.4999999993585496,0.47999999943536753,0.5199999993489781
3.163916391639164,0.49999999936113376,0.47999999943728017,0.5199999993518039
3.164416441644164,0.4999999993637124,0.47999999943918636,0.5199999993546225
3.1649164916491648,0.4999999993662854,0.47999999944108607,0.5199999993574341
3.1654165416541655,0.49999999936885287,0.4799999994429794,0.5199999993602387
3.1659165916591663,0.4999999993714147,0.47999999944486627,0.5199999993630362
3.166416641664166,0.49999999937397094,0.47999999944674676,0.5199999993658267
3.166916691669167,0.4999999993765215,0.4799999994486209,0.5199999993686102
3.1674167416741676,0.4999999993790665,0.4799999994504886,0.5199999993713865
3.1679167916791675,0.4999999993816058,0.47999999945235006,0.5199999993741558
3.1684168416841683,0.4999999993841394,0.4799999994542052,0.519999999376918
3.168916891689169,0.49999999938666745,0.47999999945605404,0.5199999993796731
3.1694169416941698,0.49999999938918976,0.4799999994578966,0.5199999993824213
3.1699169916991696,0.4999999993917064,0.479999999459733,0.5199999993851623
3.1704170417041704,0.49999999939421735,0.47999999946156313,0.5199999993878961
3.170917091709171,0.4999999993967226,0.479999999463387,0.5199999993906229
3.171417141714172,0.4999999993992222,0.4799999994652048,0.5199999993933427
3.1719171917191717,0.499999999401716,0.4799999994670164,0.5199999993960553
3.1724172417241725,0.49999999940420414,0.4799999994688218,0.5199999993987608
3.1729172917291733,0.49999999940668655,0.47999999947062116,0.5199999994014594
3.173417341734173,0.49999999940916323,0.4799999994724144,0.5199999994041506
3.173917391739174,0.49999999941163414,0.4799999994742016,0.519999999406835
3.1744174417441746,0.4999999994140993,0.4799999994759827,0.519999999409512
3.1749174917491754,0.4999999994165587,0.47999999947775773,0.5199999994121821
3.1754175417541752,0.49999999941901235,0.4799999994795268,0.5199999994148451
3.175917591759176,0.49999999942146023,0.4799999994812899,0.5199999994175009
3.1764176417641767,0.49999999942390233,0.479999999483047,0.5199999994201496
3.1769176917691766,0.49999999942633866,0.47999999948479816,0.5199999994227912
3.1774177417741774,0.49999999942876916,0.47999999948654337,0.5199999994254256
3.177917791779178,0.4999999994311939,0.4799999994882827,0.5199999994280531
3.178417841784179,0.49999999943361284,0.4799999994900161,0.5199999994306733
3.1789178917891787,0.49999999943602597,0.47999999949174366,0.5199999994332865
3.1794179417941795,0.49999999943843326,0.47999999949346533,0.5199999994358925
3.17991799179918,0.49999999944083473,0.4799999994951812,0.5199999994384914
3.18041804180418,0.49999999944323037,0.47999999949689126,0.5199999994410832
3.180918091809181,0.49999999944562024,0.4799999994985955,0.5199999994436679
3.1814181418141816,0.4999999994480042,0.479999999500294,0.5199999994462454
3.1819181918191823,0.49999999945038237,0.4799999995019867,0.5199999994488159
3.182418241824182,0.4999999994527547,0.47999999950367367,0.5199999994513793
3.182918291829183,0.49999999945512114,0.479999999505355,0.5199999994539355
3.1834183418341837,0.49999999945748175,0.47999999950703054,0.5199999994564846
3.1839183918391836,0.49999999945983653,0.4799999995087005,0.5199999994590265
3.1844184418441843,0.49999999946218543,0.4799999995103647,0.5199999994615615
3.184918491849185,0.49999999946452844,0.4799999995120233,0.5199999994640893
3.185418541854186,0.4999999994668656,0.47999999951367633,0.5199999994666099
3.1859185918591857,0.4999999994691969,0.47999999951532374,0.5199999994691235
3.1864186418641864,0.49999999947152224,0.47999999951696554,0.5199999994716299
3.186918691869187,0.49999999947384177,0.4799999995186018,0.5199999994741291
3.187418741874187,0.4999999994761554,0.4799999995202325,0.5199999994766213
3.187918791879188,0.49999999947846313,0.4799999995218577,0.5199999994791065
3.1884188418841886,0.499999999480765,0.4799999995234774,0.5199999994815845
3.1889188918891893,0.49999999948306095,0.47999999952509154,0.5199999994840554
3.189418941894189,0.499999999485351,0.4799999995267003,0.5199999994865192
3.18991899189919,0.4999999994876352,0.4799999995283036,0.5199999994889759
3.1904190419041907,0.49999999948991347,0.4799999995299014,0.5199999994914255
3.1909190919091905,0.4999999994921858,0.47999999953149386,0.5199999994938681
3.1914191419141913,0.49999999949445223,0.47999999953308087,0.5199999994963035
3.191919191919192,0.49999999949671275,0.47999999953466255,0.5199999994987319
3.192419241924193,0.4999999994989674,0.47999999953623884,0.5199999995011532
3.1929192919291927,0.4999999995012161,0.4799999995378098,0.5199999995035673
3.1934193419341934,0.4999999995034589,0.47999999953937544,0.5199999995059744
3.193919391939194,0.4999999995056958,0.4799999995409358,0.5199999995083744
3.194419441944194,0.49999999950792673,0.47999999954249084,0.5199999995107674
3.194919491949195,0.4999999995101518,0.47999999954404066,0.5199999995131532
3.1954195419541955,0.4999999995123709,0.4799999995455852,0.5199999995155321
3.1959195919591963,0.49999999951458407,0.47999999954712447,0.5199999995179039
3.196419641964196,0.4999999995167913,0.4799999995486586,0.5199999995202685
3.196919691969197,0.49999999951899265,0.47999999955018746,0.5199999995226262
3.1974197419741976,0.49999999952118807,0.4799999995517112,0.5199999995249768
3.1979197919791975,0.49999999952337754,0.47999999955322975,0.5199999995273203
3.1984198419841983,0.4999999995255611,0.47999999955474315,0.5199999995296568
3.198919891989199,0.4999999995277387,0.47999999955625144,0.5199999995319863
3.1994199419941998,0.4999999995299104,0.47999999955775463,0.5199999995343086
3.1999199919991996,0.4999999995320762,0.4799999995592527,0.519999999536624
3.2004200420042004,0.499999999534236,0.4799999995607457,0.5199999995389324
3.200920092009201,0.4999999995363899,0.47999999956223366,0.5199999995412338
3.201420142014202,0.4999999995385379,0.4799999995637166,0.519999999543528
3.2019201920192017,0.4999999995406799,0.47999999956519446,0.5199999995458153
3.2024202420242025,0.49999999954281604,0.47999999956666733,0.5199999995480957
3.2029202920292033,0.4999999995449462,0.4799999995681352,0.519999999550369
3.203420342034203,0.4999999995470705,0.47999999956959816,0.5199999995526353
3.203920392039204,0.49999999954918883,0.4799999995710561,0.5199999995548946
3.2044204420442046,0.4999999995513012,0.4799999995725091,0.5199999995571469
3.2049204920492054,0.4999999995534077,0.4799999995739572,0.5199999995593922
3.2054205420542052,0.4999999995555082,0.4799999995754004,0.5199999995616306
3.205920592059206,0.4999999995576028,0.47999999957683875,0.519999999563862
3.2064206420642067,0.49999999955969154,0.47999999957827216,0.5199999995660864
3.2069206920692066,0.4999999995617743,0.47999999957970074,0.5199999995683039
3.2074207420742074,0.49999999956385116,0.4799999995811245,0.5199999995705143
3.207920792079208,0.49999999956592206,0.4799999995825434,0.5199999995727179
3.208420842084209,0.4999999995679871,0.4799999995839575,0.5199999995749145
3.2089208920892087,0.4999999995700462,0.4799999995853668,0.5199999995771042
3.2094209420942095,0.49999999957209934,0.47999999958677136,0.519999999579287
3.2099209920992102,0.4999999995741466,0.4799999995881712,0.5199999995814628
3.21042104210421,0.49999999957618796,0.47999999958956624,0.5199999995836316
3.210921092109211,0.4999999995782234,0.47999999959095657,0.5199999995857937
3.2114211421142116,0.49999999958025293,0.4799999995923422,0.5199999995879487
3.2119211921192123,0.49999999958227653,0.4799999995937231,0.5199999995900969
3.212421242124212,0.49999999958429425,0.4799999995950993,0.5199999995922382
3.212921292129213,0.4999999995863061,0.4799999995964709,0.5199999995943726
3.2134213421342137,0.499999999588312,0.47999999959783785,0.5199999995965001
3.2139213921392136,0.49999999959031205,0.47999999959920014,0.5199999995986209
3.2144214421442143,0.4999999995923062,0.47999999960055784,0.5199999996007346
3.214921492149215,0.49999999959429436,0.4799999996019109,0.5199999996028416
3.215421542154216,0.4999999995962767,0.4799999996032594,0.5199999996049416
3.2159215921592157,0.4999999995982532,0.4799999996046034,0.5199999996070349
3.2164216421642164,0.4999999996002238,0.47999999960594275,0.5199999996091212
3.216921692169217,0.4999999996021885,0.47999999960727757,0.5199999996112008
3.217421742174217,0.4999999996041473,0.4799999996086079,0.5199999996132736
3.217921792179218,0.49999999960610025,0.4799999996099337,0.5199999996153396
3.2184218421842186,0.4999999996080473,0.47999999961125506,0.5199999996173987
3.2189218921892193,0.49999999960998853,0.4799999996125719,0.519999999619451
3.219421942194219,0.4999999996119239,0.4799999996138843,0.5199999996214966
3.21992199219922,0.4999999996138534,0.47999999961519224,0.5199999996235354
3.2204220422042207,0.499999999615777,0.47999999961649575,0.5199999996255673
3.2209220922092205,0.4999999996176948,0.4799999996177949,0.5199999996275926
3.2214221422142213,0.4999999996196067,0.47999999961908957,0.519999999629611
3.221922192219222,0.4999999996215128,0.47999999962037987,0.5199999996316227
3.222422242224223,0.49999999962341307,0.47999999962166584,0.5199999996336276
3.2229222922292227,0.4999999996253075,0.4799999996229474,0.5199999996356259
3.2234223422342234,0.49999999962719605,0.4799999996242247,0.5199999996376174
3.223922392239224,0.4999999996290788,0.47999999962549755,0.5199999996396022
3.224422442244224,0.49999999963095576,0.4799999996267662,0.5199999996415803
3.224922492249225,0.4999999996328269,0.47999999962803047,0.5199999996435517
3.2254225422542255,0.49999999963469216,0.4799999996292905,0.5199999996455164
3.2259225922592263,0.4999999996365516,0.4799999996305463,0.5199999996474743
3.226422642264226,0.4999999996384053,0.4799999996317978,0.5199999996494257
3.226922692269227,0.4999999996402532,0.47999999963304507,0.5199999996513703
3.2274227422742277,0.4999999996420953,0.4799999996342881,0.5199999996533083
3.2279227922792275,0.4999999996439316,0.4799999996355269,0.5199999996552397
3.2284228422842283,0.4999999996457621,0.47999999963676154,0.5199999996571644
3.228922892289229,0.49999999964758685,0.479999999637992,0.5199999996590825
3.2294229422942298,0.4999999996494058,0.4799999996392183,0.519999999660994
3.2299229922992296,0.499999999651219,0.47999999964044043,0.5199999996628988
3.2304230423042304,0.4999999996530264,0.4799999996416584,0.519999999664797
3.230923092309231,0.49999999965482805,0.47999999964287227,0.5199999996666888
3.231423142314232,0.49999999965662395,0.479999999644082,0.5199999996685738
3.2319231923192318,0.49999999965841413,0.47999999964528767,0.5199999996704523
3.2324232423242325,0.49999999966019854,0.4799999996464892,0.5199999996723242
3.2329232923292333,0.49999999966197717,0.47999999964768675,0.5199999996741896
3.233423342334233,0.49999999966375014,0.4799999996488802,0.5199999996760484
3.233923392339234,0.49999999966551734,0.47999999965006956,0.5199999996779007
3.2344234423442346,0.4999999996672788,0.47999999965125495,0.5199999996797465
3.2349234923492354,0.49999999966903463,0.4799999996524363,0.5199999996815857
3.2354235423542352,0.4999999996707847,0.4799999996536137,0.5199999996834185
3.235923592359236,0.49999999967252906,0.479999999654787,0.5199999996852447
3.2364236423642367,0.4999999996742677,0.4799999996559564,0.5199999996870645
3.2369236923692366,0.49999999967600073,0.4799999996571218,0.5199999996888778
3.2374237423742374,0.499999999677728,0.4799999996582833,0.5199999996906846
3.237923792379238,0.49999999967944964,0.47999999965944085,0.5199999996924849
3.238423842384239,0.4999999996811656,0.4799999996605945,0.5199999996942788
3.2389238923892387,0.49999999968287584,0.4799999996617442,0.5199999996960663
3.2394239423942395,0.4999999996845805,0.47999999966289003,0.5199999996978474
3.2399239923992402,0.49999999968627945,0.47999999966403195,0.519999999699622
3.24042404240424,0.49999999968797276,0.47999999966517004,0.5199999997013902
3.240924092409241,0.49999999968966047,0.47999999966630424,0.519999999703152
3.2414241424142416,0.4999999996913425,0.4799999996674346,0.5199999997049075
3.2419241924192423,0.49999999969301895,0.4799999996685612,0.5199999997066566
3.242424242424242,0.4999999996946897,0.47999999966968393,0.5199999997083993
3.242924292429243,0.49999999969635495,0.47999999967080287,0.5199999997101356
3.2434243424342437,0.4999999996980145,0.479999999671918,0.5199999997118656
3.2439243924392436,0.4999999996996685,0.47999999967302936,0.5199999997135892
3.2444244424442443,0.4999999997013169,0.4799999996741369,0.5199999997153066
3.244924492449245,0.4999999997029597,0.47999999967524076,0.5199999997170176
3.245424542454246,0.49999999970459696,0.4799999996763409,0.5199999997187223
3.2459245924592457,0.4999999997062286,0.4799999996774373,0.5199999997204208
3.2464246424642464,0.49999999970785475,0.4799999996785299,0.519999999722113
3.246924692469247,0.4999999997094753,0.47999999967961887,0.5199999997237988
3.247424742474247,0.49999999971109027,0.47999999968070417,0.5199999997254785
3.247924792479248,0.49999999971269976,0.47999999968178575,0.5199999997271519
3.2484248424842486,0.4999999997143037,0.4799999996828637,0.519999999728819
3.2489248924892493,0.4999999997159021,0.479999999683938,0.5199999997304801
3.249424942494249,0.499999999717495,0.4799999996850086,0.5199999997321347
3.24992499249925,0.4999999997190823,0.47999999968607565,0.5199999997337833
3.2504250425042507,0.4999999997206642,0.479999999687139,0.5199999997354257
3.2509250925092505,0.4999999997222406,0.47999999968819884,0.5199999997370618
3.2514251425142513,0.4999999997238115,0.47999999968925505,0.5199999997386918
3.251925192519252,0.4999999997253769,0.4799999996903077,0.5199999997403156
3.252425242524253,0.4999999997269369,0.47999999969135676,0.5199999997419333
3.2529252925292527,0.49999999972849135,0.47999999969240226,0.5199999997435449
3.2534253425342534,0.49999999973004033,0.4799999996934442,0.5199999997451503
3.253925392539254,0.49999999973158393,0.47999999969448265,0.5199999997467497
3.254425442544254,0.4999999997331221,0.4799999996955176,0.5199999997483429
3.254925492549255,0.49999999973465475,0.479999999696549,0.51999999974993
3.2554255425542555,0.4999999997361821,0.47999999969757695,0.5199999997515111
3.2559255925592563,0.4999999997377039,0.47999999969860135,0.5199999997530861
3.256425642564256,0.4999999997392204,0.47999999969962237,0.519999999754655
3.256925692569257,0.49999999974073145,0.4799999997006399,0.5199999997562179
3.2574257425742577,0.49999999974223713,0.4799999997016539,0.5199999997577749
3.2579257925792575,0.49999999974373743,0.47999999970266455,0.5199999997593256
3.2584258425842583,0.49999999974523235,0.47999999970367174,0.5199999997608705
3.258925892589259,0.49999999974672193,0.47999999970467555,0.5199999997624094
3.2594259425942598,0.49999999974820614,0.479999999705676,0.5199999997639423
3.2599259925992596,0.49999999974968495,0.47999999970667295,0.5199999997654692
3.2604260426042604,0.4999999997511585,0.4799999997076666,0.5199999997669902
3.260926092609261,0.4999999997526267,0.47999999970865687,0.5199999997685052
3.261426142614262,0.49999999975408954,0.47999999970964374,0.5199999997700143
3.2619261926192618,0.4999999997555471,0.47999999971062735,0.5199999997715175
3.2624262426242625,0.4999999997569994,0.47999999971160756,0.5199999997730147
3.2629262926292633,0.49999999975844633,0.4799999997125845,0.5199999997745061
3.263426342634263,0.49999999975988796,0.4799999997135581,0.5199999997759915
3.263926392639264,0.49999999976132437,0.4799999997145284,0.519999999777471
3.2644264426442646,0.4999999997627555,0.4799999997154954,0.5199999997789448
3.2649264926492654,0.49999999976418136,0.4799999997164592,0.5199999997804127
3.2654265426542652,0.499999999765602,0.47999999971741963,0.5199999997818747
3.265926592659266,0.49999999976701737,0.47999999971837687,0.5199999997833309
3.2664266426642667,0.4999999997684275,0.4799999997193308,0.5199999997847814
3.2669266926692666,0.4999999997698324,0.4799999997202816,0.5199999997862259
3.2674267426742674,0.4999999997712321,0.47999999972122914,0.5199999997876648
3.267926792679268,0.4999999997726266,0.47999999972217344,0.5199999997890978
3.268426842684269,0.49999999977401594,0.4799999997231146,0.5199999997905251
3.2689268926892687,0.49999999977540005,0.4799999997240525,0.5199999997919467
3.2694269426942695,0.499999999776779,0.47999999972498725,0.5199999997933624
3.2699269926992702,0.49999999977815274,0.47999999972591884,0.5199999997947725
3.27042704270427,0.49999999977952136,0.4799999997268473,0.5199999997961768
3.270927092709271,0.49999999978088483,0.4799999997277726,0.5199999997975755
3.2714271427142716,0.4999999997822432,0.4799999997286947,0.5199999997989685
3.2719271927192723,0.4999999997835964,0.47999999972961377,0.5199999998003557
3.272427242724272,0.4999999997849444,0.4799999997305297,0.5199999998017374
3.272927292729273,0.4999999997862874,0.47999999973144253,0.5199999998031133
3.2734273427342737,0.49999999978762527,0.47999999973235224,0.5199999998044836
3.2739273927392736,0.49999999978895804,0.47999999973325885,0.5199999998058484
3.2744274427442743,0.49999999979028575,0.47999999973416246,0.5199999998072075
3.274927492749275,0.49999999979160836,0.47999999973506297,0.5199999998085609
3.275427542754276,0.4999999997929259,0.4799999997359604,0.5199999998099089
3.2759275927592757,0.4999999997942384,0.4799999997368548,0.5199999998112512
3.2764276427642764,0.4999999997955459,0.4799999997377462,0.519999999812588
3.276927692769277,0.4999999997968483,0.4799999997386346,0.5199999998139192
3.277427742774277,0.4999999997981457,0.47999999973951996,0.5199999998152449
3.277927792779278,0.4999999997994381,0.4799999997404023,0.5199999998165651
3.2784278427842786,0.49999999980072546,0.4799999997412817,0.5199999998178797
3.2789278927892793,0.4999999998020079,0.47999999974215807,0.5199999998191889
3.279427942794279,0.49999999980328524,0.47999999974303154,0.5199999998204925
3.27992799279928,0.49999999980455767,0.47999999974390195,0.5199999998217907
3.2804280428042807,0.49999999980582516,0.4799999997447695,0.5199999998230834
3.2809280928092805,0.49999999980708765,0.47999999974563407,0.5199999998243707
3.2814281428142813,0.49999999980834525,0.4799999997464957,0.5199999998256526
3.281928192819282,0.49999999980959786,0.47999999974735447,0.519999999826929
3.282428242824283,0.4999999998108456,0.4799999997482103,0.5199999998282001
3.2829282928292827,0.49999999981208837,0.4799999997490632,0.5199999998294657
3.2834283428342834,0.4999999998133262,0.47999999974991325,0.519999999830726
3.283928392839284,0.4999999998145592,0.4799999997507604,0.5199999998319808
3.284428442844284,0.49999999981578735,0.4799999997516047,0.5199999998332303
3.284928492849285,0.49999999981701054,0.4799999997524461,0.5199999998344745
3.2854285428542855,0.49999999981822896,0.47999999975328467,0.5199999998357133
3.2859285928592863,0.49999999981944243,0.47999999975412044,0.5199999998369469
3.286428642864286,0.49999999982065113,0.47999999975495333,0.5199999998381751
3.286928692869287,0.49999999982185495,0.4799999997557834,0.519999999839398
3.2874287428742877,0.499999999823054,0.4799999997566107,0.5199999998406156
3.2879287928792875,0.4999999998242482,0.4799999997574351,0.519999999841828
3.2884288428842883,0.4999999998254376,0.4799999997582568,0.5199999998430351
3.288928892889289,0.4999999998266222,0.4799999997590757,0.5199999998442371
3.2894289428942898,0.499999999827802,0.4799999997598918,0.5199999998454338
3.2899289928992896,0.4999999998289771,0.4799999997607052,0.5199999998466251
3.2904290429042904,0.49999999983014737,0.47999999976151575,0.5199999998478114
3.290929092909291,0.49999999983131294,0.4799999997623236,0.5199999998489925
3.291429142914292,0.49999999983247373,0.47999999976312874,0.5199999998501683
3.2919291929192918,0.4999999998336298,0.47999999976393115,0.519999999851339
3.2924292429242925,0.49999999983478116,0.4799999997647308,0.5199999998525047
3.2929292929292933,0.4999999998359278,0.47999999976552776,0.5199999998536651
3.293429342934293,0.4999999998370697,0.479999999766322,0.5199999998548204
3.293929392939294,0.499999999838207,0.4799999997671136,0.5199999998559707
3.2944294429442946,0.49999999983933957,0.4799999997679025,0.5199999998571158
3.2949294929492954,0.4999999998404675,0.4799999997686887,0.5199999998582557
3.2954295429542952,0.49999999984159077,0.4799999997694723,0.5199999998593907
3.295929592959296,0.4999999998427094,0.47999999977025315,0.5199999998605206
3.2964296429642967,0.4999999998438233,0.4799999997710314,0.5199999998616455
3.2969296929692966,0.4999999998449327,0.479999999771807,0.5199999998627653
3.2974297429742974,0.49999999984603744,0.47999999977258,0.5199999998638801
3.297929792979298,0.49999999984713756,0.4799999997733504,0.5199999998649899
3.298429842984299,0.4999999998482331,0.47999999977411817,0.5199999998660948
3.2989298929892987,0.4999999998493241,0.47999999977488333,0.5199999998671946
3.2994299429942995,0.49999999985041044,0.4799999997756459,0.5199999998682895
3.2999299929993002,0.4999999998514923,0.4799999997764059,0.5199999998693794
3.3004300430043,0.49999999985256954,0.4799999997771633,0.5199999998704644
3.300930093009301,0.4999999998536423,0.47999999977791813,0.5199999998715444
3.3014301430143016,0.4999999998547105,0.4799999997786704,0.5199999998726196
3.3019301930193024,0.4999999998557742,0.4799999997794202,0.5199999998736898
3.302430243024302,0.4999999998568334,0.4799999997801674,0.5199999998747552
3.302930293029303,0.49999999985788807,0.47999999978091207,0.5199999998758157
3.3034303430343037,0.4999999998589383,0.4799999997816542,0.5199999998768714
3.3039303930393036,0.499999999859984,0.4799999997823938,0.5199999998779221
3.3044304430443043,0.4999999998610253,0.47999999978313096,0.5199999998789682
3.304930493049305,0.49999999986206206,0.4799999997838656,0.5199999998800092
3.305430543054306,0.49999999986309446,0.47999999978459773,0.5199999998810456
3.3059305930593057,0.49999999986412236,0.4799999997853274,0.5199999998820771
3.3064306430643065,0.49999999986514587,0.47999999978605457,0.5199999998831039
3.306930693069307,0.499999999866165,0.4799999997867793,0.5199999998841259
3.307430743074307,0.4999999998671797,0.4799999997875016,0.5199999998851431
3.307930793079308,0.49999999986819005,0.47999999978822144,0.5199999998861556
3.3084308430843086,0.49999999986919597,0.4799999997889388,0.5199999998871634
3.3089308930893093,0.49999999987019755,0.4799999997896538,0.5199999998881665
3.309430943094309,0.49999999987119476,0.4799999997903663,0.5199999998891648
3.30993099309931,0.49999999987218763,0.47999999979107644,0.5199999998901584
3.3104310431043107,0.49999999987317617,0.47999999979178415,0.5199999998911474
3.3109310931093106,0.4999999998741604,0.4799999997924895,0.5199999998921319
3.3114311431143113,0.4999999998751403,0.4799999997931924,0.5199999998931115
3.311931193119312,0.49999999987611593,0.47999999979389296,0.5199999998940865
3.312431243124313,0.4999999998770872,0.4799999997945911,0.519999999895057
3.3129312931293127,0.49999999987805427,0.47999999979528696,0.5199999998960229
3.3134313431343134,0.499999999879017,0.4799999997959804,0.5199999998969841
3.313931393139314,0.4999999998799755,0.4799999997966715,0.5199999998979407
3.314431443144314,0.4999999998809298,0.47999999979736024,0.5199999998988928
3.314931493149315,0.4999999998818798,0.4799999997980467,0.5199999998998402
3.3154315431543155,0.4999999998828256,0.4799999997987308,0.5199999999007833
3.3159315931593163,0.4999999998837672,0.4799999997994126,0.5199999999017217
3.316431643164316,0.49999999988470456,0.47999999980009206,0.5199999999026557
3.316931693169317,0.49999999988563776,0.47999999980076924,0.5199999999035851
3.3174317431743177,0.4999999998865668,0.47999999980144414,0.5199999999045101
3.3179317931793175,0.4999999998874916,0.4799999998021167,0.5199999999054304
3.3184318431843183,0.4999999998884123,0.47999999980278707,0.5199999999063465
3.318931893189319,0.49999999988932886,0.4799999998034551,0.5199999999072581
3.31943194319432,0.49999999989024124,0.4799999998041209,0.5199999999081651
3.3199319931993196,0.4999999998911495,0.4799999998047844,0.5199999999090679
3.3204320432043204,0.4999999998920537,0.47999999980544567,0.5199999999099661
3.320932093209321,0.49999999989295374,0.47999999980610475,0.51999999991086
3.321432143214322,0.4999999998938497,0.47999999980676156,0.5199999999117495
3.3219321932193218,0.49999999989474153,0.47999999980741614,0.5199999999126347
3.3224322432243225,0.4999999998956294,0.4799999998080685,0.5199999999135154
3.3229322932293233,0.4999999998965131,0.47999999980871866,0.5199999999143918
3.323432343234323,0.4999999998973928,0.4799999998093666,0.5199999999152639
3.323932393239324,0.4999999998982685,0.47999999981001235,0.5199999999161317
3.3244324432443246,0.49999999989914007,0.47999999981065594,0.5199999999169951
3.3249324932493254,0.4999999999000077,0.4799999998112973,0.5199999999178543
3.3254325432543252,0.4999999999008713,0.47999999981193653,0.5199999999187092
3.325932593259326,0.49999999990173094,0.47999999981257363,0.5199999999195598
3.3264326432643267,0.4999999999025866,0.4799999998132085,0.5199999999204061
3.3269326932693266,0.49999999990343824,0.4799999998138412,0.5199999999212483
3.3274327432743274,0.49999999990428595,0.47999999981447183,0.5199999999220862
3.327932793279328,0.49999999990512967,0.47999999981510033,0.5199999999229199
3.328432843284329,0.4999999999059695,0.47999999981572666,0.5199999999237493
3.3289328932893287,0.4999999999068054,0.4799999998163509,0.5199999999245746
3.3294329432943295,0.4999999999076373,0.47999999981697294,0.5199999999253957
3.3299329932993302,0.4999999999084654,0.47999999981759295,0.5199999999262127
3.33043304330433,0.49999999990928956,0.47999999981821084,0.5199999999270255
3.330933093309331,0.49999999991010985,0.4799999998188267,0.5199999999278342
3.3314331433143316,0.49999999991092625,0.47999999981944036,0.5199999999286387
3.3319331933193324,0.49999999991173877,0.47999999982005204,0.5199999999294391
3.332433243324332,0.4999999999125475,0.47999999982066155,0.5199999999302354
3.332933293329333,0.49999999991335237,0.47999999982126906,0.5199999999310276
3.3334333433343337,0.4999999999141534,0.4799999998218745,0.5199999999318158
3.3339333933393336,0.4999999999149506,0.47999999982247793,0.5199999999325999
3.3344334433443343,0.49999999991574395,0.4799999998230793,0.51999999993338
3.334933493349335,0.4999999999165336,0.4799999998236786,0.519999999934156
3.335433543354336,0.4999999999173194,0.4799999998242758,0.519999999934928
3.3359335933593357,0.49999999991810146,0.47999999982487107,0.519999999935696
3.3364336433643365,0.4999999999188797,0.4799999998254643,0.51999999993646
3.336933693369337,0.4999999999196542,0.47999999982605557,0.51999999993722
3.337433743374337,0.49999999992042504,0.4799999998266448,0.5199999999379761
3.337933793379338,0.4999999999211921,0.479999999827232,0.5199999999387281
3.3384338433843386,0.49999999992195543,0.47999999982781727,0.5199999999394762
3.3389338933893393,0.49999999992271504,0.4799999998284005,0.5199999999402205
3.339433943394339,0.49999999992347094,0.47999999982898184,0.5199999999409608
3.33993399339934,0.4999999999242232,0.47999999982956115,0.5199999999416971
3.3404340434043407,0.4999999999249718,0.47999999983013847,0.5199999999424296
3.3409340934093406,0.4999999999257167,0.4799999998307139,0.5199999999431583
3.3414341434143413,0.49999999992645794,0.4799999998312873,0.5199999999438829
3.341934193419342,0.4999999999271955,0.4799999998318588,0.5199999999446039
3.342434243424343,0.4999999999279295,0.4799999998324284,0.5199999999453209
3.3429342934293427,0.49999999992865984,0.479999999832996,0.5199999999460341
3.3434343434343434,0.4999999999293866,0.47999999983356173,0.5199999999467435
3.343934393439344,0.49999999993010974,0.47999999983412556,0.519999999947449
3.344434443444344,0.4999999999308293,0.47999999983468744,0.5199999999481508
3.344934493449345,0.49999999993154526,0.47999999983524744,0.5199999999488488
3.3454345434543455,0.49999999993225763,0.47999999983580555,0.519999999949543
3.3459345934593463,0.4999999999329665,0.4799999998363617,0.5199999999502336
3.346434643464346,0.4999999999336718,0.47999999983691605,0.5199999999509203
3.346934693469347,0.49999999993437355,0.4799999998374685,0.5199999999516033
3.3474347434743477,0.4999999999350718,0.47999999983801905,0.5199999999522826
3.3479347934793475,0.49999999993576655,0.4799999998385677,0.5199999999529582
3.3484348434843483,0.4999999999364578,0.47999999983911457,0.5199999999536301
3.348934893489349,0.4999999999371455,0.4799999998396596,0.5199999999542982
3.34943494349435,0.4999999999378298,0.47999999984020275,0.5199999999549628
3.3499349934993496,0.4999999999385106,0.47999999984074404,0.5199999999556237
3.3504350435043504,0.4999999999391879,0.4799999998412835,0.519999999956281
3.350935093509351,0.4999999999398618,0.4799999998418211,0.5199999999569346
3.351435143514352,0.49999999994053224,0.479999999842357,0.5199999999575846
3.3519351935193518,0.49999999994119926,0.479999999842891,0.519999999958231
3.3524352435243525,0.49999999994186284,0.4799999998434232,0.5199999999588738
3.3529352935293533,0.49999999994252303,0.4799999998439536,0.519999999959513
3.353435343534353,0.49999999994317984,0.47999999984448216,0.5199999999601487
3.353935393539354,0.49999999994383326,0.47999999984500896,0.5199999999607807
3.3544354435443546,0.4999999999444833,0.479999999845534,0.5199999999614093
3.3549354935493554,0.49999999994513,0.47999999984605723,0.5199999999620343
3.3554355435543552,0.4999999999457733,0.4799999998465787,0.5199999999626558
3.355935593559356,0.4999999999464133,0.4799999998470984,0.5199999999632737
3.3564356435643568,0.49999999994704997,0.4799999998476164,0.5199999999638882
3.3569356935693566,0.49999999994768335,0.4799999998481326,0.5199999999644993
3.3574357435743574,0.49999999994831335,0.479999999848647,0.5199999999651068
3.357935793579358,0.4999999999489401,0.4799999998491597,0.5199999999657109
3.358435843584359,0.49999999994956357,0.4799999998496707,0.5199999999663115
3.3589358935893587,0.49999999995018374,0.4799999998501799,0.5199999999669087
3.3594359435943595,0.49999999995080063,0.4799999998506874,0.5199999999675025
3.3599359935993602,0.49999999995141425,0.4799999998511932,0.5199999999680929
3.36043604360436,0.4999999999520247,0.4799999998516973,0.5199999999686798
3.360936093609361,0.49999999995263184,0.47999999985219965,0.5199999999692634
3.3614361436143616,0.4999999999532358,0.4799999998527003,0.5199999999698436
3.3619361936193624,0.49999999995383654,0.4799999998531993,0.5199999999704205
3.362436243624362,0.49999999995443406,0.47999999985369657,0.519999999970994
3.362936293629363,0.4999999999550284,0.47999999985419217,0.5199999999715641
3.3634363436343637,0.49999999995561956,0.47999999985468605,0.519999999972131
3.3639363936393636,0.49999999995620753,0.4799999998551783,0.5199999999726944
3.3644364436443643,0.49999999995679234,0.4799999998556689,0.5199999999732546
3.364936493649365,0.49999999995737404,0.4799999998561578,0.5199999999738115
3.365436543654366,0.4999999999579526,0.47999999985664504,0.5199999999743652
3.3659365936593657,0.49999999995852795,0.47999999985713065,0.5199999999749156
3.3664366436643665,0.49999999995910027,0.4799999998576146,0.5199999999754628
3.366936693669367,0.49999999995966943,0.47999999985809694,0.5199999999760065
3.367436743674367,0.4999999999602355,0.47999999985857766,0.5199999999765472
3.367936793679368,0.49999999996079847,0.4799999998590567,0.5199999999770847
3.3684368436843686,0.4999999999613584,0.4799999998595341,0.5199999999776188
3.3689368936893693,0.49999999996191524,0.47999999986000996,0.5199999999781499
3.369436943694369,0.499999999962469,0.47999999986048414,0.5199999999786777
3.36993699369937,0.49999999996301975,0.47999999986095676,0.5199999999792024
3.3704370437043707,0.4999999999635675,0.4799999998614278,0.5199999999797239
3.3709370937093706,0.49999999996411215,0.4799999998618972,0.5199999999802423
3.3714371437143713,0.49999999996465383,0.47999999986236497,0.5199999999807574
3.371937193719372,0.49999999996519245,0.4799999998628312,0.5199999999812696
3.372437243724373,0.49999999996572814,0.4799999998632959,0.5199999999817785
3.3729372937293727,0.4999999999662608,0.47999999986375896,0.5199999999822844
3.3734373437343734,0.4999999999667905,0.4799999998642205,0.5199999999827871
3.373937393739374,0.49999999996731725,0.4799999998646804,0.5199999999832868
3.374437443744374,0.49999999996784106,0.4799999998651388,0.5199999999837835
3.374937493749375,0.4999999999683619,0.4799999998655956,0.519999999984277
3.3754375437543755,0.49999999996887984,0.4799999998660509,0.5199999999847676
3.3759375937593763,0.4999999999693948,0.47999999986650466,0.5199999999852551
3.376437643764376,0.4999999999699069,0.47999999986695685,0.5199999999857395
3.376937693769377,0.49999999997041605,0.47999999986740755,0.519999999986221
3.3774377437743777,0.49999999997092237,0.4799999998678567,0.5199999999866995
3.3779377937793775,0.49999999997142575,0.47999999986830433,0.5199999999871749
3.3784378437843783,0.4999999999719263,0.4799999998687504,0.5199999999876475
3.378937893789379,0.49999999997242395,0.47999999986919506,0.519999999988117
3.37943794379438,0.4999999999729188,0.47999999986963815,0.5199999999885836
3.3799379937993796,0.4999999999734107,0.47999999987007974,0.5199999999890472
3.3804380438043804,0.4999999999738999,0.47999999987051983,0.519999999989508
3.380938093809381,0.49999999997438616,0.4799999998709584,0.5199999999899657
3.381438143814382,0.49999999997486966,0.4799999998713956,0.5199999999904206
3.3819381938193818,0.4999999999753504,0.4799999998718312,0.5199999999908725
3.3824382438243825,0.4999999999758283,0.4799999998722654,0.5199999999913216
3.3829382938293833,0.4999999999763034,0.47999999987269804,0.5199999999917678
3.383438343834383,0.49999999997677574,0.4799999998731293,0.5199999999922112
3.383938393839384,0.49999999997724537,0.47999999987355907,0.5199999999926517
3.3844384438443846,0.4999999999777122,0.47999999987398734,0.5199999999930893
3.3849384938493854,0.4999999999781763,0.4799999998744142,0.5199999999935242
3.3854385438543853,0.4999999999786377,0.47999999987483966,0.5199999999939562
3.385938593859386,0.49999999997909633,0.4799999998752636,0.5199999999943854
3.3864386438643868,0.49999999997955225,0.47999999987568615,0.5199999999948117
3.3869386938693866,0.4999999999800055,0.47999999987610725,0.5199999999952354
3.3874387438743874,0.499999999980456,0.4799999998765269,0.5199999999956562
3.387938793879388,0.4999999999809039,0.4799999998769452,0.5199999999960743
3.388438843884389,0.49999999998134903,0.479999999877362,0.5199999999964896
3.3889388938893887,0.49999999998179157,0.4799999998777775,0.5199999999969022
3.3894389438943895,0.49999999998223144,0.4799999998781915,0.519999999997312
3.3899389938993902,0.49999999998266864,0.4799999998786041,0.5199999999977191
3.39043904390439,0.49999999998310324,0.4799999998790153,0.5199999999981235
3.390939093909391,0.4999999999835352,0.47999999987942515,0.5199999999985252
3.3914391439143916,0.49999999998396455,0.4799999998798336,0.5199999999989242
3.3919391939193924,0.49999999998439126,0.47999999988024067,0.5199999999993206
3.3924392439243922,0.4999999999848154,0.47999999988064634,0.5199999999997142
3.392939293929393,0.499999999985237,0.47999999988105063,0.5200000000001053
3.3934393439343937,0.499999999985656,0.4799999998814536,0.5200000000004936
3.3939393939393936,0.4999999999860724,0.47999999988185515,0.5200000000008793
3.3944394439443943,0.49999999998648625,0.47999999988225533,0.5200000000012625
3.394939493949395,0.4999999999868976,0.4799999998826542,0.5200000000016429
3.395439543954396,0.4999999999873063,0.4799999998830517,0.5200000000020207
3.3959395939593957,0.4999999999877126,0.4799999998834479,0.5200000000023961
3.3964396439643965,0.49999999998811634,0.4799999998838427,0.5200000000027688
3.396939693969397,0.4999999999885175,0.47999999988423614,0.520000000003139
3.397439743974397,0.49999999998891625,0.47999999988462827,0.5200000000035064
3.397939793979398,0.4999999999893125,0.4799999998850191,0.5200000000038715
3.3984398439843986,0.49999999998970623,0.4799999998854086,0.520000000004234
3.3989398939893993,0.49999999999009753,0.4799999998857968,0.5200000000045939
3.399439943994399,0.49999999999048633,0.47999999988618364,0.5200000000049514
3.3999399939994,0.4999999999908727,0.47999999988656916,0.5200000000053063
3.4004400440044007,0.4999999999912566,0.4799999998869534,0.5200000000056587
3.4009400940094006,0.4999999999916381,0.4799999998873364,0.5200000000060087
3.4014401440144013,0.49999999999201716,0.479999999887718,0.520000000006356
3.401940194019402,0.4999999999923938,0.4799999998880983,0.5200000000067011
3.402440244024403,0.49999999999276806,0.4799999998884774,0.5200000000070436
3.4029402940294027,0.4999999999931399,0.47999999988885517,0.5200000000073837
3.4034403440344034,0.49999999999350936,0.4799999998892317,0.5200000000077213
3.403940394039404,0.4999999999938764,0.4799999998896069,0.5200000000080566
3.404440444044404,0.4999999999942411,0.4799999998899809,0.5200000000083893
3.404940494049405,0.4999999999946035,0.4799999998903535,0.5200000000087197
3.4054405440544055,0.4999999999949635,0.47999999989072495,0.5200000000090477
3.4059405940594063,0.49999999999532113,0.47999999989109515,0.5200000000093733
3.406440644064406,0.49999999999567646,0.479999999891464,0.5200000000096965
3.406940694069407,0.49999999999602945,0.4799999998918317,0.5200000000100173
3.4074407440744077,0.4999999999963802,0.4799999998921981,0.5200000000103359
3.4079407940794075,0.49999999999672856,0.47999999989256326,0.520000000010652
3.4084408440844083,0.4999999999970747,0.47999999989292724,0.5200000000109659
3.408940894089409,0.49999999999741845,0.4799999998932899,0.5200000000112773
3.40944094409441,0.49999999999776,0.4799999998936514,0.5200000000115865
3.4099409940994097,0.49999999999809924,0.47999999989401165,0.5200000000118934
3.4104410441044104,0.49999999999843625,0.4799999998943707,0.520000000012198
3.410941094109411,0.499999999998771,0.47999999989472847,0.5200000000125002
3.411441144114412,0.4999999999991035,0.47999999989508507,0.5200000000128003
3.4119411941194118,0.4999999999994338,0.4799999998954405,0.520000000013098
3.4124412441244125,0.49999999999976186,0.47999999989579467,0.5200000000133935
3.4129412941294133,0.5000000000000877,0.47999999989614767,0.5200000000136867
3.413441344134413,0.5000000000004113,0.47999999989649944,0.5200000000139777
3.413941394139414,0.5000000000007327,0.47999999989685005,0.5200000000142665
3.4144414441444146,0.500000000001052,0.4799999998971995,0.520000000014553
3.4149414941494154,0.5000000000013691,0.4799999998975477,0.5200000000148374
3.4154415441544153,0.500000000001684,0.47999999989789477,0.5200000000151195
3.415941594159416,0.5000000000019967,0.47999999989824066,0.5200000000153995
3.4164416441644168,0.5000000000023073,0.47999999989858533,0.5200000000156773
3.4169416941694166,0.5000000000026158,0.4799999998989289,0.5200000000159528
3.4174417441744174,0.5000000000029221,0.4799999998992712,0.5200000000162263
3.417941794179418,0.5000000000032262,0.47999999989961245,0.5200000000164976
3.418441844184419,0.5000000000035283,0.4799999998999525,0.5200000000167667
3.4189418941894187,0.5000000000038283,0.4799999999002914,0.5200000000170337
3.4194419441944195,0.5000000000041261,0.4799999999006292,0.5200000000172986
3.4199419941994202,0.5000000000044219,0.4799999999009658,0.5200000000175614
3.42044204420442,0.5000000000047156,0.47999999990130127,0.5200000000178221
3.420942094209421,0.5000000000050072,0.4799999999016356,0.5200000000180807
3.4214421442144216,0.5000000000052968,0.4799999999019688,0.5200000000183371
3.4219421942194224,0.5000000000055842,0.4799999999023009,0.5200000000185916
3.4224422442244222,0.5000000000058696,0.4799999999026318,0.5200000000188439
3.422942294229423,0.5000000000061531,0.47999999990296166,0.5200000000190942
3.4234423442344237,0.5000000000064344,0.4799999999032904,0.5200000000193424
3.4239423942394236,0.5000000000067137,0.47999999990361797,0.5200000000195886
3.4244424442444243,0.5000000000069911,0.4799999999039445,0.5200000000198328
3.424942494249425,0.5000000000072664,0.47999999990426984,0.520000000020075
3.425442544254426,0.5000000000075397,0.47999999990459413,0.5200000000203151
3.4259425942594257,0.5000000000078111,0.4799999999049173,0.5200000000205532
3.4264426442644265,0.5000000000080804,0.4799999999052394,0.5200000000207894
3.426942694269427,0.5000000000083479,0.4799999999055604,0.5200000000210235
3.427442744274427,0.5000000000086132,0.4799999999058803,0.5200000000212557
3.427942794279428,0.5000000000088767,0.4799999999061991,0.5200000000214859
3.4284428442844286,0.5000000000091382,0.47999999990651687,0.5200000000217142
3.4289428942894293,0.5000000000093978,0.47999999990683356,0.5200000000219405
3.429442944294429,0.5000000000096555,0.47999999990714914,0.5200000000221648
3.42994299429943,0.5000000000099112,0.47999999990746367,0.5200000000223873
3.4304430443044307,0.500000000010165,0.47999999990777714,0.5200000000226078
3.4309430943094306,0.5000000000104169,0.4799999999080895,0.5200000000228264
3.4314431443144313,0.5000000000106669,0.47999999990840087,0.5200000000230431
3.431943194319432,0.500000000010915,0.4799999999087112,0.520000000023258
3.432443244324433,0.5000000000111613,0.47999999990902037,0.5200000000234708
3.4329432943294327,0.5000000000114057,0.47999999990932857,0.5200000000236819
3.4334433443344334,0.5000000000116481,0.4799999999096357,0.520000000023891
3.433943394339434,0.5000000000118887,0.47999999990994185,0.5200000000240984
3.434443444344434,0.5000000000121275,0.4799999999102469,0.5200000000243038
3.434943494349435,0.5000000000123644,0.4799999999105509,0.5200000000245074
3.4354435443544356,0.5000000000125996,0.47999999991085396,0.5200000000247093
3.4359435943594363,0.500000000012833,0.47999999991115594,0.5200000000249092
3.436443644364436,0.5000000000130643,0.47999999991145686,0.5200000000251074
3.436943694369437,0.500000000013294,0.4799999999117568,0.5200000000253037
3.4374437443744377,0.500000000013522,0.4799999999120557,0.5200000000254982
3.4379437943794375,0.500000000013748,0.47999999991235365,0.520000000025691
3.4384438443844383,0.5000000000139723,0.4799999999126505,0.520000000025882
3.438943894389439,0.5000000000141948,0.4799999999129464,0.5200000000260712
3.43944394439444,0.5000000000144155,0.4799999999132413,0.5200000000262586
3.4399439943994397,0.5000000000146345,0.4799999999135352,0.5200000000264442
3.4404440444044404,0.5000000000148517,0.4799999999138281,0.5200000000266282
3.440944094409441,0.5000000000150672,0.47999999991412,0.5200000000268103
3.441444144414442,0.500000000015281,0.4799999999144109,0.5200000000269908
3.4419441944194418,0.5000000000154929,0.4799999999147008,0.5200000000271695
3.4424442444244425,0.5000000000157032,0.47999999991498976,0.5200000000273465
3.4429442944294433,0.5000000000159118,0.47999999991527775,0.5200000000275218
3.443444344434443,0.5000000000161187,0.47999999991556475,0.5200000000276954
3.443944394439444,0.5000000000163238,0.47999999991585074,0.5200000000278674
3.4444444444444446,0.5000000000165273,0.4799999999161358,0.5200000000280376
3.4449444944494454,0.5000000000167292,0.4799999999164199,0.5200000000282061
3.4454445444544453,0.5000000000169292,0.479999999916703,0.520000000028373
3.445944594459446,0.5000000000171276,0.47999999991698516,0.5200000000285383
3.4464446444644468,0.5000000000173245,0.4799999999172664,0.5200000000287018
3.4469446944694466,0.5000000000175195,0.47999999991754666,0.5200000000288638
3.4474447444744474,0.500000000017713,0.47999999991782594,0.5200000000290241
3.447944794479448,0.5000000000179049,0.4799999999181043,0.5200000000291828
3.448444844484449,0.5000000000180952,0.4799999999183817,0.5200000000293399
3.4489448944894487,0.5000000000182837,0.4799999999186582,0.5200000000294953
3.4494449444944495,0.5000000000184707,0.4799999999189338,0.5200000000296492
3.4499449944994502,0.5000000000186561,0.4799999999192084,0.5200000000298015
3.45044504450445,0.5000000000188398,0.47999999991948206,0.5200000000299522
3.450945094509451,0.500000000019022,0.4799999999197548,0.5200000000301013
3.4514451445144516,0.5000000000192026,0.4799999999200266,0.5200000000302488
3.4519451945194524,0.5000000000193816,0.4799999999202975,0.5200000000303948
3.4524452445244522,0.500000000019559,0.4799999999205675,0.5200000000305391
3.452945294529453,0.5000000000197349,0.4799999999208366,0.520000000030682
3.4534453445344537,0.5000000000199092,0.47999999992110476,0.5200000000308234
3.4539453945394536,0.5000000000200819,0.479999999921372,0.5200000000309632
3.4544454445444543,0.5000000000202532,0.47999999992163833,0.5200000000311015
3.454945494549455,0.5000000000204229,0.4799999999219038,0.5200000000312383
3.455445544554456,0.5000000000205911,0.47999999992216835,0.5200000000313736
3.4559455945594557,0.5000000000207576,0.479999999922432,0.5200000000315073
3.4564456445644565,0.5000000000209228,0.47999999992269476,0.5200000000316396
3.456945694569457,0.5000000000210864,0.4799999999229566,0.5200000000317704
3.457445744574457,0.5000000000212486,0.47999999992321757,0.5200000000318997
3.457945794579458,0.5000000000214091,0.4799999999234777,0.5200000000320275
3.4584458445844586,0.5000000000215683,0.4799999999237369,0.5200000000321539
3.4589458945894593,0.500000000021726,0.4799999999239952,0.5200000000322789
3.459445944594459,0.5000000000218822,0.4799999999242527,0.5200000000324023
3.45994599459946,0.5000000000220368,0.4799999999245093,0.5200000000325243
3.4604460446044607,0.5000000000221901,0.479999999924765,0.520000000032645
3.4609460946094606,0.5000000000223419,0.47999999992501985,0.5200000000327641
3.4614461446144613,0.5000000000224923,0.47999999992527387,0.5200000000328819
3.461946194619462,0.5000000000226412,0.479999999925527,0.5200000000329983
3.462446244624463,0.5000000000227888,0.47999999992577924,0.5200000000331133
3.4629462946294627,0.5000000000229349,0.4799999999260307,0.5200000000332268
3.4634463446344634,0.5000000000230795,0.47999999992628123,0.520000000033339
3.463946394639464,0.5000000000232228,0.479999999926531,0.5200000000334498
3.464446444644464,0.5000000000233646,0.47999999992677983,0.5200000000335592
3.464946494649465,0.5000000000235051,0.47999999992702785,0.5200000000336673
3.4654465446544656,0.5000000000236442,0.47999999992727505,0.520000000033774
3.4659465946594663,0.5000000000237819,0.4799999999275214,0.5200000000338794
3.466446644664466,0.5000000000239182,0.47999999992776693,0.5200000000339834
3.466946694669467,0.5000000000240532,0.4799999999280116,0.520000000034086
3.4674467446744677,0.5000000000241868,0.4799999999282555,0.5200000000341873
3.4679467946794675,0.500000000024319,0.4799999999284985,0.5200000000342874
3.4684468446844683,0.5000000000244499,0.4799999999287407,0.5200000000343861
3.468946894689469,0.5000000000245794,0.4799999999289821,0.5200000000344834
3.46944694469447,0.5000000000247077,0.47999999992922265,0.5200000000345796
3.4699469946994697,0.5000000000248346,0.4799999999294624,0.5200000000346744
3.4704470447044704,0.5000000000249601,0.4799999999297014,0.5200000000347679
3.470947094709471,0.5000000000250844,0.47999999992993947,0.5200000000348601
3.471447144714472,0.5000000000252073,0.47999999993017683,0.5200000000349511
3.4719471947194718,0.500000000025329,0.47999999993041337,0.5200000000350408
3.4724472447244725,0.5000000000254493,0.47999999993064907,0.5200000000351293
3.4729472947294733,0.5000000000255684,0.479999999930884,0.5200000000352164
3.473447344734473,0.5000000000256862,0.47999999993111814,0.5200000000353023
3.473947394739474,0.5000000000258027,0.47999999993135145,0.520000000035387
3.4744474447444746,0.5000000000259179,0.479999999931584,0.5200000000354705
3.4749474947494754,0.5000000000260318,0.47999999993181575,0.5200000000355527
3.4754475447544753,0.5000000000261446,0.47999999993204673,0.5200000000356337
3.475947594759476,0.5000000000262561,0.47999999993227693,0.5200000000357136
3.4764476447644768,0.5000000000263664,0.4799999999325063,0.5200000000357922
3.4769476947694766,0.5000000000264753,0.47999999993273496,0.5200000000358695
3.4774477447744774,0.5000000000265831,0.47999999993296283,0.5200000000359458
3.477947794779478,0.5000000000266897,0.47999999993318987,0.5200000000360208
3.478447844784479,0.5000000000267949,0.4799999999334162,0.5200000000360947
3.4789478947894787,0.500000000026899,0.47999999993364173,0.5200000000361673
3.4794479447944795,0.500000000027002,0.47999999993386655,0.5200000000362388
3.4799479947994802,0.5000000000271037,0.47999999993409054,0.5200000000363092
3.48044804480448,0.5000000000272041,0.4799999999343138,0.5200000000363784
3.480948094809481,0.5000000000273035,0.47999999993453635,0.5200000000364464
3.4814481448144816,0.5000000000274016,0.47999999993475806,0.5200000000365134
3.4819481948194824,0.5000000000274986,0.4799999999349791,0.5200000000365792
3.4824482448244822,0.5000000000275944,0.4799999999351994,0.5200000000366438
3.482948294829483,0.500000000027689,0.47999999993541886,0.5200000000367073
3.4834483448344837,0.5000000000277824,0.47999999993563763,0.5200000000367698
3.4839483948394836,0.5000000000278748,0.4799999999358556,0.5200000000368311
3.4844484448444843,0.500000000027966,0.47999999993607295,0.5200000000368913
3.484948494849485,0.5000000000280561,0.4799999999362895,0.5200000000369505
3.485448544854486,0.500000000028145,0.4799999999365053,0.5200000000370084
3.4859485948594857,0.5000000000282327,0.4799999999367204,0.5200000000370654
3.4864486448644865,0.5000000000283195,0.47999999993693476,0.5200000000371213
3.486948694869487,0.5000000000284051,0.47999999993714837,0.5200000000371761
3.487448744874487,0.5000000000284894,0.47999999993736125,0.5200000000372298
3.487948794879488,0.5000000000285728,0.4799999999375735,0.5200000000372825
3.4884488448844886,0.5000000000286551,0.4799999999377849,0.5200000000373342
3.4889488948894893,0.5000000000287362,0.4799999999379957,0.5200000000373848
3.489448944894489,0.5000000000288163,0.4799999999382057,0.5200000000374343
3.48994899489949,0.5000000000288953,0.479999999938415,0.5200000000374828
3.4904490449044907,0.5000000000289733,0.47999999993862363,0.5200000000375303
3.4909490949094906,0.5000000000290501,0.4799999999388316,0.5200000000375767
3.4914491449144913,0.5000000000291259,0.47999999993903875,0.5200000000376223
3.491949194919492,0.5000000000292006,0.47999999993924525,0.5200000000376667
3.492449244924493,0.5000000000292744,0.4799999999394511,0.5200000000377101
3.4929492949294927,0.500000000029347,0.4799999999396562,0.5200000000377526
3.4934493449344934,0.5000000000294186,0.4799999999398606,0.520000000037794
3.493949394939494,0.5000000000294892,0.4799999999400643,0.5200000000378345
3.494449444944494,0.5000000000295587,0.4799999999402673,0.5200000000378739
3.494949494949495,0.5000000000296273,0.47999999994046966,0.5200000000379126
3.4954495449544956,0.5000000000296948,0.47999999994067133,0.5200000000379501
3.4959495949594963,0.5000000000297613,0.4799999999408723,0.5200000000379866
3.496449644964496,0.5000000000298268,0.4799999999410726,0.5200000000380223
3.496949694969497,0.5000000000298913,0.4799999999412722,0.520000000038057
3.4974497449744977,0.5000000000299548,0.47999999994147113,0.5200000000380908
3.4979497949794975,0.5000000000300173,0.4799999999416694,0.5200000000381235
3.4984498449844983,0.5000000000300788,0.479999999941867,0.5200000000381554
3.498949894989499,0.5000000000301394,0.47999999994206394,0.5200000000381864
3.4994499449945,0.5000000000301991,0.47999999994226017,0.5200000000382164
3.4999499949994997,0.5000000000302577,0.4799999999424558,0.5200000000382455
3.5004500450045004,0.5000000000303153,0.4799999999426507,0.5200000000382737
3.500950095009501,0.500000000030372,0.479999999942845,0.520000000038301
3.501450145014502,0.5000000000304278,0.4799999999430386,0.5200000000383275
3.5019501950195018,0.5000000000304826,0.4799999999432315,0.5200000000383529
3.5024502450245025,0.5000000000305365,0.47999999994342385,0.5200000000383775
3.5029502950295033,0.5000000000305894,0.4799999999436155,0.5200000000384013
3.503450345034503,0.5000000000306415,0.4799999999438065,0.5200000000384242
3.503950395039504,0.5000000000306926,0.47999999994399684,0.5200000000384462
3.5044504450445046,0.5000000000307427,0.4799999999441865,0.5200000000384672
3.5049504950495054,0.500000000030792,0.4799999999443756,0.5200000000384876
3.5054505450545053,0.5000000000308403,0.47999999994456405,0.520000000038507
3.505950595059506,0.5000000000308878,0.47999999994475184,0.5200000000385255
3.5064506450645068,0.5000000000309344,0.47999999994493897,0.5200000000385433
3.5069506950695066,0.5000000000309801,0.4799999999451255,0.5200000000385602
3.5074507450745074,0.5000000000310248,0.4799999999453114,0.5200000000385763
3.507950795079508,0.5000000000310688,0.47999999994549664,0.5200000000385915
3.508450845084509,0.5000000000311118,0.47999999994568127,0.5200000000386058
3.5089508950895087,0.500000000031154,0.47999999994586523,0.5200000000386195
3.5094509450945095,0.5000000000311953,0.47999999994604864,0.5200000000386322
3.5099509950995103,0.5000000000312357,0.4799999999462314,0.5200000000386442
3.51045104510451,0.5000000000312752,0.4799999999464135,0.5200000000386553
3.510951095109511,0.500000000031314,0.47999999994659504,0.5200000000386658
3.5114511451145116,0.5000000000313518,0.47999999994677595,0.5200000000386753
3.5119511951195124,0.5000000000313889,0.47999999994695625,0.5200000000386841
3.5124512451245122,0.5000000000314251,0.47999999994713594,0.5200000000386922
3.512951295129513,0.5000000000314605,0.479999999947315,0.5200000000386994
3.5134513451345137,0.500000000031495,0.4799999999474935,0.5200000000387058
3.5139513951395136,0.5000000000315288,0.47999999994767134,0.5200000000387115
3.5144514451445144,0.5000000000315616,0.4799999999478486,0.5200000000387165
3.514951495149515,0.5000000000315937,0.4799999999480252,0.5200000000387207
3.515451545154516,0.500000000031625,0.4799999999482013,0.5200000000387242
3.5159515951595157,0.5000000000316556,0.4799999999483768,0.5200000000387268
3.5164516451645165,0.5000000000316852,0.47999999994855164,0.5200000000387288
3.5169516951695172,0.5000000000317142,0.47999999994872594,0.52000000003873
3.517451745174517,0.5000000000317423,0.47999999994889964,0.5200000000387305
3.517951795179518,0.5000000000317696,0.4799999999490727,0.5200000000387303
3.5184518451845186,0.5000000000317962,0.47999999994924525,0.5200000000387294
3.5189518951895193,0.500000000031822,0.47999999994941717,0.5200000000387277
3.519451945194519,0.500000000031847,0.47999999994958853,0.5200000000387253
3.51995199519952,0.5000000000318713,0.4799999999497593,0.5200000000387222
3.5204520452045207,0.5000000000318948,0.4799999999499295,0.5200000000387184
3.5209520952095206,0.5000000000319176,0.47999999995009907,0.5200000000387139
3.5214521452145213,0.5000000000319396,0.4799999999502681,0.5200000000387087
3.521952195219522,0.5000000000319608,0.4799999999504366,0.520000000038703
3.522452245224523,0.5000000000319813,0.4799999999506045,0.5200000000386964
3.5229522952295227,0.5000000000320011,0.4799999999507718,0.5200000000386892
3.5234523452345234,0.5000000000320202,0.47999999995093856,0.5200000000386813
3.523952395239524,0.5000000000320385,0.47999999995110476,0.5200000000386727
3.524452445244524,0.5000000000320561,0.47999999995127035,0.5200000000386635
3.524952495249525,0.500000000032073,0.47999999995143544,0.5200000000386537
3.5254525452545256,0.5000000000320891,0.4799999999516,0.5200000000386431
3.5259525952595263,0.5000000000321047,0.4799999999517639,0.5200000000386319
3.526452645264526,0.5000000000321194,0.4799999999519273,0.5200000000386201
3.526952695269527,0.5000000000321335,0.47999999995209014,0.5200000000386077
3.5274527452745277,0.5000000000321468,0.47999999995225245,0.5200000000385946
3.5279527952795275,0.5000000000321595,0.47999999995241416,0.5200000000385808
3.5284528452845283,0.5000000000321715,0.47999999995257536,0.5200000000385665
3.528952895289529,0.5000000000321828,0.479999999952736,0.5200000000385515
3.52945294529453,0.5000000000321935,0.4799999999528961,0.5200000000385359
3.5299529952995297,0.5000000000322035,0.4799999999530557,0.5200000000385196
3.5304530453045304,0.5000000000322128,0.4799999999532147,0.5200000000385029
3.530953095309531,0.5000000000322214,0.47999999995337317,0.5200000000384855
3.531453145314532,0.5000000000322294,0.47999999995353115,0.5200000000384675
3.531953195319532,0.5000000000322368,0.4799999999536885,0.5200000000384488
3.5324532453245325,0.5000000000322434,0.4799999999538454,0.5200000000384296
3.5329532953295333,0.5000000000322494,0.4799999999540018,0.5200000000384098
3.533453345334533,0.5000000000322549,0.4799999999541576,0.5200000000383895
3.533953395339534,0.5000000000322596,0.47999999995431286,0.5200000000383685
3.5344534453445347,0.5000000000322637,0.4799999999544676,0.520000000038347
3.5349534953495354,0.5000000000322672,0.4799999999546219,0.5200000000383249
3.5354535453545353,0.5000000000322701,0.4799999999547756,0.5200000000383023
3.535953595359536,0.5000000000322724,0.4799999999549288,0.5200000000382791
3.5364536453645368,0.500000000032274,0.47999999995508147,0.5200000000382553
3.5369536953695366,0.500000000032275,0.4799999999552336,0.520000000038231
3.5374537453745374,0.5000000000322754,0.4799999999553853,0.5200000000382061
3.537953795379538,0.5000000000322752,0.4799999999555364,0.5200000000381807
3.538453845384539,0.5000000000322744,0.47999999995568704,0.5200000000381548
3.5389538953895388,0.5000000000322731,0.47999999995583714,0.5200000000381283
3.5394539453945395,0.5000000000322711,0.47999999995598674,0.5200000000381013
3.5399539953995403,0.5000000000322685,0.4799999999561358,0.5200000000380738
3.54045404540454,0.5000000000322653,0.4799999999562844,0.5200000000380457
3.540954095409541,0.5000000000322616,0.4799999999564325,0.520000000038017
3.5414541454145416,0.5000000000322573,0.47999999995658005,0.520000000037988
3.5419541954195424,0.5000000000322524,0.47999999995672715,0.5200000000379583
3.5424542454245422,0.500000000032247,0.47999999995687376,0.5200000000379282
3.542954295429543,0.500000000032241,0.4799999999570198,0.5200000000378976
3.5434543454345437,0.5000000000322344,0.4799999999571654,0.5200000000378665
3.5439543954395436,0.5000000000322272,0.4799999999573105,0.5200000000378349
3.5444544454445444,0.5000000000322196,0.4799999999574551,0.5200000000378028
3.544954495449545,0.5000000000322113,0.47999999995759923,0.5200000000377702
3.545454545454546,0.5000000000322026,0.4799999999577429,0.5200000000377372
3.5459545954595457,0.5000000000321932,0.479999999957886,0.5200000000377035
3.5464546454645465,0.5000000000321834,0.47999999995802867,0.5200000000376696
3.5469546954695472,0.500000000032173,0.47999999995817083,0.520000000037635
3.547454745474547,0.5000000000321622,0.47999999995831255,0.5200000000376
3.547954795479548,0.5000000000321507,0.47999999995845377,0.5200000000375646
3.5484548454845486,0.5000000000321387,0.4799999999585945,0.5200000000375288
3.5489548954895493,0.5000000000321263,0.47999999995873477,0.5200000000374924
3.549454945494549,0.5000000000321133,0.47999999995887455,0.5200000000374556
3.54995499549955,0.5000000000320998,0.4799999999590139,0.5200000000374183
3.5504550455045507,0.5000000000320858,0.4799999999591527,0.5200000000373806
3.5509550955095506,0.5000000000320712,0.47999999995929105,0.5200000000373425
3.5514551455145513,0.5000000000320562,0.47999999995942894,0.520000000037304
3.551955195519552,0.5000000000320407,0.4799999999595664,0.5200000000372649
3.552455245524553,0.5000000000320247,0.4799999999597033,0.5200000000372255
3.5529552955295527,0.5000000000320083,0.4799999999598399,0.5200000000371856
3.5534553455345534,0.5000000000319913,0.4799999999599759,0.5200000000371453
3.553955395539554,0.5000000000319738,0.4799999999601115,0.5200000000371046
3.554455445544554,0.5000000000319559,0.4799999999602466,0.5200000000370635
3.554955495549555,0.5000000000319375,0.4799999999603813,0.520000000037022
3.5554555455545556,0.5000000000319186,0.47999999996051546,0.52000000003698
3.5559555955595563,0.5000000000318993,0.47999999996064924,0.5200000000369376
3.556455645564556,0.5000000000318795,0.4799999999607825,0.5200000000368948
3.556955695569557,0.5000000000318592,0.47999999996091536,0.5200000000368517
3.5574557455745577,0.5000000000318384,0.47999999996104775,0.5200000000368081
3.5579557955795575,0.5000000000318173,0.4799999999611797,0.5200000000367642
3.5584558455845583,0.5000000000317957,0.4799999999613112,0.5200000000367199
3.558955895589559,0.5000000000317736,0.47999999996144227,0.5200000000366751
3.55945594559456,0.500000000031751,0.4799999999615729,0.52000000003663
3.5599559955995597,0.5000000000317281,0.47999999996170306,0.5200000000365846
3.5604560456045604,0.5000000000317047,0.4799999999618328,0.5200000000365388
3.560956095609561,0.5000000000316809,0.4799999999619621,0.5200000000364925
3.561456145614562,0.5000000000316567,0.4799999999620909,0.520000000036446
3.561956195619562,0.500000000031632,0.4799999999622193,0.520000000036399
3.5624562456245625,0.5000000000316068,0.4799999999623473,0.5200000000363517
3.5629562956295633,0.5000000000315814,0.4799999999624749,0.5200000000363041
3.563456345634563,0.5000000000315554,0.47999999996260195,0.520000000036256
3.563956395639564,0.5000000000315291,0.4799999999627287,0.5200000000362076
3.5644564456445647,0.5000000000315024,0.4799999999628549,0.520000000036159
3.5649564956495654,0.5000000000314752,0.47999999996298076,0.5200000000361099
3.5654565456545653,0.5000000000314476,0.47999999996310616,0.5200000000360605
3.565956595659566,0.5000000000314196,0.4799999999632311,0.5200000000360108
3.5664566456645668,0.5000000000313912,0.4799999999633557,0.5200000000359607
3.5669566956695666,0.5000000000313626,0.4799999999634798,0.5200000000359103
3.5674567456745674,0.5000000000313334,0.4799999999636035,0.5200000000358596
3.567956795679568,0.5000000000313038,0.4799999999637268,0.5200000000358085
3.568456845684569,0.500000000031274,0.4799999999638497,0.5200000000357571
3.5689568956895688,0.5000000000312437,0.47999999996397213,0.5200000000357053
3.5694569456945695,0.5000000000312129,0.47999999996409415,0.5200000000356534
3.5699569956995703,0.500000000031182,0.47999999996421583,0.520000000035601
3.57045704570457,0.5000000000311505,0.479999999964337,0.5200000000355484
3.570957095709571,0.5000000000311188,0.4799999999644578,0.5200000000354954
3.5714571457145716,0.5000000000310866,0.4799999999645782,0.5200000000354422
3.5719571957195724,0.500000000031054,0.4799999999646982,0.5200000000353887
3.5724572457245722,0.5000000000310212,0.4799999999648178,0.5200000000353349
3.572957295729573,0.500000000030988,0.479999999964937,0.5200000000352807
3.5734573457345737,0.5000000000309544,0.47999999996505577,0.5200000000352263
3.5739573957395736,0.5000000000309205,0.4799999999651741,0.5200000000351716
3.5744574457445744,0.5000000000308862,0.4799999999652921,0.5200000000351166
3.574957495749575,0.5000000000308515,0.47999999996540965,0.5200000000350613
3.575457545754576,0.5000000000308167,0.47999999996552684,0.5200000000350057
3.5759575957595757,0.5000000000307814,0.47999999996564363,0.5200000000349498
3.5764576457645765,0.5000000000307457,0.47999999996576,0.5200000000348938
3.5769576957695772,0.5000000000307098,0.479999999965876,0.5200000000348374
3.577457745774577,0.5000000000306735,0.4799999999659916,0.5200000000347808
3.577957795779578,0.5000000000306368,0.47999999996610676,0.5200000000347238
3.5784578457845786,0.5000000000305999,0.47999999996622156,0.5200000000346666
3.5789578957895793,0.5000000000305627,0.479999999966336,0.5200000000346092
3.579457945794579,0.500000000030525,0.47999999996645004,0.5200000000345515
3.57995799579958,0.5000000000304872,0.4799999999665637,0.5200000000344935
3.5804580458045807,0.500000000030449,0.47999999996667697,0.5200000000344354
3.5809580958095806,0.5000000000304105,0.4799999999667898,0.5200000000343769
3.5814581458145813,0.5000000000303716,0.47999999996690235,0.5200000000343182
3.581958195819582,0.5000000000303325,0.4799999999670144,0.5200000000342593
3.582458245824583,0.5000000000302931,0.47999999996712617,0.5200000000342001
3.5829582958295827,0.5000000000302534,0.4799999999672375,0.5200000000341407
3.5834583458345834,0.5000000000302134,0.47999999996734855,0.520000000034081
3.583958395839584,0.5000000000301731,0.4799999999674591,0.5200000000340211
3.584458445844584,0.5000000000301325,0.47999999996756937,0.5200000000339611
3.584958495849585,0.5000000000300916,0.4799999999676792,0.5200000000339007
3.5854585458545856,0.5000000000300504,0.4799999999677887,0.5200000000338402
3.5859585958595863,0.500000000030009,0.47999999996789783,0.5200000000337794
3.586458645864586,0.5000000000299673,0.4799999999680066,0.5200000000337184
3.586958695869587,0.5000000000299252,0.47999999996811493,0.5200000000336572
3.5874587458745877,0.500000000029883,0.47999999996822296,0.5200000000335958
3.5879587958795875,0.5000000000298404,0.4799999999683306,0.5200000000335341
3.5884588458845883,0.5000000000297976,0.4799999999684379,0.5200000000334722
3.588958895889589,0.5000000000297545,0.4799999999685448,0.5200000000334103
3.58945894589459,0.5000000000297111,0.47999999996865134,0.520000000033348
3.5899589958995897,0.5000000000296675,0.47999999996875753,0.5200000000332855
3.5904590459045904,0.5000000000296236,0.47999999996886333,0.5200000000332229
3.590959095909591,0.5000000000295796,0.4799999999689688,0.52000000003316
3.591459145914592,0.5000000000295352,0.47999999996907394,0.520000000033097
3.591959195919592,0.5000000000294905,0.4799999999691787,0.5200000000330338
3.5924592459245925,0.5000000000294457,0.4799999999692831,0.5200000000329704
3.5929592959295933,0.5000000000294006,0.4799999999693872,0.5200000000329068
3.593459345934593,0.5000000000293552,0.4799999999694909,0.520000000032843
3.593959395939594,0.5000000000293097,0.4799999999695942,0.520000000032779
3.5944594459445947,0.5000000000292638,0.4799999999696972,0.5200000000327148
3.5949594959495954,0.5000000000292177,0.47999999996979986,0.5200000000326506
3.5954595459545953,0.5000000000291714,0.47999999996990217,0.5200000000325861
3.595959595959596,0.5000000000291249,0.47999999997000414,0.5200000000325214
3.5964596459645968,0.5000000000290781,0.47999999997010573,0.5200000000324566
3.5969596959695966,0.5000000000290311,0.479999999970207,0.5200000000323916
3.5974597459745974,0.5000000000289839,0.4799999999703079,0.5200000000323265
3.597959795979598,0.5000000000289365,0.4799999999704085,0.5200000000322611
3.598459845984599,0.5000000000288889,0.47999999997050874,0.5200000000321956
3.5989598959895988,0.5000000000288409,0.47999999997060866,0.52000000003213
3.5994599459945995,0.5000000000287929,0.4799999999707082,0.5200000000320643
3.5999599959996003,0.5000000000287446,0.47999999997080744,0.5200000000319983
3.6004600460046,0.5000000000286962,0.4799999999709063,0.5200000000319321
3.600960096009601,0.5000000000286474,0.47999999997100484,0.520000000031866
3.6014601460146016,0.5000000000285985,0.4799999999711031,0.5200000000317996
3.6019601960196024,0.5000000000285494,0.47999999997120096,0.520000000031733
3.6024602460246022,0.5000000000285001,0.4799999999712985,0.5200000000316664
3.602960296029603,0.5000000000284506,0.47999999997139575,0.5200000000315995
3.6034603460346037,0.5000000000284008,0.4799999999714926,0.5200000000315326
3.6039603960396036,0.500000000028351,0.4799999999715892,0.5200000000314655
3.6044604460446044,0.5000000000283009,0.47999999997168546,0.5200000000313982
3.604960496049605,0.5000000000282506,0.4799999999717814,0.520000000031331
3.605460546054606,0.5000000000282001,0.479999999971877,0.5200000000312635
3.6059605960596057,0.5000000000281495,0.47999999997197224,0.5200000000311958
3.6064606460646065,0.5000000000280986,0.47999999997206716,0.5200000000311281
3.6069606960696072,0.5000000000280477,0.4799999999721618,0.5200000000310603
3.607460746074607,0.5000000000279965,0.47999999997225606,0.5200000000309923
3.607960796079608,0.5000000000279451,0.47999999997235004,0.5200000000309243
3.6084608460846086,0.5000000000278936,0.47999999997244375,0.520000000030856
3.6089608960896093,0.5000000000278418,0.47999999997253706,0.5200000000307877
3.609460946094609,0.50000000002779,0.4799999999726301,0.5200000000307193
3.60996099609961,0.5000000000277379,0.4799999999727228,0.5200000000306507
3.6104610461046107,0.5000000000276857,0.47999999997281523,0.5200000000305821
3.6109610961096106,0.5000000000276333,0.4799999999729073,0.5200000000305134
3.6114611461146113,0.5000000000275808,0.4799999999729991,0.5200000000304446
3.611961196119612,0.5000000000275282,0.47999999997309056,0.5200000000303756
3.612461246124613,0.5000000000274754,0.4799999999731817,0.5200000000303066
3.6129612961296127,0.5000000000274223,0.47999999997327253,0.5200000000302374
3.6134613461346134,0.5000000000273691,0.47999999997336307,0.5200000000301681
3.613961396139614,0.5000000000273158,0.47999999997345333,0.5200000000300988
3.614461446144614,0.5000000000272624,0.47999999997354326,0.5200000000300293
3.614961496149615,0.5000000000272088,0.47999999997363285,0.5200000000299598
3.6154615461546156,0.5000000000271551,0.47999999997372217,0.5200000000298902
3.6159615961596163,0.5000000000271012,0.4799999999738112,0.5200000000298205
3.616461646164616,0.5000000000270471,0.4799999999738999,0.5200000000297508
3.616961696169617,0.500000000026993,0.4799999999739883,0.5200000000296809
3.6174617461746177,0.5000000000269387,0.47999999997407644,0.520000000029611
3.6179617961796176,0.5000000000268843,0.47999999997416426,0.5200000000295409
3.6184618461846183,0.5000000000268296,0.47999999997425175,0.5200000000294709
3.618961896189619,0.500000000026775,0.47999999997433895,0.5200000000294007
3.61946194619462,0.5000000000267202,0.4799999999744259,0.5200000000293304
3.6199619961996197,0.5000000000266652,0.47999999997451254,0.5200000000292601
3.6204620462046204,0.5000000000266102,0.47999999997459886,0.5200000000291898
3.620962096209621,0.500000000026555,0.4799999999746849,0.5200000000291193
3.621462146214622,0.5000000000264996,0.47999999997477066,0.5200000000290488
3.621962196219622,0.5000000000264442,0.47999999997485615,0.5200000000289782
3.6224622462246225,0.5000000000263887,0.4799999999749413,0.5200000000289076
3.6229622962296233,0.5000000000263329,0.4799999999750262,0.5200000000288368
3.623462346234623,0.5000000000262772,0.4799999999751108,0.520000000028766
3.623962396239624,0.5000000000262212,0.4799999999751951,0.5200000000286952
3.6244624462446247,0.5000000000261652,0.47999999997527915,0.5200000000286243
3.6249624962496254,0.5000000000261091,0.47999999997536286,0.5200000000285534
3.6254625462546253,0.5000000000260529,0.47999999997544635,0.5200000000284825
3.625962596259626,0.5000000000259965,0.4799999999755295,0.5200000000284114
3.6264626462646268,0.5000000000259401,0.4799999999756124,0.5200000000283403
3.6269626962696266,0.5000000000258836,0.479999999975695,0.5200000000282692
3.6274627462746274,0.5000000000258269,0.47999999997577736,0.520000000028198
3.627962796279628,0.5000000000257702,0.4799999999758594,0.5200000000281267
3.628462846284629,0.5000000000257133,0.47999999997594117,0.5200000000280555
3.6289628962896288,0.5000000000256565,0.47999999997602266,0.5200000000279842
3.6294629462946295,0.5000000000255994,0.4799999999761039,0.5200000000279128
3.6299629962996303,0.5000000000255423,0.4799999999761848,0.5200000000278415
3.63046304630463,0.5000000000254851,0.4799999999762655,0.52000000002777
3.630963096309631,0.5000000000254278,0.4799999999763459,0.5200000000276986
3.6314631463146316,0.5000000000253705,0.479999999976426,0.5200000000276271
3.6319631963196324,0.500000000025313,0.4799999999765059,0.5200000000275556
3.6324632463246322,0.5000000000252555,0.4799999999765855,0.520000000027484
3.632963296329633,0.5000000000251978,0.47999999997666476,0.5200000000274125
3.6334633463346337,0.5000000000251401,0.4799999999767438,0.5200000000273409
3.6339633963396336,0.5000000000250824,0.47999999997682263,0.5200000000272693
3.6344634463446344,0.5000000000250244,0.4799999999769011,0.5200000000271976
3.634963496349635,0.5000000000249666,0.4799999999769794,0.520000000027126
3.635463546354636,0.5000000000249085,0.47999999997705733,0.5200000000270543
3.6359635963596357,0.5000000000248505,0.47999999997713505,0.5200000000269825
3.6364636463646365,0.5000000000247923,0.47999999997721254,0.5200000000269108
3.6369636963696372,0.5000000000247341,0.4799999999772897,0.5200000000268391
3.637463746374637,0.5000000000246758,0.47999999997736664,0.5200000000267673
3.637963796379638,0.5000000000246174,0.4799999999774433,0.5200000000266956
3.6384638463846386,0.500000000024559,0.47999999997751974,0.5200000000266237
3.6389638963896394,0.5000000000245005,0.47999999997759585,0.520000000026552
3.639463946394639,0.500000000024442,0.4799999999776718,0.5200000000264802
3.63996399639964,0.5000000000243834,0.4799999999777474,0.5200000000264083
3.6404640464046407,0.5000000000243248,0.4799999999778228,0.5200000000263365
3.6409640964096406,0.500000000024266,0.4799999999778979,0.5200000000262647
3.6414641464146413,0.5000000000242073,0.47999999997797277,0.5200000000261928
3.641964196419642,0.5000000000241485,0.4799999999780474,0.520000000026121
3.642464246424643,0.5000000000240896,0.47999999997812176,0.5200000000260492
3.6429642964296427,0.5000000000240307,0.47999999997819587,0.5200000000259773
3.6434643464346435,0.5000000000239717,0.4799999999782697,0.5200000000259055
3.643964396439644,0.5000000000239126,0.4799999999783433,0.5200000000258337
3.644464446444644,0.5000000000238536,0.4799999999784167,0.5200000000257619
3.644964496449645,0.5000000000237945,0.4799999999784898,0.5200000000256901
3.6454645464546456,0.5000000000237353,0.4799999999785627,0.5200000000256183
3.6459645964596463,0.5000000000236762,0.4799999999786353,0.5200000000255465
3.646464646464646,0.5000000000236169,0.4799999999787077,0.5200000000254748
3.646964696469647,0.5000000000235576,0.4799999999787798,0.5200000000254029
3.6474647464746477,0.5000000000234983,0.4799999999788517,0.5200000000253312
3.6479647964796476,0.500000000023439,0.4799999999789233,0.5200000000252594
3.6484648464846483,0.5000000000233796,0.47999999997899473,0.5200000000251876
3.648964896489649,0.5000000000233201,0.47999999997906584,0.5200000000251159
3.64946494649465,0.5000000000232607,0.4799999999791368,0.5200000000250442
3.6499649964996497,0.5000000000232012,0.47999999997920745,0.5200000000249726
3.6504650465046504,0.5000000000231417,0.4799999999792779,0.5200000000249009
3.650965096509651,0.5000000000230822,0.47999999997934806,0.5200000000248293
3.651465146514652,0.5000000000230226,0.47999999997941806,0.5200000000247577
3.651965196519652,0.500000000022963,0.4799999999794877,0.520000000024686
3.6524652465246525,0.5000000000229033,0.4799999999795572,0.5200000000246144
3.6529652965296533,0.5000000000228437,0.4799999999796265,0.5200000000245428
3.653465346534653,0.5000000000227841,0.4799999999796955,0.5200000000244713
3.653965396539654,0.5000000000227244,0.4799999999797643,0.5200000000243998
3.6544654465446547,0.5000000000226646,0.47999999997983284,0.5200000000243284
3.6549654965496554,0.5000000000226049,0.47999999997990117,0.520000000024257
3.6554655465546553,0.5000000000225452,0.4799999999799692,0.5200000000241856
3.655965596559656,0.5000000000224855,0.47999999998003706,0.5200000000241142
3.656465646564657,0.5000000000224257,0.4799999999801047,0.5200000000240428
3.6569656965696566,0.5000000000223659,0.4799999999801721,0.5200000000239715
3.6574657465746574,0.500000000022306,0.4799999999802393,0.5200000000239002
3.657965796579658,0.5000000000222463,0.4799999999803062,0.5200000000238291
3.658465846584659,0.5000000000221865,0.4799999999803729,0.5200000000237578
3.6589658965896588,0.5000000000221266,0.4799999999804394,0.5200000000236866
3.6594659465946595,0.5000000000220668,0.4799999999805057,0.5200000000236156
3.6599659965996603,0.500000000022007,0.4799999999805717,0.5200000000235445
3.66046604660466,0.5000000000219471,0.4799999999806375,0.5200000000234735
3.660966096609661,0.5000000000218873,0.4799999999807031,0.5200000000234024
3.6614661466146616,0.5000000000218274,0.4799999999807685,0.5200000000233315
3.6619661966196624,0.5000000000217676,0.4799999999808336,0.5200000000232606
3.6624662466246622,0.5000000000217076,0.47999999998089854,0.5200000000231898
3.662966296629663,0.5000000000216478,0.47999999998096327,0.520000000023119
3.6634663466346638,0.500000000021588,0.4799999999810277,0.5200000000230481
3.6639663966396636,0.5000000000215281,0.479999999981092,0.5200000000229775
3.6644664466446644,0.5000000000214683,0.47999999998115606,0.5200000000229068
3.664966496649665,0.5000000000214084,0.4799999999812199,0.5200000000228362
3.665466546654666,0.5000000000213486,0.4799999999812835,0.5200000000227657
3.6659665966596657,0.5000000000212887,0.4799999999813469,0.5200000000226952
3.6664666466646665,0.5000000000212289,0.4799999999814101,0.5200000000226247
3.6669666966696672,0.5000000000211691,0.479999999981473,0.5200000000225543
3.667466746674667,0.5000000000211093,0.4799999999815358,0.5200000000224839
3.667966796679668,0.5000000000210495,0.47999999998159837,0.5200000000224136
3.6684668466846686,0.5000000000209898,0.4799999999816607,0.5200000000223435
3.6689668966896694,0.5000000000209299,0.4799999999817228,0.5200000000222733
3.669466946694669,0.5000000000208702,0.4799999999817847,0.5200000000222031
3.66996699669967,0.5000000000208105,0.47999999998184645,0.5200000000221331
3.6704670467046707,0.5000000000207507,0.4799999999819079,0.5200000000220631
3.6709670967096706,0.500000000020691,0.47999999998196924,0.5200000000219932
3.6714671467146713,0.5000000000206314,0.4799999999820303,0.5200000000219234
3.671967196719672,0.5000000000205717,0.47999999998209114,0.5200000000218535
3.672467246724673,0.500000000020512,0.4799999999821518,0.5200000000217838
3.6729672967296727,0.5000000000204524,0.47999999998221227,0.5200000000217142
3.6734673467346735,0.5000000000203928,0.47999999998227255,0.5200000000216446
3.673967396739674,0.5000000000203332,0.4799999999823326,0.5200000000215751
3.674467446744674,0.5000000000202737,0.47999999998239246,0.5200000000215056
3.674967496749675,0.5000000000202142,0.4799999999824521,0.5200000000214362
3.6754675467546756,0.5000000000201547,0.4799999999825115,0.5200000000213669
3.6759675967596763,0.5000000000200951,0.47999999998257076,0.5200000000212976
3.676467646764676,0.5000000000200358,0.4799999999826298,0.5200000000212285
3.676967696769677,0.5000000000199762,0.47999999998268866,0.5200000000211593
3.6774677467746777,0.5000000000199168,0.4799999999827473,0.5200000000210903
3.6779677967796776,0.5000000000198576,0.47999999998280574,0.5200000000210213
3.6784678467846783,0.5000000000197982,0.47999999998286397,0.5200000000209525
3.678967896789679,0.5000000000197389,0.47999999998292203,0.5200000000208836
3.67946794679468,0.5000000000196796,0.4799999999829799,0.5200000000208149
3.6799679967996797,0.5000000000196204,0.47999999998303755,0.5200000000207462
3.6804680468046804,0.5000000000195612,0.479999999983095,0.5200000000206777
3.680968096809681,0.5000000000195021,0.47999999998315224,0.5200000000206092
3.681468146814682,0.5000000000194429,0.4799999999832093,0.5200000000205407
3.681968196819682,0.5000000000193838,0.4799999999832662,0.5200000000204724
3.6824682468246825,0.5000000000193248,0.4799999999833229,0.5200000000204041
3.6829682968296833,0.5000000000192658,0.4799999999833794,0.520000000020336
3.683468346834683,0.5000000000192069,0.4799999999834357,0.5200000000202679
3.683968396839684,0.5000000000191479,0.4799999999834918,0.5200000000201999
3.6844684468446847,0.5000000000190891,0.4799999999835477,0.5200000000201319
3.6849684968496854,0.5000000000190302,0.47999999998360343,0.5200000000200641
3.6854685468546853,0.5000000000189714,0.479999999983659,0.5200000000199964
3.685968596859686,0.5000000000189126,0.47999999998371434,0.5200000000199286
3.686468646864687,0.5000000000188539,0.4799999999837695,0.520000000019861
3.6869686968696866,0.5000000000187953,0.4799999999838245,0.5200000000197935
3.6874687468746874,0.5000000000187367,0.47999999998387927,0.5200000000197261
3.687968796879688,0.5000000000186781,0.4799999999839339,0.5200000000196588
3.688468846884689,0.5000000000186196,0.4799999999839883,0.5200000000195916
3.6889688968896888,0.500000000018561,0.4799999999840425,0.5200000000195244
3.6894689468946895,0.5000000000185026,0.4799999999840966,0.5200000000194573
3.6899689968996903,0.5000000000184442,0.4799999999841505,0.5200000000193904
3.69046904690469,0.500000000018386,0.4799999999842042,0.5200000000193236
3.690969096909691,0.5000000000183277,0.4799999999842577,0.5200000000192567
3.6914691469146916,0.5000000000182695,0.479999999984311,0.5200000000191901
3.6919691969196924,0.5000000000182113,0.47999999998436416,0.5200000000191235
3.6924692469246922,0.5000000000181533,0.4799999999844171,0.520000000019057
3.692969296929693,0.5000000000180952,0.4799999999844699,0.5200000000189906
3.6934693469346938,0.5000000000180371,0.47999999998452253,0.5200000000189242
3.6939693969396936,0.5000000000179792,0.47999999998457493,0.520000000018858
3.6944694469446944,0.5000000000179213,0.47999999998462717,0.5200000000187919
3.694969496949695,0.5000000000178635,0.47999999998467924,0.5200000000187259
3.695469546954696,0.5000000000178058,0.47999999998473114,0.52000000001866
3.6959695969596957,0.500000000017748,0.4799999999847829,0.5200000000185941
3.6964696469646965,0.5000000000176904,0.47999999998483445,0.5200000000185284
3.6969696969696972,0.5000000000176328,0.4799999999848858,0.5200000000184628
3.697469746974697,0.5000000000175753,0.47999999998493703,0.5200000000183973
3.697969796979698,0.5000000000175178,0.47999999998498805,0.5200000000183318
3.6984698469846986,0.5000000000174604,0.4799999999850389,0.5200000000182665
3.6989698969896994,0.5000000000174031,0.4799999999850896,0.5200000000182013
3.699469946994699,0.5000000000173458,0.4799999999851401,0.5200000000181362
3.6999699969997,0.5000000000172885,0.4799999999851904,0.5200000000180711
3.7004700470047007,0.5000000000172314,0.47999999998524057,0.5200000000180063
3.7009700970097006,0.5000000000171743,0.4799999999852906,0.5200000000179414
3.7014701470147013,0.5000000000171173,0.4799999999853404,0.5200000000178767
3.701970197019702,0.5000000000170604,0.47999999998539006,0.5200000000178121
3.702470247024703,0.5000000000170035,0.4799999999854395,0.5200000000177476
3.7029702970297027,0.5000000000169467,0.47999999998548887,0.5200000000176832
3.7034703470347035,0.5000000000168899,0.479999999985538,0.5200000000176189
3.703970397039704,0.5000000000168332,0.479999999985587,0.5200000000175548
3.704470447044704,0.5000000000167766,0.47999999998563586,0.5200000000174907
3.704970497049705,0.5000000000167201,0.4799999999856845,0.5200000000174267
3.7054705470547056,0.5000000000166636,0.479999999985733,0.5200000000173628
3.7059705970597063,0.5000000000166072,0.4799999999857813,0.5200000000172991
3.706470647064706,0.5000000000165509,0.4799999999858295,0.5200000000172355
3.706970697069707,0.5000000000164946,0.4799999999858775,0.520000000017172
3.7074707470747077,0.5000000000164384,0.4799999999859253,0.5200000000171086
3.7079707970797076,0.5000000000163823,0.479999999985973,0.5200000000170452
3.7084708470847083,0.5000000000163263,0.4799999999860205,0.520000000016982
3.708970897089709,0.5000000000162703,0.47999999998606785,0.5200000000169189
3.70947094709471,0.5000000000162145,0.4799999999861151,0.5200000000168559
3.7099709970997097,0.5000000000161586,0.4799999999861621,0.520000000016793
3.7104710471047104,0.5000000000161029,0.47999999998620896,0.5200000000167303
3.710971097109711,0.5000000000160473,0.4799999999862557,0.5200000000166677
3.711471147114712,0.5000000000159918,0.4799999999863023,0.5200000000166052
3.711971197119712,0.5000000000159363,0.4799999999863486,0.5200000000165427
3.7124712471247125,0.5000000000158809,0.47999999998639487,0.5200000000164804
3.7129712971297133,0.5000000000158255,0.479999999986441,0.5200000000164182
3.713471347134713,0.5000000000157702,0.4799999999864869,0.5200000000163562
3.713971397139714,0.500000000015715,0.4799999999865327,0.5200000000162942
3.7144714471447147,0.5000000000156599,0.4799999999865783,0.5200000000162324
3.7149714971497154,0.500000000015605,0.4799999999866238,0.5200000000161706
3.7154715471547153,0.50000000001555,0.4799999999866691,0.520000000016109
3.715971597159716,0.5000000000154952,0.4799999999867142,0.5200000000160475
3.716471647164717,0.5000000000154403,0.47999999998675924,0.5200000000159861
3.7169716971697166,0.5000000000153857,0.4799999999868041,0.5200000000159248
3.7174717471747174,0.5000000000153311,0.4799999999868488,0.5200000000158638
3.717971797179718,0.5000000000152766,0.47999999998689336,0.5200000000158027
3.718471847184719,0.500000000015222,0.47999999998693776,0.5200000000157419
3.7189718971897188,0.5000000000151678,0.479999999986982,0.520000000015681
3.7194719471947195,0.5000000000151135,0.4799999999870261,0.5200000000156204
3.7199719971997203,0.5000000000150593,0.47999999998707005,0.5200000000155598
3.72047204720472,0.5000000000150052,0.47999999998711385,0.5200000000154994
3.720972097209721,0.5000000000149512,0.4799999999871575,0.5200000000154391
3.7214721472147216,0.5000000000148973,0.479999999987201,0.5200000000153789
3.7219721972197224,0.5000000000148435,0.47999999998724435,0.5200000000153189
3.7224722472247223,0.5000000000147897,0.47999999998728754,0.5200000000152589
3.722972297229723,0.500000000014736,0.4799999999873306,0.5200000000151991
3.7234723472347238,0.5000000000146825,0.4799999999873735,0.5200000000151394
3.7239723972397236,0.500000000014629,0.4799999999874163,0.5200000000150797
3.7244724472447244,0.5000000000145756,0.47999999998745896,0.5200000000150203
3.724972497249725,0.5000000000145223,0.4799999999875014,0.5200000000149609
3.725472547254726,0.5000000000144691,0.4799999999875437,0.5200000000149018
3.7259725972597257,0.5000000000144159,0.47999999998758597,0.5200000000148427
3.7264726472647265,0.5000000000143628,0.479999999987628,0.5200000000147836
3.7269726972697272,0.5000000000143099,0.4799999999876699,0.5200000000147248
3.727472747274727,0.500000000014257,0.4799999999877117,0.5200000000146661
3.727972797279728,0.5000000000142043,0.4799999999877533,0.5200000000146076
3.7284728472847286,0.5000000000141517,0.4799999999877948,0.520000000014549
3.7289728972897294,0.500000000014099,0.47999999998783616,0.5200000000144906
3.7294729472947292,0.5000000000140467,0.47999999998787735,0.5200000000144325
3.72997299729973,0.5000000000139943,0.4799999999879184,0.5200000000143744
3.7304730473047307,0.500000000013942,0.47999999998795934,0.5200000000143163
3.7309730973097306,0.5000000000138897,0.47999999998800014,0.5200000000142585
3.7314731473147313,0.5000000000138376,0.47999999998804077,0.5200000000142008
3.731973197319732,0.5000000000137856,0.4799999999880813,0.5200000000141433
3.732473247324733,0.5000000000137337,0.47999999998812165,0.5200000000140858
3.7329732973297327,0.5000000000136818,0.4799999999881619,0.5200000000140284
3.7334733473347335,0.5000000000136301,0.479999999988202,0.5200000000139712
3.733973397339734,0.5000000000135785,0.47999999998824194,0.5200000000139141
3.734473447344734,0.500000000013527,0.4799999999882818,0.5200000000138572
3.734973497349735,0.5000000000134756,0.4799999999883215,0.5200000000138003
3.7354735473547356,0.5000000000134242,0.479999999988361,0.5200000000137436
3.7359735973597363,0.500000000013373,0.4799999999884005,0.520000000013687
3.736473647364736,0.5000000000133218,0.4799999999884398,0.5200000000136306
3.736973697369737,0.5000000000132707,0.4799999999884789,0.5200000000135742
3.7374737473747377,0.5000000000132198,0.47999999998851794,0.520000000013518
3.7379737973797376,0.5000000000131689,0.47999999998855686,0.5200000000134619
3.7384738473847383,0.5000000000131182,0.4799999999885956,0.520000000013406
3.738973897389739,0.5000000000130675,0.47999999998863424,0.5200000000133502
3.73947394739474,0.5000000000130169,0.4799999999886727,0.5200000000132945
3.7399739973997397,0.5000000000129665,0.4799999999887111,0.520000000013239
3.7404740474047404,0.5000000000129161,0.47999999998874937,0.5200000000131835
3.740974097409741,0.5000000000128659,0.47999999998878745,0.5200000000131282
3.741474147414742,0.5000000000128157,0.4799999999888254,0.520000000013073
3.741974197419742,0.5000000000127657,0.4799999999888633,0.520000000013018
3.7424742474247426,0.5000000000127157,0.479999999988901,0.5200000000129631
3.7429742974297433,0.5000000000126659,0.4799999999889386,0.5200000000129082
3.743474347434743,0.5000000000126161,0.4799999999889761,0.5200000000128536
3.743974397439744,0.5000000000125665,0.47999999998901344,0.5200000000127991
3.7444744474447447,0.5000000000125169,0.47999999998905063,0.5200000000127447
3.7449744974497454,0.5000000000124675,0.4799999999890877,0.5200000000126905
3.7454745474547453,0.5000000000124182,0.4799999999891247,0.5200000000126364
3.745974597459746,0.5000000000123689,0.47999999998916154,0.5200000000125824
3.746474647464747,0.5000000000123197,0.47999999998919823,0.5200000000125284
3.7469746974697467,0.5000000000122707,0.4799999999892348,0.5200000000124747
3.7474747474747474,0.5000000000122218,0.4799999999892713,0.5200000000124212
3.747974797479748,0.5000000000121729,0.47999999998930765,0.5200000000123677
3.748474847484749,0.5000000000121242,0.4799999999893439,0.5200000000123143
3.7489748974897488,0.5000000000120756,0.47999999998938,0.5200000000122611
3.7494749474947495,0.500000000012027,0.47999999998941595,0.520000000012208
3.7499749974997503,0.5000000000119786,0.4799999999894518,0.5200000000121551
3.75047504750475,0.5000000000119303,0.4799999999894875,0.5200000000121022
3.750975097509751,0.5000000000118822,0.47999999998952314,0.5200000000120496
3.7514751475147516,0.500000000011834,0.4799999999895586,0.520000000011997
3.7519751975197524,0.500000000011786,0.479999999989594,0.5200000000119446
3.7524752475247523,0.5000000000117382,0.4799999999896292,0.5200000000118923
3.752975297529753,0.5000000000116903,0.47999999998966436,0.5200000000118402
3.7534753475347538,0.5000000000116427,0.4799999999896994,0.5200000000117881
3.7539753975397536,0.5000000000115951,0.4799999999897343,0.5200000000117362
3.7544754475447544,0.5000000000115477,0.47999999998976906,0.5200000000116844
3.754975497549755,0.5000000000115002,0.4799999999898037,0.5200000000116328
3.755475547554756,0.500000000011453,0.4799999999898383,0.5200000000115813
3.7559755975597557,0.5000000000114059,0.4799999999898727,0.52000000001153
3.7564756475647565,0.5000000000113588,0.479999999989907,0.5200000000114787
3.7569756975697572,0.5000000000113118,0.4799999999899412,0.5200000000114277
3.757475747574757,0.500000000011265,0.4799999999899752,0.5200000000113767
3.757975797579758,0.5000000000112182,0.4799999999900092,0.5200000000113258
3.7584758475847586,0.5000000000111716,0.47999999999004306,0.5200000000112752
3.7589758975897594,0.5000000000111251,0.47999999999007675,0.5200000000112246
3.7594759475947592,0.5000000000110787,0.4799999999901104,0.5200000000111742
3.75997599759976,0.5000000000110324,0.47999999999014387,0.5200000000111239
3.7604760476047607,0.5000000000109862,0.4799999999901773,0.5200000000110737
3.7609760976097606,0.5000000000109401,0.47999999999021054,0.5200000000110236
3.7614761476147613,0.5000000000108942,0.47999999999024373,0.5200000000109738
3.761976197619762,0.5000000000108483,0.47999999999027676,0.520000000010924
3.762476247624763,0.5000000000108026,0.4799999999903097,0.5200000000108743
3.7629762976297627,0.500000000010757,0.47999999999034254,0.5200000000108248
3.7634763476347635,0.5000000000107113,0.47999999999037524,0.5200000000107755
3.763976397639764,0.5000000000106659,0.4799999999904078,0.5200000000107262
3.764476447644764,0.5000000000106206,0.47999999999044035,0.5200000000106771
3.764976497649765,0.5000000000105754,0.4799999999904727,0.5200000000106282
3.7654765476547656,0.5000000000105302,0.47999999999050497,0.5200000000105793
3.7659765976597663,0.5000000000104853,0.47999999999053716,0.5200000000105306
3.766476647664766,0.5000000000104404,0.4799999999905692,0.5200000000104821
3.766976697669767,0.5000000000103956,0.47999999999060117,0.5200000000104337
3.7674767476747677,0.5000000000103509,0.479999999990633,0.5200000000103853
3.7679767976797676,0.5000000000103064,0.4799999999906647,0.5200000000103372
3.7684768476847683,0.5000000000102619,0.47999999999069637,0.5200000000102891
3.768976897689769,0.5000000000102176,0.47999999999072784,0.5200000000102412
3.76947694769477,0.5000000000101733,0.47999999999075926,0.5200000000101934
3.7699769976997697,0.5000000000101292,0.47999999999079057,0.5200000000101458
3.7704770477047704,0.5000000000100853,0.47999999999082177,0.5200000000100983
3.770977097709771,0.5000000000100413,0.47999999999085285,0.5200000000100509
3.771477147714772,0.5000000000099976,0.47999999999088383,0.5200000000100037
3.771977197719772,0.5000000000099538,0.47999999999091475,0.5200000000099566
3.7724772477247726,0.5000000000099103,0.4799999999909455,0.5200000000099096
3.7729772977297733,0.5000000000098668,0.4799999999909762,0.5200000000098628
3.773477347734773,0.5000000000098235,0.47999999999100673,0.520000000009816
3.773977397739774,0.5000000000097802,0.4799999999910372,0.5200000000097694
3.7744774477447747,0.5000000000097371,0.47999999999106757,0.520000000009723
3.7749774977497754,0.500000000009694,0.4799999999910978,0.5200000000096767
3.7754775477547753,0.5000000000096512,0.47999999999112797,0.5200000000096305
3.775977597759776,0.5000000000096083,0.47999999999115806,0.5200000000095845
3.776477647764777,0.5000000000095657,0.479999999991188,0.5200000000095386
3.7769776977697767,0.500000000009523,0.47999999999121784,0.5200000000094929
3.7774777477747774,0.5000000000094805,0.4799999999912476,0.5200000000094471
3.777977797779778,0.5000000000094382,0.47999999999127724,0.5200000000094017
3.778477847784779,0.5000000000093959,0.47999999999130677,0.5200000000093563
3.7789778977897788,0.5000000000093539,0.47999999999133625,0.520000000009311
3.7794779477947795,0.5000000000093118,0.47999999999136556,0.5200000000092659
3.7799779977997803,0.5000000000092699,0.4799999999913948,0.520000000009221
3.78047804780478,0.5000000000092281,0.47999999999142395,0.5200000000091761
3.780978097809781,0.5000000000091864,0.47999999999145304,0.5200000000091314
3.7814781478147816,0.5000000000091448,0.47999999999148196,0.5200000000090867
3.7819781978197824,0.5000000000091033,0.47999999999151083,0.5200000000090423
3.7824782478247823,0.500000000009062,0.4799999999915396,0.520000000008998
3.782978297829783,0.5000000000090207,0.4799999999915682,0.5200000000089539
3.7834783478347838,0.5000000000089796,0.4799999999915968,0.5200000000089098
3.7839783978397836,0.5000000000089385,0.4799999999916253,0.5200000000088658
3.7844784478447844,0.5000000000088977,0.47999999999165366,0.5200000000088221
3.784978497849785,0.5000000000088568,0.4799999999916819,0.5200000000087784
3.785478547854786,0.5000000000088161,0.4799999999917101,0.5200000000087349
3.7859785978597857,0.5000000000087755,0.47999999999173815,0.5200000000086915
3.7864786478647865,0.500000000008735,0.4799999999917662,0.5200000000086482
3.7869786978697872,0.5000000000086947,0.47999999999179405,0.5200000000086051
3.787478747874787,0.5000000000086544,0.47999999999182186,0.5200000000085621
3.787978797879788,0.5000000000086143,0.47999999999184956,0.5200000000085192
3.7884788478847886,0.5000000000085743,0.47999999999187715,0.5200000000084765
3.7889788978897894,0.5000000000085343,0.4799999999919047,0.5200000000084338
3.7894789478947892,0.5000000000084945,0.4799999999919321,0.5200000000083914
3.78997899789979,0.5000000000084548,0.4799999999919594,0.520000000008349
3.7904790479047907,0.5000000000084153,0.47999999999198667,0.5200000000083068
3.7909790979097906,0.5000000000083757,0.4799999999920138,0.5200000000082647
3.7914791479147913,0.5000000000083364,0.47999999999204085,0.5200000000082228
3.791979197919792,0.5000000000082971,0.4799999999920678,0.520000000008181
3.792479247924793,0.500000000008258,0.4799999999920947,0.5200000000081393
3.7929792979297927,0.500000000008219,0.47999999999212145,0.5200000000080978
3.7934793479347935,0.50000000000818,0.47999999999214815,0.5200000000080562
3.793979397939794,0.5000000000081413,0.47999999999217474,0.5200000000080149
3.794479447944794,0.5000000000081025,0.4799999999922013,0.5200000000079739
3.794979497949795,0.5000000000080639,0.4799999999922277,0.5200000000079328
3.7954795479547956,0.5000000000080255,0.479999999992254,0.5200000000078918
3.7959795979597963,0.500000000007987,0.47999999999228027,0.5200000000078511
3.796479647964796,0.5000000000079489,0.4799999999923064,0.5200000000078104
3.796979697969797,0.5000000000079107,0.47999999999233245,0.5200000000077699
3.7974797479747977,0.5000000000078727,0.47999999999235843,0.5200000000077295
3.7979797979797976,0.5000000000078347,0.4799999999923843,0.5200000000076892
3.7984798479847983,0.5000000000077969,0.4799999999924101,0.5200000000076491
3.798979897989799,0.5000000000077592,0.4799999999924358,0.5200000000076092
3.7994799479948,0.5000000000077216,0.47999999999246146,0.5200000000075692
3.7999799979997997,0.5000000000076841,0.479999999992487,0.5200000000075294
3.8004800480048004,0.5000000000076468,0.4799999999925124,0.5200000000074898
3.800980098009801,0.5000000000076095,0.4799999999925378,0.5200000000074504
3.801480148014802,0.5000000000075724,0.4799999999925631,0.520000000007411
3.801980198019802,0.5000000000075353,0.4799999999925883,0.5200000000073718
3.8024802480248026,0.5000000000074983,0.4799999999926134,0.5200000000073327
3.8029802980298033,0.5000000000074616,0.4799999999926384,0.5200000000072936
3.803480348034803,0.5000000000074248,0.47999999999266335,0.5200000000072549
3.803980398039804,0.5000000000073882,0.47999999999268816,0.5200000000072161
3.8044804480448047,0.5000000000073517,0.479999999992713,0.5200000000071775
3.8049804980498054,0.5000000000073154,0.4799999999927376,0.5200000000071391
3.8054805480548053,0.5000000000072791,0.47999999999276227,0.5200000000071007
3.805980598059806,0.5000000000072429,0.47999999999278675,0.5200000000070625
3.806480648064807,0.5000000000072069,0.4799999999928112,0.5200000000070244
3.8069806980698067,0.5000000000071709,0.47999999999283555,0.5200000000069864
3.8074807480748074,0.5000000000071351,0.4799999999928598,0.5200000000069486
3.807980798079808,0.5000000000070993,0.479999999992884,0.5200000000069109
3.808480848084809,0.5000000000070637,0.4799999999929081,0.5200000000068733
3.8089808980898088,0.5000000000070283,0.47999999999293214,0.5200000000068359
3.8094809480948095,0.5000000000069929,0.47999999999295606,0.5200000000067985
3.8099809980998103,0.5000000000069575,0.47999999999297993,0.5200000000067613
3.81048104810481,0.5000000000069224,0.4799999999930037,0.5200000000067242
3.810981098109811,0.5000000000068873,0.4799999999930274,0.5200000000066872
3.8114811481148116,0.5000000000068523,0.47999999999305104,0.5200000000066505
3.8119811981198124,0.5000000000068174,0.4799999999930746,0.5200000000066137
3.8124812481248123,0.5000000000067827,0.47999999999309806,0.5200000000065772
3.812981298129813,0.5000000000067482,0.47999999999312143,0.5200000000065407
3.8134813481348138,0.5000000000067136,0.4799999999931447,0.5200000000065044
3.8139813981398136,0.5000000000066792,0.47999999999316795,0.5200000000064682
3.8144814481448144,0.5000000000066448,0.4799999999931911,0.5200000000064321
3.814981498149815,0.5000000000066106,0.47999999999321413,0.5200000000063961
3.815481548154816,0.5000000000065765,0.4799999999932371,0.5200000000063603
3.8159815981598157,0.5000000000065425,0.47999999999326004,0.5200000000063246
3.8164816481648165,0.5000000000065087,0.47999999999328286,0.520000000006289
3.8169816981698172,0.5000000000064749,0.4799999999933056,0.5200000000062536
3.817481748174817,0.5000000000064413,0.4799999999933283,0.5200000000062183
3.817981798179818,0.5000000000064077,0.4799999999933509,0.520000000006183
3.8184818481848186,0.5000000000063742,0.47999999999337345,0.5200000000061479
3.8189818981898194,0.5000000000063409,0.4799999999933959,0.5200000000061129
3.8194819481948192,0.5000000000063077,0.47999999999341825,0.5200000000060782
3.81998199819982,0.5000000000062745,0.47999999999344056,0.5200000000060434
3.8204820482048207,0.5000000000062416,0.47999999999346277,0.5200000000060088
3.8209820982098206,0.5000000000062086,0.4799999999934849,0.5200000000059743
3.8214821482148214,0.5000000000061758,0.47999999999350695,0.5200000000059399
3.821982198219822,0.5000000000061431,0.479999999993529,0.5200000000059057
3.822482248224823,0.5000000000061106,0.4799999999935509,0.5200000000058715
3.8229822982298227,0.500000000006078,0.47999999999357273,0.5200000000058376
3.8234823482348235,0.5000000000060457,0.4799999999935945,0.5200000000058037
3.823982398239824,0.5000000000060134,0.4799999999936162,0.52000000000577
3.824482448244824,0.5000000000059812,0.47999999999363785,0.5200000000057363
3.824982498249825,0.5000000000059492,0.4799999999936594,0.5200000000057028
3.8254825482548256,0.5000000000059173,0.47999999999368087,0.5200000000056695
3.8259825982598263,0.5000000000058854,0.47999999999370224,0.5200000000056362
3.826482648264826,0.5000000000058537,0.4799999999937236,0.5200000000056031
3.826982698269827,0.500000000005822,0.4799999999937449,0.52000000000557
3.8274827482748277,0.5000000000057905,0.479999999993766,0.5200000000055371
3.8279827982798276,0.5000000000057591,0.4799999999937872,0.5200000000055043
3.8284828482848283,0.5000000000057278,0.4799999999938082,0.5200000000054716
3.828982898289829,0.5000000000056966,0.4799999999938292,0.5200000000054391
3.82948294829483,0.5000000000056655,0.47999999999385007,0.5200000000054067
3.8299829982998297,0.5000000000056344,0.47999999999387094,0.5200000000053744
3.8304830483048304,0.5000000000056035,0.4799999999938917,0.5200000000053422
3.830983098309831,0.5000000000055728,0.47999999999391235,0.5200000000053101
3.831483148314832,0.500000000005542,0.479999999993933,0.5200000000052781
3.831983198319832,0.5000000000055115,0.47999999999395354,0.5200000000052463
3.8324832483248326,0.500000000005481,0.479999999993974,0.5200000000052145
3.8329832983298333,0.5000000000054506,0.47999999999399445,0.520000000005183
3.833483348334833,0.5000000000054203,0.47999999999401477,0.5200000000051515
3.833983398339834,0.5000000000053901,0.4799999999940351,0.52000000000512
3.8344834483448347,0.50000000000536,0.4799999999940553,0.5200000000050888
3.8349834983498354,0.5000000000053301,0.4799999999940754,0.5200000000050576
3.8354835483548353,0.5000000000053002,0.4799999999940955,0.5200000000050267
3.835983598359836,0.5000000000052705,0.47999999999411547,0.5200000000049958
3.836483648364837,0.5000000000052408,0.4799999999941354,0.5200000000049649
3.8369836983698367,0.5000000000052113,0.47999999999415527,0.5200000000049343
3.8374837483748374,0.5000000000051819,0.4799999999941751,0.5200000000049038
3.837983798379838,0.5000000000051525,0.4799999999941948,0.5200000000048733
3.838483848384839,0.5000000000051232,0.4799999999942145,0.5200000000048429
3.838983898389839,0.5000000000050941,0.4799999999942341,0.5200000000048127
3.8394839483948395,0.5000000000050651,0.4799999999942536,0.5200000000047826
3.8399839983998403,0.5000000000050362,0.47999999999427306,0.5200000000047527
3.84048404840484,0.5000000000050073,0.47999999999429244,0.5200000000047228
3.840984098409841,0.5000000000049786,0.4799999999943118,0.520000000004693
3.8414841484148416,0.5000000000049499,0.4799999999943311,0.5200000000046634
3.8419841984198424,0.5000000000049214,0.4799999999943503,0.5200000000046339
3.8424842484248423,0.500000000004893,0.47999999999436943,0.5200000000046044
3.842984298429843,0.5000000000048647,0.47999999999438847,0.5200000000045751
3.8434843484348438,0.5000000000048365,0.4799999999944075,0.5200000000045459
3.8439843984398436,0.5000000000048083,0.47999999999442644,0.5200000000045168
3.8444844484448444,0.5000000000047803,0.4799999999944453,0.5200000000044879
3.844984498449845,0.5000000000047524,0.47999999999446413,0.5200000000044591
3.845484548454846,0.5000000000047246,0.4799999999944829,0.5200000000044304
3.8459845984598457,0.5000000000046968,0.4799999999945016,0.5200000000044017
3.8464846484648465,0.5000000000046692,0.4799999999945202,0.5200000000043732
3.8469846984698473,0.5000000000046416,0.47999999999453874,0.5200000000043448
3.847484748474847,0.5000000000046142,0.4799999999945573,0.5200000000043165
3.847984798479848,0.5000000000045869,0.4799999999945757,0.5200000000042883
3.8484848484848486,0.5000000000045597,0.4799999999945941,0.5200000000042603
3.8489848984898494,0.5000000000045326,0.4799999999946124,0.5200000000042323
3.8494849484948492,0.5000000000045055,0.4799999999946306,0.5200000000042044
3.84998499849985,0.5000000000044786,0.4799999999946488,0.5200000000041767
3.8504850485048507,0.5000000000044518,0.47999999999466697,0.520000000004149
3.8509850985098506,0.500000000004425,0.479999999994685,0.5200000000041215
3.8514851485148514,0.5000000000043985,0.479999999994703,0.5200000000040941
3.851985198519852,0.500000000004372,0.479999999994721,0.5200000000040668
3.852485248524853,0.5000000000043454,0.47999999999473886,0.5200000000040396
3.8529852985298527,0.5000000000043191,0.4799999999947567,0.5200000000040125
3.8534853485348535,0.5000000000042929,0.47999999999477444,0.5200000000039855
3.8539853985398542,0.5000000000042667,0.47999999999479215,0.5200000000039586
3.854485448544854,0.5000000000042407,0.4799999999948098,0.5200000000039319
3.854985498549855,0.5000000000042147,0.47999999999482734,0.5200000000039052
3.8554855485548556,0.5000000000041889,0.4799999999948449,0.5200000000038787
3.8559855985598563,0.5000000000041631,0.4799999999948623,0.5200000000038523
3.856485648564856,0.5000000000041375,0.47999999999487974,0.520000000003826
3.856985698569857,0.5000000000041119,0.47999999999489706,0.5200000000037998
3.8574857485748577,0.5000000000040864,0.4799999999949144,0.5200000000037736
3.8579857985798576,0.5000000000040611,0.4799999999949316,0.5200000000037476
3.8584858485848583,0.5000000000040358,0.47999999999494875,0.5200000000037217
3.858985898589859,0.5000000000040106,0.4799999999949659,0.5200000000036958
3.85948594859486,0.5000000000039856,0.47999999999498294,0.5200000000036702
3.8599859985998597,0.5000000000039605,0.4799999999949999,0.5200000000036447
3.8604860486048604,0.5000000000039356,0.47999999999501686,0.5200000000036191
3.860986098609861,0.5000000000039109,0.47999999999503373,0.5200000000035937
3.861486148614862,0.5000000000038861,0.47999999999505055,0.5200000000035685
3.861986198619862,0.5000000000038616,0.4799999999950673,0.5200000000035433
3.8624862486248626,0.500000000003837,0.479999999995084,0.5200000000035182
3.8629862986298633,0.5000000000038126,0.4799999999951007,0.5200000000034932
3.863486348634863,0.5000000000037883,0.4799999999951173,0.5200000000034685
3.863986398639864,0.5000000000037641,0.4799999999951338,0.5200000000034437
3.8644864486448647,0.5000000000037399,0.4799999999951503,0.5200000000034191
3.8649864986498654,0.5000000000037159,0.47999999999516674,0.5200000000033944
3.8654865486548653,0.5000000000036919,0.4799999999951831,0.52000000000337
3.865986598659866,0.5000000000036681,0.47999999999519943,0.5200000000033457
3.866486648664867,0.5000000000036443,0.4799999999952157,0.5200000000033215
3.8669866986698667,0.5000000000036207,0.4799999999952319,0.5200000000032973
3.8674867486748674,0.5000000000035971,0.47999999999524806,0.5200000000032733
3.867986798679868,0.5000000000035736,0.47999999999526416,0.5200000000032493
3.868486848684869,0.5000000000035502,0.4799999999952802,0.5200000000032254
3.868986898689869,0.5000000000035268,0.4799999999952962,0.5200000000032018
3.8694869486948695,0.5000000000035036,0.4799999999953121,0.5200000000031781
3.8699869986998703,0.5000000000034805,0.479999999995328,0.5200000000031546
3.87048704870487,0.5000000000034576,0.4799999999953438,0.5200000000031312
3.870987098709871,0.5000000000034346,0.4799999999953596,0.5200000000031079
3.8714871487148717,0.5000000000034117,0.4799999999953753,0.5200000000030847
3.8719871987198724,0.500000000003389,0.479999999995391,0.5200000000030615
3.8724872487248723,0.5000000000033663,0.4799999999954066,0.5200000000030385
3.872987298729873,0.5000000000033438,0.47999999999542214,0.5200000000030155
3.8734873487348738,0.5000000000033213,0.47999999999543763,0.5200000000029926
3.8739873987398736,0.5000000000032989,0.4799999999954531,0.52000000000297
3.8744874487448744,0.5000000000032766,0.4799999999954685,0.5200000000029473
3.874987498749875,0.5000000000032544,0.4799999999954839,0.5200000000029248
3.875487548754876,0.5000000000032323,0.47999999999549914,0.5200000000029024
3.8759875987598758,0.5000000000032102,0.4799999999955144,0.5200000000028799
3.8764876487648765,0.5000000000031883,0.4799999999955296,0.5200000000028577
3.8769876987698773,0.5000000000031665,0.47999999999554477,0.5200000000028356
3.877487748774877,0.5000000000031447,0.47999999999555987,0.5200000000028135
3.877987798779878,0.500000000003123,0.47999999999557486,0.5200000000027916
3.8784878487848786,0.5000000000031014,0.47999999999558984,0.5200000000027697
3.8789878987898794,0.5000000000030799,0.47999999999560483,0.5200000000027479
3.8794879487948792,0.5000000000030584,0.4799999999956197,0.5200000000027263
3.87998799879988,0.5000000000030371,0.47999999999563453,0.5200000000027047
3.8804880488048807,0.5000000000030159,0.47999999999564935,0.5200000000026832
3.8809880988098806,0.5000000000029948,0.47999999999566406,0.5200000000026619
3.8814881488148814,0.5000000000029737,0.47999999999567877,0.5200000000026406
3.881988198819882,0.5000000000029527,0.47999999999569337,0.5200000000026194
3.882488248824883,0.5000000000029319,0.47999999999570797,0.5200000000025983
3.8829882988298827,0.500000000002911,0.4799999999957225,0.5200000000025773
3.8834883488348835,0.5000000000028904,0.479999999995737,0.5200000000025564
3.8839883988398842,0.5000000000028697,0.47999999999575144,0.5200000000025355
3.884488448844884,0.5000000000028492,0.4799999999957658,0.5200000000025149
3.884988498849885,0.5000000000028287,0.4799999999957802,0.5200000000024942
3.8854885488548856,0.5000000000028083,0.47999999999579446,0.5200000000024737
3.8859885988598863,0.5000000000027881,0.4799999999958087,0.5200000000024533
3.886488648864886,0.5000000000027679,0.47999999999582293,0.520000000002433
3.886988698869887,0.5000000000027477,0.4799999999958371,0.5200000000024126
3.8874887488748877,0.5000000000027277,0.4799999999958512,0.5200000000023925
3.8879887988798876,0.5000000000027077,0.47999999999586523,0.5200000000023725
3.8884888488848883,0.500000000002688,0.4799999999958792,0.5200000000023525
3.888988898889889,0.5000000000026681,0.4799999999958932,0.5200000000023326
3.88948894889489,0.5000000000026484,0.4799999999959071,0.5200000000023127
3.8899889988998897,0.5000000000026288,0.47999999999592097,0.5200000000022931
3.8904890489048904,0.5000000000026094,0.4799999999959348,0.5200000000022734
3.890989098909891,0.5000000000025898,0.47999999999594856,0.5200000000022539
3.891489148914892,0.5000000000025705,0.47999999999596227,0.5200000000022345
3.891989198919892,0.5000000000025512,0.479999999995976,0.5200000000022151
3.8924892489248926,0.5000000000025321,0.4799999999959896,0.5200000000021959
3.8929892989298933,0.5000000000025129,0.4799999999960032,0.5200000000021767
3.893489348934893,0.5000000000024939,0.4799999999960167,0.5200000000021576
3.893989398939894,0.5000000000024749,0.4799999999960302,0.5200000000021386
3.8944894489448947,0.500000000002456,0.47999999999604365,0.5200000000021198
3.8949894989498954,0.5000000000024373,0.479999999996057,0.5200000000021009
3.8954895489548953,0.5000000000024186,0.4799999999960704,0.5200000000020822
3.895989598959896,0.5000000000024,0.4799999999960837,0.5200000000020636
3.896489648964897,0.5000000000023814,0.479999999996097,0.520000000002045
3.8969896989698967,0.500000000002363,0.4799999999961102,0.5200000000020266
3.8974897489748974,0.5000000000023446,0.47999999999612336,0.5200000000020082
3.897989798979898,0.5000000000023264,0.4799999999961365,0.5200000000019899
3.898489848984899,0.5000000000023082,0.4799999999961496,0.5200000000019717
3.898989898989899,0.50000000000229,0.47999999999616266,0.5200000000019536
3.8994899489948995,0.500000000002272,0.47999999999617565,0.5200000000019356
3.8999899989999003,0.500000000002254,0.4799999999961886,0.5200000000019176
3.9004900490049,0.5000000000022361,0.4799999999962015,0.5200000000018997
3.900990099009901,0.5000000000022182,0.4799999999962144,0.520000000001882
3.9014901490149017,0.5000000000022005,0.4799999999962272,0.5200000000018643
3.9019901990199024,0.5000000000021828,0.47999999999624,0.5200000000018468
3.9024902490249023,0.5000000000021653,0.4799999999962527,0.5200000000018292
3.902990299029903,0.5000000000021477,0.4799999999962654,0.5200000000018118
3.9034903490349038,0.5000000000021303,0.47999999999627807,0.5200000000017944
3.9039903990399036,0.500000000002113,0.47999999999629067,0.5200000000017772
3.9044904490449044,0.5000000000020958,0.4799999999963032,0.5200000000017599
3.904990499049905,0.5000000000020786,0.47999999999631576,0.5200000000017428
3.905490549054906,0.5000000000020615,0.47999999999632825,0.5200000000017259
3.9059905990599058,0.5000000000020444,0.4799999999963407,0.5200000000017089
3.9064906490649065,0.5000000000020275,0.47999999999635307,0.5200000000016921
3.9069906990699073,0.5000000000020106,0.47999999999636545,0.5200000000016753
3.907490749074907,0.5000000000019937,0.4799999999963777,0.5200000000016586
3.907990799079908,0.5000000000019771,0.47999999999639,0.520000000001642
3.9084908490849086,0.5000000000019604,0.47999999999640225,0.5200000000016255
3.9089908990899094,0.5000000000019438,0.4799999999964144,0.5200000000016091
3.9094909490949092,0.5000000000019273,0.47999999999642656,0.5200000000015927
3.90999099909991,0.5000000000019109,0.47999999999643866,0.5200000000015764
3.9104910491049107,0.5000000000018946,0.4799999999964507,0.5200000000015602
3.9109910991099106,0.5000000000018783,0.47999999999646276,0.5200000000015441
3.9114911491149114,0.5000000000018621,0.47999999999647475,0.5200000000015281
3.911991199119912,0.500000000001846,0.4799999999964867,0.5200000000015121
3.912491249124913,0.5000000000018299,0.47999999999649856,0.5200000000014963
3.9129912991299127,0.5000000000018139,0.47999999999651044,0.5200000000014805
3.9134913491349135,0.500000000001798,0.47999999999652226,0.5200000000014647
3.9139913991399142,0.5000000000017822,0.47999999999653403,0.5200000000014491
3.914491449144914,0.5000000000017665,0.4799999999965458,0.5200000000014335
3.914991499149915,0.5000000000017508,0.4799999999965575,0.5200000000014181
3.9154915491549156,0.5000000000017352,0.47999999999656917,0.5200000000014027
3.9159915991599163,0.5000000000017196,0.4799999999965808,0.5200000000013874
3.916491649164916,0.5000000000017042,0.4799999999965924,0.5200000000013721
3.916991699169917,0.5000000000016888,0.4799999999966039,0.5200000000013569
3.9174917491749177,0.5000000000016736,0.4799999999966154,0.5200000000013418
3.9179917991799176,0.5000000000016582,0.47999999999662685,0.5200000000013268
3.9184918491849183,0.5000000000016431,0.4799999999966383,0.5200000000013119
3.918991899189919,0.500000000001628,0.47999999999664966,0.520000000001297
3.91949194919492,0.5000000000016129,0.47999999999666104,0.5200000000012822
3.9199919991999197,0.500000000001598,0.47999999999667237,0.5200000000012676
3.9204920492049204,0.5000000000015832,0.47999999999668364,0.5200000000012529
3.920992099209921,0.5000000000015683,0.47999999999669485,0.5200000000012384
3.921492149214922,0.5000000000015536,0.47999999999670606,0.5200000000012238
3.921992199219922,0.5000000000015389,0.4799999999967172,0.5200000000012095
3.9224922492249226,0.5000000000015243,0.4799999999967283,0.5200000000011952
3.9229922992299233,0.5000000000015098,0.4799999999967394,0.5200000000011809
3.923492349234923,0.5000000000014954,0.47999999999675047,0.5200000000011666
3.923992399239924,0.5000000000014809,0.47999999999676146,0.5200000000011525
3.9244924492449247,0.5000000000014666,0.47999999999677245,0.5200000000011386
3.9249924992499254,0.5000000000014524,0.47999999999678333,0.5200000000011246
3.9254925492549253,0.5000000000014382,0.47999999999679427,0.5200000000011107
3.925992599259926,0.5000000000014241,0.4799999999968051,0.5200000000010969
3.926492649264927,0.5000000000014101,0.4799999999968159,0.5200000000010832
3.9269926992699267,0.5000000000013961,0.47999999999682674,0.5200000000010695
3.9274927492749274,0.5000000000013822,0.47999999999683746,0.5200000000010558
3.927992799279928,0.5000000000013683,0.47999999999684817,0.5200000000010423
3.928492849284929,0.5000000000013546,0.4799999999968589,0.5200000000010289
3.928992899289929,0.5000000000013409,0.4799999999968695,0.5200000000010155
3.9294929492949295,0.5000000000013273,0.4799999999968801,0.5200000000010022
3.9299929992999303,0.5000000000013137,0.4799999999968907,0.520000000000989
3.93049304930493,0.5000000000013002,0.47999999999690124,0.5200000000009758
3.930993099309931,0.5000000000012867,0.47999999999691173,0.5200000000009627
3.9314931493149317,0.5000000000012734,0.47999999999692217,0.5200000000009497
3.9319931993199324,0.5000000000012601,0.4799999999969326,0.5200000000009367
3.9324932493249323,0.5000000000012469,0.479999999996943,0.5200000000009238
3.932993299329933,0.5000000000012337,0.47999999999695336,0.5200000000009111
3.9334933493349338,0.5000000000012206,0.47999999999696363,0.5200000000008983
3.9339933993399336,0.5000000000012076,0.47999999999697396,0.5200000000008856
3.9344934493449344,0.5000000000011946,0.4799999999969842,0.520000000000873
3.934993499349935,0.5000000000011817,0.4799999999969944,0.5200000000008604
3.935493549354936,0.5000000000011688,0.4799999999970046,0.520000000000848
3.9359935993599358,0.5000000000011561,0.47999999999701476,0.5200000000008356
3.9364936493649365,0.5000000000011434,0.47999999999702486,0.5200000000008232
3.9369936993699373,0.5000000000011308,0.4799999999970349,0.520000000000811
3.937493749374937,0.5000000000011182,0.47999999999704496,0.5200000000007988
3.937993799379938,0.5000000000011057,0.479999999997055,0.5200000000007867
3.9384938493849386,0.5000000000010932,0.47999999999706494,0.5200000000007746
3.9389938993899394,0.5000000000010808,0.4799999999970749,0.5200000000007626
3.9394939493949392,0.5000000000010685,0.4799999999970848,0.5200000000007508
3.93999399939994,0.5000000000010563,0.4799999999970947,0.5200000000007389
3.9404940494049407,0.500000000001044,0.4799999999971045,0.5200000000007271
3.9409940994099406,0.500000000001032,0.47999999999711435,0.5200000000007153
3.9414941494149414,0.5000000000010199,0.4799999999971241,0.5200000000007037
3.941994199419942,0.5000000000010079,0.47999999999713383,0.5200000000006921
3.942494249424943,0.500000000000996,0.47999999999714354,0.5200000000006806
3.9429942994299427,0.5000000000009841,0.47999999999715326,0.5200000000006691
3.9434943494349435,0.5000000000009722,0.47999999999716286,0.5200000000006577
3.9439943994399442,0.5000000000009605,0.47999999999717247,0.5200000000006464
3.944494449444944,0.5000000000009488,0.47999999999718207,0.5200000000006351
3.944994499449945,0.5000000000009371,0.4799999999971916,0.5200000000006239
3.9454945494549456,0.5000000000009256,0.4799999999972011,0.5200000000006127
3.9459945994599464,0.500000000000914,0.4799999999972106,0.5200000000006016
3.946494649464946,0.5000000000009026,0.47999999999722004,0.5200000000005907
3.946994699469947,0.5000000000008912,0.4799999999972295,0.5200000000005797
3.9474947494749477,0.5000000000008799,0.47999999999723886,0.5200000000005688
3.9479947994799476,0.5000000000008686,0.47999999999724824,0.520000000000558
3.9484948494849483,0.5000000000008574,0.4799999999972575,0.5200000000005472
3.948994899489949,0.5000000000008462,0.47999999999726684,0.5200000000005366
3.94949494949495,0.5000000000008352,0.4799999999972761,0.5200000000005259
3.9499949994999497,0.5000000000008241,0.4799999999972853,0.5200000000005154
3.9504950495049505,0.5000000000008131,0.4799999999972945,0.5200000000005048
3.950995099509951,0.5000000000008022,0.4799999999973037,0.5200000000004944
3.951495149514952,0.5000000000007914,0.4799999999973128,0.520000000000484
3.951995199519952,0.5000000000007806,0.4799999999973219,0.5200000000004736
3.9524952495249526,0.5000000000007698,0.479999999997331,0.5200000000004634
3.9529952995299533,0.5000000000007592,0.47999999999734,0.5200000000004532
3.953495349534953,0.5000000000007486,0.47999999999734905,0.520000000000443
3.953995399539954,0.500000000000738,0.479999999997358,0.520000000000433
3.9544954495449547,0.5000000000007275,0.479999999997367,0.5200000000004229
3.9549954995499554,0.5000000000007171,0.47999999999737586,0.520000000000413
3.9554955495549553,0.5000000000007067,0.47999999999738474,0.520000000000403
3.955995599559956,0.5000000000006963,0.4799999999973936,0.5200000000003933
3.956495649564957,0.5000000000006861,0.47999999999740245,0.5200000000003834
3.9569956995699567,0.5000000000006759,0.4799999999974113,0.5200000000003737
3.9574957495749574,0.5000000000006657,0.47999999999742005,0.5200000000003641
3.957995799579958,0.5000000000006556,0.47999999999742876,0.5200000000003544
3.958495849584959,0.5000000000006455,0.4799999999974375,0.5200000000003449
3.958995899589959,0.5000000000006355,0.47999999999744614,0.5200000000003354
3.9594959495949595,0.5000000000006256,0.4799999999974548,0.520000000000326
3.9599959995999603,0.5000000000006157,0.47999999999746346,0.5200000000003165
3.96049604960496,0.5000000000006058,0.479999999997472,0.5200000000003072
3.960996099609961,0.5000000000005961,0.4799999999974806,0.520000000000298
3.9614961496149617,0.5000000000005864,0.4799999999974891,0.5200000000002888
3.9619961996199624,0.5000000000005768,0.47999999999749765,0.5200000000002797
3.9624962496249623,0.5000000000005671,0.4799999999975061,0.5200000000002706
3.962996299629963,0.5000000000005576,0.4799999999975145,0.5200000000002615
3.9634963496349638,0.5000000000005481,0.47999999999752296,0.5200000000002525
3.9639963996399636,0.5000000000005387,0.47999999999753135,0.5200000000002436
3.9644964496449644,0.5000000000005292,0.47999999999753973,0.5200000000002347
3.964996499649965,0.5000000000005199,0.47999999999754805,0.520000000000226
3.965496549654966,0.5000000000005106,0.4799999999975564,0.5200000000002172
3.9659965996599658,0.5000000000005014,0.47999999999756465,0.5200000000002085
3.9664966496649665,0.5000000000004922,0.47999999999757287,0.5200000000001999
3.9669966996699673,0.5000000000004831,0.47999999999758114,0.5200000000001912
3.967496749674967,0.5000000000004741,0.4799999999975893,0.5200000000001826
3.967996799679968,0.500000000000465,0.47999999999759746,0.5200000000001742
3.9684968496849686,0.5000000000004561,0.4799999999976056,0.5200000000001658
3.9689968996899694,0.5000000000004471,0.4799999999976137,0.5200000000001574
3.9694969496949692,0.5000000000004382,0.47999999999762183,0.5200000000001491
3.96999699969997,0.5000000000004294,0.4799999999976299,0.5200000000001408
3.9704970497049707,0.5000000000004207,0.47999999999763787,0.5200000000001326
3.9709970997099706,0.500000000000412,0.47999999999764587,0.5200000000001245
3.9714971497149714,0.5000000000004033,0.47999999999765386,0.5200000000001164
3.971997199719972,0.5000000000003947,0.4799999999976618,0.5200000000001083
3.972497249724973,0.5000000000003861,0.47999999999766974,0.5200000000001003
3.9729972997299727,0.5000000000003777,0.4799999999976776,0.5200000000000924
3.9734973497349735,0.5000000000003691,0.4799999999976855,0.5200000000000844
3.9739973997399742,0.5000000000003608,0.4799999999976933,0.5200000000000766
3.974497449744974,0.5000000000003525,0.47999999999770115,0.5200000000000687
3.974997499749975,0.5000000000003442,0.4799999999977089,0.5200000000000611
3.9754975497549756,0.5000000000003358,0.4799999999977167,0.5200000000000533
3.9759975997599764,0.5000000000003276,0.4799999999977244,0.5200000000000458
3.976497649764976,0.5000000000003195,0.47999999999773213,0.5200000000000381
3.976997699769977,0.5000000000003114,0.4799999999977398,0.5200000000000305
3.9774977497749777,0.5000000000003033,0.47999999999774745,0.5200000000000231
3.9779977997799776,0.5000000000002953,0.4799999999977551,0.5200000000000157
3.9784978497849783,0.5000000000002874,0.4799999999977627,0.5200000000000082
3.978997899789979,0.5000000000002794,0.47999999999777027,0.5200000000000009
3.97949794979498,0.5000000000002717,0.47999999999777787,0.5199999999999937
3.9799979997999797,0.5000000000002638,0.47999999999778536,0.5199999999999864
3.9804980498049805,0.500000000000256,0.47999999999779286,0.5199999999999793
3.980998099809981,0.5000000000002484,0.47999999999780035,0.519999999999972
3.981498149814982,0.5000000000002407,0.4799999999978078,0.5199999999999649
3.981998199819982,0.500000000000233,0.47999999999781523,0.5199999999999579
3.9824982498249826,0.5000000000002255,0.4799999999978226,0.519999999999951
3.9829982998299833,0.5000000000002179,0.47999999999783,0.519999999999944
3.983498349834983,0.5000000000002104,0.4799999999978374,0.5199999999999371
3.983998399839984,0.5000000000002031,0.4799999999978447,0.5199999999999302
3.9844984498449847,0.5000000000001956,0.479999999997852,0.5199999999999234
3.9849984998499854,0.5000000000001883,0.47999999999785925,0.5199999999999166
3.9854985498549853,0.500000000000181,0.4799999999978665,0.51999999999991
3.985998599859986,0.5000000000001737,0.47999999999787374,0.5199999999999033
3.986498649864987,0.5000000000001665,0.47999999999788096,0.5199999999998967
3.9869986998699867,0.5000000000001593,0.4799999999978881,0.5199999999998901
3.9874987498749874,0.5000000000001522,0.4799999999978953,0.5199999999998836
3.987998799879988,0.5000000000001452,0.4799999999979024,0.5199999999998771
3.988498849884989,0.5000000000001381,0.4799999999979095,0.5199999999998707
3.988998899889989,0.5000000000001312,0.4799999999979166,0.5199999999998643
3.9894989498949895,0.5000000000001242,0.47999999999792364,0.5199999999998579
3.9899989998999903,0.5000000000001174,0.4799999999979307,0.5199999999998517
3.99049904990499,0.5000000000001105,0.4799999999979377,0.5199999999998455
3.990999099909991,0.5000000000001037,0.4799999999979447,0.5199999999998393
3.9914991499149917,0.5000000000000969,0.4799999999979516,0.519999999999833
3.9919991999199924,0.5000000000000903,0.47999999999795856,0.5199999999998269
3.9924992499249923,0.5000000000000836,0.4799999999979655,0.5199999999998208
3.992999299929993,0.5000000000000769,0.4799999999979724,0.5199999999998148
3.993499349934994,0.5000000000000704,0.47999999999797927,0.5199999999998088
3.9939993999399936,0.5000000000000638,0.4799999999979861,0.519999999999803
3.9944994499449944,0.5000000000000573,0.4799999999979929,0.5199999999997971
3.994999499949995,0.5000000000000508,0.4799999999979997,0.5199999999997912
3.995499549954996,0.5000000000000444,0.47999999999800647,0.5199999999997854
3.9959995999599958,0.5000000000000381,0.47999999999801324,0.5199999999997796
3.9964996499649965,0.5000000000000318,0.47999999999801995,0.5199999999997739
3.9969996999699973,0.5000000000000255,0.47999999999802667,0.5199999999997682
3.997499749974997,0.5000000000000192,0.4799999999980334,0.5199999999997627
3.997999799979998,0.5000000000000131,0.47999999999804005,0.519999999999757
3.9984998499849986,0.5000000000000069,0.47999999999804666,0.5199999999997514
3.9989998999899994,0.5000000000000008,0.47999999999805326,0.519999999999746
3.9994999499949992,0.49999999999999467,0.47999999999805987,0.5199999999997404
4.0,0.4999999999999887,0.4799999999980665,0.5199999999997351
