Time (s),P_PCC (pu),P_down (pu),P_up (pu)
-1.0,0.95,0.9246666666666666,0.9753333333333333
-0.9994999499949995,0.95,0.9246666666666666,0.9753333333333333
-0.998999899989999,0.95,0.9246666666666666,0.9753333333333333
-0.9984998499849985,0.95,0.9246666666666666,0.9753333333333333
-0.997999799979998,0.95,0.9246666666666666,0.9753333333333333
-0.9974997499749975,0.95,0.9246666666666666,0.9753333333333333
-0.996999699969997,0.95,0.9246666666666666,0.9753333333333333
-0.9964996499649965,0.95,0.9246666666666666,0.9753333333333333
-0.995999599959996,0.95,0.9246666666666666,0.9753333333333333
-0.9954995499549955,0.95,0.9246666666666666,0.9753333333333333
-0.994999499949995,0.95,0.9246666666666666,0.9753333333333333
-0.9944994499449945,0.95,0.9246666666666666,0.9753333333333333
-0.993999399939994,0.95,0.9246666666666666,0.9753333333333333
-0.9934993499349934,0.95,0.9246666666666666,0.9753333333333333
-0.992999299929993,0.95,0.9246666666666666,0.9753333333333333
-0.9924992499249925,0.95,0.9246666666666666,0.9753333333333333
-0.991999199919992,0.95,0.9246666666666666,0.9753333333333333
-0.9914991499149916,0.95,0.9246666666666666,0.9753333333333333
-0.990999099909991,0.95,0.9246666666666666,0.9753333333333333
-0.9904990499049905,0.95,0.9246666666666666,0.9753333333333333
-0.98999899989999,0.95,0.9246666666666666,0.9753333333333333
-0.9894989498949895,0.95,0.9246666666666666,0.9753333333333333
-0.988998899889989,0.95,0.9246666666666666,0.9753333333333333
-0.9884988498849885,0.95,0.9246666666666666,0.9753333333333333
-0.987998799879988,0.95,0.9246666666666666,0.9753333333333333
-0.9874987498749875,0.95,0.9246666666666666,0.9753333333333333
-0.986998699869987,0.95,0.9246666666666666,0.9753333333333333
-0.9864986498649865,0.95,0.9246666666666666,0.9753333333333333
-0.985998599859986,0.95,0.9246666666666666,0.9753333333333333
-0.9854985498549855,0.95,0.9246666666666666,0.9753333333333333
-0.984998499849985,0.95,0.9246666666666666,0.9753333333333333
-0.9844984498449845,0.95,0.9246666666666666,0.9753333333333333
-0.983998399839984,0.95,0.9246666666666666,0.9753333333333333
-0.9834983498349835,0.95,0.9246666666666666,0.9753333333333333
-0.982998299829983,0.95,0.9246666666666666,0.9753333333333333
-0.9824982498249825,0.95,0.9246666666666666,0.9753333333333333
-0.981998199819982,0.95,0.9246666666666666,0.9753333333333333
-0.9814981498149815,0.95,0.9246666666666666,0.9753333333333333
-0.980998099809981,0.95,0.9246666666666666,0.9753333333333333
-0.9804980498049805,0.95,0.9246666666666666,0.9753333333333333
-0.97999799979998,0.95,0.9246666666666666,0.9753333333333333
-0.9794979497949795,0.95,0.9246666666666666,0.9753333333333333
-0.978997899789979,0.95,0.9246666666666666,0.9753333333333333
-0.9784978497849784,0.95,0.9246666666666666,0.9753333333333333
-0.977997799779978,0.95,0.9246666666666666,0.9753333333333333
-0.9774977497749775,0.95,0.9246666666666666,0.9753333333333333
-0.976997699769977,0.95,0.9246666666666666,0.9753333333333333
-0.9764976497649765,0.95,0.9246666666666666,0.9753333333333333
-0.975997599759976,0.95,0.9246666666666666,0.9753333333333333
-0.9754975497549755,0.95,0.9246666666666666,0.9753333333333333
-0.974997499749975,0.95,0.9246666666666666,0.9753333333333333
-0.9744974497449745,0.95,0.9246666666666666,0.9753333333333333
-0.973997399739974,0.95,0.9246666666666666,0.9753333333333333
-0.9734973497349735,0.95,0.9246666666666666,0.9753333333333333
-0.972997299729973,0.95,0.9246666666666666,0.9753333333333333
-0.9724972497249725,0.95,0.9246666666666666,0.9753333333333333
-0.971997199719972,0.95,0.9246666666666666,0.9753333333333333
-0.9714971497149715,0.95,0.9246666666666666,0.9753333333333333
-0.970997099709971,0.95,0.9246666666666666,0.9753333333333333
-0.9704970497049705,0.95,0.9246666666666666,0.9753333333333333
-0.96999699969997,0.95,0.9246666666666666,0.9753333333333333
-0.9694969496949695,0.95,0.9246666666666666,0.9753333333333333
-0.968996899689969,0.95,0.9246666666666666,0.9753333333333333
-0.9684968496849685,0.95,0.9246666666666666,0.9753333333333333
-0.967996799679968,0.95,0.9246666666666666,0.9753333333333333
-0.9674967496749675,0.95,0.9246666666666666,0.9753333333333333
-0.966996699669967,0.95,0.9246666666666666,0.9753333333333333
-0.9664966496649665,0.95,0.9246666666666666,0.9753333333333333
-0.965996599659966,0.95,0.9246666666666666,0.9753333333333333
-0.9654965496549655,0.95,0.9246666666666666,0.9753333333333333
-0.964996499649965,0.95,0.9246666666666666,0.9753333333333333
-0.9644964496449645,0.95,0.9246666666666666,0.9753333333333333
-0.963996399639964,0.95,0.9246666666666666,0.9753333333333333
-0.9634963496349634,0.95,0.9246666666666666,0.9753333333333333
-0.962996299629963,0.95,0.9246666666666666,0.9753333333333333
-0.9624962496249625,0.95,0.9246666666666666,0.9753333333333333
-0.961996199619962,0.95,0.9246666666666666,0.9753333333333333
-0.9614961496149614,0.95,0.9246666666666666,0.9753333333333333
-0.960996099609961,0.95,0.9246666666666666,0.9753333333333333
-0.9604960496049605,0.95,0.9246666666666666,0.9753333333333333
-0.95999599959996,0.95,0.9246666666666666,0.9753333333333333
-0.9594959495949595,0.95,0.9246666666666666,0.9753333333333333
-0.958995899589959,0.95,0.9246666666666666,0.9753333333333333
-0.9584958495849585,0.95,0.9246666666666666,0.9753333333333333
-0.957995799579958,0.95,0.9246666666666666,0.9753333333333333
-0.9574957495749575,0.95,0.9246666666666666,0.9753333333333333
-0.956995699569957,0.95,0.9246666666666666,0.9753333333333333
-0.9564956495649565,0.95,0.9246666666666666,0.9753333333333333
-0.9559955995599559,0.95,0.9246666666666666,0.9753333333333333
-0.9554955495549555,0.95,0.9246666666666666,0.9753333333333333
-0.954995499549955,0.95,0.9246666666666666,0.9753333333333333
-0.9544954495449545,0.95,0.9246666666666666,0.9753333333333333
-0.9539953995399539,0.95,0.9246666666666666,0.9753333333333333
-0.9534953495349535,0.95,0.9246666666666666,0.9753333333333333
-0.952995299529953,0.95,0.9246666666666666,0.9753333333333333
-0.9524952495249525,0.95,0.9246666666666666,0.9753333333333333
-0.951995199519952,0.95,0.9246666666666666,0.9753333333333333
-0.9514951495149515,0.95,0.9246666666666666,0.9753333333333333
-0.950995099509951,0.95,0.9246666666666666,0.9753333333333333
-0.9504950495049505,0.95,0.9246666666666666,0.9753333333333333
-0.94999499949995,0.95,0.9246666666666666,0.9753333333333333
-0.9494949494949495,0.95,0.9246666666666666,0.9753333333333333
-0.948994899489949,0.95,0.9246666666666666,0.9753333333333333
-0.9484948494849484,0.95,0.9246666666666666,0.9753333333333333
-0.947994799479948,0.95,0.9246666666666666,0.9753333333333333
-0.9474947494749475,0.95,0.9246666666666666,0.9753333333333333
-0.946994699469947,0.95,0.9246666666666666,0.9753333333333333
-0.9464946494649464,0.95,0.9246666666666666,0.9753333333333333
-0.945994599459946,0.95,0.9246666666666666,0.9753333333333333
-0.9454945494549455,0.95,0.9246666666666666,0.9753333333333333
-0.944994499449945,0.95,0.9246666666666666,0.9753333333333333
-0.9444944494449445,0.95,0.9246666666666666,0.9753333333333333
-0.943994399439944,0.95,0.9246666666666666,0.9753333333333333
-0.9434943494349435,0.95,0.9246666666666666,0.9753333333333333
-0.942994299429943,0.95,0.9246666666666666,0.9753333333333333
-0.9424942494249425,0.95,0.9246666666666666,0.9753333333333333
-0.941994199419942,0.95,0.9246666666666666,0.9753333333333333
-0.9414941494149415,0.95,0.9246666666666666,0.9753333333333333
-0.9409940994099409,0.95,0.9246666666666666,0.9753333333333333
-0.9404940494049405,0.95,0.9246666666666666,0.9753333333333333
-0.93999399939994,0.95,0.9246666666666666,0.9753333333333333
-0.9394939493949395,0.95,0.9246666666666666,0.9753333333333333
-0.9389938993899389,0.95,0.9246666666666666,0.9753333333333333
-0.9384938493849385,0.95,0.9246666666666666,0.9753333333333333
-0.937993799379938,0.95,0.9246666666666666,0.9753333333333333
-0.9374937493749375,0.95,0.9246666666666666,0.9753333333333333
-0.936993699369937,0.95,0.9246666666666666,0.9753333333333333
-0.9364936493649365,0.95,0.9246666666666666,0.9753333333333333
-0.935993599359936,0.95,0.9246666666666666,0.9753333333333333
-0.9354935493549354,0.95,0.9246666666666666,0.9753333333333333
-0.934993499349935,0.95,0.9246666666666666,0.9753333333333333
-0.9344934493449345,0.95,0.9246666666666666,0.9753333333333333
-0.933993399339934,0.95,0.9246666666666666,0.9753333333333333
-0.9334933493349336,0.95,0.9246666666666666,0.9753333333333333
-0.932993299329933,0.95,0.9246666666666666,0.9753333333333333
-0.9324932493249325,0.95,0.9246666666666666,0.9753333333333333
-0.931993199319932,0.95,0.9246666666666666,0.9753333333333333
-0.9314931493149314,0.95,0.9246666666666666,0.9753333333333333
-0.930993099309931,0.95,0.9246666666666666,0.9753333333333333
-0.9304930493049305,0.95,0.9246666666666666,0.9753333333333333
-0.92999299929993,0.95,0.9246666666666666,0.9753333333333333
-0.9294929492949295,0.95,0.9246666666666666,0.9753333333333333
-0.928992899289929,0.95,0.9246666666666666,0.9753333333333333
-0.9284928492849285,0.95,0.9246666666666666,0.9753333333333333
-0.927992799279928,0.95,0.9246666666666666,0.9753333333333333
-0.9274927492749275,0.95,0.9246666666666666,0.9753333333333333
-0.926992699269927,0.95,0.9246666666666666,0.9753333333333333
-0.9264926492649265,0.95,0.9246666666666666,0.9753333333333333
-0.925992599259926,0.95,0.9246666666666666,0.9753333333333333
-0.9254925492549255,0.95,0.9246666666666666,0.9753333333333333
-0.924992499249925,0.95,0.9246666666666666,0.9753333333333333
-0.9244924492449245,0.95,0.9246666666666666,0.9753333333333333
-0.9239923992399239,0.95,0.9246666666666666,0.9753333333333333
-0.9234923492349235,0.95,0.9246666666666666,0.9753333333333333
-0.922992299229923,0.95,0.9246666666666666,0.9753333333333333
-0.9224922492249225,0.95,0.9246666666666666,0.9753333333333333
-0.921992199219922,0.95,0.9246666666666666,0.9753333333333333
-0.9214921492149215,0.95,0.9246666666666666,0.9753333333333333
-0.920992099209921,0.95,0.9246666666666666,0.9753333333333333
-0.9204920492049204,0.95,0.9246666666666666,0.9753333333333333
-0.91999199919992,0.95,0.9246666666666666,0.9753333333333333
-0.9194919491949195,0.95,0.9246666666666666,0.9753333333333333
-0.918991899189919,0.95,0.9246666666666666,0.9753333333333333
-0.9184918491849186,0.95,0.9246666666666666,0.9753333333333333
-0.917991799179918,0.95,0.9246666666666666,0.9753333333333333
-0.9174917491749175,0.95,0.9246666666666666,0.9753333333333333
-0.916991699169917,0.95,0.9246666666666666,0.9753333333333333
-0.9164916491649164,0.95,0.9246666666666666,0.9753333333333333
-0.915991599159916,0.95,0.9246666666666666,0.9753333333333333
-0.9154915491549155,0.95,0.9246666666666666,0.9753333333333333
-0.914991499149915,0.95,0.9246666666666666,0.9753333333333333
-0.9144914491449145,0.95,0.9246666666666666,0.9753333333333333
-0.913991399139914,0.95,0.9246666666666666,0.9753333333333333
-0.9134913491349135,0.95,0.9246666666666666,0.9753333333333333
-0.912991299129913,0.95,0.9246666666666666,0.9753333333333333
-0.9124912491249125,0.95,0.9246666666666666,0.9753333333333333
-0.911991199119912,0.95,0.9246666666666666,0.9753333333333333
-0.9114911491149115,0.95,0.9246666666666666,0.9753333333333333
-0.910991099109911,0.95,0.9246666666666666,0.9753333333333333
-0.9104910491049105,0.95,0.9246666666666666,0.9753333333333333
-0.90999099909991,0.95,0.9246666666666666,0.9753333333333333
-0.9094909490949095,0.95,0.9246666666666666,0.9753333333333333
-0.9089908990899089,0.95,0.9246666666666666,0.9753333333333333
-0.9084908490849085,0.95,0.9246666666666666,0.9753333333333333
-0.907990799079908,0.95,0.9246666666666666,0.9753333333333333
-0.9074907490749075,0.95,0.9246666666666666,0.9753333333333333
-0.906990699069907,0.95,0.9246666666666666,0.9753333333333333
-0.9064906490649065,0.95,0.9246666666666666,0.9753333333333333
-0.905990599059906,0.95,0.9246666666666666,0.9753333333333333
-0.9054905490549054,0.95,0.9246666666666666,0.9753333333333333
-0.904990499049905,0.95,0.9246666666666666,0.9753333333333333
-0.9044904490449045,0.95,0.9246666666666666,0.9753333333333333
-0.903990399039904,0.95,0.9246666666666666,0.9753333333333333
-0.9034903490349036,0.95,0.9246666666666666,0.9753333333333333
-0.902990299029903,0.95,0.9246666666666666,0.9753333333333333
-0.9024902490249025,0.95,0.9246666666666666,0.9753333333333333
-0.901990199019902,0.95,0.9246666666666666,0.9753333333333333
-0.9014901490149014,0.95,0.9246666666666666,0.9753333333333333
-0.900990099009901,0.95,0.9246666666666666,0.9753333333333333
-0.9004900490049005,0.95,0.9246666666666666,0.9753333333333333
-0.8999899989999,0.95,0.9246666666666666,0.9753333333333333
-0.8994899489948995,0.95,0.9246666666666666,0.9753333333333333
-0.898989898989899,0.95,0.9246666666666666,0.9753333333333333
-0.8984898489848985,0.95,0.9246666666666666,0.9753333333333333
-0.897989798979898,0.95,0.9246666666666666,0.9753333333333333
-0.8974897489748975,0.95,0.9246666666666666,0.9753333333333333
-0.896989698969897,0.95,0.9246666666666666,0.9753333333333333
-0.8964896489648965,0.95,0.9246666666666666,0.9753333333333333
-0.895989598959896,0.95,0.9246666666666666,0.9753333333333333
-0.8954895489548955,0.95,0.9246666666666666,0.9753333333333333
-0.894989498949895,0.95,0.9246666666666666,0.9753333333333333
-0.8944894489448945,0.95,0.9246666666666666,0.9753333333333333
-0.8939893989398939,0.95,0.9246666666666666,0.9753333333333333
-0.8934893489348935,0.95,0.9246666666666666,0.9753333333333333
-0.892989298929893,0.95,0.9246666666666666,0.9753333333333333
-0.8924892489248925,0.95,0.9246666666666666,0.9753333333333333
-0.891989198919892,0.95,0.9246666666666666,0.9753333333333333
-0.8914891489148915,0.95,0.9246666666666666,0.9753333333333333
-0.890989098909891,0.95,0.9246666666666666,0.9753333333333333
-0.8904890489048904,0.95,0.9246666666666666,0.9753333333333333
-0.88998899889989,0.95,0.9246666666666666,0.9753333333333333
-0.8894889488948895,0.95,0.9246666666666666,0.9753333333333333
-0.888988898889889,0.95,0.9246666666666666,0.9753333333333333
-0.8884888488848885,0.95,0.9246666666666666,0.9753333333333333
-0.887988798879888,0.95,0.9246666666666666,0.9753333333333333
-0.8874887488748875,0.95,0.9246666666666666,0.9753333333333333
-0.886988698869887,0.95,0.9246666666666666,0.9753333333333333
-0.8864886488648864,0.95,0.9246666666666666,0.9753333333333333
-0.885988598859886,0.95,0.9246666666666666,0.9753333333333333
-0.8854885488548855,0.95,0.9246666666666666,0.9753333333333333
-0.884988498849885,0.95,0.9246666666666666,0.9753333333333333
-0.8844884488448845,0.95,0.9246666666666666,0.9753333333333333
-0.883988398839884,0.95,0.9246666666666666,0.9753333333333333
-0.8834883488348835,0.95,0.9246666666666666,0.9753333333333333
-0.882988298829883,0.95,0.9246666666666666,0.9753333333333333
-0.8824882488248825,0.95,0.9246666666666666,0.9753333333333333
-0.881988198819882,0.95,0.9246666666666666,0.9753333333333333
-0.8814881488148815,0.95,0.9246666666666666,0.9753333333333333
-0.880988098809881,0.95,0.9246666666666666,0.9753333333333333
-0.8804880488048805,0.95,0.9246666666666666,0.9753333333333333
-0.87998799879988,0.95,0.9246666666666666,0.9753333333333333
-0.8794879487948795,0.95,0.9246666666666666,0.9753333333333333
-0.8789878987898789,0.95,0.9246666666666666,0.9753333333333333
-0.8784878487848785,0.95,0.9246666666666666,0.9753333333333333
-0.877987798779878,0.95,0.9246666666666666,0.9753333333333333
-0.8774877487748775,0.95,0.9246666666666666,0.9753333333333333
-0.876987698769877,0.95,0.9246666666666666,0.9753333333333333
-0.8764876487648765,0.95,0.9246666666666666,0.9753333333333333
-0.875987598759876,0.95,0.9246666666666666,0.9753333333333333
-0.8754875487548754,0.95,0.9246666666666666,0.9753333333333333
-0.874987498749875,0.95,0.9246666666666666,0.9753333333333333
-0.8744874487448745,0.95,0.9246666666666666,0.9753333333333333
-0.873987398739874,0.95,0.9246666666666666,0.9753333333333333
-0.8734873487348735,0.95,0.9246666666666666,0.9753333333333333
-0.872987298729873,0.95,0.9246666666666666,0.9753333333333333
-0.8724872487248725,0.95,0.9246666666666666,0.9753333333333333
-0.871987198719872,0.95,0.9246666666666666,0.9753333333333333
-0.8714871487148714,0.95,0.9246666666666666,0.9753333333333333
-0.870987098709871,0.95,0.9246666666666666,0.9753333333333333
-0.8704870487048705,0.95,0.9246666666666666,0.9753333333333333
-0.86998699869987,0.95,0.9246666666666666,0.9753333333333333
-0.8694869486948695,0.95,0.9246666666666666,0.9753333333333333
-0.868986898689869,0.95,0.9246666666666666,0.9753333333333333
-0.8684868486848685,0.95,0.9246666666666666,0.9753333333333333
-0.8679867986798679,0.95,0.9246666666666666,0.9753333333333333
-0.8674867486748675,0.95,0.9246666666666666,0.9753333333333333
-0.866986698669867,0.95,0.9246666666666666,0.9753333333333333
-0.8664866486648665,0.95,0.9246666666666666,0.9753333333333333
-0.865986598659866,0.95,0.9246666666666666,0.9753333333333333
-0.8654865486548655,0.95,0.9246666666666666,0.9753333333333333
-0.864986498649865,0.95,0.9246666666666666,0.9753333333333333
-0.8644864486448645,0.95,0.9246666666666666,0.9753333333333333
-0.8639863986398639,0.95,0.9246666666666666,0.9753333333333333
-0.8634863486348635,0.95,0.9246666666666666,0.9753333333333333
-0.862986298629863,0.95,0.9246666666666666,0.9753333333333333
-0.8624862486248625,0.95,0.9246666666666666,0.9753333333333333
-0.861986198619862,0.95,0.9246666666666666,0.9753333333333333
-0.8614861486148615,0.95,0.9246666666666666,0.9753333333333333
-0.860986098609861,0.95,0.9246666666666666,0.9753333333333333
-0.8604860486048604,0.95,0.9246666666666666,0.9753333333333333
-0.85998599859986,0.95,0.9246666666666666,0.9753333333333333
-0.8594859485948595,0.95,0.9246666666666666,0.9753333333333333
-0.858985898589859,0.95,0.9246666666666666,0.9753333333333333
-0.8584858485848585,0.95,0.9246666666666666,0.9753333333333333
-0.857985798579858,0.95,0.9246666666666666,0.9753333333333333
-0.8574857485748575,0.95,0.9246666666666666,0.9753333333333333
-0.856985698569857,0.95,0.9246666666666666,0.9753333333333333
-0.8564856485648564,0.95,0.9246666666666666,0.9753333333333333
-0.855985598559856,0.95,0.9246666666666666,0.9753333333333333
-0.8554855485548555,0.95,0.9246666666666666,0.9753333333333333
-0.854985498549855,0.95,0.9246666666666666,0.9753333333333333
-0.8544854485448545,0.95,0.9246666666666666,0.9753333333333333
-0.853985398539854,0.95,0.9246666666666666,0.9753333333333333
-0.8534853485348535,0.95,0.9246666666666666,0.9753333333333333
-0.8529852985298529,0.95,0.9246666666666666,0.9753333333333333
-0.8524852485248525,0.95,0.9246666666666666,0.9753333333333333
-0.851985198519852,0.95,0.9246666666666666,0.9753333333333333
-0.8514851485148515,0.95,0.9246666666666666,0.9753333333333333
-0.850985098509851,0.95,0.9246666666666666,0.9753333333333333
-0.8504850485048505,0.95,0.9246666666666666,0.9753333333333333
-0.84998499849985,0.95,0.9246666666666666,0.9753333333333333
-0.8494849484948495,0.95,0.9246666666666666,0.9753333333333333
-0.8489848984898489,0.95,0.9246666666666666,0.9753333333333333
-0.8484848484848485,0.95,0.9246666666666666,0.9753333333333333
-0.847984798479848,0.95,0.9246666666666666,0.9753333333333333
-0.8474847484748474,0.95,0.9246666666666666,0.9753333333333333
-0.846984698469847,0.95,0.9246666666666666,0.9753333333333333
-0.8464846484648465,0.95,0.9246666666666666,0.9753333333333333
-0.845984598459846,0.95,0.9246666666666666,0.9753333333333333
-0.8454845484548454,0.95,0.9246666666666666,0.9753333333333333
-0.844984498449845,0.95,0.9246666666666666,0.9753333333333333
-0.8444844484448445,0.95,0.9246666666666666,0.9753333333333333
-0.843984398439844,0.95,0.9246666666666666,0.9753333333333333
-0.8434843484348435,0.95,0.9246666666666666,0.9753333333333333
-0.842984298429843,0.95,0.9246666666666666,0.9753333333333333
-0.8424842484248425,0.95,0.9246666666666666,0.9753333333333333
-0.841984198419842,0.95,0.9246666666666666,0.9753333333333333
-0.8414841484148414,0.95,0.9246666666666666,0.9753333333333333
-0.840984098409841,0.95,0.9246666666666666,0.9753333333333333
-0.8404840484048405,0.95,0.9246666666666666,0.9753333333333333
-0.83998399839984,0.95,0.9246666666666666,0.9753333333333333
-0.8394839483948395,0.95,0.9246666666666666,0.9753333333333333
-0.838983898389839,0.95,0.9246666666666666,0.9753333333333333
-0.8384838483848385,0.95,0.9246666666666666,0.9753333333333333
-0.8379837983798379,0.95,0.9246666666666666,0.9753333333333333
-0.8374837483748375,0.95,0.9246666666666666,0.9753333333333333
-0.836983698369837,0.95,0.9246666666666666,0.9753333333333333
-0.8364836483648365,0.95,0.9246666666666666,0.9753333333333333
-0.835983598359836,0.95,0.9246666666666666,0.9753333333333333
-0.8354835483548355,0.95,0.9246666666666666,0.9753333333333333
-0.834983498349835,0.95,0.9246666666666666,0.9753333333333333
-0.8344834483448345,0.95,0.9246666666666666,0.9753333333333333
-0.8339833983398339,0.95,0.9246666666666666,0.9753333333333333
-0.8334833483348335,0.95,0.9246666666666666,0.9753333333333333
-0.832983298329833,0.95,0.9246666666666666,0.9753333333333333
-0.8324832483248324,0.95,0.9246666666666666,0.9753333333333333
-0.831983198319832,0.95,0.9246666666666666,0.9753333333333333
-0.8314831483148315,0.95,0.9246666666666666,0.9753333333333333
-0.830983098309831,0.95,0.9246666666666666,0.9753333333333333
-0.8304830483048304,0.95,0.9246666666666666,0.9753333333333333
-0.82998299829983,0.95,0.9246666666666666,0.9753333333333333
-0.8294829482948295,0.95,0.9246666666666666,0.9753333333333333
-0.828982898289829,0.95,0.9246666666666666,0.9753333333333333
-0.8284828482848285,0.95,0.9246666666666666,0.9753333333333333
-0.827982798279828,0.95,0.9246666666666666,0.9753333333333333
-0.8274827482748275,0.95,0.9246666666666666,0.9753333333333333
-0.826982698269827,0.95,0.9246666666666666,0.9753333333333333
-0.8264826482648264,0.95,0.9246666666666666,0.9753333333333333
-0.825982598259826,0.95,0.9246666666666666,0.9753333333333333
-0.8254825482548255,0.95,0.9246666666666666,0.9753333333333333
-0.824982498249825,0.95,0.9246666666666666,0.9753333333333333
-0.8244824482448245,0.95,0.9246666666666666,0.9753333333333333
-0.823982398239824,0.95,0.9246666666666666,0.9753333333333333
-0.8234823482348235,0.95,0.9246666666666666,0.9753333333333333
-0.8229822982298229,0.95,0.9246666666666666,0.9753333333333333
-0.8224822482248225,0.95,0.9246666666666666,0.9753333333333333
-0.821982198219822,0.95,0.9246666666666666,0.9753333333333333
-0.8214821482148215,0.95,0.9246666666666666,0.9753333333333333
-0.820982098209821,0.95,0.9246666666666666,0.9753333333333333
-0.8204820482048205,0.95,0.9246666666666666,0.9753333333333333
-0.81998199819982,0.95,0.9246666666666666,0.9753333333333333
-0.8194819481948195,0.95,0.9246666666666666,0.9753333333333333
-0.8189818981898189,0.95,0.9246666666666666,0.9753333333333333
-0.8184818481848185,0.95,0.9246666666666666,0.9753333333333333
-0.817981798179818,0.95,0.9246666666666666,0.9753333333333333
-0.8174817481748174,0.95,0.9246666666666666,0.9753333333333333
-0.816981698169817,0.95,0.9246666666666666,0.9753333333333333
-0.8164816481648165,0.95,0.9246666666666666,0.9753333333333333
-0.815981598159816,0.95,0.9246666666666666,0.9753333333333333
-0.8154815481548154,0.95,0.9246666666666666,0.9753333333333333
-0.814981498149815,0.95,0.9246666666666666,0.9753333333333333
-0.8144814481448145,0.95,0.9246666666666666,0.9753333333333333
-0.813981398139814,0.95,0.9246666666666666,0.9753333333333333
-0.8134813481348135,0.95,0.9246666666666666,0.9753333333333333
-0.812981298129813,0.95,0.9246666666666666,0.9753333333333333
-0.8124812481248125,0.95,0.9246666666666666,0.9753333333333333
-0.811981198119812,0.95,0.9246666666666666,0.9753333333333333
-0.8114811481148114,0.95,0.9246666666666666,0.9753333333333333
-0.810981098109811,0.95,0.9246666666666666,0.9753333333333333
-0.8104810481048105,0.95,0.9246666666666666,0.9753333333333333
-0.80998099809981,0.95,0.9246666666666666,0.9753333333333333
-0.8094809480948095,0.95,0.9246666666666666,0.9753333333333333
-0.808980898089809,0.95,0.9246666666666666,0.9753333333333333
-0.8084808480848085,0.95,0.9246666666666666,0.9753333333333333
-0.8079807980798079,0.95,0.9246666666666666,0.9753333333333333
-0.8074807480748075,0.95,0.9246666666666666,0.9753333333333333
-0.806980698069807,0.95,0.9246666666666666,0.9753333333333333
-0.8064806480648065,0.95,0.9246666666666666,0.9753333333333333
-0.805980598059806,0.95,0.9246666666666666,0.9753333333333333
-0.8054805480548055,0.95,0.9246666666666666,0.9753333333333333
-0.804980498049805,0.95,0.9246666666666666,0.9753333333333333
-0.8044804480448045,0.95,0.9246666666666666,0.9753333333333333
-0.8039803980398039,0.95,0.9246666666666666,0.9753333333333333
-0.8034803480348035,0.95,0.9246666666666666,0.9753333333333333
-0.802980298029803,0.95,0.9246666666666666,0.9753333333333333
-0.8024802480248024,0.95,0.9246666666666666,0.9753333333333333
-0.801980198019802,0.95,0.9246666666666666,0.9753333333333333
-0.8014801480148015,0.95,0.9246666666666666,0.9753333333333333
-0.800980098009801,0.95,0.9246666666666666,0.9753333333333333
-0.8004800480048004,0.95,0.9246666666666666,0.9753333333333333
-0.7999799979998,0.95,0.9246666666666666,0.9753333333333333
-0.7994799479947995,0.95,0.9246666666666666,0.9753333333333333
-0.798979897989799,0.95,0.9246666666666666,0.9753333333333333
-0.7984798479847985,0.95,0.9246666666666666,0.9753333333333333
-0.797979797979798,0.95,0.9246666666666666,0.9753333333333333
-0.7974797479747975,0.95,0.9246666666666666,0.9753333333333333
-0.796979697969797,0.95,0.9246666666666666,0.9753333333333333
-0.7964796479647964,0.95,0.9246666666666666,0.9753333333333333
-0.795979597959796,0.95,0.9246666666666666,0.9753333333333333
-0.7954795479547955,0.95,0.9246666666666666,0.9753333333333333
-0.7949794979497949,0.95,0.9246666666666666,0.9753333333333333
-0.7944794479447945,0.95,0.9246666666666666,0.9753333333333333
-0.793979397939794,0.95,0.9246666666666666,0.9753333333333333
-0.7934793479347935,0.95,0.9246666666666666,0.9753333333333333
-0.7929792979297929,0.95,0.9246666666666666,0.9753333333333333
-0.7924792479247925,0.95,0.9246666666666666,0.9753333333333333
-0.791979197919792,0.95,0.9246666666666666,0.9753333333333333
-0.7914791479147915,0.95,0.9246666666666666,0.9753333333333333
-0.790979097909791,0.95,0.9246666666666666,0.9753333333333333
-0.7904790479047905,0.95,0.9246666666666666,0.9753333333333333
-0.78997899789979,0.95,0.9246666666666666,0.9753333333333333
-0.7894789478947895,0.95,0.9246666666666666,0.9753333333333333
-0.7889788978897889,0.95,0.9246666666666666,0.9753333333333333
-0.7884788478847885,0.95,0.9246666666666666,0.9753333333333333
-0.787978797879788,0.95,0.9246666666666666,0.9753333333333333
-0.7874787478747874,0.95,0.9246666666666666,0.9753333333333333
-0.786978697869787,0.95,0.9246666666666666,0.9753333333333333
-0.7864786478647865,0.95,0.9246666666666666,0.9753333333333333
-0.785978597859786,0.95,0.9246666666666666,0.9753333333333333
-0.7854785478547854,0.95,0.9246666666666666,0.9753333333333333
-0.784978497849785,0.95,0.9246666666666666,0.9753333333333333
-0.7844784478447845,0.95,0.9246666666666666,0.9753333333333333
-0.783978397839784,0.95,0.9246666666666666,0.9753333333333333
-0.7834783478347835,0.95,0.9246666666666666,0.9753333333333333
-0.782978297829783,0.95,0.9246666666666666,0.9753333333333333
-0.7824782478247825,0.95,0.9246666666666666,0.9753333333333333
-0.781978197819782,0.95,0.9246666666666666,0.9753333333333333
-0.7814781478147814,0.95,0.9246666666666666,0.9753333333333333
-0.780978097809781,0.95,0.9246666666666666,0.9753333333333333
-0.7804780478047805,0.95,0.9246666666666666,0.9753333333333333
-0.7799779977997799,0.95,0.9246666666666666,0.9753333333333333
-0.7794779477947795,0.95,0.9246666666666666,0.9753333333333333
-0.778977897789779,0.95,0.9246666666666666,0.9753333333333333
-0.7784778477847785,0.95,0.9246666666666666,0.9753333333333333
-0.7779777977797779,0.95,0.9246666666666666,0.9753333333333333
-0.7774777477747775,0.95,0.9246666666666666,0.9753333333333333
-0.776977697769777,0.95,0.9246666666666666,0.9753333333333333
-0.7764776477647765,0.95,0.9246666666666666,0.9753333333333333
-0.775977597759776,0.95,0.9246666666666666,0.9753333333333333
-0.7754775477547755,0.95,0.9246666666666666,0.9753333333333333
-0.774977497749775,0.95,0.9246666666666666,0.9753333333333333
-0.7744774477447744,0.95,0.9246666666666666,0.9753333333333333
-0.7739773977397739,0.95,0.9246666666666666,0.9753333333333333
-0.7734773477347735,0.95,0.9246666666666666,0.9753333333333333
-0.772977297729773,0.95,0.9246666666666666,0.9753333333333333
-0.7724772477247724,0.95,0.9246666666666666,0.9753333333333333
-0.771977197719772,0.95,0.9246666666666666,0.9753333333333333
-0.7714771477147715,0.95,0.9246666666666666,0.9753333333333333
-0.770977097709771,0.95,0.9246666666666666,0.9753333333333333
-0.7704770477047704,0.95,0.9246666666666666,0.9753333333333333
-0.76997699769977,0.95,0.9246666666666666,0.9753333333333333
-0.7694769476947695,0.95,0.9246666666666666,0.9753333333333333
-0.768976897689769,0.95,0.9246666666666666,0.9753333333333333
-0.7684768476847685,0.95,0.9246666666666666,0.9753333333333333
-0.767976797679768,0.95,0.9246666666666666,0.9753333333333333
-0.7674767476747675,0.95,0.9246666666666666,0.9753333333333333
-0.766976697669767,0.95,0.9246666666666666,0.9753333333333333
-0.7664766476647664,0.95,0.9246666666666666,0.9753333333333333
-0.765976597659766,0.95,0.9246666666666666,0.9753333333333333
-0.7654765476547655,0.95,0.9246666666666666,0.9753333333333333
-0.7649764976497649,0.95,0.9246666666666666,0.9753333333333333
-0.7644764476447645,0.95,0.9246666666666666,0.9753333333333333
-0.763976397639764,0.95,0.9246666666666666,0.9753333333333333
-0.7634763476347635,0.95,0.9246666666666666,0.9753333333333333
-0.7629762976297629,0.95,0.9246666666666666,0.9753333333333333
-0.7624762476247625,0.95,0.9246666666666666,0.9753333333333333
-0.761976197619762,0.95,0.9246666666666666,0.9753333333333333
-0.7614761476147615,0.95,0.9246666666666666,0.9753333333333333
-0.760976097609761,0.95,0.9246666666666666,0.9753333333333333
-0.7604760476047605,0.95,0.9246666666666666,0.9753333333333333
-0.75997599759976,0.95,0.9246666666666666,0.9753333333333333
-0.7594759475947594,0.95,0.9246666666666666,0.9753333333333333
-0.7589758975897589,0.95,0.9246666666666666,0.9753333333333333
-0.7584758475847585,0.95,0.9246666666666666,0.9753333333333333
-0.757975797579758,0.95,0.9246666666666666,0.9753333333333333
-0.7574757475747574,0.95,0.9246666666666666,0.9753333333333333
-0.756975697569757,0.95,0.9246666666666666,0.9753333333333333
-0.7564756475647565,0.95,0.9246666666666666,0.9753333333333333
-0.755975597559756,0.95,0.9246666666666666,0.9753333333333333
-0.7554755475547554,0.95,0.9246666666666666,0.9753333333333333
-0.754975497549755,0.95,0.9246666666666666,0.9753333333333333
-0.7544754475447545,0.95,0.9246666666666666,0.9753333333333333
-0.753975397539754,0.95,0.9246666666666666,0.9753333333333333
-0.7534753475347535,0.95,0.9246666666666666,0.9753333333333333
-0.752975297529753,0.95,0.9246666666666666,0.9753333333333333
-0.7524752475247525,0.95,0.9246666666666666,0.9753333333333333
-0.751975197519752,0.95,0.9246666666666666,0.9753333333333333
-0.7514751475147514,0.95,0.9246666666666666,0.9753333333333333
-0.750975097509751,0.95,0.9246666666666666,0.9753333333333333
-0.7504750475047505,0.95,0.9246666666666666,0.9753333333333333
-0.74997499749975,0.95,0.9246666666666666,0.9753333333333333
-0.7494749474947495,0.95,0.9246666666666666,0.9753333333333333
-0.748974897489749,0.95,0.9246666666666666,0.9753333333333333
-0.7484748474847485,0.95,0.9246666666666666,0.9753333333333333
-0.7479747974797479,0.95,0.9246666666666666,0.9753333333333333
-0.7474747474747474,0.95,0.9246666666666666,0.9753333333333333
-0.746974697469747,0.95,0.9246666666666666,0.9753333333333333
-0.7464746474647465,0.95,0.9246666666666666,0.9753333333333333
-0.745974597459746,0.95,0.9246666666666666,0.9753333333333333
-0.7454745474547455,0.95,0.9246666666666666,0.9753333333333333
-0.744974497449745,0.95,0.9246666666666666,0.9753333333333333
-0.7444744474447444,0.95,0.9246666666666666,0.9753333333333333
-0.7439743974397439,0.95,0.9246666666666666,0.9753333333333333
-0.7434743474347435,0.95,0.9246666666666666,0.9753333333333333
-0.742974297429743,0.95,0.9246666666666666,0.9753333333333333
-0.7424742474247426,0.95,0.9246666666666666,0.9753333333333333
-0.741974197419742,0.95,0.9246666666666666,0.9753333333333333
-0.7414741474147415,0.95,0.9246666666666666,0.9753333333333333
-0.740974097409741,0.95,0.9246666666666666,0.9753333333333333
-0.7404740474047404,0.95,0.9246666666666666,0.9753333333333333
-0.7399739973997399,0.95,0.9246666666666666,0.9753333333333333
-0.7394739473947395,0.95,0.9246666666666666,0.9753333333333333
-0.738973897389739,0.95,0.9246666666666666,0.9753333333333333
-0.7384738473847385,0.95,0.9246666666666666,0.9753333333333333
-0.737973797379738,0.95,0.9246666666666666,0.9753333333333333
-0.7374737473747375,0.95,0.9246666666666666,0.9753333333333333
-0.736973697369737,0.95,0.9246666666666666,0.9753333333333333
-0.7364736473647364,0.95,0.9246666666666666,0.9753333333333333
-0.735973597359736,0.95,0.9246666666666666,0.9753333333333333
-0.7354735473547355,0.95,0.9246666666666666,0.9753333333333333
-0.734973497349735,0.95,0.9246666666666666,0.9753333333333333
-0.7344734473447345,0.95,0.9246666666666666,0.9753333333333333
-0.733973397339734,0.95,0.9246666666666666,0.9753333333333333
-0.7334733473347335,0.95,0.9246666666666666,0.9753333333333333
-0.7329732973297329,0.95,0.9246666666666666,0.9753333333333333
-0.7324732473247324,0.95,0.9246666666666666,0.9753333333333333
-0.731973197319732,0.95,0.9246666666666666,0.9753333333333333
-0.7314731473147315,0.95,0.9246666666666666,0.9753333333333333
-0.730973097309731,0.95,0.9246666666666666,0.9753333333333333
-0.7304730473047305,0.95,0.9246666666666666,0.9753333333333333
-0.72997299729973,0.95,0.9246666666666666,0.9753333333333333
-0.7294729472947294,0.95,0.9246666666666666,0.9753333333333333
-0.7289728972897289,0.95,0.9246666666666666,0.9753333333333333
-0.7284728472847285,0.95,0.9246666666666666,0.9753333333333333
-0.727972797279728,0.95,0.9246666666666666,0.9753333333333333
-0.7274727472747275,0.95,0.9246666666666666,0.9753333333333333
-0.726972697269727,0.95,0.9246666666666666,0.9753333333333333
-0.7264726472647265,0.95,0.9246666666666666,0.9753333333333333
-0.725972597259726,0.95,0.9246666666666666,0.9753333333333333
-0.7254725472547254,0.95,0.9246666666666666,0.9753333333333333
-0.7249724972497249,0.95,0.9246666666666666,0.9753333333333333
-0.7244724472447245,0.95,0.9246666666666666,0.9753333333333333
-0.723972397239724,0.95,0.9246666666666666,0.9753333333333333
-0.7234723472347235,0.95,0.9246666666666666,0.9753333333333333
-0.722972297229723,0.95,0.9246666666666666,0.9753333333333333
-0.7224722472247225,0.95,0.9246666666666666,0.9753333333333333
-0.721972197219722,0.95,0.9246666666666666,0.9753333333333333
-0.7214721472147214,0.95,0.9246666666666666,0.9753333333333333
-0.720972097209721,0.95,0.9246666666666666,0.9753333333333333
-0.7204720472047205,0.95,0.9246666666666666,0.9753333333333333
-0.71997199719972,0.95,0.9246666666666666,0.9753333333333333
-0.7194719471947195,0.95,0.9246666666666666,0.9753333333333333
-0.718971897189719,0.95,0.9246666666666666,0.9753333333333333
-0.7184718471847185,0.95,0.9246666666666666,0.9753333333333333
-0.7179717971797179,0.95,0.9246666666666666,0.9753333333333333
-0.7174717471747174,0.95,0.9246666666666666,0.9753333333333333
-0.716971697169717,0.95,0.9246666666666666,0.9753333333333333
-0.7164716471647165,0.95,0.9246666666666666,0.9753333333333333
-0.715971597159716,0.95,0.9246666666666666,0.9753333333333333
-0.7154715471547155,0.95,0.9246666666666666,0.9753333333333333
-0.714971497149715,0.95,0.9246666666666666,0.9753333333333333
-0.7144714471447144,0.95,0.9246666666666666,0.9753333333333333
-0.7139713971397139,0.95,0.9246666666666666,0.9753333333333333
-0.7134713471347135,0.95,0.9246666666666666,0.9753333333333333
-0.712971297129713,0.95,0.9246666666666666,0.9753333333333333
-0.7124712471247125,0.95,0.9246666666666666,0.9753333333333333
-0.711971197119712,0.95,0.9246666666666666,0.9753333333333333
-0.7114711471147115,0.95,0.9246666666666666,0.9753333333333333
-0.710971097109711,0.95,0.9246666666666666,0.9753333333333333
-0.7104710471047104,0.95,0.9246666666666666,0.9753333333333333
-0.7099709970997099,0.95,0.9246666666666666,0.9753333333333333
-0.7094709470947095,0.95,0.9246666666666666,0.9753333333333333
-0.708970897089709,0.95,0.9246666666666666,0.9753333333333333
-0.7084708470847085,0.95,0.9246666666666666,0.9753333333333333
-0.707970797079708,0.95,0.9246666666666666,0.9753333333333333
-0.7074707470747075,0.95,0.9246666666666666,0.9753333333333333
-0.7069706970697069,0.95,0.9246666666666666,0.9753333333333333
-0.7064706470647064,0.95,0.9246666666666666,0.9753333333333333
-0.705970597059706,0.95,0.9246666666666666,0.9753333333333333
-0.7054705470547055,0.95,0.9246666666666666,0.9753333333333333
-0.704970497049705,0.95,0.9246666666666666,0.9753333333333333
-0.7044704470447045,0.95,0.9246666666666666,0.9753333333333333
-0.703970397039704,0.95,0.9246666666666666,0.9753333333333333
-0.7034703470347035,0.95,0.9246666666666666,0.9753333333333333
-0.7029702970297029,0.95,0.9246666666666666,0.9753333333333333
-0.7024702470247024,0.95,0.9246666666666666,0.9753333333333333
-0.701970197019702,0.95,0.9246666666666666,0.9753333333333333
-0.7014701470147015,0.95,0.9246666666666666,0.9753333333333333
-0.700970097009701,0.95,0.9246666666666666,0.9753333333333333
-0.7004700470047005,0.95,0.9246666666666666,0.9753333333333333
-0.6999699969997,0.95,0.9246666666666666,0.9753333333333333
-0.6994699469946994,0.95,0.9246666666666666,0.9753333333333333
-0.6989698969896989,0.95,0.9246666666666666,0.9753333333333333
-0.6984698469846985,0.95,0.9246666666666666,0.9753333333333333
-0.697969796979698,0.95,0.9246666666666666,0.9753333333333333
-0.6974697469746975,0.95,0.9246666666666666,0.9753333333333333
-0.696969696969697,0.95,0.9246666666666666,0.9753333333333333
-0.6964696469646965,0.95,0.9246666666666666,0.9753333333333333
-0.695969596959696,0.95,0.9246666666666666,0.9753333333333333
-0.6954695469546954,0.95,0.9246666666666666,0.9753333333333333
-0.6949694969496949,0.95,0.9246666666666666,0.9753333333333333
-0.6944694469446945,0.95,0.9246666666666666,0.9753333333333333
-0.693969396939694,0.95,0.9246666666666666,0.9753333333333333
-0.6934693469346935,0.95,0.9246666666666666,0.9753333333333333
-0.692969296929693,0.95,0.9246666666666666,0.9753333333333333
-0.6924692469246925,0.95,0.9246666666666666,0.9753333333333333
-0.6919691969196919,0.95,0.9246666666666666,0.9753333333333333
-0.6914691469146914,0.95,0.9246666666666666,0.9753333333333333
-0.690969096909691,0.95,0.9246666666666666,0.9753333333333333
-0.6904690469046905,0.95,0.9246666666666666,0.9753333333333333
-0.68996899689969,0.95,0.9246666666666666,0.9753333333333333
-0.6894689468946895,0.95,0.9246666666666666,0.9753333333333333
-0.688968896889689,0.95,0.9246666666666666,0.9753333333333333
-0.6884688468846885,0.95,0.9246666666666666,0.9753333333333333
-0.6879687968796879,0.95,0.9246666666666666,0.9753333333333333
-0.6874687468746874,0.95,0.9246666666666666,0.9753333333333333
-0.686968696869687,0.95,0.9246666666666666,0.9753333333333333
-0.6864686468646864,0.95,0.9246666666666666,0.9753333333333333
-0.685968596859686,0.95,0.9246666666666666,0.9753333333333333
-0.6854685468546855,0.95,0.9246666666666666,0.9753333333333333
-0.684968496849685,0.95,0.9246666666666666,0.9753333333333333
-0.6844684468446844,0.95,0.9246666666666666,0.9753333333333333
-0.6839683968396839,0.95,0.9246666666666666,0.9753333333333333
-0.6834683468346835,0.95,0.9246666666666666,0.9753333333333333
-0.682968296829683,0.95,0.9246666666666666,0.9753333333333333
-0.6824682468246825,0.95,0.9246666666666666,0.9753333333333333
-0.681968196819682,0.95,0.9246666666666666,0.9753333333333333
-0.6814681468146815,0.95,0.9246666666666666,0.9753333333333333
-0.680968096809681,0.95,0.9246666666666666,0.9753333333333333
-0.6804680468046804,0.95,0.9246666666666666,0.9753333333333333
-0.6799679967996799,0.95,0.9246666666666666,0.9753333333333333
-0.6794679467946795,0.95,0.9246666666666666,0.9753333333333333
-0.678967896789679,0.95,0.9246666666666666,0.9753333333333333
-0.6784678467846785,0.95,0.9246666666666666,0.9753333333333333
-0.677967796779678,0.95,0.9246666666666666,0.9753333333333333
-0.6774677467746775,0.95,0.9246666666666666,0.9753333333333333
-0.6769676967696769,0.95,0.9246666666666666,0.9753333333333333
-0.6764676467646764,0.95,0.9246666666666666,0.9753333333333333
-0.675967596759676,0.95,0.9246666666666666,0.9753333333333333
-0.6754675467546755,0.95,0.9246666666666666,0.9753333333333333
-0.674967496749675,0.95,0.9246666666666666,0.9753333333333333
-0.6744674467446745,0.95,0.9246666666666666,0.9753333333333333
-0.673967396739674,0.95,0.9246666666666666,0.9753333333333333
-0.6734673467346735,0.95,0.9246666666666666,0.9753333333333333
-0.6729672967296729,0.95,0.9246666666666666,0.9753333333333333
-0.6724672467246724,0.95,0.9246666666666666,0.9753333333333333
-0.671967196719672,0.95,0.9246666666666666,0.9753333333333333
-0.6714671467146714,0.95,0.9246666666666666,0.9753333333333333
-0.670967096709671,0.95,0.9246666666666666,0.9753333333333333
-0.6704670467046705,0.95,0.9246666666666666,0.9753333333333333
-0.66996699669967,0.95,0.9246666666666666,0.9753333333333333
-0.6694669466946694,0.95,0.9246666666666666,0.9753333333333333
-0.6689668966896689,0.95,0.9246666666666666,0.9753333333333333
-0.6684668466846685,0.95,0.9246666666666666,0.9753333333333333
-0.667966796679668,0.95,0.9246666666666666,0.9753333333333333
-0.6674667466746675,0.95,0.9246666666666666,0.9753333333333333
-0.666966696669667,0.95,0.9246666666666666,0.9753333333333333
-0.6664666466646665,0.95,0.9246666666666666,0.9753333333333333
-0.665966596659666,0.95,0.9246666666666666,0.9753333333333333
-0.6654665466546654,0.95,0.9246666666666666,0.9753333333333333
-0.6649664966496649,0.95,0.9246666666666666,0.9753333333333333
-0.6644664466446645,0.95,0.9246666666666666,0.9753333333333333
-0.663966396639664,0.95,0.9246666666666666,0.9753333333333333
-0.6634663466346635,0.95,0.9246666666666666,0.9753333333333333
-0.662966296629663,0.95,0.9246666666666666,0.9753333333333333
-0.6624662466246625,0.95,0.9246666666666666,0.9753333333333333
-0.6619661966196619,0.95,0.9246666666666666,0.9753333333333333
-0.6614661466146614,0.95,0.9246666666666666,0.9753333333333333
-0.660966096609661,0.95,0.9246666666666666,0.9753333333333333
-0.6604660466046605,0.95,0.9246666666666666,0.9753333333333333
-0.65996599659966,0.95,0.9246666666666666,0.9753333333333333
-0.6594659465946595,0.95,0.9246666666666666,0.9753333333333333
-0.658965896589659,0.95,0.9246666666666666,0.9753333333333333
-0.6584658465846585,0.95,0.9246666666666666,0.9753333333333333
-0.6579657965796579,0.95,0.9246666666666666,0.9753333333333333
-0.6574657465746574,0.95,0.9246666666666666,0.9753333333333333
-0.656965696569657,0.95,0.9246666666666666,0.9753333333333333
-0.6564656465646564,0.95,0.9246666666666666,0.9753333333333333
-0.655965596559656,0.95,0.9246666666666666,0.9753333333333333
-0.6554655465546555,0.95,0.9246666666666666,0.9753333333333333
-0.654965496549655,0.95,0.9246666666666666,0.9753333333333333
-0.6544654465446544,0.95,0.9246666666666666,0.9753333333333333
-0.6539653965396539,0.95,0.9246666666666666,0.9753333333333333
-0.6534653465346535,0.95,0.9246666666666666,0.9753333333333333
-0.652965296529653,0.95,0.9246666666666666,0.9753333333333333
-0.6524652465246525,0.95,0.9246666666666666,0.9753333333333333
-0.651965196519652,0.95,0.9246666666666666,0.9753333333333333
-0.6514651465146515,0.95,0.9246666666666666,0.9753333333333333
-0.650965096509651,0.95,0.9246666666666666,0.9753333333333333
-0.6504650465046504,0.95,0.9246666666666666,0.9753333333333333
-0.6499649964996499,0.95,0.9246666666666666,0.9753333333333333
-0.6494649464946495,0.95,0.9246666666666666,0.9753333333333333
-0.648964896489649,0.95,0.9246666666666666,0.9753333333333333
-0.6484648464846485,0.95,0.9246666666666666,0.9753333333333333
-0.647964796479648,0.95,0.9246666666666666,0.9753333333333333
-0.6474647464746475,0.95,0.9246666666666666,0.9753333333333333
-0.6469646964696469,0.95,0.9246666666666666,0.9753333333333333
-0.6464646464646464,0.95,0.9246666666666666,0.9753333333333333
-0.645964596459646,0.95,0.9246666666666666,0.9753333333333333
-0.6454645464546455,0.95,0.9246666666666666,0.9753333333333333
-0.644964496449645,0.95,0.9246666666666666,0.9753333333333333
-0.6444644464446445,0.95,0.9246666666666666,0.9753333333333333
-0.643964396439644,0.95,0.9246666666666666,0.9753333333333333
-0.6434643464346435,0.95,0.9246666666666666,0.9753333333333333
-0.6429642964296429,0.95,0.9246666666666666,0.9753333333333333
-0.6424642464246424,0.95,0.9246666666666666,0.9753333333333333
-0.641964196419642,0.95,0.9246666666666666,0.9753333333333333
-0.6414641464146414,0.95,0.9246666666666666,0.9753333333333333
-0.640964096409641,0.95,0.9246666666666666,0.9753333333333333
-0.6404640464046405,0.95,0.9246666666666666,0.9753333333333333
-0.63996399639964,0.95,0.9246666666666666,0.9753333333333333
-0.6394639463946394,0.95,0.9246666666666666,0.9753333333333333
-0.6389638963896389,0.95,0.9246666666666666,0.9753333333333333
-0.6384638463846385,0.95,0.9246666666666666,0.9753333333333333
-0.637963796379638,0.95,0.9246666666666666,0.9753333333333333
-0.6374637463746375,0.95,0.9246666666666666,0.9753333333333333
-0.636963696369637,0.95,0.9246666666666666,0.9753333333333333
-0.6364636463646365,0.95,0.9246666666666666,0.9753333333333333
-0.635963596359636,0.95,0.9246666666666666,0.9753333333333333
-0.6354635463546354,0.95,0.9246666666666666,0.9753333333333333
-0.6349634963496349,0.95,0.9246666666666666,0.9753333333333333
-0.6344634463446345,0.95,0.9246666666666666,0.9753333333333333
-0.6339633963396339,0.95,0.9246666666666666,0.9753333333333333
-0.6334633463346335,0.95,0.9246666666666666,0.9753333333333333
-0.632963296329633,0.95,0.9246666666666666,0.9753333333333333
-0.6324632463246325,0.95,0.9246666666666666,0.9753333333333333
-0.6319631963196319,0.95,0.9246666666666666,0.9753333333333333
-0.6314631463146314,0.95,0.9246666666666666,0.9753333333333333
-0.630963096309631,0.95,0.9246666666666666,0.9753333333333333
-0.6304630463046305,0.95,0.9246666666666666,0.9753333333333333
-0.62996299629963,0.95,0.9246666666666666,0.9753333333333333
-0.6294629462946295,0.95,0.9246666666666666,0.9753333333333333
-0.628962896289629,0.95,0.9246666666666666,0.9753333333333333
-0.6284628462846285,0.95,0.9246666666666666,0.9753333333333333
-0.6279627962796279,0.95,0.9246666666666666,0.9753333333333333
-0.6274627462746274,0.95,0.9246666666666666,0.9753333333333333
-0.626962696269627,0.95,0.9246666666666666,0.9753333333333333
-0.6264626462646264,0.95,0.9246666666666666,0.9753333333333333
-0.625962596259626,0.95,0.9246666666666666,0.9753333333333333
-0.6254625462546255,0.95,0.9246666666666666,0.9753333333333333
-0.624962496249625,0.95,0.9246666666666666,0.9753333333333333
-0.6244624462446244,0.95,0.9246666666666666,0.9753333333333333
-0.6239623962396239,0.95,0.9246666666666666,0.9753333333333333
-0.6234623462346235,0.95,0.9246666666666666,0.9753333333333333
-0.622962296229623,0.95,0.9246666666666666,0.9753333333333333
-0.6224622462246225,0.95,0.9246666666666666,0.9753333333333333
-0.621962196219622,0.95,0.9246666666666666,0.9753333333333333
-0.6214621462146215,0.95,0.9246666666666666,0.9753333333333333
-0.620962096209621,0.95,0.9246666666666666,0.9753333333333333
-0.6204620462046204,0.95,0.9246666666666666,0.9753333333333333
-0.6199619961996199,0.95,0.9246666666666666,0.9753333333333333
-0.6194619461946195,0.95,0.9246666666666666,0.9753333333333333
-0.6189618961896189,0.95,0.9246666666666666,0.9753333333333333
-0.6184618461846185,0.95,0.9246666666666666,0.9753333333333333
-0.617961796179618,0.95,0.9246666666666666,0.9753333333333333
-0.6174617461746175,0.95,0.9246666666666666,0.9753333333333333
-0.6169616961696169,0.95,0.9246666666666666,0.9753333333333333
-0.6164616461646164,0.95,0.9246666666666666,0.9753333333333333
-0.615961596159616,0.95,0.9246666666666666,0.9753333333333333
-0.6154615461546155,0.95,0.9246666666666666,0.9753333333333333
-0.614961496149615,0.95,0.9246666666666666,0.9753333333333333
-0.6144614461446145,0.95,0.9246666666666666,0.9753333333333333
-0.613961396139614,0.95,0.9246666666666666,0.9753333333333333
-0.6134613461346134,0.95,0.9246666666666666,0.9753333333333333
-0.6129612961296129,0.95,0.9246666666666666,0.9753333333333333
-0.6124612461246124,0.95,0.9246666666666666,0.9753333333333333
-0.611961196119612,0.95,0.9246666666666666,0.9753333333333333
-0.6114611461146114,0.95,0.9246666666666666,0.9753333333333333
-0.610961096109611,0.95,0.9246666666666666,0.9753333333333333
-0.6104610461046105,0.95,0.9246666666666666,0.9753333333333333
-0.60996099609961,0.95,0.9246666666666666,0.9753333333333333
-0.6094609460946094,0.95,0.9246666666666666,0.9753333333333333
-0.6089608960896089,0.95,0.9246666666666666,0.9753333333333333
-0.6084608460846084,0.95,0.9246666666666666,0.9753333333333333
-0.607960796079608,0.95,0.9246666666666666,0.9753333333333333
-0.6074607460746075,0.95,0.9246666666666666,0.9753333333333333
-0.606960696069607,0.95,0.9246666666666666,0.9753333333333333
-0.6064606460646065,0.95,0.9246666666666666,0.9753333333333333
-0.605960596059606,0.95,0.9246666666666666,0.9753333333333333
-0.6054605460546054,0.95,0.9246666666666666,0.9753333333333333
-0.6049604960496049,0.95,0.9246666666666666,0.9753333333333333
-0.6044604460446045,0.95,0.9246666666666666,0.9753333333333333
-0.6039603960396039,0.95,0.9246666666666666,0.9753333333333333
-0.6034603460346035,0.95,0.9246666666666666,0.9753333333333333
-0.602960296029603,0.95,0.9246666666666666,0.9753333333333333
-0.6024602460246025,0.95,0.9246666666666666,0.9753333333333333
-0.6019601960196019,0.95,0.9246666666666666,0.9753333333333333
-0.6014601460146014,0.95,0.9246666666666666,0.9753333333333333
-0.6009600960096009,0.95,0.9246666666666666,0.9753333333333333
-0.6004600460046005,0.95,0.9246666666666666,0.9753333333333333
-0.5999599959996,0.95,0.9246666666666666,0.9753333333333333
-0.5994599459945995,0.95,0.9246666666666666,0.9753333333333333
-0.598959895989599,0.95,0.9246666666666666,0.9753333333333333
-0.5984598459845984,0.95,0.9246666666666666,0.9753333333333333
-0.5979597959795979,0.95,0.9246666666666666,0.9753333333333333
-0.5974597459745974,0.95,0.9246666666666666,0.9753333333333333
-0.596959695969597,0.95,0.9246666666666666,0.9753333333333333
-0.5964596459645964,0.95,0.9246666666666666,0.9753333333333333
-0.595959595959596,0.95,0.9246666666666666,0.9753333333333333
-0.5954595459545955,0.95,0.9246666666666666,0.9753333333333333
-0.594959495949595,0.95,0.9246666666666666,0.9753333333333333
-0.5944594459445944,0.95,0.9246666666666666,0.9753333333333333
-0.5939593959395939,0.95,0.9246666666666666,0.9753333333333333
-0.5934593459345934,0.95,0.9246666666666666,0.9753333333333333
-0.592959295929593,0.95,0.9246666666666666,0.9753333333333333
-0.5924592459245925,0.95,0.9246666666666666,0.9753333333333333
-0.591959195919592,0.95,0.9246666666666666,0.9753333333333333
-0.5914591459145915,0.95,0.9246666666666666,0.9753333333333333
-0.590959095909591,0.95,0.9246666666666666,0.9753333333333333
-0.5904590459045904,0.95,0.9246666666666666,0.9753333333333333
-0.5899589958995899,0.95,0.9246666666666666,0.9753333333333333
-0.5894589458945895,0.95,0.9246666666666666,0.9753333333333333
-0.5889588958895889,0.95,0.9246666666666666,0.9753333333333333
-0.5884588458845885,0.95,0.9246666666666666,0.9753333333333333
-0.587958795879588,0.95,0.9246666666666666,0.9753333333333333
-0.5874587458745875,0.95,0.9246666666666666,0.9753333333333333
-0.5869586958695869,0.95,0.9246666666666666,0.9753333333333333
-0.5864586458645864,0.95,0.9246666666666666,0.9753333333333333
-0.5859585958595859,0.95,0.9246666666666666,0.9753333333333333
-0.5854585458545855,0.95,0.9246666666666666,0.9753333333333333
-0.584958495849585,0.95,0.9246666666666666,0.9753333333333333
-0.5844584458445845,0.95,0.9246666666666666,0.9753333333333333
-0.583958395839584,0.95,0.9246666666666666,0.9753333333333333
-0.5834583458345834,0.95,0.9246666666666666,0.9753333333333333
-0.5829582958295829,0.95,0.9246666666666666,0.9753333333333333
-0.5824582458245824,0.95,0.9246666666666666,0.9753333333333333
-0.581958195819582,0.95,0.9246666666666666,0.9753333333333333
-0.5814581458145814,0.95,0.9246666666666666,0.9753333333333333
-0.580958095809581,0.95,0.9246666666666666,0.9753333333333333
-0.5804580458045805,0.95,0.9246666666666666,0.9753333333333333
-0.57995799579958,0.95,0.9246666666666666,0.9753333333333333
-0.5794579457945794,0.95,0.9246666666666666,0.9753333333333333
-0.5789578957895789,0.95,0.9246666666666666,0.9753333333333333
-0.5784578457845784,0.95,0.9246666666666666,0.9753333333333333
-0.577957795779578,0.95,0.9246666666666666,0.9753333333333333
-0.5774577457745775,0.95,0.9246666666666666,0.9753333333333333
-0.576957695769577,0.95,0.9246666666666666,0.9753333333333333
-0.5764576457645765,0.95,0.9246666666666666,0.9753333333333333
-0.575957595759576,0.95,0.9246666666666666,0.9753333333333333
-0.5754575457545754,0.95,0.9246666666666666,0.9753333333333333
-0.5749574957495749,0.95,0.9246666666666666,0.9753333333333333
-0.5744574457445745,0.95,0.9246666666666666,0.9753333333333333
-0.5739573957395739,0.95,0.9246666666666666,0.9753333333333333
-0.5734573457345735,0.95,0.9246666666666666,0.9753333333333333
-0.572957295729573,0.95,0.9246666666666666,0.9753333333333333
-0.5724572457245725,0.95,0.9246666666666666,0.9753333333333333
-0.5719571957195719,0.95,0.9246666666666666,0.9753333333333333
-0.5714571457145714,0.95,0.9246666666666666,0.9753333333333333
-0.5709570957095709,0.95,0.9246666666666666,0.9753333333333333
-0.5704570457045705,0.95,0.9246666666666666,0.9753333333333333
-0.56995699569957,0.95,0.9246666666666666,0.9753333333333333
-0.5694569456945695,0.95,0.9246666666666666,0.9753333333333333
-0.568956895689569,0.95,0.9246666666666666,0.9753333333333333
-0.5684568456845684,0.95,0.9246666666666666,0.9753333333333333
-0.5679567956795679,0.95,0.9246666666666666,0.9753333333333333
-0.5674567456745674,0.95,0.9246666666666666,0.9753333333333333
-0.566956695669567,0.95,0.9246666666666666,0.9753333333333333
-0.5664566456645664,0.95,0.9246666666666666,0.9753333333333333
-0.565956595659566,0.95,0.9246666666666666,0.9753333333333333
-0.5654565456545655,0.95,0.9246666666666666,0.9753333333333333
-0.564956495649565,0.95,0.9246666666666666,0.9753333333333333
-0.5644564456445644,0.95,0.9246666666666666,0.9753333333333333
-0.5639563956395639,0.95,0.9246666666666666,0.9753333333333333
-0.5634563456345634,0.95,0.9246666666666666,0.9753333333333333
-0.562956295629563,0.95,0.9246666666666666,0.9753333333333333
-0.5624562456245625,0.95,0.9246666666666666,0.9753333333333333
-0.561956195619562,0.95,0.9246666666666666,0.9753333333333333
-0.5614561456145615,0.95,0.9246666666666666,0.9753333333333333
-0.560956095609561,0.95,0.9246666666666666,0.9753333333333333
-0.5604560456045604,0.95,0.9246666666666666,0.9753333333333333
-0.5599559955995599,0.95,0.9246666666666666,0.9753333333333333
-0.5594559455945595,0.95,0.9246666666666666,0.9753333333333333
-0.5589558955895589,0.95,0.9246666666666666,0.9753333333333333
-0.5584558455845585,0.95,0.9246666666666666,0.9753333333333333
-0.557955795579558,0.95,0.9246666666666666,0.9753333333333333
-0.5574557455745575,0.95,0.9246666666666666,0.9753333333333333
-0.5569556955695569,0.95,0.9246666666666666,0.9753333333333333
-0.5564556455645564,0.95,0.9246666666666666,0.9753333333333333
-0.5559555955595559,0.95,0.9246666666666666,0.9753333333333333
-0.5554555455545555,0.95,0.9246666666666666,0.9753333333333333
-0.554955495549555,0.95,0.9246666666666666,0.9753333333333333
-0.5544554455445545,0.95,0.9246666666666666,0.9753333333333333
-0.553955395539554,0.95,0.9246666666666666,0.9753333333333333
-0.5534553455345534,0.95,0.9246666666666666,0.9753333333333333
-0.5529552955295529,0.95,0.9246666666666666,0.9753333333333333
-0.5524552455245524,0.95,0.9246666666666666,0.9753333333333333
-0.551955195519552,0.95,0.9246666666666666,0.9753333333333333
-0.5514551455145514,0.95,0.9246666666666666,0.9753333333333333
-0.550955095509551,0.95,0.9246666666666666,0.9753333333333333
-0.5504550455045505,0.95,0.9246666666666666,0.9753333333333333
-0.54995499549955,0.95,0.9246666666666666,0.9753333333333333
-0.5494549454945494,0.95,0.9246666666666666,0.9753333333333333
-0.5489548954895489,0.95,0.9246666666666666,0.9753333333333333
-0.5484548454845484,0.95,0.9246666666666666,0.9753333333333333
-0.547954795479548,0.95,0.9246666666666666,0.9753333333333333
-0.5474547454745475,0.95,0.9246666666666666,0.9753333333333333
-0.546954695469547,0.95,0.9246666666666666,0.9753333333333333
-0.5464546454645465,0.95,0.9246666666666666,0.9753333333333333
-0.5459545954595459,0.95,0.9246666666666666,0.9753333333333333
-0.5454545454545454,0.95,0.9246666666666666,0.9753333333333333
-0.5449544954495449,0.95,0.9246666666666666,0.9753333333333333
-0.5444544454445445,0.95,0.9246666666666666,0.9753333333333333
-0.5439543954395439,0.95,0.9246666666666666,0.9753333333333333
-0.5434543454345435,0.95,0.9246666666666666,0.9753333333333333
-0.542954295429543,0.95,0.9246666666666666,0.9753333333333333
-0.5424542454245425,0.95,0.9246666666666666,0.9753333333333333
-0.5419541954195419,0.95,0.9246666666666666,0.9753333333333333
-0.5414541454145414,0.95,0.9246666666666666,0.9753333333333333
-0.5409540954095409,0.95,0.9246666666666666,0.9753333333333333
-0.5404540454045405,0.95,0.9246666666666666,0.9753333333333333
-0.53995399539954,0.95,0.9246666666666666,0.9753333333333333
-0.5394539453945395,0.95,0.9246666666666666,0.9753333333333333
-0.538953895389539,0.95,0.9246666666666666,0.9753333333333333
-0.5384538453845384,0.95,0.9246666666666666,0.9753333333333333
-0.5379537953795379,0.95,0.9246666666666666,0.9753333333333333
-0.5374537453745374,0.95,0.9246666666666666,0.9753333333333333
-0.536953695369537,0.95,0.9246666666666666,0.9753333333333333
-0.5364536453645364,0.95,0.9246666666666666,0.9753333333333333
-0.535953595359536,0.95,0.9246666666666666,0.9753333333333333
-0.5354535453545355,0.95,0.9246666666666666,0.9753333333333333
-0.534953495349535,0.95,0.9246666666666666,0.9753333333333333
-0.5344534453445344,0.95,0.9246666666666666,0.9753333333333333
-0.5339533953395339,0.95,0.9246666666666666,0.9753333333333333
-0.5334533453345334,0.95,0.9246666666666666,0.9753333333333333
-0.532953295329533,0.95,0.9246666666666666,0.9753333333333333
-0.5324532453245325,0.95,0.9246666666666666,0.9753333333333333
-0.531953195319532,0.95,0.9246666666666666,0.9753333333333333
-0.5314531453145315,0.95,0.9246666666666666,0.9753333333333333
-0.5309530953095309,0.95,0.9246666666666666,0.9753333333333333
-0.5304530453045304,0.95,0.9246666666666666,0.9753333333333333
-0.5299529952995299,0.95,0.9246666666666666,0.9753333333333333
-0.5294529452945295,0.95,0.9246666666666666,0.9753333333333333
-0.5289528952895289,0.95,0.9246666666666666,0.9753333333333333
-0.5284528452845285,0.95,0.9246666666666666,0.9753333333333333
-0.527952795279528,0.95,0.9246666666666666,0.9753333333333333
-0.5274527452745275,0.95,0.9246666666666666,0.9753333333333333
-0.5269526952695269,0.95,0.9246666666666666,0.9753333333333333
-0.5264526452645264,0.95,0.9246666666666666,0.9753333333333333
-0.5259525952595259,0.95,0.9246666666666666,0.9753333333333333
-0.5254525452545254,0.95,0.9246666666666666,0.9753333333333333
-0.524952495249525,0.95,0.9246666666666666,0.9753333333333333
-0.5244524452445245,0.95,0.9246666666666666,0.9753333333333333
-0.523952395239524,0.95,0.9246666666666666,0.9753333333333333
-0.5234523452345234,0.95,0.9246666666666666,0.9753333333333333
-0.5229522952295229,0.95,0.9246666666666666,0.9753333333333333
-0.5224522452245224,0.95,0.9246666666666666,0.9753333333333333
-0.521952195219522,0.95,0.9246666666666666,0.9753333333333333
-0.5214521452145214,0.95,0.9246666666666666,0.9753333333333333
-0.520952095209521,0.95,0.9246666666666666,0.9753333333333333
-0.5204520452045205,0.95,0.9246666666666666,0.9753333333333333
-0.51995199519952,0.95,0.9246666666666666,0.9753333333333333
-0.5194519451945194,0.95,0.9246666666666666,0.9753333333333333
-0.5189518951895189,0.95,0.9246666666666666,0.9753333333333333
-0.5184518451845184,0.95,0.9246666666666666,0.9753333333333333
-0.517951795179518,0.95,0.9246666666666666,0.9753333333333333
-0.5174517451745175,0.95,0.9246666666666666,0.9753333333333333
-0.516951695169517,0.95,0.9246666666666666,0.9753333333333333
-0.5164516451645165,0.95,0.9246666666666666,0.9753333333333333
-0.5159515951595159,0.95,0.9246666666666666,0.9753333333333333
-0.5154515451545154,0.95,0.9246666666666666,0.9753333333333333
-0.5149514951495149,0.95,0.9246666666666666,0.9753333333333333
-0.5144514451445145,0.95,0.9246666666666666,0.9753333333333333
-0.5139513951395139,0.95,0.9246666666666666,0.9753333333333333
-0.5134513451345135,0.95,0.9246666666666666,0.9753333333333333
-0.512951295129513,0.95,0.9246666666666666,0.9753333333333333
-0.5124512451245125,0.95,0.9246666666666666,0.9753333333333333
-0.5119511951195119,0.95,0.9246666666666666,0.9753333333333333
-0.5114511451145114,0.95,0.9246666666666666,0.9753333333333333
-0.5109510951095109,0.95,0.9246666666666666,0.9753333333333333
-0.5104510451045104,0.95,0.9246666666666666,0.9753333333333333
-0.50995099509951,0.95,0.9246666666666666,0.9753333333333333
-0.5094509450945095,0.95,0.9246666666666666,0.9753333333333333
-0.508950895089509,0.95,0.9246666666666666,0.9753333333333333
-0.5084508450845084,0.95,0.9246666666666666,0.9753333333333333
-0.5079507950795079,0.95,0.9246666666666666,0.9753333333333333
-0.5074507450745074,0.95,0.9246666666666666,0.9753333333333333
-0.506950695069507,0.95,0.9246666666666666,0.9753333333333333
-0.5064506450645064,0.95,0.9246666666666666,0.9753333333333333
-0.505950595059506,0.95,0.9246666666666666,0.9753333333333333
-0.5054505450545055,0.95,0.9246666666666666,0.9753333333333333
-0.504950495049505,0.95,0.9246666666666666,0.9753333333333333
-0.5044504450445044,0.95,0.9246666666666666,0.9753333333333333
-0.5039503950395039,0.95,0.9246666666666666,0.9753333333333333
-0.5034503450345034,0.95,0.9246666666666666,0.9753333333333333
-0.502950295029503,0.95,0.9246666666666666,0.9753333333333333
-0.5024502450245025,0.95,0.9246666666666666,0.9753333333333333
-0.501950195019502,0.95,0.9246666666666666,0.9753333333333333
-0.5014501450145015,0.95,0.9246666666666666,0.9753333333333333
-0.5009500950095009,0.95,0.9246666666666666,0.9753333333333333
-0.5004500450045004,0.95,0.9246666666666666,0.9753333333333333
-0.4999499949995,0.95,0.9246666666666666,0.9753333333333333
-0.49944994499449946,0.95,0.9246666666666666,0.9753333333333333
-0.49894989498949893,0.95,0.9246666666666666,0.9753333333333333
-0.4984498449844984,0.95,0.9246666666666666,0.9753333333333333
-0.497949794979498,0.95,0.9246666666666666,0.9753333333333333
-0.49744974497449745,0.95,0.9246666666666666,0.9753333333333333
-0.4969496949694969,0.95,0.9246666666666666,0.9753333333333333
-0.4964496449644964,0.95,0.9246666666666666,0.9753333333333333
-0.495949594959496,0.95,0.9246666666666666,0.9753333333333333
-0.49544954495449545,0.95,0.9246666666666666,0.9753333333333333
-0.4949494949494949,0.95,0.9246666666666666,0.9753333333333333
-0.4944494449444945,0.95,0.9246666666666666,0.9753333333333333
-0.49394939493949397,0.95,0.9246666666666666,0.9753333333333333
-0.49344934493449344,0.95,0.9246666666666666,0.9753333333333333
-0.4929492949294929,0.95,0.9246666666666666,0.9753333333333333
-0.4924492449244925,0.95,0.9246666666666666,0.9753333333333333
-0.49194919491949196,0.95,0.9246666666666666,0.9753333333333333
-0.49144914491449143,0.95,0.9246666666666666,0.9753333333333333
-0.4909490949094909,0.95,0.9246666666666666,0.9753333333333333
-0.4904490449044905,0.95,0.9246666666666666,0.9753333333333333
-0.48994899489948995,0.95,0.9246666666666666,0.9753333333333333
-0.4894489448944894,0.95,0.9246666666666666,0.9753333333333333
-0.4889488948894889,0.95,0.9246666666666666,0.9753333333333333
-0.4884488448844885,0.95,0.9246666666666666,0.9753333333333333
-0.48794879487948795,0.95,0.9246666666666666,0.9753333333333333
-0.4874487448744874,0.95,0.9246666666666666,0.9753333333333333
-0.486948694869487,0.95,0.9246666666666666,0.9753333333333333
-0.48644864486448647,0.95,0.9246666666666666,0.9753333333333333
-0.48594859485948594,0.95,0.9246666666666666,0.9753333333333333
-0.4854485448544854,0.95,0.9246666666666666,0.9753333333333333
-0.484948494849485,0.95,0.9246666666666666,0.9753333333333333
-0.48444844484448446,0.95,0.9246666666666666,0.9753333333333333
-0.48394839483948393,0.95,0.9246666666666666,0.9753333333333333
-0.4834483448344834,0.95,0.9246666666666666,0.9753333333333333
-0.482948294829483,0.95,0.9246666666666666,0.9753333333333333
-0.48244824482448245,0.95,0.9246666666666666,0.9753333333333333
-0.4819481948194819,0.95,0.9246666666666666,0.9753333333333333
-0.4814481448144814,0.95,0.9246666666666666,0.9753333333333333
-0.480948094809481,0.95,0.9246666666666666,0.9753333333333333
-0.48044804480448045,0.95,0.9246666666666666,0.9753333333333333
-0.4799479947994799,0.95,0.9246666666666666,0.9753333333333333
-0.4794479447944795,0.95,0.9246666666666666,0.9753333333333333
-0.47894789478947897,0.95,0.9246666666666666,0.9753333333333333
-0.47844784478447844,0.95,0.9246666666666666,0.9753333333333333
-0.4779477947794779,0.95,0.9246666666666666,0.9753333333333333
-0.4774477447744775,0.95,0.9246666666666666,0.9753333333333333
-0.47694769476947696,0.95,0.9246666666666666,0.9753333333333333
-0.47644764476447643,0.95,0.9246666666666666,0.9753333333333333
-0.4759475947594759,0.95,0.9246666666666666,0.9753333333333333
-0.4754475447544755,0.95,0.9246666666666666,0.9753333333333333
-0.47494749474947495,0.95,0.9246666666666666,0.9753333333333333
-0.4744474447444744,0.95,0.9246666666666666,0.9753333333333333
-0.4739473947394739,0.95,0.9246666666666666,0.9753333333333333
-0.4734473447344735,0.95,0.9246666666666666,0.9753333333333333
-0.47294729472947294,0.95,0.9246666666666666,0.9753333333333333
-0.4724472447244724,0.95,0.9246666666666666,0.9753333333333333
-0.471947194719472,0.95,0.9246666666666666,0.9753333333333333
-0.47144714471447147,0.95,0.9246666666666666,0.9753333333333333
-0.47094709470947094,0.95,0.9246666666666666,0.9753333333333333
-0.4704470447044704,0.95,0.9246666666666666,0.9753333333333333
-0.46994699469947,0.95,0.9246666666666666,0.9753333333333333
-0.46944694469446946,0.95,0.9246666666666666,0.9753333333333333
-0.46894689468946893,0.95,0.9246666666666666,0.9753333333333333
-0.4684468446844684,0.95,0.9246666666666666,0.9753333333333333
-0.467946794679468,0.95,0.9246666666666666,0.9753333333333333
-0.46744674467446745,0.95,0.9246666666666666,0.9753333333333333
-0.4669466946694669,0.95,0.9246666666666666,0.9753333333333333
-0.4664466446644664,0.95,0.9246666666666666,0.9753333333333333
-0.465946594659466,0.95,0.9246666666666666,0.9753333333333333
-0.46544654465446544,0.95,0.9246666666666666,0.9753333333333333
-0.4649464946494649,0.95,0.9246666666666666,0.9753333333333333
-0.4644464446444645,0.95,0.9246666666666666,0.9753333333333333
-0.46394639463946397,0.95,0.9246666666666666,0.9753333333333333
-0.46344634463446344,0.95,0.9246666666666666,0.9753333333333333
-0.4629462946294629,0.95,0.9246666666666666,0.9753333333333333
-0.4624462446244625,0.95,0.9246666666666666,0.9753333333333333
-0.46194619461946196,0.95,0.9246666666666666,0.9753333333333333
-0.46144614461446143,0.95,0.9246666666666666,0.9753333333333333
-0.4609460946094609,0.95,0.9246666666666666,0.9753333333333333
-0.4604460446044605,0.95,0.9246666666666666,0.9753333333333333
-0.45994599459945995,0.95,0.9246666666666666,0.9753333333333333
-0.4594459445944594,0.95,0.9246666666666666,0.9753333333333333
-0.4589458945894589,0.95,0.9246666666666666,0.9753333333333333
-0.4584458445844585,0.95,0.9246666666666666,0.9753333333333333
-0.45794579457945794,0.95,0.9246666666666666,0.9753333333333333
-0.4574457445744574,0.95,0.9246666666666666,0.9753333333333333
-0.456945694569457,0.95,0.9246666666666666,0.9753333333333333
-0.45644564456445647,0.95,0.9246666666666666,0.9753333333333333
-0.45594559455945594,0.95,0.9246666666666666,0.9753333333333333
-0.4554455445544554,0.95,0.9246666666666666,0.9753333333333333
-0.454945494549455,0.95,0.9246666666666666,0.9753333333333333
-0.45444544454445446,0.95,0.9246666666666666,0.9753333333333333
-0.45394539453945393,0.95,0.9246666666666666,0.9753333333333333
-0.4534453445344534,0.95,0.9246666666666666,0.9753333333333333
-0.452945294529453,0.95,0.9246666666666666,0.9753333333333333
-0.45244524452445245,0.95,0.9246666666666666,0.9753333333333333
-0.4519451945194519,0.95,0.9246666666666666,0.9753333333333333
-0.4514451445144514,0.95,0.9246666666666666,0.9753333333333333
-0.45094509450945097,0.95,0.9246666666666666,0.9753333333333333
-0.45044504450445044,0.95,0.9246666666666666,0.9753333333333333
-0.4499449944994499,0.95,0.9246666666666666,0.9753333333333333
-0.4494449444944495,0.95,0.9246666666666666,0.9753333333333333
-0.44894489448944896,0.95,0.9246666666666666,0.9753333333333333
-0.44844484448444843,0.95,0.9246666666666666,0.9753333333333333
-0.4479447944794479,0.95,0.9246666666666666,0.9753333333333333
-0.4474447444744475,0.95,0.9246666666666666,0.9753333333333333
-0.44694469446944696,0.95,0.9246666666666666,0.9753333333333333
-0.4464446444644464,0.95,0.9246666666666666,0.9753333333333333
-0.4459445944594459,0.95,0.9246666666666666,0.9753333333333333
-0.4454445444544455,0.95,0.9246666666666666,0.9753333333333333
-0.44494449444944495,0.95,0.9246666666666666,0.9753333333333333
-0.4444444444444444,0.95,0.9246666666666666,0.9753333333333333
-0.4439443944394439,0.95,0.9246666666666666,0.9753333333333333
-0.44344434443444347,0.95,0.9246666666666666,0.9753333333333333
-0.44294429442944294,0.95,0.9246666666666666,0.9753333333333333
-0.4424442444244424,0.95,0.9246666666666666,0.9753333333333333
-0.441944194419442,0.95,0.9246666666666666,0.9753333333333333
-0.44144414441444146,0.95,0.9246666666666666,0.9753333333333333
-0.44094409440944093,0.95,0.9246666666666666,0.9753333333333333
-0.4404440444044404,0.95,0.9246666666666666,0.9753333333333333
-0.43994399439944,0.95,0.9246666666666666,0.9753333333333333
-0.43944394439443946,0.95,0.9246666666666666,0.9753333333333333
-0.4389438943894389,0.95,0.9246666666666666,0.9753333333333333
-0.4384438443844384,0.95,0.9246666666666666,0.9753333333333333
-0.437943794379438,0.95,0.9246666666666666,0.9753333333333333
-0.43744374437443745,0.95,0.9246666666666666,0.9753333333333333
-0.4369436943694369,0.95,0.9246666666666666,0.9753333333333333
-0.4364436443644364,0.95,0.9246666666666666,0.9753333333333333
-0.43594359435943597,0.95,0.9246666666666666,0.9753333333333333
-0.43544354435443544,0.95,0.9246666666666666,0.9753333333333333
-0.4349434943494349,0.95,0.9246666666666666,0.9753333333333333
-0.4344434443444345,0.95,0.9246666666666666,0.9753333333333333
-0.43394339433943396,0.95,0.9246666666666666,0.9753333333333333
-0.43344334433443343,0.95,0.9246666666666666,0.9753333333333333
-0.4329432943294329,0.95,0.9246666666666666,0.9753333333333333
-0.4324432443244325,0.95,0.9246666666666666,0.9753333333333333
-0.43194319431943196,0.95,0.9246666666666666,0.9753333333333333
-0.4314431443144314,0.95,0.9246666666666666,0.9753333333333333
-0.4309430943094309,0.95,0.9246666666666666,0.9753333333333333
-0.4304430443044305,0.95,0.9246666666666666,0.9753333333333333
-0.42994299429942995,0.95,0.9246666666666666,0.9753333333333333
-0.4294429442944294,0.95,0.9246666666666666,0.9753333333333333
-0.4289428942894289,0.95,0.9246666666666666,0.9753333333333333
-0.42844284428442847,0.95,0.9246666666666666,0.9753333333333333
-0.42794279427942794,0.95,0.9246666666666666,0.9753333333333333
-0.4274427442744274,0.95,0.9246666666666666,0.9753333333333333
-0.426942694269427,0.95,0.9246666666666666,0.9753333333333333
-0.42644264426442646,0.95,0.9246666666666666,0.9753333333333333
-0.42594259425942593,0.95,0.9246666666666666,0.9753333333333333
-0.4254425442544254,0.95,0.9246666666666666,0.9753333333333333
-0.424942494249425,0.95,0.9246666666666666,0.9753333333333333
-0.42444244424442445,0.95,0.9246666666666666,0.9753333333333333
-0.4239423942394239,0.95,0.9246666666666666,0.9753333333333333
-0.4234423442344234,0.95,0.9246666666666666,0.9753333333333333
-0.422942294229423,0.95,0.9246666666666666,0.9753333333333333
-0.42244224422442245,0.95,0.9246666666666666,0.9753333333333333
-0.4219421942194219,0.95,0.9246666666666666,0.9753333333333333
-0.4214421442144214,0.95,0.9246666666666666,0.9753333333333333
-0.42094209420942097,0.95,0.9246666666666666,0.9753333333333333
-0.42044204420442044,0.95,0.9246666666666666,0.9753333333333333
-0.4199419941994199,0.95,0.9246666666666666,0.9753333333333333
-0.4194419441944195,0.95,0.9246666666666666,0.9753333333333333
-0.41894189418941896,0.95,0.9246666666666666,0.9753333333333333
-0.41844184418441843,0.95,0.9246666666666666,0.9753333333333333
-0.4179417941794179,0.95,0.9246666666666666,0.9753333333333333
-0.4174417441744175,0.95,0.9246666666666666,0.9753333333333333
-0.41694169416941695,0.95,0.9246666666666666,0.9753333333333333
-0.4164416441644164,0.95,0.9246666666666666,0.9753333333333333
-0.4159415941594159,0.95,0.9246666666666666,0.9753333333333333
-0.4154415441544155,0.95,0.9246666666666666,0.9753333333333333
-0.41494149414941495,0.95,0.9246666666666666,0.9753333333333333
-0.4144414441444144,0.95,0.9246666666666666,0.9753333333333333
-0.4139413941394139,0.95,0.9246666666666666,0.9753333333333333
-0.41344134413441347,0.95,0.9246666666666666,0.9753333333333333
-0.41294129412941294,0.95,0.9246666666666666,0.9753333333333333
-0.4124412441244124,0.95,0.9246666666666666,0.9753333333333333
-0.411941194119412,0.95,0.9246666666666666,0.9753333333333333
-0.41144114411441146,0.95,0.9246666666666666,0.9753333333333333
-0.41094109410941093,0.95,0.9246666666666666,0.9753333333333333
-0.4104410441044104,0.95,0.9246666666666666,0.9753333333333333
-0.40994099409941,0.95,0.9246666666666666,0.9753333333333333
-0.40944094409440945,0.95,0.9246666666666666,0.9753333333333333
-0.4089408940894089,0.95,0.9246666666666666,0.9753333333333333
-0.4084408440844084,0.95,0.9246666666666666,0.9753333333333333
-0.407940794079408,0.95,0.9246666666666666,0.9753333333333333
-0.40744074407440745,0.95,0.9246666666666666,0.9753333333333333
-0.4069406940694069,0.95,0.9246666666666666,0.9753333333333333
-0.4064406440644064,0.95,0.9246666666666666,0.9753333333333333
-0.40594059405940597,0.95,0.9246666666666666,0.9753333333333333
-0.40544054405440544,0.95,0.9246666666666666,0.9753333333333333
-0.4049404940494049,0.95,0.9246666666666666,0.9753333333333333
-0.4044404440444045,0.95,0.9246666666666666,0.9753333333333333
-0.40394039403940396,0.95,0.9246666666666666,0.9753333333333333
-0.40344034403440343,0.95,0.9246666666666666,0.9753333333333333
-0.4029402940294029,0.95,0.9246666666666666,0.9753333333333333
-0.4024402440244025,0.95,0.9246666666666666,0.9753333333333333
-0.40194019401940195,0.95,0.9246666666666666,0.9753333333333333
-0.4014401440144014,0.95,0.9246666666666666,0.9753333333333333
-0.4009400940094009,0.95,0.9246666666666666,0.9753333333333333
-0.4004400440044005,0.95,0.9246666666666666,0.9753333333333333
-0.39993999399939995,0.95,0.9246666666666666,0.9753333333333333
-0.3994399439943994,0.95,0.9246666666666666,0.9753333333333333
-0.3989398939893989,0.95,0.9246666666666666,0.9753333333333333
-0.39843984398439847,0.95,0.9246666666666666,0.9753333333333333
-0.39793979397939794,0.95,0.9246666666666666,0.9753333333333333
-0.3974397439743974,0.95,0.9246666666666666,0.9753333333333333
-0.396939693969397,0.95,0.9246666666666666,0.9753333333333333
-0.39643964396439646,0.95,0.9246666666666666,0.9753333333333333
-0.39593959395939593,0.95,0.9246666666666666,0.9753333333333333
-0.3954395439543954,0.95,0.9246666666666666,0.9753333333333333
-0.394939493949395,0.95,0.9246666666666666,0.9753333333333333
-0.39443944394439445,0.95,0.9246666666666666,0.9753333333333333
-0.3939393939393939,0.95,0.9246666666666666,0.9753333333333333
-0.3934393439343934,0.95,0.9246666666666666,0.9753333333333333
-0.392939293929393,0.95,0.9246666666666666,0.9753333333333333
-0.39243924392439244,0.95,0.9246666666666666,0.9753333333333333
-0.3919391939193919,0.95,0.9246666666666666,0.9753333333333333
-0.3914391439143914,0.95,0.9246666666666666,0.9753333333333333
-0.39093909390939097,0.95,0.9246666666666666,0.9753333333333333
-0.39043904390439044,0.95,0.9246666666666666,0.9753333333333333
-0.3899389938993899,0.95,0.9246666666666666,0.9753333333333333
-0.3894389438943895,0.95,0.9246666666666666,0.9753333333333333
-0.38893889388938896,0.95,0.9246666666666666,0.9753333333333333
-0.38843884388438843,0.95,0.9246666666666666,0.9753333333333333
-0.3879387938793879,0.95,0.9246666666666666,0.9753333333333333
-0.3874387438743875,0.95,0.9246666666666666,0.9753333333333333
-0.38693869386938695,0.95,0.9246666666666666,0.9753333333333333
-0.3864386438643864,0.95,0.9246666666666666,0.9753333333333333
-0.3859385938593859,0.95,0.9246666666666666,0.9753333333333333
-0.3854385438543855,0.95,0.9246666666666666,0.9753333333333333
-0.38493849384938494,0.95,0.9246666666666666,0.9753333333333333
-0.3844384438443844,0.95,0.9246666666666666,0.9753333333333333
-0.3839383938393839,0.95,0.9246666666666666,0.9753333333333333
-0.38343834383438347,0.95,0.9246666666666666,0.9753333333333333
-0.38293829382938294,0.95,0.9246666666666666,0.9753333333333333
-0.3824382438243824,0.95,0.9246666666666666,0.9753333333333333
-0.381938193819382,0.95,0.9246666666666666,0.9753333333333333
-0.38143814381438146,0.95,0.9246666666666666,0.9753333333333333
-0.38093809380938093,0.95,0.9246666666666666,0.9753333333333333
-0.3804380438043804,0.95,0.9246666666666666,0.9753333333333333
-0.37993799379938,0.95,0.9246666666666666,0.9753333333333333
-0.37943794379437945,0.95,0.9246666666666666,0.9753333333333333
-0.3789378937893789,0.95,0.9246666666666666,0.9753333333333333
-0.3784378437843784,0.95,0.9246666666666666,0.9753333333333333
-0.377937793779378,0.95,0.9246666666666666,0.9753333333333333
-0.37743774377437744,0.95,0.9246666666666666,0.9753333333333333
-0.3769376937693769,0.95,0.9246666666666666,0.9753333333333333
-0.3764376437643764,0.95,0.9246666666666666,0.9753333333333333
-0.37593759375937597,0.95,0.9246666666666666,0.9753333333333333
-0.37543754375437544,0.95,0.9246666666666666,0.9753333333333333
-0.3749374937493749,0.95,0.9246666666666666,0.9753333333333333
-0.3744374437443745,0.95,0.9246666666666666,0.9753333333333333
-0.37393739373937396,0.95,0.9246666666666666,0.9753333333333333
-0.37343734373437343,0.95,0.9246666666666666,0.9753333333333333
-0.3729372937293729,0.95,0.9246666666666666,0.9753333333333333
-0.3724372437243725,0.95,0.9246666666666666,0.9753333333333333
-0.37193719371937195,0.95,0.9246666666666666,0.9753333333333333
-0.3714371437143714,0.95,0.9246666666666666,0.9753333333333333
-0.3709370937093709,0.95,0.9246666666666666,0.9753333333333333
-0.37043704370437047,0.95,0.9246666666666666,0.9753333333333333
-0.36993699369936994,0.95,0.9246666666666666,0.9753333333333333
-0.3694369436943694,0.95,0.9246666666666666,0.9753333333333333
-0.3689368936893689,0.95,0.9246666666666666,0.9753333333333333
-0.36843684368436846,0.95,0.9246666666666666,0.9753333333333333
-0.36793679367936794,0.95,0.9246666666666666,0.9753333333333333
-0.3674367436743674,0.95,0.9246666666666666,0.9753333333333333
-0.366936693669367,0.95,0.9246666666666666,0.9753333333333333
-0.36643664366436646,0.95,0.9246666666666666,0.9753333333333333
-0.3659365936593659,0.95,0.9246666666666666,0.9753333333333333
-0.3654365436543654,0.95,0.9246666666666666,0.9753333333333333
-0.364936493649365,0.95,0.9246666666666666,0.9753333333333333
-0.36443644364436445,0.95,0.9246666666666666,0.9753333333333333
-0.3639363936393639,0.95,0.9246666666666666,0.9753333333333333
-0.3634363436343634,0.95,0.9246666666666666,0.9753333333333333
-0.36293629362936297,0.95,0.9246666666666666,0.9753333333333333
-0.36243624362436244,0.95,0.9246666666666666,0.9753333333333333
-0.3619361936193619,0.95,0.9246666666666666,0.9753333333333333
-0.3614361436143614,0.95,0.9246666666666666,0.9753333333333333
-0.36093609360936096,0.95,0.9246666666666666,0.9753333333333333
-0.36043604360436043,0.95,0.9246666666666666,0.9753333333333333
-0.3599359935993599,0.95,0.9246666666666666,0.9753333333333333
-0.3594359435943595,0.95,0.9246666666666666,0.9753333333333333
-0.35893589358935896,0.95,0.9246666666666666,0.9753333333333333
-0.3584358435843584,0.95,0.9246666666666666,0.9753333333333333
-0.3579357935793579,0.95,0.9246666666666666,0.9753333333333333
-0.3574357435743575,0.95,0.9246666666666666,0.9753333333333333
-0.35693569356935695,0.95,0.9246666666666666,0.9753333333333333
-0.3564356435643564,0.95,0.9246666666666666,0.9753333333333333
-0.3559355935593559,0.95,0.9246666666666666,0.9753333333333333
-0.35543554355435547,0.95,0.9246666666666666,0.9753333333333333
-0.35493549354935494,0.95,0.9246666666666666,0.9753333333333333
-0.3544354435443544,0.95,0.9246666666666666,0.9753333333333333
-0.3539353935393539,0.95,0.9246666666666666,0.9753333333333333
-0.35343534353435346,0.95,0.9246666666666666,0.9753333333333333
-0.35293529352935293,0.95,0.9246666666666666,0.9753333333333333
-0.3524352435243524,0.95,0.9246666666666666,0.9753333333333333
-0.351935193519352,0.95,0.9246666666666666,0.9753333333333333
-0.35143514351435146,0.95,0.9246666666666666,0.9753333333333333
-0.3509350935093509,0.95,0.9246666666666666,0.9753333333333333
-0.3504350435043504,0.95,0.9246666666666666,0.9753333333333333
-0.34993499349935,0.95,0.9246666666666666,0.9753333333333333
-0.34943494349434945,0.95,0.9246666666666666,0.9753333333333333
-0.3489348934893489,0.95,0.9246666666666666,0.9753333333333333
-0.3484348434843484,0.95,0.9246666666666666,0.9753333333333333
-0.34793479347934797,0.95,0.9246666666666666,0.9753333333333333
-0.34743474347434744,0.95,0.9246666666666666,0.9753333333333333
-0.3469346934693469,0.95,0.9246666666666666,0.9753333333333333
-0.3464346434643464,0.95,0.9246666666666666,0.9753333333333333
-0.34593459345934596,0.95,0.9246666666666666,0.9753333333333333
-0.34543454345434543,0.95,0.9246666666666666,0.9753333333333333
-0.3449344934493449,0.95,0.9246666666666666,0.9753333333333333
-0.3444344434443445,0.95,0.9246666666666666,0.9753333333333333
-0.34393439343934396,0.95,0.9246666666666666,0.9753333333333333
-0.3434343434343434,0.95,0.9246666666666666,0.9753333333333333
-0.3429342934293429,0.95,0.9246666666666666,0.9753333333333333
-0.3424342434243425,0.95,0.9246666666666666,0.9753333333333333
-0.34193419341934195,0.95,0.9246666666666666,0.9753333333333333
-0.3414341434143414,0.95,0.9246666666666666,0.9753333333333333
-0.3409340934093409,0.95,0.9246666666666666,0.9753333333333333
-0.34043404340434047,0.95,0.9246666666666666,0.9753333333333333
-0.33993399339933994,0.95,0.9246666666666666,0.9753333333333333
-0.3394339433943394,0.95,0.9246666666666666,0.9753333333333333
-0.3389338933893389,0.95,0.9246666666666666,0.9753333333333333
-0.33843384338433846,0.95,0.9246666666666666,0.9753333333333333
-0.33793379337933793,0.95,0.9246666666666666,0.9753333333333333
-0.3374337433743374,0.95,0.9246666666666666,0.9753333333333333
-0.336933693369337,0.95,0.9246666666666666,0.9753333333333333
-0.33643364336433645,0.95,0.9246666666666666,0.9753333333333333
-0.3359335933593359,0.95,0.9246666666666666,0.9753333333333333
-0.3354335433543354,0.95,0.9246666666666666,0.9753333333333333
-0.334933493349335,0.95,0.9246666666666666,0.9753333333333333
-0.33443344334433445,0.95,0.9246666666666666,0.9753333333333333
-0.3339333933393339,0.95,0.9246666666666666,0.9753333333333333
-0.3334333433343334,0.95,0.9246666666666666,0.9753333333333333
-0.33293329332933297,0.95,0.9246666666666666,0.9753333333333333
-0.33243324332433244,0.95,0.9246666666666666,0.9753333333333333
-0.3319331933193319,0.95,0.9246666666666666,0.9753333333333333
-0.3314331433143314,0.95,0.9246666666666666,0.9753333333333333
-0.33093309330933096,0.95,0.9246666666666666,0.9753333333333333
-0.33043304330433043,0.95,0.9246666666666666,0.9753333333333333
-0.3299329932993299,0.95,0.9246666666666666,0.9753333333333333
-0.3294329432943295,0.95,0.9246666666666666,0.9753333333333333
-0.32893289328932895,0.95,0.9246666666666666,0.9753333333333333
-0.3284328432843284,0.95,0.9246666666666666,0.9753333333333333
-0.3279327932793279,0.95,0.9246666666666666,0.9753333333333333
-0.3274327432743275,0.95,0.9246666666666666,0.9753333333333333
-0.32693269326932695,0.95,0.9246666666666666,0.9753333333333333
-0.3264326432643264,0.95,0.9246666666666666,0.9753333333333333
-0.3259325932593259,0.95,0.9246666666666666,0.9753333333333333
-0.32543254325432547,0.95,0.9246666666666666,0.9753333333333333
-0.32493249324932494,0.95,0.9246666666666666,0.9753333333333333
-0.3244324432443244,0.95,0.9246666666666666,0.9753333333333333
-0.3239323932393239,0.95,0.9246666666666666,0.9753333333333333
-0.32343234323432346,0.95,0.9246666666666666,0.9753333333333333
-0.32293229322932293,0.95,0.9246666666666666,0.9753333333333333
-0.3224322432243224,0.95,0.9246666666666666,0.9753333333333333
-0.321932193219322,0.95,0.9246666666666666,0.9753333333333333
-0.32143214321432145,0.95,0.9246666666666666,0.9753333333333333
-0.3209320932093209,0.95,0.9246666666666666,0.9753333333333333
-0.3204320432043204,0.95,0.9246666666666666,0.9753333333333333
-0.31993199319932,0.95,0.9246666666666666,0.9753333333333333
-0.31943194319431945,0.95,0.9246666666666666,0.9753333333333333
-0.3189318931893189,0.95,0.9246666666666666,0.9753333333333333
-0.3184318431843184,0.95,0.9246666666666666,0.9753333333333333
-0.31793179317931797,0.95,0.9246666666666666,0.9753333333333333
-0.31743174317431744,0.95,0.9246666666666666,0.9753333333333333
-0.3169316931693169,0.95,0.9246666666666666,0.9753333333333333
-0.3164316431643164,0.95,0.9246666666666666,0.9753333333333333
-0.31593159315931596,0.95,0.9246666666666666,0.9753333333333333
-0.31543154315431543,0.95,0.9246666666666666,0.9753333333333333
-0.3149314931493149,0.95,0.9246666666666666,0.9753333333333333
-0.3144314431443145,0.95,0.9246666666666666,0.9753333333333333
-0.31393139313931395,0.95,0.9246666666666666,0.9753333333333333
-0.3134313431343134,0.95,0.9246666666666666,0.9753333333333333
-0.3129312931293129,0.95,0.9246666666666666,0.9753333333333333
-0.3124312431243125,0.95,0.9246666666666666,0.9753333333333333
-0.31193119311931194,0.95,0.9246666666666666,0.9753333333333333
-0.3114311431143114,0.95,0.9246666666666666,0.9753333333333333
-0.3109310931093109,0.95,0.9246666666666666,0.9753333333333333
-0.31043104310431047,0.95,0.9246666666666666,0.9753333333333333
-0.30993099309930994,0.95,0.9246666666666666,0.9753333333333333
-0.3094309430943094,0.95,0.9246666666666666,0.9753333333333333
-0.3089308930893089,0.95,0.9246666666666666,0.9753333333333333
-0.30843084308430846,0.95,0.9246666666666666,0.9753333333333333
-0.30793079307930793,0.95,0.9246666666666666,0.9753333333333333
-0.3074307430743074,0.95,0.9246666666666666,0.9753333333333333
-0.306930693069307,0.95,0.9246666666666666,0.9753333333333333
-0.30643064306430645,0.95,0.9246666666666666,0.9753333333333333
-0.3059305930593059,0.95,0.9246666666666666,0.9753333333333333
-0.3054305430543054,0.95,0.9246666666666666,0.9753333333333333
-0.304930493049305,0.95,0.9246666666666666,0.9753333333333333
-0.30443044304430444,0.95,0.9246666666666666,0.9753333333333333
-0.3039303930393039,0.95,0.9246666666666666,0.9753333333333333
-0.3034303430343034,0.95,0.9246666666666666,0.9753333333333333
-0.30293029302930297,0.95,0.9246666666666666,0.9753333333333333
-0.30243024302430244,0.95,0.9246666666666666,0.9753333333333333
-0.3019301930193019,0.95,0.9246666666666666,0.9753333333333333
-0.3014301430143014,0.95,0.9246666666666666,0.9753333333333333
-0.30093009300930096,0.95,0.9246666666666666,0.9753333333333333
-0.30043004300430043,0.95,0.9246666666666666,0.9753333333333333
-0.2999299929992999,0.95,0.9246666666666666,0.9753333333333333
-0.2994299429942995,0.95,0.9246666666666666,0.9753333333333333
-0.29892989298929895,0.95,0.9246666666666666,0.9753333333333333
-0.2984298429842984,0.95,0.9246666666666666,0.9753333333333333
-0.2979297929792979,0.95,0.9246666666666666,0.9753333333333333
-0.2974297429742975,0.95,0.9246666666666666,0.9753333333333333
-0.29692969296929694,0.95,0.9246666666666666,0.9753333333333333
-0.2964296429642964,0.95,0.9246666666666666,0.9753333333333333
-0.2959295929592959,0.95,0.9246666666666666,0.9753333333333333
-0.29542954295429547,0.95,0.9246666666666666,0.9753333333333333
-0.29492949294929494,0.95,0.9246666666666666,0.9753333333333333
-0.2944294429442944,0.95,0.9246666666666666,0.9753333333333333
-0.2939293929392939,0.95,0.9246666666666666,0.9753333333333333
-0.29342934293429346,0.95,0.9246666666666666,0.9753333333333333
-0.29292929292929293,0.95,0.9246666666666666,0.9753333333333333
-0.2924292429242924,0.95,0.9246666666666666,0.9753333333333333
-0.291929192919292,0.95,0.9246666666666666,0.9753333333333333
-0.29142914291429145,0.95,0.9246666666666666,0.9753333333333333
-0.2909290929092909,0.95,0.9246666666666666,0.9753333333333333
-0.2904290429042904,0.95,0.9246666666666666,0.9753333333333333
-0.28992899289929,0.95,0.9246666666666666,0.9753333333333333
-0.28942894289428944,0.95,0.9246666666666666,0.9753333333333333
-0.2889288928892889,0.95,0.9246666666666666,0.9753333333333333
-0.2884288428842884,0.95,0.9246666666666666,0.9753333333333333
-0.28792879287928796,0.95,0.9246666666666666,0.9753333333333333
-0.28742874287428744,0.95,0.9246666666666666,0.9753333333333333
-0.2869286928692869,0.95,0.9246666666666666,0.9753333333333333
-0.2864286428642864,0.95,0.9246666666666666,0.9753333333333333
-0.28592859285928596,0.95,0.9246666666666666,0.9753333333333333
-0.2854285428542854,0.95,0.9246666666666666,0.9753333333333333
-0.2849284928492849,0.95,0.9246666666666666,0.9753333333333333
-0.2844284428442845,0.95,0.9246666666666666,0.9753333333333333
-0.28392839283928395,0.95,0.9246666666666666,0.9753333333333333
-0.2834283428342834,0.95,0.9246666666666666,0.9753333333333333
-0.2829282928292829,0.95,0.9246666666666666,0.9753333333333333
-0.28242824282428247,0.95,0.9246666666666666,0.9753333333333333
-0.28192819281928194,0.95,0.9246666666666666,0.9753333333333333
-0.2814281428142814,0.95,0.9246666666666666,0.9753333333333333
-0.2809280928092809,0.95,0.9246666666666666,0.9753333333333333
-0.28042804280428046,0.95,0.9246666666666666,0.9753333333333333
-0.27992799279927993,0.95,0.9246666666666666,0.9753333333333333
-0.2794279427942794,0.95,0.9246666666666666,0.9753333333333333
-0.2789278927892789,0.95,0.9246666666666666,0.9753333333333333
-0.27842784278427846,0.95,0.9246666666666666,0.9753333333333333
-0.2779277927792779,0.95,0.9246666666666666,0.9753333333333333
-0.2774277427742774,0.95,0.9246666666666666,0.9753333333333333
-0.276927692769277,0.95,0.9246666666666666,0.9753333333333333
-0.27642764276427645,0.95,0.9246666666666666,0.9753333333333333
-0.2759275927592759,0.95,0.9246666666666666,0.9753333333333333
-0.2754275427542754,0.95,0.9246666666666666,0.9753333333333333
-0.27492749274927497,0.95,0.9246666666666666,0.9753333333333333
-0.27442744274427444,0.95,0.9246666666666666,0.9753333333333333
-0.2739273927392739,0.95,0.9246666666666666,0.9753333333333333
-0.2734273427342734,0.95,0.9246666666666666,0.9753333333333333
-0.27292729272927296,0.95,0.9246666666666666,0.9753333333333333
-0.27242724272427243,0.95,0.9246666666666666,0.9753333333333333
-0.2719271927192719,0.95,0.9246666666666666,0.9753333333333333
-0.2714271427142714,0.95,0.9246666666666666,0.9753333333333333
-0.27092709270927096,0.95,0.9246666666666666,0.9753333333333333
-0.2704270427042704,0.95,0.9246666666666666,0.9753333333333333
-0.2699269926992699,0.95,0.9246666666666666,0.9753333333333333
-0.2694269426942695,0.95,0.9246666666666666,0.9753333333333333
-0.26892689268926895,0.95,0.9246666666666666,0.9753333333333333
-0.2684268426842684,0.95,0.9246666666666666,0.9753333333333333
-0.2679267926792679,0.95,0.9246666666666666,0.9753333333333333
-0.26742674267426747,0.95,0.9246666666666666,0.9753333333333333
-0.26692669266926694,0.95,0.9246666666666666,0.9753333333333333
-0.2664266426642664,0.95,0.9246666666666666,0.9753333333333333
-0.2659265926592659,0.95,0.9246666666666666,0.9753333333333333
-0.26542654265426546,0.95,0.9246666666666666,0.9753333333333333
-0.26492649264926493,0.95,0.9246666666666666,0.9753333333333333
-0.2644264426442644,0.95,0.9246666666666666,0.9753333333333333
-0.2639263926392639,0.95,0.9246666666666666,0.9753333333333333
-0.26342634263426346,0.95,0.9246666666666666,0.9753333333333333
-0.2629262926292629,0.95,0.9246666666666666,0.9753333333333333
-0.2624262426242624,0.95,0.9246666666666666,0.9753333333333333
-0.261926192619262,0.95,0.9246666666666666,0.9753333333333333
-0.26142614261426145,0.95,0.9246666666666666,0.9753333333333333
-0.2609260926092609,0.95,0.9246666666666666,0.9753333333333333
-0.2604260426042604,0.95,0.9246666666666666,0.9753333333333333
-0.25992599259925997,0.95,0.9246666666666666,0.9753333333333333
-0.25942594259425944,0.95,0.9246666666666666,0.9753333333333333
-0.2589258925892589,0.95,0.9246666666666666,0.9753333333333333
-0.2584258425842584,0.95,0.9246666666666666,0.9753333333333333
-0.25792579257925796,0.95,0.9246666666666666,0.9753333333333333
-0.25742574257425743,0.95,0.9246666666666666,0.9753333333333333
-0.2569256925692569,0.95,0.9246666666666666,0.9753333333333333
-0.2564256425642564,0.95,0.9246666666666666,0.9753333333333333
-0.25592559255925595,0.95,0.9246666666666666,0.9753333333333333
-0.2554255425542554,0.95,0.9246666666666666,0.9753333333333333
-0.2549254925492549,0.95,0.9246666666666666,0.9753333333333333
-0.2544254425442545,0.95,0.9246666666666666,0.9753333333333333
-0.25392539253925395,0.95,0.9246666666666666,0.9753333333333333
-0.2534253425342534,0.95,0.9246666666666666,0.9753333333333333
-0.2529252925292529,0.95,0.9246666666666666,0.9753333333333333
-0.25242524252425247,0.95,0.9246666666666666,0.9753333333333333
-0.25192519251925194,0.95,0.9246666666666666,0.9753333333333333
-0.2514251425142514,0.95,0.9246666666666666,0.9753333333333333
-0.2509250925092509,0.95,0.9246666666666666,0.9753333333333333
-0.25042504250425046,0.95,0.9246666666666666,0.9753333333333333
-0.24992499249924993,0.95,0.9246666666666666,0.9753333333333333
-0.2494249424942494,0.95,0.9246666666666666,0.9753333333333333
-0.24892489248924887,0.95,0.9246666666666666,0.9753333333333333
-0.24842484248424845,0.95,0.9246666666666666,0.9753333333333333
-0.24792479247924792,0.95,0.9246666666666666,0.9753333333333333
-0.2474247424742474,0.95,0.9246666666666666,0.9753333333333333
-0.24692469246924698,0.95,0.9246666666666666,0.9753333333333333
-0.24642464246424645,0.95,0.9246666666666666,0.9753333333333333
-0.24592459245924592,0.95,0.9246666666666666,0.9753333333333333
-0.2454245424542454,0.95,0.9246666666666666,0.9753333333333333
-0.24492449244924497,0.95,0.9246666666666666,0.9753333333333333
-0.24442444244424444,0.95,0.9246666666666666,0.9753333333333333
-0.2439243924392439,0.95,0.9246666666666666,0.9753333333333333
-0.24342434243424338,0.95,0.9246666666666666,0.9753333333333333
-0.24292429242924296,0.95,0.9246666666666666,0.9753333333333333
-0.24242424242424243,0.95,0.9246666666666666,0.9753333333333333
-0.2419241924192419,0.95,0.9246666666666666,0.9753333333333333
-0.24142414241424137,0.95,0.9246666666666666,0.9753333333333333
-0.24092409240924095,0.95,0.9246666666666666,0.9753333333333333
-0.24042404240424042,0.95,0.9246666666666666,0.9753333333333333
-0.2399239923992399,0.95,0.9246666666666666,0.9753333333333333
-0.23942394239423948,0.95,0.9246666666666666,0.9753333333333333
-0.23892389238923895,0.95,0.9246666666666666,0.9753333333333333
-0.23842384238423842,0.95,0.9246666666666666,0.9753333333333333
-0.2379237923792379,0.95,0.9246666666666666,0.9753333333333333
-0.23742374237423747,0.95,0.9246666666666666,0.9753333333333333
-0.23692369236923694,0.95,0.9246666666666666,0.9753333333333333
-0.2364236423642364,0.95,0.9246666666666666,0.9753333333333333
-0.23592359235923588,0.95,0.9246666666666666,0.9753333333333333
-0.23542354235423546,0.95,0.9246666666666666,0.9753333333333333
-0.23492349234923493,0.95,0.9246666666666666,0.9753333333333333
-0.2344234423442344,0.95,0.9246666666666666,0.9753333333333333
-0.23392339233923387,0.95,0.9246666666666666,0.9753333333333333
-0.23342334233423345,0.95,0.9246666666666666,0.9753333333333333
-0.23292329232923292,0.95,0.9246666666666666,0.9753333333333333
-0.2324232423242324,0.95,0.9246666666666666,0.9753333333333333
-0.23192319231923197,0.95,0.9246666666666666,0.9753333333333333
-0.23142314231423144,0.95,0.9246666666666666,0.9753333333333333
-0.23092309230923092,0.95,0.9246666666666666,0.9753333333333333
-0.23042304230423039,0.95,0.9246666666666666,0.9753333333333333
-0.22992299229922997,0.95,0.9246666666666666,0.9753333333333333
-0.22942294229422944,0.95,0.9246666666666666,0.9753333333333333
-0.2289228922892289,0.95,0.9246666666666666,0.9753333333333333
-0.22842284228422838,0.95,0.9246666666666666,0.9753333333333333
-0.22792279227922796,0.95,0.9246666666666666,0.9753333333333333
-0.22742274227422743,0.95,0.9246666666666666,0.9753333333333333
-0.2269226922692269,0.95,0.9246666666666666,0.9753333333333333
-0.22642264226422637,0.95,0.9246666666666666,0.9753333333333333
-0.22592259225922595,0.95,0.9246666666666666,0.9753333333333333
-0.22542254225422542,0.95,0.9246666666666666,0.9753333333333333
-0.2249224922492249,0.95,0.9246666666666666,0.9753333333333333
-0.22442244224422436,0.95,0.9246666666666666,0.9753333333333333
-0.22392239223922394,0.95,0.9246666666666666,0.9753333333333333
-0.22342234223422341,0.95,0.9246666666666666,0.9753333333333333
-0.22292229222922288,0.95,0.9246666666666666,0.9753333333333333
-0.22242224222422247,0.95,0.9246666666666666,0.9753333333333333
-0.22192219221922194,0.95,0.9246666666666666,0.9753333333333333
-0.2214221422142214,0.95,0.9246666666666666,0.9753333333333333
-0.22092209220922088,0.95,0.9246666666666666,0.9753333333333333
-0.22042204220422046,0.95,0.9246666666666666,0.9753333333333333
-0.21992199219921993,0.95,0.9246666666666666,0.9753333333333333
-0.2194219421942194,0.95,0.9246666666666666,0.9753333333333333
-0.21892189218921887,0.95,0.9246666666666666,0.9753333333333333
-0.21842184218421845,0.95,0.9246666666666666,0.9753333333333333
-0.21792179217921792,0.95,0.9246666666666666,0.9753333333333333
-0.2174217421742174,0.95,0.9246666666666666,0.9753333333333333
-0.21692169216921686,0.95,0.9246666666666666,0.9753333333333333
-0.21642164216421644,0.95,0.9246666666666666,0.9753333333333333
-0.2159215921592159,0.95,0.9246666666666666,0.9753333333333333
-0.21542154215421538,0.95,0.9246666666666666,0.9753333333333333
-0.21492149214921497,0.95,0.9246666666666666,0.9753333333333333
-0.21442144214421444,0.95,0.9246666666666666,0.9753333333333333
-0.2139213921392139,0.95,0.9246666666666666,0.9753333333333333
-0.21342134213421338,0.95,0.9246666666666666,0.9753333333333333
-0.21292129212921296,0.95,0.9246666666666666,0.9753333333333333
-0.21242124212421243,0.95,0.9246666666666666,0.9753333333333333
-0.2119211921192119,0.95,0.9246666666666666,0.9753333333333333
-0.21142114211421137,0.95,0.9246666666666666,0.9753333333333333
-0.21092109210921095,0.95,0.9246666666666666,0.9753333333333333
-0.21042104210421042,0.95,0.9246666666666666,0.9753333333333333
-0.2099209920992099,0.95,0.9246666666666666,0.9753333333333333
-0.20942094209420936,0.95,0.9246666666666666,0.9753333333333333
-0.20892089208920894,0.95,0.9246666666666666,0.9753333333333333
-0.2084208420842084,0.95,0.9246666666666666,0.9753333333333333
-0.20792079207920788,0.95,0.9246666666666666,0.9753333333333333
-0.20742074207420746,0.95,0.9246666666666666,0.9753333333333333
-0.20692069206920694,0.95,0.9246666666666666,0.9753333333333333
-0.2064206420642064,0.95,0.9246666666666666,0.9753333333333333
-0.20592059205920588,0.95,0.9246666666666666,0.9753333333333333
-0.20542054205420546,0.95,0.9246666666666666,0.9753333333333333
-0.20492049204920493,0.95,0.9246666666666666,0.9753333333333333
-0.2044204420442044,0.95,0.9246666666666666,0.9753333333333333
-0.20392039203920387,0.95,0.9246666666666666,0.9753333333333333
-0.20342034203420345,0.95,0.9246666666666666,0.9753333333333333
-0.20292029202920292,0.95,0.9246666666666666,0.9753333333333333
-0.2024202420242024,0.95,0.9246666666666666,0.9753333333333333
-0.20192019201920186,0.95,0.9246666666666666,0.9753333333333333
-0.20142014201420144,0.95,0.9246666666666666,0.9753333333333333
-0.2009200920092009,0.95,0.9246666666666666,0.9753333333333333
-0.20042004200420038,0.95,0.9246666666666666,0.9753333333333333
-0.19991999199919996,0.95,0.9246666666666666,0.9753333333333333
-0.19941994199419943,0.95,0.9246666666666666,0.9753333333333333
-0.1989198919891989,0.95,0.9246666666666666,0.9753333333333333
-0.19841984198419838,0.95,0.9246666666666666,0.9753333333333333
-0.19791979197919796,0.95,0.9246666666666666,0.9753333333333333
-0.19741974197419743,0.95,0.9246666666666666,0.9753333333333333
-0.1969196919691969,0.95,0.9246666666666666,0.9753333333333333
-0.19641964196419637,0.95,0.9246666666666666,0.9753333333333333
-0.19591959195919595,0.95,0.9246666666666666,0.9753333333333333
-0.19541954195419542,0.95,0.9246666666666666,0.9753333333333333
-0.1949194919491949,0.95,0.9246666666666666,0.9753333333333333
-0.19441944194419436,0.95,0.9246666666666666,0.9753333333333333
-0.19391939193919394,0.95,0.9246666666666666,0.9753333333333333
-0.1934193419341934,0.95,0.9246666666666666,0.9753333333333333
-0.19291929192919288,0.95,0.9246666666666666,0.9753333333333333
-0.19241924192419246,0.95,0.9246666666666666,0.9753333333333333
-0.19191919191919193,0.95,0.9246666666666666,0.9753333333333333
-0.1914191419141914,0.95,0.9246666666666666,0.9753333333333333
-0.19091909190919087,0.95,0.9246666666666666,0.9753333333333333
-0.19041904190419046,0.95,0.9246666666666666,0.9753333333333333
-0.18991899189918993,0.95,0.9246666666666666,0.9753333333333333
-0.1894189418941894,0.95,0.9246666666666666,0.9753333333333333
-0.18891889188918887,0.95,0.9246666666666666,0.9753333333333333
-0.18841884188418845,0.95,0.9246666666666666,0.9753333333333333
-0.18791879187918792,0.95,0.9246666666666666,0.9753333333333333
-0.1874187418741874,0.95,0.9246666666666666,0.9753333333333333
-0.18691869186918686,0.95,0.9246666666666666,0.9753333333333333
-0.18641864186418644,0.95,0.9246666666666666,0.9753333333333333
-0.1859185918591859,0.95,0.9246666666666666,0.9753333333333333
-0.18541854185418538,0.95,0.9246666666666666,0.9753333333333333
-0.18491849184918496,0.95,0.9246666666666666,0.9753333333333333
-0.18441844184418443,0.95,0.9246666666666666,0.9753333333333333
-0.1839183918391839,0.95,0.9246666666666666,0.9753333333333333
-0.18341834183418337,0.95,0.9246666666666666,0.9753333333333333
-0.18291829182918296,0.95,0.9246666666666666,0.9753333333333333
-0.18241824182418243,0.95,0.9246666666666666,0.9753333333333333
-0.1819181918191819,0.95,0.9246666666666666,0.9753333333333333
-0.18141814181418137,0.95,0.9246666666666666,0.9753333333333333
-0.18091809180918095,0.95,0.9246666666666666,0.9753333333333333
-0.18041804180418042,0.95,0.9246666666666666,0.9753333333333333
-0.1799179917991799,0.95,0.9246666666666666,0.9753333333333333
-0.17941794179417936,0.95,0.9246666666666666,0.9753333333333333
-0.17891789178917894,0.95,0.9246666666666666,0.9753333333333333
-0.1784178417841784,0.95,0.9246666666666666,0.9753333333333333
-0.17791779177917788,0.95,0.9246666666666666,0.9753333333333333
-0.17741774177417746,0.95,0.9246666666666666,0.9753333333333333
-0.17691769176917693,0.95,0.9246666666666666,0.9753333333333333
-0.1764176417641764,0.95,0.9246666666666666,0.9753333333333333
-0.17591759175917587,0.95,0.9246666666666666,0.9753333333333333
-0.17541754175417545,0.95,0.9246666666666666,0.9753333333333333
-0.17491749174917492,0.95,0.9246666666666666,0.9753333333333333
-0.1744174417441744,0.95,0.9246666666666666,0.9753333333333333
-0.17391739173917387,0.95,0.9246666666666666,0.9753333333333333
-0.17341734173417345,0.95,0.9246666666666666,0.9753333333333333
-0.17291729172917292,0.95,0.9246666666666666,0.9753333333333333
-0.1724172417241724,0.95,0.9246666666666666,0.9753333333333333
-0.17191719171917186,0.95,0.9246666666666666,0.9753333333333333
-0.17141714171417144,0.95,0.9246666666666666,0.9753333333333333
-0.1709170917091709,0.95,0.9246666666666666,0.9753333333333333
-0.17041704170417038,0.95,0.9246666666666666,0.9753333333333333
-0.16991699169916996,0.95,0.9246666666666666,0.9753333333333333
-0.16941694169416943,0.95,0.9246666666666666,0.9753333333333333
-0.1689168916891689,0.95,0.9246666666666666,0.9753333333333333
-0.16841684168416837,0.95,0.9246666666666666,0.9753333333333333
-0.16791679167916795,0.95,0.9246666666666666,0.9753333333333333
-0.16741674167416742,0.95,0.9246666666666666,0.9753333333333333
-0.1669166916691669,0.95,0.9246666666666666,0.9753333333333333
-0.16641664166416636,0.95,0.9246666666666666,0.9753333333333333
-0.16591659165916595,0.95,0.9246666666666666,0.9753333333333333
-0.16541654165416542,0.95,0.9246666666666666,0.9753333333333333
-0.1649164916491649,0.95,0.9246666666666666,0.9753333333333333
-0.16441644164416436,0.95,0.9246666666666666,0.9753333333333333
-0.16391639163916394,0.95,0.9246666666666666,0.9753333333333333
-0.1634163416341634,0.95,0.9246666666666666,0.9753333333333333
-0.16291629162916288,0.95,0.9246666666666666,0.9753333333333333
-0.16241624162416246,0.95,0.9246666666666666,0.9753333333333333
-0.16191619161916193,0.95,0.9246666666666666,0.9753333333333333
-0.1614161416141614,0.95,0.9246666666666666,0.9753333333333333
-0.16091609160916087,0.95,0.9246666666666666,0.9753333333333333
-0.16041604160416045,0.95,0.9246666666666666,0.9753333333333333
-0.15991599159915992,0.95,0.9246666666666666,0.9753333333333333
-0.1594159415941594,0.95,0.9246666666666666,0.9753333333333333
-0.15891589158915886,0.95,0.9246666666666666,0.9753333333333333
-0.15841584158415845,0.95,0.9246666666666666,0.9753333333333333
-0.15791579157915792,0.95,0.9246666666666666,0.9753333333333333
-0.1574157415741574,0.95,0.9246666666666666,0.9753333333333333
-0.15691569156915686,0.95,0.9246666666666666,0.9753333333333333
-0.15641564156415644,0.95,0.9246666666666666,0.9753333333333333
-0.1559155915591559,0.95,0.9246666666666666,0.9753333333333333
-0.15541554155415538,0.95,0.9246666666666666,0.9753333333333333
-0.15491549154915496,0.95,0.9246666666666666,0.9753333333333333
-0.15441544154415443,0.95,0.9246666666666666,0.9753333333333333
-0.1539153915391539,0.95,0.9246666666666666,0.9753333333333333
-0.15341534153415337,0.95,0.9246666666666666,0.9753333333333333
-0.15291529152915295,0.95,0.9246666666666666,0.9753333333333333
-0.15241524152415242,0.95,0.9246666666666666,0.9753333333333333
-0.1519151915191519,0.95,0.9246666666666666,0.9753333333333333
-0.15141514151415136,0.95,0.9246666666666666,0.9753333333333333
-0.15091509150915094,0.95,0.9246666666666666,0.9753333333333333
-0.15041504150415042,0.95,0.9246666666666666,0.9753333333333333
-0.14991499149914989,0.95,0.9246666666666666,0.9753333333333333
-0.14941494149414936,0.95,0.9246666666666666,0.9753333333333333
-0.14891489148914894,0.95,0.9246666666666666,0.9753333333333333
-0.1484148414841484,0.95,0.9246666666666666,0.9753333333333333
-0.14791479147914788,0.95,0.9246666666666666,0.9753333333333333
-0.14741474147414746,0.95,0.9246666666666666,0.9753333333333333
-0.14691469146914693,0.95,0.9246666666666666,0.9753333333333333
-0.1464146414641464,0.95,0.9246666666666666,0.9753333333333333
-0.14591459145914587,0.95,0.9246666666666666,0.9753333333333333
-0.14541454145414545,0.95,0.9246666666666666,0.9753333333333333
-0.14491449144914492,0.95,0.9246666666666666,0.9753333333333333
-0.1444144414441444,0.95,0.9246666666666666,0.9753333333333333
-0.14391439143914386,0.95,0.9246666666666666,0.9753333333333333
-0.14341434143414344,0.95,0.9246666666666666,0.9753333333333333
-0.14291429142914291,0.95,0.9246666666666666,0.9753333333333333
-0.14241424142414238,0.95,0.9246666666666666,0.9753333333333333
-0.14191419141914186,0.95,0.9246666666666666,0.9753333333333333
-0.14141414141414144,0.95,0.9246666666666666,0.9753333333333333
-0.1409140914091409,0.95,0.9246666666666666,0.9753333333333333
-0.14041404140414038,0.95,0.9246666666666666,0.9753333333333333
-0.13991399139913996,0.95,0.9246666666666666,0.9753333333333333
-0.13941394139413943,0.95,0.9246666666666666,0.9753333333333333
-0.1389138913891389,0.95,0.9246666666666666,0.9753333333333333
-0.13841384138413837,0.95,0.9246666666666666,0.9753333333333333
-0.13791379137913795,0.95,0.9246666666666666,0.9753333333333333
-0.13741374137413742,0.95,0.9246666666666666,0.9753333333333333
-0.1369136913691369,0.95,0.9246666666666666,0.9753333333333333
-0.13641364136413636,0.95,0.9246666666666666,0.9753333333333333
-0.13591359135913594,0.95,0.9246666666666666,0.9753333333333333
-0.1354135413541354,0.95,0.9246666666666666,0.9753333333333333
-0.13491349134913488,0.95,0.9246666666666666,0.9753333333333333
-0.13441344134413435,0.95,0.9246666666666666,0.9753333333333333
-0.13391339133913394,0.95,0.9246666666666666,0.9753333333333333
-0.1334133413341334,0.95,0.9246666666666666,0.9753333333333333
-0.13291329132913288,0.95,0.9246666666666666,0.9753333333333333
-0.13241324132413246,0.95,0.9246666666666666,0.9753333333333333
-0.13191319131913193,0.95,0.9246666666666666,0.9753333333333333
-0.1314131413141314,0.95,0.9246666666666666,0.9753333333333333
-0.13091309130913087,0.95,0.9246666666666666,0.9753333333333333
-0.13041304130413045,0.95,0.9246666666666666,0.9753333333333333
-0.12991299129912992,0.95,0.9246666666666666,0.9753333333333333
-0.1294129412941294,0.95,0.9246666666666666,0.9753333333333333
-0.12891289128912886,0.95,0.9246666666666666,0.9753333333333333
-0.12841284128412844,0.95,0.9246666666666666,0.9753333333333333
-0.1279127912791279,0.95,0.9246666666666666,0.9753333333333333
-0.12741274127412738,0.95,0.9246666666666666,0.9753333333333333
-0.12691269126912685,0.95,0.9246666666666666,0.9753333333333333
-0.12641264126412644,0.95,0.9246666666666666,0.9753333333333333
-0.1259125912591259,0.95,0.9246666666666666,0.9753333333333333
-0.12541254125412538,0.95,0.9246666666666666,0.9753333333333333
-0.12491249124912496,0.95,0.9246666666666666,0.9753333333333333
-0.12441244124412443,0.95,0.9246666666666666,0.9753333333333333
-0.1239123912391239,0.95,0.9246666666666666,0.9753333333333333
-0.12341234123412337,0.95,0.9246666666666666,0.9753333333333333
-0.12291229122912295,0.95,0.9246666666666666,0.9753333333333333
-0.12241224122412242,0.95,0.9246666666666666,0.9753333333333333
-0.12191219121912189,0.95,0.9246666666666666,0.9753333333333333
-0.12141214121412136,0.95,0.9246666666666666,0.9753333333333333
-0.12091209120912094,0.95,0.9246666666666666,0.9753333333333333
-0.12041204120412041,0.95,0.9246666666666666,0.9753333333333333
-0.11991199119911988,0.95,0.9246666666666666,0.9753333333333333
-0.11941194119411935,0.95,0.9246666666666666,0.9753333333333333
-0.11891189118911893,0.95,0.9246666666666666,0.9753333333333333
-0.1184118411841184,0.95,0.9246666666666666,0.9753333333333333
-0.11791179117911788,0.95,0.9246666666666666,0.9753333333333333
-0.11741174117411746,0.95,0.9246666666666666,0.9753333333333333
-0.11691169116911693,0.95,0.9246666666666666,0.9753333333333333
-0.1164116411641164,0.95,0.9246666666666666,0.9753333333333333
-0.11591159115911587,0.95,0.9246666666666666,0.9753333333333333
-0.11541154115411545,0.95,0.9246666666666666,0.9753333333333333
-0.11491149114911492,0.95,0.9246666666666666,0.9753333333333333
-0.11441144114411439,0.95,0.9246666666666666,0.9753333333333333
-0.11391139113911386,0.95,0.9246666666666666,0.9753333333333333
-0.11341134113411344,0.95,0.9246666666666666,0.9753333333333333
-0.11291129112911291,0.95,0.9246666666666666,0.9753333333333333
-0.11241124112411238,0.95,0.9246666666666666,0.9753333333333333
-0.11191119111911185,0.95,0.9246666666666666,0.9753333333333333
-0.11141114111411143,0.95,0.9246666666666666,0.9753333333333333
-0.1109110911091109,0.95,0.9246666666666666,0.9753333333333333
-0.11041104110411037,0.95,0.9246666666666666,0.9753333333333333
-0.10991099109910996,0.95,0.9246666666666666,0.9753333333333333
-0.10941094109410943,0.95,0.9246666666666666,0.9753333333333333
-0.1089108910891089,0.95,0.9246666666666666,0.9753333333333333
-0.10841084108410837,0.95,0.9246666666666666,0.9753333333333333
-0.10791079107910795,0.95,0.9246666666666666,0.9753333333333333
-0.10741074107410742,0.95,0.9246666666666666,0.9753333333333333
-0.10691069106910689,0.95,0.9246666666666666,0.9753333333333333
-0.10641064106410636,0.95,0.9246666666666666,0.9753333333333333
-0.10591059105910594,0.95,0.9246666666666666,0.9753333333333333
-0.10541054105410541,0.95,0.9246666666666666,0.9753333333333333
-0.10491049104910488,0.95,0.9246666666666666,0.9753333333333333
-0.10441044104410435,0.95,0.9246666666666666,0.9753333333333333
-0.10391039103910393,0.95,0.9246666666666666,0.9753333333333333
-0.1034103410341034,0.95,0.9246666666666666,0.9753333333333333
-0.10291029102910287,0.95,0.9246666666666666,0.9753333333333333
-0.10241024102410246,0.95,0.9246666666666666,0.9753333333333333
-0.10191019101910193,0.95,0.9246666666666666,0.9753333333333333
-0.1014101410141014,0.95,0.9246666666666666,0.9753333333333333
-0.10091009100910087,0.95,0.9246666666666666,0.9753333333333333
-0.10041004100410045,0.95,0.9246666666666666,0.9753333333333333
-0.09990999099909992,0.95,0.9246666666666666,0.9753333333333333
-0.09940994099409939,0.95,0.9246666666666666,0.9753333333333333
-0.09890989098909886,0.95,0.9246666666666666,0.9753333333333333
-0.09840984098409844,0.95,0.9246666666666666,0.9753333333333333
-0.09790979097909791,0.95,0.9246666666666666,0.9753333333333333
-0.09740974097409738,0.95,0.9246666666666666,0.9753333333333333
-0.09690969096909685,0.95,0.9246666666666666,0.9753333333333333
-0.09640964096409643,0.95,0.9246666666666666,0.9753333333333333
-0.0959095909590959,0.95,0.9246666666666666,0.9753333333333333
-0.09540954095409537,0.95,0.9246666666666666,0.9753333333333333
-0.09490949094909495,0.95,0.9246666666666666,0.9753333333333333
-0.09440944094409442,0.95,0.9246666666666666,0.9753333333333333
-0.0939093909390939,0.95,0.9246666666666666,0.9753333333333333
-0.09340934093409337,0.95,0.9246666666666666,0.9753333333333333
-0.09290929092909295,0.95,0.9246666666666666,0.9753333333333333
-0.09240924092409242,0.95,0.9246666666666666,0.9753333333333333
-0.09190919091909189,0.95,0.9246666666666666,0.9753333333333333
-0.09140914091409136,0.95,0.9246666666666666,0.9753333333333333
-0.09090909090909094,0.95,0.9246666666666666,0.9753333333333333
-0.09040904090409041,0.95,0.9246666666666666,0.9753333333333333
-0.08990899089908988,0.95,0.9246666666666666,0.9753333333333333
-0.08940894089408935,0.95,0.9246666666666666,0.9753333333333333
-0.08890889088908893,0.95,0.9246666666666666,0.9753333333333333
-0.0884088408840884,0.95,0.9246666666666666,0.9753333333333333
-0.08790879087908787,0.95,0.9246666666666666,0.9753333333333333
-0.08740874087408745,0.95,0.9246666666666666,0.9753333333333333
-0.08690869086908692,0.95,0.9246666666666666,0.9753333333333333
-0.0864086408640864,0.95,0.9246666666666666,0.9753333333333333
-0.08590859085908586,0.95,0.9246666666666666,0.9753333333333333
-0.08540854085408545,0.95,0.9246666666666666,0.9753333333333333
-0.08490849084908492,0.95,0.9246666666666666,0.9753333333333333
-0.08440844084408439,0.95,0.9246666666666666,0.9753333333333333
-0.08390839083908386,0.95,0.9246666666666666,0.9753333333333333
-0.08340834083408344,0.95,0.9246666666666666,0.9753333333333333
-0.08290829082908291,0.95,0.9246666666666666,0.9753333333333333
-0.08240824082408238,0.95,0.9246666666666666,0.9753333333333333
-0.08190819081908185,0.95,0.9246666666666666,0.9753333333333333
-0.08140814081408143,0.95,0.9246666666666666,0.9753333333333333
-0.0809080908090809,0.95,0.9246666666666666,0.9753333333333333
-0.08040804080408037,0.95,0.9246666666666666,0.9753333333333333
-0.07990799079907995,0.95,0.9246666666666666,0.9753333333333333
-0.07940794079407942,0.95,0.9246666666666666,0.9753333333333333
-0.0789078907890789,0.95,0.9246666666666666,0.9753333333333333
-0.07840784078407836,0.95,0.9246666666666666,0.9753333333333333
-0.07790779077907795,0.95,0.9246666666666666,0.9753333333333333
-0.07740774077407742,0.95,0.9246666666666666,0.9753333333333333
-0.07690769076907689,0.95,0.9246666666666666,0.9753333333333333
-0.07640764076407636,0.95,0.9246666666666666,0.9753333333333333
-0.07590759075907594,0.95,0.9246666666666666,0.9753333333333333
-0.07540754075407541,0.95,0.9246666666666666,0.9753333333333333
-0.07490749074907488,0.95,0.9246666666666666,0.9753333333333333
-0.07440744074407435,0.95,0.9246666666666666,0.9753333333333333
-0.07390739073907393,0.95,0.9246666666666666,0.9753333333333333
-0.0734073407340734,0.95,0.9246666666666666,0.9753333333333333
-0.07290729072907287,0.95,0.9246666666666666,0.9753333333333333
-0.07240724072407245,0.95,0.9246666666666666,0.9753333333333333
-0.07190719071907192,0.95,0.9246666666666666,0.9753333333333333
-0.0714071407140714,0.95,0.9246666666666666,0.9753333333333333
-0.07090709070907086,0.95,0.9246666666666666,0.9753333333333333
-0.07040704070407044,0.95,0.9246666666666666,0.9753333333333333
-0.06990699069906992,0.95,0.9246666666666666,0.9753333333333333
-0.06940694069406939,0.95,0.9246666666666666,0.9753333333333333
-0.06890689068906886,0.95,0.9246666666666666,0.9753333333333333
-0.06840684068406844,0.95,0.9246666666666666,0.9753333333333333
-0.06790679067906791,0.95,0.9246666666666666,0.9753333333333333
-0.06740674067406738,0.95,0.9246666666666666,0.9753333333333333
-0.06690669066906685,0.95,0.9246666666666666,0.9753333333333333
-0.06640664066406643,0.95,0.9246666666666666,0.9753333333333333
-0.0659065906590659,0.95,0.9246666666666666,0.9753333333333333
-0.06540654065406537,0.95,0.9246666666666666,0.9753333333333333
-0.06490649064906495,0.95,0.9246666666666666,0.9753333333333333
-0.06440644064406442,0.95,0.9246666666666666,0.9753333333333333
-0.06390639063906389,0.95,0.9246666666666666,0.9753333333333333
-0.06340634063406336,0.95,0.9246666666666666,0.9753333333333333
-0.06290629062906294,0.95,0.9246666666666666,0.9753333333333333
-0.062406240624062415,0.95,0.9246666666666666,0.9753333333333333
-0.061906190619061885,0.95,0.9246666666666666,0.9753333333333333
-0.061406140614061355,0.95,0.9246666666666666,0.9753333333333333
-0.06090609060906094,0.95,0.9246666666666666,0.9753333333333333
-0.06040604060406041,0.95,0.9246666666666666,0.9753333333333333
-0.05990599059905988,0.95,0.9246666666666666,0.9753333333333333
-0.05940594059405935,0.95,0.9246666666666666,0.9753333333333333
-0.05890589058905893,0.95,0.9246666666666666,0.9753333333333333
-0.0584058405840584,0.95,0.9246666666666666,0.9753333333333333
-0.05790579057905787,0.95,0.9246666666666666,0.9753333333333333
-0.05740574057405745,0.95,0.9246666666666666,0.9753333333333333
-0.05690569056905692,0.95,0.9246666666666666,0.9753333333333333
-0.05640564056405639,0.95,0.9246666666666666,0.9753333333333333
-0.05590559055905586,0.95,0.9246666666666666,0.9753333333333333
-0.055405540554055444,0.95,0.9246666666666666,0.9753333333333333
-0.054905490549054914,0.95,0.9246666666666666,0.9753333333333333
-0.054405440544054384,0.95,0.9246666666666666,0.9753333333333333
-0.053905390539053855,0.95,0.9246666666666666,0.9753333333333333
-0.053405340534053436,0.95,0.9246666666666666,0.9753333333333333
-0.052905290529052906,0.95,0.9246666666666666,0.9753333333333333
-0.05240524052405238,0.95,0.9246666666666666,0.9753333333333333
-0.05190519051905185,0.95,0.9246666666666666,0.9753333333333333
-0.05140514051405143,0.95,0.9246666666666666,0.9753333333333333
-0.0509050905090509,0.95,0.9246666666666666,0.9753333333333333
-0.05040504050405037,0.95,0.9246666666666666,0.9753333333333333
-0.04990499049904995,0.95,0.9246666666666666,0.9753333333333333
-0.04940494049404942,0.95,0.9246666666666666,0.9753333333333333
-0.04890489048904889,0.95,0.9246666666666666,0.9753333333333333
-0.04840484048404836,0.95,0.9246666666666666,0.9753333333333333
-0.04790479047904794,0.95,0.9246666666666666,0.9753333333333333
-0.04740474047404741,0.95,0.9246666666666666,0.9753333333333333
-0.046904690469046884,0.95,0.9246666666666666,0.9753333333333333
-0.046404640464046354,0.95,0.9246666666666666,0.9753333333333333
-0.045904590459045935,0.95,0.9246666666666666,0.9753333333333333
-0.045404540454045406,0.95,0.9246666666666666,0.9753333333333333
-0.044904490449044876,0.95,0.9246666666666666,0.9753333333333333
-0.044404440444044346,0.95,0.9246666666666666,0.9753333333333333
-0.04390439043904393,0.95,0.9246666666666666,0.9753333333333333
-0.0434043404340434,0.95,0.9246666666666666,0.9753333333333333
-0.04290429042904287,0.95,0.9246666666666666,0.9753333333333333
-0.04240424042404245,0.95,0.9246666666666666,0.9753333333333333
-0.04190419041904192,0.95,0.9246666666666666,0.9753333333333333
-0.04140414041404139,0.95,0.9246666666666666,0.9753333333333333
-0.04090409040904086,0.95,0.9246666666666666,0.9753333333333333
-0.04040404040404044,0.95,0.9246666666666666,0.9753333333333333
-0.03990399039903991,0.95,0.9246666666666666,0.9753333333333333
-0.03940394039403938,0.95,0.9246666666666666,0.9753333333333333
-0.03890389038903885,0.95,0.9246666666666666,0.9753333333333333
-0.038403840384038435,0.95,0.9246666666666666,0.9753333333333333
-0.037903790379037905,0.95,0.9246666666666666,0.9753333333333333
-0.037403740374037375,0.95,0.9246666666666666,0.9753333333333333
-0.036903690369036846,0.95,0.9246666666666666,0.9753333333333333
-0.03640364036403643,0.95,0.9246666666666666,0.9753333333333333
-0.0359035903590359,0.95,0.9246666666666666,0.9753333333333333
-0.03540354035403537,0.95,0.9246666666666666,0.9753333333333333
-0.03490349034903495,0.95,0.9246666666666666,0.9753333333333333
-0.03440344034403442,0.95,0.9246666666666666,0.9753333333333333
-0.03390339033903389,0.95,0.9246666666666666,0.9753333333333333
-0.03340334033403336,0.95,0.9246666666666666,0.9753333333333333
-0.03290329032903294,0.95,0.9246666666666666,0.9753333333333333
-0.03240324032403241,0.95,0.9246666666666666,0.9753333333333333
-0.03190319031903188,0.95,0.9246666666666666,0.9753333333333333
-0.03140314031403135,0.95,0.9246666666666666,0.9753333333333333
-0.030903090309030934,0.95,0.9246666666666666,0.9753333333333333
-0.030403040304030404,0.95,0.9246666666666666,0.9753333333333333
-0.029902990299029875,0.95,0.9246666666666666,0.9753333333333333
-0.029402940294029345,0.95,0.9246666666666666,0.9753333333333333
-0.028902890289028926,0.95,0.9246666666666666,0.9753333333333333
-0.028402840284028397,0.95,0.9246666666666666,0.9753333333333333
-0.027902790279027867,0.95,0.9246666666666666,0.9753333333333333
-0.02740274027402745,0.95,0.9246666666666666,0.9753333333333333
-0.02690269026902692,0.95,0.9246666666666666,0.9753333333333333
-0.02640264026402639,0.95,0.9246666666666666,0.9753333333333333
-0.02590259025902586,0.95,0.9246666666666666,0.9753333333333333
-0.02540254025402544,0.95,0.9246666666666666,0.9753333333333333
-0.02490249024902491,0.95,0.9246666666666666,0.9753333333333333
-0.02440244024402438,0.95,0.9246666666666666,0.9753333333333333
-0.023902390239023852,0.95,0.9246666666666666,0.9753333333333333
-0.023402340234023433,0.95,0.9246666666666666,0.9753333333333333
-0.022902290229022904,0.95,0.9246666666666666,0.9753333333333333
-0.022402240224022374,0.95,0.9246666666666666,0.9753333333333333
-0.021902190219021844,0.95,0.9246666666666666,0.9753333333333333
-0.021402140214021426,0.95,0.9246666666666666,0.9753333333333333
-0.020902090209020896,0.95,0.9246666666666666,0.9753333333333333
-0.020402040204020366,0.95,0.9246666666666666,0.9753333333333333
-0.019901990199019948,0.95,0.9246666666666666,0.9753333333333333
-0.019401940194019418,0.95,0.9246666666666666,0.9753333333333333
-0.01890189018901889,0.95,0.9246666666666666,0.9753333333333333
-0.01840184018401836,0.95,0.9246666666666666,0.9753333333333333
-0.01790179017901794,0.95,0.9246666666666666,0.9753333333333333
-0.01740174017401741,0.95,0.9246666666666666,0.9753333333333333
-0.01690169016901688,0.95,0.9246666666666666,0.9753333333333333
-0.01640164016401635,0.95,0.9246666666666666,0.9753333333333333
-0.015901590159015933,0.95,0.9246666666666666,0.9753333333333333
-0.015401540154015403,0.95,0.9246666666666666,0.9753333333333333
-0.014901490149014873,0.95,0.9246666666666666,0.9753333333333333
-0.014401440144014344,0.95,0.9246666666666666,0.9753333333333333
-0.013901390139013925,0.95,0.9246666666666666,0.9753333333333333
-0.013401340134013395,0.95,0.9246666666666666,0.9753333333333333
-0.012901290129012866,0.95,0.9246666666666666,0.9753333333333333
-0.012401240124012447,0.95,0.9246666666666666,0.9753333333333333
-0.011901190119011917,0.95,0.9246666666666666,0.9753333333333333
-0.011401140114011388,0.95,0.9246666666666666,0.9753333333333333
-0.010901090109010858,0.95,0.9246666666666666,0.9753333333333333
-0.01040104010401044,0.95,0.9246666666666666,0.9753333333333333
-0.00990099009900991,0.95,0.9246666666666666,0.9753333333333333
-0.00940094009400938,0.95,0.9246666666666666,0.9753333333333333
-0.00890089008900885,0.95,0.9246666666666666,0.9753333333333333
-0.008400840084008432,0.95,0.9246666666666666,0.9753333333333333
-0.007900790079007902,0.95,0.9246666666666666,0.9753333333333333
-0.0074007400740073725,0.95,0.9246666666666666,0.9753333333333333
-0.006900690069006843,0.95,0.9246666666666666,0.9753333333333333
-0.006400640064006424,0.95,0.9246666666666666,0.9753333333333333
-0.005900590059005895,0.95,0.9246666666666666,0.9753333333333333
-0.005400540054005365,0.95,0.9246666666666666,0.9753333333333333
-0.004900490049004946,0.95,0.9246666666666666,0.9753333333333333
-0.004400440044004417,0.95,0.9246666666666666,0.9753333333333333
-0.003900390039003887,0.95,0.9246666666666666,0.9753333333333333
-0.0034003400340033574,0.95,0.9246666666666666,0.9753333333333333
-0.0029002900290029388,0.95,0.9246666666666666,0.9753333333333333
-0.002400240024002409,0.95,0.9246666666666666,0.9753333333333333
-0.0019001900190018794,0.95,0.9246666666666666,0.9753333333333333
-0.0014001400140013498,0.95,0.9246666666666666,0.9753333333333333
-0.0009000900090009312,0.95,0.9246666666666666,0.9753333333333333
-0.0004000400040004015,0.95,0.9246666666666666,0.9753333333333333
0.00010001000100001711,0.95,0.9246666666666666,0.9753333333333333
0.0006000600060005468,0.95,0.9246666666666666,0.9753333333333333
0.0011001100110010764,0.95,0.9246666666666666,0.9753333333333333
0.001600160016001606,0.95,0.9246666666666666,0.9753333333333333
0.0021002100210021357,0.95,0.9246666666666666,0.9753333333333333
0.0026002600260026654,0.95,0.9246666666666666,0.9753333333333333
0.003100310031003195,0.95,0.9246666666666666,0.9753333333333333
0.0036003600360035026,0.95,0.9246666666666666,0.9753333333333333
0.004100410041004032,0.95,0.9246666666666666,0.9753333333333333
0.004600460046004562,0.95,0.9246666666666666,0.9753333333333333
0.005100510051005092,0.95,0.9246666666666666,0.9753333333333333
0.005600560056005621,0.95,0.9246666666666666,0.9753333333333333
0.006100610061006151,0.95,0.9246666666666666,0.9753333333333333
0.0066006600660066805,0.95,0.9246666666666666,0.9753333333333333
0.00710071007100721,0.95,0.9246666666666666,0.9753333333333333
0.007600760076007518,0.95,0.9246666666666666,0.9753333333333333
0.008100810081008047,0.95,0.9246666666666666,0.9753333333333333
0.008600860086008577,0.95,0.9246666666666666,0.9753333333333333
0.009100910091009107,0.95,0.9246666666666666,0.9753333333333333
0.009600960096009636,0.95,0.9246666666666666,0.9753333333333333
0.010101010101010166,0.95,0.9246666666666666,0.9753333333333333
0.010601060106010696,0.95,0.9246666666666666,0.9753333333333333
0.011101110111011003,0.95,0.9246666666666666,0.9753333333333333
0.011601160116011533,0.95,0.9246666666666666,0.9753333333333333
0.012101210121012063,0.95,0.9246666666666666,0.9753333333333333
0.012601260126012592,0.95,0.9246666666666666,0.9753333333333333
0.013101310131013122,0.95,0.9246666666666666,0.9753333333333333
0.013601360136013652,0.95,0.9246666666666666,0.9753333333333333
0.014101410141014181,0.95,0.9246666666666666,0.9753333333333333
0.014601460146014711,0.95,0.9246666666666666,0.9753333333333333
0.015101510151015018,0.95,0.9246666666666666,0.9753333333333333
0.015601560156015548,0.95,0.9246666666666666,0.9753333333333333
0.016101610161016078,0.95,0.9246666666666666,0.9753333333333333
0.016601660166016607,0.95,0.9246666666666666,0.9753333333333333
0.017101710171017137,0.95,0.9246666666666666,0.9753333333333333
0.017601760176017667,0.95,0.9246666666666666,0.9753333333333333
0.018101810181018196,0.95,0.9246666666666666,0.9753333333333333
0.018601860186018504,0.95,0.9246666666666666,0.9753333333333333
0.019101910191019034,0.95,0.9246666666666666,0.9753333333333333
0.019601960196019563,0.95,0.9246666666666666,0.9753333333333333
0.020102010201020093,0.4433335100604907,-1.4,0.9753333333333333
0.020602060206020623,0.44333968138517166,-1.4,0.9753333333333333
0.021102110211021152,0.44335462245854074,-1.4,0.9753333333333333
0.021602160216021682,0.44337827474442604,-1.4,0.9753333333333333
0.02210221022102221,0.4434105799441508,-1.4,0.9753333333333333
0.02260226022602252,0.443451479995969,-1.4,0.9753333333333333
0.02310231023102305,0.4435009170745007,-1.4,0.9753333333333333
0.02360236023602358,0.44355883359016646,-1.4,0.9753333333333333
0.024102410241024108,0.44362517218862285,-1.4,0.9753333333333333
0.024602460246024638,0.44369987575019554,-1.4,0.9753333333333333
0.025102510251025167,0.44378288738931393,-1.4,0.9753333333333333
0.025602560256025697,0.4438741504539446,-1.4,0.9753333333333333
0.026102610261026005,0.4439736085250243,-1.4,0.9753333333333333
0.026602660266026534,0.44408120541589324,-1.4,0.9753333333333333
0.027102710271027064,0.44419688517172784,-1.4,0.9753333333333333
0.027602760276027594,0.44432059206897245,-1.4,0.9753333333333333
0.028102810281028123,0.44445227061477344,-1.4,0.9753333333333333
0.028602860286028653,0.4445918655464085,-1.4,0.9753333333333333
0.029102910291029183,0.44473932183072074,-1.4,0.9753333333333333
0.029602960296029712,0.4448945846635488,-1.4,0.9753333333333333
0.03010301030103002,0.445057599469159,-1.4,0.7016667550302453
0.03060306030603055,0.4452283118996757,-1.4,0.7016698406925859
0.03110311031103108,0.4454066678345129,-1.4,0.7016773112292704
0.03160316031603161,0.44559261337980505,-1.4,0.701689137372213
0.03210321032103214,0.4457860948678366,-1.4,0.7017052899720754
0.03260326032603267,0.44598705885647416,-1.4,0.7017257399979845
0.0331033103310332,0.44619545212859546,-1.4,0.7017504585372503
0.033603360336033505,0.44641122169152003,-1.4,0.7017794167950833
0.034103410341034035,0.44663431477643933,-1.4,0.7018125860943114
0.034603460346034565,0.44686467883784664,-1.4,0.7018499378750978
0.035103510351035094,0.44710226155296706,-1.4,0.701891443694657
0.035603560356035624,0.4473470108211871,-1.4,0.7019370752269722
0.036103610361036154,0.44759887476348514,-1.4,0.7019868042625121
0.03660366036603668,0.4478578017218593,-1.4,0.7020406027079467
0.03710371037103721,0.44812374025875923,-1.4,0.7020984425858638
0.03760376037603752,0.4483966391565144,-1.4,0.7021602960344862
0.03810381038103805,0.4486764474167638,-1.4,0.7022261353073866
0.03860386038603858,0.44896311425988555,-1.4,0.7022959327732042
0.03910391039103911,0.44925658912442656,-1.4,0.7023696609153603
0.03960396039603964,0.4495568216665319,-1.4,0.7024472923317744
0.04010401040104017,0.4498637617593739,-1.4,0.7025287997345795
0.0406040604060407,0.4501773594925824,-1.4,0.7026141559498378
0.041104110411041006,0.4504975651716739,-1.4,0.7027033339172564
0.041604160416041536,0.4508243293174809,-1.4,0.7027963066899026
0.042104210421042065,0.45115760266558214,-1.4,0.7028930474339183
0.042604260426042595,0.45149733616573146,-1.4,0.702993529428237
0.043104310431043125,0.45184348098128857,-1.4,0.7030977260642977
0.043604360436043654,0.45219598848864806,-1.4,0.70320561084576
0.044104410441044184,0.4525548102766694,-1.4,0.7033171573882196
0.044604460446044714,0.4529198981461076,-1.4,0.7034323394189232
0.04510451045104502,0.4532912041090422,-1.4,0.7035511307764835
0.04560456045604555,0.45366868038830843,-1.4,0.7036735054105936
0.04610461046104608,0.45405227941692733,-1.4,0.7037994373817426
0.04660466046604661,0.454441953837536,-1.4,0.7039289008609296
0.04710471047104714,0.4548376565018183,-1.4,0.7040618701293796
0.04760476047604767,0.4552393404699356,-1.4,0.7041983195782572
0.0481048104810482,0.45564695900995766,-1.4,0.704338223708382
0.04860486048604851,0.456060465597294,-1.4,0.7044815571299428
0.049104910491049036,0.45647981391412473,-1.4,0.7046282945622133
0.049604960496049566,0.4569049578488321,-1.4,0.704778410833266
0.050105010501050096,0.45733585149543216,-1.4,0.704931880879687
0.050605060506050625,0.45777244915300724,-1.4,0.7050886797462912
0.051105110511051155,0.4582147053251366,-1.4,0.7052487825858369
0.051605160516051685,0.45866257471933,-1.4,0.7054121646587405
0.052105210521052214,0.4591160122464591,-1.4,0.705578801332791
0.05260526052605252,0.4595749730201914,-1.4,0.7057486680828657
0.05310531053105305,0.46003941235642204,-1.4,0.7059217404906443
0.05360536053605358,0.46050928577270744,-1.4,0.706097994244324
0.05410541054105411,0.46098454898769964,-1.4,0.7062774051383347
0.05460546054605464,0.46146515792057846,-1.4,0.7064599490730538
0.05510551055105517,0.4619510686904863,-1.4,0.7066456020545211
0.0556055605560557,0.46244223761596287,-1.4,0.7068343401941541
0.05610561056105601,0.46293862121437906,-1.4,0.7070261397084636
0.05660566056605654,0.46344017620137223,-1.4,0.707220976918768
0.05710571057105707,0.46394685949028114,-1.4,0.7074188282509091
0.057605760576057596,0.4644586281915817,-1.4,0.7076196702349677
0.058105810581058126,0.4649754396123231,-1.4,0.7078234795049788
0.058605860586058656,0.4654972512555632,-1.4,0.708030232798647
0.059105910591059185,0.46602402081980515,-1.4,0.7082399069570624
0.059605960596059715,0.4665557061984353,-1.4,0.708452478924416
0.06010601060106002,0.46709226547915916,-1.4,1.4
0.06060606060606055,0.46763365694343945,-1.4,1.4
0.06110611061106108,0.46817983906593386,-1.4,1.4
0.06160616061606161,0.4687307705139342,-1.4,1.4
0.06210621062106214,0.46928641014680395,-1.4,1.4
0.06260626062606267,0.46984671701541764,-1.4,1.4
0.0631063106310632,0.4704116503616007,-1.4,1.4
0.06360636063606351,0.4709811696175693,-1.4,1.4
0.06410641064106404,0.47155523440537017,-1.4,1.4
0.06460646064606457,0.4721338045363218,-1.4,1.4
0.0651065106510651,0.4727168400104551,-1.4,1.4
0.06560656065606563,0.47330430101595616,-1.4,1.4
0.06610661066106616,0.47389614792860624,-1.4,1.4
0.06660666066606669,0.47449234131122614,-1.4,1.4
0.06710671067106722,0.47509284191311774,-1.4,1.4
0.06760676067606752,0.4756976106695084,-1.4,1.4
0.06810681068106805,0.4763066087009941,-1.4,1.4
0.06860686068606858,0.47691979731298384,-1.4,1.4
0.06910691069106911,0.47753713799514513,-1.4,1.4
0.06960696069606964,0.4781585924208483,-1.4,1.4
0.07010701070107017,0.47878412244661234,-1.4,1.4
0.0706070607060707,0.47941369011155177,-1.4,1.4
0.07110711071107101,0.4800472576368233,-1.4,1.4
0.07160716071607154,0.4806847874250725,-1.4,1.4
0.07210721072107207,0.4813262420598822,-1.4,1.4
0.0726072607260726,0.4819715843052203,-1.4,1.4
0.07310731073107313,0.4826207771048896,-1.4,1.4
0.07360736073607366,0.4832737835819757,-1.4,1.4
0.07410741074107419,0.483930567038298,-1.4,1.4
0.07460746074607472,0.4845910909538598,-1.4,1.4
0.07510751075107502,0.4852553189862996,-1.4,1.4
0.07560756075607555,0.485923214970342,-1.4,1.4
0.07610761076107608,0.4865947429172503,-1.4,1.4
0.07660766076607661,0.48726986701428,-1.4,1.4
0.07710771077107714,0.4879485516241305,-1.4,1.4
0.07760776077607767,0.4886307612843999,-1.4,1.4
0.0781078107810782,0.4893164607070395,-1.4,1.4
0.07860786078607851,0.49000561477780835,-1.4,1.4
0.07910791079107904,0.49069818855572983,-1.4,1.4
0.07960796079607957,0.49139414727254666,-1.4,1.4
0.0801080108010801,0.49209345633217816,-1.4,1.4
0.08060806080608063,0.4927960813101794,-1.4,1.4
0.08110811081108116,0.49350198795319644,-1.4,1.4
0.08160816081608169,0.49421114217842704,-1.4,1.4
0.08210821082108222,0.4949235100730793,-1.4,1.4
0.08260826082608252,0.49563905789383184,-1.4,1.4
0.08310831083108305,0.4963577520662947,-1.4,1.4
0.08360836083608358,0.4970795591844696,-1.4,1.4
0.08410841084108411,0.4978044460102139,-1.4,1.4
0.08460846084608464,0.4985323794727005,-1.4,1.4
0.08510851085108517,0.49926332666788337,-1.4,1.4
0.0856085608560857,0.49999725485796,-1.4,1.4
0.08610861086108601,0.5007341314708369,-1.4,1.4
0.08660866086608654,0.5014739240995946,-1.4,1.4
0.08710871087108707,0.5022166005019533,-1.4,1.4
0.0876087608760876,0.5029621285997394,-1.4,1.4
0.08810881088108813,0.5037104764783544,-1.4,1.4
0.08860886088608866,0.5044616123862404,-1.4,1.4
0.08910891089108919,0.5052155047343505,-1.4,1.4
0.08960896089608972,0.505972122095618,-1.4,1.4
0.09010901090109003,0.5067314332044259,-1.4,1.4
0.09060906090609055,0.5074934069560786,-1.4,1.4
0.09110911091109108,0.5082580124062723,-1.4,1.4
0.09160916091609161,0.5090252187705695,-1.4,1.4
0.09210921092109214,0.5097949954238692,-1.4,1.4
0.09260926092609267,0.5105673118998824,-1.4,1.4
0.0931093109310932,0.5113421378906062,-1.4,1.4
0.09360936093609351,0.5121194432457987,-1.4,1.4
0.09410941094109404,0.5128991979724558,-1.4,1.4
0.09460946094609457,0.5136813722342868,-1.4,1.4
0.0951095109510951,0.5144659363511921,-1.4,1.4
0.09560956095609563,0.5152528607987431,-1.4,1.4
0.09610961096109616,0.5160421162076584,-1.4,1.4
0.09660966096609669,0.5168336733632857,-1.4,1.4
0.09710971097109722,0.517627503205081,-1.4,1.4
0.09760976097609753,0.5184235768260907,-1.4,1.4
0.09810981098109806,0.5192218654724337,-1.4,1.4
0.09860986098609859,0.5200223405427828,-1.4,1.4
0.09910991099109911,0.5208249735878514,-1.4,1.4
0.09960996099609964,0.5216297363098742,-1.4,1.4
0.10011001100110017,0.5224366005620946,-1.4,1.4
0.1006100610061007,0.5232455383482508,-1.4,1.4
0.10111011101110101,0.5240565218220614,-1.4,1.4
0.10161016101610154,0.524869523286714,-1.4,1.4
0.10211021102110207,0.5256845151943531,-1.4,1.4
0.1026102610261026,0.5265014701455689,-1.4,1.4
0.10311031103110313,0.5273203608888895,-1.4,1.4
0.10361036103610366,0.5281411603202684,-1.4,1.4
0.10411041104110419,0.5289638414825787,-1.4,1.4
0.10461046104610472,0.5297883775651046,-1.4,1.4
0.10511051105110503,0.5306147419030347,-1.4,1.4
0.10561056105610556,0.5314429079769566,-1.4,1.4
0.10611061106110609,0.532272849412351,-1.4,1.4
0.10661066106610662,0.5331045399790892,-1.4,1.4
0.10711071107110715,0.5339379535909279,-1.4,1.4
0.10761076107610767,0.534773064305007,-1.4,1.4
0.1081108110811082,0.5356098463213492,-1.4,1.4
0.10861086108610851,0.5364482739823575,-1.4,1.4
0.10911091109110904,0.5372883217723173,-1.4,1.4
0.10961096109610957,0.5381299643168947,-1.4,1.4
0.1101110111011101,0.5389731763826402,-1.4,1.4
0.11061106110611063,0.5398179328764915,-1.4,1.4
0.11111111111111116,0.5406642088452751,-1.4,1.4
0.11161116111611169,0.541511979475212,-1.4,1.4
0.11211121112111222,0.5423612200914232,-1.4,1.4
0.11261126112611253,0.5432119061574345,-1.4,1.4
0.11311131113111306,0.5440640132746848,-1.4,1.4
0.11361136113611359,0.5449175171820329,-1.4,1.4
0.11411141114111412,0.5457723937552672,-1.4,1.4
0.11461146114611465,0.5466286190066145,-1.4,1.4
0.11511151115111518,0.5474861690842507,-1.4,1.4
0.1156115611561157,0.5483450202718121,-1.4,1.4
0.11611161116111601,0.5492051489879082,-1.4,1.4
0.11661166116611654,0.5500665317856339,-1.4,1.4
0.11711171117111707,0.5509291453520847,-1.4,1.4
0.1176117611761176,0.5517929665078704,-1.4,1.4
0.11811181118111813,0.5526579722066327,-1.4,1.4
0.11861186118611866,0.5535241395345601,-1.4,1.4
0.11911191119111919,0.5543914457099064,-1.4,1.4
0.11961196119611972,0.5552598680825094,-1.4,1.4
0.12011201120112003,0.5561293841333103,-1.4,1.4
0.12061206120612056,0.5569999714738739,-1.4,1.4
0.12111211121112109,0.5578716078459097,-1.4,1.4
0.12161216121612162,0.5587442711207957,-1.4,1.4
0.12211221122112215,0.559617939299099,-1.4,1.4
0.12261226122612268,0.5604925905101021,-1.4,1.4
0.1231123112311232,0.5613682030113265,-1.4,1.4
0.12361236123612351,0.5622447551880592,-1.4,1.4
0.12411241124112404,0.5631222255528798,-1.4,1.4
0.12461246124612457,0.5640005927451879,-1.4,1.4
0.1251125112511251,0.5648798355307312,-1.4,1.4
0.12561256125612563,0.5657599328011373,-1.4,1.4
0.12611261126112616,0.5666408635734418,-1.4,1.4
0.1266126612661267,0.5675226069896211,-1.4,1.4
0.12711271127112722,0.5684051423161245,-1.4,1.4
0.12761276127612753,0.569288448943408,-1.4,1.4
0.12811281128112806,0.5701725063854686,-1.4,1.4
0.1286128612861286,0.5710572942793783,-1.4,1.4
0.12911291129112912,0.5719427923848237,-1.4,1.4
0.12961296129612965,0.5728289805836386,-1.4,1.4
0.13011301130113018,0.5737158388793459,-1.4,1.4
0.1306130613061307,0.5746033473966947,-1.4,1.4
0.13111311131113101,0.5754914863812013,-1.4,1.4
0.13161316131613154,0.5763802361986896,-1.4,1.4
0.13211321132113207,0.5772695773348339,-1.4,1.4
0.1326132613261326,0.5781594903947,-1.397296100728657,1.4
0.13311331133113313,0.5790499561022925,-1.3868470383509999,1.4
0.13361336133613366,0.5799409553000957,-1.376444997788724,1.4
0.1341134113411342,0.5808324689486218,-1.3660897674390047,1.4
0.13461346134613472,0.5817244781259575,-1.3557811366512509,1.4
0.13511351135113503,0.5826169640273109,-1.3455188957228181,1.4
0.13561356135613556,0.583509907964561,-1.335302835894747,1.4
0.1361136113611361,0.5844032913658064,-1.3251327493475162,1.4
0.13661366136613662,0.5852970957749182,-1.3150084291968016,1.4
0.13711371137113715,0.5861913028510888,-1.3049296694892913,1.4
0.13761376137613768,0.5870858943683859,-1.294896265198479,1.4
0.1381138113811382,0.5879808522153065,-1.2849080122204992,1.4
0.13861386138613851,0.5888761583943304,-1.2749647073699724,1.4
0.13911391139113904,0.5897717950214767,-1.2650661483758745,1.4
0.13961396139613957,0.5906677443258596,-1.2552121338774211,1.4
0.1401140114011401,0.5915639886492461,-1.2454024634199745,1.4
0.14061406140614063,0.5924605104456153,-1.2356369374509513,1.4
0.14111411141114116,0.5933572922807167,-1.2259153573157857,1.4
0.1416141614161417,0.5942543168316305,-1.2162375252538757,1.4
0.14211421142114222,0.5951515668863304,-1.2066032443945571,1.4
0.14261426142614253,0.5960490253432448,-1.1970123187531077,1.4
0.14311431143114306,0.5969466752108208,-1.187464553226753,1.4
0.1436143614361436,0.597844499607088,-1.1779597535907056,1.4
0.14411441144114412,0.5987424817592253,-1.1684977264941965,1.4
0.14461446144614465,0.5996406050031252,-1.1590782794565662,1.4
0.14511451145114518,0.6005388527829628,-1.149701220863334,1.4
0.1456145614561457,0.6014372086507636,-1.1403663599623017,1.4
0.14611461146114602,0.6023356562659721,-1.1310735068596773,1.4
0.14661466146614655,0.6032341793950239,-1.1218224725162067,1.4
0.14711471147114707,0.6041327619109151,-1.1126130687433344,1.4
0.1476147614761476,0.605031387792776,-1.103445108199373,1.4
0.14811481148114813,0.6059300411254442,-1.0943184043856815,1.4
0.14861486148614866,0.6068287060990382,-1.0852327716428916,1.4
0.1491149114911492,0.6077273670085332,-1.076188025147118,1.4
0.14961496149614972,0.6086260082533378,-1.067183980906201,1.4
0.15011501150115003,0.6095246143368704,-1.058220455755962,1.4
0.15061506150615056,0.6104231698661386,-1.049297267356482,1.4
0.1511151115111511,0.6113216595513172,-1.0404142341883906,1.4
0.15161516151615162,0.6122200682053305,-1.0315711755491637,1.4
0.15211521152115215,0.6131183807434315,-1.0227679115494672,1.4
0.15261526152615268,0.6140165821827852,-1.014004263109482,1.4
0.1531153115311532,0.6149146576420521,-1.0052800519552672,1.4
0.15361536153615352,0.6158125923409722,-0.9965951006151312,1.4
0.15411541154115405,0.6167103715999505,-0.9879492324160233,1.4
0.15461546154615458,0.6176079808396433,-0.9793422714799385,1.4
0.1551155115511551,0.6185054055805448,-0.9707740427203448,1.4
0.15561556155615563,0.6194026314425779,-0.9622443718386047,1.4
0.15611561156115616,0.6202996441446804,-0.9537530853204541,1.4
0.1566156615661567,0.621196429504397,-0.9453000104324556,1.4
0.15711571157115722,0.622092973437471,-0.9368849752184893,1.4
0.15761576157615753,0.6229892619574358,-0.9285078084962564,1.4
0.15811581158115806,0.6238852811752083,-0.9201683398537932,1.4
0.1586158615861586,0.6247810172986841,-0.9118663996460119,1.4
0.15911591159115912,0.625676456632333,-0.9036018189912336,1.4
0.15961596159615965,0.6265715855767939,-0.8953744297677728,1.4
0.16011601160116018,0.6274663906284736,-0.8871840646105069,1.4
0.1606160616061607,0.628360858379145,-0.879030556907471,1.4
0.16111611161116102,0.629254975515546,-0.8709137407964727,1.4
0.16161616161616155,0.6301487288189808,-0.8628334511617128,1.4
0.16211621162116208,0.6310421051649202,-0.8547895236304326,1.4
0.1626162616261626,0.6319350915226054,-0.8467817945695693,1.4
0.16311631163116314,0.6328276749546513,-0.8388101010824138,1.4
0.16361636163616367,0.6337198426166495,-0.8308742810053202,1.4
0.1641164116411642,0.6346115817567755,-0.8229741729043905,1.4
0.16461646164616472,0.6355028797153943,-0.8151096160721965,1.4
0.16511651165116503,0.6363937239246686,-0.8072804505245077,1.4
0.16561656165616556,0.6372841019081668,-0.7994865169970391,1.4
0.1661166116611661,0.6381740012804722,-0.7917276569422163,1.4
0.16661666166616662,0.6390634097467955,-0.7840037125259303,1.4
0.16711671167116715,0.6399523151025839,-0.7763145266243552,1.4
0.16761676167616768,0.6408407052331349,-0.7686599428207319,1.4
0.1681168116811682,0.6417285681132099,-0.7610398054021938,1.4
0.16861686168616852,0.6426158918066489,-0.7534539593565972,1.4
0.16911691169116905,0.6435026644659856,-0.7459022503693682,1.4
0.16961696169616958,0.6443888743320644,-0.7383845248203635,1.4
0.1701170117011701,0.6452745097336579,-0.7309006297807494,1.4
0.17061706170617064,0.6461595590870868,-0.7234504130098778,1.4
0.17111711171117117,0.6470440108958373,-0.7160337229522069,1.4
0.1716171617161717,0.6479278537501829,-0.7086504087342078,1.4
0.17211721172117223,0.6488110763268069,-0.7013003201612968,1.4
0.17261726172617253,0.6496936673884239,-0.6939833077147812,1.4
0.17311731173117306,0.6505756157834037,-0.6866992225488173,1.4
0.1736173617361736,0.6514569104453967,-0.6794479164873846,1.4
0.17411741174117412,0.6523375403929599,-0.6722292420212608,1.4
0.17461746174617465,0.6532174947291818,-0.6650430523050388,1.4
0.17511751175117518,0.6540967626413119,-0.657889201154128,1.4
0.1756175617561757,0.654975333400389,-0.6507675430417812,1.4
0.17611761176117602,0.6558531963608709,-0.643677933096138,1.4
0.17661766176617655,0.6567303409602652,-0.6366202270972747,1.4
0.17711771177117708,0.6576067567187609,-0.629594281474271,1.4
0.1776177617761776,0.6584824332388615,-0.6225999533022943,1.4
0.17811781178117814,0.6593573602050192,-0.6156371002996772,1.4
0.17861786178617867,0.660231527383269,-0.6087055808250452,1.4
0.1791179117911792,0.6611049246208646,-0.6018052538744183,1.4
0.17961796179617973,0.6619775418459155,-0.5949359790783504,1.4
0.18011801180118003,0.6628493690670251,-0.5880976166990715,1.4
0.18061806180618056,0.6637203963729289,-0.581290027627644,1.4
0.1811181118111811,0.6645906139321345,-0.5745130733811397,1.4
0.18161816181618162,0.665460011992564,-0.5677666160998063,1.4
0.18211821182118215,0.6663285808811931,-0.5610505185442833,1.4
0.18261826182618268,0.667196311003696,-0.5543646440927985,1.4
0.1831183118311832,0.6680631928440888,-0.5477088567383914,1.4
0.18361836183618352,0.668929216964374,-0.5410830210861455,1.4
0.18411841184118405,0.6697943740041872,-0.5344870023504351,1.4
0.18461846184618458,0.6706586546804432,-0.5279206663521838,1.4
0.1851185118511851,0.6715220497869836,-0.5213838795161361,1.4
0.18561856185618564,0.6723845501942282,-0.5148765088681309,1.4
0.18611861186118617,0.6732461468488207,-0.5083984220324114,1.4
0.1866186618661867,0.6741068307732834,-0.501949487228923,1.4
0.18711871187118723,0.6749665930656669,-0.49552957327063374,1.4
0.18761876187618753,0.6758254248992042,-0.4891385495608669,1.4
0.18811881188118806,0.6766833175219635,-0.48277628609064327,1.4
0.1886188618861886,0.6775402622565041,-0.4764426534360393,1.4
0.18911891189118912,0.6783962504995321,-0.4701375227555449,1.4
0.18961896189618965,0.679251273721557,-0.4638607657874563,1.4
0.19011901190119018,0.6801053234665492,-0.45761225484725854,1.4
0.1906190619061907,0.6809583913515997,-0.45139186282502886,1.4
0.19111911191119102,0.68181046906658,-0.4451994631828522,1.4
0.19161916191619155,0.6826615483738021,-0.43903492995224647,1.4
0.19211921192119208,0.683511621107681,-0.4328981377315999,1.4
0.1926192619261926,0.6843606791743974,-0.426788961683624,1.4
0.19311931193119314,0.6852087145515624,-0.42070727753280135,1.4
0.19361936193619367,0.6860557192878807,-0.41465296156287534,1.4
0.1941194119411942,0.6869016855028176,-0.40862589061432186,1.4
0.19461946194619473,0.6877466053862653,-0.4026259420818463,1.4
0.19511951195119503,0.6885904711982116,-0.3966529939118917,1.4
0.19561956195619556,0.6894332752684071,-0.39070692460015244,1.4
0.1961196119611961,0.6902750099960366,-0.3847876131891077,1.4
0.19661966196619662,0.6911156678493896,-0.3788949392655494,1.4
0.19711971197119715,0.691955241365531,-0.3730287829581491,1.4
0.19761976197619768,0.6927937231499746,-0.36718902493500805,1.4
0.1981198119811982,0.693631105876357,-0.3613755464012327,1.4
0.19861986198619852,0.6944673822861122,-0.35558822909651955,1.4
0.19911991199119905,0.6953025451881469,-0.3498269552927462,1.4
0.19961996199619958,0.6961365874585178,-0.344091607791581,1.4
0.2001200120012001,0.6969695020401085,-0.3383820699220961,1.4
0.20062006200620064,0.6978012819423096,-0.33269822553838835,1.4
0.20112011201120117,0.6986319202406961,-0.32703995901723104,1.4
0.2016201620162017,0.6994614100767101,-0.32140715525570895,1.4
0.20212021202120223,0.7002897446573411,-0.315799699668883,1.4
0.20262026202620254,0.7011169172548088,-0.3102174781874567,1.4
0.20312031203120307,0.7019429212062475,-0.304660377255457,1.4
0.2036203620362036,0.7027677499133884,-0.2991282838279268,1.4
0.20412041204120412,0.7035913968422489,-0.29362108536861453,1.4
0.20462046204620465,0.7044138555228148,-0.2881386698477002,1.4
0.20512051205120518,0.7052351195487302,-0.28268092573950754,1.4
0.2056205620562057,0.7060551825769854,-0.2772477420202364,1.4
0.20612061206120602,0.7068740383276062,-0.27183900816570383,1.4
0.20662066206620655,0.7076916805833441,-0.2664546141490982,1.4
0.20712071207120708,0.7085081031893677,-0.26109445043873825,1.4
0.2076207620762076,0.7093233000529549,-0.25575840799584904,1.4
0.20812081208120814,0.7101372651431868,-0.25044637827233385,1.4
0.20862086208620867,0.7109499924906405,-0.24515825320857987,1.4
0.2091209120912092,0.7117614761870854,-0.2398939252312513,1.4
0.20962096209620973,0.712571710385179,-0.23465328725110268,1.4
0.21012101210121004,0.7133806892981636,-0.22943623266080082,1.4
0.21062106210621057,0.714188407199565,-0.22424265533275634,1.4
0.2111211121112111,0.7149948584228905,-0.21907244961696626,1.4
0.21162116211621163,0.7158000373613308,-0.21392551033885687,1.4
0.21212121212121215,0.7166039384674585,-0.20880173279715675,1.4
0.21262126212621268,0.7174065562529314,-0.20370101276175934,1.4
0.21312131213121321,0.7182078852881947,-0.1986232464716018,1.4
0.21362136213621352,0.7190079202021854,-0.19356833063255885,1.4
0.21412141214121405,0.7198066556820366,-0.18853616241533677,1.4
0.21462146214621458,0.7206040864727832,-0.18352663945338565,1.4
0.2151215121512151,0.7214002073770679,-0.1785396598408162,1.4
0.21562156215621564,0.7221950132548508,-0.17357512213031967,1.4
0.21612161216121617,0.7229884990231155,-0.16863292533111673,1.4
0.2166216621662167,0.7237806596555796,-0.1637129689068939,1.4
0.21712171217121723,0.7245714901824054,-0.15881515277376224,1.4
0.21762176217621754,0.7253609856899106,-0.15393937729821894,1.4
0.21812181218121807,0.7261491413202812,-0.14908554329512236,1.4
0.2186218621862186,0.7269359522712839,-0.14425355202567602,1.4
0.21912191219121913,0.7277214137959819,-0.13944330519541137,1.4
0.21962196219621966,0.7285055212024477,-0.13465470495220133,1.4
0.22012201220122019,0.729288269853481,-0.12988765388426038,1.4
0.22062206220622071,0.7300696551663248,-0.1251420550181659,1.4
0.22112211221122102,0.7308496726123833,-0.12041781181688549,1.4
0.22162216221622155,0.7316283177169414,-0.11571482817781265,1.4
0.22212221222122208,0.7324055860588836,-0.11103300843081265,1.4
0.2226222622262226,0.7331814732704152,-0.10637225733627709,1.4
0.22312231223122314,0.7339559750367844,-0.10173248008317981,1.4
0.22362236223622367,0.7347290870960038,-0.09711358228715938,1.4
0.2241224122412242,0.7355008052385743,-0.09251546998859173,1.4
0.22462246224622473,0.7362711253072102,-0.08793804965067964,1.4
0.22512251225122504,0.7370400431965629,-0.08338122815755189,1.4
0.22562256225622557,0.7378075548529494,-0.07884491281236627,1.4
0.2261226122612261,0.7385736562740771,-0.07432901133542935,1.4
0.22662266226622663,0.7393383435087745,-0.06983343186230817,1.4
0.22712271227122716,0.7401016126567175,-0.06535808294197509,1.4
0.22762276227622769,0.7408634598681612,-0.06090287353493995,1.4
0.22812281228122822,0.7416238813436697,-0.05646771301139797,1.4
0.22862286228622852,0.7423828733338492,-0.05205251114938858,1.4
0.22912291229122905,0.7431404321390787,-0.04765717813295811,1.4
0.22962296229622958,0.7438965541092453,-0.043281624550334796,1.4
0.2301230123012301,0.7446512356434776,-0.038925761392109126,1.4
0.23062306230623064,0.7454044731898823,-0.034589500049417854,1.4
0.23112311231123117,0.7461562632452795,-0.030272752312152207,1.4
0.2316231623162317,0.7469066023549396,-0.025975430367155217,1.4
0.23212321232123223,0.7476554871123222,-0.02169744679643848,1.4
0.23262326232623254,0.7484029141588153,-0.01743871457540236,1.4
0.23312331233123307,0.7491488801834746,-0.013199147071067285,1.4
0.2336233623362336,0.749893381922764,-0.00897865804031217,1.4
0.23412341234123413,0.7506364161602987,-0.004777161628113036,1.4
0.23462346234623466,0.7513779797265868,-0.0005945723658073998,1.4
0.2351235123512352,0.7521180694987724,0.0035691948306512122,1.4
0.23562356235623572,0.7528566824003808,0.007714224662422997,1.4
0.23612361236123602,0.7535938154010636,0.011840601449504495,1.4
0.23662366236623655,0.754329465516345,0.015948409132443886,1.4
0.23712371237123708,0.7550636298073685,0.02003773127404862,1.4
0.2376237623762376,0.7557963053806447,0.024108651061083286,1.4
0.23812381238123814,0.7565274893878016,0.028161251305969026,1.4
0.23862386238623867,0.7572571790253319,0.03219561444845809,1.4
0.2391239123912392,0.7579853715343459,0.03621182255731703,1.4
0.23962396239623973,0.7587120642003216,0.04020995733199506,1.4
0.24012401240124004,0.7594372543528574,0.044190100104285035,1.4
0.24062406240624057,0.7601609393654257,0.048152331839980245,1.4
0.2411241124112411,0.7608831166551265,0.05209673314051666,1.4
0.24162416241624163,0.7616037836824434,0.05602338424462139,1.4
0.24212421242124216,0.7623229379509979,0.0599323650299346,1.4
0.2426242624262427,0.7630405770073074,0.06382375501464055,1.4
0.24312431243124322,0.7637566984405424,0.06769763335908385,1.4
0.24362436243624352,0.7644712998822848,0.07155407886737974,1.4
0.24412441244124405,0.7651843790062878,0.07539316998901702,1.4
0.24462446244624458,0.7658959335282355,0.07921498482045386,1.4
0.2451245124512451,0.7666059612055042,0.08301960110670592,1.4
0.24562456245624564,0.7673144598369251,0.08680709624293192,1.4
0.24612461246124617,0.7680214272625459,0.09057754727600154,1.4
0.2466246624662467,0.7687268613633945,0.09433103090606643,1.4
0.24712471247124723,0.7694307600612451,0.09806762348812048,1.4
0.24762476247624754,0.7701331213183815,0.10178740103355177,1.4
0.24812481248124807,0.7708339431373651,0.10549043921169021,1.4
0.2486248624862486,0.7715332235608005,0.1091768133513451,1.4
0.24912491249124913,0.772230960671105,0.11284659844234235,1.4
0.24962496249624966,0.7729271525902761,0.11649986913704258,1.4
0.2501250125012502,0.7736217974796614,0.12013669975186414,1.4
0.2506250625062507,0.7743148935397296,0.12375716426879424,1.4
0.251125112511251,0.7750064390098416,0.12736133633689373,1.4
0.25162516251625155,0.775696432168022,0.13094928927379645,1.4
0.2521252125212521,0.7763848713307334,0.13452109606719842,1.4
0.2526252625262526,0.7770717548526489,0.13807682937634236,1.4
0.25312531253125314,0.7777570811264283,0.14161656153350277,1.4
0.2536253625362537,0.7784408485824921,0.145140364545446,1.4
0.2541254125412542,0.7791230556887985,0.14864831009490298,1.4
0.25462546254625473,0.7798037009506211,0.15214046954202498,1.4
0.25512551255125504,0.780482782910326,0.1556169139258361,1.4
0.25562556255625557,0.7811603001471517,0.15907771396567716,1.4
0.2561256125612561,0.781836251276987,0.16252294006264345,1.4
0.25662566256625663,0.7825106349521547,0.16595266230102346,1.4
0.25712571257125716,0.7831834498611892,0.16936695044971417,1.4
0.2576257625762577,0.7838546947286212,0.17276587396364762,1.4
0.2581258125812582,0.78452436831476,0.1761495019852014,1.4
0.2586258625862585,0.7851924694154768,0.17951790334560636,1.4
0.25912591259125906,0.7858589968619901,0.1828711465663453,1.4
0.2596259625962596,0.7865239495206506,0.18620929986054724,1.4
0.2601260126012601,0.7871873262927274,0.18953243113437468,1.4
0.26062606260626064,0.787849126114196,0.19284060798840985,1.4
0.2611261126112612,0.788509347955525,0.1961338977190209,1.4
0.2616261626162617,0.7891679908214653,0.19941236731973744,1.4
0.26212621262126223,0.7898250537508394,0.20267608348261168,1.4
0.26262626262626254,0.7904805358163324,0.2059251125995749,1.4
0.26312631263126307,0.791134436124282,0.20915952076378774,1.4
0.2636263626362636,0.7917867538144711,0.21237937377098381,1.4
0.26412641264126413,0.7924374880599209,0.21558473712081438,1.4
0.26462646264626466,0.7930866380666834,0.2187756760181705,1.4
0.2651265126512652,0.7937342030736363,0.22195225537451646,1.4
0.2656265626562657,0.7943801823522783,0.22511453980920937,1.4
0.266126612661266,0.7950245752065239,0.2282625936508118,1.4
0.26662666266626656,0.7956673809725021,0.23139648093840182,1.4
0.2671267126712671,0.7963085990183518,0.2345162654228753,1.4
0.2676267626762676,0.796948228744021,0.23762201056824117,1.4
0.26812681268126815,0.7975862695810667,0.24071377955291873,1.4
0.2686268626862687,0.7982227209924528,0.243791635271013,1.4
0.2691269126912692,0.7988575824723525,0.2468556403336022,1.4
0.26962696269626973,0.7994908535459486,0.24990585707000723,1.4
0.27012701270127004,0.8001225337692363,0.252942347529061,1.4
0.27062706270627057,0.8007526227288257,0.2559651734803712,1.4
0.2711271127112711,0.801381120041746,0.25897439641557407,1.4
0.27162716271627163,0.8020080253552502,0.2619700775495919,1.4
0.27212721272127216,0.8026333383466194,0.2649522778218695,1.4
0.2726272627262727,0.8032570587229699,0.26792105789762,1.4
0.2731273127312732,0.8038791862210595,0.27087647816905636,1.4
0.2736273627362735,0.8044997206070952,0.27381859875662085,1.4
0.27412741274127406,0.8051186616765413,0.27674747951020784,1.4
0.2746274627462746,0.8057360092539297,0.27966318001038126,1.4
0.2751275127512751,0.806351763192668,0.28256575956958574,1.4
0.27562756275627565,0.8069659233748518,0.28545527723335673,1.4
0.2761276127612762,0.8075784897110752,0.28833179178151647,1.4
0.2766276627662767,0.8081894621402429,0.29119536172937255,1.4
0.27712771277127723,0.8087988406293837,0.2940460453289081,1.4
0.27762776277627754,0.809406625173464,0.2968839005699666,1.4
0.27812781278127807,0.8100128157952018,0.2997089851814312,1.4
0.2786278627862786,0.8106174125448823,0.3025213566323991,1.4
0.27912791279127913,0.8112204155001744,0.305321072133353,1.4
0.27962796279627966,0.8118218247659462,0.3081081886373208,1.4
0.2801280128012802,0.8124216404740829,0.310882762841036,1.4
0.2806280628062807,0.8130198627833054,0.31364485118609187,1.4
0.28112811281128103,0.8136164918789887,0.31639450986008866,1.4
0.28162816281628156,0.8142115279729816,0.31913179479777676,1.4
0.2821282128212821,0.8148049713034275,0.3218567616821951,1.4
0.2826282628262826,0.815396822134585,0.32456946594580205,1.4
0.28312831283128315,0.8159870807566505,0.3272699627716078,1.4
0.2836283628362837,0.8165757474855797,0.32995830709428986,1.4
0.2841284128412842,0.8171628226629121,0.332634553601316,1.4
0.28462846284628474,0.8177483066555938,0.3352987567340542,1.4
0.28512851285128504,0.8183321998558037,0.33795097068888147,1.4
0.2856285628562856,0.8189145026807779,0.34059124941828567,1.4
0.2861286128612861,0.8194952155726362,0.343219646631962,1.3995565832567667
0.28662866286628663,0.8200743389982098,0.3458362157979099,1.3976475366248626
0.28712871287128716,0.8206518734488677,0.34844101014351436,1.395747080891839
0.2876287628762877,0.821227819440346,0.35103408265663283,1.3938551773978
0.2881288128812882,0.8218021775125768,0.35361548608667215,1.3919717876568236
0.28862886288628853,0.8223749482295177,0.3561852729456614,1.3900968733561783
0.28912891289128906,0.8229461321789832,0.35874349550932105,1.3882303963555425
0.2896289628962896,0.8235157299724747,0.3612902058181252,1.3863723186862305
0.2901290129012901,0.8240837422450132,0.3638254556783592,1.3845226025504205
0.29062906290629065,0.8246501696549727,0.36634929666317895,1.3826812103203832
0.2911291129112912,0.825215012883912,0.36886178011365234,1.3808481045377186
0.2916291629162917,0.8257782726364096,0.3713629571398087,1.3790232479125932
0.29212921292129224,0.8263399496398984,0.3738528786216766,1.377206603322981
0.29262926292629254,0.8269000446445017,0.37633159521032034,1.3753981338139096
0.2931293129312931,0.8274585584228683,0.3787991573288688,1.373597802596706
0.2936293629362936,0.8280154917700099,0.3812556151735408,1.3718055730482512
0.29412941294129413,0.8285708455031394,0.38370101871467066,1.3700214087102338
0.29462946294629466,0.8291246204615079,0.38613541769771775,1.3682452732884083
0.2951295129512952,0.8296768175062446,0.3885588616442832,1.3664771306518568
0.2956295629562957,0.8302274375201955,0.3909713998531157,1.3647169448322538
0.29612961296129603,0.8307764814077648,0.39337308140111527,1.3629646800231363
0.29662966296629656,0.8313239500947553,0.3957639551443306,1.3612203005791712
0.2971297129712971,0.8318698445282104,0.39814406971895344,1.3594837710154348
0.2976297629762976,0.8324141656762559,0.4005134735423067,1.357755056006689
0.29812981298129815,0.8329569145279441,0.40287221481383384,1.356034120386663
0.2986298629862987,0.8334980920930964,0.405220341516073,1.3543209291473368
0.2991299129912992,0.8340376994021483,0.40755790141563664,1.3526154474382304
0.29962996299629974,0.8345757375059948,0.40988494206418347,1.3509176405656942
0.30013001300130004,0.8351122074758355,0.41220151079938494,1.349227473992205
0.3006300630063006,0.8356471104030213,0.4145076547458876,1.3475449133356583
0.3011301130113011,0.8361804473989016,0.41680342081627186,1.3458699243686763
0.30163016301630163,0.8367122195946727,0.41908885571201027,1.3442024730179052
0.30213021302130216,0.8372424281412248,0.4213640059244105,1.3425425253633267
0.3026302630263027,0.8377710742089922,0.42362891773556566,1.340890047637564
0.3031303130313032,0.8382981589878027,0.4258836372192958,1.3392450062251986
0.30363036303630353,0.8388236836867283,0.42812821024208336,1.3376073676620839
0.30413041304130406,0.839347649533936,0.4303626824640072,1.335977098634664
0.3046304630463046,0.8398700577765397,0.4325870993396713,1.3343541659792992
0.3051305130513051,0.8403909096804522,0.43480150611912904,1.332738536681589
0.30563056305630565,0.8409102065302396,0.437005947848806,1.3311301778757008
0.3061306130613062,0.8414279496289733,0.439200469372412,1.3295290568437008
0.3066306630663067,0.8419441402980851,0.441385115331857,1.3279351410148905
0.30713071307130724,0.8424587798772225,0.4435599301681574,1.326348397965142
0.30763076307630755,0.8429718697241041,0.4457249581223409,1.32476879541624
0.3081308130813081,0.8434834112143756,0.4478802432363461,1.323196301235222
0.3086308630863086,0.8439934057414672,0.4500258293539178,1.3216308834337291
0.30913091309130913,0.8445018547164513,0.452161760121502,1.3200725101673534
0.30963096309630966,0.8450087595679003,0.4542880789891287,1.3185211497349887
0.3101310131013102,0.8455141217417452,0.45640482921129966,1.3169767705781878
0.3106310631063107,0.8460179427011363,0.4585120538478672,1.3154393412805194
0.31113111311131103,0.8465202239263017,0.4606097957649094,1.31390883056693
0.31163116311631156,0.8470209669144096,0.46269809763560305,1.3123852073031044
0.3121312131213121,0.8475201731794288,0.46477700194109184,1.3108684404948374
0.3126312631263126,0.8480178442519907,0.4668465509713488,1.3093584992874006
0.31313131313131315,0.848513981679253,0.4689067868260402,1.3078553529649137
0.3136313631363137,0.8490085870247613,0.470957751415378,1.306358970949722
0.3141314131413142,0.8495016618683143,0.472999486460974,1.304869322801773
0.31463146314631474,0.8499932078058281,0.475032033496689,1.3033863782179969
0.31513151315131505,0.8504832264492007,0.4770554338694772,1.3019101070316919
0.3156315631563156,0.8509717194261787,0.47906972874022763,1.300440479211907
0.3161316131613161,0.8514586883802227,0.4810749590846004,1.2989774648628365
0.31663166316631663,0.8519441349703754,0.483071165693863,1.2975210342232064
0.31713171317131716,0.8524280608711283,0.48505838917571664,1.2960711576656727
0.3176317631763177,0.8529104677722904,0.4870366699551239,1.294627805696217
0.3181318131813182,0.8533913573788565,0.48900604827513156,1.293190948953547
0.31863186318631853,0.8538707314108774,0.49096656419768786,1.2917605582084992
0.31913191319131906,0.8543485916033293,0.4929182576044596,1.2903366043634432
0.3196319631963196,0.8548249397059848,0.49486116819764114,1.2889190584516919
0.3201320132013201,0.8552997774832838,0.4967953355007624,1.2875078916369112
0.32063206320632065,0.8557731067142061,0.4987207988594962,1.2861030752125329
0.3211321132113212,0.856244929192143,0.5006375974424533,1.2847045806011714
0.3216321632163217,0.8567152467247707,0.5025457702419829,1.2833123793540424
0.32213221322132224,0.8571840611339238,0.504445356074964,1.2819264431503832
0.32263226322632255,0.8576513742554697,0.5063363935835969,1.2805467437968785
0.3231323132313231,0.8581171879391837,0.5082189212361876,1.2791732532270843
0.3236323632363236,0.8585815040486233,0.5100929773279299,1.277805943500859
0.32413241324132414,0.8590443244610063,0.5119585999816882,1.2764447868037951
0.32463246324632467,0.8595056510670848,0.5138158271487677,1.2750897554466518
0.3251325132513252,0.8599654857710242,0.51566469660969,1.273740821864793
0.3256325632563257,0.8604238304902805,0.5175052459749598,1.272397958617626
0.32613261326132603,0.8608806871554783,0.5193375126858322,1.2710611383880441
0.32663266326632656,0.8613360577102901,0.5211615340150716,1.269730333981869
0.3271327132713271,0.8617899441113157,0.522977347067712,1.2684055183273
0.3276327632763276,0.8622423483279619,0.5247849887818101,1.2670866644743617
0.32813281328132815,0.8626932723423242,0.5265844959292001,1.2657737455943567
0.3286328632863287,0.8631427181490666,0.5283759051162369,1.264466734979319
0.3291329132913292,0.8635906877553045,0.5301592527845436,1.2631656060414713
0.32963296329632974,0.8640371831804863,0.5319345752117532,1.2618703323126836
0.33013301330133005,0.8644822064562769,0.5337019085122452,1.2605808874439361
0.3306330633063306,0.864925759626441,0.5354612886378809,1.2592972452047801
0.3311331133113311,0.8653678447467268,0.5372127513787338,1.2580193794828087
0.33163316331633164,0.8658084638847514,0.5389563323638211,1.2567472642831226
0.33213321332133217,0.8662476191198853,0.5406920670618236,1.2554808737278016
0.3326332633263327,0.8666853125431383,0.5424199907818095,1.2542201820553798
0.3331333133313332,0.8671215462570455,0.544140138673954,1.2529651636203194
0.33363336333633353,0.8675563223755552,0.5458525457302522,1.2517157928924911
0.33413341334133406,0.8679896430239151,0.5475572467852319,1.2504720444566522
0.3346334633463346,0.8684215103385609,0.5492542765166619,1.2492338930119327
0.3351335133513351,0.8688519264670042,0.5509436694462571,1.2480013133713177
0.33563356335633565,0.8692808935677229,0.5526254599403837,1.2467742804611377
0.3361336133613362,0.8697084138100492,0.554299682210753,1.2455527693205561
0.3366336633663367,0.8701344893740605,0.5559663703151216,1.2443367551010633
0.33713371337133724,0.8705591224504701,0.5576255581579826,1.2431262130659697
0.33763376337633755,0.8709823152405185,0.5592772794912555,1.2419211185899042
0.3381338133813381,0.8714040699558647,0.5609215679149724,1.240721447158311
0.3386338633863386,0.8718243888184789,0.5625584568779618,1.2395271743669531
0.33913391339133914,0.8722432740605356,0.5641879796785314,1.2383382759214154
0.33963396339633967,0.8726607279243062,0.5658101694651403,1.2371547276366088
0.3401340134013402,0.8730767526620536,0.5674250592370778,1.2359765054362808
0.3406340634063407,0.8734913505359263,0.5690326818451328,1.2348035853525237
0.34113411341134103,0.8739045238178532,0.5706330699922622,1.2336359435252886
0.34163416341634156,0.8743162747894399,0.5722262562342564,1.232473556201897
0.3421342134213421,0.8747266057418636,0.5738122729804018,1.231316399736562
0.3426342634263426,0.8751355189757705,0.5753911524941393,1.2301644505899048
0.34313431343134315,0.8755430168011726,0.5769629268937223,1.229017685328475
0.3436343634363437,0.8759491015373455,0.5785276281528677,1.2278760806242763
0.3441344134413442,0.8763537755127258,0.580085288101408,1.2267396132542898
0.34463446344634474,0.8767570410648106,0.5816359384259377,1.2256082601000031
0.34513451345134505,0.8771589005400559,0.5831796106704593,1.2244819981469397
0.3456345634563456,0.877559356293777,0.5847163362370236,1.2233608044841886
0.3461346134613461,0.877958410690048,0.5862461463863688,1.2222446563039424
0.34663466346634664,0.8783560661016033,0.5877690722385585,1.2211335309010298
0.34713471347134717,0.8787523249097379,0.5892851447736107,1.220027405672456
0.3476347634763477,0.8791471895042091,0.5907943948321315,1.2189262581169409
0.3481348134813482,0.8795406622831399,0.5922968531159405,1.2178300658344627
0.34863486348634853,0.8799327456529203,0.5937925501886967,1.2167388065258031
0.34913491349134906,0.8803234420281113,0.5952815164765191,1.2156524579920902
0.3496349634963496,0.8807127538313484,0.5967637822686066,1.2145709981343509
0.3501350135013501,0.8811006834932458,0.5982393777178527,1.2134944049530592
0.35063506350635065,0.8814872334523014,0.5997083328414623,1.2124226565476892
0.3511351135113512,0.8818724061548016,0.6011706775215573,1.2113557311162697
0.3516351635163517,0.8822562040547267,0.6026264415057883,1.2102936069549401
0.35213521352135224,0.8826386296136585,0.6040756544079381,1.2092362624575097
0.35263526352635255,0.8830196853006852,0.6055183457085249,1.2081836761150182
0.3531353135313531,0.8833993735923098,0.6069545447554016,1.2071358265152963
0.3536353635363536,0.8837776969723572,0.6083842807643518,1.2060926923425326
0.35413541354135414,0.8841546579318829,0.609807582819688,1.205054252376839
0.35463546354635467,0.884530258969081,0.6112244798748375,1.2040204854938192
0.3551355135513552,0.8849045025891935,0.6126350007529355,1.2029913706641382
0.3556355635563557,0.8852773913044201,0.61403917414741,1.2019668869530953
0.35613561356135603,0.8856489276338283,0.6154370286225659,1.2009470135201985
0.35663566356635656,0.8860191141032634,0.6168285926141659,1.1999317296187388
0.3571357135713571,0.8863879532452605,0.6182138944300088,1.1989210145953706
0.3576357635763576,0.886755447598955,0.6195929622505052,1.1979148478896902
0.35813581358135815,0.8871215997099953,0.6209658241292526,1.1969132090338175
0.3586358635863587,0.8874864121304551,0.6223325079936025,1.19591607765198
0.3591359135913592,0.8878498874187459,0.6236930416452318,1.1949234334600984
0.35963596359635974,0.8882120281395308,0.6250474527607064,1.1939352562653733
0.36013601360136005,0.8885728368636385,0.6263957688920456,1.192951525965876
0.3606360636063606,0.8889323161679772,0.6277380174672814,1.1919722225501364
0.3611361136113611,0.8892904686354495,0.6290742257910165,1.1909973260967397
0.36163616361636164,0.889647296854868,0.630404421044982,1.190026816773919
0.36213621362136217,0.8900028034208705,0.6317286302885865,1.1890606748391523
0.3626362636263627,0.8903569909338366,0.6330468804594697,1.1880988806387611
0.36313631363136323,0.890709861999804,0.6343591983740484,1.18714141460751
0.36363636363636354,0.8910614192303856,0.635665610728064,1.1861882572682099
0.36413641364136407,0.8914116652426874,0.6369661440971235,1.185239389231319
0.3646364636463646,0.8917606026592264,0.6382608249372415,1.1842947911945527
0.3651365136513651,0.8921082341078481,0.6395496795853768,1.1833544439424875
0.36563656365636565,0.8924545622216472,0.6408327342599719,1.182418328346171
0.3661366136613662,0.8927995896388852,0.6421100150614811,1.1814864253627337
0.3666366636663667,0.8931433190029111,0.6433815479729053,1.1805587160350004
0.36713671367136724,0.8934857529620813,0.6446473588603188,1.179635181491105
0.36763676367636755,0.8938268941696808,0.6459074734733965,1.1787158029441076
0.3681368136813681,0.8941667452838431,0.6471619174459368,1.1778005616916094
0.3686368636863686,0.8945053089674733,0.648410716296383,1.1768894391153761
0.36913691369136914,0.8948425878881691,0.6496538954283448,1.1759824166809565
0.36963696369636967,0.8951785847181434,0.6508914801311113,1.1750794759373069
0.3701370137013702,0.895513302134147,0.6521234955801676,1.174180598516414
0.37063706370637073,0.8958467428173927,0.6533499668377072,1.1732857661329235
0.37113711371137104,0.8961789094534779,0.6545709188531408,1.1723949605837667
0.37163716371637157,0.8965098047323096,0.6557863764636043,1.1715081637477898
0.3721372137213721,0.8968394313480283,0.6569963643944641,1.1706253575853869
0.3726372637263726,0.8971677919989339,0.6582009072598198,1.1697465241381313
0.37313731373137315,0.8974948893874106,0.6594000295630063,1.168871645528412
0.3736373637363737,0.8978207262198525,0.6605937556970891,1.1680007039590685
0.3741374137413742,0.8981453052065903,0.6617821099453642,1.1671336817130287
0.37463746374637474,0.8984686290618179,0.6629651164818493,1.1662705611529502
0.37513751375137505,0.8987907005035197,0.6641427993717772,1.1654113247208597
0.3756375637563756,0.8991115222533979,0.6653151825720842,1.1645559549377964
0.3761376137613761,0.8994310970368001,0.6664822899318983,1.163704434403457
0.37663766376637664,0.8997494275826491,0.6676441451930248,1.162856745795841
0.37713771377137717,0.9000665166233699,0.6688007719904274,1.1620128718708986
0.3776377637763777,0.90038236689482,0.6699521938527109,1.1611727954621802
0.37813781378137823,0.9006969811362185,0.6710984342025985,1.1603364994804866
0.37863786378637854,0.9010103620900769,0.6722395163574092,1.1595039669135225
0.37913791379137907,0.9013225125021285,0.6733754635295313,1.158675180825548
0.3796379637963796,0.9016334351212599,0.6745062988268957,1.157850124357037
0.3801380138013801,0.901943132699442,0.6756320452534444,1.1570287807243327
0.38063806380638066,0.902251607991662,0.6767527257096009,1.1562111332193064
0.3811381138113812,0.902558863755855,0.6778683629927332,1.1553971652090174
0.3816381638163817,0.9028649027528366,0.6789789797976193,1.1545868601353748
0.38213821382138224,0.9031697277462357,0.6800845987169084,1.1537802015148018
0.38263826382638255,0.9034733415024281,0.6811852422415805,1.152977172937898
0.3831383138313831,0.9037757467904695,0.6822809327614041,1.152177758069107
0.3836383638363836,0.90407694638203,0.6833716925653911,1.151381940646385
0.38413841384138414,0.9043769430513288,0.684457543842252,1.1505897044808684
0.38463846384638467,0.9046757395750682,0.6855385086808442,1.149801033456545
0.3851385138513852,0.9049733387323694,0.686614609070624,1.1490159115299263
0.38563856385638573,0.905269743304708,0.6876858669020927,1.1482343227297216
0.38613861386138604,0.90556495607585,0.6887523039672419,1.1474562511565123
0.38663866386638657,0.9058589798317878,0.6898139419599978,1.1466816809824278
0.3871387138713871,0.9061518173606776,0.6908708024766614,1.145910596450826
0.3876387638763876,0.906443471452776,0.6919229070163474,1.1451429818759704
0.38813881388138816,0.9067339449003781,0.6929702769814243,1.144378821642712
0.3886388638863887,0.9070232404977544,0.6940129336779461,1.1436181002061716
0.3891389138913892,0.9073113610410902,0.6950508983160882,1.1428608020914235
0.38963896389638975,0.9075983093284237,0.6960841920105776,1.1421069118931806
0.39013901390139005,0.9078840881595847,0.6971128357811236,1.1413564142754815
0.3906390639063906,0.9081687003361347,0.6981368505528442,1.1406092939713772
0.3911391139113911,0.9084521486613064,0.6991562571566919,1.1398655357826222
0.39163916391639164,0.9087344359399439,0.7001710763298797,1.139125124579365
0.39213921392139217,0.9090155649784426,0.7011813287162991,1.138388045299839
0.3926392639263927,0.9092955385846911,0.7021870348669429,1.1376542829500575
0.39313931393139323,0.909574359568012,0.703188215240322,1.1369238226035083
0.39363936393639354,0.9098520307391031,0.7041848902028827,1.1361966494008504
0.39413941394139407,0.91012855490998,0.7051770800294195,1.13547274854961
0.3946394639463946,0.9104039348939181,0.7061648049034887,1.1347521053238816
0.3951395139513951,0.9106781735053955,0.707148084917818,1.1340347050640285
0.39563956395639566,0.9109512735600361,0.7081269400747174,1.1333205331763827
0.3961396139613962,0.9112232378745527,0.709101390286483,1.1326095751329497
0.3966396639663967,0.911494069266691,0.7100714553758041,1.1319018164711125
0.39713971397139725,0.9117637705551735,0.7110371550761658,1.1311972427933368
0.39763976397639755,0.9120323445596449,0.7119985090322509,1.1304958397668794
0.3981398139813981,0.9122997941006155,0.7129555368003387,1.129797593123495
0.3986398639863986,0.9125661219994073,0.7139082578487034,1.129102488659147
0.39913991399139914,0.9128313310781,0.714856691558011,1.128410512233719
0.39963996399639967,0.9130954241594754,0.7158008572217113,1.127721649770726
0.4001400140014002,0.9133584040669651,0.716740774046432,1.1270358872570287
0.40064006400640073,0.9136202736245964,0.7176764611523696,1.1263532107425482
0.40114011401140104,0.9138810356569391,0.7186079375736774,1.125673606339983
0.40164016401640157,0.9141406929890533,0.7195352222588528,1.1249970602245245
0.4021402140214021,0.9143992484464367,0.7204583340711239,1.1243235586335782
0.40264026402640263,0.9146567048549723,0.7213772917888314,1.1236530878664825
0.40314031403140316,0.9149130650408774,0.722292114105813,1.1229856342842297
0.4036403640364037,0.9151683318306516,0.7232028196317809,1.1223211843091891
0.4041404140414042,0.915422508051026,0.7241094268927026,1.1216597244248314
0.40464046404640475,0.9156755965289124,0.7250119543311764,1.121001241175452
0.40514051405140505,0.9159276000913531,0.7259104203068075,1.120345721165899
0.4056405640564056,0.9161785215654711,0.7268048430965808,1.1196931510612993
0.4061406140614061,0.9164283637784194,0.7276952408952324,1.119043517586789
0.40664066406640664,0.9166771295573332,0.728581631815622,1.1183968075272417
0.4071407140714072,0.9169248217292794,0.7294640338890979,1.1177530077270006
0.4076407640764077,0.9171714431212086,0.7303424650658664,1.1171121050896105
0.40814081408140823,0.9174169965599068,0.7312169432153559,1.116474086577552
0.40864086408640854,0.917661484871947,0.7320874861265805,1.1158389392119754
0.40914091409140907,0.9179049108836413,0.732954111508502,1.1152066500724371
0.4096409640964096,0.9181472774209944,0.7338168369903902,1.1145772062966368
0.41014101410141013,0.9183885873096554,0.7346756801221812,1.1139505950801563
0.41064106410641066,0.9186288433748718,0.7355306583748354,1.113326803676198
0.4111411141114112,0.9188680484414427,0.7363817891406916,1.112705819395326
0.4116411641164117,0.9191062053336722,0.7372290897338211,1.1120876296052091
0.41214121412141225,0.9193433168753247,0.7380725773903805,1.1114722217303616
0.41264126412641255,0.9195793858895787,0.7389122692689617,1.1108595832518902
0.4131413141314131,0.9198144151989812,0.7397481824509418,1.1102497017072357
0.4136413641364136,0.9200484076254037,0.7405803339408292,1.1096425646899237
0.41414141414141414,0.9202813659899973,0.7414087406666116,1.1090381598493093
0.4146414641464147,0.9205132931131477,0.7422334194800977,1.1084364748903268
0.4151415141514152,0.9207441918144325,0.7430543871572624,1.1078374975732395
0.41564156415641573,0.9209740649125763,0.7438716603985861,1.1072412157133906
0.41614161416141604,0.9212029152254085,0.7446852558293963,1.106647617180956
0.41664166416641657,0.9214307455698194,0.7454951900002043,1.1060566899006965
0.4171417141714171,0.9216575587617178,0.7463014793870427,1.1054684218517123
0.41764176417641763,0.9218833576159884,0.7471041403918,1.1048828010672
0.41814181418141816,0.92210814494645,0.7479031893425555,1.1042998156342072
0.4186418641864187,0.9223319235658131,0.7486986424939095,1.1037194536933908
0.4191419141914192,0.9225546962856388,0.7494905160273154,1.1031417034387765
0.41964196419641975,0.9227764659162976,0.7502788260514084,1.1025665531175175
0.42014201420142006,0.9229972352669278,0.7510635886023334,1.1019939910296568
0.4206420642064206,0.9232170071453956,0.7518448196440707,1.1014240055278874
0.4211421142114211,0.9234357843582544,0.7526225350687611,1.1008565850173166
0.42164216421642164,0.9236535697107044,0.7533967506970302,1.1002917179552303
0.4221422142214222,0.9238703660065539,0.7541674822783081,1.0997293928508574
0.4226422642264227,0.9240861760481781,0.7549347454911511,1.0991695982651366
0.42314231423142323,0.9243010026364814,0.7556985559435608,1.0986123228104832
0.42364236423642354,0.9245148485708575,0.7564589291733008,1.0980575551505583
0.42414241424142407,0.9247277166491515,0.7572158806482139,1.0975052840000368
0.4246424642464246,0.9249396096676211,0.7579694257665351,1.0969554981243792
0.42514251425142513,0.9251505304208983,0.7587195798572064,1.096408186339603
0.42564256425642566,0.9253604817019523,0.7594663581801886,1.0958633375120537
0.4261426142614262,0.9255694663020513,0.7602097759267703,1.0953209405581803
0.4266426642664267,0.9257774870107256,0.760949848219878,1.0947809844443082
0.42714271427142725,0.9259845466157307,0.7616865901143834,1.094243458186416
0.42764276427642756,0.9261906479030105,0.7624200165974103,1.093708350849911
0.4281428142814281,0.9263957936566607,0.7631501425886387,1.0931756515494073
0.4286428642864286,0.9265999866588929,0.7638769829406078,1.0926453494485047
0.42914291429142915,0.926803229689999,0.7646005524390206,1.0921174337595674
0.4296429642964297,0.9270055255283149,0.7653208658030416,1.0915918937435054
0.4301430143014302,0.9272068769501858,0.7660379376855978,1.0910687187095556
0.43064306430643073,0.9274072867299309,0.766751782673677,1.090547898015064
0.43114311431143104,0.9276067576398087,0.7674624152886238,1.0900294210652703
0.43164316431643157,0.9278052924499822,0.7681698499864354,1.0895132773130909
0.4321432143214321,0.9280028939284853,0.7688741011580558,1.0889994562589056
0.43264326432643263,0.928199564841188,0.7695751831296672,1.0884879474503437
0.43314331433143316,0.9283953079517633,0.7702731101629845,1.0879787404820704
0.4336433643364337,0.9285901260216536,0.7709678964555421,1.087471824995577
0.4341434143414342,0.928784021810037,0.7716595561409844,1.0869671906789684
0.43464346434643475,0.9289769980737955,0.7723481032893529,1.0864648272667543
0.43514351435143506,0.9291690575674808,0.7730335519073728,1.08596472453964
0.4356435643564356,0.9293602030432834,0.7737159159387375,1.0854668723243186
0.4361436143614361,0.929550437250999,0.7743952092643918,1.0849712604932642
0.43664366436643665,0.9297397629379981,0.7750714457028164,1.0844778789645257
0.4371437143714372,0.929928182849193,0.775744639010306,1.083986717701522
0.4376437643764377,0.930115699727007,0.7764148028812513,1.0834977667128376
0.43814381438143823,0.9303023163113436,0.7770819509484167,1.0830110160520185
0.43864386438643854,0.9304880353395548,0.7777460967832178,1.0825264558173726
0.43914391439143907,0.930672859546411,0.7784072538959976,1.082044076151764
0.4396439643964396,0.9308567916640703,0.7790654357363009,1.0815638672424166
0.44014401440144013,0.9310398344220487,0.7797206556931485,1.0810858193207125
0.44064406440644066,0.9312219905471901,0.7803729270953097,1.080609922661993
0.4411441144114412,0.9314032627636362,0.7810222632115722,1.0801361675853618
0.4416441644164417,0.9315836537927975,0.7816686772510132,1.0796645444534874
0.44214421442144225,0.9317631663533241,0.7823121823632678,1.0791950436724072
0.44264426442644256,0.9319418031610769,0.7829527916387964,1.078727655691333
0.4431443144314431,0.9321195669290985,0.7835905181091509,1.0782623710024546
0.4436443644364436,0.9322964603675846,0.7842253747472401,1.0777991801407496
0.44414441444144415,0.9324724861838569,0.7848573744675934,1.077338073683788
0.4446444644464447,0.932647647082334,0.7854865301266236,1.0768790422515424
0.4451445144514452,0.9328219457645038,0.7861128545228883,1.0764220765061958
0.44564456445644574,0.9329953849288966,0.7867363603973501,1.0759671671519528
0.44614461446144604,0.933167967271057,0.7873570604336363,1.07551430493485
0.4466446644664466,0.9333396954835179,0.7879749672582965,1.0750634806425667
0.4471447144714471,0.9335105722557727,0.7885900934410597,1.0746146851042404
0.44764476447644763,0.9336806002742492,0.7892024514950894,1.074167909190277
0.44814481448144816,0.9338497822222832,0.7898120538772395,1.0737231438121666
0.4486448644864487,0.9340181207800925,0.7904189129883064,1.0732803799222992
0.4491449144914492,0.9341856186247507,0.791023041173281,1.0728396085137792
0.44964496449644975,0.9343522784301618,0.7916244507216018,1.0724008206202438
0.45014501450145006,0.9345181028670346,0.7922231538674025,1.0719640073156786
0.4506450645064506,0.9346830946028579,0.7928191627897626,1.071529159714238
0.4511451145114511,0.9348472563018746,0.7934124896129541,1.071096268970063
0.45164516451645165,0.9350105906250582,0.7940031464066893,1.0706653262771022
0.4521452145214522,0.935173100230087,0.794591145186365,1.0702363228689324
0.4526452645264527,0.9353347877713208,0.7951764979133076,1.06980925001858
0.45314531453145324,0.935495655899776,0.7957592164950165,1.0693840990383436
0.45364536453645354,0.9356557072631022,0.7963393127854058,1.0689608612796178
0.4541454145414541,0.9358149445055586,0.7969167985850464,1.0685395281327155
0.4546454645464546,0.9359733702679899,0.7974916856414052,1.0681200910266953
0.45514551455145513,0.9361309871878039,0.7980639856490837,1.0677025414291854
0.45564556455645566,0.9362877978989479,0.798633710250058,1.0672868708462109
0.4561456145614562,0.9364438050318863,0.7992008710339129,1.0668730708220202
0.4566456645664567,0.9365990112135772,0.7997654795380793,1.0664611329389133
0.45714571457145725,0.9367534190674515,0.8003275472480684,1.0660510488170714
0.45764576457645756,0.9369070312133889,0.8008870855977058,1.0656428101143849
0.4581458145814581,0.9370598502676973,0.8014441059693636,1.0652364085262847
0.4586458645864586,0.9372118788430907,0.8019986196941915,1.0648318357855735
0.45914591459145915,0.9373631195486672,0.8025506380523492,1.064429083662257
0.4596459645964597,0.9375135749898884,0.8031001722732334,1.0640281439633765
0.4601460146014602,0.9376632477685575,0.803647233535708,1.0636290085328428
0.46064606460646074,0.9378121404827986,0.8041918329683304,1.0632316692512693
0.46114611461146104,0.9379602557270366,0.8047339816495791,1.0628361180358084
0.4616461646164616,0.9381075960919757,0.8052736906080777,1.0624423468399848
0.4621462146214621,0.9382541641645797,0.8058109708228203,1.0620503476535343
0.46264626462646263,0.9383999625280517,0.8063458332233939,1.0616601125022394
0.46314631463146316,0.938544993761814,0.8068782886902024,1.0612716334477668
0.4636463646364637,0.9386892604414888,0.8074083480546855,1.0608849025875071
0.4641464146414642,0.9388327651388781,0.8079360220995412,1.0604999120544134
0.46464646464646475,0.9389755104219448,0.808461321558944,1.060116654016841
0.46514651465146506,0.9391174988547935,0.8089842571187634,1.0597351206783885
0.4656465646564656,0.939258732997651,0.8095048394167818,1.059355304277739
0.4661466146614661,0.9393992154068486,0.81002307904291,1.0589771970885025
0.46664666466646665,0.9395389486348025,0.8105389865394039,1.0586007914190583
0.4671467146714672,0.9396779352299962,0.8110525724010776,1.0582260796123988
0.4676467646764677,0.9398161777369617,0.8115638470755179,1.0578530540459739
0.46814681468146824,0.9399536786962619,0.8120728209632957,1.0574817071315354
0.46864686468646855,0.9400904406444726,0.8125795044181793,1.0571120313149833
0.4691469146914691,0.940226466114165,0.8130839077473434,1.0567440190762116
0.4696469646964696,0.9403617576338886,0.8135860412115793,1.0563776629289554
0.47014701470147013,0.9404963177281528,0.8140859150255039,1.056012955420639
0.47064706470647066,0.9406301489174114,0.8145835393577678,1.0556498891322241
0.4711471147114712,0.9407632537180446,0.8150789243312611,1.0552884566780583
0.4716471647164717,0.9408956346423426,0.8155720800233197,1.0549286507057258
0.47214721472147225,0.9410272941984894,0.816063016465931,1.0545704638958975
0.47264726472647256,0.9411582348905461,0.8165517436459373,1.0542138889621817
0.4731473147314731,0.9412884592184346,0.8170382715052391,1.0538589186509761
0.4736473647364736,0.9414179696779226,0.8175226099409971,1.0535055457413207
0.47414741474147415,0.9415467687606065,0.8180047688058344,1.0531537630447503
0.4746474647464747,0.9416748589538967,0.8184847579080358,1.0528035634051485
0.4751475147514752,0.9418022427410015,0.8189625870117481,1.052454939698602
0.47564756475647574,0.9419289226009129,0.8194382658371782,1.0521078848332566
0.47614761476147605,0.9420549010083901,0.8199118040607913,1.051762391749171
0.4766476647664766,0.9421801804339456,0.8203832113155078,1.0514184534181752
0.4771477147714771,0.9423047633438303,0.8208524971908987,1.051076062843726
0.47764776477647763,0.9424286522000185,0.8213196712333806,1.050735213060766
0.47814781478147816,0.9425518494601942,0.8217847429464111,1.0503958971355805
0.4786478647864787,0.942674357577736,0.8222477217906811,1.0500581081656581
0.4791479147914792,0.942796179001704,0.8227086171843068,1.0497218392795489
0.47964796479647975,0.9429173161768248,0.8231674385030227,1.049387083636725
0.48014801480148006,0.9430377715434792,0.8236241950803711,1.0490538344274418
0.4806480648064806,0.9431575475376873,0.8240788962078928,1.048722084872599
0.4811481148114811,0.9432766465910957,0.8245315511353151,1.0483918282236038
0.48164816481648165,0.9433950711309644,0.8249821690707417,1.0480630577622312
0.4821482148214822,0.9435128235801536,0.825430759180838,1.0477357668004903
0.4826482648264827,0.9436299063571107,0.8258773305910186,1.0474099486804862
0.48314831483148324,0.9437463218758577,0.8263218923856334,1.047085596774285
0.48364836483648355,0.9438620725459784,0.8267644536081511,1.0467627044837797
0.4841484148414841,0.9439771607726066,0.8272050232613445,1.0464412652405548
0.4846484648464846,0.9440915889564129,0.8276436103074725,1.0461212725057538
0.48514851485148514,0.9442053594935935,0.8280802236684631,1.0458027197699458
0.48564856485648566,0.9443184747758577,0.8285148722260955,1.0454856005529922
0.4861486148614862,0.9444309371904165,0.8289475648221789,1.0451699084039168
0.4866486648664867,0.9445427491199706,0.829378310258734,1.0448556369007724
0.48714871487148725,0.9446539129426992,0.8298071172981715,1.044542779650512
0.48764876487648756,0.9447644310322486,0.8302339946634704,1.0442313302888573
0.4881488148814881,0.9448743057577214,0.8306589510383554,1.0439212824801702
0.4886488648864886,0.9449835394836643,0.8310819950674734,1.0436126299173236
0.48914891489148915,0.9450921345700593,0.8315031353565701,1.0433053663215732
0.4896489648964897,0.9452000933723108,0.8319223804726638,1.0429994854424294
0.4901490149014902,0.9453074182412367,0.8323397389442209,1.0426949810575303
0.49064906490649074,0.945414111523057,0.8327552192613283,1.042391846972516
0.49114911491149105,0.9455201755593841,0.8331688298758675,1.042090077020901
0.4916491649164916,0.9456256126872125,0.8335805792016847,1.04178966506395
0.4921492149214921,0.9457304252389087,0.8339904756147637,1.0414906049905523
0.49264926492649264,0.9458346155422018,0.8343985274533952,1.0411928907170986
0.49314931493149317,0.9459381859201736,0.834804743018347,1.0408965161873556
0.4936493649364937,0.946041138691249,0.8352091305730323,1.0406014753723436
0.4941494149414942,0.9461434761691864,0.8356116983436785,1.0403077622702148
0.49464946494649475,0.9462452006630693,0.836012454519494,1.0400153709061293
0.49514951495149506,0.9463463144772964,0.8364114072528348,1.0397242953321355
0.4956495649564956,0.9464468199115731,0.8368085646593706,1.0394345296270473
0.4961496149614961,0.9465467192609023,0.8372039348182497,1.0391460678963251
0.49664966496649665,0.9466460148155763,0.8375975257722639,1.0388589042719552
0.4971497149714972,0.9467447088611678,0.837989345528011,1.03857303291233
0.4976497649764977,0.9468428036785217,0.8383794020560585,1.0382884480021308
0.49814981498149824,0.9469403015437466,0.838767703291106,1.0380051437522075
0.49864986498649855,0.9470372047282076,0.8391542571321454,1.037723114399462
0.4991499149914991,0.9471335154985168,0.8395390714426231,1.037442354206731
0.4996499649964996,0.9472292361165269,0.8399221540505987,1.0371628574626686
0.5001500150015001,0.9473243688393226,0.8403035127489048,1.0368846184816305
0.5006500650065007,0.9474189159192136,0.8406831552953059,1.0366076316035588
0.5011501150115012,0.9475128796037267,0.8410610894126554,1.0363318911938662
0.5016501650165017,0.9476062621355987,0.8414373227890533,1.0360573916433213
0.5021502150215023,0.9476990657527695,0.8418118630780022,1.0357841273679353
0.5026502650265026,0.9477912926883745,0.8421847178985631,1.0355120928088477
0.5031503150315031,0.947882945170738,0.842555894835511,1.035241282432213
0.5036503650365036,0.9479740254233666,0.8429254014394878,1.0349716907290896
0.5041504150415042,0.9480645356649422,0.8432932452271579,1.0347033122153253
0.5046504650465047,0.9481544781093157,0.8436594336813589,1.0344361414314485
0.5051505150515052,0.9482438549655006,0.8440239742512554,1.0341701729425545
0.5056505650565057,0.9483326684376664,0.84438687435249,1.0339054013381972
0.506150615061506,0.9484209207251331,0.8447481413673342,1.033641821232278
0.5066506650665066,0.9485086140223644,0.8451077826448384,1.033379427262935
0.5071507150715071,0.9485957505189625,0.8454658055009816,1.033118214092437
0.5076507650765076,0.948682332399662,0.8458222172188199,1.0328581764070721
0.5081508150815082,0.9487683618443244,0.8461770250486358,1.0325993089170404
0.5086508650865087,0.9488538410279321,0.8465302362080837,1.0323416063563473
0.5091509150915092,0.9489387721205839,0.8468818578823387,1.0320850634826957
0.5096509650965098,0.9490231572874885,0.8472318972242414,1.0318296750773785
0.5101510151015101,0.9491069986889609,0.847580361354444,1.0315754359451745
0.5106510651065106,0.9491902984804155,0.8479272573615554,1.0313223409142405
0.5111511151115111,0.949273058812363,0.8482725923022844,1.0310703848360074
0.5116511651165117,0.9493552818304044,0.8486163732015846,1.0308195625850756
0.5121512151215122,0.9494369696752266,0.8489586070527962,1.0305698690591096
0.5126512651265127,0.9495181244825981,0.8492993008177889,1.0303212991787356
0.5131513151315132,0.9495987483833641,0.8496384614271031,1.0300738478874372
0.5136513651365135,0.9496788435034427,0.8499760957800911,1.0298275101514525
0.5141514151415141,0.9497584119638199,0.8503122107450577,1.0295822809596724
0.5146514651465146,0.9498374558805465,0.8506468131593993,1.0293381553235386
0.5151515151515151,0.9499159773647332,0.8509799098297433,1.0290951282769407
0.5156515651565157,0.9499939785225473,0.8513115075320872,1.0288531948761177
0.5161516151615162,0.9500714614552085,0.8516416130119352,1.028612350199555
0.5166516651665167,0.9501484282589856,0.8519702329844363,1.0283725893478854
0.5171517151715173,0.9502248810251926,0.8522973741345207,1.02813390744379
0.5176517651765176,0.9503008218401856,0.8526230431170356,1.0278962996318979
0.5181518151815181,0.9503762527853593,0.852947246556881,1.0276597610786873
0.5186518651865186,0.9504511759371436,0.8532699910491439,1.0274242869723886
0.5191519151915192,0.9505255933670009,0.853591283159233,1.0271898725228852
0.5196519651965197,0.9505995071414228,0.853911129423012,1.0269565129616167
0.5201520152015202,0.9506729193219271,0.8542295363469321,1.0267242035414816
0.5206520652065207,0.9507458319650551,0.8545465104081655,1.0264929395367408
0.521152115211521,0.9508182471223693,0.8548620580547361,1.0262627162429214
0.5216521652165216,0.9508901668404502,0.8551761857056512,1.0260335289767213
0.5221522152215221,0.950961593160894,0.8554888997510317,1.0258053730759136
0.5226522652265226,0.9510325281203106,0.8558002065522424,1.0255782438992518
0.5231523152315232,0.9511029737503206,0.8561101124420217,1.0253521368263756
0.5236523652365237,0.951172932077554,0.8564186237246096,1.025127047257717
0.5241524152415242,0.9512424051236474,0.8567257466758766,1.024902970614406
0.5246524652465248,0.9513113949052422,0.8570314875434513,1.0246799023381783
0.5251525152515251,0.951379903433983,0.8573358525468467,1.024457837891282
0.5256525652565256,0.9514479327165156,0.8576388478775883,1.0242367727563864
0.5261526152615261,0.9515154847544853,0.8579404796993383,1.0240167024364877
0.5266526652665267,0.9515825615445354,0.8582407541480224,1.0237976224548202
0.5271527152715272,0.9516491650783057,0.8585396773319539,1.023579528354764
0.5276527652765277,0.951715297342431,0.8588372553319579,1.0233624156997538
0.5281528152815282,0.9517809603185401,0.8591334942014951,1.0231462800731903
0.5286528652865286,0.9518461559832544,0.8594283999667854,1.0229311170783484
0.5291529152915291,0.9519108863081867,0.8597219786269299,1.022716922338289
0.5296529652965296,0.9519751532599404,0.8600142361540332,1.0225036914957697
0.5301530153015301,0.9520389588001086,0.8603051784933244,1.0222914202131563
0.5306530653065307,0.952102304885273,0.8605948115632795,1.022080104172334
0.5311531153115312,0.9521651934670036,0.86088314125574,1.0218697390746203
0.5316531653165317,0.9522276264918575,0.8611701734360334,1.021660320640677
0.5321532153215323,0.9522896059013792,0.8614559139430931,1.0214518446104233
0.5326532653265326,0.9523511336320992,0.8617403685895766,1.0212443067429495
0.5331533153315331,0.9524122116155344,0.8620235431619838,1.02103770281643
0.5336533653365336,0.9524728417781871,0.8621964152211576,1.020832028628038
0.5341534153415342,0.9525330260415458,0.8623501533433588,1.0206272799938598
0.5346534653465347,0.9525927663220841,0.8625035131189122,1.0204234527488103
0.5351535153515352,0.9526520645312613,0.8626564954789219,1.0202205427465465
0.5356535653565357,0.9527109225755224,0.8628091013522005,1.0200185458593856
0.536153615361536,0.952769342356298,0.8629613316652747,1.0198174579782189
0.5366536653665366,0.9528273257700048,0.8631131873423914,1.0196172750124295
0.5371537153715371,0.9528848747080462,0.8632646693055225,1.0194179928898084
0.5376537653765376,0.9529419910568117,0.8634157784743711,1.0192196075564726
0.5381538153815382,0.9529986766976789,0.8635665157663771,1.019022114976781
0.5386538653865387,0.9530549335070128,0.8637168820967225,1.018825511133254
0.5391539153915392,0.9531107633561671,0.863866878378337,1.018629792026491
0.5396539653965398,0.953166168111485,0.8640165055219035,1.018434953675089
0.5401540154015401,0.9532211496342997,0.8641657644358639,1.0182409921155613
0.5406540654065406,0.9532757097809357,0.8643146560264244,1.018047903402258
0.5411541154115411,0.9533298504027093,0.8644631811975609,1.0178556836072845
0.5416541654165417,0.9533835733459304,0.8646113408510251,1.0176643288204221
0.5421542154215422,0.9534368804519028,0.8647591358863489,1.0174738351490489
0.5426542654265427,0.9534897735569264,0.8649065672008507,1.0172841987180599
0.5431543154315432,0.9535422544922977,0.8650536356896408,1.0170954156697884
0.5436543654365438,0.9535943250843116,0.8652003422456264,1.0169801676303392
0.5441544154415441,0.9536459871542627,0.8653466877595173,1.0168776755488718
0.5446544654465446,0.9536972425184473,0.8654926731198316,1.0167754356985028
0.5451545154515451,0.9537480929881643,0.8656382992129003,1.0166734474584964
0.5456545654565457,0.9537985403697175,0.8657835669228735,1.016571710209644
0.5461546154615462,0.9538485864644171,0.8659284771317253,1.0164702233342613
0.5466546654665467,0.9538982330685817,0.8660730307192591,1.0163689862161835
0.5471547154715473,0.9539474819735402,0.8662172285631137,1.0162679982407627
0.5476547654765476,0.9539963349656337,0.8663610715387673,1.0161672587948636
0.5481548154815481,0.9540447938262177,0.8665045605195439,1.0160667672668595
0.5486548654865486,0.9540928603316641,0.8666476963766185,1.0159665230466293
0.5491549154915492,0.9541405362533638,0.8667904799790219,1.015866525525553
0.5496549654965497,0.9541878233577284,0.8669329121936462,1.0157667740965086
0.5501550155015502,0.9542347234061933,0.8670749938852501,1.0156672681538685
0.5506550655065507,0.9542812381552194,0.8672167259164644,1.0155680070934947
0.5511551155115513,0.9543273693562959,0.8673581091477965,1.015468990312737
0.5516551655165516,0.9543731187559433,0.8674991444376368,1.0153702172104278
0.5521552155215521,0.9544184880957154,0.8676398326422624,1.0152716871868785
0.5526552655265526,0.9544634791122023,0.8677801746158437,1.0151733996438772
0.5531553155315532,0.9545080935370334,0.8679201712104488,1.015075353984684
0.5536553655365537,0.9545523330968797,0.8680598232760491,1.0149775496140268
0.5541554155415542,0.9545961995134574,0.8681991316605239,1.0148799859380995
0.5546554655465548,0.9546396945035304,0.868338097209666,1.0147826623645566
0.5551555155515551,0.9546828197789132,0.8684767207671868,1.0146855783025108
0.5556555655565556,0.9547255770464749,0.8686150031747213,1.0145887331625287
0.5561556155615561,0.9547679680081412,0.8687529452718331,1.0144921263566276
0.5566556655665567,0.9548099943608989,0.8688905478960199,1.0143957572982716
0.5571557155715572,0.9548516577967979,0.8690278118827185,1.0142996254023686
0.5576557655765577,0.9548929600029556,0.8691647380653089,1.0142037300852662
0.5581558155815582,0.9549339026615601,0.8693013272751212,1.0141080707647485
0.5586558655865588,0.9549744874498731,0.8694375803414388,1.0140126468600321
0.5591559155915591,0.9550147160402345,0.8695734980915046,1.0139174577917631
0.5596559655965596,0.9550545901000651,0.8697090813505259,1.0138225029820136
0.5601560156015601,0.9550941112918708,0.8698443309416786,1.0137277818542776
0.5606560656065607,0.9551332812732464,0.8699792476861131,1.0136332938334682
0.5611561156115612,0.9551721016968788,0.8701138324029591,1.0135390383459133
0.5616561656165617,0.9552105742105519,0.8702480859093303,1.0134450148193532
0.5621562156215623,0.9552487004571492,0.8703820090203296,1.0133512226829362
0.5626562656265626,0.955286482074659,0.8705156025490535,1.0132576613672153
0.5631563156315631,0.955323920696178,0.8706488673065981,1.013164330304145
0.5636563656365636,0.9553610179499152,0.870781804102063,1.0130712289270782
0.5641564156415642,0.9553977754591962,0.8709144137425567,1.0129783566707617
0.5646564656465647,0.9554341948424677,0.8710466970332017,1.0128857129713338
0.5651565156515652,0.9554702777133012,0.8711786547771387,1.0127932972663198
0.5656565656565657,0.955506025680398,0.8713102877755322,1.0127011089946303
0.5661566156615663,0.955541440347593,0.8714415968275748,1.0126091475965557
0.5666566656665666,0.9555765233138597,0.8715725827304925,1.0125174125137644
0.5671567156715671,0.9556112761733141,0.8717032462795493,1.0124259031892988
0.5676567656765676,0.9556457005152197,0.8718335882680518,1.0123346190675717
0.5681568156815682,0.9556797979239919,0.8719636094873547,1.0122435595943635
0.5686568656865687,0.9557135699792031,0.8720933107268651,1.0121527242168185
0.5691569156915692,0.9557470182555865,0.8722226927740471,1.0120621123834412
0.5696569656965698,0.9557801443230418,0.8723517564144272,1.0119717235440937
0.5701570157015701,0.9558129497466394,0.8724805024315985,1.011881557149992
0.5706570657065706,0.955845436086626,0.8726089316072259,1.0117916126537023
0.5711571157115711,0.9558776048984282,0.8727370447210503,1.0117018895091383
0.5716571657165717,0.9559094577326592,0.872864842550894,1.0116123871715574
0.5721572157215722,0.9559409961351224,0.8729923258726652,1.011523105097558
0.5726572657265727,0.9559722216468172,0.873119495460362,1.0114340427450754
0.5731573157315732,0.9560031358039439,0.8732463520860786,1.011345199573379
0.5736573657365738,0.9560337401379091,0.8733728965200082,1.011256575043069
0.5741574157415741,0.9560640361753304,0.873499129530449,1.0111681686160732
0.5746574657465746,0.9560940254380423,0.8736250518838085,1.0110799797556433
0.5751575157515751,0.9561237094431012,0.8737506643446078,1.010992007926352
0.5756575657565757,0.9561530897027909,0.873875967675487,1.0109042525940894
0.5761576157615762,0.9561821677246276,0.8740009626372088,1.010816713226061
0.5766576657665767,0.956210945011366,0.8741256499886642,1.0107293892907827
0.5771577157715773,0.9562394230610046,0.874250030486876,1.0106422802580781
0.5776577657765776,0.9562676033667907,0.8743741048870045,1.0105553855990765
0.5781578157815781,0.956295487417227,0.8744978739423513,1.010468704786208
0.5786578657865786,0.9563230766960763,0.8746213384043642,1.010382237293201
0.5791579157915792,0.9563503726823678,0.8747444990226417,1.0102959825950797
0.5796579657965797,0.9563773768504026,0.8748673565449377,1.0102099401681597
0.5801580158015802,0.9564040906697595,0.8749899117171657,1.0101241094900453
0.5806580658065807,0.9564305156053009,0.8751121652834034,1.010038490039627
0.5811581158115813,0.9564566531171788,0.8752341179858976,1.0099530812970776
0.5816581658165816,0.95648250466084,0.8753557705650685,1.0098678827438483
0.5821582158215821,0.9565080716870329,0.8754771237595138,1.0097828938626676
0.5826582658265826,0.9565333556418133,0.8755981783060137,1.0096981141375363
0.5831583158315832,0.9565583579665502,0.8757189349395353,1.0096135430537254
0.5836583658365837,0.9565830800979319,0.8758393943932371,1.0095291800977724
0.5841584158415842,0.9566075234679722,0.8759595573984728,1.0094450247574784
0.5846584658465848,0.9566316895040168,0.8760794246847965,1.0093610765219054
0.5851585158515851,0.9566555796287489,0.8761989969799671,1.0092773348813724
0.5856585658565856,0.9566791952601961,0.8763182750099523,1.0091937993274531
0.5861586158615861,0.9567025378117364,0.876437259498933,1.0091104693529718
0.5866586658665867,0.9567256086921043,0.8765559511693084,1.0090273444520017
0.5871587158715872,0.9567484093053975,0.8766743507416996,1.0089444241198604
0.5876587658765877,0.9567709410510832,0.8767924589349542,1.0088617078531081
0.5881588158815882,0.9567932053240042,0.8769102764661507,1.0087791951495435
0.5886588658865888,0.9568152035143863,0.8770278040506032,1.0086968855082015
0.5891589158915891,0.9568369370078434,0.8771450424018652,1.0086147784293498
0.5896589658965896,0.9568584071853855,0.8772619922317341,1.0085328734144858
0.5901590159015901,0.9568796154234241,0.8773786542502555,1.0084511699663339
0.5906590659065907,0.9569005630937797,0.8774950291657281,1.008369667588842
0.5911591159115912,0.9569212515636877,0.877611117684707,1.0082883657871793
0.5916591659165917,0.9569416821958058,0.8777269205120085,1.008207264067732
0.5921592159215923,0.9569618563482202,0.8778424383507146,1.0081263619381018
0.5926592659265926,0.9569817753744527,0.877957671902177,1.0080456589071018
0.5931593159315931,0.9570014406234674,0.8780726218660211,1.007965154484754
0.5936593659365936,0.957020853439677,0.8781872889401509,1.0078848481822864
0.5941594159415942,0.9570400151629508,0.8783016738207525,1.0078047395121292
0.5946594659465947,0.9570589271286205,0.878415777202299,1.0077248279879134
0.5951595159515952,0.9570775906674878,0.8785295997775545,1.0076451131244664
0.5956595659565957,0.9570960071058308,0.8786431422375779,1.0075655944378095
0.5961596159615963,0.9571141777654116,0.8787564052717274,1.0074862714451556
0.5966596659665966,0.9571321039634832,0.8788693895676651,1.0074071436649055
0.5971597159715971,0.9571497870127961,0.8789820958113604,1.0073282106166446
0.5976597659765976,0.9571672282216055,0.8790945246870947,1.0072494718211416
0.5981598159815982,0.9571844288936793,0.8792066768774653,1.007170926800344
0.5986598659865987,0.9572013903283039,0.8793185530633899,1.0070925750773756
0.5991599159915992,0.9572181138202923,0.8794301539241102,1.0070144161765342
0.5996599659965998,0.9572346006599912,0.8795414801371964,1.0069364496232884
0.6001600160016001,0.9572508521332879,0.8796525323785511,1.006858674944274
0.6006600660066006,0.9572668695216178,0.8797633113224137,1.0067810916672923
0.6011601160116011,0.9572826541019717,0.8798738176413641,1.0067036993213063
0.6016601660166017,0.9572982071469032,0.8799840520063273,1.0066264974364387
0.6021602160216022,0.9573135299245357,0.8800940150865769,1.0065494855439678
0.6026602660266027,0.9573286236985703,0.8802037075497395,1.0064726631763263
0.6031603160316032,0.9573434897282928,0.8803131300617988,1.0063960298670969
0.6036603660366038,0.9573581292685813,0.8804222832870994,1.0063195851510105
0.6041604160416041,0.9573725435699137,0.8805311678883507,1.0062433285639427
0.6046604660466046,0.9573867338783754,0.8806397845266318,1.0061672596429116
0.6051605160516051,0.957400701435666,0.8807481338613945,1.0060913779260747
0.6056605660566057,0.957414447479108,0.8808562165504678,1.0060156829527258
0.6061606160616062,0.9574279732416533,0.8809640332500616,1.0059401742632927
0.6066606660666067,0.9574412799518918,0.8810715846147711,1.0058648513993342
0.6071607160716073,0.9574543688340581,0.8811788712975805,1.0057897139035374
0.6076607660766076,0.9574672411080398,0.8812858939498671,1.0057147613197146
0.6081608160816081,0.957479897989385,0.8813926532214051,1.0056399931928008
0.6086608660866086,0.9574923406893098,0.8814991497603695,1.005565409068851
0.6091609160916092,0.957504570414706,0.8816053842133401,1.0054910084950375
0.6096609660966097,0.9575165883681495,0.881711357225306,1.0054167910196468
0.6101610161016102,0.957528395747907,0.8818170694396684,1.005342756192077
0.6106610661066108,0.957539993747945,0.8819225214982455,1.0052689035628353
0.6111611161116113,0.9575513835579365,0.8820277140412756,1.005195232683535
0.6116611661166116,0.9575625663632694,0.8821326477074217,1.0051217431068928
0.6121612161216121,0.9575735433450546,0.8822373231337751,1.0050484343867265
0.6126612661266126,0.9575843156801332,0.8823417409558589,1.0049753060779514
0.6131613161316132,0.9575948845410853,0.8824459018076327,1.0049023577365785
0.6136613661366137,0.9576052510962367,0.8825498063214953,1.0048295889197114
0.6141614161416142,0.9576154165096682,0.8826534551282897,1.0047569991855438
0.6146614661466148,0.9576253819412226,0.8827568488573062,1.0046845880933564
0.6151615161516151,0.9576351485465131,0.8828599881362864,1.0046123552035147
0.6156615661566156,0.9576447174769311,0.8829628735914271,1.004540300077466
0.6161616161616161,0.9576540898796548,0.8830655058473841,1.0044684222777367
0.6166616661666167,0.9576632668976562,0.8831678855272757,1.0043967213679303
0.6171617161716172,0.9576722496697103,0.8832700132526871,1.004325196912724
0.6176617661766177,0.9576810393304025,0.8833718896436733,1.0042538484778663
0.6181618161816183,0.9576896370101367,0.883473515318764,1.0041826756301744
0.6186618661866188,0.9576980438351438,0.8835748908949659,1.0041116779375314
0.6191619161916191,0.9577062609274897,0.8836760169877681,1.0040408549688842
0.6196619661966196,0.9577142894050834,0.8837768942111442,1.0039702062942404
0.6201620162016201,0.9577221303816851,0.8838775231775575,1.0038997314846654
0.6206620662066207,0.9577297849669144,0.8839779044979638,1.0038294301122808
0.6211621162116212,0.9577372542662592,0.884078038781815,1.0037593017502606
0.6216621662166217,0.9577445393810826,0.8841779266370637,1.0036893459728298
0.6221622162216223,0.9577516414086324,0.8842775686701659,1.003619562355261
0.6226622662266226,0.9577585614420489,0.8843769654860856,1.0035499504738716
0.6231623162316231,0.9577653005703727,0.8844761176882974,1.0034805099060227
0.6236623662366236,0.957771859878554,0.8845750258787911,1.003411240230114
0.6241624162416242,0.9577782404474602,0.8846736906580751,1.0033421410255845
0.6246624662466247,0.9577844433538842,0.8847721126251799,1.0032732118729069
0.6251625162516252,0.9577904696705535,0.8848702923776616,1.0032044523535868
0.6256625662566258,0.9577963204661374,0.8849682305116058,1.0031358620501596
0.6261626162616263,0.9578019968052565,0.8850659276216315,1.0030674405461883
0.6266626662666266,0.9578074997484902,0.8851633843008937,1.0029991874262605
0.6271627162716271,0.957812830352386,0.8852606011410883,1.0029311022759864
0.6276627662766276,0.957817989669467,0.8853575787324547,1.0028631846819955
0.6281628162816282,0.9578229787482411,0.8854543176637797,1.0027954342319352
0.6286628662866287,0.9578277986332088,0.8855508185224013,1.002727850514467
0.6291629162916292,0.9578324503648723,0.8856470818942119,1.0026604331192657
0.6296629662966298,0.9578369349797434,0.8857431083636622,1.0025931816370148
0.6301630163016301,0.9578412535103524,0.8858388985137644,1.002526095659406
0.6306630663066306,0.9578454069852567,0.8859344529260961,1.0024591747791352
0.6311631163116311,0.9578493964290485,0.8860297721808035,1.002392418589901
0.6316631663166317,0.9578532228623643,0.886124856856605,1.002325826686402
0.6321632163216322,0.9578568873018931,0.8862197075307952,1.0022593986643338
0.6326632663266327,0.9578603907603847,0.8863143247792473,1.0021931341203874
0.6331633163316333,0.9578637342466584,0.886408709176418,1.0021270326522462
0.6336633663366338,0.9578669187656118,0.8865028612953498,1.0020610938585837
0.6341634163416341,0.9578699453182292,0.8865967817076753,1.001995317339061
0.6346634663466346,0.9578728149015903,0.88669047098362,1.0019297026943246
0.6351635163516351,0.9578755285088785,0.886783929692006,1.0018642495260033
0.6356635663566357,0.9578780871293898,0.886877158400256,1.0017989574367072
0.6361636163616362,0.9578804917485416,0.8869701576743961,1.0017338260300235
0.6366636663666367,0.9578827433478808,0.8870629280790594,1.0016688549105153
0.6371637163716373,0.957884842905093,0.8871554701774891,1.0016040436837188
0.6376637663766376,0.9578867913940107,0.8872477845315427,1.0015393919561413
0.6381638163816381,0.9578885897846225,0.887339871701695,1.001474899335258
0.6386638663866386,0.9578902390430811,0.8874317322470413,1.0014105654295102
0.6391639163916392,0.9578917401317127,0.8875233667253009,1.001346389848303
0.6396639663966397,0.9578930940090252,0.8876147756928207,1.001282372202003
0.6401640164016402,0.9578943016297169,0.8877059597045784,1.0012185121019348
0.6406640664066408,0.9578953639446854,0.8877969193141861,1.0011548091603804
0.6411641164116413,0.9578962819010367,0.8878876550738932,1.0010912629905755
0.6416641664166416,0.957897056442093,0.88797816753459,1.0010278732067077
0.6421642164216421,0.9578976885074021,0.8880684572458115,1.0009646394239142
0.6426642664266426,0.9578981790327461,0.8881585247557396,1.0009015612582794
0.6431643164316432,0.95789852895015,0.8882483706112079,1.0008386383268324
0.6436643664366437,0.9578987391878906,0.8883379953577036,1.0007758702475444
0.6441644164416442,0.9578988106705048,0.888427399539372,1.0007132566393275
0.6446644664466448,0.9578987443187992,0.8885165836990188,1.000650797122031
0.6451645164516451,0.957898541049858,0.8886055483781142,1.0005884913164405
0.6456645664566456,0.9578982017770526,0.8886942941167958,1.0005263388442736
0.6461646164616461,0.9578977274100499,0.8887828214538718,1.0004643393281802
0.6466646664666467,0.9578971188548209,0.8888711309268243,1.000402492391738
0.6471647164716472,0.9578963770136499,0.8889592230718132,1.0003407976594516
0.6476647664766477,0.9578955027851437,0.8890470984236782,1.0002792547567492
0.6481648164816483,0.9578944970642391,0.8891347575159434,1.000217863309981
0.6486648664866488,0.9578933607422133,0.8892222008808196,1.000156622946417
0.6491649164916491,0.9578920947066915,0.8893094290492076,1.0000955332942438
0.6496649664966496,0.9578906998416562,0.8893964425507024,1.000034593982564
0.6501650165016502,0.9578891770274562,0.8894832419135947,0.9999738046413921
0.6506650665066507,0.9578875271408154,0.889569827664876,0.9999131649016536
0.6511651165116512,0.9578857510548411,0.8896562003302404,0.9998526743951822
0.6516651665166517,0.9578838496390336,0.8897423604340883,0.9997923327547177
0.6521652165216523,0.9578818237592944,0.8898283084995295,0.9997321396139034
0.6526652665266526,0.9578796742779359,0.8899140450483869,0.9996720946072847
0.6531653165316531,0.9578774020536889,0.8899995706011985,0.9996121973703058
0.6536653665366536,0.957875007941713,0.8900848856772219,0.9995524475393086
0.6541654165416542,0.9578724927936044,0.8901699907944363,0.9994928447515298
0.6546654665466547,0.9578698574574053,0.8902548864695466,0.9994333886450986
0.6551655165516552,0.9578671027776123,0.8903395732179858,0.9993740788590348
0.6556655665566558,0.9578642295951859,0.8904240515539187,0.9993149150332472
0.6561656165616563,0.9578612387475589,0.8905083219902444,0.9992558968085299
0.6566656665666566,0.9578581310686451,0.8905923850386,0.9991970238265615
0.6571657165716571,0.957854907388849,0.8906762412093635,0.9991382957299023
0.6576657665766577,0.9578515685350739,0.8907598910116566,0.9990797121619922
0.6581658165816582,0.9578481153307312,0.8908433349533486,0.9990212727671488
0.6586658665866587,0.9578445485957489,0.8909265735410582,0.9989629771905647
0.6591659165916592,0.9578408691465807,0.8910096072801579,0.9989048250783059
0.6596659665966598,0.9578370777962155,0.8910924366747763,0.9988468160773094
0.6601660166016601,0.9578331753541852,0.8911750622278014,0.9987889498353812
0.6606660666066606,0.9578291626265741,0.8912574844408835,0.9987312260011937
0.6611661166116611,0.957825040416028,0.8913397038144384,0.9986736442242841
0.6616661666166617,0.9578208095217627,0.8914217208476504,0.9986162041550521
0.6621662166216622,0.9578164707395733,0.8915035360384753,0.998558905444758
0.6626662666266627,0.9578120248618427,0.8915851498836433,0.9985017477455198
0.6631663166316633,0.9578074726775507,0.8916665628786626,0.998444730710312
0.6636663666366638,0.957802814972283,0.8917477755178216,0.9983878539929631
0.6641664166416641,0.9577980525282398,0.8918287882941921,0.9983311172481535
0.6646664666466646,0.9577931861242449,0.8919096016996328,0.9982745201314133
0.6651665166516652,0.9577882165357544,0.891990216224792,0.9982180622991205
0.6656665666566657,0.9577831445348661,0.8920706323591101,0.9981617434084986
0.6661666166616662,0.9577779708903278,0.8921508505908236,0.9981055631176148
0.6666666666666667,0.9577726963675463,0.8922308714069667,0.9980495210853777
0.6671667166716673,0.9577673217285965,0.8923106952933756,0.9979936169715353
0.6676667666766676,0.9577618477322304,0.8923903227346908,0.9979378504366733
0.6681668166816681,0.9577562751338856,0.8924697542143599,0.997882221142212
0.6686668666866686,0.9577506046856944,0.892548990214641,0.9978267287504056
0.6691669166916692,0.9577448371364926,0.892628031216605,0.9977713729243392
0.6696669666966697,0.9577389732318285,0.8927068777001392,0.9977161533279268
0.6701670167016702,0.9577330137139719,0.8927855301439499,0.9976610696259101
0.6706670667066708,0.9577269593219225,0.8928639890255652,0.9976061214838554
0.6711671167116713,0.9577208107914194,0.8929422548213379,0.9975513085681521
0.6716671667166716,0.9577145688549491,0.8930203280064489,0.9974966305460108
0.6721672167216721,0.9577082342417556,0.8930982090549093,0.9974420870854609
0.6726672667266727,0.9577018076778482,0.8931758984395639,0.9973876778553488
0.6731673167316732,0.9576952898860109,0.8932533966320937,0.9973334025253359
0.6736673667366737,0.9576886815858112,0.8933307041030188,0.9972792607658967
0.6741674167416742,0.9576819834936086,0.8934078213217017,0.9972252522483163
0.6746674667466748,0.957675196322564,0.8934847487563495,0.9971713766446891
0.6751675167516751,0.9576683207826483,0.8935614868740174,0.9971176336279164
0.6756675667566756,0.9576613575806511,0.8936380361406107,0.9970640228717043
0.6761676167616761,0.9576543074201899,0.8937143970208883,0.997010544050562
0.6766676667666767,0.9576471710017186,0.8937905699784656,0.9969571968397999
0.6771677167716772,0.9576399490225366,0.8938665554758168,0.9969039809155273
0.6776677667766777,0.9576326421767973,0.8939423539742781,0.9968508959546505
0.6781678167816783,0.9576252511555176,0.8940179659340501,0.9967979416348711
0.6786678667866788,0.9576177766465858,0.8940933918142012,0.9967451176346838
0.6791679167916791,0.9576102193347711,0.8941686320726698,0.9966924236333744
0.6796679667966796,0.9576025799017324,0.8942436871662673,0.9966398593110183
0.6801680168016802,0.9575948590260268,0.8943185575506811,0.9965874243484778
0.6806680668066807,0.9575870573831186,0.8943932436804771,0.996535118427401
0.6811681168116812,0.9575791756453879,0.8944677460091024,0.9964829412302191
0.6816681668166817,0.9575712144821398,0.8945420649888882,0.996430892440145
0.6821682168216823,0.9575631745596127,0.8946162010710527,0.9963789717411715
0.6826682668266826,0.9575550565409878,0.8946901547057033,0.9963271788180684
0.6831683168316831,0.9575468610863971,0.8947639263418403,0.996275513356382
0.6836683668366836,0.9575385888529324,0.8948375164273583,0.9962239750424319
0.6841684168416842,0.9575302404946546,0.89491092540905,0.9961725635633099
0.6846684668466847,0.9575218166626017,0.8949841537326088,0.9961212786068779
0.6851685168516852,0.9575133180047981,0.8950572018426308,0.9960701198617661
0.6856685668566858,0.9575047451662632,0.8951300701826181,0.9960190870173706
0.6861686168616863,0.95749609878902,0.8952027591949816,0.9959681797638522
0.6866686668666866,0.9574873795121042,0.8952752693210431,0.995917397792134
0.6871687168716871,0.9574785879715726,0.8953476010010384,0.9958667407938998
0.6876687668766877,0.957469724800512,0.8954197546741199,0.9958162084615922
0.6881688168816882,0.9574607906290477,0.8954917307783595,0.9957658004884109
0.6886688668866887,0.9574517860843527,0.8955635297507507,0.9957155165683103
0.6891689168916892,0.9574427117906559,0.8956351520272117,0.9956653563959978
0.6896689668966898,0.9574335683692511,0.8957065980425877,0.9956153196669328
0.6901690169016901,0.9574243564385057,0.8957778682306542,0.9955654060773236
0.6906690669066906,0.9574150766138693,0.8958489630241188,0.9955156153241262
0.6911691169116911,0.9574057295078822,0.8959198828546243,0.9954659471050428
0.6916691669166917,0.9573963157301846,0.8959906281527513,0.9954164011185189
0.6921692169216922,0.9573868358875247,0.8960611993480209,0.9953669770637426
0.6926692669266927,0.9573772905837679,0.8961315968688967,0.9953176746406421
0.6931693169316933,0.9573676804199048,0.8962018211427882,0.9952684935498842
0.6936693669366938,0.9573580059940606,0.8962718725960532,0.9952194334928722
0.6941694169416941,0.9573482679015032,0.8963417516539999,0.9951704941717443
0.6946694669466946,0.957338466734652,0.8964114587408899,0.9951216752893719
0.6951695169516952,0.9573286030830865,0.8964809942799408,0.9950729765493572
0.6956695669566957,0.9573186775335552,0.8965503586933287,0.9950243976560322
0.6961696169616962,0.9573086906699836,0.8966195524021906,0.9949759383144566
0.6966696669666967,0.9572986430734833,0.8966885758266271,0.9949275982304157
0.6971697169716973,0.9572885353223607,0.8967574293857051,0.9948793771104188
0.6976697669766976,0.9572783679921251,0.89682611349746,0.9948312746616977
0.6981698169816981,0.9572681416554975,0.8968946285788986,0.9947832905922047
0.6986698669866986,0.9572578568824192,0.8969629750460011,0.9947354246106106
0.6991699169916992,0.9572475142400606,0.8970311533137245,0.9946876764263033
0.6996699669966997,0.9572371142928292,0.8970991637960042,0.9946400457493859
0.7001700170017002,0.9572266576023787,0.8971670069057571,0.9945925322906749
0.7006700670067008,0.9572161447276171,0.8972346830548839,0.9945451357616986
0.7011701170117013,0.9572055762247154,0.8973021926542715,0.9944978558746949
0.7016701670167016,0.9571949526471162,0.8973695361137957,0.9944506923426102
0.7021702170217021,0.9571842745455421,0.8974367138423236,0.9944036448790972
0.7026702670267027,0.9571735424680042,0.897503726247716,0.9943567131985133
0.7031703170317032,0.9571627569598109,0.8975705737368304,0.9943098970159189
0.7036703670367037,0.9571519185635756,0.8976372567155222,0.9942631960470756
0.7041704170417042,0.957141027819226,0.8977037755886489,0.9942166100084444
0.7046704670467048,0.9571300852640122,0.897770130760071,0.9941701386171844
0.7051705170517051,0.9571190914325151,0.8978363226326553,0.9941237815911504
0.7056705670567056,0.9571080468566547,0.8979023516082774,0.9940775386488919
0.7061706170617061,0.9570969520656993,0.8979682180878235,0.9940314095096506
0.7066706670667067,0.9570858075862729,0.8980339224711934,0.9939853938933596
0.7071707170717072,0.9570746139423641,0.898099465157303,0.993939491520641
0.7076707670767077,0.9570633716553347,0.8981648465440859,0.9938937021128044
0.7081708170817083,0.9570520812439279,0.898230067028497,0.9938480253918454
0.7086708670867088,0.9570407432242762,0.8982951270065138,0.9938024610804437
0.7091709170917091,0.9570293581099107,0.8983600268731399,0.9937570089019614
0.7096709670967096,0.957017926411769,0.898424767022406,0.9937116685804416
0.7101710171017102,0.957006448638203,0.8984893478473738,0.9936664398406063
0.7106710671067107,0.9569949252949881,0.8985537697401375,0.9936213224078552
0.7111711171117112,0.9569833568853314,0.898618033091826,0.9935763160082635
0.7116711671167117,0.9569717439098796,0.8986821382926061,0.9935314203685807
0.7121712171217123,0.9569600868667273,0.8987460857316844,0.9934866352162287
0.7126712671267126,0.956948386251426,0.8988098757973091,0.9934419602793003
0.7131713171317131,0.9569366425569914,0.8988735088767736,0.9933973952865575
0.7136713671367136,0.9569248562739125,0.898936985356418,0.9933529399674296
0.7141714171417142,0.9569130278901595,0.8990003056216312,0.9933085940520118
0.7146714671467147,0.956901157891192,0.8990634700568543,0.9932643572710638
0.7151715171517152,0.9568892467599673,0.8991264790455819,0.9932202293560075
0.7156715671567158,0.9568772949769488,0.8991893329703649,0.9931762100389261
0.7161716171617163,0.956865303020114,0.8992520322128127,0.9931322990525621
0.7166716671667166,0.9568532713649626,0.8993145771535958,0.9930884961303154
0.7171717171717171,0.9568412004845253,0.8993769681724476,0.9930448010062424
0.7176717671767177,0.956829090849371,0.899439205648167,0.9930012134150538
0.7181718171817182,0.9568169429276161,0.8995012899586211,0.9929577330921131
0.7186718671867187,0.9568047571849319,0.8995632214807465,0.9929143597734351
0.7191719171917192,0.9567925340845526,0.8996250005905526,0.9928710931956845
0.7196719671967198,0.9567802740872842,0.8996866276631231,0.9928279330961737
0.7201720172017201,0.9567679776515121,0.8997481030726189,0.9927848792128618
0.7206720672067206,0.9567556452332093,0.8998094271922799,0.9927419312843527
0.7211721172117211,0.9567432772859445,0.8998706003944276,0.9926990890498937
0.7216721672167217,0.9567308742608903,0.8999316230504671,0.9926563522493737
0.7221722172217222,0.9567184366068309,0.8999924955308899,0.9926137206233215
0.7226722672267227,0.9567059647701708,0.900053218205275,0.9925711939129049
0.7231723172317233,0.9566934591949422,0.9001137914422924,0.9925287718599286
0.7236723672367238,0.9566809203228137,0.9001742156097048,0.9924864542068325
0.7241724172417241,0.9566683485930977,0.9002344910743695,0.9924442406966902
0.7246724672467246,0.9566557444427588,0.9002946182022413,0.9924021310732082
0.7251725172517252,0.9566431083064215,0.9003545973583742,0.9923601250807231
0.7256725672567257,0.9566304406163788,0.900414428906924,0.9923182224642011
0.7261726172617262,0.9566177418025994,0.9004741132111502,0.9922764229692359
0.7266726672667267,0.956605012292736,0.9005336506334182,0.9922347263420472
0.7271727172717273,0.9565922525121336,0.9005930415352019,0.9921931323294794
0.7276727672767276,0.9565794628838369,0.9006522862770854,0.9921516406789996
0.7281728172817281,0.9565666438285984,0.9007113852187654,0.992110251138697
0.7286728672867286,0.9565537957648864,0.9007703387190537,0.99206896345728
0.7291729172917292,0.9565409191088932,0.9008291471358786,0.992027777384076
0.7296729672967297,0.956528014274542,0.900887810826288,0.991986692669029
0.7301730173017302,0.9565150816734961,0.9009463301464508,0.9919457090626985
0.7306730673067308,0.9565021217151657,0.9010047054516594,0.9919048263162578
0.7311731173117313,0.9564891348067162,0.9010629370963322,0.9918640441814927
0.7316731673167316,0.956476121353076,0.9011210254340148,0.9918233624107996
0.7321732173217321,0.9564630817569444,0.9011789708173832,0.9917827807571844
0.7326732673267327,0.9564500164187992,0.9012367735982452,0.991742298974261
0.7331733173317332,0.9564369257369048,0.901294434127543,0.9917019168162494
0.7336733673367337,0.9564238101073194,0.901351952755355,0.9916616340379745
0.7341734173417342,0.9564106699239036,0.9014093298308979,0.9916214503948647
0.7346734673467348,0.9563975055783275,0.9014665657025296,0.9915813656429502
0.7351735173517351,0.9563843174600787,0.9015236607177499,0.9915413795388616
0.7356735673567356,0.9563711059564699,0.9015806152232041,0.9915014918398284
0.7361736173617361,0.9563578714526471,0.901637429564684,0.9914617023036776
0.7366736673667367,0.9563446143315963,0.9016941040871304,0.9914220106888323
0.7371737173717372,0.9563313349741525,0.9017506391346354,0.9913824167543098
0.7376737673767377,0.956318033759006,0.9018070350504443,0.9913429202597208
0.7381738173817383,0.9563047110627113,0.9018632921769576,0.9913035209652674
0.7386738673867388,0.9562913672596939,0.9019194108557331,0.991264218631742
0.7391739173917391,0.9562780027222583,0.9019753914274882,0.9912250130205253
0.7396739673967396,0.9562646178205955,0.9020312342321016,0.9911859038935857
0.7401740174017402,0.9562512129227907,0.9020869396086156,0.9911468910134772
0.7406740674067407,0.9562377883948309,0.9021425078952383,0.9911079741433381
0.7411741174117412,0.9562243446006122,0.9021979394293455,0.9910691530468896
0.7416741674167417,0.9562108819019479,0.9022532345474822,0.9910304274884345
0.7421742174217423,0.9561974006585757,0.902308393585366,0.9909917972328556
0.7426742674267426,0.956183901228165,0.9023634168778875,0.9909532620456142
0.7431743174317431,0.9561703839663249,0.9024183047591136,0.990914821692749
0.7436743674367436,0.9561568492266116,0.902473057562289,0.9908764759408745
0.7441744174417442,0.9561432973605355,0.9025276756198384,0.9908382245571791
0.7446744674467447,0.9561297287175693,0.902582159263368,0.9908000673094246
0.7451745174517452,0.9561161436451551,0.9026365088236684,0.9907620039659444
0.7456745674567458,0.9561025424887115,0.9026907246307159,0.9907240342956416
0.7461746174617463,0.9560889255916422,0.9027448070136748,0.9906861580679884
0.7466746674667466,0.9560752932953418,0.902798756300899,0.9906483750530242
0.7471747174717471,0.9560616459392046,0.9028525728199349,0.9906106850213541
0.7476747674767477,0.9560479838606316,0.9029062568975225,0.9905730877441481
0.7481748174817482,0.9560343073950371,0.9029598088595976,0.9905355829931393
0.7486748674867487,0.9560206168758574,0.9030132290312941,0.9904981705406223
0.7491749174917492,0.956006912634557,0.9030665177369457,0.9904608501594523
0.7496749674967498,0.9559931950006364,0.9031196753000879,0.9904236216230433
0.7501750175017501,0.9559794643016398,0.9031727020434598,0.9903864847053673
0.7506750675067506,0.9559657208631617,0.9032255982890066,0.9903494391809521
0.7511751175117511,0.9559519650088545,0.9032783643578809,0.9903124848248808
0.7516751675167517,0.9559381970604359,0.903331000570445,0.9902756214127896
0.7521752175217522,0.9559244173376961,0.903383507246273,0.9902388487208671
0.7526752675267527,0.9559106261585048,0.9034358847041524,0.9902021665258528
0.7531753175317533,0.9558968238388187,0.9034881332620859,0.9901655746050353
0.7536753675367538,0.9558830106926889,0.9035402532372941,0.9901290727362517
0.7541754175417541,0.9558691870322675,0.9035922449462168,0.9900926606978855
0.7546754675467546,0.9558553531678154,0.9036441087045146,0.9900563382688656
0.7551755175517552,0.9558415094077091,0.9036958448270719,0.9900201052286655
0.7556755675567557,0.9558276560584478,0.9037474536279976,0.9899839613573004
0.7561756175617562,0.9558137934246611,0.9037989354206281,0.9899479064353279
0.7566756675667567,0.9557999218091154,0.9038502905175283,0.989911940243845
0.7571757175717573,0.9557860415127217,0.903901519230494,0.9898760625644878
0.7576757675767576,0.955772152834542,0.9039526218705538,0.9898402731794294
0.7581758175817581,0.955758256071797,0.9040035987479708,0.9898045718713793
0.7586758675867586,0.9557443515198728,0.9040544501722444,0.9897689584235816
0.7591759175917592,0.955730439472328,0.9041051764521124,0.9897334326198138
0.7596759675967597,0.955716520220901,0.9041557778955531,0.9896979942443858
0.7601760176017602,0.9557025940555168,0.9042062548097863,0.9896626430821378
0.7606760676067608,0.9556886612642939,0.9042566075012763,0.98962737891844
0.7611761176117613,0.9556747221335513,0.9043068362757329,0.9895922015391905
0.7616761676167616,0.955660776947816,0.9043569414381135,0.9895571107308144
0.7621762176217621,0.9556468259898293,0.9044069232926253,0.9895221062802624
0.7626762676267627,0.9556328695405542,0.9044567821427263,0.9894871879750095
0.7631763176317632,0.9556189078791818,0.9045065182911285,0.9894523556030538
0.7636763676367637,0.955604941283139,0.9045561320397982,0.9894176089529149
0.7641764176417642,0.9555909700280947,0.9046056236899589,0.9893829478136332
0.7646764676467648,0.9555769943879671,0.9046549935420929,0.989348371974768
0.7651765176517651,0.9555630146349302,0.9047042418959427,0.9893138812263965
0.7656765676567656,0.9555490310394211,0.9047533690505134,0.9892794753591126
0.7661766176617661,0.9555350438701466,0.904802375304074,0.9892451541640257
0.7666766676667667,0.9555210533940902,0.9048512609541599,0.9892109174327589
0.7671767176717672,0.9555070598765183,0.9049000262975738,0.9891767649574483
0.7676767676767677,0.9554930635809877,0.9049486716303883,0.9891426965307418
0.7681768176817683,0.9554790647693524,0.904997197247947,0.9891087119457972
0.7686768676867688,0.9554650637017696,0.9050456034448673,0.9890748109962815
0.7691769176917691,0.9554510606367075,0.9050938905150409,0.9890409934763694
0.7696769676967696,0.9554370558309508,0.9051420587516364,0.9890072591807423
0.7701770177017702,0.9554230495396088,0.9051901084471012,0.9889736079045868
0.7706770677067707,0.9554090420161208,0.9052380398931629,0.9889400394435934
0.7711771177117712,0.9553950335122637,0.9052858533808309,0.9889065535939557
0.7716771677167718,0.9553810242781584,0.9053335492003985,0.9888731501523687
0.7721772177217723,0.9553670145622764,0.9053811276414451,0.9888398289160275
0.7726772677267726,0.955353004611446,0.9054285889928366,0.9888065896826268
0.7731773177317731,0.95533899467086,0.9054759335427287,0.9887734322503587
0.7736773677367736,0.9553249849840814,0.9055231615785676,0.9887403564179122
0.7741774177417742,0.9553109757930501,0.9055702733870923,0.9887073619844717
0.7746774677467747,0.9552969673380899,0.905617269254336,0.9886744487497158
0.7751775177517752,0.9552829598579148,0.9056641494656281,0.9886416165138159
0.7756775677567758,0.9552689535896354,0.9057109143055957,0.9886088650774355
0.7761776177617763,0.9552549487687657,0.9057575640581654,0.9885761942417284
0.7766776677667766,0.9552409456292295,0.9058040990065652,0.9885436038083377
0.7771777177717771,0.9552269444033669,0.905850519433326,0.9885110935793952
0.7776777677767777,0.9552129453219407,0.9058968256202834,0.9884786633575189
0.7781778177817782,0.955198948614143,0.9059430178485794,0.988446312945813
0.7786778677867787,0.9551849545076018,0.9059890963986643,0.9884140421478662
0.7791779177917793,0.9551709632283868,0.9060350615502979,0.9883818507677504
0.7796779677967798,0.9551569750010168,0.9060809135825517,0.9883497386100201
0.7801780178017801,0.9551429900484651,0.9061266527738104,0.9883177054797102
0.7806780678067806,0.9551290085921667,0.9061722794017737,0.9882857511823357
0.7811781178117811,0.9551150308520241,0.9062177937434575,0.9882538755238904
0.7816781678167817,0.9551010570464139,0.9062631960751963,0.9882220783108453
0.7821782178217822,0.9550870873921935,0.9063084866726447,0.9881903593501477
0.7826782678267827,0.9550731221047064,0.9063536658107785,0.98815871844922
0.7831783178317833,0.9550591613977898,0.906398733763897,0.9881271554159586
0.7836783678367838,0.9550452054837799,0.9064436908056246,0.9880956700587327
0.7841784178417841,0.9550312545735187,0.9064885372089121,0.9880642621863829
0.7846784678467846,0.9550173088763598,0.9065332732460385,0.9880329316082204
0.7851785178517852,0.9550033686001757,0.906577899188613,0.9880016781340256
0.7856785678567857,0.9549894339513624,0.9066224153075761,0.9879705015740472
0.7861786178617862,0.954975505134847,0.9066668218732019,0.9879394017390007
0.7866786678667868,0.9549615823540933,0.9067111191550989,0.9879083784400676
0.7871787178717873,0.9549476658111081,0.9067553074222124,0.9878774314888937
0.7876787678767876,0.9549337557064475,0.9067993869428257,0.9878465606975888
0.7881788178817881,0.9549198522392226,0.9068433579845621,0.9878157658787248
0.7886788678867886,0.9549059556071061,0.9068872208143857,0.9877850468453349
0.7891789178917892,0.9548920660063385,0.9069309756986043,0.9877544034109124
0.7896789678967897,0.9548781836317335,0.9069746229028699,0.9877238353894099
0.7901790179017902,0.954864308676685,0.907018162692181,0.9876933425952374
0.7906790679067908,0.9548504413331727,0.9070615953308836,0.9876629248432619
0.7911791179117913,0.9548365817917677,0.9071049210826736,0.9876325819488061
0.7916791679167916,0.9548227302416398,0.9071481402105974,0.9876023137276468
0.7921792179217921,0.9548088868705622,0.9071912529770545,0.9875721199960146
0.7926792679267927,0.9547950518649184,0.9072342596437984,0.987542000570592
0.7931793179317932,0.9547812254097078,0.9072771604719386,0.987511955268513
0.7936793679367937,0.9547674076885515,0.907319955721942,0.9874819839073613
0.7941794179417943,0.9547535988836989,0.9073626456536342,0.9874520863051697
0.7946794679467948,0.9547397991760331,0.9074052305262018,0.9874222622804187
0.7951795179517951,0.9547260087450772,0.9074477105981933,0.9873925116520357
0.7956795679567956,0.9547122277689996,0.9074900861275209,0.9873628342393936
0.7961796179617961,0.9546984564246206,0.9075323573714621,0.9873332298623098
0.7966796679667967,0.9546846948874179,0.9075745245866614,0.987303698341045
0.7971797179717972,0.954670943331533,0.9076165880291316,0.9872742394963028
0.7976797679767977,0.954657201929776,0.9076585479542554,0.9872448531492272
0.7981798179817983,0.9546434708536323,0.9077004046167869,0.987215539121403
0.7986798679867988,0.9546297502732685,0.9077421582708537,0.987186297234854
0.7991799179917991,0.9546160403575374,0.9077838091699576,0.9871571273120415
0.7996799679967996,0.9546023412739847,0.9078253575669766,0.9871280291758644
0.8001800180018002,0.9545886531888541,0.9078668037141664,0.987099002649657
0.8006800680068007,0.9545749762670935,0.9079081478631619,0.9870700475571886
0.8011801180118012,0.9545613106723604,0.9079493902649789,0.987041163722662
0.8016801680168018,0.9545476565670279,0.9079905311700152,0.9870123509707128
0.8021802180218023,0.9545340141121902,0.9080315708280524,0.986983609126408
0.8026802680268026,0.9545203834676687,0.9080725094882577,0.9869549380152455
0.8031803180318031,0.954506764792017,0.9081133473991847,0.986926337463152
0.8036803680368036,0.9544931582425271,0.9081540848087755,0.986897807296483
0.8041804180418042,0.9544795639752351,0.9081947219643621,0.9868693473420216
0.8046804680468047,0.9544659821449263,0.9082352591126677,0.9868409574269765
0.8051805180518052,0.9544524129051413,0.9082756964998082,0.9868126373789822
0.8056805680568058,0.9544388564081815,0.9083160343712943,0.9867843870260972
0.8061806180618063,0.9544253128051146,0.9083562729720318,0.9867562061968029
0.8066806680668066,0.95441178224578,0.9083964125463244,0.9867280947200034
0.8071807180718071,0.9543982648787951,0.9084364533378743,0.9867000524250233
0.8076807680768077,0.9543847608515597,0.9084763955897839,0.9866720791416075
0.8081808180818082,0.9543712703102625,0.9085162395445574,0.9866441746999197
0.8086808680868087,0.954357793399886,0.9085559854441023,0.9866163389305419
0.8091809180918093,0.9543443302642125,0.9085956335297307,0.9865885716644727
0.8096809680968098,0.9543308810458291,0.9086351840421607,0.9865608727331266
0.8101810181018101,0.9543174458861333,0.9086746372215183,0.9865332419683335
0.8106810681068106,0.9543040249253388,0.9087139933073383,0.9865056792023364
0.8111811181118112,0.9542906183024805,0.908753252538566,0.9864781842677918
0.8116811681168117,0.95427722615542,0.9087924151535587,0.9864507569977676
0.8121812181218122,0.9542638486208509,0.9088314813900873,0.9864233972257428
0.8126812681268127,0.9542504858343048,0.9088704514853374,0.9863961047856059
0.8131813181318133,0.9542371379301557,0.9089093256759109,0.9863688795116545
0.8136813681368138,0.9542238050416263,0.9089481041978272,0.986341721238594
0.8141814181418141,0.9542104873007925,0.9089867872865254,0.9863146298015363
0.8146814681468146,0.9541971848385895,0.9090253751768645,0.9862876050359992
0.8151815181518152,0.9541838977848164,0.9090638681031262,0.9862606467779055
0.8156815681568157,0.954170626268142,0.9091022662990152,0.9862337548635816
0.8161816181618162,0.9541573704161097,0.9091405699976612,0.9862069291297565
0.8166816681668168,0.9541441303551432,0.9091787794316202,0.9861801694135615
0.8171817181718173,0.9541309062105514,0.9092168948328757,0.9861534755525282
0.8176817681768176,0.9541176981065337,0.9092549164328405,0.9861268473845884
0.8181818181818181,0.954104506166185,0.9092928444623579,0.9861002847480728
0.8186818681868187,0.9540913305115016,0.9093306791517028,0.9860737874817095
0.8191819181918192,0.9540781712633857,0.9093684207305839,0.986047355424624
0.8196819681968197,0.9540650285416504,0.9094060694281442,0.9860209884163372
0.8201820182018202,0.9540519024650259,0.9094436254729628,0.9859946862967655
0.8206820682068208,0.9540387931511636,0.9094810890930565,0.9859684489062188
0.8211821182118213,0.9540257007166414,0.9095184605158807,0.9859422760854004
0.8216821682168216,0.9540126252769694,0.9095557399683312,0.9859161676754052
0.8221822182218221,0.9539995669465944,0.9095929276767455,0.9858901235177195
0.8226822682268227,0.953986525838905,0.9096300238669037,0.9858641434542195
0.8231823182318232,0.9539735020662371,0.9096670287640308,0.9858382273271705
0.8236823682368237,0.9539604957398785,0.9097039425927972,0.9858123749792262
0.8241824182418243,0.953947506970074,0.9097407655773202,0.9857865862534275
0.8246824682468248,0.9539345358660307,0.909777497941166,0.9857608609932014
0.8251825182518251,0.9539215825359226,0.9098141399073504,0.9857351990423602
0.8256825682568256,0.953908647086896,0.9098506916983402,0.9857096002451009
0.8261826182618262,0.9538957296250742,0.9098871535360551,0.9856840644460035
0.8266826682668267,0.9538828302555622,0.9099235256418681,0.9856585914900309
0.8271827182718272,0.9538699490824523,0.909959808236608,0.9856331812225272
0.8276827682768277,0.9538570862088285,0.9099960015405599,0.9856078334892173
0.8281828182818283,0.9538442417367715,0.9100321057734666,0.9855825481362058
0.8286828682868288,0.9538314157673639,0.9100681211545303,0.9855573250099758
0.8291829182918291,0.9538186084006944,0.9101040479024138,0.9855321639573884
0.8296829682968296,0.9538058197358638,0.9101398862352418,0.9855070648256816
0.8301830183018302,0.9537930498709883,0.9101756363706018,0.9854820274624692
0.8306830683068307,0.9537802989032058,0.9102112985255464,0.98545705171574
0.8311831183118312,0.9537675669286799,0.9102468729165937,0.9854321374338573
0.8316831683168318,0.9537548540426046,0.9102823597597288,0.9854072844655569
0.8321832183218323,0.95374216033921,0.9103177592704058,0.9853824926599474
0.8326832683268326,0.9537294859117658,0.9103530716635481,0.9853577618665086
0.8331833183318331,0.953716830852587,0.9103882971535502,0.9853330919350904
0.8336833683368337,0.9537041952530383,0.9104234359542793,0.9853084827159129
0.8341834183418342,0.953691579203539,0.9104584882790759,0.9852839340595643
0.8346834683468347,0.9536789827935673,0.9104934543407559,0.9852594458170003
0.8351835183518352,0.9536664061116656,0.9105283343516111,0.9852350178395441
0.8356835683568358,0.9536538492454447,0.9105631285234109,0.9852106499788842
0.8361836183618363,0.9536413122815884,0.9105978370674037,0.9851863420870743
0.8366836683668366,0.9536287953058588,0.9106324601943179,0.9851620940165323
0.8371837183718371,0.9536162984031,0.9106669981143632,0.985137905620039
0.8376837683768377,0.9536038216572438,0.9107014510372324,0.9851137767507377
0.8381838183818382,0.9535913651513134,0.9107358191721018,0.9850897072621333
0.8386838683868387,0.9535789289674282,0.910770102727633,0.9850656970080908
0.8391839183918393,0.9535665131868089,0.9108043019119744,0.9850417458428351
0.8396839683968398,0.9535541178897813,0.9108384169327617,0.9850178536209498
0.8401840184018401,0.9535417431557814,0.91087244799712,0.9849940201973765
0.8406840684068406,0.9535293890633598,0.9109063953116644,0.9849702454274134
0.8411841184118412,0.9535170556901861,0.9109402590825016,0.9849465291667153
0.8416841684168417,0.9535047431130532,0.9109740395152311,0.9849228712712919
0.8421842184218422,0.9534924514078826,0.9110077368149467,0.9848992715975071
0.8426842684268427,0.9534801806497278,0.9110413511862369,0.984875730002079
0.8431843184318433,0.9534679309127797,0.911074882833187,0.9848522463420776
0.8436843684368438,0.9534557022703704,0.9111083319593802,0.9848288204749248
0.8441844184418441,0.9534434947949778,0.9111416987678985,0.9848054522583937
0.8446844684468446,0.9534313085582303,0.9111749834613242,0.9847821415506071
0.8451845184518452,0.953419143630911,0.9112081862417409,0.984758888210037
0.8456845684568457,0.9534070000829619,0.911241307310735,0.9847356920955037
0.8461846184618462,0.9533948779834883,0.9112743468693969,0.9847125530661752
0.8466846684668468,0.9533827774007637,0.9113073051183219,0.9846894709815658
0.8471847184718473,0.9533706984022334,0.9113401822576118,0.9846664457015355
0.8476847684768476,0.9533586410545195,0.9113729784868758,0.9846434770862894
0.8481848184818481,0.9533466054234244,0.9114056940052322,0.9846205649963765
0.8486848684868487,0.9533345915739362,0.9114383290113087,0.984597709292689
0.8491849184918492,0.9533225995702317,0.9114708837032448,0.9845749098364615
0.8496849684968497,0.9533106294756819,0.911503358278692,0.9845521664892699
0.8501850185018502,0.9532986813528553,0.9115357529348154,0.984529479113031
0.8506850685068508,0.9532867552635228,0.911568067868295,0.9845068475700015
0.8511851185118513,0.9532748512686615,0.9116003032753269,0.9844842717227766
0.8516851685168516,0.9532629694284592,0.911632459351624,0.9844617514342903
0.8521852185218521,0.9532511098023183,0.9116645362924178,0.9844392865678132
0.8526852685268527,0.9532392724488605,0.9116965342924594,0.9844168769869531
0.8531853185318532,0.9532274574259302,0.9117284535460205,0.984394522555653
0.8536853685368537,0.9532156647905993,0.9117602942468945,0.9843722231381908
0.8541854185418543,0.9532038945991713,0.9117920565883983,0.9843499785991787
0.8546854685468548,0.9531921469071849,0.9118237407633729,0.9843277888035615
0.8551855185518551,0.9531804217694188,0.9118553469641846,0.9843056536166171
0.8556855685568556,0.9531687192398951,0.9118868753827263,0.9842835729039543
0.8561856185618562,0.9531570393718843,0.9119183262104187,0.9842615465315131
0.8566856685668567,0.9531453822179083,0.9119496996382115,0.9842395743655631
0.8571857185718572,0.9531337478297455,0.9119809958565844,0.9842176562727032
0.8576857685768577,0.9531221362584336,0.9120122150555483,0.9841957921198604
0.8581858185818583,0.953110547554275,0.9120433574246466,0.9841739817742896
0.8586858685868588,0.9530989817668403,0.9120744231529561,0.9841522251035719
0.8591859185918591,0.9530874389449713,0.9121054124290884,0.9841305219756145
0.8596859685968596,0.9530759191367868,0.9121363254411907,0.9841088722586497
0.8601860186018602,0.9530644223896851,0.9121671623769476,0.9840872758212341
0.8606860686068607,0.9530529487503488,0.9121979234235815,0.9840657325322477
0.8611861186118612,0.9530414982647483,0.9122286087678542,0.9840442422608932
0.8616861686168618,0.9530300709781457,0.9122592185960675,0.984022804876695
0.8621862186218623,0.9530186669350993,0.9122897530940652,0.9840014202494991
0.8626862686268626,0.9530072861794668,0.9123202124472336,0.9839800882494715
0.8631863186318631,0.9529959287544096,0.9123505968405027,0.9839588087470974
0.8636863686368637,0.9529845947023966,0.9123809064583474,0.9839375816131813
0.8641864186418642,0.9529732840652079,0.9124111414847885,0.9839164067188454
0.8646864686468647,0.9529619968839389,0.9124413021033941,0.983895283935529
0.8651865186518652,0.952950733199004,0.9124713884972807,0.983874213134988
0.8656865686568658,0.9529394930501406,0.9125014008491138,0.9838531941892935
0.8661866186618663,0.9529282764764122,0.9125313393411094,0.983832226970832
0.8666866686668666,0.9529170835162135,0.9125612041550354,0.9838113113523034
0.8671867186718671,0.9529059142072729,0.912590995472212,0.9837904472067215
0.8676867686768677,0.9528947685866569,0.9126207134735134,0.9837696344074122
0.8681868186818682,0.9528836466907739,0.9126503583393685,0.9837488728280133
0.8686868686868687,0.9528725485553776,0.9126799302497622,0.9837281623424736
0.8691869186918693,0.9528614742155711,0.9127094293842369,0.9837075028250521
0.8696869686968698,0.9528504237058104,0.9127388559218925,0.9836868941503172
0.8701870187018701,0.9528393970599079,0.9127682100413884,0.9836663361931459
0.8706870687068706,0.9528283943110366,0.9127974919209444,0.9836458288287233
0.8711871187118712,0.9528174154917335,0.9128267017383417,0.9836253719325416
0.8716871687168717,0.9528064606339028,0.9128558396709238,0.9836049653803993
0.8721872187218722,0.9527955297688209,0.912884905895598,0.9835846090484008
0.8726872687268727,0.9527846229271381,0.912913900588836,0.9835643028129553
0.8731873187318733,0.9527737401388838,0.9129428239266755,0.9835440465507759
0.8736873687368738,0.9527628814334698,0.9129716760847206,0.9835238401388795
0.8741874187418741,0.9527520468396931,0.9130004572381437,0.9835036834545854
0.8746874687468746,0.9527412363857404,0.9130291675616856,0.9834835763755149
0.8751875187518752,0.9527304500991913,0.9130578072296575,0.9834635187795906
0.8756875687568757,0.9527196880070216,0.9130863764159413,0.9834435105450352
0.8761876187618762,0.9527089501356074,0.9131148752939912,0.9834235515503714
0.8766876687668768,0.9526982365107282,0.9131433040368343,0.9834036416744207
0.8771877187718773,0.9526875471575704,0.9131716628170723,0.9833837807963031
0.8776877687768776,0.9526768821007314,0.9131999518068816,0.9833639687954355
0.8781878187818781,0.9526662413642222,0.9132281711780154,0.9833442055515321
0.8786878687868787,0.9526556249714713,0.9132563211018038,0.9833244909446028
0.8791879187918792,0.9526450329453285,0.9132844017491554,0.9833048248549531
0.8796879687968797,0.952634465308068,0.9133124132905582,0.9832852071631827
0.8801880188018802,0.9526239220813915,0.9133403558960808,0.9832656377501854
0.8806880688068808,0.9526134032864322,0.913368229735373,0.9832461164971481
0.8811881188118813,0.9526029089437582,0.9133960349776673,0.9832266432855499
0.8816881688168816,0.9525924390733754,0.9134237717917795,0.9832072179971618
0.8821882188218821,0.9525819936947315,0.9134514403461101,0.9831878405140457
0.8826882688268827,0.9525715728267186,0.9134790408086453,0.9831685107185537
0.8831883188318832,0.9525611764876775,0.9135065733469575,0.9831492284933274
0.8836883688368837,0.9525508046954002,0.9135340381282072,0.9831299937212973
0.8841884188418843,0.952540457467134,0.913561435319143,0.9831108062856819
0.8846884688468848,0.9525301348195839,0.9135887650861036,0.9830916660699873
0.8851885188518851,0.9525198367689169,0.9136160275950181,0.9830725729580061
0.8856885688568856,0.9525095633307646,0.9136432230114073,0.9830535268338169
0.8861886188618862,0.952499314520227,0.9136703515003847,0.9830345275817837
0.8866886688668867,0.9524890903518748,0.9136974132266572,0.9830155750865548
0.8871887188718872,0.9524788908397542,0.9137244083545267,0.9829966692330628
0.8876887688768877,0.9524687159973887,0.9137513370478908,0.9829778099065233
0.8881888188818883,0.9524585658377833,0.9137781994702433,0.9829589969924342
0.8886888688868888,0.952448440373427,0.913804995784676,0.9829402303765752
0.8891889188918891,0.9524383396162968,0.9138317261538794,0.9829215099450075
0.8896889688968896,0.9524282635778598,0.9138583907401433,0.9829028355840722
0.8901890189018902,0.9524182122690779,0.9138849897053584,0.9828842071803905
0.8906890689068907,0.9524081857004093,0.9139115232110168,0.9828656246208624
0.8911891189118912,0.952398183881813,0.9139379914182132,0.9828470877926662
0.8916891689168918,0.9523882068227513,0.913964394487646,0.982828596583258
0.8921892189218923,0.9523782545321928,0.913990732579618,0.9828101508803709
0.8926892689268926,0.9523683270186163,0.9140170058540376,0.9827917505720142
0.8931893189318931,0.9523584242900127,0.9140432144704195,0.9827733955464727
0.8936893689368937,0.9523485463538895,0.9140693585878858,0.9827550856923063
0.8941894189418942,0.9523386932172727,0.9140954383651673,0.982736820898349
0.8946894689468947,0.9523288648867105,0.914121453960604,0.9827186010537086
0.8951895189518952,0.9523190613682763,0.914147405532146,0.9827004260477655
0.8956895689568958,0.9523092826675714,0.9141732932373552,0.9826822957701729
0.8961896189618963,0.9522995287897286,0.9141991172334053,0.9826642101108546
0.8966896689668966,0.9522897997394147,0.9142248776770834,0.9826461689600062
0.8971897189718971,0.9522800955208339,0.9142505747247907,0.9826281722080932
0.8976897689768977,0.9522704161377307,0.9142762085325433,0.9826102197458505
0.8981898189818982,0.9522607615933925,0.9143017792559739,0.9825923114642822
0.8986898689868987,0.9522511318906531,0.9143272870503316,0.9825744472546604
0.8991899189918993,0.9522415270318957,0.9143527320704837,0.9825566270085248
0.8996899689968998,0.9522319470190552,0.9143781144709164,0.9825388506176822
0.9001900190019001,0.9522223918536221,0.9144034344057357,0.9825211179742055
0.9006900690069006,0.9522128615366443,0.9144286920286682,0.9825034289704332
0.9011901190119012,0.9522033560687312,0.9144538874930623,0.9824857834989689
0.9016901690169017,0.9521938754500555,0.914479020951889,0.9824681814526803
0.9021902190219022,0.952184419680357,0.914504092557743,0.982450622724699
0.9026902690269027,0.9521749887589451,0.9145291024628432,0.9824331072084194
0.9031903190319033,0.9521655826847014,0.914554050819034,0.982415634797498
0.9036903690369038,0.952156201456083,0.9145789377777861,0.9823982053858539
0.9041904190419041,0.9521468450711255,0.9146037634901975,0.9823808188676662
0.9046904690469046,0.9521375135274449,0.9146285281069941,0.9823634751373751
0.9051905190519052,0.9521282068222415,0.9146532317785313,0.9823461740896804
0.9056905690569057,0.9521189249523023,0.9146778746547942,0.9823289156195409
0.9061906190619062,0.9521096679140034,0.9147024568853989,0.9823116996221741
0.9066906690669068,0.9521004357033135,0.9147269786195931,0.9822945259930554
0.9071907190719073,0.9520912283157962,0.9147514400062573,0.9822773946279173
0.9076907690769076,0.952082045746613,0.9147758411939058,0.9822603054227488
0.9081908190819081,0.9520728879905258,0.9148001823306872,0.9822432582737951
0.9086908690869087,0.9520637550419,0.9148244635643855,0.9822262530775566
0.9091909190919092,0.9520546468947069,0.9148486850424211,0.9822092897307886
0.9096909690969097,0.9520455635425267,0.9148728469118516,0.9821923681305
0.9101910191019102,0.9520365049785509,0.9148969493193726,0.982175488173954
0.9106910691069108,0.9520274711955852,0.9149209924113189,0.9821586497586656
0.9111911191119113,0.9520184621860525,0.9149449763336648,0.9821418527824028
0.9116911691169116,0.9520094779419949,0.9149689012320257,0.982125097143185
0.9121912191219121,0.9520005184550766,0.9149927672516586,0.9821083827392824
0.9126912691269127,0.9519915837165872,0.9150165745374628,0.9820917094692155
0.9131913191319132,0.9519826737174434,0.9150403232339813,0.982075077231755
0.9136913691369137,0.9519737884481919,0.9150640134854011,0.9820584859259204
0.9141914191419143,0.9519649278990127,0.9150876454355547,0.9820419354509794
0.9146914691469148,0.9519560920597206,0.91511121922792,0.9820254257064482
0.9151915191519151,0.951947280919769,0.9151347350056228,0.9820089565920902
0.9156915691569156,0.9519384944682513,0.9151581929114357,0.9819925280079149
0.9161916191619162,0.9519297326939042,0.9151815930877805,0.9819761398541784
0.9166916691669167,0.9519209955851105,0.9152049356767282,0.9819597920313823
0.9171917191719172,0.9519122831299005,0.9152282208200005,0.9819434844402728
0.9176917691769177,0.9519035953159561,0.9152514486589701,0.9819272169818405
0.9181918191819183,0.9518949321306123,0.9152746193346617,0.9819109895573196
0.9186918691869188,0.9518862935608595,0.9152977329877532,0.9818948020681874
0.9191919191919191,0.9518776795933472,0.915320789758576,0.9818786544161636
0.9196919691969196,0.9518690902143854,0.9153437897871164,0.98186254650321
0.9201920192019202,0.9518605254099475,0.915366733213016,0.9818464782315293
0.9206920692069207,0.9518519851656727,0.915389620175573,0.9818304495035651
0.9211921192119212,0.9518434694668689,0.9154124508137426,0.9818144602220011
0.9216921692169218,0.9518349782985144,0.915435225266138,0.9817985102897605
0.9221922192219223,0.9518265116452608,0.9154579436710313,0.9817825996100054
0.9226922692269226,0.9518180694914354,0.9154806061663544,0.9817667280861359
0.9231923192319231,0.9518096518210439,0.9155032128896998,0.9817508956217902
0.9236923692369237,0.9518012586177721,0.9155257639783212,0.9817351021208436
0.9241924192419242,0.9517928898649889,0.9155482595691345,0.981719347487408
0.9246924692469247,0.9517845455457485,0.9155706997987191,0.981703631625831
0.9251925192519252,0.951776225642793,0.9155930848033177,0.9816879544406959
0.9256925692569258,0.9517679301385542,0.9156154147188379,0.9816723158368206
0.9261926192619263,0.9517596590151568,0.9156376896808531,0.9816567157192574
0.9266926692669266,0.95175141225442,0.9156599098246028,0.9816411539932922
0.9271927192719271,0.9517431898378601,0.9156820752849937,0.981625630564444
0.9276927692769277,0.9517349917466932,0.9157041861966003,0.9816101453384642
0.9281928192819282,0.9517268179618369,0.9157262426936665,0.9815946982213366
0.9286928692869287,0.9517186684639132,0.9157482449101053,0.9815792891192756
0.9291929192919293,0.9517105432332501,0.9157701929795004,0.9815639179387271
0.9296929692969298,0.9517024422498849,0.9157920870351065,0.9815485845863667
0.9301930193019301,0.9516943654935653,0.9158139272098507,0.9815332889691003
0.9306930693069306,0.9516863129437528,0.9158357136363326,0.9815180309940623
0.9311931193119312,0.9516782845796241,0.9158574464468259,0.981502810568616
0.9316931693169317,0.9516702803800737,0.9158791257732783,0.9814876276003524
0.9321932193219322,0.9516623003237165,0.9159007517473132,0.9814724819970901
0.9326932693269328,0.9516543443888889,0.9159223245002299,0.9814573736668748
0.9331933193319333,0.9516464125536526,0.9159438441630045,0.9814423025179778
0.9336933693369338,0.9516385047957956,0.9159653108662908,0.9814272684588969
0.9341934193419341,0.9516306210928348,0.9159867247404213,0.9814122713983546
0.9346934693469346,0.9516227614220183,0.9160080859154075,0.9813973112452983
0.9351935193519352,0.9516149257603275,0.9160293945209409,0.9813823879088993
0.9356935693569357,0.9516071140844788,0.916050650686394,0.9813675012985524
0.9361936193619362,0.951599326370927,0.9160718545408209,0.9813526513238756
0.9366936693669368,0.9515915625958662,0.916093006212958,0.9813378378947092
0.9371937193719373,0.9515838227352321,0.916114105831225,0.9813230609211153
0.9376937693769376,0.9515761067647052,0.9161351535237254,0.9813083203133774
0.9381938193819381,0.9515684146597115,0.9161561494182477,0.981293615982
0.9386938693869387,0.9515607463954255,0.9161770936422657,0.9812789478377074
0.9391939193919392,0.9515531019467725,0.9161979863229395,0.9812643157914441
0.9396939693969397,0.9515454812884293,0.9162188275871163,0.9812497197543734
0.9401940194019403,0.9515378843948282,0.9162396175613311,0.9812351596378772
0.9406940694069408,0.9515303112401579,0.9162603563718076,0.981220635353556
0.9411941194119413,0.9515227617983654,0.9162810441444589,0.9812061468132272
0.9416941694169416,0.9515152360431588,0.916301681004888,0.9811916939289255
0.9421942194219421,0.9515077339480091,0.9163222670783889,0.9811772766129022
0.9426942694269427,0.951500255486152,0.9163428024899475,0.9811628947776244
0.9431943194319432,0.95149280063059,0.9163632873642416,0.9811485483357747
0.9436943694369437,0.9514853693540947,0.9163837218256426,0.9811342372002505
0.9441944194419443,0.9514779616292082,0.9164041059982159,0.9811199612841635
0.9446944694469448,0.9514705774282459,0.916424440005721,0.9811057205008393
0.9451945194519451,0.9514632167232981,0.9164447239716134,0.9810915147638171
0.9456945694569456,0.9514558794862318,0.9164649580190445,0.9810773439868483
0.9461946194619462,0.9514485656886926,0.9164851422708628,0.9810632080838971
0.9466946694669467,0.9514412753021075,0.9165052768496142,0.981049106969139
0.9471947194719472,0.951434008297686,0.9165253618775434,0.981035040556961
0.9476947694769478,0.9514267646464218,0.9165453974765939,0.9810210087619607
0.9481948194819483,0.9514195443190963,0.9165653837684092,0.9810070114989459
0.9486948694869488,0.9514123472862783,0.9165853208743338,0.9809930486829339
0.9491949194919491,0.951405173518328,0.9166052089154129,0.9809791202291515
0.9496949694969496,0.9513980229853974,0.9166250480123943,0.9809652260530336
0.9501950195019502,0.9513908956574333,0.9166448382857285,0.9809513660702237
0.9506950695069507,0.9513837915041782,0.9166645798555697,0.9809375401965726
0.9511951195119512,0.9513767104951728,0.9166842728417761,0.9809237483481384
0.9516951695169518,0.951369652599758,0.9167039173639112,0.9809099904411858
0.9521952195219523,0.9513626177870761,0.9167235135412443,0.9808962663921851
0.9526952695269526,0.9513556060260733,0.9167430614927508,0.9808825761178127
0.9531953195319531,0.9513486172855012,0.9167625613371138,0.9808689195349499
0.9536953695369537,0.9513416515339188,0.9167820131927238,0.9808552965606826
0.9541954195419542,0.9513347087396942,0.9168014171776805,0.9808417071123005
0.9546954695469547,0.9513277888710064,0.9168207734097926,0.980828151107297
0.9551955195519553,0.9513208918958473,0.916840082006579,0.9808146284633688
0.9556955695569558,0.9513140177820234,0.9168593430852692,0.9808011390984147
0.9561956195619563,0.9513071664971575,0.9168785567628044,0.9807876829305359
0.9566956695669566,0.9513003380086905,0.9168977231558381,0.9807742598780349
0.9571957195719571,0.9512935322838834,0.9169168423807363,0.9807608698594155
0.9576957695769577,0.9512867492898187,0.9169359145535793,0.9807475127933818
0.9581958195819582,0.9512799889934026,0.916954939790161,0.9807341885988382
0.9586958695869587,0.9512732513613663,0.9169739182059907,0.9807208971948885
0.9591959195919593,0.9512665363602681,0.9169928499162935,0.9807076385008358
0.9596959695969598,0.9512598439564948,0.9170117350360109,0.9806944124361815
0.9601960196019601,0.9512531741162638,0.9170305736798011,0.9806812189206253
0.9606960696069606,0.9512465268056243,0.9170493659620409,0.9806680578740646
0.9611961196119612,0.9512399019904597,0.917068111996825,0.9806549292165936
0.9616961696169617,0.9512332996364887,0.9170868118979676,0.9806418328685036
0.9621962196219622,0.9512267197092674,0.9171054657790028,0.9806287687502815
0.9626962696269628,0.9512201621741904,0.9171240737531849,0.9806157367826105
0.9631963196319633,0.9512136269964933,0.9171426359334902,0.9806027368863686
0.9636963696369638,0.9512071141412535,0.9171611524326164,0.9805897689826285
0.9641964196419641,0.9512006235733927,0.917179623362984,0.9805768329926574
0.9646964696469646,0.9511941552576779,0.9171980488367368,0.980563928837916
0.9651965196519652,0.9511877091587233,0.917216428965743,0.9805510564400584
0.9656965696569657,0.9511812852409918,0.9172347638615947,0.9805382157209316
0.9661966196619662,0.951174883468797,0.9172530536356104,0.9805254066025747
0.9666966696669668,0.9511685038063041,0.9172712983988336,0.980512629007219
0.9671967196719673,0.9511621462175324,0.9172894982620353,0.9804998828572867
0.9676967696769676,0.9511558106663562,0.9173076533357135,0.9804871680753915
0.9681968196819681,0.9511494971165066,0.9173257637300944,0.9804744845843371
0.9686968696869687,0.9511432055315733,0.9173438295551329,0.9804618323071173
0.9691969196919692,0.9511369358750057,0.9173618509205135,0.9804492111669153
0.9696969696969697,0.9511306881101149,0.9173798279356503,0.9804366210871038
0.9701970197019703,0.9511244622000754,0.9173977607096886,0.9804240619912437
0.9706970697069708,0.9511182581079257,0.9174156493515049,0.9804115338030838
0.9711971197119713,0.9511120757965712,0.9174334939697077,0.980399036446561
0.9716971697169716,0.9511059152287846,0.9174512946726384,0.9803865698457993
0.9721972197219722,0.951099776367208,0.9174690515683717,0.9803741339251092
0.9726972697269727,0.9510936591743542,0.917486764764716,0.9803617286089877
0.9731973197319732,0.9510875636126084,0.917504434369215,0.9803493538221175
0.9736973697369737,0.9510814896442294,0.9175220604891473,0.9803370094893668
0.9741974197419743,0.9510754372313518,0.9175396432315276,0.9803246955357884
0.9746974697469748,0.9510694063359864,0.9175571827031073,0.9803124118866198
0.9751975197519751,0.9510633969200224,0.9175746790103748,0.9803001584672824
0.9756975697569756,0.9510574089452289,0.917592132259557,0.9802879352033812
0.9761976197619762,0.9510514423732561,0.9176095425566189,0.9802757420207041
0.9766976697669767,0.9510454971656368,0.9176269100072648,0.980263578845222
0.9771977197719772,0.951039573283788,0.917644234716939,0.9802514456030875
0.9776977697769778,0.951033670689012,0.9176615167908263,0.9802393422206354
0.9781978197819783,0.9510277893424984,0.9176787563338524,0.9802272686243815
0.9786978697869788,0.9510219292053251,0.9176959534506851,0.9802152247410224
0.9791979197919791,0.9510160902384597,0.9177131082457345,0.9802032104974354
0.9796979697969797,0.9510102724027609,0.9177302208231536,0.9801912258206775
0.9801980198019802,0.9510044756589805,0.9177472912868392,0.9801792706379853
0.9806980698069807,0.9509986999677639,0.9177643197404324,0.9801673448767745
0.9811981198119812,0.9509929452896521,0.9177813062873194,0.9801554484646392
0.9816981698169818,0.9509872115850828,0.9177982510306317,0.9801435813293521
0.9821982198219823,0.950981498814392,0.9178151540732471,0.9801317433988632
0.9826982698269826,0.9509758069378151,0.9178320155177904,0.9801199346013003
0.9831983198319831,0.9509701359154885,0.9178488354666334,0.9801081548649677
0.9836983698369837,0.9509644857074507,0.9178656140218965,0.9800964041183462
0.9841984198419842,0.9509588562736442,0.9178823512854484,0.9800846822900926
0.9846984698469847,0.9509532475739157,0.9178990473589073,0.9800729893090395
0.9851985198519853,0.950947659568019,0.9179157023436412,0.9800613251041944
0.9856985698569858,0.9509420922156147,0.9179323163407687,0.9800496896047397
0.9861986198619863,0.9509365454762728,0.9179488894511595,0.9800380827400318
0.9866986698669866,0.9509310193094735,0.917965421775435,0.9800265044396012
0.9871987198719872,0.9509255136746082,0.9179819134139694,0.9800149546331517
0.9876987698769877,0.9509200285309815,0.9179983644668893,0.9800034332505602
0.9881988198819882,0.9509145638378116,0.9180147750340751,0.9799919402218761
0.9886988698869887,0.9509091195542325,0.9180311452151616,0.9799804754773209
0.9891989198919893,0.9509036956392947,0.9180474751095381,0.979969038947288
0.9896989698969898,0.9508982920519664,0.9180637648163495,0.979957630562342
0.9901990199019901,0.9508929087511354,0.9180800144344967,0.9799462502532182
0.9906990699069906,0.9508875456956095,0.918096224062637,0.9799348979508228
0.9911991199119912,0.9508822028441184,0.9181123937991852,0.9799235735862315
0.9916991699169917,0.9508768801553147,0.9181285237423137,0.97991227709069
0.9921992199219922,0.950871577587775,0.9181446139899534,0.979901008395613
0.9926992699269928,0.9508662951000013,0.9181606646397942,0.9798897674325842
0.9931993199319933,0.9508610326504222,0.9181766757892854,0.9798785541333555
0.9936993699369938,0.9508557901973942,0.9181926475356367,0.9798673684298467
0.9941994199419941,0.9508505676992026,0.9182085799758185,0.9798562102541455
0.9946994699469947,0.950845365114063,0.9182244732065625,0.9798450795385062
0.9951995199519952,0.9508401824001225,0.9182403273243626,0.9798339762153503
0.9956995699569957,0.9508350195154602,0.9182561424254747,0.9798229002172653
0.9961996199619962,0.9508298764180898,0.9182719186059184,0.9798118514770048
0.9966996699669968,0.9508247530659593,0.9182876559614767,0.9798008299274876
0.9971997199719973,0.9508196494169529,0.9183033545876966,0.9797898355017981
0.9976997699769976,0.950814565428892,0.9183190145798907,0.9797788681331848
0.9981998199819981,0.9508095010595367,0.9183346360331366,0.9797679277550609
0.9986998699869987,0.950804456266586,0.9183502190422775,0.9797570143010033
0.9991999199919992,0.9507994310076803,0.9183657637019241,0.9797461277047523
0.9996999699969997,0.9507944252404013,0.9183812701064535,0.9797352679002114
1.000200020002,0.9507894389222737,0.9183967383500111,0.9797244348214466
1.0007000700070008,0.9507844720107663,0.9184121685265101,0.9797136284026864
1.001200120012001,0.9507795244632932,0.9184275607296328,0.9797028485783209
1.0017001700170018,0.9507745962372143,0.918442915052831,0.9796920952829019
1.0022002200220022,0.9507696872898374,0.9184582315893267,0.9796813684511421
1.002700270027003,0.9507647975784183,0.9184735104321121,0.9796706680179149
1.0032003200320032,0.9507599270601625,0.9184887516739506,0.9796599939182541
1.0037003700370035,0.9507550756922264,0.9185039554073777,0.9796493460873532
1.0042004200420043,0.9507502434317175,0.9185191217247007,0.9796387244605653
1.0047004700470046,0.9507454302356966,0.918534250718,0.9796281289734027
1.0052005200520053,0.9507406360611779,0.9185493424791293,0.979617559561536
1.0057005700570056,0.9507358608651306,0.9185643970997164,0.9796070161607946
1.0062006200620064,0.95073110460448,0.9185794146711632,0.9795964987071655
1.0067006700670067,0.950726367236108,0.9185943952846473,0.9795860071367933
1.007200720072007,0.9507216487168549,0.9186093390311212,0.9795755413859799
1.0077007700770078,0.9507169490035197,0.9186242460013142,0.9795651013911838
1.008200820082008,0.9507122680528616,0.9186391162857319,0.97955468708902
1.0087008700870088,0.9507076058216007,0.9186539499746573,0.9795442984162593
1.0092009200920091,0.9507029622664194,0.9186687471581514,0.9795339353098282
1.0097009700970099,0.9506983373439631,0.9186835079260531,0.9795235977068086
1.0102010201020102,0.9506937310108411,0.9186982323679808,0.979513285544437
1.0107010701070105,0.9506891432236281,0.9187129205733318,0.9795029987601044
1.0112011201120112,0.9506845739388645,0.9187275726312837,0.9794927372913559
1.0117011701170116,0.950680023113058,0.9187421886307946,0.9794825010758903
1.0122012201220123,0.9506754907026843,0.9187567686606037,0.9794722900515599
1.0127012701270126,0.9506709766641879,0.9187713128092317,0.9794621041563697
1.0132013201320134,0.9506664809539833,0.9187858211649815,0.9794519433284773
1.0137013701370137,0.9506620035284561,0.9188002938159389,0.9794418075061926
1.0142014201420144,0.9506575443439637,0.9188147308499723,0.9794316966279772
1.0147014701470147,0.950653103356836,0.9188291323547347,0.9794216106324444
1.015201520152015,0.9506486805233769,0.9188434984176629,0.9794115494583582
1.0157015701570158,0.9506442757998651,0.9188578291259784,0.9794015130446335
1.016201620162016,0.9506398891425546,0.9188721245666883,0.9793915013303356
1.0167016701670168,0.9506355205076762,0.9188863848265857,0.9793815142546796
1.0172017201720172,0.950631169851438,0.9189006099922498,0.9793715517570303
1.017701770177018,0.9506268371300265,0.9189148001500468,0.9793616137769016
1.0182018201820182,0.9506225222996073,0.9189289553861304,0.9793517002539565
1.0187018701870185,0.9506182253163266,0.9189430757864424,0.9793418111280061
1.0192019201920193,0.9506139461363111,0.9189571614367129,0.9793319463390101
1.0197019701970196,0.9506096847156698,0.9189712124224612,0.9793221058270756
1.0202020202020203,0.9506054410104945,0.9189852288289959,0.9793122895324572
1.0207020702070206,0.9506012149768606,0.9189992107414159,0.9793024973955565
1.0212021202120214,0.9505970065708281,0.9190131582446105,0.9792927293569219
1.0217021702170217,0.9505928157484427,0.9190270714232602,0.979282985357248
1.022202220222022,0.9505886424657358,0.9190409503618372,0.9792732653373752
1.0227022702270228,0.9505844866787267,0.9190547951446054,0.9792635692382899
1.023202320232023,0.9505803483434222,0.9190686058556218,0.9792538970011233
1.0237023702370238,0.9505762274158182,0.9190823825787363,0.9792442485671519
1.0242024202420241,0.9505721238519,0.9190961253975924,0.9792346238777961
1.0247024702470249,0.9505680376076441,0.9191098343956281,0.9792250228746212
1.0252025202520252,0.9505639686390174,0.9191235096560756,0.9792154454993358
1.0257025702570255,0.9505599169019798,0.9191371512619624,0.9792058916937921
1.0262026202620262,0.9505558823524838,0.919150759296112,0.9791963613999854
1.0267026702670266,0.9505518649464758,0.9191643338411436,0.9791868545600539
1.0272027202720273,0.9505478646398968,0.9191778749794735,0.9791773711162779
1.0277027702770276,0.9505438813886833,0.9191913827933147,0.9791679110110799
1.0282028202820284,0.950539915148768,0.9192048573646783,0.9791584741870241
1.0287028702870287,0.9505359658760805,0.9192182987753734,0.9791490605868161
1.0292029202920294,0.9505320335265482,0.9192317071070079,0.9791396701533024
1.0297029702970297,0.9505281180560974,0.9192450824409886,0.9791303028294702
1.03020302030203,0.9505242194206531,0.9192584248585222,0.979120958558447
1.0307030703070308,0.9505203375761413,0.9192717344406153,0.9791116372835005
1.031203120312031,0.950516472478488,0.9192850112680755,0.9791023389480373
1.0317031703170318,0.9505126240836215,0.9192982554215111,0.9790930634956042
1.0322032203220322,0.9505087923474722,0.9193114669813326,0.9790838108698863
1.032703270327033,0.9505049772259738,0.9193246460277521,0.9790745810147075
1.0332033203320332,0.9505011786750637,0.9193377926407844,0.9790653738740298
1.0337033703370335,0.9504973966506841,0.9193509069002476,0.9790561893919535
1.0342034203420343,0.9504936311087826,0.9193639888857631,0.9790470275127161
1.0347034703470346,0.9504898820053129,0.9193770386767566,0.9790378881806923
1.0352035203520353,0.9504861492962353,0.9193900563524581,0.979028771340394
1.0357035703570356,0.950482432937518,0.9194030419919028,0.9790196769364694
1.0362036203620364,0.9504787328851373,0.9194159956739314,0.9790106049137031
1.0367036703670367,0.9504750490950784,0.9194289174771904,0.9790015552170153
1.037203720372037,0.9504713815233363,0.9194418074801328,0.9789925277914621
1.0377037703770378,0.9504677301259165,0.9194546657610189,0.9789835225822345
1.038203820382038,0.9504640948588352,0.9194674923979157,0.9789745395346588
1.0387038703870388,0.9504604756781208,0.9194802874686986,0.9789655785941954
1.0392039203920391,0.9504568725398138,0.9194930510510513,0.9789566397064391
1.0397039703970399,0.9504532853999681,0.9195057832224662,0.9789477228171186
1.0402040204020402,0.9504497142146514,0.919518484060245,0.9789388278720963
1.0407040704070405,0.9504461589399458,0.9195311536414992,0.9789299548173676
1.0412041204120412,0.9504426195319485,0.9195437920431505,0.9789211035990607
1.0417041704170416,0.9504390959467727,0.9195563993419315,0.978912274163437
1.0422042204220423,0.9504355881405478,0.9195689756143854,0.9789034664568893
1.0427042704270426,0.9504320960694207,0.9195815209368678,0.978894680425943
1.0432043204320434,0.9504286196895558,0.9195940353855458,0.9788859160172547
1.0437043704370437,0.9504251589571361,0.9196065190363993,0.9788771731776127
1.0442044204420444,0.9504217138283634,0.9196189719652212,0.9788684518539357
1.0447044704470447,0.9504182842594595,0.919631394247618,0.9788597519932734
1.045204520452045,0.9504148702066665,0.9196437859590095,0.9788510735428056
1.0457045704570458,0.9504114716262472,0.9196561471746308,0.9788424164498425
1.046204620462046,0.9504080884744862,0.9196684779695313,0.9788337806618235
1.0467046704670468,0.9504047207076902,0.9196807784185759,0.9788251661263174
1.0472047204720472,0.9504013682821889,0.9196930485964451,0.9788165727910224
1.047704770477048,0.950398031154335,0.9197052885776356,0.9788080006037652
1.0482048204820482,0.9503947092805056,0.919717498436461,0.9787994495125006
1.0487048704870485,0.9503914026171024,0.9197296782470519,0.9787909194653119
1.0492049204920493,0.9503881111205521,0.9197418280833562,0.9787824104104101
1.0497049704970496,0.9503848347473072,0.9197539480191405,0.9787739222961336
1.0502050205020503,0.9503815734538468,0.9197660381279891,0.9787654550709477
1.0507050705070506,0.9503783271966768,0.9197780984833055,0.978757008683445
1.0512051205120514,0.9503750959323307,0.9197901291583127,0.978748583082344
1.0517051705170517,0.9503718796173702,0.9198021302260535,0.9787401782164901
1.052205220522052,0.9503686782083857,0.9198141017593906,0.9787317940348541
1.0527052705270528,0.9503654916619965,0.9198260438310077,0.9787234304865324
1.053205320532053,0.950362319934852,0.9198379565134096,0.9787150875207471
1.0537053705370538,0.9503591629836321,0.9198498398789227,0.9787067650868447
1.0542054205420541,0.9503560207650473,0.919861693999695,0.9786984631342969
1.0547054705470549,0.9503528932358398,0.9198735189476975,0.978690181612699
1.0552055205520552,0.9503497803527837,0.9198853147947239,0.9786819204717714
1.055705570557056,0.9503466820726858,0.9198970816123909,0.9786736796613571
1.0562056205620562,0.9503435983523857,0.9199088194721394,0.9786654591314234
1.0567056705670566,0.9503405291487568,0.9199205284452343,0.9786572588320605
1.0572057205720573,0.9503374744187066,0.9199322086027651,0.9786490787134811
1.0577057705770576,0.9503344341191774,0.9199438600156463,0.9786409187260207
1.0582058205820584,0.9503314082071465,0.919955482754618,0.978632778820137
1.0587058705870587,0.9503283966396269,0.9199670768902461,0.9786246589464098
1.0592059205920594,0.9503253993736678,0.9199786424929229,0.9786165590555402
1.0597059705970597,0.9503224163663553,0.9199901796328677,0.9786084790983507
1.06020602060206,0.9503194475748125,0.9200016883801263,0.978600419025785
1.0607060706070608,0.9503164929562004,0.920013168804573,0.9785923787889074
1.061206120612061,0.9503135524677179,0.9200246209759094,0.9785843583389026
1.0617061706170619,0.950310626066603,0.9200360449636661,0.9785763576270754
1.0622062206220622,0.9503077137101327,0.9200474408372022,0.9785683766048506
1.062706270627063,0.9503048153556234,0.9200588086657063,0.9785604152237726
1.0632063206320632,0.9503019309604323,0.9200701485181969,0.9785524734355046
1.0637063706370635,0.9502990604819563,0.9200814604635221,0.9785445511918293
1.0642064206420643,0.9502962038776344,0.9200927445703613,0.9785366484446477
1.0647064706470646,0.9502933611049464,0.9201040009072241,0.9785287651459793
1.0652065206520653,0.9502905321214145,0.9201152295424522,0.9785209012479618
1.0657065706570656,0.9502877168846031,0.9201264305442187,0.9785130567028504
1.0662066206620664,0.95028491535212,0.920137603980529,0.978505231463018
1.0667066706670667,0.9502821274816158,0.9201487499192212,0.9784974254809549
1.067206720672067,0.9502793532307853,0.9201598684279664,0.9784896387092676
1.0677067706770678,0.9502765925573676,0.9201709595742693,0.9784818711006802
1.068206820682068,0.9502738454191464,0.9201820234254682,0.9784741226080323
1.0687068706870688,0.9502711117739505,0.9201930600487359,0.9784663931842803
1.0692069206920691,0.9502683915796545,0.9202040695110798,0.9784586827824957
1.0697069706970699,0.9502656847941788,0.9202150518793426,0.978450991355866
1.0702070207020702,0.9502629913754905,0.9202260072202021,0.9784433188576935
1.070707070707071,0.9502603112816033,0.9202369356001724,0.9784356652413957
1.0712071207120712,0.9502576444705783,0.9202478370856035,0.9784280304605047
1.0717071707170716,0.9502549909005243,0.9202587117426828,0.978420414468667
1.0722072207220723,0.9502523505295983,0.920269559637434,0.9784128172196429
1.0727072707270726,0.9502497233160058,0.9202803808357187,0.9784052386673068
1.0732073207320734,0.9502471092180009,0.9202911754032366,0.9783976787656464
1.0737073707370737,0.9502445081938876,0.9203019434055254,0.9783901374687629
1.0742074207420744,0.9502419202020193,0.9203126849079616,0.9783826147308702
1.0747074707470747,0.9502393452007993,0.920323399975761,0.9783751105062949
1.075207520752075,0.9502367831486819,0.9203340886739786,0.9783676247494763
1.0757075707570758,0.950234234004172,0.9203447510675095,0.9783601574149652
1.076207620762076,0.9502316977258257,0.920355387221089,0.9783527084574251
1.0767076707670769,0.9502291742722511,0.9203659971992932,0.9783452778316303
1.0772077207720772,0.950226663602108,0.9203765810665392,0.9783378654924667
1.077707770777078,0.9502241656741086,0.9203871388870855,0.9783304713949316
1.0782078207820782,0.9502216804470184,0.9203976707250326,0.9783230954941322
1.0787078707870785,0.9502192078796552,0.9204081766443233,0.9783157377452871
1.0792079207920793,0.9502167479308912,0.9204186567087427,0.9783083981037245
1.0797079707970796,0.9502143005596516,0.9204291109819193,0.9783010765248826
1.0802080208020803,0.9502118657249167,0.9204395395273248,0.9782937729643096
1.0807080708070806,0.9502094433857206,0.9204499424082749,0.9782864873776628
1.0812081208120814,0.9502070335011528,0.9204603196879292,0.9782792197207086
1.0817081708170817,0.9502046360303579,0.9204706714292921,0.9782719699493225
1.082208220822082,0.9502022509325362,0.9204809976952127,0.9782647380194884
1.0827082708270828,0.9501998781669438,0.9204912985483859,0.9782575238872986
1.083208320832083,0.9501975176928935,0.9205015740513517,0.9782503275089534
1.0837083708370838,0.950195169469754,0.9205118242664966,0.9782431488407608
1.0842084208420841,0.9501928334569517,0.9205220492560534,0.9782359878391366
1.0847084708470849,0.9501905096139698,0.9205322490821018,0.9782288444606038
1.0852085208520852,0.9501881979003494,0.9205424238065689,0.978221718661792
1.085708570857086,0.9501858982756893,0.9205525734912291,0.978214610399438
1.0862086208620862,0.9501836106996467,0.9205626981977049,0.978207519630385
1.0867086708670866,0.9501813351319373,0.920572797987467,0.9782004463115822
1.0872087208720873,0.9501790715323357,0.9205828729218353,0.9781933904000849
1.0877087708770876,0.9501768198606756,0.920592923061978,0.978186351853054
1.0882088208820884,0.9501745800768504,0.9206029484689138,0.978179330627756
1.0887088708870887,0.950172352140813,0.9206129492035101,0.9781723266815622
1.0892089208920894,0.9501701360125765,0.9206229253264855,0.9781653399719492
1.0897089708970897,0.9501679316522145,0.9206328768984084,0.9781583704564982
1.09020902090209,0.9501657390198612,0.9206428039796988,0.9781514180928945
1.0907090709070908,0.9501635580757116,0.9206527066306274,0.9781444828389277
1.091209120912091,0.9501613887800223,0.920662584911317,0.9781375646524916
1.0917091709170919,0.9501592310931111,0.9206724388817423,0.978130663491583
1.0922092209220922,0.9501570849753578,0.9206822686017305,0.9781237793143025
1.092709270927093,0.9501549503872042,0.9206920741309613,0.9781169120788538
1.0932093209320932,0.9501528272891546,0.9207018555289678,0.9781100617435433
1.0937093709370935,0.9501507156417759,0.9207116128551365,0.97810322826678
1.0942094209420943,0.9501486154056977,0.9207213461687076,0.9780964116070754
1.0947094709470946,0.9501465265416132,0.9207310555287759,0.9780896117230431
1.0952095209520953,0.9501444490102787,0.9207407409942903,0.9780828285733985
1.0957095709570956,0.9501423827725143,0.9207504026240549,0.9780760621169583
1.0962096209620964,0.9501403277892041,0.9207600404767292,0.9780693123126412
1.0967096709670967,0.9501382840212963,0.920769654610828,0.9780625791194664
1.097209720972097,0.9501362514298037,0.9207792450847223,0.9780558624965542
1.0977097709770978,0.950134229975804,0.9207888119566395,0.9780491624031257
1.098209820982098,0.9501322196204394,0.9207983552846635,0.9780424787985019
1.0987098709870988,0.9501302203249176,0.9208078751267355,0.9780358116421043
1.0992099209920991,0.9501282320505117,0.9208173715406539,0.978029160893454
1.0997099709970999,0.9501262547585606,0.920826844584075,0.978022526512172
1.1002100210021002,0.9501242884104689,0.9208362943145132,0.9780159084579785
1.100710071007101,0.9501223329677077,0.9208457207893412,0.9780093066906927
1.1012101210121013,0.950120388391814,0.9208551240657907,0.978002721170233
1.1017101710171016,0.9501184546443919,0.9208645042009524,0.9779961518566161
1.1022102210221023,0.9501165316871121,0.9208738612517767,0.9779895987099574
1.1027102710271026,0.9501146194817123,0.9208831952750738,0.9779830616904701
1.1032103210321034,0.9501127179899976,0.9208925063275136,0.9779765407584659
1.1037103710371037,0.9501108271738408,0.9209017944656275,0.9779700358743534
1.1042104210421044,0.950108946995182,0.9209110597458068,0.9779635469986393
1.1047104710471047,0.9501070774160295,0.9209203022243045,0.9779570740919271
1.105210521052105,0.9501052183984596,0.9209295219572354,0.9779506171149175
1.1057105710571058,0.9501033699046171,0.9209387190005757,0.9779441760284078
1.106210621062106,0.9501015318967152,0.920947893410164,0.9779377507932916
1.1067106710671069,0.9500997043370359,0.9209570452417017,0.977931341370559
1.1072107210721072,0.9500978871879302,0.9209661745507529,0.9779249477212961
1.107710771077108,0.9500960804118183,0.920975281392745,0.9779185698066847
1.1082108210821082,0.9500942839711894,0.920984365822969,0.977912207588002
1.1087108710871085,0.9500924978286027,0.9209934278965799,0.9779058610266207
1.1092109210921093,0.9500907219466869,0.9210024676685968,0.9778995300840084
1.1097109710971096,0.9500889562881404,0.9210114851939037,0.9778932147217276
1.1102110211021103,0.950087200815732,0.9210204805272492,0.9778869149014355
1.1107110711071106,0.9500854554923006,0.9210294537232472,0.9778806305848836
1.1112111211121114,0.9500837202807558,0.9210384048363776,0.9778743617339172
1.1117111711171117,0.9500819951440774,0.9210473339209856,0.9778681083104761
1.112211221122112,0.9500802800453165,0.9210562410312831,0.9778618702765932
1.1127112711271128,0.9500785749475947,0.9210651262213486,0.9778556475943952
1.113211321132113,0.9500768798141052,0.9210739895451272,0.9778494402261019
1.1137113711371138,0.950075194608112,0.9210828310564315,0.9778432481340261
1.1142114211421141,0.950073519292951,0.9210916508089417,0.9778370712805732
1.1147114711471149,0.9500718538320295,0.9211004488562056,0.9778309096282414
1.1152115211521152,0.950070198188827,0.9211092252516395,0.9778247631396207
1.115711571157116,0.9500685523268942,0.9211179800485281,0.9778186317773939
1.1162116211621163,0.9500669162098547,0.921126713300025,0.977812515504335
1.1167116711671166,0.9500652898014038,0.9211354250591532,0.9778064142833099
1.1172117211721173,0.9500636730653097,0.9211441153788048,0.9778003280772758
1.1177117711771176,0.9500620659654128,0.9211527843117421,0.977794256849281
1.1182118211821184,0.9500604684656261,0.9211614319105972,0.9777882005624651
1.1187118711871187,0.950058880529936,0.9211700582278731,0.9777821591800577
1.1192119211921194,0.9500573021224016,0.9211786633159432,0.9777761326653798
1.1197119711971197,0.9500557332071549,0.9211872472270524,0.9777701209818419
1.12021202120212,0.9500541737484014,0.9211958100133165,0.9777641240929449
1.1207120712071208,0.9500526237104202,0.9212043517267235,0.9777581419622795
1.121212121212121,0.9500510830575637,0.9212128724191334,0.977752174553526
1.1217121712171219,0.950049551754258,0.9212213721422784,0.977746221830454
1.1222122212221222,0.950048029765003,0.9212298509477636,0.9777402837569222
1.122712271227123,0.9500465170543727,0.9212383088870666,0.9777343602968787
1.1232123212321232,0.9500450135870149,0.921246746011539,0.9777284514143596
1.1237123712371235,0.9500435193276519,0.9212551623724057,0.97772255707349
1.1242124212421243,0.9500420342410799,0.9212635580207654,0.9777166772384832
1.1247124712471246,0.9500405582921699,0.9212719330075914,0.9777108118736406
1.1252125212521253,0.9500390914458672,0.921280287383731,0.9777049609433514
1.1257125712571256,0.9500376336671918,0.9212886211999071,0.9776991244120923
1.1262126212621264,0.9500361849212386,0.9212969345067172,0.9776933022444276
1.1267126712671267,0.9500347451731771,0.9213052273546345,0.9776874944050089
1.127212721272127,0.9500333143882521,0.9213134997940079,0.9776817008585745
1.1277127712771278,0.9500318925317832,0.9213217518750625,0.9776759215699496
1.128212821282128,0.9500304795691654,0.9213299836478996,0.9776701565040462
1.1287128712871288,0.9500290754658689,0.9213381951624977,0.9776644056258623
1.1292129212921291,0.9500276801874392,0.9213463864687116,0.9776586689004823
1.1297129712971299,0.9500262936994975,0.9213545576162739,0.9776529462930762
1.1302130213021302,0.9500249159677405,0.9213627086547946,0.9776472377689001
1.130713071307131,0.9500235469579406,0.9213708396337618,0.9776415432932953
1.1312131213121313,0.9500221866359457,0.9213789506025416,0.9776358628316887
1.1317131713171316,0.9500208349676801,0.9213870416103787,0.977630196349592
1.1322132213221323,0.9500194919191436,0.9213951127063965,0.977624543812602
1.1327132713271326,0.9500181574564122,0.9214031639395979,0.9776189051863999
1.1332133213321334,0.9500168315456381,0.9214111953588645,0.9776132804367517
1.1337133713371337,0.9500155141530495,0.9214192070129584,0.9776076695295073
1.1342134213421344,0.9500142052449511,0.9214271989505213,0.9776020724306007
1.1347134713471347,0.9500129047877239,0.921435171220075,0.9775964891060501
1.135213521352135,0.9500116127478253,0.9214431238700221,0.977590919521957
1.1357135713571358,0.9500103290917892,0.9214510569486464,0.9775853636445063
1.136213621362136,0.9500090537862262,0.9214589705041123,0.9775798214399662
1.1367136713671369,0.9500077867978236,0.9214668645844659,0.9775742928746881
1.1372137213721372,0.9500065280933452,0.9214747392376352,0.9775687779151058
1.137713771377138,0.9500052776396316,0.9214825945114301,0.977563276527736
1.1382138213821382,0.9500040354036008,0.921490430453543,0.9775577886791779
1.1387138713871385,0.950002801352247,0.9214982471115485,0.9775523143361126
1.1392139213921393,0.9500015754526419,0.9215060445329047,0.9775468534653033
1.1397139713971396,0.950000357671934,0.9215138227649525,0.9775414060335951
1.1402140214021403,0.9499991479773491,0.9215215818549166,0.9775359720079146
1.1407140714071407,0.9499979463361901,0.9215293218499052,0.9775305513552698
1.1412141214121414,0.949996752715837,0.9215370427969106,0.9775251440427499
1.1417141714171417,0.9499955670837472,0.9215447447428097,0.9775197500375252
1.142214221422142,0.9499943894074556,0.9215524277343636,0.9775143693068467
1.1427142714271428,0.9499932196545743,0.9215600918182189,0.9775090018180458
1.143214321432143,0.9499920577927926,0.9215677370409069,0.9775036475385347
1.1437143714371438,0.9499909037898778,0.9215753634488446,0.9774983064358054
1.1442144214421441,0.9499897576136743,0.9215829710883349,0.9774929784774302
1.1447144714471449,0.9499886192321044,0.9215905600055664,0.9774876636310611
1.1452145214521452,0.9499874886131678,0.9215981302466144,0.9774823618644296
1.145714571457146,0.9499863657249419,0.9216056818574404,0.9774770731453468
1.1462146214621463,0.9499852505355817,0.9216132148838934,0.9774717974417029
1.1467146714671466,0.9499841430133201,0.9216207293717088,0.9774665347214672
1.1472147214721473,0.9499830431264678,0.92162822536651,0.9774612849526876
1.1477147714771476,0.9499819508434131,0.921635702913808,0.977456048103491
1.1482148214821484,0.9499808661326222,0.9216431620590019,0.9774508241420824
1.1487148714871487,0.9499797889626393,0.9216506028473787,0.9774456130367454
1.1492149214921494,0.9499787193020865,0.9216580253241141,0.9774404147558412
1.1497149714971497,0.9499776571196635,0.921665429534273,0.9774352292678093
1.15021502150215,0.9499766023841484,0.921672815522809,0.9774300565411667
1.1507150715071508,0.9499755550643968,0.921680183334565,0.9774248965445076
1.151215121512151,0.9499745151293427,0.921687533014274,0.977419749246504
1.1517151715171519,0.949973482547998,0.9216948646065585,0.9774146146159046
1.1522152215221522,0.9499724572894526,0.9217021781559311,0.9774094926215353
1.152715271527153,0.9499714393228743,0.9217094737067955,0.9774043832322984
1.1532153215321532,0.9499704286175094,0.9217167513034454,0.9773992864171731
1.1537153715371535,0.9499694251426819,0.9217240109900658,0.9773942021452146
1.1542154215421543,0.949968428867794,0.9217312528107331,0.9773891303855544
1.1547154715471546,0.9499674397623262,0.9217384768094149,0.9773840711074001
1.1552155215521553,0.949966457795837,0.9217456830299708,0.9773790242800348
1.1557155715571557,0.9499654829379629,0.9217528715161526,0.9773739898728174
1.1562156215621564,0.9499645151584188,0.921760042311604,0.9773689678551821
1.1567156715671567,0.9499635544269978,0.9217671954598619,0.9773639581966386
1.157215721572157,0.9499626007135707,0.9217743310043554,0.977358960866771
1.1577157715771578,0.9499616539880871,0.9217814489884071,0.977353975835239
1.158215821582158,0.9499607142205742,0.921788549455233,0.9773490030717764
1.1587158715871588,0.9499597813811377,0.9217956324479427,0.977344042546192
1.1592159215921591,0.9499588554399615,0.9218026980095396,0.9773390942283683
1.15971597159716,0.9499579363673076,0.9218097461829213,0.9773341580882624
1.1602160216021602,0.949957024133516,0.92181677701088,0.9773292340959051
1.160716071607161,0.9499561187090052,0.9218237905361024,0.977324322221401
1.1612161216121613,0.9499552200642716,0.9218307868011701,0.9773194224349284
1.1617161716171616,0.9499543281698898,0.9218377658485603,0.9773145347067388
1.1622162216221623,0.9499534429965126,0.9218447277206451,0.9773096590071569
1.1627162716271626,0.949952564514871,0.9218516724596927,0.9773047953065807
1.1632163216321634,0.9499516926957741,0.9218586001078672,0.9772999435754808
1.1637163716371637,0.9499508275101088,0.9218655107072289,0.9772951037844005
1.1642164216421644,0.9499499689288406,0.9218724042997346,0.9772902759039557
1.1647164716471647,0.949949116923013,0.9218792809272379,0.9772854599048345
1.165216521652165,0.949948271463747,0.9218861406314894,0.9772806557577972
1.1657165716571658,0.9499474325222427,0.9218929834541368,0.977275863433676
1.166216621662166,0.949946600069777,0.9218998094367254,0.977271082903375
1.1667166716671669,0.9499457740777061,0.9219066186206984,0.9772663141378698
1.1672167216721672,0.9499449545174631,0.9219134110473968,0.9772615571082075
1.167716771677168,0.9499441413605596,0.9219201867580599,0.9772568117855063
1.1682168216821682,0.9499433345785854,0.9219269457938256,0.9772520781409557
1.1687168716871685,0.9499425341432076,0.9219336881957305,0.9772473561458159
1.1692169216921693,0.9499417400261717,0.9219404140047102,0.977242645771418
1.1697169716971696,0.949940952199301,0.9219471232615997,0.9772379469891634
1.1702170217021703,0.9499401706344964,0.9219538160071331,0.9772332597705243
1.1707170717071707,0.949939395303737,0.9219604922819449,0.9772285840870427
1.1712171217121714,0.9499386261790793,0.921967152126569,0.9772239199103309
1.1717171717171717,0.9499378632326579,0.9219737955814399,0.9772192672120709
1.172217221722172,0.949937106436685,0.9219804226868923,0.9772146259640143
1.1727172717271728,0.9499363557634505,0.921987033483162,0.9772099961379825
1.173217321732173,0.9499356111853218,0.9219936280103856,0.9772053777058662
1.1737173717371738,0.9499348726747442,0.9220002063086008,0.9772007706396251
1.1742174217421741,0.9499341402042405,0.922006768417747,0.977196174911288
1.174717471747175,0.949933413746411,0.922013314377665,0.9771915904929523
1.1752175217521752,0.9499326932739337,0.922019844228098,0.9771870173567847
1.175717571757176,0.9499319787595637,0.922026358008691,0.9771824554750198
1.1762176217621763,0.9499312701761338,0.9220328557589916,0.9771779048199607
1.1767176717671766,0.9499305674965542,0.92203933751845,0.9771733653639788
1.1772177217721773,0.9499298706938125,0.9220458033264195,0.9771688370795132
1.1777177717771776,0.9499291797409734,0.9220522532221563,0.9771643199390712
1.1782178217821784,0.949928494611179,0.9220586872448202,0.9771598139152273
1.1787178717871787,0.9499278152776485,0.9220651054334744,0.977155318980624
1.1792179217921794,0.9499271417136784,0.9220715078270861,0.977150835107971
1.1797179717971797,0.9499264738926423,0.9220778944645268,0.9771463622700446
1.18021802180218,0.9499258117879907,0.9220842653845721,0.977141900439689
1.1807180718071808,0.9499251553732515,0.922090620625902,0.9771374495898144
1.181218121812181,0.949924504622029,0.9220969602271017,0.9771330096933983
1.1817181718171819,0.9499238595080051,0.9221032842266613,0.9771285807234845
1.1822182218221822,0.9499232200049378,0.922109592662976,0.9771241626531828
1.182718271827183,0.9499225860866625,0.9221158855743468,0.9771197554556696
1.1832183218321832,0.9499219577270911,0.9221221629989802,0.9771153591041873
1.1837183718371835,0.9499213349002121,0.9221284249749888,0.9771109735720438
1.1842184218421843,0.9499207175800911,0.9221346715403914,0.9771065988326131
1.1847184718471846,0.9499201057408698,0.9221409027331132,0.9771022348593343
1.1852185218521853,0.9499194993567665,0.9221471185909861,0.9770978816257123
1.1857185718571857,0.949918898402076,0.9221533191517488,0.977093539105317
1.1862186218621864,0.9499183028511697,0.9221595044530473,0.9770892072717833
1.1867186718671867,0.949917712678495,0.9221656745324348,0.9770848860988111
1.187218721872187,0.9499171278585758,0.9221718294273721,0.9770805755601647
1.1877187718771878,0.9499165483660122,0.922177969175228,0.9770762756296735
1.188218821882188,0.9499159741754805,0.922184093813279,0.9770719862812309
1.1887188718871888,0.9499154052617326,0.9221902033787102,0.9770677074887948
1.1892189218921891,0.949914841599597,0.9221962979086149,0.9770634392263869
1.18971897189719,0.9499142831639781,0.9222023774399953,0.9770591814680931
1.1902190219021902,0.9499137299298558,0.9222084420097626,0.977054934188063
1.190719071907191,0.9499131818722859,0.9222144916547369,0.9770506973605096
1.1912191219121913,0.9499126389664003,0.9222205264116479,0.9770464709597099
1.1917191719171916,0.9499121011874063,0.9222265463171349,0.9770422549600035
1.1922192219221923,0.9499115685105867,0.9222325514077467,0.9770380493357936
1.1927192719271926,0.9499110409112999,0.9222385417199429,0.9770338540615465
1.1932193219321934,0.9499105183649799,0.9222445172900925,0.9770296691117909
1.1937193719371937,0.949910000847136,0.9222504781544756,0.9770254944611185
1.1942194219421944,0.9499094883333525,0.9222564243492828,0.9770213300841835
1.1947194719471947,0.9499089807992895,0.9222623559106156,0.9770171759557023
1.195219521952195,0.9499084782206818,0.9222682728744868,0.9770130320504536
1.1957195719571958,0.9499079805733394,0.9222741752768202,0.9770088983432785
1.1962196219621961,0.9499074878331473,0.9222800631534519,0.9770047748090795
1.1967196719671969,0.9499069999760653,0.922285936540129,0.9770006614228212
1.1972197219721972,0.9499065169781284,0.9222917954725113,0.9769965581595296
1.197719771977198,0.9499060388154459,0.9222976399861704,0.9769924649942924
1.1982198219821982,0.949905565464202,0.9223034701165905,0.9769883819022583
1.1987198719871985,0.9499050969006555,0.9223092858991685,0.9769843088586376
1.1992199219921993,0.9499046331011396,0.9223150873692142,0.9769802458387011
1.1997199719971996,0.9499041740420621,0.9223208745619504,0.9769761928177808
1.2002200220022003,0.9499037196999048,0.9223266475125135,0.9769721497712693
1.2007200720072007,0.9499032700512243,0.9223324062559529,0.9769681166746198
1.2012201220122014,0.9499028250726508,0.9223381508272324,0.9769640935033458
1.2017201720172017,0.949902384740889,0.9223438812612291,0.9769600802330212
1.202220222022202,0.9499019490327172,0.9223495975927348,0.9769560768392799
1.2027202720272028,0.949901517924988,0.9223552998564555,0.9769520832978158
1.203220322032203,0.9499010913946276,0.9223609880870115,0.9769480995843827
1.2037203720372038,0.949900669418636,0.9223666623189385,0.9769441256747939
1.2042204220422041,0.9499002519740869,0.9223723225866866,0.9769401615449225
1.204720472047205,0.9498998390381274,0.9223779689246215,0.9769362071707006
1.2052205220522052,0.949899430587978,0.9223836013670241,0.9769322625281199
1.205720572057206,0.9498990266009328,0.9223892199480913,0.9769283275932309
1.2062206220622063,0.949898627054359,0.9223948247019353,0.9769244023421432
1.2067206720672066,0.9498982319256971,0.9224004156625848,0.976920486751025
1.2072207220722073,0.9498978411924607,0.9224059928639845,0.9769165807961036
1.2077207720772076,0.9498974548322362,0.9224115563399958,0.9769126844536641
1.2082208220822084,0.949897072822683,0.9224171061243964,0.9769087977000507
1.2087208720872087,0.9498966951415333,0.9224226422508814,0.9769049205116653
1.2092209220922094,0.949896321766592,0.9224281647530624,0.9769010528649682
1.2097209720972097,0.9498959526757368,0.9224336736644687,0.9768971947364774
1.21022102210221,0.9498955878469175,0.9224391690185468,0.9768933461027688
1.2107210721072108,0.9498952272581566,0.9224446508486612,0.9768895069404757
1.2112211221122111,0.9498948708875489,0.9224501191880942,0.9768856772262895
1.2117211721172119,0.9498945187132612,0.9224555740700457,0.9768818569369583
1.2122212221222122,0.9498941707135329,0.9224610155276348,0.9768780460492879
1.212721272127213,0.9498938268666747,0.9224664435938984,0.9768742445401407
1.2132213221322132,0.9498934871510697,0.9224718583017922,0.9768704523864367
1.2137213721372135,0.9498931515451727,0.922477259684191,0.976866669565152
1.2142214221422143,0.9498928200275104,0.9224826477738886,0.97686289605332
1.2147214721472146,0.9498924925766805,0.9224880226035981,0.9768591318280301
1.2152215221522153,0.9498921691713529,0.922493384205952,0.9768553768664282
1.2157215721572157,0.9498918497902685,0.9224987326135027,0.9768516311457168
1.2162216221622164,0.9498915344122395,0.9225040678587222,0.9768478946431541
1.2167216721672167,0.9498912230161494,0.9225093899740029,0.9768441673360545
1.217221722172217,0.9498909155809527,0.9225146989916573,0.976840449201788
1.2177217721772178,0.949890612085675,0.9225199949439185,0.9768367402177806
1.218221822182218,0.9498903125094127,0.9225252778629399,0.9768330403615134
1.2187218721872188,0.9498900168313328,0.9225305477807962,0.9768293496105235
1.2192219221922191,0.949889725030673,0.9225358047294833,0.9768256679424028
1.21972197219722,0.9498894370867418,0.9225410487409177,0.9768219953347986
1.2202220222022202,0.9498891529789179,0.9225462798469379,0.9768183317654131
1.220722072207221,0.9498888726866502,0.9225514980793039,0.9768146772120035
1.2212221222122213,0.9498885961894583,0.9225567034696975,0.9768110316523816
1.2217221722172216,0.9498883234669313,0.9225618960497226,0.9768073950644138
1.2222222222222223,0.9498880544987286,0.9225670758509051,0.9768037674260212
1.2227222722272226,0.9498877892645796,0.9225722429046938,0.9768001487151788
1.2232223222322234,0.9498875277442833,0.9225773972424595,0.9767965389099162
1.2237223722372237,0.9498872699177082,0.9225825388954961,0.976792937988317
1.2242224222422244,0.9498870157647927,0.9225876678950208,0.9767893459285186
1.2247224722472247,0.9498867652655444,0.9225927842721734,0.9767857627087123
1.225222522252225,0.9498865184000401,0.9225978880580173,0.976782188307143
1.2257225722572258,0.9498862751484262,0.9226029792835396,0.9767786227021092
1.2262226222622261,0.9498860354909179,0.922608057979651,0.9767750658719629
1.2267226722672269,0.9498857994077993,0.922613124177186,0.9767715177951091
1.2272227222722272,0.9498855668794235,0.9226181779069036,0.9767679784500062
1.227722772277228,0.9498853378862124,0.9226232191994866,0.9767644478151655
1.2282228222822282,0.9498851124086565,0.9226282480855429,0.9767609258691511
1.2287228722872285,0.9498848904273145,0.9226332645956044,0.9767574125905801
1.2292229222922293,0.949884671922814,0.9226382687601283,0.9767539079581222
1.2297229722972296,0.9498844568758504,0.9226432606094968,0.9767504119504993
1.2302230223022304,0.9498842452671877,0.9226482401740173,0.9767469245464857
1.2307230723072307,0.9498840370776576,0.9226532074839223,0.9767434457249085
1.2312231223122314,0.9498838322881596,0.9226581625693706,0.976739975464646
1.2317231723172317,0.9498836308796617,0.922663105460446,0.9767365137446293
1.232223222322232,0.9498834328331985,0.9226680361871589,0.9767330605438409
1.2327232723272328,0.9498832381298733,0.9226729547794453,0.9767296158413152
1.233223322332233,0.949883046750856,0.922677861267168,0.9767261796161381
1.2337233723372338,0.9498828586773841,0.922682755680116,0.976722751847447
1.2342234223422341,0.9498826738907624,0.9226876380480052,0.9767193325144305
1.234723472347235,0.9498824923723628,0.9226925084004782,0.9767159215963288
1.2352235223522352,0.9498823141036237,0.9226973667671047,0.9767125190724328
1.235723572357236,0.949882139066051,0.9227022131773817,0.9767091249220846
1.2362236223622363,0.9498819672412168,0.9227070476607334,0.9767057391246771
1.2367236723672366,0.9498817986107599,0.9227118702465119,0.9767023616596536
1.2372237223722373,0.949881633156386,0.922716680963997,0.9766989925065086
1.2377237723772376,0.9498814708598663,0.922721479842396,0.9766956316447866
1.2382238223822384,0.9498813117030389,0.922726266910845,0.9766922790540825
1.2387238723872387,0.9498811556678077,0.9227310421984078,0.9766889347140415
1.2392239223922394,0.9498810027361427,0.9227358057340773,0.9766855986043588
1.2397239723972397,0.9498808528900798,0.9227405575467743,0.9766822707047799
1.24022402240224,0.9498807061117203,0.9227452976653491,0.9766789509950996
1.2407240724072408,0.9498805623832313,0.9227500261185806,0.9766756394551628
1.2412241224122411,0.9498804216868455,0.9227547429351769,0.976672336064864
1.2417241724172419,0.9498802840048606,0.9227594481437758,0.9766690408041471
1.2422242224222422,0.9498801493196398,0.9227641417729441,0.9766657536530051
1.242724272427243,0.9498800176136114,0.9227688238511786,0.9766624745914808
1.2432243224322432,0.9498798888692684,0.9227734944069061,0.9766592035996657
1.2437243724372435,0.9498797630691689,0.9227781534684831,0.9766559406577003
1.2442244224422443,0.9498796401959355,0.9227828010641967,0.9766526857457742
1.2447244724472446,0.9498795202322555,0.922787437222264,0.9766494388441256
1.2452245224522454,0.9498794031608806,0.9227920619708327,0.9766461999330412
1.2457245724572457,0.9498792889646269,0.9227966753379817,0.9766429689928566
1.2462246224622464,0.9498791776263745,0.9228012773517204,0.9766397460039554
1.2467246724672467,0.9498790691290678,0.9228058680399891,0.9766365309467697
1.247224722472247,0.9498789634557151,0.9228104474306597,0.9766333238017798
1.2477247724772478,0.9498788605893883,0.9228150155515353,0.9766301245495137
1.248224822482248,0.9498787605132231,0.9228195724303508,0.9766269331705477
1.2487248724872488,0.9498786632104188,0.9228241180947727,0.9766237496455058
1.2492249224922491,0.949878568664238,0.9228286525723993,0.9766205739550595
1.24972497249725,0.9498784768580069,0.9228331758907611,0.9766174060799281
1.2502250225022502,0.9498783877751142,0.9228376880773209,0.9766142460008783
1.250725072507251,0.9498783013990124,0.9228421891594739,0.976611093698724
1.2512251225122513,0.9498782177132163,0.9228466791645478,0.9766079491543265
1.2517251725172516,0.9498781367013038,0.9228511581198029,0.9766048123485939
1.2522252225222523,0.9498780583469152,0.9228556260524329,0.9766016832624816
1.2527252725272526,0.9498779826337536,0.922860082989564,0.9765985618769919
1.2532253225322534,0.949877909545584,0.9228645289582562,0.9765954481731737
1.2537253725372537,0.9498778390662342,0.9228689639855024,0.9765923421321223
1.2542254225422544,0.9498777711795937,0.9228733880982294,0.9765892437349799
1.2547254725472547,0.949877705869614,0.9228778013232976,0.976586152962935
1.255225522552255,0.9498776431203085,0.9228822036875013,0.9765830697972225
1.2557255725572558,0.9498775829157525,0.9228865952175689,0.9765799942191232
1.2562256225622561,0.9498775252400826,0.922890975940163,0.9765769262099642
1.2567256725672569,0.949877470077497,0.9228953458818806,0.9765738657511184
1.2572257225722572,0.949877417412255,0.9228997050692533,0.9765708128240046
1.257725772577258,0.9498773672286772,0.9229040535287473,0.9765677674100874
1.2582258225822582,0.9498773195111454,0.9229083912867636,0.9765647294908771
1.2587258725872585,0.949877274244102,0.9229127183696385,0.9765616990479292
1.2592259225922593,0.9498772314120504,0.9229170348036432,0.9765586760628449
1.2597259725972596,0.9498771909995545,0.9229213406149844,0.9765556605172703
1.2602260226022604,0.9498771529912386,0.9229256358298044,0.9765526523928971
1.2607260726072607,0.9498771173717878,0.9229299204741809,0.9765496516714618
1.2612261226122614,0.949877084125947,0.9229341945741276,0.9765466583347459
1.2617261726172617,0.9498770532385212,0.922938458155594,0.9765436723645757
1.262226222622262,0.9498770246943757,0.9229427112444663,0.9765406937428225
1.2627262726272628,0.9498769984784353,0.9229469538665661,0.9765377224514017
1.263226322632263,0.9498769745756847,0.9229511860476523,0.9765347584722736
1.2637263726372638,0.9498769529711679,0.9229554078134198,0.9765318017874428
1.2642264226422641,0.9498769336499886,0.9229596191895005,0.9765288523789581
1.264726472647265,0.9498769165973097,0.9229638202014634,0.9765259102289127
1.2652265226522652,0.949876901798353,0.9229680108748144,0.9765229753194435
1.265726572657266,0.9498768892383997,0.9229721912349964,0.9765200476327318
1.2662266226622663,0.9498768789027897,0.9229763613073901,0.9765171271510024
1.2667266726672666,0.9498768707769215,0.9229805211173135,0.9765142138565239
1.2672267226722673,0.9498768648462524,0.9229846706900224,0.9765113077316088
1.2677267726772676,0.9498768610962981,0.9229888100507103,0.9765084087586129
1.2682268226822684,0.9498768595126327,0.9229929392245089,0.9765055169199353
1.2687268726872687,0.9498768600808882,0.9229970582364879,0.9765026321980187
1.2692269226922694,0.949876862786755,0.9230011671116554,0.9764997545753489
1.2697269726972698,0.9498768676159813,0.9230052658749577,0.9764968840344548
1.27022702270227,0.9498768745543731,0.9230093545512801,0.9764940205579081
1.2707270727072708,0.9498768835877939,0.9230134331654465,0.9764911641283238
1.2712271227122711,0.9498768947021649,0.9230175017422195,0.9764883147283593
1.2717271727172719,0.9498769078834645,0.9230215603063011,0.9764854723407149
1.2722272227222722,0.9498769231177284,0.9230256088823322,0.9764826369481335
1.272727272727273,0.9498769403910495,0.9230296474948935,0.9764798085334003
1.2732273227322732,0.9498769596895775,0.9230336761685045,0.9764769870793428
1.2737273727372735,0.9498769809995191,0.923037694927625,0.9764741725688312
1.2742274227422743,0.9498770043071375,0.9230417037966544,0.9764713649847774
1.2747274727472746,0.9498770295987525,0.923045702799932,0.9764685643101354
1.2752275227522754,0.9498770568607403,0.9230496919617373,0.9764657705279015
1.2757275727572757,0.9498770860795334,0.9230536713062897,0.9764629836211134
1.2762276227622764,0.9498771172416204,0.9230576408577496,0.976460203572851
1.2767276727672767,0.9498771503335459,0.9230616006402175,0.9764574303662353
1.277227722772277,0.9498771853419103,0.9230655506777345,0.9764546639844295
1.2777277727772778,0.94987722225337,0.9230694909942831,0.9764519044106375
1.278227822782278,0.9498772610546364,0.9230734216137862,0.9764491516281051
1.2787278727872788,0.9498773017324771,0.9230773425601082,0.9764464056201191
1.2792279227922791,0.9498773442737143,0.9230812538570545,0.9764436663700075
1.27972797279728,0.9498773886652256,0.923085155528372,0.9764409338611393
1.2802280228022802,0.9498774348939439,0.9230890475977493,0.9764382080769243
1.280728072807281,0.9498774829468567,0.9230929300888165,0.9764354890008135
1.2812281228122813,0.9498775328110062,0.9230968030251457,0.976432776616298
1.2817281728172816,0.9498775844734895,0.9231006664302509,0.9764300709069104
1.2822282228222823,0.9498776379214577,0.9231045203275884,0.9764273718562229
1.2827282728272826,0.9498776931421168,0.9231083647405564,0.9764246794478487
1.2832283228322834,0.9498777501227266,0.9231121996924959,0.9764219936654414
1.2837283728372837,0.949877808850601,0.9231160252066903,0.9764193144926944
1.2842284228422844,0.9498778693131081,0.9231198413063657,0.9764166419133414
1.2847284728472848,0.9498779314976694,0.923123648014691,0.9764139759111563
1.285228522852285,0.9498779953917601,0.9231274453547783,0.9764113164699529
1.2857285728572858,0.9498780609829093,0.9231312333496826,0.9764086635735846
1.2862286228622861,0.9498781282586989,0.9231350120224021,0.9764060172059447
1.2867286728672869,0.9498781972067643,0.9231387813958786,0.976403377350966
1.2872287228722872,0.9498782678147941,0.9231425414929973,0.9764007439926213
1.287728772877288,0.9498783400705296,0.9231462923365874,0.9763981171149223
1.2882288228822882,0.9498784139617651,0.9231500339494213,0.9763954967019202
1.2887288728872885,0.9498784894763475,0.923153766354216,0.9763928827377055
1.2892289228922893,0.9498785666021761,0.9231574895736321,0.9763902752064081
1.2897289728972896,0.9498786453272028,0.9231612036302748,0.9763876740921964
1.2902290229022904,0.9498787256394317,0.9231649085466934,0.9763850793792782
1.2907290729072907,0.9498788075269188,0.923168604345382,0.9763824910519
1.2912291229122914,0.9498788909777724,0.923172291048779,0.9763799090943472
1.2917291729172917,0.9498789759801525,0.9231759686792678,0.9763773334909438
1.292229222922292,0.9498790625222707,0.9231796372591766,0.9763747642260522
1.2927292729272928,0.9498791505923904,0.9231832968107787,0.9763722012840734
1.293229322932293,0.949879240178826,0.9231869473562928,0.9763696446494471
1.2937293729372938,0.9498793312699436,0.9231905889178824,0.9763670943066508
1.2942294229422941,0.9498794238541604,0.9231942215176571,0.9763645502402005
1.294729472947295,0.9498795179199443,0.9231978451776715,0.9763620124346504
1.2952295229522952,0.9498796134558143,0.9232014599199262,0.9763594808745921
1.295729572957296,0.9498797104503401,0.9232050657663678,0.976356955544656
1.2962296229622963,0.9498798088921422,0.9232086627388887,0.9763544364295097
1.2967296729672966,0.949879908769891,0.9232122508593273,0.9763519235138587
1.2972297229722973,0.9498800100723077,0.9232158301494685,0.9763494167824461
1.2977297729772976,0.9498801127881636,0.9232194006310436,0.9763469162200528
1.2982298229822984,0.9498802169062799,0.9232229623257302,0.9763444218114968
1.2987298729872987,0.9498803224155277,0.9232265152551526,0.9763419335416337
1.2992299229922994,0.9498804293048279,0.9232300594408821,0.9763394513953563
1.2997299729972998,0.9498805375631512,0.9232335949044367,0.9763369753575944
1.3002300230023,0.9498806471795175,0.9232371216672816,0.9763345054133153
1.3007300730073008,0.9498807581429961,0.9232406397508288,0.9763320415475231
1.3012301230123011,0.9498808704427059,0.9232441491764383,0.9763295837452584
1.3017301730173019,0.9498809840678142,0.9232476499654168,0.9763271319915992
1.3022302230223022,0.9498810990075378,0.923251142139019,0.97632468627166
1.302730273027303,0.9498812152511421,0.9232546257184472,0.9763222465705919
1.3032303230323032,0.9498813327879411,0.9232581007248515,0.9763198128735825
1.3037303730373035,0.9498814516072973,0.92326156717933,0.9763173851658561
1.3042304230423043,0.9498815716986218,0.9232650251029286,0.976314963432673
1.3047304730473046,0.9498816930513736,0.9232684745166418,0.9763125476593301
1.3052305230523054,0.9498818156550601,0.9232719154414124,0.9763101378311602
1.3057305730573057,0.9498819394992367,0.9232753478981314,0.9763077339335325
1.3062306230623064,0.9498820645735064,0.9232787719076384,0.9763053359518519
1.3067306730673067,0.94988219086752,0.923282187490722,0.9763029438715595
1.307230723072307,0.949882318370976,0.9232855946681194,0.9763005576781321
1.3077307730773078,0.94988244707362,0.923288993460517,0.976298177357082
1.308230823082308,0.9498825769652453,0.9232923838885497,0.9762958028939576
1.3087308730873088,0.949882708035692,0.9232957659728026,0.9762934342743427
1.3092309230923092,0.9498828402748474,0.9232991397338092,0.9762910714838563
1.30973097309731,0.9498829736726455,0.9233025051920529,0.9762887145081532
1.3102310231023102,0.9498831082190673,0.9233058623679667,0.9762863633329233
1.310731073107311,0.9498832439041403,0.9233092112819334,0.9762840179438917
1.3112311231123113,0.9498833807179383,0.9233125519542853,0.9762816783268189
1.3117311731173116,0.9498835186505817,0.923315884405305,0.9762793444674999
1.3122312231223123,0.9498836576922369,0.9233192086552249,0.976277016351765
1.3127312731273126,0.9498837978331165,0.9233225247242278,0.9762746939654796
1.3132313231323134,0.9498839390634789,0.9233258326324468,0.9762723772945434
1.3137313731373137,0.9498840813736283,0.9233291323999655,0.9762700663248911
1.3142314231423144,0.9498842247539147,0.9233324240468179,0.9762677610424919
1.3147314731473148,0.9498843691947333,0.923335707592989,0.9762654614333498
1.315231523152315,0.9498845146865251,0.9233389830584142,0.9762631674835027
1.3157315731573158,0.9498846612197761,0.9233422504629801,0.9762608791790235
1.3162316231623161,0.9498848087850174,0.9233455098265245,0.9762585965060188
1.3167316731673169,0.9498849573728251,0.923348761168836,0.9762563194506296
1.3172317231723172,0.9498851069738202,0.9233520045096548,0.9762540479990314
1.317731773177318,0.9498852575786684,0.9233552398686725,0.9762517821374331
1.3182318231823182,0.9498854091780798,0.923358467265532,0.9762495218520778
1.3187318731873185,0.9498855617628092,0.9233616867198281,0.9762472671292427
1.3192319231923193,0.9498857153236557,0.9233648982511073,0.9762450179552382
1.3197319731973196,0.9498858698514623,0.923368101878868,0.976242774316409
1.3202320232023204,0.9498860253371161,0.9233712976225606,0.9762405361991332
1.3207320732073207,0.9498861817715483,0.9233744855015876,0.9762383035898221
1.3212321232123214,0.9498863391457336,0.923377665535304,0.9762360764749208
1.3217321732173217,0.9498864974506908,0.9233808377430167,0.9762338548409077
1.322232223222322,0.9498866566774815,0.9233840021439854,0.9762316386742944
1.3227322732273228,0.9498868168172112,0.9233871587574225,0.9762294279616258
1.323232323232323,0.9498869778610286,0.923390307602493,0.9762272226894798
1.3237323732373238,0.9498871398001252,0.9233934486983144,0.9762250228444673
1.3242324232423242,0.9498873026257356,0.9233965820639577,0.9762228284132324
1.324732473247325,0.9498874663291373,0.9233997077184466,0.9762206393824517
1.3252325232523252,0.9498876309016506,0.9234028256807583,0.9762184557388349
1.325732573257326,0.949887796334638,0.9234059359698229,0.9762162774691243
1.3262326232623263,0.9498879626195048,0.9234090386045242,0.9762141045600947
1.3267326732673266,0.9498881297476985,0.9234121336036994,0.9762119369985537
1.3272327232723273,0.9498882977107086,0.9234152209861395,0.9762097747713412
1.3277327732773276,0.9498884665000668,0.9234183007705891,0.9762076178653294
1.3282328232823284,0.9498886361073466,0.9234213729757466,0.976205466267423
1.3287328732873287,0.9498888065241635,0.9234244376202646,0.976203319964559
1.3292329232923294,0.9498889777421743,0.9234274947227497,0.9762011789437062
1.3297329732973298,0.9498891497530776,0.9234305443017626,0.9761990431918657
1.33023302330233,0.9498893225486132,0.9234335863758185,0.9761969126960707
1.3307330733073308,0.9498894961205622,0.9234366209633871,0.976194787443386
1.3312331233123311,0.9498896704607469,0.9234396480828923,0.9761926674209084
1.3317331733173319,0.9498898455610304,0.9234426677527128,0.9761905526157666
1.3322332233223322,0.9498900214133167,0.9234456799911824,0.9761884430151208
1.332733273327333,0.9498901980095508,0.9234486848165894,0.9761863386061627
1.3332333233323332,0.9498903753417178,0.9234516822471771,0.9761842393761158
1.3337333733373335,0.9498905534018438,0.9234546723011441,0.9761821453122348
1.3342334233423343,0.9498907321819947,0.9234576549966441,0.9761800564018059
1.3347334733473346,0.9498909116742771,0.9234606303517863,0.9761779726321467
1.3352335233523354,0.9498910918708372,0.923463598384635,0.9761758939906056
1.3357335733573357,0.9498912727638614,0.9234665591132102,0.9761738204645625
1.3362336233623364,0.9498914543455761,0.9234695125554878,0.9761717520414283
1.3367336733673367,0.9498916366082469,0.923472458729399,0.9761696887086447
1.337233723372337,0.9498918195441793,0.9234753976528313,0.9761676304536847
1.3377337733773378,0.9498920031457183,0.9234783293436278,0.9761655772640517
1.338233823382338,0.9498921874052478,0.9234812538195881,0.97616352912728
1.3387338733873388,0.9498923723151913,0.9234841710984677,0.9761614860309347
1.3392339233923392,0.949892557868011,0.9234870811979784,0.9761594479626112
1.33973397339734,0.949892744056208,0.9234899841357886,0.976157414909936
1.3402340234023402,0.9498929308723227,0.923492879929523,0.9761553868605654
1.340734073407341,0.9498931183089336,0.9234957685967632,0.9761533638021863
1.3412341234123413,0.9498933063586579,0.9234986501550472,0.9761513457225163
1.3417341734173416,0.9498934950141511,0.9235015246218701,0.9761493326093025
1.3422342234223423,0.9498936842681073,0.9235043920146837,0.9761473244503228
1.3427342734273426,0.9498938741132583,0.9235072523508973,0.9761453212333848
1.3432343234323434,0.9498940645423744,0.9235101056478767,0.9761433229463263
1.3437343734373437,0.9498942555482631,0.9235129519229457,0.9761413295770149
1.3442344234423445,0.9498944471237706,0.9235157911933849,0.9761393411133483
1.3447344734473448,0.9498946392617797,0.9235186234764324,0.9761373575432535
1.345234523452345,0.9498948319552117,0.9235214487892844,0.9761353788546877
1.3457345734573458,0.9498950251970246,0.9235242671490942,0.9761334050356375
1.3462346234623461,0.9498952189802139,0.9235270785729731,0.9761314360741192
1.3467346734673469,0.9498954132978121,0.9235298830779903,0.9761294719581783
1.3472347234723472,0.949895608142889,0.9235326806811731,0.9761275126758902
1.347734773477348,0.949895803508551,0.9235354713995066,0.9761255582153591
1.3482348234823482,0.9498959993879412,0.9235382552499345,0.9761236085647189
1.3487348734873486,0.9498961957742398,0.9235410322493585,0.9761216637121326
1.3492349234923493,0.949896392660663,0.9235438024146387,0.976119723645792
1.3497349734973496,0.9498965900404633,0.923546565762594,0.9761177883539186
1.3502350235023504,0.9498967879069302,0.9235493223100014,0.9761158578247624
1.3507350735073507,0.9498969862533887,0.9235520720735972,0.9761139320466022
1.3512351235123514,0.9498971850731998,0.9235548150700762,0.9761120110077462
1.3517351735173517,0.9498973843597607,0.9235575513160921,0.976110094696531
1.352235223522352,0.9498975841065042,0.9235602808282575,0.9761081831013219
1.3527352735273528,0.9498977843068985,0.9235630036231446,0.9761062762105128
1.353235323532353,0.9498979849544479,0.9235657197172842,0.9761043740125265
1.3537353735373538,0.9498981860426916,0.9235684291271669,0.9761024764958139
1.3542354235423542,0.9498983875652043,0.9235711318692424,0.9761005836488544
1.354735473547355,0.9498985895155956,0.9235738279599203,0.976098695460156
1.3552355235523552,0.9498987918875104,0.9235765174155692,0.9760968119182548
1.355735573557356,0.9498989946746283,0.9235792002525182,0.9760949330117149
1.3562356235623563,0.949899197870664,0.9235818764870554,0.976093058729129
1.3567356735673566,0.9498994014693664,0.9235845461354294,0.9760911890591175
1.3572357235723573,0.9498996054645191,0.9235872092138486,0.976089323990329
1.3577357735773576,0.9498998098499405,0.9235898657384816,0.9760874635114399
1.3582358235823584,0.9499000146194827,0.923592515725457,0.9760856076111547
1.3587358735873587,0.9499002197670322,0.923595159190864,0.9760837562782054
1.3592359235923595,0.9499004252865099,0.923597796150752,0.9760819095013519
1.3597359735973598,0.94990063117187,0.923600426621131,0.9760800672693818
1.36023602360236,0.949900837417101,0.9236030506179713,0.9760782295711101
1.3607360736073608,0.9499010440162248,0.9236056681572046,0.9760763963953796
1.3612361236123611,0.9499012509632971,0.9236082792547227,0.9760745677310603
1.3617361736173619,0.949901458252407,0.9236108839263786,0.9760727435670496
1.3622362236223622,0.9499016658776768,0.9236134821879861,0.9760709238922727
1.362736273627363,0.949901873833262,0.9236160740553203,0.9760691086956813
1.3632363236323632,0.9499020821133514,0.9236186595441175,0.9760672979662549
1.3637363736373636,0.9499022907121666,0.923621238670075,0.9760654916929998
1.3642364236423643,0.9499024996239622,0.9236238114488516,0.9760636898649494
1.3647364736473646,0.9499027088430253,0.9236263778960678,0.9760618924711641
1.3652365236523654,0.9499029183636759,0.9236289380273053,0.9760600995007316
1.3657365736573657,0.9499031281802663,0.9236314918581076,0.9760583109427656
1.3662366236623664,0.9499033382871813,0.9236340394039799,0.9760565267864074
1.3667366736673667,0.9499035486788379,0.9236365806803896,0.9760547470208248
1.367236723672367,0.9499037593496852,0.9236391157027654,0.976052971635212
1.3677367736773678,0.9499039702942044,0.9236416444864984,0.97605120061879
1.368236823682368,0.9499041815069087,0.923644167046942,0.9760494339608063
1.3687368736873688,0.9499043929823429,0.9236466833994114,0.9760476716505351
1.3692369236923692,0.9499046047150836,0.9236491935591843,0.9760459136772764
1.36973697369737,0.9499048166997391,0.9236516975415009,0.9760441600303571
1.3702370237023702,0.9499050289309489,0.9236541953615638,0.9760424106991301
1.370737073707371,0.9499052414033838,0.9236566870345382,0.9760406656729746
1.3712371237123713,0.9499054541117462,0.9236591725755519,0.976038924941296
1.3717371737173716,0.9499056670507693,0.9236616519996955,0.9760371884935254
1.3722372237223723,0.9499058802152172,0.9236641253220228,0.9760354563191204
1.3727372737273726,0.949906093599885,0.9236665925575499,0.9760337284075642
1.3732373237323734,0.9499063071995988,0.9236690537212564,0.976032004748366
1.3737373737373737,0.9499065210092149,0.9236715088280851,0.9760302853310611
1.3742374237423745,0.9499067350236204,0.9236739578929417,0.9760285701452099
1.3747374737473748,0.9499069492377329,0.9236764009306954,0.9760268591803992
1.375237523752375,0.9499071636465,0.9236788379561788,0.9760251524262409
1.3757375737573758,0.9499073782448997,0.923681268984188,0.9760234498723727
1.3762376237623761,0.9499075930279399,0.9236836940294827,0.9760217515084577
1.3767376737673769,0.9499078079906588,0.9236861131067862,0.9760200573241846
1.3772377237723772,0.9499080231281242,0.9236885262307856,0.9760183673092675
1.377737773777378,0.9499082384354335,0.923690933416132,0.9760166814534454
1.3782378237823782,0.949908453907714,0.9236933346774401,0.9760149997464831
1.3787378737873786,0.9499086695401224,0.923695730029289,0.9760133221781702
1.3792379237923793,0.9499088853278448,0.9236981194862217,0.9760116487383216
1.3797379737973796,0.9499091012660966,0.9237005030627456,0.9760099794167771
1.3802380238023804,0.9499093173501224,0.9237028807733322,0.9760083142034018
1.3807380738073807,0.9499095335751958,0.9237052526324173,0.9760066530880855
1.3812381238123814,0.9499097499366195,0.9237076186544017,0.9760049960607431
1.3817381738173817,0.9499099664297247,0.9237099788536499,0.976003343111314
1.382238223822382,0.9499101830498717,0.9237123332444921,0.9760016942297626
1.3827382738273828,0.9499103997924493,0.9237146818412222,0.9760000494060778
1.383238323832383,0.9499106166528748,0.9237170246580997,0.9759984086302734
1.3837383738373839,0.9499108336265939,0.9237193617093487,0.9759967718923876
1.3842384238423842,0.9499110507090807,0.9237216930091581,0.9759951391824833
1.384738473847385,0.9499112678958371,0.9237240185716822,0.9759935104906474
1.3852385238523852,0.9499114851823937,0.9237263384110403,0.9759918858069918
1.385738573857386,0.9499117025643085,0.9237286525413172,0.9759902651216523
1.3862386238623863,0.9499119200371676,0.9237309609765627,0.9759886484247893
1.3867386738673866,0.949912137596585,0.9237332637307921,0.975987035706587
1.3872387238723873,0.949912355238202,0.9237355608179864,0.975985426957254
1.3877387738773876,0.9499125729576878,0.9237378522520919,0.9759838221670231
1.3882388238823884,0.9499127907507386,0.923740138047021,0.975982221326151
1.3887388738873887,0.9499130086130784,0.9237424182166514,0.9759806244249184
1.3892389238923895,0.949913226540458,0.923744692774827,0.9759790314536299
1.3897389738973898,0.9499134445286554,0.9237469617353573,0.975977442402614
1.39023902390239,0.949913662573476,0.9237492251120181,0.9759758572622229
1.3907390739073908,0.9499138806707513,0.9237514829185512,0.9759742760228328
1.3912391239123911,0.9499140988163405,0.9237537351686647,0.9759726986748433
1.3917391739173919,0.9499143170061286,0.9237559818760327,0.9759711252086777
1.3922392239223922,0.949914535236028,0.9237582230542958,0.975969555614783
1.392739273927393,0.9499147535019768,0.923760458717061,0.9759679898836295
1.3932393239323932,0.9499149717999401,0.9237626888779019,0.9759664280057112
1.3937393739373936,0.9499151901259089,0.9237649135503586,0.9759648699715453
1.3942394239423943,0.9499154084759004,0.923767132747938,0.9759633157716723
1.3947394739473946,0.9499156268459579,0.9237693464841136,0.9759617653966562
1.3952395239523954,0.9499158452321507,0.9237715547723258,0.9759602188370841
1.3957395739573957,0.9499160636305737,0.9237737576259819,0.9759586760835662
1.3962396239623964,0.9499162820373479,0.9237759550584563,0.9759571371267359
1.3967396739673967,0.9499165004486196,0.9237781470830904,0.9759556019572496
1.397239723972397,0.949916718860561,0.9237803337131929,0.9759540705657868
1.3977397739773978,0.9499169372693691,0.9237825149620394,0.9759525429430497
1.398239823982398,0.949917155671267,0.9237846908428734,0.9759510190797637
1.3987398739873989,0.9499173740625024,0.9237868613689052,0.9759494989666767
1.3992399239923992,0.9499175924393485,0.923789026553313,0.9759479825945597
1.3997399739974,0.9499178107981033,0.9237911864092424,0.9759464699542062
1.4002400240024002,0.9499180291350898,0.9237933409498067,0.9759449610364322
1.400740074007401,0.9499182474466558,0.9237954901880868,0.9759434558320769
1.4012401240124013,0.9499184657291738,0.9237976341371318,0.9759419543320013
1.4017401740174016,0.9499186839790409,0.9237997728099582,0.9759404565270893
1.4022402240224023,0.9499189021926788,0.9238019062195506,0.9759389624082472
1.4027402740274026,0.9499191203665336,0.9238040343788619,0.9759374719664037
1.4032403240324034,0.9499193384970755,0.923806157300813,0.9759359851925098
1.4037403740374037,0.9499195565807992,0.9238082749982927,0.9759345020775386
1.4042404240424045,0.9499197746142232,0.9238103874841583,0.9759330226124857
1.4047404740474048,0.9499199925938903,0.9238124947712358,0.9759315467883687
1.405240524052405,0.949920210516367,0.9238145968723191,0.9759300745962272
1.4057405740574058,0.9499204283782438,0.9238166938001711,0.9759286060271232
1.4062406240624061,0.9499206461761347,0.9238187855675226,0.9759271410721402
1.4067406740674069,0.9499208639066775,0.9238208721870738,0.9759256797223841
1.4072407240724072,0.9499210815665334,0.9238229536714931,0.9759242219689824
1.407740774077408,0.9499212991523871,0.9238250300334183,0.9759227678030847
1.4082408240824082,0.9499215166609465,0.9238271012854555,0.9759213172158622
1.4087408740874086,0.9499217340889428,0.9238291674401801,0.9759198701985076
1.4092409240924093,0.9499219514331303,0.9238312285101365,0.9759184267422357
1.4097409740974096,0.9499221686902863,0.9238332845078383,0.9759169868382828
1.4102410241024104,0.9499223858572111,0.9238353354457681,0.9759155504779066
1.4107410741074107,0.9499226029307279,0.9238373813363779,0.9759141176523864
1.4112411241124114,0.9499228199076823,0.9238394221920893,0.9759126883530231
1.4117411741174117,0.949923036784943,0.9238414580252927,0.9759112625711389
1.412241224122412,0.949923253559401,0.9238434888483488,0.9759098402980773
1.4127412741274128,0.9499234702279696,0.9238455146735871,0.9759084215252031
1.413241324132413,0.9499236867875848,0.9238475355133073,0.9759070062439025
1.4137413741374139,0.9499239032352044,0.9238495513797789,0.9759055944455827
1.4142414241424142,0.9499241195678089,0.9238515622852406,0.9759041861216722
1.414741474147415,0.9499243357824004,0.9238535682419016,0.9759027812636205
1.4152415241524152,0.9499245518760033,0.9238555692619406,0.9759013798628983
1.415741574157416,0.9499247678456637,0.9238575653575067,0.975899981910997
1.4162416241624163,0.9499249836884496,0.9238595565407189,0.9758985873994294
1.4167416741674166,0.9499251994014505,0.9238615428236665,0.9758971963197285
1.4172417241724173,0.9499254149817777,0.9238635242184087,0.9758958086634489
1.4177417741774176,0.9499256304265639,0.9238655007369755,0.9758944244221656
1.4182418241824184,0.9499258457329632,0.923867472391367,0.9758930435874741
1.4187418741874187,0.9499260608981512,0.9238694391935539,0.975891666150991
1.4192419241924195,0.9499262759193244,0.9238714011554774,0.9758902921043533
1.4197419741974198,0.9499264907937007,0.9238733582890492,0.9758889214392188
1.42024202420242,0.9499267055185189,0.9238753106061518,0.9758875541472656
1.4207420742074208,0.9499269200910389,0.9238772581186384,0.9758861902201924
1.4212421242124211,0.9499271345085412,0.9238792008383333,0.9758848296497182
1.4217421742174219,0.9499273487683274,0.9238811387770312,0.9758834724275826
1.4222422242224222,0.9499275628677194,0.9238830719464982,0.9758821185455452
1.422742274227423,0.94992777680406,0.9238850003584712,0.9758807679953863
1.4232423242324233,0.9499279905747124,0.9238869240246583,0.9758794207689061
1.4237423742374236,0.9499282041770603,0.923888842956739,0.9758780768579252
1.4242424242424243,0.9499284176085072,0.9238907571663636,0.975876736254284
1.4247424742474246,0.9499286308664776,0.923892666665154,0.9758753989498433
1.4252425242524254,0.9499288439484156,0.9238945714647037,0.975874064936484
1.4257425742574257,0.9499290568517854,0.9238964715765771,0.9758727342061065
1.4262426242624264,0.9499292695740714,0.9238983670123108,0.9758714067506318
1.4267426742674267,0.9499294821127777,0.9239002577834124,0.975870082562
1.427242724272427,0.9499296944654282,0.9239021439013617,0.9758687616321718
1.4277427742774278,0.9499299066295663,0.92390402537761,0.9758674439531273
1.428242824282428,0.9499301186027556,0.9239059022235804,0.9758661295168664
1.4287428742874289,0.9499303303825782,0.9239077744506679,0.9758648183154084
1.4292429242924292,0.9499305419666368,0.9239096420702394,0.9758635103407928
1.42974297429743,0.9499307533525526,0.9239115050936341,0.9758622055850783
1.4302430243024302,0.9499309645379663,0.923913363532163,0.9758609040403432
1.430743074307431,0.9499311755205379,0.9239152173971094,0.9758596056986855
1.4312431243124313,0.9499313862979462,0.9239170666997287,0.9758583105522222
1.4317431743174316,0.9499315968678892,0.9239189114512489,0.9758570185930903
1.4322432243224323,0.9499318072280838,0.92392075166287,0.9758557298134456
1.4327432743274326,0.9499320173762656,0.9239225873457647,0.9758544442054635
1.4332433243324334,0.9499322273101892,0.9239244185110781,0.9758531617613388
1.4337433743374337,0.9499324370276274,0.9239262451699278,0.975851882473285
1.4342434243424345,0.949932646526372,0.9239280673334042,0.9758506063335354
1.4347434743474348,0.949932855804233,0.9239298850125703,0.9758493333343417
1.435243524352435,0.9499330648590391,0.923931698218462,0.9758480634679753
1.4357435743574358,0.9499332736886368,0.9239335069620878,0.9758467967267264
1.4362436243624361,0.9499334822908911,0.9239353112544293,0.9758455331029039
1.4367436743674369,0.9499336906636855,0.9239371111064411,0.9758442725888361
1.4372437243724372,0.9499338988049211,0.9239389065290505,0.9758430151768699
1.437743774377438,0.9499341067125169,0.9239406975331587,0.975841760859371
1.4382438243824383,0.9499343143844101,0.923942484129639,0.9758405096287242
1.4387438743874386,0.9499345218185556,0.9239442663293388,0.9758392614773325
1.4392439243924393,0.9499347290129262,0.9239460441430785,0.9758380163976181
1.4397439743974396,0.9499349359655118,0.9239478175816517,0.9758367743820217
1.4402440244024404,0.9499351426743206,0.9239495866558257,0.9758355354230024
1.4407440744074407,0.9499353491373775,0.9239513513763412,0.9758342995130381
1.4412441244124414,0.9499355553527256,0.9239531117539125,0.9758330666446252
1.4417441744174417,0.9499357613184245,0.9239548677992274,0.9758318368102784
1.442244224422442,0.9499359670325518,0.9239566195229476,0.975830610002531
1.4427442744274428,0.9499361724932016,0.9239583669357085,0.9758293862139346
1.443244324432443,0.9499363776984856,0.9239601100481192,0.975828165437059
1.4437443744374439,0.949936582646532,0.9239618488707627,0.9758269476644925
1.4442444244424442,0.9499367873354865,0.9239635834141963,0.9758257328888416
1.444744474447445,0.949936991763511,0.9239653136889509,0.9758245211027309
1.4452445244524452,0.9499371959287846,0.9239670397055315,0.975823312298803
1.445744574457446,0.9499373998295028,0.9239687614744176,0.9758221064697192
1.4462446244624463,0.9499376034638779,0.9239704790060627,0.9758209036081582
1.4467446744674466,0.9499378068301385,0.9239721923108943,0.975819703706817
1.4472447244724473,0.94993800992653,0.9239739013993149,0.9758185067584106
1.4477447744774476,0.9499382127513136,0.9239756062817007,0.975817312755672
1.4482448244824484,0.9499384153027672,0.9239773069684029,0.9758161216913517
1.4487448744874487,0.9499386175791849,0.9239790034697468,0.9758149335582185
1.4492449244924495,0.9499388195788766,0.9239806957960326,0.9758137483490588
1.4497449744974498,0.9499390213001685,0.923982383957535,0.9758125660566765
1.45024502450245,0.9499392227414027,0.9239840679645035,0.9758113866738939
1.4507450745074508,0.9499394239009373,0.9239857478271623,0.9758102101935502
1.4512451245124511,0.949939624777146,0.9239874235557104,0.9758090366085027
1.4517451745174519,0.9499398253684183,0.9239890951603219,0.975807865911626
1.4522452245224522,0.9499400256731595,0.9239907626511457,0.9758066980958127
1.452745274527453,0.9499402256897902,0.9239924260383056,0.975805533153972
1.4532453245324533,0.9499404254167468,0.9239940853319009,0.9758043710790316
1.4537453745374536,0.9499406248524811,0.9239957405420055,0.9758032118639358
1.4542454245424543,0.94994082399546,0.923997391678669,0.9758020555016469
1.4547454745474546,0.9499410228441658,0.923999038751916,0.9758009019851438
1.4552455245524554,0.9499412213970962,0.9240006817717465,0.9757997513074234
1.4557455745574557,0.9499414196527638,0.9240023207481359,0.9757986034614993
1.4562456245624564,0.9499416176096962,0.9240039556910351,0.9757974584404026
1.4567456745674567,0.9499418152664362,0.9240055866103702,0.9757963162371814
1.457245724572457,0.9499420126215414,0.9240072135160434,0.9757951768449011
1.4577457745774578,0.9499422096735842,0.9240088364179321,0.9757940402566438
1.458245824582458,0.9499424064211519,0.9240104553258895,0.9757929064655091
1.4587458745874589,0.9499426028628463,0.9240120702497446,0.9757917754646132
1.4592459245924592,0.9499427989972837,0.9240136811993024,0.9757906472470893
1.45974597459746,0.9499429948230953,0.9240152881843433,0.9757895218060877
1.4602460246024602,0.9499431903389266,0.9240168912146242,0.9757883991347753
1.460746074607461,0.9499433855434375,0.9240184902998773,0.9757872792263362
1.4612461246124613,0.949943580435302,0.9240200854498115,0.9757861620739707
1.4617461746174616,0.9499437750132087,0.9240216766741116,0.9757850476708965
1.4622462246224623,0.9499439692758602,0.9240232639824384,0.9757839360103473
1.4627462746274627,0.9499441632219732,0.9240248473844289,0.975782827085574
1.4632463246324634,0.9499443568502783,0.9240264268896968,0.9757817208898438
1.4637463746374637,0.9499445501595205,0.9240280025078317,0.9757806174164407
1.4642464246424645,0.9499447431484582,0.9240295742483998,0.975779516658665
1.4647464746474648,0.9499449358158639,0.9240311421209437,0.9757784186098337
1.465246524652465,0.9499451281605237,0.9240327061349826,0.97577732326328
1.4657465746574658,0.9499453201812376,0.9240342663000122,0.9757762306123537
1.4662466246624661,0.9499455118768187,0.9240358226255047,0.975775140650421
1.4667466746674669,0.9499457032460945,0.9240373751209092,0.9757740533708642
1.4672467246724672,0.949945894287905,0.9240389237956516,0.9757729687670821
1.467746774677468,0.9499460850011044,0.9240404686591343,0.9757718868324896
1.4682468246824683,0.9499462753845597,0.9240420097207368,0.975770807560518
1.4687468746874686,0.9499464654371514,0.9240435469898155,0.9757697309446146
1.4692469246924693,0.9499466551577732,0.9240450804757038,0.9757686569782428
1.4697469746974696,0.9499468445453318,0.9240466101877118,0.9757675856548822
1.4702470247024704,0.9499470335987472,0.9240481361351273,0.9757665169680283
1.4707470747074707,0.9499472223169521,0.9240496583272146,0.9757654509111928
1.4712471247124714,0.9499474106988921,0.9240511767732156,0.9757643874779034
1.4717471747174717,0.949947598743526,0.9240526914823494,0.9757633266617033
1.472247224722472,0.949947786449825,0.9240542024638122,0.9757622684561521
1.4727472747274728,0.9499479738167734,0.924055709726778,0.9757612128548251
1.473247324732473,0.9499481608433679,0.9240572132803976,0.9757601598513131
1.4737473747374739,0.9499483475286177,0.9240587131338,0.9757591094392232
1.4742474247424742,0.9499485338715448,0.924060209296091,0.9757580616121778
1.474747474747475,0.9499487198711835,0.9240617017763547,0.9757570163638152
1.4752475247524752,0.9499489055265803,0.9240631905836523,0.9757559736877893
1.475747574757476,0.9499490908367945,0.9240646757270229,0.9757549335777697
1.4762476247624763,0.9499492758008973,0.9240661572154835,0.9757538960274412
1.4767476747674766,0.9499494604179719,0.9240676350580286,0.975752861030505
1.4772477247724773,0.9499496446871143,0.9240691092636307,0.9757518285806767
1.4777477747774777,0.9499498286074318,0.9240705798412404,0.9757507986716882
1.4782478247824784,0.9499500121780443,0.9240720467997862,0.9757497712972865
1.4787478747874787,0.9499501953980831,0.9240735101481743,0.975748746451234
1.4792479247924795,0.9499503782666919,0.9240749698952894,0.9757477241273085
1.4797479747974798,0.949950560783026,0.924076426049994,0.9757467043193031
1.48024802480248,0.949950742946252,0.9240778786211291,0.9757456870210262
1.4807480748074808,0.9499509247555489,0.9240793276175138,0.9757446722263013
1.4812481248124811,0.9499511062101069,0.9240807730479454,0.9757436599289673
1.4817481748174819,0.9499512873091278,0.9240822149211998,0.9757426501228781
1.4822482248224822,0.9499514680518248,0.924083653246031,0.9757416428019029
1.482748274827483,0.9499516484374229,0.9240850880311716,0.9757406379599257
1.4832483248324833,0.9499518284651579,0.9240865192853329,0.975739635590846
1.4837483748374836,0.9499520081342774,0.9240879470172043,0.9757386356885778
1.4842484248424843,0.9499521874440399,0.9240893712354543,0.9757376382470503
1.4847484748474846,0.9499523663937154,0.9240907919487298,0.9757366432602079
1.4852485248524854,0.9499525449825845,0.9240922091656564,0.9757356507220095
1.4857485748574857,0.9499527232099396,0.9240936228948387,0.9757346606264291
1.4862486248624864,0.9499529010750833,0.9240950331448597,0.9757336729674554
1.4867486748674867,0.9499530785773297,0.9240964399242818,0.975732687739092
1.487248724872487,0.9499532557160035,0.9240978432416461,0.9757317049353572
1.4877487748774878,0.9499534324904403,0.9240992431054725,0.9757307245502841
1.488248824882488,0.9499536088999864,0.9241006395242602,0.9757297465779202
1.4887488748874889,0.9499537849439988,0.9241020325064874,0.9757287710123282
1.4892489248924892,0.9499539606218452,0.9241034220606112,0.9757277978475848
1.48974897489749,0.9499541359329038,0.9241048081950685,0.9757268270777817
1.4902490249024902,0.9499543108765633,0.9241061909182745,0.975725858697025
1.490749074907491,0.9499544854522229,0.9241075702386247,0.9757248926994352
1.4912491249124913,0.9499546596592922,0.9241089461644932,0.9757239290791474
1.4917491749174916,0.949954833497191,0.9241103187042339,0.9757229678303112
1.4922492249224923,0.9499550069653496,0.9241116878661798,0.9757220089470904
1.4927492749274927,0.9499551800632082,0.9241130536586438,0.9757210524236632
1.4932493249324934,0.9499553527902177,0.9241144160899181,0.9757200982542225
1.4937493749374937,0.9499555251458384,0.9241157751682744,0.9757191464329749
1.4942494249424945,0.9499556971295411,0.9241171309019642,0.9757181969541415
1.4947494749474948,0.9499558687408065,0.9241184832992189,0.9757172498119578
1.495249524952495,0.9499560399791254,0.924119832368249,0.9757163050006734
1.4957495749574958,0.9499562108439978,0.9241211781172455,0.9757153625145519
1.4962496249624961,0.9499563813349344,0.9241225205543788,0.9757144223478712
1.496749674967497,0.9499565514514552,0.9241238596877995,0.9757134844949231
1.4972497249724972,0.9499567211930898,0.9241251955256378,0.9757125489500136
1.497749774977498,0.9499568905593777,0.9241265280760042,0.9757116157074627
1.4982498249824983,0.9499570595498679,0.9241278573469889,0.9757106847616042
1.4987498749874986,0.9499572281641188,0.9241291833466626,0.9757097561067861
1.4992499249924993,0.9499573964016984,0.9241305060830758,0.9757088297373702
1.4997499749974996,0.9499575642621841,0.9241318255642594,0.9757079056477321
1.5002500250025004,0.9499577317451628,0.9241331417982246,0.9757069838322614
1.5007500750075007,0.9499578988502306,0.9241344547929624,0.9757060642853612
1.5012501250125014,0.9499580655769927,0.9241357645564447,0.975705147001449
1.5017501750175017,0.9499582319250637,0.9241370710966237,0.9757042319749551
1.502250225022502,0.9499583978940672,0.9241383744214315,0.9757033192003245
1.5027502750275028,0.9499585634836362,0.9241396745387814,0.9757024086720152
1.503250325032503,0.9499587286934122,0.9241409714565668,0.975701500384499
1.5037503750375039,0.9499588935230464,0.9241422651826617,0.9757005943322614
1.5042504250425042,0.9499590579721983,0.9241435557249208,0.9756996905098015
1.504750475047505,0.9499592220405364,0.9241448430911796,0.9756987889116319
1.5052505250525052,0.9499593857277384,0.924146127289254,0.9756978895322783
1.505750575057506,0.9499595490334904,0.924147408326941,0.9756969923662807
1.5062506250625063,0.9499597119574873,0.9241486862120181,0.9756960974081917
1.5067506750675066,0.9499598744994328,0.9241499609522439,0.9756952046525781
1.5072507250725073,0.9499600366590389,0.9241512325553578,0.9756943140940192
1.5077507750775077,0.9499601984360266,0.9241525010290803,0.9756934257271083
1.5082508250825084,0.9499603598301251,0.9241537663811126,0.9756925395464517
1.5087508750875087,0.949960520841072,0.9241550286191371,0.9756916555466694
1.5092509250925095,0.9499606814686136,0.9241562877508174,0.9756907737223939
1.5097509750975098,0.9499608417125044,0.9241575437837982,0.9756898940682714
1.51025102510251,0.9499610015725071,0.9241587967257053,0.9756890165789613
1.5107510751075108,0.9499611610483928,0.9241600465841457,0.975688141249136
1.5112511251125111,0.9499613201399407,0.9241612933667079,0.9756872680734812
1.511751175117512,0.9499614788469383,0.9241625370809614,0.9756863970466952
1.5122512251225122,0.949961637169181,0.9241637777344575,0.97568552816349
1.512751275127513,0.9499617951064725,0.9241650153347284,0.9756846614185901
1.5132513251325133,0.9499619526586243,0.9241662498892882,0.9756837968067332
1.5137513751375136,0.9499621098254558,0.9241674814056322,0.97568293432267
1.5142514251425143,0.9499622666067944,0.9241687098912376,0.9756820739611638
1.5147514751475146,0.9499624230024756,0.9241699353535627,0.9756812157169913
1.5152515251525154,0.949962579012342,0.924171157800048,0.9756803595849417
1.5157515751575157,0.9499627346362449,0.9241723772381153,0.9756795055598171
1.5162516251625164,0.9499628898740425,0.9241735936751684,0.9756786536364322
1.5167516751675167,0.9499630447256011,0.9241748071185925,0.9756778038096151
1.517251725172517,0.9499631991907944,0.9241760175757551,0.9756769560742058
1.5177517751775178,0.9499633532695038,0.9241772250540051,0.9756761104250575
1.5182518251825181,0.949963506961618,0.9241784295606738,0.975675266857036
1.5187518751875189,0.9499636602670334,0.924179631103074,0.9756744253650197
1.5192519251925192,0.9499638131856537,0.9241808296885008,0.9756735859438994
1.51975197519752,0.94996396571739,0.9241820253242312,0.9756727485885789
1.5202520252025202,0.9499641178621606,0.9241832180175245,0.9756719132939742
1.520752075207521,0.9499642696198913,0.9241844077756218,0.9756710800550139
1.5212521252125213,0.949964420990515,0.9241855946057467,0.9756702488666391
1.5217521752175216,0.9499645719739717,0.9241867785151048,0.9756694197238034
1.5222522252225223,0.9499647225702085,0.9241879595108841,0.9756685926214728
1.5227522752275227,0.9499648727791798,0.9241891376002548,0.9756677675546255
1.5232523252325234,0.949965022600847,0.9241903127903696,0.9756669445182523
1.5237523752375237,0.9499651720351784,0.9241914850883635,0.9756661235073563
1.5242524252425245,0.949965321082149,0.9241926545013538,0.9756653045169527
1.5247524752475248,0.9499654697417413,0.9241938210364407,0.9756644875420692
1.525252525252525,0.9499656180139442,0.9241949847007065,0.9756636725777457
1.5257525752575258,0.9499657658987535,0.9241961455012162,0.9756628596190341
1.5262526252625261,0.9499659133961718,0.9241973034450176,0.9756620486609988
1.526752675267527,0.9499660605062084,0.924198458539141,0.975661239698716
1.5272527252725272,0.9499662072288793,0.9241996107905992,0.9756604327272743
1.527752775277528,0.949966353564207,0.9242007602063881,0.9756596277417743
1.5282528252825283,0.949966499512221,0.9242019067934862,0.9756588247373286
1.5287528752875286,0.9499666450729568,0.9242030505588549,0.9756580237090617
1.5292529252925293,0.9499667902464567,0.9242041915094384,0.9756572246521106
1.5297529752975296,0.9499669350327694,0.9242053296521638,0.9756564275616235
1.5302530253025304,0.94996707943195,0.9242064649939412,0.9756556324327614
1.5307530753075307,0.94996722344406,0.9242075975416637,0.9756548392606965
1.5312531253125314,0.9499673670691673,0.9242087273022074,0.9756540480406133
1.5317531753175317,0.9499675103073456,0.9242098542824315,0.9756532587677078
1.532253225322532,0.9499676531586756,0.9242109784891783,0.9756524714371884
1.5327532753275328,0.9499677956232436,0.9242120999292733,0.9756516860442745
1.5332533253325331,0.9499679377011424,0.9242132186095252,0.975650902584198
1.5337533753375339,0.9499680793924705,0.9242143345367259,0.9756501210522021
1.5342534253425342,0.949968220697333,0.9242154477176505,0.9756493414435419
1.534753475347535,0.9499683616158406,0.9242165581590578,0.975648563753484
1.5352535253525352,0.9499685021481102,0.9242176658676894,0.9756477879773068
1.535753575357536,0.9499686422942647,0.9242187708502708,0.9756470141103002
1.5362536253625363,0.9499687820544325,0.9242198731135106,0.975646242147766
1.5367536753675366,0.9499689214287482,0.9242209726641013,0.9756454720850171
1.5372537253725373,0.9499690604173522,0.9242220695087184,0.9756447039173782
1.5377537753775377,0.9499691990203907,0.9242231636540215,0.9756439376401856
1.5382538253825384,0.9499693372380154,0.9242242551066534,0.9756431732487869
1.5387538753875387,0.949969475070384,0.9242253438732407,0.9756424107385411
1.5392539253925395,0.9499696125176595,0.9242264299603938,0.9756416501048187
1.5397539753975398,0.9499697495800109,0.9242275133747067,0.9756408913430018
1.54025402540254,0.9499698862576126,0.9242285941227573,0.9756401344484835
1.5407540754075408,0.9499700225506443,0.924229672211107,0.9756393794166686
1.5412541254125411,0.9499701584592917,0.9242307476463014,0.9756386262429728
1.541754175417542,0.9499702939837453,0.9242318204348698,0.9756378749228234
1.5422542254225422,0.9499704291242018,0.9242328905833258,0.9756371254516588
1.542754275427543,0.9499705638808625,0.9242339580981663,0.9756363778249288
1.5432543254325433,0.9499706982539345,0.9242350229858727,0.9756356320380942
1.5437543754375436,0.9499708322436301,0.9242360852529103,0.9756348880866271
1.5442544254425443,0.9499709658501668,0.9242371449057287,0.9756341459660106
1.5447544754475446,0.9499710990737674,0.9242382019507612,0.9756334056717392
1.5452545254525454,0.9499712319146598,0.9242392563944256,0.9756326671993181
1.5457545754575457,0.949971364373077,0.924240308243124,0.9756319305442639
1.5462546254625464,0.9499714964492574,0.9242413575032422,0.975631195702104
1.5467546754675467,0.9499716281434438,0.9242424041811509,0.9756304626683768
1.547254725472547,0.949971759455885,0.9242434482832048,0.9756297314386321
1.5477547754775478,0.9499718903868338,0.9242444898157431,0.9756290020084301
1.5482548254825481,0.9499720209365486,0.9242455287850893,0.9756282743733421
1.5487548754875489,0.9499721511052927,0.9242465651975512,0.9756275485289506
1.5492549254925492,0.9499722808933337,0.9242475990594216,0.9756268244708485
1.54975497549755,0.9499724103009447,0.924248630376977,0.9756261021946399
1.5502550255025502,0.9499725393284033,0.9242496591564793,0.9756253816959396
1.550755075507551,0.9499726679759918,0.9242506854041744,0.9756246629703731
1.5512551255125513,0.9499727962439974,0.9242517091262932,0.9756239460135768
1.5517551755175516,0.949972924132712,0.9242527303290509,0.9756232308211977
1.5522552255225524,0.949973051642432,0.9242537490186477,0.9756225173888938
1.5527552755275527,0.9499731787734584,0.9242547652012684,0.9756218057123335
1.5532553255325534,0.949973305526097,0.9242557788830826,0.9756210957871959
1.5537553755375537,0.9499734319006581,0.9242567900702449,0.9756203876091708
1.5542554255425545,0.9499735578974563,0.9242577987688944,0.9756196811739586
1.5547554755475548,0.949973683516811,0.9242588049851553,0.9756189764772702
1.555255525552555,0.9499738087590457,0.9242598087251369,0.9756182735148272
1.5557555755575558,0.9499739336244885,0.9242608099949331,0.9756175722823618
1.5562556255625561,0.9499740581134719,0.924261808800623,0.9756168727756163
1.556755675567557,0.9499741822263327,0.9242628051482707,0.9756161749903438
1.5572557255725572,0.9499743059634119,0.9242637990439256,0.9756154789223078
1.557755775577558,0.9499744293250549,0.9242647904936218,0.9756147845672823
1.5582558255825583,0.9499745523116113,0.9242657795033787,0.9756140919210515
1.5587558755875586,0.949974674923435,0.9242667660792012,0.9756134009794102
1.5592559255925593,0.9499747971608837,0.924267750227079,0.9756127117381633
1.5597559755975596,0.9499749190243197,0.9242687319529872,0.9756120241931263
1.5602560256025604,0.9499750405141091,0.9242697112628863,0.9756113383401248
1.5607560756075607,0.9499751616306221,0.9242706881627221,0.9756106541749947
1.5612561256125614,0.9499752823742331,0.9242716626584255,0.9756099716935823
1.5617561756175617,0.9499754027453203,0.9242726347559133,0.9756092908917439
1.562256225622562,0.949975522744266,0.9242736044610872,0.975608611765346
1.5627562756275628,0.9499756423714563,0.9242745717798349,0.9756079343102655
1.5632563256325631,0.9499757616272813,0.9242755367180292,0.9756072585223893
1.5637563756375639,0.9499758805121348,0.9242764992815286,0.9756065843976145
1.5642564256425642,0.9499759990264148,0.9242774594761772,0.9756059119318481
1.564756475647565,0.9499761171705228,0.9242784173078047,0.9756052411210074
1.5652565256525652,0.949976234944864,0.9242793727822265,0.9756045719610198
1.565756575657566,0.9499763523498478,0.9242803259052436,0.9756039044478223
1.5662566256625663,0.9499764693858866,0.9242812766826426,0.9756032385773624
1.5667566756675666,0.9499765860533971,0.9242822251201963,0.9756025743455972
1.5672567256725674,0.9499767023527993,0.9242831712236629,0.975601911748494
1.5677567756775677,0.949976818284517,0.9242841149987865,0.9756012507820299
1.5682568256825684,0.9499769338489773,0.9242850564512971,0.9756005914421919
1.5687568756875687,0.9499770490466112,0.9242859955869107,0.9755999337249769
1.5692569256925695,0.949977163877853,0.9242869324113292,0.9755992776263918
1.5697569756975698,0.9499772783431405,0.9242878669302401,0.9755986231424529
1.57025702570257,0.949977392442915,0.9242887991493176,0.9755979702691868
1.5707570757075708,0.9499775061776212,0.9242897290742212,0.9755973190026297
1.5712571257125711,0.9499776195477072,0.9242906567105971,0.9755966693388274
1.571757175717572,0.9499777325536246,0.9242915820640771,0.9755960212738355
1.5722572257225722,0.949977845195828,0.9242925051402796,0.9755953748037196
1.572757275727573,0.9499779574747756,0.9242934259448087,0.9755947299245544
1.5732573257325733,0.9499780693909288,0.9242943444832551,0.975594086632425
1.5737573757375736,0.9499781809447522,0.9242952607611955,0.9755934449234254
1.5742574257425743,0.9499782921367135,0.924296174784193,0.9755928047936596
1.5747574757475746,0.949978402967284,0.924297086557797,0.9755921662392413
1.5752575257525754,0.9499785134369375,0.9242979960875431,0.9755915292562934
1.5757575757575757,0.9499786235461516,0.9242989033789536,0.9755908938409487
1.5762576257625764,0.9499787332954066,0.9242998084375369,0.9755902599893493
1.5767576757675767,0.949978842685186,0.9243007112687878,0.9755896276976468
1.577257725772577,0.9499789517159761,0.9243016118781879,0.9755889969620024
1.5777577757775778,0.9499790603882666,0.9243025102712051,0.9755883677785867
1.5782578257825781,0.9499791687025501,0.9243034064532939,0.9755877401435796
1.5787578757875789,0.9499792766593217,0.9243043004298952,0.9755871140531706
1.5792579257925792,0.94997938425908,0.9243051922064369,0.9755864895035583
1.57975797579758,0.9499794915023262,0.9243060817883332,0.9755858664909509
1.5802580258025802,0.9499795983895645,0.924306969180985,0.975585245011566
1.580758075807581,0.9499797049213017,0.92430785438978,0.9755846250616302
1.5812581258125813,0.9499798110980477,0.9243087374200928,0.9755840066373797
1.5817581758175816,0.9499799169203152,0.9243096182772844,0.9755833897350596
1.5822582258225824,0.9499800223886193,0.924310496966703,0.9755827743509247
1.5827582758275827,0.9499801275034783,0.9243113734936832,0.9755821604812386
1.5832583258325834,0.9499802322654127,0.9243122478635469,0.9755815481222743
1.5837583758375837,0.9499803366749462,0.9243131200816028,0.975580937270314
1.5842584258425845,0.9499804407326047,0.9243139901531463,0.9755803279216491
1.5847584758475848,0.9499805444389169,0.92431485808346,0.9755797200725798
1.585258525852585,0.9499806477944143,0.9243157238778134,0.9755791137194156
1.5857585758575858,0.9499807507996306,0.9243165875414631,0.9755785088584753
1.5862586258625861,0.9499808534551023,0.9243174490796526,0.9755779054860865
1.586758675867587,0.9499809557613684,0.9243183084976128,0.9755773035985859
1.5872587258725872,0.9499810577189702,0.9243191658005614,0.975576703192319
1.587758775877588,0.9499811593284517,0.9243200209937034,0.9755761042636409
1.5882588258825883,0.9499812605903591,0.9243208740822311,0.9755755068089151
1.5887588758875886,0.9499813615052415,0.9243217250713238,0.9755749108245142
1.5892589258925893,0.9499814620736496,0.9243225739661484,0.9755743163068198
1.5897589758975896,0.9499815622961372,0.9243234207718586,0.9755737232522222
1.5902590259025904,0.94998166217326,0.9243242654935957,0.9755731316571211
1.5907590759075907,0.9499817617055761,0.9243251081364884,0.9755725415179244
1.5912591259125914,0.9499818608936462,0.9243259487056528,0.9755719528310492
1.5917591759175918,0.9499819597380328,0.924326787206192,0.9755713655929215
1.592259225922592,0.9499820582393008,0.9243276236431971,0.9755707797999758
1.5927592759275928,0.9499821563980174,0.9243284580217463,0.9755701954486555
1.5932593259325931,0.9499822542147521,0.9243292903469056,0.9755696125354131
1.5937593759375939,0.9499823516900762,0.9243301206237282,0.9755690310567091
1.5942594259425942,0.9499824488245634,0.924330948857255,0.9755684510090135
1.594759475947595,0.9499825456187895,0.9243317750525146,0.9755678723888044
1.5952595259525952,0.9499826420733323,0.924332599214523,0.9755672951925688
1.595759575957596,0.9499827381887717,0.9243334213482842,0.9755667194168023
1.5962596259625963,0.9499828339656897,0.9243342414587895,0.9755661450580093
1.5967596759675966,0.9499829294046703,0.9243350595510182,0.9755655721127026
1.5972597259725974,0.9499830245062995,0.9243358756299371,0.9755650005774035
1.5977597759775977,0.9499831192711651,0.9243366897005012,0.9755644304486422
1.5982598259825984,0.9499832136998572,0.9243375017676527,0.975563861722957
1.5987598759875987,0.9499833077929675,0.9243383118363222,0.9755632943968952
1.5992599259925995,0.9499834015510896,0.9243391199114278,0.9755627284670121
1.5997599759975998,0.9499834949748194,0.9243399259978756,0.975562163929872
1.6002600260026,0.9499835880647541,0.9243407301005597,0.9755616007820472
1.6007600760076008,0.9499836808214932,0.9243415322243622,0.9755610390201188
1.6012601260126011,0.9499837732456377,0.924342332374153,0.9755604786406759
1.601760176017602,0.9499838653377906,0.92434313055479,0.9755599196403164
1.6022602260226022,0.9499839570985563,0.9243439267711194,0.9755593620156463
1.602760276027603,0.9499840485285415,0.9243447210279754,0.9755588057632801
1.6032603260326033,0.9499841396283543,0.92434551333018,0.9755582508798406
1.6037603760376036,0.9499842303986044,0.9243463036825437,0.9755576973619589
1.6042604260426043,0.9499843208399033,0.924347092089865,0.9755571452062743
1.6047604760476046,0.9499844109528642,0.9243478785569306,0.9755565944094347
1.6052605260526054,0.9499845007381021,0.9243486630885154,0.9755560449680957
1.6057605760576057,0.9499845901962333,0.9243494456893826,0.9755554968789216
1.6062606260626064,0.9499846793278757,0.9243502263642838,0.9755549501385847
1.6067606760676068,0.9499847681336488,0.9243510051179585,0.9755544047437655
1.607260726072607,0.9499848566141741,0.924351781955135,0.9755538606911529
1.6077607760776078,0.949984944770074,0.9243525568805298,0.9755533179774436
1.6082608260826081,0.9499850326019726,0.9243533298988476,0.9755527765993426
1.6087608760876089,0.9499851201104957,0.9243541010147818,0.9755522365535629
1.6092609260926092,0.9499852072962706,0.924354870233014,0.9755516978368258
1.60976097609761,0.9499852941599254,0.9243556375582146,0.9755511604458607
1.6102610261026102,0.9499853807020904,0.9243564029950421,0.9755506243774046
1.610761076107611,0.9499854669233969,0.9243571665481439,0.9755500896282029
1.6112611261126113,0.9499855528244778,0.9243579282221558,0.975549556195009
1.6117611761176116,0.9499856384059671,0.9243586880217022,0.9755490240745843
1.6122612261226124,0.9499857236685003,0.9243594459513961,0.9755484932636981
1.6127612761276127,0.9499858086127143,0.9243602020158391,0.9755479637591274
1.6132613261326134,0.9499858932392471,0.9243609562196218,0.9755474355576577
1.6137613761376137,0.9499859775487381,0.9243617085673229,0.975546908656082
1.6142614261426145,0.9499860615418281,0.9243624590635104,0.9755463830512011
1.6147614761476148,0.9499861452191589,0.9243632077127408,0.975545858739824
1.615261526152615,0.9499862285813736,0.9243639545195594,0.9755453357187674
1.6157615761576158,0.9499863116291166,0.9243646994885004,0.9755448139848559
1.6162616261626161,0.9499863943630334,0.9243654426240868,0.9755442935349219
1.616761676167617,0.9499864767837708,0.9243661839308304,0.9755437743658054
1.6172617261726172,0.9499865588919765,0.9243669234132319,0.9755432564743544
1.617761776177618,0.9499866406882994,0.9243676610757809,0.9755427398574246
1.6182618261826183,0.9499867221733898,0.9243683969229564,0.9755422245118793
1.6187618761876186,0.9499868033478986,0.9243691309592256,0.9755417104345899
1.6192619261926193,0.9499868842124783,0.9243698631890452,0.9755411976224351
1.6197619761976196,0.9499869647677822,0.9243705936168609,0.9755406860723014
1.6202620262026204,0.9499870450144645,0.9243713222471075,0.975540175781083
1.6207620762076207,0.9499871249531807,0.9243720490842086,0.9755396667456817
1.6212621262126214,0.949987204584587,0.9243727741325771,0.9755391589630071
1.6217621762176218,0.9499872839093407,0.9243734973966152,0.9755386524299763
1.622262226222622,0.9499873629281004,0.924374218880714,0.9755381471435136
1.6227622762276228,0.949987441641525,0.9243749385892539,0.9755376431005516
1.6232623262326231,0.9499875200502751,0.9243756565266045,0.9755371402980298
1.6237623762376239,0.9499875981550113,0.9243763726971247,0.9755366387328958
1.6242624262426242,0.949987675956396,0.9243770871051626,0.9755361384021041
1.624762476247625,0.9499877534550919,0.9243777997550557,0.9755356393026171
1.6252625262526252,0.9499878306517626,0.9243785106511307,0.9755351414314047
1.625762576257626,0.9499879075470729,0.9243792197977038,0.975534644785444
1.6262626262626263,0.949987984141688,0.9243799271990804,0.9755341493617198
1.6267626762676266,0.9499880604362742,0.9243806328595553,0.9755336551572241
1.6272627262726274,0.9499881364314984,0.924381336783413,0.9755331621689565
1.6277627762776277,0.9499882121280285,0.9243820389749273,0.9755326703939237
1.6282628262826284,0.9499882875265329,0.9243827394383614,0.9755321798291401
1.6287628762876287,0.9499883626276808,0.924383438177968,0.9755316904716274
1.6292629262926295,0.9499884374321425,0.9243841351979896,0.9755312023184142
1.6297629762976298,0.9499885119405882,0.9243848305026577,0.975530715366537
1.63026302630263,0.9499885861536896,0.9243855240961942,0.9755302296130394
1.6307630763076308,0.9499886600721188,0.9243862159828099,0.975529745054972
1.6312631263126312,0.9499887336965482,0.9243869061667056,0.9755292616893929
1.631763176317632,0.9499888070276515,0.9243875946520717,0.9755287795133676
1.6322632263226322,0.9499888800661026,0.9243882814430879,0.9755282985239684
1.632763276327633,0.9499889528125759,0.9243889665439244,0.9755278187182751
1.6332633263326333,0.9499890252677468,0.9243896499587406,0.9755273400933747
1.6337633763376336,0.9499890974322909,0.9243903316916856,0.9755268626463612
1.6342634263426343,0.9499891693068846,0.9243910117468986,0.975526386374336
1.6347634763476346,0.9499892408922047,0.9243916901285084,0.9755259112744072
1.6352635263526354,0.9499893121889288,0.9243923668406338,0.9755254373436906
1.6357635763576357,0.9499893831977347,0.9243930418873831,0.9755249645793085
1.6362636263626364,0.9499894539193008,0.9243937152728552,0.9755244929783908
1.6367636763676368,0.9499895243543061,0.9243943870011381,0.9755240225380741
1.637263726372637,0.9499895945034299,0.9243950570763102,0.9755235532555023
1.6377637763776378,0.9499896643673521,0.9243957255024399,0.9755230851278262
1.6382638263826381,0.9499897339467529,0.9243963922835854,0.9755226181522034
1.6387638763876389,0.9499898032423131,0.9243970574237949,0.9755221523257991
1.6392639263926392,0.9499898722547139,0.9243977209271067,0.9755216876457847
1.63976397639764,0.9499899409846366,0.9243983827975494,0.9755212241093392
1.6402640264026402,0.9499900094327632,0.9243990430391411,0.9755207617136482
1.640764076407641,0.9499900775997762,0.9243997016558907,0.9755203004559044
1.6412641264126413,0.9499901454863579,0.9244003586517968,0.9755198403333073
1.6417641764176416,0.9499902130931914,0.9244010140308482,0.9755193813430633
1.6422642264226424,0.94999028042096,0.9244016677970239,0.9755189234823858
1.6427642764276427,0.9499903474703473,0.9244023199542934,0.9755184667484947
1.6432643264326434,0.9499904142420372,0.924402970506616,0.9755180111386174
1.6437643764376437,0.949990480736714,0.9244036194579415,0.9755175566499873
1.6442644264426445,0.949990546955062,0.9244042668122099,0.9755171032798453
1.6447644764476448,0.949990612897766,0.9244049125733514,0.9755166510254387
1.645264526452645,0.9499906785655109,0.9244055567452869,0.9755161998840218
1.6457645764576458,0.949990743958982,0.9244061993319274,0.9755157498528556
1.6462646264626462,0.9499908090788646,0.924406840337174,0.9755153009292076
1.646764676467647,0.9499908739258444,0.9244074797649188,0.9755148531103524
1.6472647264726472,0.9499909385006071,0.9244081176190437,0.9755144063935709
1.647764776477648,0.9499910028038389,0.9244087539034216,0.975513960776151
1.6482648264826483,0.9499910668362256,0.9244093886219156,0.9755135162553875
1.6487648764876486,0.9499911305984537,0.9244100217783792,0.9755130728285811
1.6492649264926493,0.9499911940912097,0.9244106533766565,0.9755126304930399
1.6497649764976496,0.94999125731518,0.9244112834205822,0.9755121892460782
1.6502650265026504,0.9499913202710513,0.9244119119139816,0.9755117490850169
1.6507650765076507,0.9499913829595105,0.9244125388606707,0.9755113100071839
1.6512651265126514,0.9499914453812441,0.9244131642644554,0.9755108720099132
1.6517651765176518,0.9499915075369395,0.9244137881291332,0.9755104350905456
1.652265226522652,0.9499915694272834,0.9244144104584917,0.9755099992464284
1.6527652765276528,0.9499916310529628,0.9244150312563092,0.9755095644749154
1.6532653265326531,0.9499916924146649,0.9244156505263549,0.975509130773367
1.6537653765376539,0.9499917535130767,0.9244162682723887,0.9755086981391501
1.6542654265426542,0.9499918143488856,0.9244168844981608,0.9755082665696378
1.654765476547655,0.9499918749227783,0.9244174992074129,0.97550783606221
1.6552655265526552,0.949991935235442,0.9244181124038771,0.9755074066142531
1.655765576557656,0.9499919952875641,0.9244187240912761,0.9755069782231595
1.6562656265626563,0.9499920550798312,0.924419334273324,0.9755065508863283
1.6567656765676566,0.9499921146129305,0.9244199429537251,0.9755061246011653
1.6572657265726574,0.9499921738875491,0.9244205501361752,0.9755056993650819
1.6577657765776577,0.9499922329043736,0.9244211558243607,0.9755052751754966
1.6582658265826584,0.9499922916640909,0.9244217600219587,0.975504852029834
1.6587658765876587,0.9499923501673877,0.9244223627326379,0.975504429925525
1.6592659265926595,0.9499924084149506,0.9244229639600572,0.9755040088600068
1.6597659765976598,0.9499924664074659,0.9244235637078672,0.9755035888307229
1.66026602660266,0.9499925241456203,0.9244241619797089,0.9755031698351232
1.6607660766076608,0.9499925816300997,0.9244247587792148,0.9755027518706639
1.6612661266126612,0.9499926388615902,0.9244253541100083,0.9755023349348074
1.661766176617662,0.949992695840778,0.9244259479757039,0.9755019190250223
1.6622662266226622,0.9499927525683484,0.924426540379907,0.9755015041387832
1.662766276627663,0.9499928090449872,0.9244271313262145,0.9755010902735716
1.6632663266326633,0.9499928652713796,0.924427720818214,0.9755006774268744
1.6637663766376636,0.949992921248211,0.9244283088594849,0.9755002655961853
1.6642664266426643,0.9499929769761662,0.9244288954535971,0.9754998547790038
1.6647664766476646,0.9499930324559299,0.9244294806041122,0.9754994449728357
1.6652665266526654,0.9499930876881867,0.9244300643145827,0.975499036175193
1.6657665766576657,0.9499931426736207,0.9244306465885528,0.9754986283835936
1.6662666266626665,0.9499931974129159,0.9244312274295575,0.9754982215955618
1.6667666766676668,0.949993251906756,0.9244318068411232,0.9754978158086276
1.667266726672667,0.9499933061558246,0.924432384826768,0.9754974110203275
1.6677667766776678,0.9499933601608047,0.9244329613900009,0.975497007228204
1.6682668266826681,0.9499934139223793,0.9244335365343224,0.9754966044298052
1.6687668766876689,0.9499934674412309,0.9244341102632245,0.9754962026226858
1.6692669266926692,0.9499935207180418,0.9244346825801905,0.9754958018044062
1.66976697669767,0.9499935737534937,0.924435253488695,0.9754954019725329
1.6702670267026702,0.9499936265482685,0.9244358229922045,0.9754950031246384
1.670767076707671,0.9499936791030471,0.9244363910941765,0.9754946052583011
1.6712671267126713,0.9499937314185107,0.9244369577980601,0.9754942083711055
1.6717671767176716,0.9499937834953398,0.924437523107296,0.9754938124606418
1.6722672267226724,0.9499938353342143,0.9244380870253165,0.9754934175245064
1.6727672767276727,0.9499938869358143,0.9244386495555452,0.9754930235603014
1.6732673267326734,0.9499939383008189,0.9244392107013976,0.975492630565635
1.6737673767376737,0.9499939894299073,0.9244397704662805,0.9754922385381212
1.6742674267426745,0.9499940403237579,0.9244403288535924,0.9754918474753796
1.6747674767476748,0.9499940909830489,0.9244408858667236,0.9754914573750363
1.675267526752675,0.9499941414084582,0.9244414415090558,0.9754910682347225
1.6757675767576758,0.9499941916006628,0.9244419957839628,0.9754906800520758
1.6762676267626762,0.9499942415603397,0.9244425486948095,0.9754902928247394
1.676767676767677,0.9499942912881653,0.9244431002449529,0.9754899065503622
1.6772677267726772,0.9499943407848155,0.9244436504377417,0.975489521226599
1.677767776777678,0.9499943900509658,0.9244441992765163,0.9754891368511105
1.6782678267826783,0.9499944390872911,0.9244447467646091,0.9754887534215627
1.6787678767876786,0.9499944878944659,0.9244452929053437,0.975488370935628
1.6792679267926793,0.9499945364731643,0.9244458377020363,0.975487989390984
1.6797679767976796,0.9499945848240597,0.9244463811579944,0.9754876087853143
1.6802680268026804,0.949994632947825,0.9244469232765175,0.975487229116308
1.6807680768076807,0.9499946808451328,0.924447464060897,0.97548685038166
1.6812681268126815,0.9499947285166549,0.9244480035144162,0.975486472579071
1.6817681768176818,0.9499947759630627,0.9244485416403505,0.975486095706247
1.682268226822682,0.949994823185027,0.9244490784419669,0.9754857197609
1.6827682768276828,0.9499948701832183,0.9244496139225244,0.9754853447407476
1.6832683268326831,0.949994916958306,0.9244501480852745,0.9754849706435127
1.6837683768376839,0.9499949635109595,0.9244506809334598,0.9754845974669241
1.6842684268426842,0.9499950098418471,0.9244512124703158,0.9754842252087161
1.684768476847685,0.949995055951637,0.9244517426990696,0.9754838538666286
1.6852685268526852,0.9499951018409966,0.9244522716229402,0.9754834834384072
1.685768576857686,0.9499951475105924,0.924452799245139,0.9754831139218025
1.6862686268626863,0.9499951929610909,0.9244533255688695,0.9754827453145714
1.6867686768676866,0.9499952381931576,0.9244538505973272,0.9754823776144758
1.6872687268726874,0.9499952832074573,0.9244543743336996,0.9754820108192832
1.6877687768776877,0.9499953280046545,0.9244548967811665,0.9754816449267668
1.6882688268826884,0.9499953725854126,0.9244554179429,0.975481279934705
1.6887688768876887,0.9499954169503947,0.9244559378220643,0.9754809158408819
1.6892689268926895,0.9499954611002633,0.9244564564218155,0.9754805526430869
1.6897689768976898,0.94999550503568,0.9244569737453026,0.9754801903391148
1.69026902690269,0.9499955487573059,0.9244574897956661,0.9754798289267661
1.6907690769076908,0.9499955922658013,0.9244580045760393,0.9754794684038464
1.6912691269126912,0.9499956355618259,0.9244585180895477,0.9754791087681669
1.691769176917692,0.9499956786460386,0.9244590303393089,0.975478750017544
1.6922692269226922,0.9499957215190978,0.924459541328433,0.9754783921497998
1.692769276927693,0.9499957641816611,0.9244600510600224,0.9754780351627613
1.6932693269326933,0.9499958066343854,0.9244605595371719,0.9754776790542614
1.6937693769376936,0.9499958488779268,0.9244610667629686,0.9754773238221378
1.6942694269426943,0.9499958909129407,0.9244615727404921,0.9754769694642338
1.6947694769476946,0.9499959327400819,0.9244620774728144,0.975476615978398
1.6952695269526954,0.9499959743600043,0.9244625809629998,0.9754762633624843
1.6957695769576957,0.9499960157733612,0.9244630832141053,0.9754759116143517
1.6962696269626965,0.9499960569808051,0.9244635842291802,0.9754755607318647
1.6967696769676968,0.9499960979829877,0.9244640840112665,0.9754752107128929
1.697269726972697,0.94999613878056,0.9244645825633983,0.9754748615553114
1.6977697769776978,0.9499961793741721,0.9244650798886025,0.9754745132570001
1.6982698269826981,0.9499962197644736,0.9244655759898988,0.9754741658158443
1.6987698769876989,0.949996259952113,0.924466070870299,0.9754738192297349
1.6992699269926992,0.9499962999377383,0.9244665645328078,0.9754734734965673
1.6997699769977,0.9499963397219964,0.9244670569804224,0.9754731286142427
1.7002700270027002,0.9499963793055336,0.9244675482161326,0.975472784580667
1.700770077007701,0.9499964186889955,0.9244680382429209,0.9754724413937516
1.7012701270127013,0.9499964578730268,0.9244685270637625,0.9754720990514126
1.7017701770177016,0.9499964968582711,0.924469014681625,0.9754717575515718
1.7022702270227024,0.9499965356453716,0.9244695010994691,0.9754714168921558
1.7027702770277027,0.9499965742349704,0.924469986320248,0.9754710770710961
1.7032703270327034,0.949996612627709,0.9244704703469077,0.9754707380863298
1.7037703770377037,0.9499966508242278,0.9244709531823867,0.9754703999357986
1.7042704270427045,0.9499966888251665,0.9244714348296167,0.9754700626174496
1.7047704770477048,0.949996726631164,0.9244719152915217,0.9754697261292348
1.705270527052705,0.9499967642428581,0.9244723945710192,0.9754693904691112
1.7057705770577059,0.9499968016608861,0.9244728726710185,0.9754690556350408
1.7062706270627062,0.949996838885884,0.9244733495944228,0.9754687216249909
1.706770677067707,0.9499968759184876,0.9244738253441275,0.9754683884369334
1.7072707270727072,0.9499969127593311,0.924474299923021,0.9754680560688456
1.707770777077708,0.949996949409048,0.9244747733339848,0.9754677245187093
1.7082708270827083,0.9499969858682713,0.9244752455798929,0.9754673937845119
1.7087708770877086,0.9499970221376328,0.9244757166636128,0.9754670638642451
1.7092709270927093,0.9499970582177633,0.9244761865880043,0.9754667347559058
1.7097709770977096,0.9499970941092929,0.9244766553559208,0.975466406457496
1.7102710271027104,0.9499971298128508,0.9244771229702082,0.9754660789670226
1.7107710771077107,0.9499971653290652,0.9244775894337055,0.9754657522824971
1.7112711271127115,0.9499972006585633,0.9244780547492449,0.975465426401936
1.7117711771177118,0.9499972358019717,0.9244785189196515,0.975465101323361
1.712271227122712,0.9499972707599156,0.9244789819477433,0.9754647770447983
1.7127712771277128,0.9499973055330196,0.9244794438363316,0.975464453564279
1.7132713271327131,0.9499973401219074,0.9244799045882207,0.9754641308798393
1.7137713771377139,0.9499973745272017,0.924480364206208,0.9754638089895199
1.7142714271427142,0.9499974087495239,0.9244808226930842,0.9754634878913666
1.714771477147715,0.949997442789495,0.9244812800516325,0.9754631675834299
1.7152715271527152,0.9499974766477348,0.9244817362846302,0.9754628480637649
1.715771577157716,0.949997510324862,0.9244821913948469,0.975462529330432
1.7162716271627163,0.9499975438214946,0.9244826453850458,0.9754622113814958
1.7167716771677166,0.9499975771382495,0.9244830982579834,0.975461894215026
1.7172717271727174,0.9499976102757426,0.924483550016409,0.975461577829097
1.7177717771777177,0.9499976432345889,0.9244840006630657,0.9754612622217879
1.7182718271827184,0.9499976760154024,0.9244844502006894,0.9754609473911824
1.7187718771877187,0.9499977086187961,0.9244848986320093,0.9754606333353691
1.7192719271927195,0.9499977410453818,0.9244853459597482,0.9754603200524414
1.7197719771977198,0.9499977732957708,0.9244857921866219,0.9754600075404971
1.72027202720272,0.9499978053705732,0.9244862373153394,0.9754596957976389
1.7207720772077209,0.9499978372703977,0.9244866813486036,0.975459384821974
1.7212721272127212,0.9499978689958525,0.9244871242891102,0.9754590746116144
1.721772177217722,0.9499979005475446,0.9244875661395485,0.9754587651646768
1.7222722272227222,0.94999793192608,0.9244880069026011,0.9754584564792822
1.722772277227723,0.9499979631320636,0.9244884465809441,0.9754581485535566
1.7232723272327233,0.9499979941660995,0.9244888851772468,0.9754578413856305
1.7237723772377236,0.9499980250287907,0.9244893226941723,0.975457534973639
1.7242724272427243,0.9499980557207388,0.9244897591343768,0.9754572293157215
1.7247724772477246,0.949998086242545,0.9244901945005101,0.9754569244100226
1.7252725272527254,0.949998116594809,0.9244906287952155,0.9754566202546909
1.7257725772577257,0.9499981467781297,0.9244910620211296,0.9754563168478798
1.7262726272627265,0.9499981767931047,0.924491494180883,0.9754560141877472
1.7267726772677268,0.949998206640331,0.9244919252770992,0.9754557122724554
1.727272727272727,0.949998236320404,0.9244923553123957,0.9754554111001716
1.7277727772777278,0.9499982658339184,0.9244927842893834,0.9754551106690672
1.7282728272827281,0.9499982951814679,0.9244932122106667,0.9754548109773181
1.7287728772877289,0.949998324363645,0.9244936390788437,0.9754545120231048
1.7292729272927292,0.949998353381041,0.9244940648965061,0.9754542138046123
1.72977297729773,0.9499983822342464,0.9244944896662393,0.9754539163200299
1.7302730273027302,0.9499984109238504,0.924494913390622,0.9754536195675514
1.730773077307731,0.9499984394504414,0.9244953360722269,0.9754533235453753
1.7312731273127313,0.9499984678146065,0.9244957577136202,0.9754530282517042
1.7317731773177316,0.9499984960169318,0.9244961783173621,0.9754527336847454
1.7322732273227324,0.9499985240580023,0.9244965978860059,0.9754524398427104
1.7327732773277327,0.949998551938402,0.9244970164220991,0.975452146723815
1.7332733273327334,0.9499985796587137,0.9244974339281828,0.9754518543262798
1.7337733773377337,0.9499986072195191,0.9244978504067919,0.9754515626483296
1.7342734273427345,0.949998634621399,0.9244982658604549,0.9754512716881931
1.7347734773477348,0.9499986618649329,0.9244986802916941,0.9754509814441044
1.735273527352735,0.9499986889506992,0.924499093703026,0.9754506919143008
1.7357735773577359,0.9499987158792753,0.9244995060969601,0.9754504030970246
1.7362736273627362,0.9499987426512375,0.9244999174760005,0.9754501149905224
1.736773677367737,0.9499987692671611,0.9245003278426447,0.9754498275930449
1.7372737273727372,0.9499987957276199,0.9245007371993843,0.9754495409028472
1.737773777377738,0.949998822033187,0.9245011455487047,0.9754492549181888
1.7382738273827383,0.9499988481844343,0.9245015528930849,0.9754489696373332
1.7387738773877386,0.9499988741819322,0.9245019592349982,0.9754486850585485
1.7392739273927393,0.9499989000262506,0.9245023645769117,0.9754484011801069
1.7397739773977396,0.9499989257179579,0.9245027689212864,0.9754481180002849
1.7402740274027404,0.9499989512576213,0.924503172270577,0.975447835517363
1.7407740774077407,0.9499989766458073,0.9245035746272326,0.9754475537296264
1.7412741274127415,0.9499990018830808,0.9245039759936959,0.9754472726353642
1.7417741774177418,0.9499990269700058,0.924504376372404,0.9754469922328697
1.742274227422742,0.9499990519071452,0.9245047757657875,0.9754467125204405
1.7427742774277428,0.9499990766950606,0.9245051741762713,0.9754464334963783
1.7432743274327431,0.9499991013343125,0.9245055716062743,0.9754461551589891
1.7437743774377439,0.9499991258254604,0.9245059680582096,0.9754458775065831
1.7442744274427442,0.9499991501690627,0.924506363534484,0.9754456005374744
1.744774477447745,0.9499991743656764,0.9245067580374987,0.9754453242499815
1.7452745274527453,0.9499991984158574,0.9245071515696489,0.9754450486424271
1.745774577457746,0.9499992223201608,0.9245075441333237,0.9754447737131376
1.7462746274627463,0.94999924607914,0.9245079357309067,0.9754444994604441
1.7467746774677466,0.9499992696933476,0.9245083263647754,0.9754442258826812
1.7472747274727474,0.9499992931633352,0.9245087160373014,0.9754439529781882
1.7477747774777477,0.9499993164896527,0.9245091047508507,0.975443680745308
1.7482748274827484,0.9499993396728496,0.924509492507783,0.9754434091823878
1.7487748774877487,0.9499993627134733,0.9245098793104529,0.9754431382877788
1.7492749274927495,0.9499993856120709,0.9245102651612086,0.9754428680598365
1.7497749774977498,0.9499994083691878,0.9245106500623929,0.9754425984969202
1.75027502750275,0.9499994309853685,0.9245110340163424,0.9754423295973931
1.7507750775077509,0.9499994534611563,0.9245114170253884,0.9754420613596226
1.7512751275127512,0.9499994757970932,0.9245117990918564,0.9754417937819804
1.751775177517752,0.9499994979937202,0.9245121802180659,0.9754415268628417
1.7522752275227522,0.9499995200515768,0.924512560406331,0.9754412606005861
1.752775277527753,0.949999541971202,0.9245129396589598,0.9754409949935968
1.7532753275327533,0.9499995637531328,0.924513317978255,0.9754407300402614
1.7537753775377536,0.9499995853979055,0.9245136953665134,0.9754404657389714
1.7542754275427543,0.9499996069060552,0.9245140718260264,0.9754402020881217
1.7547754775477546,0.9499996282781158,0.9245144473590796,0.9754399390861119
1.7552755275527554,0.9499996495146199,0.924514821967953,0.9754396767313451
1.7557755775577557,0.9499996706160989,0.9245151956549208,0.9754394150222285
1.7562756275627565,0.9499996915830834,0.9245155684222521,0.9754391539571732
1.7567756775677568,0.9499997124161023,0.9245159402722098,0.9754388935345941
1.757275727572757,0.9499997331156835,0.9245163112070519,0.9754386337529101
1.7577757775777578,0.9499997536823539,0.9245166812290302,0.975438374610544
1.7582758275827581,0.9499997741166389,0.9245170503403913,0.9754381161059223
1.7587758775877589,0.9499997944190631,0.9245174185433762,0.9754378582374758
1.7592759275927592,0.9499998145901495,0.9245177858402205,0.9754376010036386
1.75977597759776,0.9499998346304201,0.924518152233154,0.9754373444028491
1.7602760276027603,0.9499998545403958,0.9245185177244015,0.9754370884335495
1.760776077607761,0.9499998743205962,0.9245188823161818,0.9754368330941854
1.7612761276127613,0.9499998939715395,0.9245192460107086,0.9754365783832067
1.7617761776177616,0.949999913493743,0.9245196088101898,0.9754363242990671
1.7622762276227624,0.9499999328877229,0.9245199707168283,0.9754360708402238
1.7627762776277627,0.9499999521539937,0.9245203317328214,0.9754358180051379
1.7632763276327634,0.9499999712930692,0.9245206918603609,0.9754355657922744
1.7637763776377637,0.9499999903054618,0.9245210511016332,0.9754353142001021
1.7642764276427645,0.9500000091916827,0.9245214094588194,0.9754350632270934
1.7647764776477648,0.9500000279522418,0.9245217669340953,0.9754348128717246
1.765276527652765,0.950000046587648,0.9245221235296313,0.9754345631324758
1.7657765776577659,0.9500000650984088,0.9245224792475922,0.9754343140078305
1.7662766276627662,0.9500000834850308,0.9245228340901379,0.9754340654962763
1.766776677667767,0.950000101748019,0.9245231880594227,0.9754338175963044
1.7672767276727672,0.9500001198878774,0.9245235411575957,0.9754335703064098
1.767776777677768,0.9500001379051087,0.9245238933868007,0.9754333236250909
1.7682768276827683,0.9500001558002146,0.9245242447491763,0.9754330775508502
1.7687768776877686,0.9500001735736953,0.9245245952468556,0.9754328320821936
1.7692769276927693,0.9500001912260501,0.9245249448819666,0.9754325872176307
1.7697769776977696,0.9500002087577768,0.9245252936566322,0.9754323429556749
1.7702770277027704,0.9500002261693722,0.9245256415729698,0.9754320992948433
1.7707770777077707,0.9500002434613318,0.9245259886330918,0.9754318562336565
1.7712771277127715,0.9500002606341499,0.9245263348391053,0.9754316137706387
1.7717771777177718,0.9500002776883194,0.9245266801931122,0.9754313719043178
1.772277227722772,0.9500002946243324,0.9245270246972095,0.9754311306332255
1.7727772777277728,0.9500003114426795,0.9245273683534886,0.9754308899558968
1.7732773277327731,0.9500003281438502,0.924527711164036,0.9754306498708705
1.7737773777377739,0.9500003447283325,0.924528053130933,0.9754304103766889
1.7742774277427742,0.9500003611966136,0.9245283942562559,0.975430171471898
1.774777477747775,0.9500003775491791,0.9245287345420757,0.9754299331550474
1.7752775277527753,0.9500003937865139,0.9245290739904585,0.9754296954246902
1.775777577757776,0.9500004099091011,0.9245294126034652,0.9754294582793829
1.7762776277627763,0.950000425917423,0.9245297503831515,0.9754292217176858
1.7767776777677766,0.9500004418119603,0.9245300873315684,0.9754289857381626
1.7772777277727774,0.950000457593193,0.9245304234507615,0.9754287503393806
1.7777777777777777,0.9500004732615994,0.9245307587427716,0.9754285155199105
1.7782778277827784,0.9500004888176569,0.9245310932096342,0.9754282812783268
1.7787778777877787,0.9500005042618413,0.9245314268533803,0.9754280476132073
1.7792779277927795,0.9500005195946278,0.9245317596760352,0.9754278145231333
1.7797779777977798,0.9500005348164899,0.9245320916796198,0.9754275820066897
1.78027802780278,0.9500005499279,0.9245324228661498,0.9754273500624645
1.7807780778077809,0.950000564929329,0.924532753237636,0.9754271186890499
1.7812781278127812,0.9500005798212473,0.924533082796084,0.9754268878850408
1.781778177817782,0.9500005946041234,0.9245334115434949,0.9754266576490362
1.7822782278227822,0.9500006092784249,0.9245337394818645,0.9754264279796381
1.782778277827783,0.9500006238446181,0.9245340666131839,0.975426198875452
1.7832783278327833,0.9500006383031682,0.9245343929394393,0.975425970335087
1.7837783778377836,0.9500006526545388,0.9245347184626118,0.9754257423571557
1.7842784278427843,0.9500006668991928,0.9245350431846779,0.9754255149402737
1.7847784778477847,0.9500006810375916,0.9245353671076091,0.9754252880830605
1.7852785278527854,0.9500006950701954,0.924535690233372,0.9754250617841387
1.7857785778577857,0.950000708997463,0.9245360125639284,0.9754248360421343
1.7862786278627865,0.9500007228198526,0.9245363341012354,0.9754246108556767
1.7867786778677868,0.9500007365378204,0.924536654847245,0.9754243862233988
1.787278727872787,0.9500007501518218,0.9245369748039046,0.9754241621439367
1.7877787778777878,0.950000763662311,0.924537293973157,0.97542393861593
1.7882788278827881,0.950000777069741,0.9245376123569397,0.9754237156380215
1.7887788778877889,0.9500007903745633,0.9245379299571859,0.9754234932088576
1.7892789278927892,0.9500008035772286,0.9245382467758239,0.9754232713270876
1.78977897789779,0.9500008166781859,0.924538562814777,0.9754230499913645
1.7902790279027903,0.9500008296778834,0.9245388780759642,0.9754228292003445
1.790779077907791,0.9500008425767679,0.9245391925612996,0.9754226089526871
1.7912791279127913,0.950000855375285,0.9245395062726923,0.975422389247055
1.7917791779177916,0.9500008680738791,0.9245398192120472,0.9754221700821144
1.7922792279227924,0.9500008806729933,0.9245401313812642,0.9754219514565347
1.7927792779277927,0.9500008931730697,0.9245404427822386,0.9754217333689884
1.7932793279327934,0.9500009055745489,0.924540753416861,0.9754215158181515
1.7937793779377937,0.9500009178778706,0.9245410632870174,0.9754212988027031
1.7942794279427945,0.950000930083473,0.9245413723945891,0.9754210823213257
1.7947794779477948,0.9500009421917932,0.9245416807414528,0.975420866372705
1.795279527952795,0.9500009542032671,0.9245419883294808,0.9754206509555297
1.7957795779577959,0.9500009661183295,0.9245422951605402,0.975420436068492
1.7962796279627962,0.9500009779374137,0.9245426012364942,0.9754202217102875
1.796779677967797,0.950000989660952,0.924542906559201,0.9754200078796144
1.7972797279727972,0.9500010012893756,0.9245432111305143,0.9754197945751746
1.797779777977798,0.9500010128231142,0.9245435149522834,0.9754195817956731
1.7982798279827983,0.9500010242625965,0.9245438180263527,0.9754193695398179
1.7987798779877986,0.9500010356082497,0.9245441203545622,0.9754191578063205
1.7992799279927993,0.9500010468605002,0.9245444219387479,0.9754189465938952
1.7997799779977997,0.9500010580197731,0.9245447227807404,0.9754187359012597
1.8002800280028004,0.950001069086492,0.9245450228823664,0.9754185257271349
1.8007800780078007,0.9500010800610794,0.9245453222454479,0.9754183160702447
1.8012801280128015,0.950001090943957,0.9245456208718025,0.9754181069293162
1.8017801780178018,0.9500011017355448,0.9245459187632432,0.9754178983030796
1.802280228022802,0.9500011124362616,0.9245462159215786,0.9754176901902682
1.8027802780278028,0.9500011230465255,0.9245465123486128,0.9754174825896187
1.8032803280328031,0.9500011335667529,0.9245468080461458,0.9754172754998703
1.8037803780378039,0.9500011439973591,0.9245471030159725,0.9754170689197661
1.8042804280428042,0.9500011543387584,0.9245473972598841,0.9754168628480516
1.804780478047805,0.9500011645913636,0.9245476907796669,0.9754166572834758
1.8052805280528053,0.9500011747555867,0.924547983577103,0.9754164522247906
1.805780578057806,0.950001184831838,0.92454827565397,0.9754162476707509
1.8062806280628063,0.9500011948205269,0.9245485670120414,0.9754160436201149
1.8067806780678066,0.9500012047220617,0.9245488576530859,0.9754158400716437
1.8072807280728074,0.9500012145368494,0.9245491475788683,0.9754156370241015
1.8077807780778077,0.9500012242652954,0.9245494367911488,0.9754154344762554
1.8082808280828084,0.9500012339078048,0.9245497252916832,0.975415232426876
1.8087808780878087,0.9500012434647805,0.9245500130822232,0.9754150308747361
1.8092809280928095,0.9500012529366251,0.9245503001645161,0.9754148298186125
1.8097809780978098,0.9500012623237394,0.9245505865403048,0.9754146292572841
1.81028102810281,0.950001271626523,0.924550872211328,0.9754144291895335
1.8107810781078109,0.9500012808453749,0.9245511571793201,0.9754142296141457
1.8112811281128112,0.9500012899806923,0.9245514414460114,0.9754140305299094
1.811781178117812,0.9500012990328716,0.9245517250131277,0.9754138319356156
1.8122812281228122,0.9500013080023076,0.9245520078823906,0.9754136338300586
1.812781278127813,0.9500013168893944,0.9245522900555174,0.9754134362120358
1.8132813281328133,0.9500013256945246,0.9245525715342215,0.9754132390803472
1.8137813781378136,0.9500013344180895,0.9245528523202118,0.975413042433796
1.8142814281428143,0.9500013430604798,0.924553132415193,0.9754128462711883
1.8147814781478147,0.9500013516220843,0.9245534118208657,0.9754126505913331
1.8152815281528154,0.9500013601032912,0.9245536905389262,0.9754124553930423
1.8157815781578157,0.9500013685044869,0.9245539685710669,0.975412260675131
1.8162816281628165,0.9500013768260575,0.9245542459189755,0.9754120664364168
1.8167816781678168,0.9500013850683869,0.9245545225843361,0.9754118726757204
1.817281728172817,0.9500013932318587,0.9245547985688285,0.9754116793918655
1.8177817781778178,0.9500014013168547,0.9245550738741282,0.9754114865836785
1.8182818281828181,0.9500014093237561,0.9245553485019067,0.9754112942499888
1.818781878187819,0.9500014172529424,0.9245556224538314,0.9754111023896289
1.8192819281928192,0.9500014251047921,0.9245558957315654,0.9754109110014336
1.81978197819782,0.9500014328796826,0.9245561683367681,0.9754107200842412
1.8202820282028203,0.9500014405779903,0.9245564402710945,0.9754105296368923
1.820782078207821,0.9500014482000899,0.9245567115361956,0.9754103396582309
1.8212821282128213,0.9500014557463555,0.9245569821337183,0.9754101501471034
1.8217821782178216,0.9500014632171598,0.9245572520653056,0.9754099611023592
1.8222822282228224,0.9500014706128743,0.9245575213325963,0.9754097725228507
1.8227822782278227,0.9500014779338694,0.9245577899372251,0.9754095844074328
1.8232823282328234,0.9500014851805141,0.924558057880823,0.9754093967549633
1.8237823782378237,0.9500014923531767,0.9245583251650168,0.9754092095643031
1.8242824282428245,0.950001499452224,0.9245585917914291,0.9754090228343157
1.8247824782478248,0.9500015064780217,0.9245588577616788,0.9754088365638672
1.825282528252825,0.9500015134309345,0.9245591230773808,0.9754086507518269
1.8257825782578259,0.9500015203113257,0.9245593877401456,0.9754084653970665
1.8262826282628262,0.9500015271195575,0.9245596517515804,0.9754082804984607
1.826782678267827,0.9500015338559913,0.924559915113288,0.975408096054887
1.8272827282728272,0.9500015405209868,0.9245601778268673,0.9754079120652254
1.827782778277828,0.9500015471149029,0.9245604398939133,0.9754077285283589
1.8282828282828283,0.9500015536380974,0.9245607013160174,0.9754075454431732
1.8287828782878286,0.9500015600909265,0.9245609620947665,0.9754073628085568
1.8292829282928293,0.9500015664737458,0.924561222231744,0.9754071806234007
1.8297829782978297,0.9500015727869096,0.9245614817285291,0.975406998886599
1.8302830283028304,0.9500015790307708,0.9245617405866976,0.9754068175970481
1.8307830783078307,0.9500015852056813,0.924561998807821,0.9754066367536474
1.8312831283128315,0.9500015913119922,0.924562256393467,0.9754064563552989
1.8317831783178318,0.950001597350053,0.9245625133451995,0.9754062764009074
1.832283228322832,0.9500016033202122,0.9245627696645786,0.9754060968893802
1.8327832783278328,0.9500016092228172,0.9245630253531605,0.9754059178196276
1.8332833283328331,0.9500016150582143,0.9245632804124976,0.9754057391905623
1.833783378337834,0.9500016208267487,0.9245635348441384,0.9754055610010999
1.8342834283428342,0.9500016265287642,0.9245637886496277,0.9754053832501582
1.834783478347835,0.9500016321646039,0.9245640418305064,0.9754052059366585
1.8352835283528353,0.9500016377346093,0.9245642943883118,0.9754050290595239
1.835783578357836,0.9500016432391212,0.924564546324577,0.9754048526176806
1.8362836283628363,0.9500016486784791,0.9245647976408319,0.9754046766100575
1.8367836783678366,0.9500016540530213,0.9245650483386021,0.9754045010355857
1.8372837283728374,0.950001659363085,0.9245652984194097,0.9754043258931995
1.8377837783778377,0.9500016646090064,0.9245655478847732,0.9754041511818354
1.8382838283828384,0.9500016697911206,0.9245657967362071,0.9754039769004328
1.8387838783878387,0.9500016749097612,0.9245660449752223,0.9754038030479334
1.8392839283928395,0.9500016799652613,0.9245662926033259,0.9754036296232818
1.8397839783978398,0.9500016849579523,0.9245665396220213,0.9754034566254249
1.84028402840284,0.950001689888165,0.9245667860328083,0.9754032840533127
1.8407840784078409,0.9500016947562288,0.924567031837183,0.975403111905897
1.8412841284128412,0.9500016995624718,0.9245672770366378,0.975402940182133
1.841784178417842,0.9500017043072215,0.9245675216326612,0.975402768880978
1.8422842284228422,0.9500017089908039,0.9245677656267384,0.975402598001392
1.842784278427843,0.950001713613544,0.9245680090203507,0.9754024275423374
1.8432843284328433,0.9500017181757657,0.9245682518149759,0.9754022575027793
1.8437843784378436,0.950001722677792,0.9245684940120881,0.9754020878816855
1.8442844284428443,0.9500017271199445,0.9245687356131577,0.975401918678026
1.8447844784478447,0.9500017315025436,0.9245689766196515,0.9754017498907734
1.8452845284528454,0.9500017358259092,0.9245692170330329,0.9754015815189032
1.8457845784578457,0.9500017400903595,0.9245694568547614,0.975401413561393
1.8462846284628465,0.950001744296212,0.9245696960862931,0.9754012460172231
1.8467846784678468,0.9500017484437828,0.9245699347290806,0.9754010788853763
1.847284728472847,0.9500017525333871,0.9245701727845725,0.9754009121648379
1.8477847784778478,0.9500017565653391,0.9245704102542144,0.9754007458545956
1.8482848284828481,0.9500017605399517,0.9245706471394479,0.9754005799536396
1.848784878487849,0.9500017644575367,0.9245708834417112,0.9754004144609628
1.8492849284928492,0.9500017683184052,0.9245711191624392,0.9754002493755605
1.84978497849785,0.9500017721228667,0.9245713543030627,0.9754000846964301
1.8502850285028503,0.95000177587123,0.9245715888650097,0.9753999204225722
1.850785078507851,0.9500017795638026,0.924571822849704,0.975399756552989
1.8512851285128513,0.9500017832008911,0.9245720562585664,0.9753995930866859
1.8517851785178516,0.950001786782801,0.9245722890930139,0.9753994300226703
1.8522852285228524,0.9500017903098367,0.9245725213544602,0.9753992673599521
1.8527852785278527,0.9500017937823013,0.9245727530443154,0.9753991050975439
1.8532853285328534,0.9500017972004973,0.9245729841639863,0.9753989432344604
1.8537853785378537,0.9500018005647257,0.9245732147148759,0.975398781769719
1.8542854285428545,0.9500018038752867,0.924573444698384,0.9753986207023393
1.8547854785478548,0.9500018071324793,0.9245736741159071,0.9753984600313433
1.8552855285528551,0.9500018103366016,0.9245739029688379,0.9753982997557558
1.8557855785578559,0.9500018134879504,0.9245741312585659,0.9753981398746034
1.8562856285628562,0.9500018165868218,0.9245743589864772,0.9753979803869156
1.856785678567857,0.9500018196335105,0.9245745861539544,0.975397821291724
1.8572857285728572,0.9500018226283101,0.9245748127623765,0.9753976625880627
1.857785778577858,0.9500018255715137,0.9245750388131196,0.9753975042749681
1.8582858285828583,0.9500018284634127,0.9245752643075562,0.9753973463514791
1.8587858785878586,0.9500018313042979,0.924575489247055,0.9753971888166368
1.8592859285928593,0.9500018340944588,0.924575713632982,0.9753970316694849
1.8597859785978597,0.950001836834184,0.9245759374666994,0.9753968749090692
1.8602860286028604,0.9500018395237609,0.9245761607495662,0.9753967185344379
1.8607860786078607,0.9500018421634762,0.924576383482938,0.9753965625446417
1.8612861286128615,0.9500018447536152,0.9245766056681671,0.9753964069387334
1.8617861786178618,0.9500018472944621,0.9245768273066026,0.9753962517157684
1.862286228622862,0.9500018497863006,0.92457704839959,0.9753960968748042
1.8627862786278628,0.9500018522294129,0.9245772689484717,0.9753959424149008
1.8632863286328631,0.9500018546240803,0.9245774889545867,0.9753957883351202
1.863786378637864,0.950001856970583,0.9245777084192708,0.9753956346345272
1.8642864286428642,0.9500018592692004,0.9245779273438564,0.9753954813121883
1.864786478647865,0.9500018615202107,0.9245781457296727,0.975395328367173
1.8652865286528653,0.9500018637238911,0.9245783635780455,0.9753951757985524
1.865786578657866,0.9500018658805177,0.9245785808902975,0.9753950236054004
1.8662866286628663,0.9500018679903658,0.9245787976677482,0.9753948717867928
1.8667866786678666,0.9500018700537095,0.9245790139117136,0.9753947203418082
1.8672867286728674,0.9500018720708221,0.9245792296235067,0.9753945692695266
1.8677867786778677,0.9500018740419754,0.9245794448044371,0.9753944185690312
1.8682868286828684,0.9500018759674409,0.9245796594558112,0.9753942682394069
1.8687868786878687,0.9500018778474885,0.9245798735789322,0.975394118279741
1.8692869286928695,0.9500018796823873,0.9245800871751003,0.9753939686891231
1.8697869786978698,0.9500018814724054,0.9245803002456123,0.9753938194666448
1.8702870287028701,0.9500018832178101,0.9245805127917617,0.9753936706114003
1.8707870787078709,0.9500018849188674,0.9245807248148389,0.9753935221224858
1.8712871287128712,0.9500018865758424,0.9245809363161313,0.9753933739989996
1.871787178717872,0.9500018881889992,0.924581147296923,0.9753932262400427
1.8722872287228722,0.950001889758601,0.9245813577584949,0.9753930788447177
1.872787278727873,0.9500018912849099,0.9245815677021247,0.9753929318121299
1.8732873287328733,0.950001892768187,0.9245817771290874,0.9753927851413866
1.8737873787378736,0.9500018942086925,0.924581986040654,0.9753926388315972
1.8742874287428744,0.9500018956066856,0.9245821944380933,0.9753924928818735
1.8747874787478747,0.9500018969624244,0.9245824023226703,0.9753923472913293
1.8752875287528754,0.9500018982761662,0.9245826096956473,0.9753922020590807
1.8757875787578757,0.9500018995481672,0.9245828165582832,0.975392057184246
1.8762876287628765,0.9500019007786826,0.9245830229118341,0.9753919126659456
1.8767876787678768,0.9500019019679669,0.9245832287575527,0.9753917685033019
1.877287728772877,0.9500019031162731,0.9245834340966889,0.9753916246954399
1.8777877787778778,0.9500019042238537,0.9245836389304893,0.9753914812414863
1.8782878287828781,0.9500019052909601,0.9245838432601975,0.9753913381405702
1.878787878787879,0.9500019063178425,0.9245840470870541,0.9753911953918228
1.8792879287928792,0.9500019073047506,0.9245842504122966,0.9753910529943774
1.87978797879788,0.9500019082519328,0.9245844532371595,0.9753909109473695
1.8802880288028803,0.9500019091596364,0.9245846555628743,0.9753907692499366
1.880788078807881,0.9500019100281083,0.9245848573906692,0.9753906279012184
1.8812881288128813,0.9500019108575939,0.9245850587217697,0.9753904869003568
1.8817881788178816,0.9500019116483378,0.9245852595573981,0.9753903462464957
1.8822882288228824,0.9500019124005838,0.9245854598987737,0.9753902059387811
1.8827882788278827,0.9500019131145746,0.924585659747113,0.9753900659763611
1.8832883288328834,0.950001913790552,0.9245858591036293,0.9753899263583862
1.8837883788378837,0.9500019144287569,0.9245860579695329,0.9753897870840084
1.8842884288428845,0.9500019150294291,0.9245862563460312,0.9753896481523822
1.8847884788478848,0.9500019155928077,0.9245864542343286,0.9753895095626641
1.8852885288528851,0.9500019161191305,0.9245866516356267,0.9753893713140128
1.8857885788578859,0.9500019166086349,0.9245868485511238,0.9753892334055889
1.8862886288628862,0.9500019170615568,0.9245870449820156,0.975389095836555
1.886788678867887,0.9500019174781315,0.9245872409294946,0.9753889586060759
1.8872887288728872,0.9500019178585932,0.9245874363947506,0.9753888217133184
1.887788778877888,0.9500019182031756,0.9245876313789702,0.9753886851574515
1.8882888288828883,0.9500019185121107,0.9245878258833372,0.975388548937646
1.8887888788878886,0.9500019187856302,0.9245880199090327,0.975388413053075
1.8892889288928894,0.9500019190239648,0.9245882134572345,0.9753882775029132
1.8897889788978897,0.950001919227344,0.9245884065291179,0.975388142286338
1.8902890289028904,0.9500019193959965,0.9245885991258549,0.9753880074025282
1.8907890789078907,0.9500019195301503,0.9245887912486149,0.9753878728506649
1.8912891289128915,0.9500019196300323,0.9245889828985645,0.9753877386299312
1.8917891789178918,0.9500019196958684,0.924589174076867,0.9753876047395124
1.892289228922892,0.9500019197278837,0.9245893647846835,0.9753874711785953
1.8927892789278928,0.9500019197263025,0.9245895550231714,0.975387337946369
1.8932893289328931,0.9500019196913481,0.924589744793486,0.9753872050420248
1.893789378937894,0.9500019196232427,0.9245899340967795,0.9753870724647558
1.8942894289428942,0.9500019195222078,0.924590122934201,0.9753869402137569
1.894789478947895,0.950001919388464,0.9245903113068972,0.9753868082882253
1.8952895289528953,0.9500019192222312,0.9245904992160117,0.9753866766873599
1.895789578957896,0.9500019190237279,0.9245906866626853,0.9753865454103618
1.8962896289628963,0.9500019187931722,0.9245908736480563,0.9753864144564339
1.8967896789678966,0.950001918530781,0.9245910601732596,0.9753862838247813
1.8972897289728974,0.9500019182367703,0.9245912462394279,0.9753861535146107
1.8977897789778977,0.9500019179113556,0.924591431847691,0.9753860235251309
1.8982898289828984,0.9500019175547509,0.9245916169991755,0.9753858938555529
1.8987898789878987,0.9500019171671701,0.9245918016950057,0.9753857645050893
1.8992899289928995,0.9500019167488254,0.9245919859363029,0.9753856354729546
1.8997899789978998,0.9500019162999287,0.9245921697241856,0.9753855067583658
1.9002900290029001,0.9500019158206908,0.9245923530597698,0.9753853783605411
1.9007900790079009,0.9500019153113216,0.9245925359441687,0.975385250278701
1.9012901290129012,0.9500019147720302,0.9245927183784923,0.9753851225120681
1.901790179017902,0.9500019142030248,0.9245929003638486,0.9753849950598663
1.9022902290229022,0.9500019136045129,0.9245930819013423,0.9753848679213221
1.902790279027903,0.9500019129767008,0.9245932629920756,0.9753847410956634
1.9032903290329033,0.9500019123197943,0.924593443637148,0.9753846145821203
1.9037903790379036,0.9500019116339978,0.9245936238376562,0.9753844883799248
1.9042904290429044,0.9500019109195157,0.9245938035946943,0.9753843624883104
1.9047904790479047,0.9500019101765507,0.9245939829093538,0.975384236906513
1.9052905290529054,0.950001909405305,0.9245941617827232,0.9753841116337699
1.9057905790579057,0.9500019086059802,0.9245943402158886,0.9753839866693208
1.9062906290629065,0.9500019077787766,0.9245945182099333,0.9753838620124069
1.9067906790679068,0.9500019069238937,0.924594695765938,0.9753837376622713
1.907290729072907,0.9500019060415307,0.9245948728849807,0.9753836136181591
1.9077907790779078,0.9500019051318851,0.9245950495681367,0.9753834898793171
1.9082908290829081,0.9500019041951544,0.9245952258164787,0.975383366444994
1.908790879087909,0.9500019032315347,0.9245954016310769,0.9753832433144406
1.9092909290929092,0.9500019022412214,0.9245955770129987,0.9753831204869091
1.90979097909791,0.9500019012244091,0.9245957519633087,0.975382997961654
1.9102910291029103,0.9500019001812917,0.9245959264830694,0.9753828757379311
1.910791079107911,0.9500018991120621,0.9245961005733402,0.9753827538149986
1.9112911291129113,0.9500018980169123,0.9245962742351781,0.9753826321921162
1.9117911791179116,0.9500018968960338,0.9245964474696374,0.9753825108685453
1.9122912291229124,0.9500018957496168,0.92459662027777,0.9753823898435495
1.9127912791279127,0.9500018945778511,0.924596792660625,0.975382269116394
1.9132913291329134,0.9500018933809256,0.924596964619249,0.9753821486863458
1.9137913791379138,0.9500018921590281,0.924597136154686,0.9753820285526735
1.9142914291429145,0.9500018909123459,0.9245973072679775,0.9753819087146481
1.9147914791479148,0.9500018896410654,0.9245974779601625,0.9753817891715418
1.9152915291529151,0.9500018883453721,0.9245976482322771,0.9753816699226289
1.9157915791579159,0.9500018870254509,0.9245978180853552,0.9753815509671853
1.9162916291629162,0.9500018856814855,0.9245979875204281,0.9753814323044888
1.916791679167917,0.9500018843136593,0.9245981565385245,0.9753813139338191
1.9172917291729172,0.9500018829221545,0.9245983251406704,0.9753811958544573
1.917791779177918,0.9500018815071528,0.9245984933278897,0.9753810780656866
1.9182918291829183,0.9500018800688347,0.9245986611012033,0.9753809605667919
1.9187918791879186,0.9500018786073804,0.9245988284616299,0.9753808433570598
1.9192919291929194,0.9500018771229689,0.9245989954101856,0.9753807264357787
1.9197919791979197,0.9500018756157786,0.924599161947884,0.9753806098022385
1.9202920292029204,0.9500018740859871,0.9245993280757364,0.9753804934557314
1.9207920792079207,0.9500018725337712,0.9245994937947511,0.975380377395551
1.9212921292129215,0.9500018709593069,0.9245996591059346,0.9753802616209923
1.9217921792179218,0.9500018693627694,0.9245998240102902,0.9753801461313527
1.922292229222922,0.9500018677443333,0.9245999885088192,0.9753800309259311
1.9227922792279228,0.9500018661041719,0.9246001526025205,0.9753799160040277
1.9232923292329231,0.9500018644424585,0.9246003162923903,0.9753798013649451
1.923792379237924,0.9500018627593649,0.9246004795794223,0.975379687007987
1.9242924292429242,0.9500018610550626,0.9246006424646079,0.9753795729324594
1.924792479247925,0.9500018593297221,0.9246008049489363,0.9753794591376694
1.9252925292529253,0.9500018575835134,0.9246009670333937,0.9753793456229263
1.925792579257926,0.9500018558166053,0.9246011287189643,0.9753792323875409
1.9262926292629263,0.9500018540291661,0.9246012900066296,0.9753791194308257
1.9267926792679266,0.9500018522213636,0.9246014508973691,0.9753790067520948
1.9272927292729274,0.9500018503933642,0.9246016113921595,0.975378894350664
1.9277927792779277,0.950001848545334,0.9246017714919751,0.9753787822258513
1.9282928292829284,0.9500018466774383,0.9246019311977881,0.9753786703769756
1.9287928792879288,0.9500018447898416,0.9246020905105682,0.9753785588033578
1.9292929292929295,0.9500018428827076,0.9246022494312824,0.9753784475043206
1.9297929792979298,0.9500018409561993,0.9246024079608957,0.9753783364791883
1.9302930293029301,0.950001839010479,0.9246025661003706,0.9753782257272867
1.9307930793079309,0.9500018370457081,0.9246027238506672,0.9753781152479436
1.9312931293129312,0.9500018350620474,0.9246028812127433,0.975378005040488
1.931793179317932,0.950001833059657,0.9246030381875542,0.975377895104251
1.9322932293229322,0.9500018310386962,0.924603194776053,0.9753777854385649
1.932793279327933,0.9500018289993233,0.9246033509791906,0.975377676042764
1.9332933293329333,0.9500018269416964,0.924603506797915,0.9753775669161842
1.9337933793379336,0.9500018248659724,0.9246036622331726,0.9753774580581629
1.9342934293429344,0.9500018227723078,0.9246038172859068,0.9753773494680391
1.9347934793479347,0.9500018206608581,0.9246039719570591,0.9753772411451536
1.9352935293529354,0.9500018185317782,0.9246041262475687,0.9753771330888487
1.9357935793579357,0.9500018163852225,0.9246042801583721,0.9753770252984683
1.9362936293629365,0.9500018142213441,0.924604433690404,0.975376917773358
1.9367936793679368,0.9500018120402961,0.9246045868445965,0.975376810512865
1.937293729372937,0.9500018098422303,0.9246047396218793,0.9753767035163381
1.9377937793779378,0.950001807627298,0.9246048920231801,0.9753765967831276
1.9382938293829381,0.9500018053956499,0.924605044049424,0.9753764903125856
1.938793879387939,0.9500018031474359,0.9246051957015343,0.9753763841040656
1.9392939293929392,0.9500018008828051,0.9246053469804315,0.9753762781569227
1.93979397939794,0.9500017986019059,0.9246054978870343,0.9753761724705139
1.9402940294029403,0.9500017963048863,0.9246056484222586,0.9753760670441973
1.940794079407941,0.9500017939918932,0.9246057985870186,0.9753759618773329
1.9412941294129413,0.9500017916630731,0.924605948382226,0.9753758569692822
1.9417941794179416,0.9500017893185715,0.9246060978087901,0.9753757523194082
1.9422942294229424,0.9500017869585334,0.9246062468676182,0.9753756479270757
1.9427942794279427,0.9500017845831032,0.9246063955596153,0.9753755437916507
1.9432943294329434,0.9500017821924245,0.9246065438856843,0.975375439912501
1.9437943794379438,0.95000177978664,0.9246066918467255,0.975375336288996
1.9442944294429445,0.9500017773658921,0.9246068394436373,0.9753752329205065
1.9447944794479448,0.9500017749303223,0.924606986677316,0.975375129806405
1.9452945294529451,0.9500017724800714,0.9246071335486553,0.9753750269460653
1.9457945794579459,0.9500017700152796,0.924607280058547,0.9753749243388629
1.9462946294629462,0.9500017675360864,0.9246074262078805,0.975374821984175
1.946794679467947,0.9500017650426307,0.9246075719975433,0.97537471988138
1.9472947294729472,0.9500017625350504,0.9246077174284204,0.9753746180298581
1.947794779477948,0.9500017600134832,0.9246078625013949,0.975374516428991
1.9482948294829483,0.9500017574780657,0.9246080072173475,0.9753744150781617
1.9487948794879486,0.9500017549289342,0.9246081515771568,0.9753743139767549
1.9492949294929494,0.9500017523662241,0.9246082955816993,0.9753742131241567
1.9497949794979497,0.9500017497900701,0.9246084392318494,0.9753741125197549
1.9502950295029504,0.9500017472006065,0.9246085825284791,0.9753740121629386
1.9507950795079507,0.9500017445979667,0.9246087254724585,0.9753739120530986
1.9512951295129515,0.9500017419822835,0.9246088680646554,0.975373812189627
1.9517951795179518,0.950001739353689,0.9246090103059356,0.9753737125719176
1.952295229522952,0.9500017367123148,0.9246091521971627,0.9753736131993656
1.9527952795279528,0.9500017340582918,0.9246092937391981,0.9753735140713675
1.9532953295329532,0.9500017313917501,0.9246094349329012,0.9753734151873216
1.953795379537954,0.9500017287128194,0.9246095757791292,0.9753733165466274
1.9542954295429542,0.9500017260216284,0.9246097162787372,0.9753732181486862
1.954795479547955,0.9500017233183056,0.9246098564325784,0.9753731199929003
1.9552955295529553,0.9500017206029784,0.9246099962415035,0.9753730220786742
1.955795579557956,0.9500017178757739,0.9246101357063616,0.9753729244054131
1.9562956295629563,0.9500017151368185,0.9246102748279992,0.975372826972524
1.9567956795679566,0.9500017123862379,0.924610413607261,0.9753727297794155
1.9572957295729574,0.9500017096241572,0.9246105520449898,0.9753726328254975
1.9577957795779577,0.9500017068507007,0.9246106901420258,0.9753725361101812
1.9582958295829584,0.9500017040659924,0.9246108278992076,0.9753724396328793
1.9587958795879588,0.9500017012701555,0.9246109653173715,0.9753723433930065
1.9592959295929595,0.9500016984633124,0.924611102397352,0.9753722473899782
1.9597959795979598,0.9500016956455851,0.9246112391399811,0.9753721516232114
1.9602960296029601,0.9500016928170951,0.9246113755460892,0.975372056092125
1.9607960796079609,0.950001689977963,0.9246115116165045,0.9753719607961387
1.9612961296129612,0.9500016871283088,0.9246116473520529,0.975371865734674
1.961796179617962,0.950001684268252,0.9246117827535587,0.975371770907154
1.9622962296229622,0.9500016813979116,0.9246119178218439,0.9753716763130026
1.962796279627963,0.9500016785174058,0.9246120525577286,0.9753715819516456
1.9632963296329633,0.9500016756268521,0.9246121869620307,0.9753714878225103
1.9637963796379636,0.9500016727263678,0.9246123210355666,0.9753713939250249
1.9642964296429644,0.950001669816069,0.9246124547791498,0.9753713002586195
1.9647964796479647,0.9500016668960718,0.9246125881935926,0.9753712068227255
1.9652965296529654,0.9500016639664913,0.924612721279705,0.9753711136167753
1.9657965796579657,0.9500016610274422,0.9246128540382949,0.9753710206402033
1.9662966296629665,0.9500016580790385,0.9246129864701683,0.9753709278924448
1.9667966796679668,0.9500016551213935,0.9246131185761295,0.975370835372937
1.967296729672967,0.9500016521546202,0.9246132503569803,0.9753707430811178
1.9677967796779678,0.9500016491788309,0.9246133818135208,0.9753706510164272
1.9682968296829682,0.9500016461941371,0.9246135129465494,0.975370559178306
1.968796879687969,0.95000164320065,0.924613643756862,0.9753704675661966
1.9692969296929692,0.95000164019848,0.9246137742452528,0.975370376179543
1.96979697969797,0.950001637187737,0.9246139044125141,0.9753702850177903
1.9702970297029703,0.9500016341685305,0.9246140342594363,0.975370194080385
1.970797079707971,0.950001631140969,0.9246141637868076,0.9753701033667748
1.9712971297129713,0.9500016281051609,0.9246142929954145,0.9753700128764091
1.9717971797179716,0.9500016250612136,0.9246144218860414,0.9753699226087386
1.9722972297229724,0.9500016220092341,0.9246145504594708,0.9753698325632151
1.9727972797279727,0.9500016189493291,0.9246146787164835,0.975369742739292
1.9732973297329734,0.9500016158816043,0.9246148066578581,0.9753696531364239
1.9737973797379738,0.950001612806165,0.9246149342843712,0.9753695637540667
1.9742974297429745,0.950001609723116,0.9246150615967981,0.9753694745916779
1.9747974797479748,0.9500016066325614,0.9246151885959113,0.975369385648716
1.9752975297529751,0.9500016035346049,0.9246153152824821,0.9753692969246411
1.9757975797579759,0.9500016004293497,0.9246154416572796,0.9753692084189145
1.9762976297629762,0.950001597316898,0.9246155677210711,0.9753691201309989
1.976797679767977,0.9500015941973519,0.9246156934746219,0.9753690320603581
1.9772977297729772,0.9500015910708128,0.9246158189186957,0.9753689442064575
1.977797779777978,0.9500015879373815,0.9246159440540539,0.9753688565687638
1.9782978297829783,0.9500015847971583,0.9246160688814563,0.9753687691467448
1.9787978797879786,0.9500015816502431,0.9246161934016608,0.9753686819398697
1.9792979297929794,0.9500015784967348,0.9246163176154234,0.9753685949476092
1.9797979797979797,0.9500015753367322,0.9246164415234982,0.9753685081694349
1.9802980298029804,0.9500015721703334,0.9246165651266377,0.9753684216048202
1.9807980798079807,0.9500015689976361,0.9246166884255921,0.9753683352532393
1.9812981298129815,0.9500015658187371,0.92461681142111,0.9753682491141681
1.9817981798179818,0.950001562633733,0.9246169341139383,0.9753681631870834
1.982298229822982,0.9500015594427198,0.9246170565048218,0.9753680774714638
1.9827982798279828,0.9500015562457927,0.9246171785945037,0.9753679919667887
1.9832983298329832,0.950001553043047,0.9246173003837251,0.975367906672539
1.983798379837984,0.9500015498345767,0.9246174218732255,0.9753678215881969
1.9842984298429842,0.9500015466204758,0.9246175430637426,0.9753677367132457
1.984798479847985,0.9500015434008375,0.924617663956012,0.9753676520471702
1.9852985298529853,0.9500015401757548,0.9246177845507678,0.9753675675894563
1.985798579857986,0.9500015369453196,0.9246179048487422,0.9753674833395913
1.9862986298629863,0.950001533709624,0.9246180248506655,0.9753673992970636
1.9867986798679866,0.9500015304687591,0.9246181445572663,0.9753673154613631
1.9872987298729874,0.9500015272228156,0.9246182639692714,0.9753672318319806
1.9877987798779877,0.9500015239718836,0.9246183830874057,0.9753671484084084
1.9882988298829884,0.9500015207160529,0.9246185019123927,0.9753670651901402
1.9887988798879888,0.9500015174554127,0.9246186204449535,0.9753669821766705
1.9892989298929895,0.9500015141900516,0.9246187386858079,0.9753668993674954
1.9897989798979898,0.9500015109200578,0.9246188566356738,0.9753668167621122
1.9902990299029901,0.9500015076455188,0.9246189742952672,0.9753667343600193
1.9907990799079909,0.950001504366522,0.9246190916653025,0.9753666521607164
1.9912991299129912,0.9500015010831538,0.9246192087464925,0.9753665701637044
1.991799179917992,0.9500014977955005,0.9246193255395477,0.9753664883684855
1.9922992299229922,0.9500014945036477,0.9246194420451775,0.9753664067745632
1.992799279927993,0.9500014912076805,0.9246195582640891,0.975366325381442
1.9932993299329933,0.9500014879076836,0.9246196741969881,0.9753662441886276
1.9937993799379936,0.9500014846037412,0.9246197898445784,0.9753661631956274
1.9942994299429944,0.950001481295937,0.9246199052075622,0.9753660824019493
1.9947994799479947,0.9500014779843541,0.9246200202866398,0.9753660018071031
1.9952995299529954,0.9500014746690751,0.92462013508251,0.9753659214105992
1.9957995799579957,0.9500014713501824,0.9246202495958695,0.9753658412119496
1.9962996299629965,0.9500014680277578,0.924620363827414,0.9753657612106674
1.9967996799679968,0.9500014647018823,0.9246204777778367,0.9753656814062669
1.997299729972997,0.9500014613726369,0.9246205914478296,0.9753656017982635
1.9977997799779978,0.9500014580401016,0.9246207048380827,0.9753655223861738
1.9982998299829982,0.9500014547043565,0.9246208179492845,0.9753654431695159
1.998799879987999,0.9500014513654808,0.9246209307821218,0.9753653641478087
1.9992999299929992,0.9500014480235534,0.9246210433372796,0.9753652853205724
1.999799979998,0.9500014446786526,0.9246211556154411,0.9753652066873285
2.0003000300030003,0.9500014413308565,0.9246212676172884,0.9753651282475996
2.000800080008001,0.9500014379802424,0.9246213793435011,0.9753650500009093
2.0013001300130013,0.9500014346268874,0.9246214907947576,0.9753649719467827
2.0018001800180016,0.950001431270868,0.9246216019717348,0.9753648940847459
2.0023002300230024,0.9500014279122603,0.9246217128751074,0.975364816414326
2.0028002800280027,0.9500014245511398,0.924621823505549,0.9753647389350516
2.0033003300330035,0.9500014211875817,0.924621933863731,0.9753646616464523
2.0038003800380038,0.9500014178216607,0.9246220439503237,0.9753645845480587
2.0043004300430045,0.950001414453451,0.9246221537659953,0.975364507639403
2.004800480048005,0.9500014110830265,0.9246222633114126,0.9753644309200179
2.005300530053005,0.9500014077104604,0.9246223725872407,0.9753643543894378
2.005800580058006,0.9500014043358256,0.924622481594143,0.9753642780471979
2.006300630063006,0.9500014009591946,0.9246225903327813,0.975364201892835
2.006800680068007,0.9500013975806394,0.9246226988038159,0.9753641259258866
2.0073007300730072,0.9500013942002313,0.9246228070079053,0.9753640501458913
2.007800780078008,0.9500013908180417,0.9246229149457065,0.9753639745523892
2.0083008300830083,0.9500013874341411,0.9246230226178747,0.9753638991449214
2.0088008800880086,0.9500013840485998,0.9246231300250637,0.9753638239230299
2.0093009300930094,0.9500013806614874,0.9246232371679257,0.975363748886258
2.0098009800980097,0.9500013772728735,0.924623344047111,0.9753636740341503
2.0103010301030104,0.9500013738828268,0.9246234506632688,0.9753635993662522
2.0108010801080107,0.9500013704914159,0.924623557017046,0.9753635248821103
2.0113011301130115,0.9500013670987086,0.9246236631090887,0.9753634505812726
2.011801180118012,0.950001363704773,0.9246237689400408,0.9753633764632879
2.012301230123012,0.9500013603096757,0.924623874510545,0.9753633025277061
2.012801280128013,0.9500013569134839,0.9246239798212421,0.9753632287740784
2.013301330133013,0.9500013535162637,0.9246240848727715,0.975363155201957
2.013801380138014,0.9500013501180811,0.9246241896657711,0.9753630818108953
2.014301430143014,0.9500013467190016,0.924624294200877,0.9753630086004474
2.014801480148015,0.9500013433190903,0.924624398478724,0.9753629355701693
2.0153015301530153,0.9500013399184116,0.9246245024999452,0.9753628627196173
2.015801580158016,0.9500013365170301,0.9246246062651722,0.975362790048349
2.0163016301630163,0.9500013331150093,0.9246247097750347,0.9753627175559235
2.0168016801680166,0.9500013297124129,0.9246248130301615,0.9753626452419004
2.0173017301730174,0.9500013263093038,0.9246249160311794,0.9753625731058408
2.0178017801780177,0.9500013229057445,0.9246250187787136,0.9753625011473067
2.0183018301830185,0.9500013195017971,0.9246251212733881,0.9753624293658613
2.0188018801880188,0.9500013160975236,0.9246252235158251,0.9753623577610686
2.0193019301930195,0.9500013126929852,0.9246253255066454,0.9753622863324939
2.01980198019802,0.950001309288243,0.9246254272464682,0.9753622150797037
2.02030203020302,0.9500013058833574,0.9246255287359112,0.9753621440022652
2.020802080208021,0.9500013024783888,0.9246256299755905,0.975362073099747
2.021302130213021,0.9500012990733966,0.924625730966121,0.9753620023717186
2.021802180218022,0.9500012956684405,0.9246258317081155,0.9753619318177504
2.0223022302230222,0.9500012922635794,0.9246259322021859,0.9753618614374144
2.022802280228023,0.9500012888588718,0.9246260324489424,0.975361791230283
2.0233023302330233,0.9500012854543759,0.9246261324489933,0.97536172119593
2.0238023802380236,0.9500012820501496,0.924626232202946,0.9753616513339303
2.0243024302430244,0.9500012786462501,0.9246263317114062,0.9753615816438597
2.0248024802480247,0.9500012752427346,0.9246264309749779,0.975361512125295
2.0253025302530254,0.9500012718396597,0.9246265299942636,0.9753614427778142
2.0258025802580257,0.9500012684370817,0.9246266287698649,0.9753613736009963
2.0263026302630265,0.9500012650350562,0.9246267273023813,0.9753613045944212
2.026802680268027,0.9500012616336391,0.9246268255924109,0.97536123575767
2.027302730273027,0.9500012582328852,0.9246269236405507,0.9753611670903248
2.027802780278028,0.9500012548328494,0.9246270214473957,0.9753610985919686
2.028302830283028,0.9500012514335858,0.92462711901354,0.9753610302621856
2.028802880288029,0.9500012480351487,0.9246272163395758,0.9753609621005609
2.029302930293029,0.9500012446375916,0.924627313426094,0.9753608941066807
2.02980298029803,0.9500012412409677,0.9246274102736842,0.9753608262801322
2.0303030303030303,0.9500012378453299,0.9246275068829343,0.9753607586205035
2.030803080308031,0.9500012344507306,0.9246276032544307,0.975360691127384
2.0313031303130313,0.9500012310572221,0.9246276993887588,0.9753606238003637
2.0318031803180316,0.950001227664856,0.924627795286502,0.975360556639034
2.0323032303230324,0.9500012242736837,0.9246278909482426,0.975360489642987
2.0328032803280327,0.9500012208837564,0.9246279863745616,0.9753604228118161
2.0333033303330335,0.9500012174951247,0.9246280815660382,0.9753603561451155
2.0338033803380338,0.9500012141078389,0.9246281765232502,0.9753602896424803
2.0343034303430345,0.9500012107219489,0.9246282712467744,0.9753602233035069
2.034803480348035,0.9500012073375044,0.9246283657371857,0.9753601571277924
2.035303530353035,0.9500012039545546,0.9246284599950579,0.9753600911149353
2.035803580358036,0.9500012005731484,0.9246285540209632,0.9753600252645344
2.036303630363036,0.9500011971933344,0.9246286478154726,0.9753599595761901
2.036803680368037,0.9500011938151607,0.9246287413791554,0.9753598940495037
2.0373037303730372,0.9500011904386753,0.9246288347125797,0.9753598286840772
2.037803780378038,0.9500011870639254,0.9246289278163122,0.9753597634795139
2.0383038303830383,0.9500011836909585,0.9246290206909181,0.9753596984354177
2.0388038803880386,0.9500011803198213,0.9246291133369615,0.9753596335513938
2.0393039303930394,0.9500011769505602,0.9246292057550046,0.9753595688270483
2.0398039803980397,0.9500011735832212,0.9246292979456086,0.9753595042619883
2.0403040304030404,0.9500011702178504,0.9246293899093333,0.9753594398558215
2.0408040804080407,0.950001166854493,0.924629481646737,0.9753593756081572
2.0413041304130415,0.9500011634931942,0.9246295731583766,0.9753593115186052
2.041804180418042,0.9500011601339987,0.9246296644448078,0.9753592475867764
2.042304230423042,0.9500011567769511,0.9246297555065848,0.9753591838122826
2.042804280428043,0.9500011534220953,0.9246298463442605,0.9753591201947367
2.043304330433043,0.9500011500694753,0.9246299369583862,0.9753590567337523
2.043804380438044,0.9500011467191343,0.9246300273495125,0.9753589934289443
2.044304430443044,0.9500011433711156,0.9246301175181877,0.9753589302799281
2.044804480448045,0.9500011400254619,0.9246302074649596,0.9753588672863206
2.0453045304530453,0.9500011366822158,0.9246302971903742,0.9753588044477391
2.045804580458046,0.9500011333414192,0.9246303866949761,0.9753587417638022
2.0463046304630463,0.950001130003114,0.9246304759793089,0.9753586792341293
2.0468046804680466,0.9500011266673419,0.9246305650439147,0.9753586168583408
2.0473047304730474,0.9500011233341439,0.9246306538893341,0.9753585546360579
2.0478047804780477,0.9500011200035609,0.9246307425161066,0.9753584925669029
2.0483048304830485,0.9500011166756334,0.9246308309247703,0.9753584306504989
2.0488048804880488,0.9500011133504016,0.9246309191158618,0.9753583688864701
2.0493049304930495,0.9500011100279054,0.9246310070899167,0.9753583072744413
2.04980498049805,0.9500011067081846,0.9246310948474692,0.9753582458140386
2.05030503050305,0.9500011033912783,0.924631182389052,0.9753581845048889
2.050805080508051,0.9500011000772256,0.9246312697151965,0.9753581233466198
2.051305130513051,0.950001096766065,0.924631356826433,0.97535806233886
2.051805180518052,0.950001093457835,0.9246314437232905,0.9753580014812392
2.0523052305230522,0.9500010901525736,0.9246315304062964,0.9753579407733879
2.052805280528053,0.9500010868503186,0.924631616875977,0.9753578802149374
2.0533053305330533,0.9500010835511074,0.9246317031328574,0.9753578198055202
2.0538053805380536,0.9500010802549771,0.9246317891774611,0.9753577595447694
2.0543054305430544,0.9500010769619646,0.9246318750103107,0.9753576994323192
2.0548054805480547,0.9500010736721065,0.9246319606319273,0.9753576394678046
2.0553055305530554,0.950001070385439,0.9246320460428307,0.9753575796508616
2.0558055805580557,0.950001067101998,0.9246321312435394,0.975357519981127
2.0563056305630565,0.9500010638218193,0.9246322162345708,0.9753574604582385
2.056805680568057,0.9500010605449382,0.9246323010164408,0.9753574010818346
2.057305730573057,0.9500010572713896,0.9246323855896643,0.975357341851555
2.057805780578058,0.9500010540012085,0.9246324699547546,0.97535728276704
2.058305830583058,0.9500010507344293,0.924632554112224,0.9753572238279309
2.058805880588059,0.9500010474710863,0.9246326380625834,0.9753571650338698
2.059305930593059,0.9500010442112132,0.9246327218063426,0.9753571063844999
2.05980598059806,0.9500010409548438,0.9246328053440099,0.9753570478794649
2.0603060306030603,0.9500010377020115,0.9246328886760927,0.9753569895184098
2.060806080608061,0.9500010344527492,0.9246329718030967,0.97535693130098
2.0613061306130613,0.9500010312070898,0.9246330547255267,0.9753568732268223
2.0618061806180616,0.9500010279650657,0.9246331374438862,0.975356815295584
2.0623062306230624,0.9500010247267092,0.9246332199586773,0.9753567575069134
2.0628062806280627,0.9500010214920522,0.9246333022704011,0.9753566998604597
2.0633063306330635,0.9500010182611265,0.9246333843795572,0.9753566423558728
2.0638063806380638,0.9500010150339633,0.9246334662866442,0.9753565849928036
2.0643064306430645,0.9500010118105937,0.9246335479921595,0.9753565277709039
2.064806480648065,0.9500010085910487,0.9246336294965989,0.9753564706898261
2.065306530653065,0.9500010053753589,0.9246337108004575,0.9753564137492239
2.065806580658066,0.9500010021635544,0.9246337919042288,0.9753563569487514
2.066306630663066,0.9500009989556654,0.9246338728084053,0.9753563002880639
2.066806680668067,0.9500009957517216,0.924633953513478,0.9753562437668172
2.0673067306730672,0.9500009925517525,0.9246340340199372,0.9753561873846682
2.067806780678068,0.9500009893557874,0.9246341143282714,0.9753561311412746
2.0683068306830683,0.9500009861638551,0.9246341944389682,0.9753560750362951
2.0688068806880686,0.9500009829759845,0.9246342743525142,0.9753560190693887
2.0693069306930694,0.950000979792204,0.9246343540693944,0.975355963240216
2.0698069806980697,0.9500009766125417,0.9246344335900929,0.9753559075484377
2.0703070307030704,0.9500009734370256,0.9246345129150924,0.9753558519937159
2.0708070807080707,0.9500009702656833,0.9246345920448745,0.9753557965757133
2.0713071307130715,0.9500009670985424,0.9246346709799198,0.9753557412940932
2.071807180718072,0.9500009639356298,0.9246347497207074,0.9753556861485203
2.072307230723072,0.9500009607769726,0.9246348282677154,0.9753556311386595
2.072807280728073,0.9500009576225974,0.9246349066214206,0.975355576264177
2.073307330733073,0.9500009544725305,0.9246349847822988,0.9753555215247396
2.073807380738074,0.9500009513267982,0.9246350627508246,0.9753554669200148
2.074307430743074,0.9500009481854264,0.9246351405274713,0.9753554124496714
2.074807480748075,0.9500009450484405,0.9246352181127111,0.9753553581133784
2.0753075307530753,0.9500009419158661,0.9246352955070151,0.975355303910806
2.075807580758076,0.9500009387877285,0.9246353727108532,0.9753552498416251
2.0763076307630763,0.9500009356640524,0.924635449724694,0.9753551959055076
2.0768076807680766,0.9500009325448625,0.9246355265490053,0.9753551421021257
2.0773077307730774,0.9500009294301833,0.9246356031842533,0.9753550884311529
2.0778077807780777,0.950000926320039,0.9246356796309034,0.9753550348922635
2.0783078307830785,0.9500009232144535,0.9246357558894197,0.9753549814851322
2.0788078807880788,0.9500009201134505,0.9246358319602653,0.9753549282094349
2.0793079307930795,0.9500009170170535,0.9246359078439019,0.9753548750648481
2.07980798079808,0.9500009139252856,0.9246359835407904,0.9753548220510492
2.08030803080308,0.9500009108381701,0.9246360590513901,0.9753547691677161
2.080808080808081,0.9500009077557295,0.9246361343761598,0.975354716414528
2.081308130813081,0.9500009046779865,0.9246362095155565,0.9753546637911645
2.081808180818082,0.9500009016049633,0.9246362844700367,0.9753546112973062
2.0823082308230823,0.9500008985366821,0.9246363592400552,0.9753545589326341
2.082808280828083,0.9500008954731647,0.9246364338260661,0.9753545066968307
2.0833083308330833,0.9500008924144325,0.9246365082285222,0.9753544545895785
2.0838083808380836,0.9500008893605073,0.9246365824478753,0.9753544026105613
2.0843084308430844,0.9500008863114099,0.9246366564845759,0.9753543507594635
2.0848084808480847,0.9500008832671615,0.9246367303390736,0.9753542990359703
2.0853085308530854,0.9500008802277826,0.9246368040118168,0.9753542474397676
2.0858085808580857,0.9500008771932938,0.9246368775032526,0.9753541959705423
2.0863086308630865,0.9500008741637155,0.9246369508138276,0.9753541446279816
2.086808680868087,0.9500008711390675,0.9246370239439865,0.9753540934117741
2.0873087308730875,0.9500008681193698,0.9246370968941734,0.9753540423216088
2.087808780878088,0.9500008651046419,0.9246371696648313,0.9753539913571754
2.088308830883088,0.9500008620949034,0.924637242256402,0.9753539405181645
2.088808880888089,0.9500008590901733,0.9246373146693262,0.9753538898042675
2.0893089308930892,0.9500008560904706,0.9246373869040435,0.9753538392151764
2.08980898089809,0.9500008530958142,0.9246374589609925,0.9753537887505841
2.0903090309030903,0.9500008501062224,0.9246375308406107,0.9753537384101842
2.090809080908091,0.9500008471217137,0.9246376025433345,0.9753536881936712
2.0913091309130913,0.9500008441423062,0.9246376740695993,0.97535363810074
2.0918091809180916,0.9500008411680179,0.9246377454198392,0.9753535881310866
2.0923092309230924,0.9500008381988663,0.9246378165944876,0.9753535382844076
2.0928092809280927,0.950000835234869,0.9246378875939765,0.9753534885604003
2.0933093309330935,0.9500008322760434,0.924637958418737,0.9753534389587629
2.0938093809380938,0.9500008293224064,0.924638029069199,0.9753533894791941
2.0943094309430945,0.950000826373975,0.9246380995457916,0.9753533401213937
2.094809480948095,0.9500008234307658,0.9246381698489425,0.975353290885062
2.095309530953095,0.9500008204927953,0.9246382399790788,0.9753532417698999
2.095809580958096,0.9500008175600799,0.9246383099366261,0.9753531927756093
2.096309630963096,0.9500008146326355,0.9246383797220091,0.9753531439018926
2.096809680968097,0.9500008117104781,0.9246384493356518,0.9753530951484534
2.0973097309730973,0.9500008087936234,0.9246385187779764,0.9753530465149954
2.097809780978098,0.9500008058820868,0.9246385880494048,0.9753529980012235
2.0983098309830983,0.9500008029758836,0.9246386571503575,0.975352949606843
2.0988098809880986,0.950000800075029,0.9246387260812541,0.9753529013315603
2.0993099309930994,0.9500007971795378,0.924638794842513,0.975352853175082
2.0998099809980997,0.9500007942894247,0.9246388634345518,0.9753528051371161
2.1003100310031004,0.9500007914047043,0.9246389318577868,0.9753527572173706
2.1008100810081007,0.9500007885253909,0.9246390001126336,0.9753527094155546
2.1013101310131015,0.9500007856514986,0.9246390681995064,0.9753526617313781
2.101810181018102,0.9500007827830413,0.9246391361188186,0.9753526141645515
2.1023102310231025,0.9500007799200331,0.9246392038709828,0.975352566714786
2.102810281028103,0.9500007770624871,0.9246392714564101,0.9753525193817933
2.103310331033103,0.950000774210417,0.924639338875511,0.9753524721652864
2.103810381038104,0.9500007713638359,0.9246394061286947,0.9753524250649784
2.1043104310431042,0.9500007685227569,0.9246394732163695,0.9753523780805834
2.104810481048105,0.9500007656871928,0.9246395401389429,0.975352331211816
2.1053105310531053,0.9500007628571563,0.924639606896821,0.9753522844583918
2.105810581058106,0.9500007600326598,0.9246396734904092,0.975352237820027
2.1063106310631063,0.9500007572137156,0.924639739920112,0.9753521912964382
2.1068106810681066,0.9500007544003359,0.9246398061863323,0.9753521448873432
2.1073107310731074,0.9500007515925326,0.9246398722894729,0.9753520985924601
2.1078107810781077,0.9500007487903176,0.9246399382299347,0.9753520524115078
2.1083108310831085,0.9500007459937023,0.9246400040081184,0.975352006344206
2.1088108810881088,0.9500007432026982,0.9246400696244231,0.9753519603902749
2.1093109310931095,0.9500007404173166,0.9246401350792475,0.9753519145494357
2.10981098109811,0.9500007376375685,0.9246402003729887,0.9753518688214099
2.11031103110311,0.9500007348634648,0.9246402655060432,0.9753518232059198
2.110811081108111,0.9500007320950163,0.9246403304788063,0.9753517777026887
2.111311131113111,0.9500007293322337,0.9246403952916729,0.9753517323114401
2.111811181118112,0.950000726575127,0.9246404599450362,0.9753516870318987
2.1123112311231123,0.9500007238237068,0.9246405244392887,0.9753516418637892
2.112811281128113,0.950000721077983,0.924640588774822,0.9753515968068377
2.1133113311331133,0.9500007183379654,0.9246406529520269,0.9753515518607704
2.1138113811381136,0.950000715603664,0.9246407169712928,0.9753515070253146
2.1143114311431144,0.950000712875088,0.9246407808330085,0.9753514623001981
2.1148114811481147,0.9500007101522472,0.9246408445375618,0.9753514176851491
2.1153115311531154,0.9500007074351505,0.9246409080853393,0.9753513731798971
2.1158115811581157,0.9500007047238072,0.9246409714767269,0.9753513287841715
2.1163116311631165,0.9500007020182262,0.9246410347121095,0.975351284497703
2.116811681168117,0.950000699318416,0.924641097791871,0.9753512403202228
2.1173117311731176,0.9500006966243856,0.9246411607163944,0.9753511962514625
2.117811781178118,0.9500006939361432,0.9246412234860617,0.9753511522911545
2.118311831183118,0.950000691253697,0.924641286101254,0.975351108439032
2.118811881188119,0.9500006885770554,0.9246413485623515,0.9753510646948289
2.1193119311931192,0.9500006859062262,0.9246414108697334,0.9753510210582794
2.11981198119812,0.9500006832412173,0.9246414730237781,0.9753509775291186
2.1203120312031203,0.9500006805820362,0.9246415350248627,0.9753509341070823
2.120812081208121,0.9500006779286907,0.9246415968733639,0.9753508907919067
2.1213121312131213,0.9500006752811879,0.924641658569657,0.9753508475833291
2.1218121812181217,0.9500006726395351,0.9246417201141167,0.9753508044810869
2.1223122312231224,0.9500006700037394,0.9246417815071167,0.9753507614849186
2.1228122812281227,0.9500006673738077,0.9246418427490296,0.975350718594563
2.1233123312331235,0.9500006647497469,0.9246419038402274,0.9753506758097598
2.1238123812381238,0.9500006621315633,0.9246419647810807,0.9753506331302492
2.1243124312431245,0.9500006595192636,0.92464202557196,0.975350590555772
2.124812481248125,0.9500006569128541,0.9246420862132338,0.9753505480860698
2.125312531253125,0.9500006543123409,0.9246421467052707,0.9753505057208849
2.125812581258126,0.9500006517177302,0.9246422070484378,0.9753504634599598
2.126312631263126,0.9500006491290278,0.9246422672431015,0.9753504213030381
2.126812681268127,0.9500006465462394,0.9246423272896273,0.9753503792498637
2.1273127312731273,0.9500006439693707,0.9246423871883795,0.9753503373001815
2.127812781278128,0.9500006413984271,0.9246424469397222,0.9753502954537366
2.1283128312831283,0.9500006388334141,0.9246425065440179,0.9753502537102751
2.1288128812881286,0.9500006362743367,0.9246425660016286,0.9753502120695433
2.1293129312931294,0.9500006337212,0.9246426253129152,0.9753501705312888
2.1298129812981297,0.9500006311740091,0.9246426844782378,0.975350129095259
2.1303130313031304,0.9500006286327686,0.9246427434979557,0.9753500877612026
2.1308130813081307,0.9500006260974831,0.9246428023724271,0.9753500465288685
2.1313131313131315,0.9500006235681573,0.9246428611020097,0.9753500053980063
2.131813181318132,0.9500006210447954,0.9246429196870597,0.9753499643683665
2.1323132313231326,0.9500006185274019,0.9246429781279331,0.9753499234397
2.132813281328133,0.9500006160159806,0.9246430364249845,0.9753498826117579
2.133313331333133,0.9500006135105358,0.924643094578568,0.9753498418842927
2.133813381338134,0.9500006110110711,0.9246431525890366,0.9753498012570572
2.1343134313431342,0.9500006085175904,0.9246432104567425,0.9753497607298044
2.134813481348135,0.9500006060300972,0.9246432681820371,0.9753497203022885
2.1353135313531353,0.950000603548595,0.9246433257652709,0.9753496799742639
2.135813581358136,0.950000601073087,0.9246433832067933,0.9753496397454858
2.1363136313631363,0.9500005986035767,0.9246434405069532,0.97534959961571
2.1368136813681367,0.950000596140067,0.9246434976660985,0.9753495595846929
2.1373137313731374,0.950000593682561,0.9246435546845763,0.9753495196521913
2.1378137813781377,0.9500005912310613,0.9246436115627326,0.9753494798179628
2.1383138313831385,0.9500005887855708,0.9246436683009128,0.9753494400817657
2.1388138813881388,0.9500005863460921,0.9246437248994614,0.9753494004433586
2.1393139313931395,0.9500005839126275,0.924643781358722,0.9753493609025009
2.13981398139814,0.9500005814851797,0.9246438376790376,0.9753493214589525
2.14031403140314,0.9500005790637506,0.9246438938607499,0.975349282112474
2.140814081408141,0.9500005766483425,0.9246439499041998,0.9753492428628263
2.141314131413141,0.9500005742389572,0.924644005809728,0.9753492037097713
2.141814181418142,0.9500005718355968,0.9246440615776739,0.9753491646530713
2.1423142314231423,0.9500005694382629,0.9246441172083757,0.975349125692489
2.142814281428143,0.9500005670469572,0.9246441727021715,0.9753490868277881
2.1433143314331433,0.9500005646616814,0.924644228059398,0.9753490480587323
2.1438143814381436,0.9500005622824365,0.9246442832803915,0.9753490093850866
2.1443144314431444,0.9500005599092242,0.9246443383654871,0.9753489708066161
2.1448144814481447,0.9500005575420454,0.9246443933150194,0.9753489323230863
2.1453145314531454,0.9500005551809013,0.9246444481293218,0.9753488939342638
2.1458145814581457,0.9500005528257929,0.9246445028087272,0.9753488556399156
2.1463146314631465,0.9500005504767209,0.9246445573535678,0.975348817439809
2.146814681468147,0.9500005481336863,0.9246446117641745,0.975348779333712
2.1473147314731476,0.9500005457966894,0.9246446660408776,0.9753487413213936
2.147814781478148,0.9500005434657309,0.9246447201840068,0.9753487034026227
2.148314831483148,0.9500005411408112,0.9246447741938908,0.9753486655771691
2.148814881488149,0.9500005388219306,0.9246448280708575,0.9753486278448034
2.1493149314931492,0.9500005365090893,0.924644881815234,0.9753485902052963
2.14981498149815,0.9500005342022874,0.9246449354273465,0.9753485526584194
2.1503150315031503,0.9500005319015248,0.9246449889075206,0.9753485152039445
2.150815081508151,0.9500005296068014,0.924645042256081,0.9753484778416445
2.1513151315131513,0.950000527318117,0.9246450954733517,0.9753484405712923
2.1518151815181517,0.9500005250354713,0.9246451485596556,0.9753484033926618
2.1523152315231524,0.9500005227588638,0.924645201515315,0.9753483663055272
2.1528152815281527,0.950000520488294,0.9246452543406517,0.9753483293096634
2.1533153315331535,0.9500005182237613,0.9246453070359861,0.9753482924048457
2.1538153815381538,0.9500005159652649,0.9246453596016384,0.97534825559085
2.1543154315431545,0.950000513712804,0.9246454120379275,0.9753482188674529
2.154815481548155,0.9500005114663777,0.9246454643451719,0.9753481822344314
2.155315531553155,0.9500005092259849,0.9246455165236892,0.9753481456915631
2.155815581558156,0.9500005069916244,0.9246455685737961,0.9753481092386261
2.156315631563156,0.9500005047632952,0.9246456204958087,0.9753480728753992
2.156815681568157,0.9500005025409958,0.9246456722900421,0.9753480366016615
2.1573157315731573,0.9500005003247247,0.9246457239568109,0.9753480004171926
2.157815781578158,0.9500004981144805,0.9246457754964288,0.9753479643217732
2.1583158315831583,0.9500004959102616,0.9246458269092086,0.9753479283151838
2.1588158815881586,0.9500004937120663,0.9246458781954625,0.9753478923972061
2.1593159315931594,0.9500004915198927,0.9246459293555019,0.9753478565676218
2.1598159815981597,0.950000489333739,0.9246459803896374,0.9753478208262134
2.1603160316031604,0.9500004871536032,0.9246460312981789,0.975347785172764
2.1608160816081607,0.9500004849794832,0.9246460820814354,0.9753477496070571
2.1613161316131615,0.9500004828113768,0.9246461327397153,0.9753477141288766
2.161816181618162,0.9500004806492818,0.924646183273326,0.9753476787380073
2.1623162316231626,0.9500004784931959,0.9246462336825745,0.9753476434342343
2.162816281628163,0.9500004763431165,0.9246462839677668,0.9753476082173432
2.163316331633163,0.9500004741990412,0.9246463341292082,0.9753475730871203
2.163816381638164,0.9500004720609673,0.9246463841672031,0.9753475380433521
2.1643164316431642,0.9500004699288922,0.9246464340820555,0.9753475030858261
2.164816481648165,0.9500004678028131,0.9246464838740684,0.9753474682143297
2.1653165316531653,0.950000465682727,0.9246465335435441,0.9753474334286516
2.165816581658166,0.9500004635686311,0.9246465830907842,0.9753473987285803
2.1663166316631663,0.9500004614605223,0.9246466325160894,0.9753473641139053
2.1668166816681667,0.9500004593583975,0.9246466818197597,0.9753473295844163
2.1673167316731674,0.9500004572622535,0.9246467310020948,0.9753472951399038
2.1678167816781677,0.9500004551720869,0.924646780063393,0.9753472607801585
2.1683168316831685,0.9500004530878944,0.9246468290039523,0.975347226504972
2.1688168816881688,0.9500004510096725,0.9246468778240697,0.975347192314136
2.1693169316931695,0.9500004489374178,0.9246469265240419,0.9753471582074431
2.16981698169817,0.9500004468711265,0.9246469751041642,0.975347124184686
2.17031703170317,0.950000444810795,0.9246470235647318,0.9753470902456585
2.170817081708171,0.9500004427564196,0.9246470719060388,0.9753470563901541
2.171317131713171,0.9500004407079964,0.9246471201283788,0.9753470226179676
2.171817181718172,0.9500004386655213,0.9246471682320445,0.9753469889288937
2.1723172317231723,0.9500004366289905,0.924647216217328,0.9753469553227281
2.172817281728173,0.9500004345983999,0.9246472640845206,0.9753469217992665
2.1733173317331733,0.9500004325737452,0.9246473118339129,0.9753468883583056
2.1738173817381736,0.9500004305550223,0.9246473594657949,0.9753468549996422
2.1743174317431744,0.9500004285422268,0.9246474069804557,0.9753468217230741
2.1748174817481747,0.9500004265353543,0.9246474543781837,0.9753467885283987
2.1753175317531754,0.9500004245344005,0.9246475016592669,0.9753467554154149
2.1758175817581757,0.9500004225393606,0.9246475488239922,0.9753467223839216
2.1763176317631765,0.9500004205502303,0.9246475958726461,0.9753466894337182
2.176817681768177,0.9500004185670047,0.924647642805514,0.9753466565646045
2.1773177317731776,0.950000416589679,0.924647689622881,0.9753466237763811
2.177817781778178,0.9500004146182487,0.9246477363250314,0.975346591068849
2.178317831783178,0.9500004126527086,0.9246477829122487,0.9753465584418095
2.178817881788179,0.9500004106930539,0.9246478293848156,0.9753465258950645
2.1793179317931792,0.9500004087392794,0.9246478757430144,0.9753464934284165
2.17981798179818,0.9500004067913802,0.9246479219871266,0.9753464610416682
2.1803180318031803,0.950000404849351,0.924647968117433,0.9753464287346232
2.180818081808181,0.9500004029131867,0.9246480141342135,0.9753463965070851
2.1813181318131813,0.9500004009828817,0.9246480600377475,0.9753463643588585
2.1818181818181817,0.950000399058431,0.9246481058283138,0.975346332289748
2.1823182318231824,0.950000397139829,0.9246481515061904,0.975346300299559
2.1828182818281827,0.9500003952270701,0.9246481970716546,0.9753462683880973
2.1833183318331835,0.950000393320149,0.9246482425249829,0.975346236555169
2.1838183818381838,0.9500003914190598,0.9246482878664516,0.9753462048005811
2.1843184318431845,0.950000389523797,0.9246483330963357,0.9753461731241406
2.184818481848185,0.9500003876343546,0.9246483782149099,0.9753461415256552
2.185318531853185,0.950000385750727,0.9246484232224481,0.9753461100049331
2.185818581858186,0.9500003838729082,0.9246484681192236,0.9753460785617829
2.186318631863186,0.9500003820008923,0.9246485129055091,0.9753460471960137
2.186818681868187,0.9500003801346734,0.9246485575815763,0.9753460159074351
2.1873187318731873,0.9500003782742452,0.9246486021476965,0.975345984695857
2.187818781878188,0.9500003764196018,0.9246486466041404,0.9753459535610901
2.1883188318831883,0.9500003745707368,0.9246486909511777,0.9753459225029453
2.1888188818881886,0.9500003727276441,0.9246487351890779,0.975345891521234
2.1893189318931894,0.9500003708903174,0.9246487793181093,0.975345860615768
2.1898189818981897,0.9500003690587502,0.92464882333854,0.9753458297863599
2.1903190319031904,0.9500003672329362,0.9246488672506373,0.9753457990328224
2.1908190819081907,0.9500003654128689,0.9246489110546678,0.9753457683549688
2.1913191319131915,0.9500003635985418,0.9246489547508974,0.9753457377526127
2.191819181918192,0.9500003617899482,0.9246489983395914,0.9753457072255685
2.1923192319231926,0.9500003599870814,0.9246490418210143,0.9753456767736508
2.192819281928193,0.950000358189935,0.9246490851954303,0.9753456463966746
2.193319331933193,0.9500003563985019,0.9246491284631027,0.9753456160944557
2.193819381938194,0.9500003546127755,0.9246491716242942,0.97534558586681
2.1943194319431942,0.9500003528327489,0.9246492146792668,0.975345555713554
2.194819481948195,0.950000351058415,0.9246492576282818,0.9753455256345045
2.1953195319531953,0.9500003492897671,0.9246493004716002,0.9753454956294789
2.195819581958196,0.950000347526798,0.9246493432094819,0.9753454656982953
2.1963196319631964,0.9500003457695005,0.9246493858421866,0.9753454358407716
2.1968196819681967,0.9500003440178678,0.9246494283699729,0.9753454060567268
2.1973197319731974,0.9500003422718926,0.9246494707930991,0.9753453763459801
2.1978197819781977,0.9500003405315675,0.9246495131118229,0.9753453467083508
2.1983198319831985,0.9500003387968853,0.9246495553264009,0.9753453171436592
2.1988198819881988,0.9500003370678388,0.9246495974370899,0.9753452876517258
2.1993199319931995,0.9500003353444204,0.924649639444145,0.9753452582323715
2.1998199819982,0.950000333626623,0.9246496813478217,0.9753452288854176
2.2003200320032,0.9500003319144387,0.9246497231483741,0.9753451996106861
2.200820082008201,0.9500003302078602,0.9246497648460563,0.9753451704079992
2.201320132013201,0.95000032850688,0.9246498064411212,0.9753451412771794
2.201820182018202,0.9500003268114903,0.9246498479338214,0.9753451122180502
2.2023202320232023,0.9500003251216835,0.9246498893244088,0.9753450832304348
2.202820282028203,0.950000323437452,0.9246499306131348,0.9753450543141575
2.2033203320332033,0.9500003217587879,0.92464997180025,0.9753450254690426
2.2038203820382036,0.9500003200856835,0.9246500128860045,0.9753449966949149
2.2043204320432044,0.9500003184181308,0.9246500538706477,0.9753449679915999
2.2048204820482047,0.9500003167561221,0.9246500947544285,0.9753449393589232
2.2053205320532054,0.9500003150996493,0.924650135537595,0.9753449107967109
2.2058205820582057,0.9500003134487045,0.9246501762203949,0.9753448823047898
2.2063206320632065,0.9500003118032796,0.9246502168030752,0.9753448538829866
2.206820682068207,0.9500003101633666,0.9246502572858823,0.9753448255311291
2.2073207320732076,0.9500003085289574,0.924650297669062,0.975344797249045
2.207820782078208,0.9500003069000438,0.9246503379528594,0.9753447690365625
2.208320832083208,0.9500003052766177,0.9246503781375193,0.9753447408935104
2.208820882088209,0.9500003036586707,0.9246504182232853,0.9753447128197178
2.2093209320932092,0.9500003020461947,0.924650458210401,0.9753446848150144
2.20982098209821,0.9500003004391813,0.9246504980991092,0.9753446568792299
2.2103210321032103,0.9500002988376222,0.924650537889652,0.9753446290121949
2.210821082108211,0.9500002972415088,0.924650577582271,0.9753446012137402
2.2113211321132114,0.950000295650833,0.9246506171772073,0.975344573483697
2.2118211821182117,0.9500002940655861,0.9246506566747011,0.9753445458218968
2.2123212321232124,0.9500002924857596,0.9246506960749924,0.9753445182281718
2.2128212821282127,0.9500002909113451,0.9246507353783202,0.9753444907023545
2.2133213321332135,0.9500002893423338,0.9246507745849233,0.9753444632442777
2.213821382138214,0.9500002877787173,0.9246508136950398,0.9753444358537747
2.2143214321432145,0.9500002862204868,0.9246508527089069,0.9753444085306793
2.214821482148215,0.9500002846676336,0.9246508916267616,0.9753443812748254
2.215321532153215,0.9500002831201491,0.9246509304488402,0.9753443540860477
2.215821582158216,0.9500002815780244,0.9246509691753784,0.975344326964181
2.216321632163216,0.9500002800412508,0.9246510078066114,0.9753442999090609
2.216821682168217,0.9500002785098194,0.9246510463427735,0.9753442729205228
2.2173217321732173,0.9500002769837214,0.9246510847840989,0.975344245998403
2.217821782178218,0.9500002754629477,0.9246511231308209,0.9753442191425381
2.2183218321832183,0.9500002739474896,0.9246511613831724,0.9753441923527649
2.2188218821882186,0.9500002724373381,0.9246511995413855,0.9753441656289209
2.2193219321932194,0.9500002709324841,0.9246512376056919,0.9753441389708437
2.2198219821982197,0.9500002694329186,0.9246512755763229,0.9753441123783716
2.2203220322032204,0.9500002679386325,0.9246513134535088,0.975344085851343
2.2208220822082207,0.9500002664496168,0.9246513512374797,0.975344059389597
2.2213221322132215,0.9500002649658623,0.9246513889284649,0.9753440329929729
2.221822182218222,0.9500002634873599,0.9246514265266933,0.9753440066613103
2.2223222322232226,0.9500002620141003,0.9246514640323932,0.9753439803944495
2.222822282228223,0.9500002605460743,0.9246515014457922,0.9753439541922309
2.223322332233223,0.9500002590832729,0.9246515387671176,0.9753439280544954
2.223822382238224,0.9500002576256864,0.9246515759965959,0.9753439019810846
2.2243224322432242,0.9500002561733059,0.9246516131344531,0.9753438759718398
2.224822482248225,0.9500002547261217,0.9246516501809148,0.9753438500266033
2.2253225322532253,0.9500002532841247,0.9246516871362057,0.9753438241452176
2.225822582258226,0.9500002518473054,0.9246517240005505,0.9753437983275255
2.2263226322632264,0.9500002504156545,0.9246517607741728,0.9753437725733701
2.2268226822682267,0.9500002489891624,0.9246517974572958,0.9753437468825954
2.2273227322732274,0.9500002475678195,0.9246518340501424,0.9753437212550451
2.2278227822782277,0.9500002461516166,0.9246518705529346,0.9753436956905638
2.2283228322832285,0.9500002447405441,0.9246519069658943,0.9753436701889961
2.228822882288229,0.9500002433345923,0.9246519432892422,0.9753436447501874
2.2293229322932295,0.9500002419337518,0.9246519795231991,0.9753436193739831
2.22982298229823,0.9500002405380128,0.9246520156679849,0.9753435940602291
2.23032303230323,0.9500002391473659,0.924652051723819,0.9753435688087718
2.230823082308231,0.9500002377618012,0.9246520876909204,0.975343543619458
2.231323132313231,0.9500002363813091,0.9246521235695075,0.9753435184921344
2.231823182318232,0.9500002350058802,0.924652159359798,0.9753434934266488
2.2323232323232323,0.9500002336355042,0.9246521950620094,0.9753434684228489
2.232823282328233,0.9500002322701719,0.9246522306763582,0.9753434434805829
2.2333233323332333,0.9500002309098733,0.9246522662030607,0.9753434185996993
2.2338233823382336,0.9500002295545985,0.9246523016423327,0.9753433937800471
2.2343234323432344,0.9500002282043378,0.9246523369943893,0.9753433690214757
2.2348234823482347,0.9500002268590814,0.9246523722594452,0.9753433443238345
2.2353235323532354,0.9500002255188194,0.9246524074377145,0.9753433196869739
2.2358235823582358,0.9500002241835418,0.9246524425294106,0.975343295110744
2.2363236323632365,0.9500002228532388,0.9246524775347468,0.9753432705949959
2.236823682368237,0.9500002215279006,0.9246525124539354,0.9753432461395805
2.2373237323732376,0.9500002202075171,0.9246525472871887,0.9753432217443494
2.237823782378238,0.9500002188920784,0.9246525820347179,0.9753431974091546
2.238323832383238,0.9500002175815744,0.924652616696734,0.9753431731338482
2.238823882388239,0.9500002162759953,0.9246526512734478,0.9753431489182829
2.2393239323932392,0.9500002149753308,0.9246526857650686,0.9753431247623117
2.23982398239824,0.9500002136795712,0.9246527201718064,0.9753431006657878
2.2403240324032403,0.9500002123887062,0.9246527544938699,0.975343076628565
2.240824082408241,0.9500002111027258,0.9246527887314673,0.9753430526504974
2.2413241324132414,0.9500002098216198,0.9246528228848067,0.9753430287314393
2.2418241824182417,0.9500002085453783,0.9246528569540953,0.9753430048712457
2.2423242324232424,0.950000207273991,0.9246528909395401,0.9753429810697715
2.2428242824282427,0.9500002060074478,0.9246529248413472,0.9753429573268723
2.2433243324332435,0.9500002047457385,0.9246529586597227,0.9753429336424039
2.243824382438244,0.9500002034888531,0.9246529923948719,0.9753429100162225
2.2443244324432445,0.950000202236781,0.9246530260469994,0.9753428864481848
2.244824482448245,0.9500002009895124,0.9246530596163096,0.9753428629381475
2.245324532453245,0.9500001997470369,0.9246530931030065,0.9753428394859681
2.245824582458246,0.9500001985093443,0.9246531265072931,0.975342816091504
2.246324632463246,0.9500001972764243,0.9246531598293725,0.9753427927546132
2.246824682468247,0.9500001960482666,0.9246531930694468,0.9753427694751541
2.2473247324732473,0.9500001948248609,0.924653226227718,0.9753427462529852
2.247824782478248,0.950000193606197,0.9246532593043872,0.9753427230879658
2.2483248324832483,0.9500001923922645,0.9246532922996554,0.9753426999799549
2.2488248824882486,0.9500001911830531,0.9246533252137229,0.9753426769288126
2.2493249324932494,0.9500001899785525,0.9246533580467894,0.9753426539343986
2.2498249824982497,0.9500001887787523,0.9246533907990544,0.9753426309965734
2.2503250325032504,0.950000187583642,0.9246534234707167,0.9753426081151978
2.2508250825082508,0.9500001863932114,0.9246534560619746,0.9753425852901328
2.2513251325132515,0.9500001852074501,0.9246534885730261,0.97534256252124
2.251825182518252,0.9500001840263476,0.9246535210040684,0.9753425398083808
2.2523252325232526,0.9500001828498935,0.9246535533552985,0.9753425171514177
2.252825282528253,0.9500001816780773,0.9246535856269129,0.9753424945502129
2.253325332533253,0.9500001805108887,0.9246536178191075,0.9753424720046292
2.253825382538254,0.9500001793483173,0.9246536499320777,0.9753424495145299
2.2543254325432542,0.9500001781903524,0.9246536819660184,0.9753424270797781
2.254825482548255,0.9500001770369838,0.9246537139211242,0.9753424047002379
2.2553255325532553,0.9500001758882007,0.9246537457975891,0.9753423823757734
2.255825582558256,0.9500001747439929,0.9246537775956066,0.975342360106249
2.2563256325632564,0.9500001736043496,0.9246538093153698,0.9753423378915294
2.2568256825682567,0.9500001724692606,0.9246538409570713,0.9753423157314798
2.2573257325732574,0.9500001713387152,0.924653872520903,0.9753422936259657
2.2578257825782577,0.9500001702127028,0.9246539040070568,0.9753422715748529
2.2583258325832585,0.950000169091213,0.9246539354157238,0.9753422495780074
2.258825882588259,0.9500001679742353,0.9246539667470947,0.9753422276352958
2.2593259325932595,0.9500001668617589,0.9246539980013595,0.9753422057465848
2.25982598259826,0.9500001657537734,0.9246540291787082,0.9753421839117414
2.26032603260326,0.9500001646502683,0.9246540602793302,0.9753421621306333
2.260826082608261,0.9500001635512328,0.9246540913034139,0.9753421404031279
2.261326132613261,0.9500001624566564,0.9246541222511481,0.9753421187290937
2.261826182618262,0.9500001613665287,0.9246541531227204,0.9753420971083988
2.2623262326232623,0.9500001602808388,0.9246541839183183,0.975342075540912
2.262826282628263,0.9500001591995763,0.9246542146381289,0.9753420540265024
2.2633263326332633,0.9500001581227304,0.9246542452823386,0.9753420325650394
2.2638263826382636,0.9500001570502906,0.9246542758511335,0.9753420111563926
2.2643264326432644,0.9500001559822463,0.9246543063446991,0.9753419898004321
2.2648264826482647,0.9500001549185867,0.9246543367632206,0.9753419684970283
2.2653265326532654,0.9500001538593014,0.9246543671068828,0.9753419472460516
2.2658265826582658,0.9500001528043795,0.9246543973758697,0.9753419260473732
2.2663266326632665,0.9500001517538106,0.9246544275703653,0.9753419049008645
2.266826682668267,0.9500001507075838,0.9246544576905527,0.9753418838063969
2.2673267326732676,0.9500001496656886,0.924654487736615,0.9753418627638424
2.267826782678268,0.9500001486281143,0.9246545177087343,0.9753418417730731
2.268326832683268,0.9500001475948502,0.924654547607093,0.9753418208339618
2.268826882688269,0.9500001465658857,0.9246545774318722,0.9753417999463813
2.2693269326932692,0.95000014554121,0.9246546071832533,0.9753417791102047
2.26982698269827,0.9500001445208125,0.9246546368614168,0.9753417583253056
2.2703270327032703,0.9500001435046825,0.9246546664665428,0.9753417375915576
2.270827082708271,0.9500001424928094,0.9246546959988112,0.9753417169088351
2.2713271327132714,0.9500001414851823,0.9246547254584013,0.9753416962770123
2.2718271827182717,0.9500001404817907,0.9246547548454919,0.9753416756959641
2.2723272327232724,0.9500001394826239,0.9246547841602613,0.9753416551655655
2.2728272827282727,0.950000138487671,0.9246548134028877,0.9753416346856918
2.2733273327332735,0.9500001374969215,0.9246548425735485,0.9753416142562186
2.273827382738274,0.9500001365103645,0.9246548716724208,0.975341593877022
2.2743274327432745,0.9500001355279896,0.9246549006996814,0.9753415735479782
2.274827482748275,0.9500001345497859,0.9246549296555064,0.9753415532689639
2.275327532753275,0.9500001335757426,0.9246549585400717,0.9753415330398558
2.275827582758276,0.9500001326058493,0.9246549873535526,0.9753415128605312
2.276327632763276,0.9500001316400949,0.9246550160961241,0.9753414927308676
2.276827682768277,0.950000130678469,0.9246550447679606,0.9753414726507426
2.2773277327732773,0.9500001297209607,0.9246550733692362,0.9753414526200345
2.277827782778278,0.9500001287675593,0.9246551019001248,0.9753414326386215
2.2783278327832783,0.9500001278182544,0.9246551303607993,0.9753414127063824
2.2788278827882786,0.9500001268730348,0.9246551587514326,0.9753413928231962
2.2793279327932794,0.9500001259318901,0.9246551870721971,0.9753413729889422
2.2798279827982797,0.9500001249948096,0.9246552153232647,0.9753413532034999
2.2803280328032804,0.9500001240617824,0.9246552435048069,0.9753413334667491
2.2808280828082808,0.9500001231327979,0.9246552716169949,0.9753413137785703
2.2813281328132815,0.9500001222078454,0.9246552996599994,0.9753412941388435
2.281828182818282,0.9500001212869141,0.9246553276339905,0.9753412745474498
2.2823282328232826,0.9500001203699935,0.9246553555391381,0.9753412550042702
2.282828282828283,0.9500001194570726,0.9246553833756118,0.9753412355091859
2.283328332833283,0.950000118548141,0.9246554111435804,0.9753412160620787
2.283828382838284,0.9500001176431878,0.9246554388432124,0.9753411966628305
2.2843284328432842,0.9500001167422024,0.9246554664746763,0.9753411773113234
2.284828482848285,0.9500001158451741,0.9246554940381396,0.9753411580074401
2.2853285328532853,0.950000114952092,0.9246555215337698,0.9753411387510632
2.285828582858286,0.9500001140629457,0.9246555489617337,0.975341119542076
2.2863286328632864,0.9500001131777244,0.924655576322198,0.9753411003803617
2.2868286828682867,0.9500001122964172,0.9246556036153286,0.975341081265804
2.2873287328732874,0.9500001114190137,0.9246556308412913,0.9753410621982869
2.2878287828782877,0.9500001105455033,0.9246556580002515,0.9753410431776945
2.2883288328832885,0.9500001096758749,0.924655685092374,0.9753410242039116
2.288828882888289,0.9500001088101181,0.9246557121178233,0.9753410052768227
2.2893289328932895,0.9500001079482223,0.9246557390767633,0.9753409863963131
2.28982898289829,0.9500001070901767,0.9246557659693581,0.975340967562268
2.29032903290329,0.9500001062359706,0.9246557927957706,0.9753409487745731
2.290829082908291,0.9500001053855934,0.9246558195561637,0.9753409300331144
2.291329132913291,0.9500001045390345,0.9246558462507002,0.9753409113377781
2.291829182918292,0.9500001036962832,0.9246558728795418,0.9753408926884507
2.2923292329232923,0.9500001028573288,0.9246558994428503,0.9753408740850189
2.292829282928293,0.9500001020221608,0.924655925940787,0.9753408555273698
2.2933293329332933,0.9500001011907684,0.9246559523735128,0.9753408370153908
2.2938293829382936,0.950000100363141,0.9246559787411882,0.9753408185489694
2.2943294329432944,0.9500000995392681,0.9246560050439733,0.9753408001279935
2.2948294829482947,0.9500000987191389,0.9246560312820276,0.9753407817523513
2.2953295329532954,0.950000097902743,0.9246560574555106,0.9753407634219311
2.2958295829582958,0.9500000970900695,0.9246560835645811,0.9753407451366218
2.2963296329632965,0.950000096281108,0.9246561096093977,0.9753407268963123
2.296829682968297,0.950000095475848,0.9246561355901185,0.975340708700892
2.2973297329732976,0.9500000946742786,0.9246561615069012,0.9753406905502502
2.297829782978298,0.9500000938763894,0.9246561873599032,0.9753406724442767
2.298329832983298,0.9500000930821699,0.9246562131492815,0.9753406543828618
2.298829882988299,0.9500000922916093,0.9246562388751925,0.9753406363658955
2.2993299329932992,0.9500000915046973,0.9246562645377926,0.9753406183932688
2.2998299829983,0.9500000907214231,0.9246562901372375,0.9753406004648724
2.3003300330033003,0.9500000899417763,0.9246563156736827,0.9753405825805973
2.300830083008301,0.9500000891657462,0.9246563411472831,0.9753405647403351
2.3013301330133014,0.9500000883933225,0.9246563665581935,0.9753405469439776
2.3018301830183017,0.9500000876244944,0.9246563919065681,0.9753405291914166
2.3023302330233024,0.9500000868592516,0.9246564171925609,0.9753405114825442
2.3028302830283027,0.9500000860975835,0.9246564424163252,0.975340493817253
2.3033303330333035,0.9500000853394794,0.9246564675780143,0.9753404761954358
2.303830383038304,0.9500000845849291,0.924656492677781,0.9753404586169856
2.3043304330433045,0.9500000838339221,0.9246565177157777,0.9753404410817955
2.304830483048305,0.9500000830864477,0.9246565426921564,0.9753404235897594
2.305330533053305,0.9500000823424954,0.9246565676070685,0.9753404061407707
2.305830583058306,0.950000081602055,0.9246565924606656,0.9753403887347236
2.306330633063306,0.9500000808651158,0.9246566172530984,0.9753403713715125
2.306830683068307,0.9500000801316675,0.9246566419845176,0.975340354051032
2.3073307330733073,0.9500000794016996,0.9246566666550731,0.9753403367731769
2.307830783078308,0.9500000786752016,0.9246566912649149,0.9753403195378423
2.3083308330833083,0.9500000779521632,0.9246567158141923,0.9753403023449234
2.3088308830883086,0.950000077232574,0.9246567403030544,0.975340285194316
2.3093309330933094,0.9500000765164235,0.9246567647316499,0.975340268085916
2.3098309830983097,0.9500000758037012,0.924656789100127,0.9753402510196194
2.3103310331033104,0.9500000750943969,0.9246568134086338,0.9753402339953225
2.3108310831083108,0.9500000743885001,0.9246568376573179,0.9753402170129223
2.3113311331133115,0.9500000736860006,0.9246568618463263,0.9753402000723154
2.311831183118312,0.9500000729868878,0.9246568859758061,0.975340183173399
2.3123312331233126,0.9500000722911516,0.9246569100459037,0.9753401663160705
2.312831283128313,0.9500000715987815,0.9246569340567652,0.9753401495002276
2.313331333133313,0.9500000709097672,0.9246569580085363,0.9753401327257681
2.313831383138314,0.9500000702240984,0.9246569819013627,0.9753401159925903
2.3143314331433142,0.9500000695417647,0.9246570057353892,0.9753400993005926
2.314831483148315,0.950000068862756,0.9246570295107608,0.9753400826496735
2.3153315331533153,0.950000068187062,0.9246570532276215,0.975340066039732
2.315831583158316,0.9500000675146721,0.9246570768861154,0.9753400494706673
2.3163316331633164,0.9500000668455765,0.9246571004863863,0.9753400329423787
2.3168316831683167,0.9500000661797645,0.9246571240285772,0.975340016454766
2.3173317331733174,0.9500000655172262,0.9246571475128315,0.9753400000077289
2.3178317831783177,0.9500000648579512,0.9246571709392912,0.9753399836011678
2.3183318331833185,0.9500000642019293,0.924657194308099,0.9753399672349828
2.318831883188319,0.9500000635491502,0.9246572176193966,0.9753399509090748
2.3193319331933195,0.9500000628996039,0.9246572408733253,0.9753399346233445
2.31983198319832,0.9500000622532802,0.9246572640700268,0.975339918377693
2.32033203320332,0.9500000616101688,0.9246572872096416,0.9753399021720218
2.320832083208321,0.9500000609702596,0.9246573102923101,0.9753398860062324
2.321332133213321,0.9500000603335423,0.9246573333181727,0.9753398698802268
2.321832183218322,0.950000059700007,0.924657356287369,0.975339853793907
2.3223322332233223,0.9500000590696435,0.9246573792000387,0.9753398377471753
2.322832283228323,0.9500000584424415,0.9246574020563205,0.9753398217399343
2.3233323332333233,0.9500000578183913,0.9246574248563536,0.9753398057720868
2.3238323832383236,0.9500000571974823,0.9246574476002761,0.9753397898435359
2.3243324332433244,0.9500000565797048,0.9246574702882264,0.9753397739541848
2.3248324832483247,0.9500000559650486,0.924657492920342,0.9753397581039372
2.3253325332533255,0.9500000553535036,0.9246575154967605,0.9753397422926967
2.3258325832583258,0.9500000547450599,0.9246575380176186,0.9753397265203674
2.3263326332633265,0.9500000541397075,0.9246575604830535,0.9753397107868536
2.326832683268327,0.9500000535374361,0.9246575828932013,0.9753396950920595
2.3273327332733276,0.9500000529382359,0.9246576052481982,0.9753396794358901
2.327832783278328,0.950000052342097,0.9246576275481798,0.9753396638182502
2.328332833283328,0.9500000517490091,0.9246576497932816,0.9753396482390451
2.328832883288329,0.9500000511589627,0.9246576719836386,0.97533963269818
2.3293329332933292,0.9500000505719475,0.9246576941193856,0.9753396171955607
2.32983298329833,0.9500000499879536,0.9246577162006568,0.9753396017310931
2.3303330333033303,0.9500000494069712,0.9246577382275866,0.9753395863046833
2.330833083308331,0.9500000488289904,0.9246577602003084,0.9753395709162376
2.3313331333133314,0.9500000482540012,0.9246577821189558,0.9753395555656625
2.3318331833183317,0.9500000476819936,0.9246578039836618,0.9753395402528651
2.3323332333233324,0.9500000471129582,0.9246578257945591,0.975339524977752
2.3328332833283327,0.9500000465468846,0.9246578475517803,0.9753395097402306
2.3333333333333335,0.9500000459837633,0.9246578692554573,0.9753394945402086
2.333833383338334,0.9500000454235844,0.924657890905722,0.9753394793775936
2.3343334333433345,0.950000044866338,0.9246579125027059,0.9753394642522935
2.334833483348335,0.9500000443120145,0.9246579340465398,0.9753394491642163
2.335333533353335,0.9500000437606038,0.924657955537355,0.9753394341132707
2.335833583358336,0.9500000432120964,0.9246579769752815,0.9753394190993653
2.336333633363336,0.9500000426664825,0.9246579983604497,0.9753394041224087
2.336833683368337,0.9500000421237522,0.9246580196929894,0.9753393891823102
2.3373337333733373,0.9500000415838961,0.9246580409730302,0.975339374278979
2.337833783378338,0.9500000410469042,0.9246580622007011,0.9753393594123245
2.3383338333833383,0.9500000405127669,0.9246580833761312,0.9753393445822567
2.3388338833883386,0.9500000399814744,0.9246581044994489,0.9753393297886853
2.3393339333933394,0.9500000394530173,0.9246581255707825,0.9753393150315207
2.3398339833983397,0.9500000389273857,0.92465814659026,0.9753393003106732
2.3403340334033405,0.9500000384045701,0.9246581675580089,0.9753392856260533
2.3408340834083408,0.9500000378845609,0.9246581884741566,0.9753392709775721
2.3413341334133415,0.9500000373673483,0.92465820933883,0.9753392563651405
2.341834183418342,0.950000036852923,0.924658230152156,0.9753392417886698
2.3423342334233426,0.9500000363412752,0.9246582509142606,0.9753392272480716
2.342834283428343,0.9500000358323953,0.9246582716252701,0.9753392127432575
2.343334333433343,0.950000035326274,0.9246582922853102,0.9753391982741395
2.343834383438344,0.9500000348229016,0.9246583128945063,0.9753391838406297
2.3443344334433442,0.9500000343222686,0.9246583334529836,0.9753391694426404
2.344834483448345,0.9500000338243656,0.9246583539608668,0.9753391550800845
2.3453345334533453,0.9500000333291829,0.9246583744182806,0.9753391407528744
2.345834583458346,0.9500000328367113,0.9246583948253491,0.9753391264609234
2.3463346334633464,0.9500000323469412,0.924658415182196,0.9753391122041446
2.3468346834683467,0.9500000318598631,0.9246584354889452,0.9753390979824514
2.3473347334733474,0.9500000313754678,0.9246584557457199,0.9753390837957576
2.3478347834783477,0.9500000308937457,0.924658475952643,0.975339069643977
2.3483348334833485,0.9500000304146876,0.9246584961098373,0.9753390555270236
2.348834883488349,0.9500000299382839,0.924658516217425,0.9753390414448118
2.3493349334933495,0.9500000294645253,0.9246585362755284,0.975339027397256
2.34983498349835,0.9500000289934026,0.9246585562842692,0.975339013384271
2.35033503350335,0.9500000285249064,0.9246585762437688,0.9753389994057717
2.350835083508351,0.9500000280590273,0.9246585961541485,0.9753389854616733
2.351335133513351,0.9500000275957562,0.924658616015529,0.975338971551891
2.351835183518352,0.9500000271350837,0.9246586358280312,0.9753389576763404
2.3523352335233523,0.9500000266770005,0.9246586555917751,0.9753389438349374
2.352835283528353,0.9500000262214975,0.9246586753068807,0.9753389300275976
2.3533353335333533,0.9500000257685653,0.924658694973468,0.9753389162542375
2.3538353835383536,0.9500000253181948,0.924658714591656,0.9753389025147735
2.3543354335433544,0.9500000248703769,0.9246587341615642,0.975338888809122
2.3548354835483547,0.9500000244251023,0.9246587536833111,0.9753388751371997
2.3553355335533555,0.9500000239823618,0.9246587731570154,0.975338861498924
2.3558355835583558,0.9500000235421464,0.9246587925827952,0.9753388478942117
2.3563356335633565,0.950000023104447,0.9246588119607686,0.9753388343229803
2.356835683568357,0.9500000226692542,0.9246588312910531,0.9753388207851476
2.3573357335733576,0.9500000222365592,0.9246588505737662,0.9753388072806312
2.357835783578358,0.9500000218063529,0.9246588698090248,0.9753387938093491
2.358335833583358,0.950000021378626,0.9246588889969458,0.9753387803712196
2.358835883588359,0.9500000209533698,0.9246589081376458,0.9753387669661611
2.3593359335933592,0.9500000205305751,0.9246589272312409,0.9753387535940921
2.35983598359836,0.9500000201102329,0.924658946277847,0.9753387402549316
2.3603360336033603,0.9500000196923342,0.9246589652775796,0.9753387269485985
2.360836083608361,0.9500000192768701,0.9246589842305544,0.975338713675012
2.3613361336133614,0.9500000188638315,0.9246590031368861,0.9753387004340917
2.3618361836183617,0.9500000184532096,0.9246590219966898,0.9753386872257569
2.3623362336233624,0.9500000180449955,0.9246590408100799,0.9753386740499277
2.3628362836283627,0.9500000176391802,0.9246590595771705,0.9753386609065239
2.3633363336333635,0.9500000172357549,0.9246590782980757,0.9753386477954658
2.363836383638364,0.9500000168347107,0.924659096972909,0.9753386347166737
2.3643364336433645,0.9500000164360387,0.924659115601784,0.9753386216700682
2.364836483648365,0.9500000160397302,0.9246591341848137,0.9753386086555703
2.365336533653365,0.9500000156457762,0.9246591527221109,0.9753385956731008
2.365836583658366,0.950000015254168,0.9246591712137882,0.9753385827225809
2.366336633663366,0.9500000148648969,0.9246591896599577,0.975338569803932
2.366836683668367,0.9500000144779541,0.9246592080607315,0.9753385569170756
2.3673367336733673,0.9500000140933308,0.9246592264162214,0.9753385440619337
2.367836783678368,0.9500000137110183,0.9246592447265389,0.9753385312384278
2.3683368336833683,0.9500000133310078,0.9246592629917949,0.9753385184464805
2.3688368836883686,0.9500000129532908,0.9246592812121005,0.9753385056860139
2.3693369336933694,0.9500000125778585,0.9246592993875663,0.9753384929569505
2.3698369836983697,0.9500000122047023,0.9246593175183027,0.9753384802592131
2.3703370337033705,0.9500000118338136,0.9246593356044195,0.9753384675927246
2.3708370837083708,0.9500000114651835,0.9246593536460268,0.9753384549574081
2.3713371337133715,0.9500000110988038,0.924659371643234,0.9753384423531869
2.371837183718372,0.9500000107346658,0.9246593895961505,0.9753384297799845
2.3723372337233726,0.9500000103727608,0.9246594075048851,0.9753384172377244
2.372837283728373,0.9500000100130803,0.9246594253695467,0.9753384047263307
2.373337333733373,0.9500000096556159,0.9246594431902436,0.9753383922457273
2.373837383738374,0.9500000093003589,0.9246594609670842,0.9753383797958383
2.3743374337433742,0.950000008947301,0.9246594787001763,0.9753383673765883
2.374837483748375,0.9500000085964335,0.9246594963896276,0.9753383549879019
2.3753375337533753,0.9500000082477482,0.9246595140355456,0.9753383426297038
2.375837583758376,0.9500000079012365,0.9246595316380372,0.975338330301919
2.3763376337633764,0.9500000075568901,0.9246595491972094,0.9753383180044726
2.3768376837683767,0.9500000072147003,0.9246595667131687,0.97533830573729
2.3773377337733774,0.9500000068746591,0.9246595841860218,0.9753382935002967
2.3778377837783777,0.9500000065367581,0.9246596016158743,0.9753382812934185
2.3783378337833785,0.9500000062009887,0.9246596190028324,0.9753382691165811
2.378837883788379,0.9500000058673427,0.9246596363470015,0.9753382569697107
2.3793379337933795,0.9500000055358118,0.9246596536484869,0.9753382448527335
2.37983798379838,0.9500000052063876,0.9246596709073936,0.975338232765576
2.38033803380338,0.9500000048790621,0.9246596881238266,0.9753382207081647
2.380838083808381,0.9500000045538268,0.9246597052978902,0.9753382086804265
2.381338133813381,0.9500000042306737,0.9246597224296887,0.9753381966822884
2.381838183818382,0.9500000039095943,0.9246597395193263,0.9753381847136774
2.3823382338233823,0.9500000035905805,0.9246597565669066,0.975338172774521
2.382838283828383,0.9500000032736242,0.924659773572533,0.9753381608647466
2.3833383338333833,0.9500000029587171,0.924659790536309,0.975338148984282
2.3838383838383836,0.9500000026458513,0.9246598074583373,0.9753381371330548
2.3843384338433844,0.9500000023350185,0.924659824338721,0.9753381253109935
2.3848384838483847,0.9500000020262106,0.9246598411775623,0.9753381135180259
2.3853385338533855,0.9500000017194196,0.9246598579749634,0.9753381017540806
2.3858385838583858,0.9500000014146373,0.9246598747310266,0.9753380900190862
2.3863386338633865,0.9500000011118558,0.9246598914458534,0.9753380783129715
2.386838683868387,0.9500000008110668,0.9246599081195452,0.9753380666356651
2.3873387338733876,0.9500000005122627,0.9246599247522035,0.9753380549870966
2.387838783878388,0.9500000002154352,0.9246599413439291,0.9753380433671948
2.388338833883388,0.9499999999205765,0.9246599578948228,0.9753380317758894
2.388838883888389,0.9499999996276784,0.924659974404985,0.97533802021311
2.3893389338933892,0.9499999993367333,0.924659990874516,0.9753380086787864
2.38983898389839,0.949999999047733,0.9246600073035158,0.9753379971728486
2.3903390339033903,0.9499999987606698,0.9246600236920842,0.9753379856952267
2.390839083908391,0.9499999984755357,0.9246600400403205,0.9753379742458509
2.3913391339133914,0.9499999981923228,0.9246600563483243,0.9753379628246519
2.3918391839183917,0.9499999979110234,0.9246600726161943,0.9753379514315602
2.3923392339233924,0.9499999976316297,0.9246600888440294,0.9753379400665066
2.3928392839283927,0.9499999973541337,0.924660105031928,0.9753379287294224
2.3933393339333935,0.9499999970785277,0.9246601211799885,0.9753379174202385
2.393839383938394,0.9499999968048038,0.9246601372883091,0.9753379061388862
2.3943394339433945,0.9499999965329546,0.9246601533569873,0.9753378948852971
2.394839483948395,0.9499999962629722,0.9246601693861207,0.9753378836594029
2.395339533953395,0.9499999959948487,0.9246601853758069,0.9753378724611353
2.395839583958396,0.9499999957285767,0.9246602013261426,0.9753378612904267
2.396339633963396,0.9499999954641484,0.9246602172372249,0.9753378501472088
2.396839683968397,0.9499999952015561,0.9246602331091504,0.9753378390314142
2.3973397339733973,0.9499999949407922,0.9246602489420153,0.9753378279429754
2.397839783978398,0.9499999946818491,0.9246602647359158,0.975337816881825
2.3983398339833983,0.9499999944247193,0.9246602804909477,0.9753378058478959
2.3988398839883986,0.949999994169395,0.9246602962072069,0.975337794841121
2.3993399339933994,0.9499999939158688,0.9246603118847887,0.9753377838614337
2.3998399839983997,0.9499999936641331,0.9246603275237882,0.9753377729087671
2.4003400340034005,0.9499999934141804,0.9246603431243005,0.9753377619830549
2.4008400840084008,0.9499999931660033,0.9246603586864202,0.9753377510842306
2.4013401340134015,0.949999992919594,0.9246603742102417,0.9753377402122282
2.401840184018402,0.9499999926749455,0.9246603896958595,0.9753377293669815
2.4023402340234026,0.94999999243205,0.9246604051433674,0.9753377185484248
2.402840284028403,0.9499999921909001,0.9246604205528594,0.9753377077564923
2.403340334033403,0.9499999919514887,0.9246604359244288,0.9753376969911186
2.403840384038404,0.949999991713808,0.9246604512581691,0.9753376862522384
2.4043404340434043,0.9499999914778509,0.9246604665541733,0.9753376755397862
2.404840484048405,0.9499999912436099,0.9246604818125344,0.9753376648536972
2.4053405340534053,0.9499999910110778,0.9246604970333449,0.9753376541939065
2.405840584058406,0.9499999907802472,0.9246605122166973,0.9753376435603494
2.4063406340634064,0.949999990551111,0.9246605273626837,0.975337632952961
2.4068406840684067,0.9499999903236616,0.9246605424713962,0.9753376223716775
2.4073407340734074,0.9499999900978918,0.9246605575429263,0.9753376118164342
2.4078407840784077,0.9499999898737946,0.9246605725773658,0.9753376012871672
2.4083408340834085,0.9499999896513627,0.9246605875748057,0.9753375907838125
2.408840884088409,0.9499999894305888,0.9246606025353373,0.9753375803063065
2.4093409340934095,0.9499999892114658,0.9246606174590513,0.9753375698545852
2.40984098409841,0.9499999889939865,0.9246606323460382,0.9753375594285856
2.41034103410341,0.9499999887781437,0.9246606471963886,0.9753375490282441
2.410841084108411,0.9499999885639305,0.9246606620101926,0.9753375386534976
2.411341134113411,0.9499999883513396,0.92466067678754,0.9753375283042832
2.411841184118412,0.9499999881403639,0.9246606915285207,0.975337517980538
2.4123412341234123,0.9499999879309965,0.924660706233224,0.9753375076821994
2.412841284128413,0.9499999877232302,0.9246607209017395,0.9753374974092048
2.4133413341334133,0.949999987517058,0.924660735534156,0.9753374871614918
2.4138413841384136,0.949999987312473,0.9246607501305623,0.9753374769389983
2.4143414341434144,0.9499999871094681,0.9246607646910472,0.9753374667416622
2.4148414841484147,0.9499999869080363,0.9246607792156989,0.9753374565694215
2.4153415341534155,0.9499999867081709,0.9246607937046059,0.9753374464222144
2.4158415841584158,0.9499999865098646,0.9246608081578558,0.9753374362999795
2.4163416341634165,0.9499999863131108,0.9246608225755365,0.9753374262026552
2.416841684168417,0.9499999861179024,0.9246608369577357,0.9753374161301802
2.4173417341734176,0.9499999859242325,0.9246608513045405,0.9753374060824934
2.417841784178418,0.9499999857320945,0.9246608656160381,0.9753373960595338
2.418341834183418,0.9499999855414814,0.9246608798923154,0.9753373860612405
2.418841884188419,0.9499999853523863,0.924660894133459,0.9753373760875528
2.4193419341934193,0.9499999851648024,0.9246609083395554,0.9753373661384102
2.41984198419842,0.9499999849787232,0.9246609225106909,0.9753373562137522
2.4203420342034203,0.9499999847941417,0.9246609366469515,0.9753373463135186
2.420842084208421,0.9499999846110512,0.9246609507484229,0.9753373364376493
2.4213421342134214,0.9499999844294449,0.924660964815191,0.9753373265860844
2.4218421842184217,0.9499999842493162,0.924660978847341,0.9753373167587639
2.4223422342234224,0.9499999840706584,0.9246609928449582,0.9753373069556284
2.4228422842284227,0.9499999838934648,0.9246610068081275,0.9753372971766181
2.4233423342334235,0.9499999837177289,0.9246610207369336,0.9753372874216738
2.423842384238424,0.9499999835434437,0.9246610346314612,0.9753372776907362
2.4243424342434245,0.949999983370603,0.9246610484917948,0.9753372679837463
2.424842484248425,0.9499999831992,0.9246610623180181,0.9753372583006451
2.425342534253425,0.9499999830292282,0.9246610761102155,0.9753372486413738
2.425842584258426,0.949999982860681,0.9246610898684705,0.9753372390058739
2.4263426342634262,0.9499999826935518,0.9246611035928668,0.9753372293940867
2.426842684268427,0.9499999825278342,0.9246611172834875,0.9753372198059539
2.4273427342734273,0.9499999823635217,0.9246611309404159,0.9753372102414174
2.427842784278428,0.9499999822006077,0.9246611445637348,0.975337200700419
2.4283428342834283,0.9499999820390859,0.924661158153527,0.9753371911829009
2.4288428842884286,0.9499999818789496,0.9246611717098749,0.975337181688805
2.4293429342934294,0.9499999817201927,0.924661185232861,0.9753371722180741
2.4298429842984297,0.9499999815628086,0.9246611987225672,0.9753371627706504
2.4303430343034305,0.9499999814067911,0.9246612121790756,0.9753371533464767
2.4308430843084308,0.9499999812521336,0.9246612256024677,0.9753371439454958
2.4313431343134315,0.9499999810988298,0.924661238992825,0.9753371345676504
2.431843184318432,0.9499999809468734,0.924661252350229,0.9753371252128837
2.4323432343234326,0.9499999807962581,0.9246612656747606,0.9753371158811389
2.432843284328433,0.9499999806469778,0.9246612789665009,0.9753371065723594
2.433343334333433,0.9499999804990259,0.9246612922255304,0.9753370972864887
2.433843384338434,0.9499999803523963,0.9246613054519296,0.9753370880234702
2.4343434343434343,0.9499999802070827,0.9246613186457789,0.9753370787832479
2.434843484348435,0.949999980063079,0.9246613318071585,0.9753370695657656
2.4353435343534353,0.9499999799203789,0.9246613449361482,0.9753370603709673
2.435843584358436,0.9499999797789762,0.9246613580328276,0.9753370511987973
2.4363436343634364,0.9499999796388648,0.9246613710972763,0.9753370420491999
2.4368436843684367,0.9499999795000386,0.9246613841295737,0.9753370329221194
2.4373437343734374,0.9499999793624914,0.9246613971297988,0.9753370238175004
2.4378437843784377,0.949999979226217,0.9246614100980306,0.9753370147352879
2.4383438343834385,0.9499999790912095,0.9246614230343478,0.9753370056754264
2.438843884388439,0.9499999789574628,0.9246614359388291,0.9753369966378611
2.4393439343934396,0.9499999788249707,0.9246614488115527,0.9753369876225371
2.43984398439844,0.9499999786937273,0.9246614616525967,0.9753369786293995
2.44034403440344,0.9499999785637265,0.9246614744620391,0.975336969658394
2.440844084408441,0.9499999784349624,0.9246614872399577,0.975336960709466
2.4413441344134412,0.949999978307429,0.9246614999864301,0.975336951782561
2.441844184418442,0.9499999781811203,0.9246615127015336,0.9753369428776251
2.4423442344234423,0.9499999780560303,0.9246615253853456,0.975336933994604
2.442844284428443,0.9499999779321532,0.9246615380379429,0.9753369251334438
2.4433443344334433,0.9499999778094831,0.9246615506594025,0.9753369162940908
2.4438443844384437,0.9499999776880139,0.9246615632498008,0.9753369074764913
2.4443444344434444,0.94999997756774,0.9246615758092144,0.9753368986805917
2.4448444844484447,0.9499999774486554,0.9246615883377195,0.9753368899063387
2.4453445344534455,0.9499999773307543,0.9246616008353922,0.975336881153679
2.4458445844584458,0.9499999772140308,0.9246616133023083,0.9753368724225593
2.4463446344634465,0.9499999770984794,0.9246616257385437,0.9753368637129268
2.446844684468447,0.949999976984094,0.9246616381441737,0.9753368550247286
2.4473447344734476,0.9499999768708689,0.9246616505192736,0.9753368463579118
2.447844784478448,0.9499999767587984,0.9246616628639186,0.975336837712424
2.448344834483448,0.9499999766478769,0.9246616751781838,0.9753368290882125
2.448844884488449,0.9499999765380985,0.9246616874621437,0.975336820485225
2.4493449344934493,0.9499999764294577,0.9246616997158731,0.9753368119034093
2.44984498449845,0.9499999763219485,0.9246617119394462,0.9753368033427133
2.4503450345034503,0.9499999762155656,0.9246617241329373,0.975336794803085
2.450845084508451,0.9499999761103033,0.9246617362964206,0.9753367862844726
2.4513451345134514,0.9499999760061559,0.9246617484299697,0.9753367777868244
2.4518451845184517,0.9499999759031178,0.9246617605336583,0.9753367693100886
2.4523452345234524,0.9499999758011834,0.9246617726075601,0.975336760854214
2.4528452845284527,0.9499999757003473,0.9246617846517481,0.9753367524191491
2.4533453345334535,0.9499999756006038,0.9246617966662957,0.9753367440048427
2.453845384538454,0.9499999755019474,0.9246618086512757,0.9753367356112439
2.4543454345434546,0.9499999754043725,0.9246618206067608,0.9753367272383014
2.454845484548455,0.9499999753078738,0.9246618325328237,0.9753367188859647
2.455345534553455,0.9499999752124458,0.9246618444295368,0.9753367105541829
2.455845584558456,0.949999975118083,0.9246618562969724,0.9753367022429055
2.4563456345634562,0.9499999750247798,0.9246618681352023,0.9753366939520819
2.456845684568457,0.9499999749325311,0.9246618799442987,0.975336685681662
2.4573457345734573,0.9499999748413311,0.924661891724333,0.9753366774315954
2.457845784578458,0.9499999747511748,0.9246619034753769,0.9753366692018319
2.4583458345834583,0.9499999746620568,0.9246619151975017,0.9753366609923219
2.4588458845884587,0.9499999745739715,0.9246619268907786,0.9753366528030152
2.4593459345934594,0.9499999744869135,0.9246619385552786,0.9753366446338624
2.4598459845984597,0.9499999744008779,0.9246619501910724,0.9753366364848136
2.4603460346034605,0.9499999743158593,0.9246619617982308,0.9753366283558195
2.4608460846084608,0.9499999742318521,0.9246619733768241,0.9753366202468307
2.4613461346134615,0.9499999741488513,0.9246619849269228,0.9753366121577979
2.461846184618462,0.9499999740668515,0.9246619964485968,0.9753366040886722
2.4623462346234626,0.9499999739858478,0.9246620079419163,0.9753365960394044
2.462846284628463,0.9499999739058346,0.9246620194069509,0.9753365880099456
2.463346334633463,0.9499999738268069,0.9246620308437703,0.9753365800002473
2.463846384638464,0.9499999737487596,0.9246620422524439,0.9753365720102606
2.4643464346434643,0.9499999736716873,0.9246620536330409,0.9753365640399372
2.464846484648465,0.9499999735955851,0.9246620649856305,0.9753365560892285
2.4653465346534653,0.9499999735204477,0.9246620763102816,0.9753365481580865
2.465846584658466,0.9499999734462702,0.9246620876070629,0.9753365402464628
2.4663466346634664,0.9499999733730472,0.9246620988760431,0.9753365323543095
2.4668466846684667,0.949999973300774,0.9246621101172906,0.9753365244815786
2.4673467346734674,0.9499999732294453,0.9246621213308734,0.9753365166282224
2.4678467846784677,0.949999973159056,0.92466213251686,0.9753365087941931
2.4683468346834685,0.9499999730896014,0.924662143675318,0.9753365009794432
2.468846884688469,0.9499999730210762,0.9246621548063152,0.9753364931839252
2.4693469346934696,0.9499999729534756,0.9246621659099193,0.975336485407592
2.46984698469847,0.9499999728867945,0.9246621769861976,0.9753364776503961
2.47034703470347,0.949999972821028,0.9246621880352174,0.9753364699122905
2.470847084708471,0.9499999727561712,0.9246621990570457,0.9753364621932283
2.4713471347134712,0.949999972692219,0.9246622100517496,0.9753364544931625
2.471847184718472,0.9499999726291668,0.9246622210193957,0.9753364468120465
2.4723472347234723,0.9499999725670096,0.9246622319600506,0.9753364391498335
2.472847284728473,0.9499999725057424,0.9246622428737807,0.9753364315064771
2.4733473347334733,0.9499999724453605,0.9246622537606525,0.9753364238819309
2.4738473847384737,0.9499999723858591,0.9246622646207318,0.9753364162761484
2.4743474347434744,0.9499999723272331,0.9246622754540845,0.9753364086890838
2.4748474847484747,0.9499999722694781,0.9246622862607767,0.9753364011206906
2.4753475347534755,0.949999972212589,0.9246622970408739,0.9753363935709233
2.4758475847584758,0.9499999721565612,0.9246623077944414,0.9753363860397357
2.4763476347634765,0.9499999721013899,0.9246623185215445,0.9753363785270823
2.476847684768477,0.9499999720470704,0.9246623292222484,0.9753363710329174
2.4773477347734776,0.9499999719935979,0.9246623398966181,0.9753363635571953
2.477847784778478,0.9499999719409679,0.9246623505447185,0.975336356099871
2.478347834783478,0.9499999718891754,0.9246623611666139,0.975336348660899
2.478847884788479,0.9499999718382159,0.9246623717623691,0.9753363412402342
2.4793479347934793,0.9499999717880849,0.9246623823320484,0.9753363338378315
2.47984798479848,0.9499999717387776,0.9246623928757159,0.975336326453646
2.4803480348034803,0.9499999716902894,0.9246624033934356,0.9753363190876327
2.480848084808481,0.9499999716426157,0.9246624138852714,0.9753363117397472
2.4813481348134814,0.949999971595752,0.924662424351287,0.9753363044099447
2.4818481848184817,0.9499999715496936,0.924662434791546,0.9753362970981806
2.4823482348234824,0.9499999715044359,0.9246624452061116,0.9753362898044107
2.4828482848284827,0.9499999714599747,0.9246624555950472,0.9753362825285905
2.4833483348334835,0.9499999714163051,0.9246624659584158,0.9753362752706761
2.483848384838484,0.9499999713734228,0.9246624762962804,0.9753362680306232
2.4843484348434846,0.9499999713313233,0.9246624866087036,0.975336260808388
2.484848484848485,0.9499999712900021,0.9246624968957482,0.9753362536039265
2.485348534853485,0.9499999712494548,0.9246625071574766,0.9753362464171952
2.485848584858486,0.9499999712096768,0.924662517393951,0.9753362392481502
2.4863486348634862,0.9499999711706638,0.9246625276052337,0.975336232096748
2.486848684868487,0.9499999711324114,0.9246625377913865,0.9753362249629455
2.4873487348734873,0.9499999710949153,0.9246625479524715,0.975336217846699
2.487848784878488,0.9499999710581709,0.9246625580885502,0.9753362107479654
2.4883488348834883,0.949999971022174,0.9246625681996843,0.9753362036667017
2.4888488848884887,0.9499999709869202,0.924662578285935,0.975336196602865
2.4893489348934894,0.9499999709524053,0.9246625883473636,0.9753361895564121
2.4898489848984897,0.9499999709186249,0.9246625983840312,0.9753361825273005
2.4903490349034905,0.9499999708855745,0.9246626083959988,0.9753361755154873
2.4908490849084908,0.9499999708532502,0.9246626183833272,0.9753361685209301
2.4913491349134915,0.9499999708216476,0.9246626283460768,0.9753361615435864
2.491849184918492,0.9499999707907623,0.9246626382843084,0.9753361545834137
2.4923492349234926,0.9499999707605902,0.9246626481980822,0.97533614764037
2.492849284928493,0.949999970731127,0.9246626580874583,0.9753361407144129
2.493349334933493,0.9499999707023686,0.9246626679524969,0.9753361338055005
2.493849384938494,0.9499999706743109,0.9246626777932578,0.9753361269135908
2.4943494349434943,0.9499999706469495,0.9246626876098007,0.975336120038642
2.494849484948495,0.9499999706202804,0.9246626974021854,0.9753361131806122
2.4953495349534953,0.9499999705942994,0.9246627071704712,0.97533610633946
2.495849584958496,0.9499999705690025,0.9246627169147174,0.9753360995151437
2.4963496349634964,0.9499999705443855,0.9246627266349832,0.9753360927076219
2.4968496849684967,0.9499999705204442,0.9246627363313276,0.9753360859168533
2.4973497349734974,0.9499999704971747,0.9246627460038094,0.9753360791427967
2.4978497849784977,0.9499999704745729,0.9246627556524875,0.9753360723854109
2.4983498349834985,0.9499999704526347,0.9246627652774203,0.9753360656446549
2.498849884988499,0.9499999704313561,0.9246627748786664,0.9753360589204877
2.4993499349934996,0.9499999704107331,0.924662784456284,0.9753360522128687
2.4998499849985,0.9499999703907618,0.9246627940103312,0.9753360455217569
2.5003500350035,0.949999970371438,0.9246628035408662,0.9753360388471118
2.500850085008501,0.9499999703527578,0.9246628130479466,0.975336032188893
2.5013501350135012,0.9499999703347174,0.9246628225316303,0.9753360255470598
2.501850185018502,0.9499999703173128,0.9246628319919749,0.9753360189215721
2.5023502350235023,0.94999997030054,0.9246628414290377,0.9753360123123895
2.502850285028503,0.949999970284395,0.924662850842876,0.9753360057194722
2.5033503350335033,0.9499999702688742,0.9246628602335472,0.9753359991427798
2.5038503850385037,0.9499999702539734,0.924662869601108,0.9753359925822725
2.5043504350435044,0.9499999702396891,0.9246628789456154,0.9753359860379105
2.5048504850485047,0.949999970226017,0.9246628882671262,0.9753359795096541
2.5053505350535055,0.9499999702129537,0.9246628975656969,0.9753359729974636
2.5058505850585058,0.9499999702004952,0.924662906841384,0.9753359665012995
2.5063506350635065,0.9499999701886376,0.9246629160942438,0.9753359600211223
2.506850685068507,0.9499999701773773,0.9246629253243325,0.9753359535568927
2.5073507350735076,0.9499999701667103,0.9246629345317061,0.9753359471085714
2.507850785078508,0.9499999701566332,0.9246629437164205,0.9753359406761194
2.508350835083508,0.9499999701471419,0.9246629528785316,0.9753359342594975
2.508850885088509,0.9499999701382328,0.9246629620180948,0.9753359278586667
2.5093509350935093,0.9499999701299022,0.9246629711351657,0.9753359214735884
2.50985098509851,0.9499999701221464,0.9246629802297998,0.9753359151042236
2.5103510351035103,0.9499999701149617,0.924662989302052,0.9753359087505336
2.510851085108511,0.9499999701083445,0.9246629983519777,0.9753359024124799
2.5113511351135114,0.9499999701022911,0.9246630073796317,0.9753358960900241
2.5118511851185117,0.9499999700967977,0.9246630163850688,0.9753358897831278
2.5123512351235124,0.949999970091861,0.9246630253683435,0.9753358834917526
2.5128512851285127,0.949999970087477,0.9246630343295107,0.9753358772158603
2.5133513351335135,0.9499999700836425,0.9246630432686247,0.975335870955413
2.513851385138514,0.9499999700803536,0.9246630521857395,0.9753358647103724
2.5143514351435146,0.949999970077607,0.9246630610809096,0.9753358584807008
2.514851485148515,0.9499999700753988,0.9246630699541888,0.9753358522663602
2.515351535153515,0.9499999700737258,0.924663078805631,0.9753358460673132
2.515851585158516,0.9499999700725843,0.92466308763529,0.9753358398835217
2.5163516351635162,0.9499999700719708,0.9246630964432194,0.9753358337149485
2.516851685168517,0.9499999700718819,0.9246631052294727,0.975335827561556
2.5173517351735173,0.9499999700723138,0.9246631139941032,0.975335821423307
2.517851785178518,0.9499999700732635,0.924663122737164,0.975335815300164
2.5183518351835184,0.9499999700747273,0.9246631314587083,0.97533580919209
2.5188518851885187,0.9499999700767017,0.924663140158789,0.9753358030990478
2.5193519351935194,0.9499999700791834,0.924663148837459,0.9753357970210005
2.5198519851985197,0.9499999700821689,0.924663157494771,0.9753357909579112
2.5203520352035205,0.9499999700856547,0.9246631661307776,0.975335784909743
2.5208520852085208,0.9499999700896377,0.9246631747455311,0.9753357788764593
2.5213521352135215,0.9499999700941143,0.9246631833390837,0.9753357728580233
2.521852185218522,0.9499999700990812,0.9246631919114878,0.9753357668543986
2.5223522352235226,0.9499999701045352,0.9246632004627955,0.9753357608655486
2.522852285228523,0.9499999701104727,0.9246632089930584,0.9753357548914372
2.523352335233523,0.9499999701168905,0.9246632175023286,0.9753357489320279
2.523852385238524,0.9499999701237855,0.9246632259906576,0.9753357429872846
2.5243524352435243,0.949999970131154,0.9246632344580971,0.9753357370571712
2.524852485248525,0.9499999701389931,0.9246632429046983,0.9753357311416518
2.5253525352535253,0.9499999701472993,0.9246632513305125,0.9753357252406903
2.525852585258526,0.9499999701560695,0.924663259735591,0.975335719354251
2.5263526352635264,0.9499999701653004,0.9246632681199848,0.9753357134822981
2.5268526852685267,0.9499999701749887,0.9246632764837447,0.9753357076247959
2.5273527352735274,0.9499999701851314,0.9246632848269215,0.9753357017817089
2.5278527852785277,0.9499999701957251,0.924663293149566,0.9753356959530017
2.5283528352835285,0.9499999702067666,0.9246633014517286,0.9753356901386389
2.528852885288529,0.949999970218253,0.9246633097334597,0.975335684338585
2.5293529352935296,0.9499999702301809,0.9246633179948096,0.975335678552805
2.52985298529853,0.9499999702425472,0.9246633262358286,0.9753356727812637
2.53035303530353,0.9499999702553489,0.9246633344565665,0.975335667023926
2.530853085308531,0.9499999702685827,0.9246633426570733,0.975335661280757
2.5313531353135312,0.9499999702822456,0.9246633508373988,0.9753356555517219
2.531853185318532,0.9499999702963345,0.9246633589975928,0.9753356498367858
2.5323532353235323,0.9499999703108464,0.9246633671377046,0.9753356441359141
2.532853285328533,0.9499999703257781,0.9246633752577837,0.9753356384490721
2.5333533353335334,0.9499999703411265,0.9246633833578795,0.9753356327762253
2.5338533853385337,0.9499999703568888,0.9246633914380411,0.9753356271173392
2.5343534353435344,0.9499999703730618,0.9246633994983176,0.9753356214723796
2.5348534853485347,0.9499999703896426,0.9246634075387579,0.9753356158413122
2.5353535353535355,0.9499999704066281,0.9246634155594108,0.9753356102241026
2.5358535853585358,0.9499999704240153,0.924663423560325,0.975335604620717
2.5363536353635365,0.9499999704418013,0.9246634315415492,0.9753355990311212
2.536853685368537,0.9499999704599832,0.9246634395031317,0.9753355934552812
2.5373537353735376,0.9499999704785579,0.9246634474451209,0.9753355878931633
2.537853785378538,0.9499999704975225,0.924663455367565,0.9753355823447337
2.538353835383538,0.9499999705168742,0.9246634632705121,0.9753355768099586
2.538853885388539,0.94999997053661,0.9246634711540103,0.9753355712888045
2.5393539353935393,0.949999970556727,0.9246634790181072,0.9753355657812379
2.53985398539854,0.9499999705772223,0.9246634868628508,0.9753355602872253
2.5403540354035403,0.9499999705980932,0.9246634946882886,0.9753355548067334
2.540854085408541,0.9499999706193366,0.9246635024944682,0.9753355493397289
2.5413541354135414,0.9499999706409498,0.9246635102814368,0.9753355438861785
2.5418541854185417,0.9499999706629298,0.924663518049242,0.9753355384460493
2.5423542354235424,0.9499999706852741,0.9246635257979307,0.975335533019308
2.5428542854285427,0.9499999707079796,0.9246635335275499,0.9753355276059219
2.5433543354335435,0.9499999707310436,0.9246635412381468,0.9753355222058581
2.543854385438544,0.9499999707544633,0.924663548929768,0.9753355168190836
2.5443544354435446,0.949999970778236,0.9246635566024602,0.975335511445566
2.544854485448545,0.9499999708023589,0.9246635642562703,0.9753355060852724
2.545354535453545,0.9499999708268292,0.9246635718912443,0.9753355007381705
2.545854585458546,0.9499999708516441,0.9246635795074288,0.9753354954042277
2.5463546354635462,0.9499999708768012,0.9246635871048701,0.9753354900834116
2.546854685468547,0.9499999709022975,0.9246635946836141,0.9753354847756899
2.5473547354735473,0.9499999709281303,0.924663602243707,0.9753354794810305
2.547854785478548,0.9499999709542971,0.9246636097851947,0.975335474199401
2.5483548354835484,0.949999970980795,0.924663617308123,0.9753354689307696
2.5488548854885487,0.9499999710076216,0.9246636248125374,0.9753354636751043
2.5493549354935494,0.949999971034774,0.9246636322984836,0.9753354584323729
2.5498549854985497,0.9499999710622498,0.924663639766007,0.9753354532025439
2.5503550355035505,0.9499999710900461,0.924663647215153,0.9753354479855854
2.550855085508551,0.9499999711181605,0.9246636546459668,0.9753354427814656
2.5513551355135515,0.9499999711465903,0.9246636620584935,0.9753354375901532
2.551855185518552,0.9499999711753329,0.9246636694527781,0.9753354324116164
2.5523552355235526,0.9499999712043858,0.9246636768288655,0.975335427245824
2.552855285528553,0.9499999712337464,0.9246636841868004,0.9753354220927444
2.553355335533553,0.9499999712634121,0.9246636915266278,0.9753354169523465
2.553855385538554,0.9499999712933804,0.9246636988483918,0.975335411824599
2.5543554355435543,0.9499999713236488,0.9246637061521371,0.9753354067094708
2.554855485548555,0.9499999713542148,0.9246637134379081,0.9753354016069309
2.5553555355535553,0.9499999713850756,0.924663720705749,0.9753353965169482
2.555855585558556,0.9499999714162292,0.9246637279557037,0.9753353914394919
2.5563556355635564,0.9499999714476727,0.9246637351878165,0.975335386374531
2.5568556855685567,0.9499999714794038,0.9246637424021312,0.975335381322035
2.5573557355735574,0.94999997151142,0.9246637495986917,0.975335376281973
2.5578557855785578,0.9499999715437188,0.9246637567775415,0.9753353712543146
2.5583558355835585,0.949999971576298,0.9246637639387243,0.9753353662390291
2.558855885588559,0.9499999716091548,0.9246637710822836,0.9753353612360861
2.5593559355935596,0.9499999716422871,0.9246637782082626,0.9753353562454553
2.55985598559856,0.9499999716756924,0.9246637853167048,0.9753353512671064
2.56035603560356,0.9499999717093682,0.9246637924076533,0.975335346301009
2.560856085608561,0.9499999717433122,0.9246637994811511,0.9753353413471332
2.5613561356135612,0.9499999717775219,0.924663806537241,0.9753353364054487
2.561856185618562,0.9499999718119952,0.9246638135759662,0.9753353314759257
2.5623562356235623,0.9499999718467296,0.9246638205973691,0.975335326558534
2.562856285628563,0.9499999718817228,0.9246638276014925,0.9753353216532441
2.5633563356335634,0.9499999719169724,0.9246638345883789,0.9753353167600259
2.5638563856385637,0.949999971952476,0.9246638415580706,0.9753353118788498
2.5643564356435644,0.9499999719882316,0.9246638485106101,0.9753353070096863
2.5648564856485647,0.9499999720242366,0.9246638554460396,0.9753353021525056
2.5653565356535655,0.9499999720604888,0.924663862364401,0.9753352973072784
2.565856585658566,0.9499999720969861,0.9246638692657365,0.9753352924739752
2.5663566356635665,0.949999972133726,0.9246638761500879,0.9753352876525667
2.566856685668567,0.9499999721707064,0.9246638830174971,0.9753352828430235
2.5673567356735676,0.949999972207925,0.9246638898680057,0.9753352780453166
2.567856785678568,0.9499999722453796,0.9246638967016554,0.9753352732594167
2.568356835683568,0.9499999722830679,0.9246639035184876,0.9753352684852948
2.568856885688569,0.9499999723209878,0.9246639103185437,0.975335263722922
2.5693569356935693,0.949999972359137,0.9246639171018649,0.9753352589722692
2.56985698569857,0.9499999723975133,0.9246639238684925,0.9753352542333078
2.5703570357035703,0.9499999724361148,0.9246639306184676,0.9753352495060088
2.570857085708571,0.949999972474939,0.9246639373518312,0.9753352447903437
2.5713571357135714,0.9499999725139838,0.924663944068624,0.9753352400862837
2.5718571857185717,0.9499999725532472,0.924663950768887,0.9753352353938003
2.5723572357235724,0.949999972592727,0.9246639574526606,0.975335230712865
2.5728572857285728,0.949999972632421,0.9246639641199857,0.9753352260434494
2.5733573357335735,0.9499999726723272,0.9246639707709027,0.9753352213855251
2.573857385738574,0.9499999727124433,0.9246639774054518,0.975335216739064
2.5743574357435746,0.9499999727527675,0.9246639840236734,0.9753352121040376
2.574857485748575,0.9499999727932975,0.9246639906256077,0.975335207480418
2.575357535753575,0.9499999728340314,0.9246639972112948,0.975335202868177
2.575857585758576,0.9499999728749668,0.9246640037807746,0.9753351982672867
2.5763576357635762,0.949999972916102,0.9246640103340871,0.975335193677719
2.576857685768577,0.949999972957435,0.924664016871272,0.9753351890994463
2.5773577357735773,0.9499999729989634,0.9246640233923689,0.9753351845324405
2.577857785778578,0.9499999730406855,0.9246640298974176,0.9753351799766741
2.5783578357835784,0.9499999730825991,0.9246640363864574,0.9753351754321193
2.5788578857885787,0.9499999731247023,0.924664042859528,0.9753351708987485
2.5793579357935794,0.949999973166993,0.9246640493166683,0.9753351663765344
2.5798579857985797,0.9499999732094694,0.9246640557579178,0.9753351618654493
2.5803580358035805,0.9499999732521294,0.9246640621833154,0.9753351573654659
2.580858085808581,0.949999973294971,0.9246640685929004,0.9753351528765569
2.5813581358135815,0.9499999733379924,0.9246640749867113,0.9753351483986951
2.581858185818582,0.9499999733811915,0.9246640813647873,0.975335143931853
2.5823582358235826,0.9499999734245663,0.924664087727167,0.9753351394760039
2.582858285828583,0.9499999734681153,0.9246640940738889,0.9753351350311206
2.583358335833583,0.9499999735118361,0.9246641004049917,0.9753351305971759
2.583858385838584,0.949999973555727,0.9246641067205138,0.9753351261741432
2.5843584358435843,0.9499999735997862,0.9246641130204935,0.9753351217619954
2.584858485848585,0.9499999736440116,0.924664119304969,0.9753351173607059
2.5853585358535853,0.9499999736884015,0.9246641255739786,0.9753351129702479
2.585858585858586,0.949999973732954,0.9246641318275602,0.9753351085905947
2.5863586358635864,0.9499999737776672,0.9246641380657519,0.9753351042217197
2.5868586858685867,0.9499999738225392,0.9246641442885916,0.9753350998635965
2.5873587358735874,0.9499999738675684,0.9246641504961168,0.9753350955161985
2.5878587858785878,0.9499999739127527,0.9246641566883657,0.9753350911794993
2.5883588358835885,0.9499999739580904,0.9246641628653753,0.9753350868534727
2.588858885888589,0.9499999740035797,0.9246641690271835,0.9753350825380924
2.5893589358935896,0.9499999740492189,0.9246641751738277,0.9753350782333322
2.58985898589859,0.9499999740950059,0.924664181305345,0.9753350739391659
2.59035903590359,0.9499999741409393,0.9246641874217728,0.9753350696555674
2.590859085908591,0.9499999741870171,0.9246641935231482,0.9753350653825108
2.5913591359135912,0.9499999742332376,0.9246641996095082,0.9753350611199701
2.591859185918592,0.9499999742795989,0.9246642056808898,0.9753350568679194
2.5923592359235923,0.9499999743260996,0.9246642117373298,0.975335052626333
2.592859285928593,0.9499999743727376,0.9246642177788651,0.975335048395185
2.5933593359335934,0.9499999744195115,0.9246642238055323,0.9753350441744499
2.5938593859385937,0.9499999744664193,0.924664229817368,0.9753350399641019
2.5943594359435944,0.9499999745134594,0.9246642358144085,0.9753350357641154
2.5948594859485947,0.9499999745606302,0.9246642417966905,0.975335031574465
2.5953595359535955,0.9499999746079298,0.9246642477642503,0.9753350273951253
2.595859585958596,0.9499999746553568,0.9246642537171239,0.9753350232260709
2.5963596359635965,0.9499999747029093,0.9246642596553477,0.9753350190672764
2.596859685968597,0.9499999747505858,0.9246642655789576,0.9753350149187167
2.5973597359735976,0.9499999747983845,0.9246642714879896,0.9753350107803664
2.597859785978598,0.9499999748463038,0.9246642773824796,0.9753350066522006
2.598359835983598,0.9499999748943422,0.9246642832624634,0.9753350025341941
2.598859885988599,0.9499999749424979,0.9246642891279766,0.975334998426322
2.5993599359935993,0.9499999749907693,0.9246642949790549,0.9753349943285592
2.5998599859986,0.9499999750391549,0.9246643008157338,0.975334990240881
2.6003600360036003,0.949999975087653,0.9246643066380488,0.9753349861632625
2.600860086008601,0.949999975136262,0.9246643124460352,0.9753349820956789
2.6013601360136014,0.9499999751849804,0.9246643182397282,0.9753349780381055
2.6018601860186017,0.9499999752338066,0.924664324019163,0.9753349739905178
2.6023602360236024,0.949999975282739,0.9246643297843747,0.9753349699528912
2.6028602860286028,0.9499999753317762,0.9246643355353985,0.975334965925201
2.6033603360336035,0.9499999753809163,0.9246643412722689,0.9753349619074229
2.603860386038604,0.9499999754301581,0.9246643469950212,0.9753349578995324
2.6043604360436046,0.9499999754795,0.9246643527036897,0.9753349539015054
2.604860486048605,0.9499999755289403,0.9246643583983094,0.9753349499133174
2.605360536053605,0.9499999755784777,0.9246643640789147,0.9753349459349442
2.605860586058606,0.9499999756281106,0.9246643697455402,0.9753349419663617
2.6063606360636062,0.9499999756778374,0.9246643753982202,0.9753349380075459
2.606860686068607,0.9499999757276568,0.9246643810369891,0.9753349340584726
2.6073607360736073,0.9499999757775672,0.924664386661881,0.975334930119118
2.607860786078608,0.9499999758275672,0.9246643922729302,0.9753349261894579
2.6083608360836084,0.9499999758776553,0.9246643978701707,0.9753349222694688
2.6088608860886087,0.94999997592783,0.9246644034536365,0.9753349183591267
2.6093609360936094,0.9499999759780899,0.9246644090233616,0.9753349144584077
2.6098609860986097,0.9499999760284337,0.9246644145793795,0.9753349105672885
2.6103610361036105,0.9499999760788597,0.9246644201217243,0.9753349066857452
2.610861086108611,0.9499999761293665,0.9246644256504295,0.9753349028137542
2.6113611361136115,0.9499999761799529,0.9246644311655285,0.9753348989512922
2.611861186118612,0.9499999762306174,0.9246644366670551,0.9753348950983357
2.6123612361236126,0.9499999762813585,0.9246644421550425,0.9753348912548612
2.612861286128613,0.9499999763321748,0.924664447629524,0.9753348874208454
2.613361336133613,0.9499999763830651,0.924664453090533,0.9753348835962651
2.613861386138614,0.949999976434028,0.9246644585381026,0.9753348797810969
2.6143614361436143,0.949999976485062,0.9246644639722658,0.9753348759753179
2.614861486148615,0.9499999765361657,0.9246644693930556,0.9753348721789048
2.6153615361536153,0.9499999765873379,0.9246644748005048,0.9753348683918346
2.615861586158616,0.9499999766385773,0.9246644801946465,0.9753348646140843
2.6163616361636164,0.9499999766898823,0.9246644855755134,0.9753348608456309
2.6168616861686167,0.9499999767412518,0.924664490943138,0.9753348570864516
2.6173617361736174,0.9499999767926843,0.924664496297553,0.9753348533365237
2.6178617861786178,0.9499999768441788,0.9246645016387908,0.9753348495958242
2.6183618361836185,0.9499999768957337,0.924664506966884,0.9753348458643305
2.618861886188619,0.9499999769473477,0.9246645122818647,0.97533484214202
2.6193619361936196,0.9499999769990197,0.9246645175837656,0.97533483842887
2.61986198619862,0.9499999770507483,0.9246645228726185,0.975334834724858
2.62036203620362,0.9499999771025323,0.9246645281484556,0.9753348310299614
2.620862086208621,0.9499999771543702,0.9246645334113089,0.9753348273441581
2.6213621362136212,0.9499999772062611,0.9246645386612106,0.9753348236674253
2.621862186218622,0.9499999772582034,0.9246645438981922,0.9753348199997409
2.6223622362236223,0.949999977310196,0.9246645491222858,0.9753348163410827
2.622862286228623,0.9499999773622378,0.924664554333523,0.9753348126914283
2.6233623362336234,0.9499999774143274,0.9246645595319354,0.9753348090507556
2.6238623862386237,0.9499999774664637,0.9246645647175546,0.9753348054190426
2.6243624362436244,0.9499999775186453,0.9246645698904121,0.9753348017962672
2.6248624862486247,0.9499999775708711,0.9246645750505393,0.9753347981824073
2.6253625362536255,0.9499999776231399,0.9246645801979676,0.9753347945774411
2.625862586258626,0.9499999776754504,0.9246645853327281,0.9753347909813467
2.6263626362636265,0.9499999777278016,0.924664590454852,0.9753347873941022
2.626862686268627,0.9499999777801923,0.9246645955643705,0.9753347838156857
2.6273627362736276,0.9499999778326212,0.9246646006613146,0.9753347802460758
2.627862786278628,0.9499999778850872,0.9246646057457152,0.9753347766852505
2.628362836283628,0.9499999779375891,0.9246646108176032,0.9753347731331884
2.628862886288629,0.9499999779901258,0.9246646158770093,0.9753347695898679
2.6293629362936293,0.9499999780426961,0.9246646209239644,0.9753347660552674
2.62986298629863,0.9499999780952989,0.924664625958499,0.9753347625293654
2.6303630363036303,0.9499999781479331,0.9246646309806437,0.9753347590121406
2.630863086308631,0.9499999782005976,0.9246646359904289,0.9753347555035717
2.6313631363136314,0.9499999782532911,0.9246646409878853,0.9753347520036373
2.6318631863186317,0.9499999783060127,0.9246646459730429,0.9753347485123162
2.6323632363236324,0.9499999783587612,0.9246646509459322,0.9753347450295872
2.6328632863286328,0.9499999784115355,0.9246646559065832,0.9753347415554291
2.6333633363336335,0.9499999784643345,0.9246646608550263,0.9753347380898207
2.633863386338634,0.9499999785171571,0.9246646657912913,0.9753347346327413
2.6343634363436346,0.9499999785700024,0.9246646707154081,0.9753347311841696
2.634863486348635,0.9499999786228691,0.924664675627407,0.9753347277440848
2.635363536353635,0.9499999786757563,0.9246646805273174,0.975334724312466
2.635863586358636,0.9499999787286628,0.9246646854151692,0.9753347208892923
2.6363636363636362,0.9499999787815877,0.9246646902909922,0.975334717474543
2.636863686368637,0.9499999788345299,0.9246646951548159,0.9753347140681974
2.6373637363736373,0.9499999788874884,0.9246647000066697,0.9753347106702346
2.637863786378638,0.9499999789404621,0.9246647048465831,0.9753347072806342
2.6383638363836384,0.9499999789934499,0.9246647096745858,0.9753347038993756
2.6388638863886387,0.949999979046451,0.9246647144907068,0.9753347005264381
2.6393639363936394,0.9499999790994642,0.9246647192949753,0.9753346971618014
2.6398639863986397,0.9499999791524887,0.9246647240874207,0.975334693805445
2.6403640364036405,0.9499999792055233,0.9246647288680719,0.9753346904573486
2.640864086408641,0.949999979258567,0.9246647336369581,0.9753346871174917
2.6413641364136415,0.9499999793116191,0.9246647383941081,0.9753346837858542
2.641864186418642,0.9499999793646783,0.9246647431395508,0.9753346804624158
2.6423642364236426,0.9499999794177437,0.9246647478733152,0.9753346771471563
2.642864286428643,0.9499999794708145,0.9246647525954298,0.9753346738400556
2.643364336433643,0.9499999795238896,0.9246647573059233,0.9753346705410936
2.643864386438644,0.9499999795769681,0.9246647620048245,0.9753346672502502
2.6443644364436443,0.949999979630049,0.9246647666921617,0.9753346639675056
2.644864486448645,0.9499999796831314,0.9246647713679634,0.9753346606928397
2.6453645364536453,0.9499999797362145,0.9246647760322582,0.9753346574262328
2.645864586458646,0.9499999797892972,0.9246647806850742,0.9753346541676648
2.6463646364636464,0.9499999798423785,0.9246647853264396,0.9753346509171162
2.6468646864686467,0.9499999798954577,0.9246647899563828,0.9753346476745671
2.6473647364736475,0.9499999799485337,0.9246647945749318,0.975334644439998
2.6478647864786478,0.9499999800016058,0.9246647991821145,0.9753346412133889
2.6483648364836485,0.9499999800546729,0.9246648037779591,0.9753346379947205
2.648864886488649,0.9499999801077342,0.9246648083624935,0.9753346347839732
2.6493649364936496,0.949999980160789,0.9246648129357453,0.9753346315811275
2.64986498649865,0.9499999802138361,0.9246648174977425,0.9753346283861639
2.65036503650365,0.9499999802668748,0.9246648220485127,0.9753346251990631
2.650865086508651,0.9499999803199042,0.9246648265880836,0.9753346220198057
2.6513651365136512,0.9499999803729234,0.9246648311164826,0.9753346188483724
2.651865186518652,0.9499999804259317,0.9246648356337374,0.9753346156847438
2.6523652365236523,0.9499999804789281,0.9246648401398752,0.975334612528901
2.652865286528653,0.9499999805319118,0.9246648446349235,0.9753346093808245
2.6533653365336534,0.9499999805848819,0.9246648491189096,0.9753346062404955
2.6538653865386537,0.9499999806378376,0.9246648535918607,0.9753346031078948
2.6543654365436544,0.9499999806907783,0.9246648580538039,0.9753345999830032
2.6548654865486547,0.9499999807437028,0.9246648625047664,0.975334596865802
2.6553655365536555,0.9499999807966106,0.9246648669447751,0.9753345937562723
2.655865586558656,0.9499999808495007,0.9246648713738571,0.975334590654395
2.6563656365636565,0.9499999809023724,0.9246648757920392,0.9753345875601512
2.656865686568657,0.9499999809552248,0.9246648801993482,0.9753345844735225
2.6573657365736576,0.9499999810080572,0.9246648845958109,0.9753345813944898
2.657865786578658,0.9499999810608688,0.9246648889814539,0.9753345783230347
2.658365836583658,0.9499999811136588,0.9246648933563041,0.9753345752591382
2.658865886588659,0.9499999811664265,0.9246648977203877,0.9753345722027821
2.6593659365936593,0.949999981219171,0.9246649020737315,0.9753345691539475
2.65986598659866,0.9499999812718916,0.9246649064163618,0.975334566112616
2.6603660366036603,0.9499999813245875,0.9246649107483049,0.9753345630787692
2.660866086608661,0.949999981377258,0.9246649150695873,0.9753345600523886
2.6613661366136614,0.9499999814299024,0.924664919380235,0.975334557033456
2.6618661866186617,0.9499999814825199,0.9246649236802742,0.9753345540219528
2.6623662366236625,0.9499999815351098,0.9246649279697312,0.9753345510178609
2.6628662866286628,0.9499999815876712,0.9246649322486319,0.975334548021162
2.6633663366336635,0.9499999816402036,0.9246649365170022,0.975334545031838
2.663866386638664,0.9499999816927062,0.9246649407748683,0.9753345420498706
2.6643664366436646,0.9499999817451782,0.9246649450222557,0.9753345390752418
2.664866486648665,0.949999981797619,0.9246649492591905,0.9753345361079334
2.665366536653665,0.9499999818500279,0.9246649534856982,0.9753345331479276
2.665866586658666,0.9499999819024042,0.9246649577018046,0.9753345301952063
2.6663666366636662,0.9499999819547471,0.9246649619075352,0.9753345272497516
2.666866686668667,0.9499999820070559,0.9246649661029156,0.9753345243115455
2.6673667366736673,0.9499999820593301,0.9246649702879712,0.9753345213805704
2.667866786678668,0.9499999821115689,0.9246649744627276,0.9753345184568084
2.6683668366836684,0.9499999821637717,0.9246649786272099,0.9753345155402416
2.6688668866886687,0.9499999822159376,0.9246649827814434,0.9753345126308525
2.6693669366936694,0.9499999822680663,0.9246649869254535,0.9753345097286233
2.6698669866986697,0.9499999823201568,0.9246649910592653,0.9753345068335365
2.6703670367036705,0.9499999823722087,0.9246649951829038,0.9753345039455744
2.670867086708671,0.9499999824242212,0.9246649992963941,0.9753345010647195
2.6713671367136715,0.9499999824761938,0.9246650033997612,0.9753344981909544
2.671867186718672,0.9499999825281257,0.9246650074930299,0.9753344953242615
2.6723672367236726,0.9499999825800163,0.9246650115762253,0.9753344924646236
2.672867286728673,0.949999982631865,0.924665015649372,0.9753344896120232
2.673367336733673,0.9499999826836713,0.9246650197124947,0.9753344867664429
2.673867386738674,0.9499999827354344,0.9246650237656182,0.9753344839278655
2.6743674367436743,0.9499999827871538,0.924665027808767,0.9753344810962739
2.674867486748675,0.9499999828388288,0.9246650318419657,0.9753344782716507
2.6753675367536753,0.9499999828904588,0.9246650358652387,0.9753344754539789
2.675867586758676,0.9499999829420434,0.9246650398786106,0.9753344726432414
2.6763676367636764,0.9499999829935817,0.9246650438821056,0.9753344698394208
2.6768676867686767,0.9499999830450733,0.9246650478757481,0.9753344670425006
2.6773677367736775,0.9499999830965176,0.9246650518595624,0.9753344642524635
2.6778677867786778,0.9499999831479139,0.9246650558335725,0.9753344614692927
2.6783678367836785,0.9499999831992618,0.9246650597978027,0.9753344586929712
2.678867886788679,0.9499999832505607,0.9246650637522769,0.9753344559234821
2.6793679367936796,0.9499999833018098,0.9246650676970193,0.9753344531608087
2.67986798679868,0.9499999833530088,0.9246650716320537,0.9753344504049342
2.68036803680368,0.9499999834041571,0.9246650755574041,0.9753344476558419
2.680868086808681,0.9499999834552542,0.9246650794730943,0.975334444913515
2.6813681368136812,0.9499999835062993,0.924665083379148,0.9753344421779369
2.681868186818682,0.9499999835572922,0.924665087275589,0.975334439449091
2.6823682368236823,0.949999983608232,0.924665091162441,0.9753344367269609
2.682868286828683,0.9499999836591184,0.9246650950397275,0.9753344340115297
2.6833683368336834,0.9499999837099509,0.9246650989074721,0.9753344313027812
2.6838683868386837,0.9499999837607288,0.9246651027656981,0.975334428600699
2.6843684368436844,0.9499999838114518,0.9246651066144292,0.9753344259052664
2.6848684868486847,0.9499999838621191,0.9246651104536886,0.9753344232164672
2.6853685368536855,0.9499999839127304,0.9246651142834997,0.9753344205342852
2.685868586858686,0.9499999839632851,0.9246651181038856,0.975334417858704
2.6863686368636865,0.9499999840137828,0.9246651219148697,0.9753344151897073
2.686868686868687,0.9499999840642229,0.9246651257164751,0.9753344125272789
2.6873687368736876,0.949999984114605,0.9246651295087247,0.9753344098714029
2.687868786878688,0.9499999841649285,0.9246651332916417,0.9753344072220628
2.688368836883688,0.9499999842151929,0.924665137065249,0.9753344045792426
2.688868886888689,0.9499999842653979,0.9246651408295695,0.9753344019429264
2.6893689368936893,0.9499999843155428,0.9246651445846261,0.9753343993130982
2.68986898689869,0.9499999843656273,0.9246651483304417,0.9753343966897419
2.6903690369036903,0.9499999844156508,0.9246651520670387,0.9753343940728416
2.690869086908691,0.949999984465613,0.9246651557944401,0.9753343914623815
2.6913691369136914,0.9499999845155132,0.9246651595126685,0.9753343888583457
2.6918691869186917,0.9499999845653512,0.9246651632217463,0.9753343862607183
2.6923692369236925,0.9499999846151262,0.9246651669216962,0.9753343836694837
2.6928692869286928,0.9499999846648383,0.9246651706125405,0.9753343810846261
2.6933693369336935,0.9499999847144865,0.9246651742943018,0.9753343785061297
2.693869386938694,0.9499999847640707,0.9246651779670023,0.975334375933979
2.6943694369436946,0.9499999848135903,0.9246651816306644,0.9753343733681582
2.694869486948695,0.9499999848630449,0.9246651852853103,0.9753343708086519
2.695369536953695,0.9499999849124342,0.9246651889309622,0.9753343682554446
2.695869586958696,0.9499999849617576,0.9246651925676421,0.9753343657085206
2.6963696369636962,0.9499999850110148,0.9246651961953722,0.9753343631678645
2.696869686968697,0.9499999850602052,0.9246651998141746,0.975334360633461
2.6973697369736973,0.9499999851093287,0.9246652034240712,0.9753343581052946
2.697869786978698,0.9499999851583847,0.9246652070250839,0.9753343555833499
2.6983698369836984,0.9499999852073727,0.9246652106172346,0.9753343530676117
2.6988698869886987,0.9499999852562925,0.924665214200545,0.9753343505580647
2.6993699369936994,0.9499999853051435,0.9246652177750371,0.9753343480546937
2.6998699869986997,0.9499999853539255,0.9246652213407324,0.9753343455574833
2.7003700370037005,0.949999985402638,0.9246652248976525,0.9753343430664185
2.700870087008701,0.9499999854512806,0.9246652284458191,0.9753343405814843
2.7013701370137015,0.9499999854998531,0.9246652319852537,0.9753343381026653
2.701870187018702,0.9499999855483549,0.9246652355159779,0.9753343356299469
2.7023702370237026,0.9499999855967857,0.924665239038013,0.9753343331633136
2.702870287028703,0.9499999856451452,0.9246652425513805,0.9753343307027507
2.703370337033703,0.9499999856934329,0.9246652460561016,0.9753343282482432
2.703870387038704,0.9499999857416486,0.9246652495521976,0.9753343257997762
2.7043704370437043,0.9499999857897917,0.9246652530396899,0.9753343233573347
2.704870487048705,0.9499999858378622,0.9246652565185995,0.9753343209209042
2.7053705370537053,0.9499999858858593,0.9246652599889476,0.9753343184904696
2.705870587058706,0.9499999859337831,0.9246652634507552,0.9753343160660163
2.7063706370637064,0.9499999859816329,0.9246652669040433,0.9753343136475295
2.7068706870687067,0.9499999860294086,0.924665270348833,0.9753343112349946
2.7073707370737075,0.9499999860771098,0.9246652737851451,0.9753343088283969
2.7078707870787078,0.949999986124736,0.9246652772130005,0.9753343064277218
2.7083708370837085,0.9499999861722871,0.92466528063242,0.9753343040329546
2.708870887088709,0.9499999862197627,0.9246652840434244,0.975334301644081
2.7093709370937096,0.9499999862671624,0.9246652874460344,0.9753342992610863
2.70987098709871,0.949999986314486,0.9246652908402706,0.9753342968839561
2.71037103710371,0.949999986361733,0.9246652942261537,0.9753342945126761
2.710871087108711,0.9499999864089033,0.9246652976037042,0.9753342921472317
2.7113711371137112,0.9499999864559965,0.9246653009729425,0.9753342897876085
2.711871187118712,0.9499999865030122,0.9246653043338893,0.9753342874337925
2.7123712371237123,0.9499999865499502,0.9246653076865649,0.975334285085769
2.712871287128713,0.9499999865968103,0.9246653110309895,0.9753342827435241
2.7133713371337134,0.949999986643592,0.9246653143671836,0.9753342804070433
2.7138713871387137,0.9499999866902951,0.9246653176951674,0.9753342780763126
2.7143714371437144,0.9499999867369193,0.924665321014961,0.9753342757513178
2.7148714871487147,0.9499999867834643,0.9246653243265848,0.9753342734320447
2.7153715371537155,0.9499999868299299,0.9246653276300586,0.9753342711184794
2.715871587158716,0.9499999868763157,0.9246653309254027,0.9753342688106076
2.7163716371637165,0.9499999869226216,0.924665334212637,0.9753342665084155
2.716871687168717,0.949999986968847,0.9246653374917815,0.9753342642118891
2.7173717371737176,0.949999987014992,0.924665340762856,0.9753342619210144
2.717871787178718,0.949999987061056,0.9246653440258805,0.9753342596357774
2.718371837183718,0.949999987107039,0.9246653472808748,0.9753342573561643
2.718871887188719,0.9499999871529408,0.9246653505278586,0.9753342550821614
2.7193719371937193,0.9499999871987608,0.9246653537668517,0.9753342528137547
2.71987198719872,0.9499999872444989,0.9246653569978736,0.9753342505509306
2.7203720372037203,0.949999987290155,0.924665360220944,0.9753342482936752
2.720872087208721,0.9499999873357287,0.9246653634360825,0.9753342460419749
2.7213721372137214,0.9499999873812197,0.9246653666433087,0.975334243795816
2.7218721872187217,0.9499999874266278,0.9246653698426419,0.9753342415551848
2.7223722372237225,0.949999987471953,0.9246653730341016,0.9753342393200678
2.7228722872287228,0.9499999875171947,0.9246653762177072,0.9753342370904514
2.7233723372337235,0.9499999875623529,0.924665379393478,0.975334234866322
2.723872387238724,0.9499999876074274,0.9246653825614333,0.9753342326476662
2.7243724372437246,0.9499999876524178,0.9246653857215923,0.9753342304344703
2.724872487248725,0.949999987697324,0.9246653888739742,0.9753342282267212
2.725372537253725,0.9499999877421457,0.9246653920185981,0.9753342260244053
2.725872587258726,0.9499999877868827,0.9246653951554832,0.9753342238275092
2.7263726372637263,0.9499999878315347,0.9246653982846484,0.9753342216360197
2.726872687268727,0.9499999878761017,0.924665401406113,0.9753342194499234
2.7273727372737273,0.9499999879205834,0.9246654045198955,0.975334217269207
2.727872787278728,0.9499999879649795,0.9246654076260152,0.9753342150938573
2.7283728372837284,0.94999998800929,0.9246654107244907,0.9753342129238611
2.7288728872887287,0.9499999880535144,0.924665413815341,0.9753342107592052
2.7293729372937294,0.9499999880976527,0.9246654168985846,0.9753342085998766
2.7298729872987297,0.9499999881417048,0.9246654199742406,0.975334206445862
2.7303730373037305,0.9499999881856703,0.9246654230423274,0.9753342042971483
2.730873087308731,0.9499999882295491,0.9246654261028636,0.9753342021537227
2.7313731373137315,0.949999988273341,0.924665429155868,0.9753342000155719
2.731873187318732,0.9499999883170458,0.924665432201359,0.975334197882683
2.7323732373237326,0.9499999883606633,0.9246654352393551,0.9753341957550433
2.732873287328733,0.9499999884041934,0.9246654382698747,0.9753341936326396
2.733373337333733,0.949999988447636,0.9246654412929362,0.9753341915154591
2.733873387338734,0.9499999884909907,0.924665444308558,0.9753341894034888
2.7343734373437343,0.9499999885342575,0.9246654473167586,0.9753341872967162
2.734873487348735,0.9499999885774361,0.9246654503175559,0.9753341851951283
2.7353735373537353,0.9499999886205264,0.9246654533109684,0.9753341830987123
2.735873587358736,0.9499999886635283,0.924665456297014,0.9753341810074556
2.7363736373637364,0.9499999887064415,0.9246654592757112,0.9753341789213453
2.7368736873687367,0.9499999887492661,0.9246654622470778,0.975334176840369
2.7373737373737375,0.9499999887920016,0.9246654652111319,0.975334174764514
2.7378737873787378,0.9499999888346481,0.9246654681678915,0.9753341726937675
2.7383738373837385,0.9499999888772054,0.9246654711173746,0.9753341706281172
2.738873887388739,0.9499999889196733,0.9246654740595991,0.9753341685675504
2.7393739373937396,0.9499999889620516,0.9246654769945828,0.9753341665120546
2.73987398739874,0.9499999890043404,0.9246654799223436,0.9753341644616174
2.74037403740374,0.9499999890465393,0.9246654828428992,0.9753341624162262
2.740874087408741,0.9499999890886482,0.9246654857562674,0.9753341603758686
2.7413741374137413,0.9499999891306671,0.9246654886624659,0.9753341583405324
2.741874187418742,0.9499999891725959,0.9246654915615122,0.975334156310205
2.7423742374237423,0.9499999892144342,0.924665494453424,0.9753341542848744
2.742874287428743,0.949999989256182,0.9246654973382189,0.9753341522645279
2.7433743374337434,0.9499999892978394,0.9246655002159144,0.9753341502491536
2.7438743874387437,0.949999989339406,0.924665503086528,0.975334148238739
2.7443744374437444,0.9499999893808817,0.9246655059500769,0.975334146233272
2.7448744874487447,0.9499999894222665,0.9246655088065787,0.9753341442327405
2.7453745374537455,0.9499999894635602,0.9246655116560508,0.9753341422371321
2.745874587458746,0.9499999895047628,0.9246655144985104,0.975334140246435
2.7463746374637465,0.9499999895458742,0.9246655173339747,0.975334138260637
2.746874687468747,0.949999989586894,0.924665520162461,0.9753341362797259
2.7473747374737476,0.9499999896278224,0.9246655229839864,0.9753341343036898
2.747874787478748,0.9499999896686592,0.9246655257985681,0.9753341323325166
2.7483748374837482,0.9499999897094042,0.9246655286062232,0.9753341303661947
2.748874887488749,0.9499999897500575,0.9246655314069687,0.9753341284047117
2.7493749374937493,0.949999989790619,0.9246655342008216,0.9753341264480558
2.74987498749875,0.9499999898310882,0.924665536987799,0.9753341244962153
2.7503750375037503,0.9499999898714656,0.9246655397679175,0.9753341225491782
2.750875087508751,0.9499999899117507,0.9246655425411943,0.9753341206069328
2.7513751375137514,0.9499999899519436,0.9246655453076461,0.9753341186694672
2.7518751875187517,0.949999989992044,0.9246655480672897,0.9753341167367696
2.7523752375237525,0.949999990032052,0.9246655508201419,0.9753341148088284
2.7528752875287528,0.9499999900719676,0.9246655535662194,0.9753341128856318
2.7533753375337535,0.9499999901117905,0.9246655563055387,0.9753341109671682
2.753875387538754,0.9499999901515208,0.9246655590381168,0.9753341090534258
2.7543754375437546,0.9499999901911583,0.92466556176397,0.9753341071443931
2.754875487548755,0.949999990230703,0.9246655644831149,0.9753341052400585
2.755375537553755,0.9499999902701548,0.924665567195568,0.9753341033404105
2.755875587558756,0.9499999903095135,0.9246655699013459,0.9753341014454374
2.7563756375637563,0.9499999903487794,0.9246655726004648,0.975334099555128
2.756875687568757,0.9499999903879521,0.9246655752929412,0.9753340976694704
2.7573757375737573,0.9499999904270316,0.9246655779787917,0.9753340957884534
2.757875787578758,0.949999990466018,0.9246655806580322,0.9753340939120656
2.7583758375837584,0.949999990504911,0.9246655833306792,0.9753340920402955
2.7588758875887587,0.9499999905437108,0.9246655859967488,0.9753340901731319
2.7593759375937594,0.9499999905824171,0.9246655886562573,0.9753340883105632
2.7598759875987597,0.94999999062103,0.9246655913092208,0.9753340864525785
2.7603760376037605,0.9499999906595494,0.9246655939556553,0.975334084599166
2.760876087608761,0.9499999906979752,0.9246655965955771,0.9753340827503149
2.7613761376137615,0.9499999907363076,0.924665599229002,0.9753340809060136
2.761876187618762,0.9499999907745462,0.9246656018559463,0.9753340790662512
2.7623762376237626,0.9499999908126912,0.9246656044764255,0.9753340772310164
2.762876287628763,0.9499999908507425,0.9246656070904559,0.9753340754002982
2.7633763376337632,0.9499999908887,0.9246656096980531,0.9753340735740852
2.763876387638764,0.9499999909265637,0.9246656122992332,0.9753340717523665
2.7643764376437643,0.9499999909643336,0.9246656148940118,0.975334069935131
2.764876487648765,0.9499999910020097,0.9246656174824046,0.9753340681223678
2.7653765376537653,0.9499999910395919,0.9246656200644274,0.9753340663140657
2.765876587658766,0.9499999910770801,0.924665622640096,0.9753340645102139
2.7663766376637664,0.9499999911144743,0.924665625209426,0.9753340627108011
2.7668766876687667,0.9499999911517747,0.9246656277724328,0.9753340609158169
2.7673767376737675,0.949999991188981,0.9246656303291321,0.97533405912525
2.7678767876787678,0.9499999912260934,0.9246656328795394,0.9753340573390896
2.7683768376837685,0.9499999912631115,0.9246656354236702,0.975334055557325
2.768876887688769,0.9499999913000358,0.9246656379615399,0.9753340537799452
2.7693769376937696,0.9499999913368659,0.924665640493164,0.9753340520069396
2.76987698769877,0.9499999913736019,0.9246656430185579,0.9753340502382972
2.77037703770377,0.9499999914102438,0.9246656455377368,0.9753340484740075
2.770877087708771,0.9499999914467917,0.9246656480507159,0.9753340467140597
2.7713771377137713,0.9499999914832454,0.9246656505575108,0.975334044958443
2.771877187718772,0.9499999915196049,0.9246656530581364,0.9753340432071469
2.7723772377237723,0.9499999915558703,0.9246656555526082,0.9753340414601607
2.772877287728773,0.9499999915920416,0.9246656580409409,0.9753340397174738
2.7733773377337734,0.9499999916281188,0.92466566052315,0.9753340379790756
2.7738773877387737,0.9499999916641017,0.9246656629992505,0.9753340362449556
2.7743774377437744,0.9499999916999905,0.9246656654692572,0.9753340345151033
2.7748774877487747,0.9499999917357852,0.9246656679331853,0.975334032789508
2.7753775377537755,0.9499999917714856,0.9246656703910497,0.9753340310681594
2.775877587758776,0.949999991807092,0.9246656728428655,0.9753340293510471
2.7763776377637766,0.9499999918426043,0.9246656752886473,0.9753340276381605
2.776877687768777,0.9499999918780224,0.92466567772841,0.9753340259294893
2.7773777377737776,0.9499999919133464,0.9246656801621687,0.975334024225023
2.777877787778778,0.9499999919485762,0.9246656825899378,0.9753340225247514
2.7783778377837782,0.949999991983712,0.9246656850117323,0.9753340208286643
2.778877887788779,0.9499999920187537,0.9246656874275667,0.9753340191367511
2.7793779377937793,0.9499999920537013,0.9246656898374559,0.9753340174490017
2.77987798779878,0.949999992088555,0.9246656922414143,0.9753340157654058
2.7803780378037803,0.9499999921233145,0.9246656946394567,0.9753340140859532
2.780878087808781,0.94999999215798,0.9246656970315974,0.9753340124106337
2.7813781378137814,0.9499999921925516,0.9246656994178513,0.9753340107394372
2.7818781878187817,0.9499999922270292,0.9246657017982325,0.9753340090723533
2.7823782378237825,0.949999992261413,0.9246657041727557,0.9753340074093723
2.7828782878287828,0.9499999922957026,0.9246657065414352,0.9753340057504838
2.7833783378337835,0.9499999923298985,0.9246657089042856,0.9753340040956777
2.783878387838784,0.9499999923640006,0.9246657112613209,0.9753340024449441
2.7843784378437846,0.9499999923980087,0.9246657136125556,0.9753340007982729
2.784878487848785,0.9499999924319231,0.924665715958004,0.9753339991556541
2.785378537853785,0.9499999924657438,0.9246657182976802,0.9753339975170778
2.785878587858786,0.9499999924994708,0.9246657206315986,0.9753339958825341
2.7863786378637863,0.949999992533104,0.9246657229597732,0.9753339942520128
2.786878687868787,0.9499999925666435,0.9246657252822182,0.9753339926255044
2.7873787378737873,0.9499999926000895,0.9246657275989478,0.9753339910029986
2.787878787878788,0.9499999926334419,0.9246657299099759,0.9753339893844858
2.7883788378837884,0.9499999926667008,0.9246657322153167,0.9753339877699562
2.7888788878887887,0.9499999926998661,0.924665734514984,0.9753339861593999
2.7893789378937894,0.9499999927329381,0.9246657368089919,0.9753339845528072
2.7898789878987897,0.9499999927659166,0.9246657390973542,0.9753339829501682
2.7903790379037905,0.9499999927988019,0.924665741380085,0.9753339813514733
2.790879087908791,0.9499999928315938,0.924665743657198,0.9753339797567128
2.7913791379137916,0.9499999928642924,0.9246657459287071,0.9753339781658769
2.791879187918792,0.9499999928968978,0.924665748194626,0.975333976578956
2.7923792379237926,0.9499999929294102,0.9246657504549685,0.9753339749959405
2.792879287928793,0.9499999929618294,0.9246657527097484,0.9753339734168208
2.7933793379337932,0.9499999929941556,0.9246657549589793,0.9753339718415873
2.793879387938794,0.9499999930263887,0.9246657572026749,0.9753339702702305
2.7943794379437943,0.949999993058529,0.9246657594408488,0.9753339687027407
2.794879487948795,0.9499999930905765,0.9246657616735146,0.9753339671391084
2.7953795379537953,0.949999993122531,0.9246657639006858,0.9753339655793243
2.795879587958796,0.9499999931543929,0.924665766122376,0.9753339640233787
2.7963796379637964,0.949999993186162,0.9246657683385987,0.9753339624712623
2.7968796879687967,0.9499999932178387,0.9246657705493673,0.9753339609229655
2.7973797379737975,0.9499999932494226,0.9246657727546953,0.9753339593784792
2.7978797879787978,0.9499999932809141,0.9246657749545959,0.9753339578377938
2.7983798379837985,0.9499999933123132,0.9246657771490827,0.9753339563008999
2.798879887988799,0.94999999334362,0.9246657793381688,0.9753339547677884
2.7993799379937996,0.9499999933748344,0.9246657815218677,0.9753339532384498
2.7998799879988,0.9499999934059566,0.9246657837001925,0.9753339517128748
2.8003800380038,0.9499999934369867,0.9246657858731565,0.9753339501910544
2.800880088008801,0.9499999934679247,0.9246657880407729,0.9753339486729791
2.8013801380138013,0.9499999934987707,0.9246657902030548,0.9753339471586396
2.801880188018802,0.9499999935295249,0.9246657923600154,0.9753339456480271
2.8023802380238023,0.9499999935601872,0.9246657945116677,0.9753339441411321
2.802880288028803,0.9499999935907576,0.924665796658025,0.9753339426379455
2.8033803380338034,0.9499999936212364,0.9246657987990999,0.9753339411384582
2.8038803880388037,0.9499999936516237,0.9246658009349058,0.9753339396426611
2.8043804380438044,0.9499999936819193,0.9246658030654555,0.9753339381505451
2.8048804880488047,0.9499999937121235,0.9246658051907619,0.9753339366621013
2.8053805380538055,0.9499999937422363,0.924665807310838,0.9753339351773205
2.805880588058806,0.949999993772258,0.9246658094256968,0.9753339336961937
2.8063806380638066,0.9499999938021882,0.9246658115353508,0.9753339322187119
2.806880688068807,0.9499999938320275,0.9246658136398129,0.9753339307448662
2.8073807380738076,0.9499999938617758,0.9246658157390961,0.9753339292746476
2.807880788078808,0.9499999938914331,0.924665817833213,0.9753339278080471
2.8083808380838082,0.9499999939209995,0.9246658199221762,0.9753339263450559
2.808880888088809,0.9499999939504752,0.9246658220059986,0.9753339248856652
2.8093809380938093,0.9499999939798601,0.9246658240846928,0.9753339234298659
2.80988098809881,0.9499999940091546,0.9246658261582712,0.9753339219776493
2.8103810381038103,0.9499999940383586,0.9246658282267467,0.9753339205290067
2.810881088108811,0.9499999940674722,0.9246658302901317,0.9753339190839291
2.8113811381138114,0.9499999940964954,0.9246658323484387,0.9753339176424078
2.8118811881188117,0.9499999941254283,0.9246658344016803,0.9753339162044341
2.8123812381238125,0.9499999941542714,0.9246658364498689,0.9753339147699992
2.8128812881288128,0.9499999941830243,0.924665838493017,0.9753339133390945
2.8133813381338135,0.9499999942116873,0.9246658405311368,0.975333911911711
2.813881388138814,0.9499999942402605,0.9246658425642409,0.9753339104878405
2.8143814381438146,0.949999994268744,0.9246658445923416,0.9753339090674741
2.814881488148815,0.9499999942971379,0.9246658466154511,0.975333907650603
2.815381538153815,0.9499999943254422,0.9246658486335819,0.9753339062372189
2.815881588158816,0.9499999943536572,0.924665850646746,0.9753339048273132
2.8163816381638163,0.949999994381783,0.9246658526549558,0.9753339034208772
2.816881688168817,0.9499999944098194,0.9246658546582235,0.9753339020179024
2.8173817381738173,0.9499999944377667,0.9246658566565611,0.9753339006183803
2.817881788178818,0.9499999944656251,0.9246658586499809,0.9753338992223024
2.8183818381838184,0.9499999944933947,0.9246658606384948,0.9753338978296602
2.8188818881888187,0.9499999945210753,0.924665862622115,0.9753338964404453
2.8193819381938194,0.9499999945486675,0.9246658646008536,0.9753338950546492
2.8198819881988197,0.9499999945761709,0.9246658665747227,0.9753338936722635
2.8203820382038205,0.949999994603586,0.924665868543734,0.9753338922932799
2.820882088208821,0.9499999946309127,0.9246658705078996,0.97533389091769
2.8213821382138216,0.9499999946581512,0.9246658724672315,0.9753338895454852
2.821882188218822,0.9499999946853016,0.9246658744217415,0.9753338881766574
2.8223822382238226,0.9499999947123641,0.9246658763714415,0.9753338868111985
2.822882288228823,0.9499999947393385,0.9246658783163433,0.9753338854490997
2.8233823382338232,0.9499999947662253,0.9246658802564587,0.9753338840903532
2.823882388238824,0.9499999947930244,0.9246658821917995,0.9753338827349505
2.8243824382438243,0.949999994819736,0.9246658841223775,0.9753338813828833
2.824882488248825,0.9499999948463601,0.9246658860482043,0.9753338800341436
2.8253825382538253,0.9499999948728969,0.9246658879692918,0.9753338786887231
2.825882588258826,0.9499999948993466,0.9246658898856516,0.9753338773466137
2.8263826382638264,0.9499999949257092,0.9246658917972951,0.9753338760078072
2.8268826882688267,0.9499999949519848,0.9246658937042341,0.9753338746722954
2.8273827382738275,0.9499999949781737,0.9246658956064803,0.9753338733400704
2.8278827882788278,0.9499999950042758,0.9246658975040449,0.9753338720111239
2.8283828382838285,0.9499999950302914,0.9246658993969399,0.9753338706854479
2.828882888288829,0.9499999950562205,0.9246659012851763,0.9753338693630343
2.8293829382938296,0.9499999950820632,0.9246659031687658,0.9753338680438752
2.82988298829883,0.9499999951078199,0.92466590504772,0.9753338667279626
2.83038303830383,0.9499999951334903,0.92466590692205,0.9753338654152883
2.830883088308831,0.9499999951590749,0.9246659087917672,0.9753338641058447
2.8313831383138313,0.9499999951845736,0.9246659106568832,0.9753338627996234
2.831883188318832,0.9499999952099865,0.9246659125174091,0.9753338614966167
2.8323832383238323,0.949999995235314,0.9246659143733564,0.9753338601968168
2.832883288328833,0.9499999952605559,0.9246659162247362,0.9753338589002155
2.8333833383338334,0.9499999952857126,0.9246659180715597,0.9753338576068052
2.8338833883388337,0.949999995310784,0.9246659199138384,0.9753338563165781
2.8343834383438344,0.9499999953357704,0.9246659217515831,0.9753338550295261
2.8348834883488347,0.9499999953606719,0.9246659235848053,0.9753338537456414
2.8353835383538355,0.9499999953854885,0.9246659254135158,0.9753338524649164
2.835883588358836,0.9499999954102206,0.924665927237726,0.9753338511873434
2.8363836383638366,0.949999995434868,0.9246659290574468,0.9753338499129143
2.836883688368837,0.9499999954594311,0.9246659308726893,0.9753338486416216
2.8373837383738376,0.9499999954839099,0.9246659326834645,0.9753338473734575
2.837883788378838,0.9499999955083046,0.9246659344897835,0.9753338461084143
2.8383838383838382,0.9499999955326153,0.9246659362916572,0.9753338448464844
2.838883888388839,0.9499999955568421,0.9246659380890964,0.9753338435876602
2.8393839383938393,0.9499999955809852,0.9246659398821122,0.9753338423319338
2.83988398839884,0.9499999956050448,0.9246659416707154,0.9753338410792978
2.8403840384038403,0.9499999956290208,0.9246659434549169,0.9753338398297444
2.840884088408841,0.9499999956529136,0.9246659452347276,0.9753338385832662
2.8413841384138414,0.9499999956767231,0.924665947010158,0.9753338373398556
2.8418841884188417,0.9499999957004497,0.9246659487812193,0.975333836099505
2.8423842384238425,0.9499999957240933,0.924665950547922,0.9753338348622067
2.8428842884288428,0.9499999957476541,0.9246659523102768,0.9753338336279536
2.8433843384338435,0.9499999957711325,0.9246659540682945,0.9753338323967379
2.843884388438844,0.9499999957945282,0.9246659558219859,0.9753338311685521
2.8443844384438446,0.9499999958178417,0.9246659575713613,0.9753338299433889
2.844884488448845,0.949999995841073,0.9246659593164316,0.9753338287212409
2.845384538453845,0.9499999958642221,0.9246659610572073,0.9753338275021005
2.845884588458846,0.9499999958872895,0.9246659627936991,0.9753338262859603
2.8463846384638463,0.949999995910275,0.9246659645259173,0.9753338250728132
2.846884688468847,0.9499999959331789,0.9246659662538725,0.9753338238626515
2.8473847384738473,0.9499999959560013,0.9246659679775754,0.975333822655468
2.847884788478848,0.9499999959787424,0.9246659696970362,0.9753338214512554
2.8483848384838484,0.9499999960014023,0.9246659714122654,0.9753338202500063
2.8488848884888487,0.9499999960239811,0.9246659731232735,0.9753338190517135
2.8493849384938494,0.9499999960464791,0.9246659748300708,0.9753338178563695
2.8498849884988497,0.9499999960688963,0.9246659765326678,0.9753338166639675
2.8503850385038505,0.9499999960912329,0.9246659782310747,0.9753338154744998
2.850885088508851,0.9499999961134891,0.9246659799253018,0.9753338142879594
2.8513851385138516,0.9499999961356649,0.9246659816153595,0.975333813104339
2.851885188518852,0.9499999961577605,0.9246659833012579,0.9753338119236316
2.8523852385238526,0.9499999961797763,0.9246659849830074,0.9753338107458297
2.852885288528853,0.949999996201712,0.9246659866606182,0.9753338095709265
2.8533853385338532,0.9499999962235681,0.9246659883341004,0.9753338083989147
2.853885388538854,0.9499999962453446,0.9246659900034642,0.9753338072297871
2.8543854385438543,0.9499999962670417,0.9246659916687197,0.9753338060635368
2.854885488548855,0.9499999962886596,0.924665993329877,0.9753338049001566
2.8553855385538554,0.9499999963101983,0.9246659949869462,0.9753338037396395
2.855885588558856,0.9499999963316581,0.9246659966399375,0.9753338025819783
2.8563856385638564,0.949999996353039,0.9246659982888608,0.9753338014271662
2.8568856885688567,0.9499999963743413,0.9246659999337261,0.975333800275196
2.8573857385738575,0.9499999963955651,0.9246660015745434,0.9753337991260608
2.8578857885788578,0.9499999964167105,0.9246660032113228,0.9753337979797536
2.8583858385838585,0.9499999964377778,0.9246660048440739,0.9753337968362674
2.858885888588859,0.9499999964587669,0.924666006472807,0.9753337956955954
2.8593859385938596,0.9499999964796781,0.9246660080975317,0.9753337945577305
2.85988598859886,0.9499999965005117,0.9246660097182581,0.9753337934226658
2.86038603860386,0.9499999965212677,0.9246660113349958,0.9753337922903946
2.860886088608861,0.9499999965419462,0.9246660129477549,0.9753337911609098
2.8613861386138613,0.9499999965625474,0.9246660145565448,0.9753337900342047
2.861886188618862,0.9499999965830715,0.9246660161613757,0.9753337889102724
2.8623862386238623,0.9499999966035187,0.9246660177622571,0.9753337877891061
2.862886288628863,0.9499999966238891,0.9246660193591987,0.9753337866706989
2.8633863386338634,0.9499999966441828,0.9246660209522103,0.9753337855550441
2.8638863886388637,0.9499999966643999,0.9246660225413015,0.9753337844421349
2.8643864386438644,0.9499999966845408,0.924666024126482,0.9753337833319646
2.8648864886488647,0.9499999967046056,0.9246660257077615,0.9753337822245264
2.8653865386538655,0.9499999967245941,0.9246660272851494,0.9753337811198135
2.865886588658866,0.949999996744507,0.9246660288586552,0.9753337800178193
2.8663866386638666,0.949999996764344,0.9246660304282889,0.9753337789185371
2.866886688668867,0.9499999967841055,0.9246660319940596,0.9753337778219603
2.8673867386738676,0.9499999968037917,0.9246660335559771,0.9753337767280821
2.867886788678868,0.9499999968234025,0.9246660351140507,0.9753337756368959
2.8683868386838682,0.9499999968429383,0.9246660366682898,0.9753337745483951
2.868886888688869,0.9499999968623992,0.9246660382187041,0.9753337734625731
2.8693869386938693,0.9499999968817854,0.9246660397653028,0.9753337723794232
2.86988698869887,0.9499999969010969,0.9246660413080954,0.975333771298939
2.8703870387038704,0.949999996920334,0.9246660428470911,0.9753337702211138
2.870887088708871,0.9499999969394968,0.9246660443822995,0.9753337691459412
2.8713871387138714,0.9499999969585855,0.9246660459137297,0.9753337680734144
2.8718871887188717,0.9499999969776002,0.924666047441391,0.9753337670035273
2.8723872387238725,0.9499999969965411,0.9246660489652929,0.975333765936273
2.872887288728873,0.9499999970154085,0.9246660504854444,0.9753337648716452
2.8733873387338735,0.9499999970342023,0.9246660520018549,0.9753337638096375
2.873887388738874,0.9499999970529228,0.9246660535145336,0.9753337627502434
2.8743874387438746,0.9499999970715702,0.9246660550234894,0.9753337616934563
2.874887488748875,0.9499999970901446,0.9246660565287319,0.9753337606392701
2.875387538753875,0.9499999971086461,0.92466605803027,0.9753337595876782
2.875887588758876,0.9499999971270751,0.9246660595281128,0.9753337585386742
2.8763876387638763,0.9499999971454314,0.9246660610222694,0.9753337574922518
2.876887688768877,0.9499999971637154,0.924666062512749,0.9753337564484046
2.8773877387738773,0.9499999971819273,0.9246660639995605,0.9753337554071263
2.877887788778878,0.9499999972000671,0.924666065482713,0.9753337543684106
2.8783878387838784,0.9499999972181351,0.9246660669622154,0.9753337533322511
2.8788878887888787,0.9499999972361315,0.9246660684380769,0.9753337522986416
2.8793879387938794,0.9499999972540563,0.9246660699103063,0.9753337512675758
2.8798879887988797,0.9499999972719096,0.9246660713789125,0.9753337502390474
2.8803880388038805,0.9499999972896919,0.9246660728439046,0.9753337492130503
2.880888088808881,0.9499999973074031,0.9246660743052914,0.9753337481895781
2.8813881388138816,0.9499999973250434,0.9246660757630816,0.9753337471686246
2.881888188818882,0.949999997342613,0.9246660772172843,0.9753337461501836
2.8823882388238826,0.9499999973601121,0.9246660786679082,0.9753337451342491
2.882888288828883,0.9499999973775408,0.9246660801149622,0.9753337441208147
2.8833883388338832,0.9499999973948993,0.924666081558455,0.9753337431098744
2.883888388838884,0.9499999974121878,0.9246660829983954,0.975333742101422
2.8843884388438843,0.9499999974294063,0.924666084434792,0.9753337410954513
2.884888488848885,0.9499999974465552,0.9246660858676539,0.9753337400919564
2.8853885388538854,0.9499999974636344,0.9246660872969894,0.975333739090931
2.885888588858886,0.9499999974806443,0.9246660887228073,0.9753337380923692
2.8863886388638864,0.949999997497585,0.9246660901451164,0.9753337370962648
2.8868886888688867,0.9499999975144566,0.9246660915639251,0.9753337361026118
2.8873887388738875,0.9499999975312593,0.9246660929792423,0.9753337351114041
2.887888788878888,0.9499999975479934,0.9246660943910763,0.9753337341226357
2.8883888388838885,0.9499999975646588,0.9246660957994358,0.9753337331363008
2.888888888888889,0.9499999975812559,0.9246660972043295,0.975333732152393
2.8893889388938896,0.9499999975977846,0.9246660986057657,0.9753337311709068
2.88988898889889,0.9499999976142454,0.9246661000037528,0.975333730191836
2.89038903890389,0.9499999976306382,0.9246661013982997,0.9753337292151746
2.890889088908891,0.9499999976469634,0.9246661027894146,0.9753337282409168
2.8913891389138913,0.949999997663221,0.924666104177106,0.9753337272690566
2.891889188918892,0.9499999976794111,0.9246661055613823,0.9753337262995881
2.8923892389238923,0.9499999976955341,0.9246661069422519,0.9753337253325055
2.892889288928893,0.9499999977115899,0.9246661083197233,0.9753337243678029
2.8933893389338934,0.9499999977275789,0.9246661096938047,0.9753337234054744
2.8938893889388937,0.9499999977435012,0.9246661110645045,0.9753337224455141
2.8943894389438944,0.9499999977593568,0.924666112431831,0.9753337214879163
2.8948894889488948,0.9499999977751461,0.9246661137957926,0.9753337205326751
2.8953895389538955,0.9499999977908692,0.9246661151563975,0.9753337195797848
2.895889588958896,0.9499999978065261,0.9246661165136539,0.9753337186292395
2.8963896389638966,0.9499999978221172,0.9246661178675702,0.9753337176810335
2.896889688968897,0.9499999978376426,0.9246661192181546,0.9753337167351609
2.8973897389738976,0.9499999978531024,0.9246661205654152,0.9753337157916162
2.897889788978898,0.9499999978684968,0.9246661219093602,0.9753337148503936
2.8983898389838982,0.9499999978838259,0.9246661232499976,0.9753337139114872
2.898889888988899,0.94999999789909,0.924666124587336,0.9753337129748915
2.8993899389938993,0.9499999979142891,0.9246661259213831,0.9753337120406006
2.8998899889989,0.9499999979294237,0.9246661272521471,0.9753337111086091
2.9003900390039004,0.9499999979444935,0.9246661285796361,0.9753337101789112
2.900890089008901,0.9499999979594991,0.9246661299038583,0.9753337092515013
2.9013901390139014,0.9499999979744403,0.9246661312248216,0.9753337083263737
2.9018901890189017,0.9499999979893176,0.9246661325425339,0.9753337074035229
2.9023902390239025,0.9499999980041308,0.9246661338570035,0.975333706482943
2.902890289028903,0.9499999980188804,0.924666135168238,0.9753337055646288
2.9033903390339035,0.9499999980335664,0.9246661364762458,0.9753337046485746
2.903890389038904,0.949999998048189,0.9246661377810346,0.9753337037347747
2.9043904390439046,0.9499999980627485,0.9246661390826122,0.9753337028232237
2.904890489048905,0.9499999980772448,0.9246661403809867,0.975333701913916
2.905390539053905,0.9499999980916782,0.9246661416761659,0.975333701006846
2.905890589058906,0.949999998106049,0.9246661429681577,0.9753337001020084
2.9063906390639063,0.9499999981203571,0.92466614425697,0.9753336991993975
2.906890689068907,0.9499999981346029,0.9246661455426105,0.975333698299008
2.9073907390739073,0.9499999981487864,0.9246661468250871,0.9753336974008343
2.907890789078908,0.9499999981629079,0.9246661481044075,0.9753336965048709
2.9083908390839084,0.9499999981769675,0.9246661493805796,0.9753336956111126
2.9088908890889087,0.9499999981909654,0.9246661506536109,0.9753336947195538
2.9093909390939094,0.9499999982049017,0.9246661519235094,0.975333693830189
2.9098909890989098,0.9499999982187766,0.9246661531902827,0.975333692943013
2.9103910391039105,0.9499999982325902,0.9246661544539385,0.9753336920580202
2.910891089108911,0.9499999982463428,0.9246661557144845,0.9753336911752055
2.9113911391139116,0.9499999982600346,0.9246661569719282,0.9753336902945633
2.911891189118912,0.9499999982736655,0.9246661582262775,0.9753336894160884
2.9123912391239126,0.949999998287236,0.9246661594775398,0.9753336885397754
2.912891289128913,0.9499999983007461,0.9246661607257227,0.975333687665619
2.9133913391339132,0.9499999983141959,0.924666161970834,0.9753336867936139
2.913891389138914,0.9499999983275856,0.924666163212881,0.9753336859237547
2.9143914391439143,0.9499999983409155,0.9246661644518713,0.9753336850560362
2.914891489148915,0.9499999983541857,0.9246661656878126,0.9753336841904533
2.9153915391539154,0.9499999983673962,0.9246661669207121,0.9753336833270004
2.915891589158916,0.9499999983805474,0.9246661681505777,0.9753336824656725
2.9163916391639164,0.9499999983936394,0.9246661693774164,0.9753336816064644
2.9168916891689167,0.9499999984066723,0.924666170601236,0.9753336807493707
2.9173917391739175,0.9499999984196463,0.9246661718220437,0.9753336798943864
2.917891789178918,0.9499999984325616,0.9246661730398471,0.975333679041506
2.9183918391839185,0.9499999984454183,0.9246661742546535,0.9753336781907247
2.918891889188919,0.9499999984582165,0.9246661754664702,0.9753336773420371
2.9193919391939196,0.9499999984709566,0.9246661766753048,0.9753336764954381
2.91989198919892,0.9499999984836386,0.9246661778811643,0.9753336756509225
2.92039203920392,0.9499999984962627,0.9246661790840563,0.9753336748084853
2.920892089208921,0.949999998508829,0.9246661802839881,0.9753336739681214
2.9213921392139213,0.9499999985213378,0.9246661814809668,0.9753336731298256
2.921892189218922,0.9499999985337891,0.9246661826749997,0.9753336722935927
2.9223922392239223,0.9499999985461832,0.9246661838660941,0.9753336714594179
2.922892289228923,0.9499999985585204,0.9246661850542574,0.9753336706272959
2.9233923392339234,0.9499999985708004,0.9246661862394965,0.9753336697972217
2.9238923892389237,0.9499999985830239,0.9246661874218188,0.9753336689691904
2.9243924392439244,0.9499999985951906,0.9246661886012314,0.9753336681431968
2.9248924892489248,0.949999998607301,0.9246661897777415,0.975333667319236
2.9253925392539255,0.9499999986193551,0.9246661909513563,0.9753336664973029
2.925892589258926,0.9499999986313531,0.9246661921220828,0.9753336656773927
2.9263926392639266,0.9499999986432952,0.9246661932899282,0.9753336648595001
2.926892689268927,0.9499999986551815,0.9246661944548994,0.9753336640436204
2.9273927392739276,0.9499999986670122,0.9246661956170038,0.9753336632297486
2.927892789278928,0.9499999986787876,0.9246661967762482,0.9753336624178797
2.9283928392839282,0.9499999986905076,0.9246661979326397,0.9753336616080087
2.928892889288929,0.9499999987021724,0.9246661990861854,0.9753336608001308
2.9293929392939293,0.9499999987137825,0.9246662002368923,0.9753336599942412
2.92989298929893,0.9499999987253376,0.9246662013847672,0.9753336591903348
2.9303930393039304,0.9499999987368382,0.9246662025298172,0.9753336583884068
2.930893089308931,0.9499999987482843,0.9246662036720494,0.9753336575884524
2.9313931393139314,0.9499999987596761,0.9246662048114705,0.9753336567904666
2.9318931893189317,0.9499999987710138,0.9246662059480876,0.9753336559944445
2.9323932393239325,0.9499999987822975,0.9246662070819074,0.9753336552003816
2.932893289328933,0.9499999987935274,0.9246662082129369,0.9753336544082728
2.9333933393339335,0.9499999988047036,0.9246662093411829,0.9753336536181134
2.933893389338934,0.9499999988158264,0.9246662104666524,0.9753336528298985
2.9343934393439346,0.9499999988268959,0.9246662115893521,0.9753336520436234
2.934893489348935,0.9499999988379122,0.9246662127092888,0.9753336512592834
2.935393539353935,0.9499999988488755,0.9246662138264695,0.9753336504768735
2.935893589358936,0.9499999988597859,0.9246662149409007,0.9753336496963892
2.9363936393639363,0.9499999988706438,0.9246662160525895,0.9753336489178256
2.936893689368937,0.949999998881449,0.9246662171615423,0.9753336481411781
2.9373937393739373,0.949999998892202,0.924666218267766,0.9753336473664419
2.937893789378938,0.9499999989029028,0.9246662193712674,0.9753336465936122
2.9383938393839384,0.9499999989135515,0.9246662204720529,0.9753336458226846
2.9388938893889387,0.9499999989241482,0.9246662215701296,0.975333645053654
2.9393939393939394,0.9499999989346934,0.9246662226655038,0.9753336442865163
2.9398939893989398,0.9499999989451869,0.9246662237581824,0.9753336435212663
2.9403940394039405,0.9499999989556291,0.9246662248481718,0.9753336427578995
2.940894089408941,0.9499999989660202,0.924666225935479,0.9753336419964115
2.9413941394139416,0.94999999897636,0.9246662270201101,0.9753336412367973
2.941894189418942,0.949999998986649,0.9246662281020721,0.9753336404790527
2.9423942394239426,0.9499999989968873,0.9246662291813714,0.9753336397231728
2.942894289428943,0.9499999990070749,0.9246662302580145,0.9753336389691531
2.9433943394339432,0.9499999990172121,0.9246662313320081,0.975333638216989
2.943894389438944,0.949999999027299,0.9246662324033585,0.9753336374666761
2.9443944394439443,0.9499999990373359,0.9246662334720724,0.9753336367182096
2.944894489448945,0.9499999990473228,0.9246662345381563,0.9753336359715851
2.9453945394539454,0.9499999990572598,0.9246662356016164,0.9753336352267981
2.945894589458946,0.9499999990671473,0.9246662366624595,0.9753336344838438
2.9463946394639464,0.9499999990769853,0.9246662377206918,0.9753336337427181
2.9468946894689467,0.9499999990867739,0.9246662387763198,0.9753336330034161
2.9473947394739475,0.9499999990965133,0.92466623982935,0.9753336322659337
2.947894789478948,0.9499999991062038,0.9246662408797887,0.9753336315302662
2.9483948394839485,0.9499999991158454,0.9246662419276422,0.9753336307964091
2.948894889488949,0.9499999991254383,0.924666242972917,0.975333630064358
2.9493949394939496,0.9499999991349827,0.9246662440156195,0.9753336293341085
2.94989498949895,0.9499999991444787,0.9246662450557558,0.9753336286056561
2.95039503950395,0.9499999991539265,0.9246662460933324,0.9753336278789965
2.950895089508951,0.9499999991633262,0.9246662471283554,0.9753336271541251
2.9513951395139513,0.949999999172678,0.9246662481608314,0.9753336264310376
2.951895189518952,0.949999999181982,0.9246662491907665,0.9753336257097296
2.9523952395239523,0.9499999991912385,0.9246662502181668,0.9753336249901967
2.952895289528953,0.9499999992004474,0.9246662512430388,0.9753336242724346
2.9533953395339534,0.9499999992096091,0.9246662522653887,0.9753336235564389
2.9538953895389537,0.9499999992187237,0.9246662532852225,0.9753336228422054
2.9543954395439544,0.9499999992277912,0.9246662543025465,0.9753336221297294
2.9548954895489548,0.949999999236812,0.9246662553173669,0.9753336214190068
2.9553955395539555,0.949999999245786,0.9246662563296898,0.9753336207100334
2.955895589558956,0.9499999992547136,0.9246662573395215,0.9753336200028047
2.9563956395639566,0.9499999992635948,0.9246662583468679,0.9753336192973164
2.956895689568957,0.9499999992724297,0.9246662593517353,0.9753336185935645
2.9573957395739576,0.9499999992812187,0.9246662603541298,0.9753336178915444
2.957895789578958,0.9499999992899617,0.9246662613540573,0.9753336171912519
2.9583958395839582,0.949999999298659,0.924666262351524,0.9753336164926829
2.958895889588959,0.9499999993073106,0.9246662633465361,0.975333615795833
2.9593959395939593,0.9499999993159168,0.9246662643390994,0.975333615100698
2.95989598959896,0.9499999993244778,0.92466626532922,0.9753336144072738
2.9603960396039604,0.9499999993329936,0.924666266316904,0.9753336137155562
2.960896089608961,0.9499999993414644,0.9246662673021573,0.9753336130255407
2.9613961396139614,0.9499999993498903,0.9246662682849859,0.9753336123372234
2.9618961896189617,0.9499999993582716,0.9246662692653957,0.9753336116506001
2.9623962396239625,0.9499999993666084,0.9246662702433929,0.9753336109656665
2.962896289628963,0.9499999993749006,0.9246662712189831,0.9753336102824185
2.9633963396339635,0.9499999993831488,0.9246662721921725,0.9753336096008519
2.963896389638964,0.9499999993913528,0.9246662731629669,0.9753336089209628
2.9643964396439646,0.949999999399513,0.9246662741313721,0.9753336082427467
2.964896489648965,0.9499999994076292,0.9246662750973942,0.9753336075661998
2.965396539653965,0.949999999415702,0.9246662760610388,0.9753336068913179
2.965896589658966,0.9499999994237311,0.924666277022312,0.9753336062180967
2.9663966396639663,0.9499999994317171,0.9246662779812195,0.9753336055465325
2.966896689668967,0.9499999994396597,0.9246662789377671,0.9753336048766208
2.9673967396739673,0.9499999994475594,0.9246662798919607,0.9753336042083579
2.967896789678968,0.9499999994554161,0.924666280843806,0.9753336035417395
2.9683968396839684,0.9499999994632302,0.9246662817933089,0.9753336028767616
2.9688968896889687,0.9499999994710016,0.924666282740475,0.9753336022134204
2.9693969396939695,0.9499999994787306,0.9246662836853102,0.9753336015517114
2.9698969896989698,0.9499999994864173,0.9246662846278202,0.975333600891631
2.9703970397039705,0.9499999994940618,0.9246662855680106,0.9753336002331751
2.970897089708971,0.9499999995016644,0.9246662865058873,0.9753335995763395
2.9713971397139716,0.9499999995092251,0.9246662874414558,0.9753335989211205
2.971897189718972,0.9499999995167441,0.924666288374722,0.9753335982675139
2.9723972397239726,0.9499999995242214,0.9246662893056914,0.9753335976155157
2.972897289728973,0.9499999995316575,0.9246662902343697,0.9753335969651222
2.9733973397339732,0.9499999995390522,0.9246662911607626,0.9753335963163293
2.973897389738974,0.9499999995464058,0.9246662920848756,0.9753335956691331
2.9743974397439743,0.9499999995537185,0.9246662930067144,0.9753335950235297
2.974897489748975,0.9499999995609902,0.9246662939262846,0.975333594379515
2.9753975397539754,0.9499999995682213,0.9246662948435918,0.9753335937370852
2.975897589758976,0.9499999995754119,0.9246662957586413,0.9753335930962364
2.9763976397639764,0.9499999995825621,0.9246662966714391,0.9753335924569647
2.9768976897689767,0.9499999995896721,0.9246662975819904,0.9753335918192663
2.9773977397739775,0.9499999995967419,0.9246662984903009,0.9753335911831372
2.977897789778978,0.9499999996037717,0.9246662993963761,0.9753335905485737
2.9783978397839785,0.9499999996107618,0.9246663003002213,0.9753335899155718
2.978897889788979,0.9499999996177121,0.9246663012018423,0.9753335892841277
2.9793979397939796,0.9499999996246229,0.9246663021012445,0.9753335886542376
2.97989798979898,0.9499999996314943,0.9246663029984332,0.9753335880258976
2.98039803980398,0.9499999996383264,0.9246663038934139,0.9753335873991039
2.980898089808981,0.9499999996451194,0.9246663047861922,0.9753335867738528
2.9813981398139813,0.9499999996518735,0.9246663056767732,0.9753335861501404
2.981898189818982,0.9499999996585887,0.9246663065651626,0.975333585527963
2.9823982398239823,0.9499999996652653,0.9246663074513657,0.9753335849073167
2.982898289828983,0.9499999996719033,0.9246663083353878,0.9753335842881978
2.9833983398339834,0.9499999996785029,0.9246663092172344,0.9753335836706026
2.9838983898389837,0.9499999996850642,0.9246663100969108,0.9753335830545273
2.9843984398439845,0.9499999996915874,0.9246663109744223,0.975333582439968
2.9848984898489848,0.9499999996980727,0.9246663118497742,0.9753335818269213
2.9853985398539855,0.9499999997045201,0.924666312722972,0.9753335812153833
2.985898589858986,0.9499999997109297,0.9246663135940208,0.9753335806053501
2.9863986398639866,0.9499999997173019,0.924666314462926,0.9753335799968184
2.986898689868987,0.9499999997236366,0.9246663153296928,0.975333579389784
2.9873987398739876,0.949999999729934,0.9246663161943266,0.9753335787842438
2.987898789878988,0.9499999997361942,0.9246663170568324,0.9753335781801936
2.9883988398839882,0.9499999997424174,0.9246663179172158,0.9753335775776301
2.988898889888989,0.9499999997486037,0.9246663187754816,0.9753335769765494
2.9893989398939893,0.9499999997547534,0.9246663196316354,0.9753335763769481
2.98989898989899,0.9499999997608664,0.9246663204856821,0.9753335757788223
2.9903990399039904,0.9499999997669429,0.9246663213376269,0.9753335751821685
2.990899089908991,0.9499999997729832,0.9246663221874754,0.975333574586983
2.9913991399139914,0.9499999997789872,0.9246663230352322,0.9753335739932623
2.9918991899189917,0.9499999997849552,0.9246663238809028,0.9753335734010027
2.9923992399239925,0.9499999997908872,0.9246663247244921,0.9753335728102006
2.992899289928993,0.9499999997967835,0.9246663255660054,0.9753335722208525
2.9933993399339935,0.9499999998026442,0.9246663264054478,0.9753335716329548
2.993899389938994,0.9499999998084693,0.9246663272428243,0.9753335710465039
2.9943994399439946,0.9499999998142591,0.92466632807814,0.9753335704614962
2.994899489948995,0.9499999998200136,0.9246663289114,0.9753335698779282
2.995399539953995,0.9499999998257329,0.9246663297426094,0.9753335692957964
2.995899589958996,0.9499999998314174,0.9246663305717733,0.9753335687150971
2.9963996399639963,0.949999999837067,0.9246663313988965,0.9753335681358271
2.996899689968997,0.9499999998426818,0.9246663322239842,0.9753335675579825
2.9973997399739973,0.9499999998482621,0.9246663330470414,0.97533356698156
2.997899789978998,0.9499999998538079,0.9246663338680731,0.9753335664065561
2.9983998399839984,0.9499999998593195,0.9246663346870843,0.9753335658329673
2.9988998899889987,0.9499999998647968,0.9246663355040797,0.97533356526079
2.9993999399939995,0.9499999998702401,0.9246663363190647,0.9753335646900209
2.9998999899989998,0.9499999998756495,0.9246663371320439,0.9753335641206563
3.000400040004,0.9499999998810251,0.9246663379430226,0.9753335635526931
3.000900090009001,0.9499999998863671,0.9246663387520053,0.9753335629861275
3.0014001400140016,0.9499999998916755,0.9246663395589971,0.9753335624209563
3.0019001900190023,0.9499999998969505,0.924666340364003,0.9753335618571759
3.002400240024002,0.9499999999021923,0.9246663411670277,0.975333561294783
3.002900290029003,0.949999999907401,0.9246663419680763,0.9753335607337741
3.0034003400340037,0.9499999999125767,0.9246663427671534,0.9753335601741459
3.0039003900390036,0.9499999999177194,0.9246663435642641,0.9753335596158949
3.0044004400440043,0.9499999999228295,0.9246663443594131,0.9753335590590178
3.004900490049005,0.9499999999279068,0.9246663451526053,0.975333558503511
3.005400540054006,0.9499999999329518,0.9246663459438453,0.9753335579493714
3.0059005900590057,0.9499999999379644,0.9246663467331382,0.9753335573965956
3.0064006400640064,0.9499999999429447,0.9246663475204886,0.9753335568451801
3.006900690069007,0.949999999947893,0.9246663483059014,0.9753335562951215
3.007400740074007,0.9499999999528091,0.9246663490893813,0.9753335557464168
3.007900790079008,0.9499999999576936,0.9246663498709331,0.9753335551990623
3.0084008400840085,0.9499999999625462,0.9246663506505615,0.9753335546530549
3.0089008900890093,0.9499999999673674,0.9246663514282712,0.9753335541083912
3.009400940094009,0.949999999972157,0.924666352204067,0.9753335535650679
3.00990099009901,0.9499999999769153,0.9246663529779536,0.9753335530230818
3.0104010401040107,0.9499999999816424,0.9246663537499357,0.9753335524824294
3.0109010901090105,0.9499999999863383,0.9246663545200179,0.9753335519431076
3.0114011401140113,0.9499999999910034,0.924666355288205,0.9753335514051129
3.011901190119012,0.9499999999956376,0.9246663560545015,0.9753335508684424
3.012401240124013,0.950000000000241,0.9246663568189123,0.9753335503330925
3.0129012901290126,0.9500000000048138,0.9246663575814418,0.9753335497990602
3.0134013401340134,0.9500000000093561,0.9246663583420948,0.9753335492663421
3.013901390139014,0.9500000000138682,0.9246663591008758,0.9753335487349349
3.014401440144014,0.9500000000183499,0.9246663598577894,0.9753335482048356
3.0149014901490148,0.9500000000228017,0.9246663606128404,0.9753335476760409
3.0154015401540155,0.9500000000272234,0.9246663613660331,0.9753335471485475
3.0159015901590163,0.9500000000316153,0.9246663621173723,0.9753335466223523
3.016401640164016,0.9500000000359774,0.9246663628668624,0.9753335460974519
3.016901690169017,0.9500000000403099,0.924666363614508,0.9753335455738434
3.0174017401740176,0.9500000000446129,0.9246663643603138,0.9753335450515235
3.0179017901790175,0.9500000000488866,0.924666365104284,0.9753335445304889
3.0184018401840182,0.950000000053131,0.9246663658464235,0.9753335440107367
3.018901890189019,0.9500000000573463,0.9246663665867364,0.9753335434922635
3.0194019401940198,0.9500000000615326,0.9246663673252276,0.9753335429750664
3.0199019901990196,0.95000000006569,0.9246663680619013,0.9753335424591419
3.0204020402040204,0.9500000000698186,0.924666368796762,0.9753335419444873
3.020902090209021,0.9500000000739186,0.9246663695298143,0.9753335414310991
3.021402140214021,0.95000000007799,0.9246663702610625,0.9753335409189744
3.0219021902190217,0.950000000082033,0.9246663709905112,0.97533354040811
3.0224022402240225,0.9500000000860478,0.9246663717181647,0.9753335398985028
3.0229022902290232,0.9500000000900343,0.9246663724440274,0.9753335393901498
3.023402340234023,0.9500000000939928,0.9246663731681039,0.9753335388830479
3.023902390239024,0.9500000000979234,0.9246663738903983,0.9753335383771938
3.0244024402440246,0.9500000001018261,0.9246663746109153,0.9753335378725847
3.0249024902490254,0.9500000001057012,0.924666375329659,0.9753335373692175
3.025402540254025,0.9500000001095485,0.9246663760466339,0.9753335368670889
3.025902590259026,0.9500000001133686,0.9246663767618444,0.9753335363661961
3.0264026402640267,0.9500000001171611,0.9246663774752948,0.975333535866536
3.0269026902690266,0.9500000001209266,0.9246663781869894,0.9753335353681056
3.0274027402740273,0.9500000001246648,0.9246663788969325,0.9753335348709019
3.027902790279028,0.950000000128376,0.9246663796051283,0.9753335343749217
3.028402840284029,0.9500000001320604,0.9246663803115814,0.9753335338801621
3.0289028902890287,0.950000000135718,0.924666381016296,0.9753335333866201
3.0294029402940295,0.9500000001393488,0.9246663817192762,0.9753335328942927
3.02990299029903,0.9500000001429533,0.9246663824205265,0.9753335324031769
3.03040304030403,0.9500000001465312,0.9246663831200509,0.9753335319132697
3.030903090309031,0.9500000001500827,0.9246663838178538,0.9753335314245682
3.0314031403140316,0.9500000001536081,0.9246663845139395,0.9753335309370693
3.0319031903190323,0.9500000001571074,0.924666385208312,0.9753335304507702
3.032403240324032,0.9500000001605807,0.9246663859009757,0.9753335299656679
3.032903290329033,0.9500000001640281,0.9246663865919349,0.9753335294817594
3.0334033403340337,0.9500000001674498,0.9246663872811935,0.9753335289990418
3.0339033903390336,0.9500000001708457,0.924666387968756,0.9753335285175122
3.0344034403440343,0.9500000001742163,0.9246663886546264,0.9753335280371676
3.034903490349035,0.9500000001775613,0.9246663893388088,0.9753335275580051
3.035403540354036,0.950000000180881,0.9246663900213075,0.9753335270800217
3.0359035903590357,0.9500000001841755,0.9246663907021265,0.9753335266032148
3.0364036403640364,0.950000000187445,0.9246663913812702,0.9753335261275812
3.036903690369037,0.9500000001906894,0.9246663920587423,0.9753335256531181
3.037403740374037,0.9500000001939091,0.9246663927345473,0.9753335251798227
3.037903790379038,0.9500000001971038,0.9246663934086892,0.9753335247076921
3.0384038403840385,0.950000000200274,0.9246663940811719,0.9753335242367234
3.0389038903890393,0.9500000002034196,0.9246663947519997,0.9753335237669137
3.039403940394039,0.9500000002065407,0.9246663954211767,0.9753335232982603
3.03990399039904,0.9500000002096376,0.9246663960887067,0.9753335228307601
3.0404040404040407,0.9500000002127101,0.924666396754594,0.9753335223644105
3.0409040904090405,0.9500000002157586,0.9246663974188426,0.9753335218992085
3.0414041404140413,0.9500000002187831,0.9246663980814565,0.9753335214351514
3.041904190419042,0.9500000002217837,0.9246663987424397,0.9753335209722364
3.042404240424043,0.9500000002247605,0.9246663994017962,0.9753335205104605
3.0429042904290426,0.9500000002277136,0.92466640005953,0.9753335200498211
3.0434043404340434,0.950000000230643,0.9246664007156452,0.9753335195903153
3.043904390439044,0.950000000233549,0.9246664013701458,0.9753335191319403
3.044404440444044,0.9500000002364317,0.9246664020230355,0.9753335186746934
3.0449044904490448,0.9500000002392911,0.9246664026743185,0.9753335182185718
3.0454045404540455,0.9500000002421273,0.9246664033239987,0.9753335177635727
3.0459045904590463,0.9500000002449405,0.9246664039720802,0.9753335173096933
3.046404640464046,0.9500000002477307,0.9246664046185666,0.9753335168569309
3.046904690469047,0.950000000250498,0.9246664052634621,0.9753335164052828
3.0474047404740476,0.9500000002532427,0.9246664059067705,0.9753335159547462
3.0479047904790475,0.9500000002559646,0.9246664065484957,0.9753335155053183
3.0484048404840483,0.950000000258664,0.9246664071886417,0.9753335150569964
3.048904890489049,0.950000000261341,0.9246664078272123,0.9753335146097779
3.0494049404940498,0.9500000002639958,0.9246664084642113,0.97533351416366
3.0499049904990496,0.9500000002666281,0.9246664090996428,0.9753335137186399
3.0504050405040504,0.9500000002692385,0.9246664097335104,0.975333513274715
3.050905090509051,0.9500000002718267,0.9246664103658181,0.9753335128318826
3.051405140514051,0.9500000002743931,0.9246664109965698,0.9753335123901401
3.0519051905190517,0.9500000002769377,0.924666411625769,0.9753335119494846
3.0524052405240525,0.9500000002794604,0.92466641225342,0.9753335115099135
3.0529052905290532,0.9500000002819616,0.9246664128795262,0.9753335110714243
3.053405340534053,0.9500000002844412,0.9246664135040916,0.9753335106340142
3.053905390539054,0.9500000002868995,0.9246664141271199,0.9753335101976806
3.0544054405440546,0.9500000002893364,0.9246664147486151,0.9753335097624207
3.0549054905490554,0.950000000291752,0.9246664153685807,0.975333509328232
3.055405540554055,0.9500000002941466,0.9246664159870206,0.9753335088951118
3.055905590559056,0.9500000002965201,0.9246664166039386,0.9753335084630576
3.0564056405640567,0.9500000002988727,0.9246664172193382,0.9753335080320666
3.0569056905690566,0.9500000003012045,0.9246664178332235,0.9753335076021363
3.0574057405740573,0.9500000003035155,0.9246664184455979,0.9753335071732641
3.057905790579058,0.9500000003058059,0.9246664190564653,0.9753335067454472
3.058405840584059,0.9500000003080757,0.9246664196658294,0.9753335063186832
3.0589058905890587,0.9500000003103252,0.9246664202736938,0.9753335058929695
3.0594059405940595,0.9500000003125543,0.9246664208800623,0.9753335054683034
3.05990599059906,0.9500000003147631,0.9246664214849386,0.9753335050446825
3.06040604060406,0.9500000003169518,0.9246664220883263,0.9753335046221041
3.060906090609061,0.9500000003191204,0.924666422690229,0.9753335042005656
3.0614061406140616,0.950000000321269,0.9246664232906504,0.9753335037800646
3.0619061906190623,0.9500000003233978,0.9246664238895943,0.9753335033605983
3.062406240624062,0.9500000003255068,0.9246664244870642,0.9753335029421644
3.062906290629063,0.9500000003275961,0.9246664250830636,0.9753335025247603
3.0634063406340637,0.9500000003296659,0.9246664256775963,0.9753335021083833
3.0639063906390636,0.9500000003317162,0.9246664262706659,0.975333501693031
3.0644064406440643,0.9500000003337471,0.924666426862276,0.975333501278701
3.064906490649065,0.9500000003357587,0.9246664274524301,0.9753335008653906
3.065406540654066,0.9500000003377511,0.9246664280411319,0.9753335004530973
3.0659065906590657,0.9500000003397243,0.9246664286283849,0.9753335000418187
3.0664066406640664,0.9500000003416786,0.9246664292141926,0.9753334996315522
3.066906690669067,0.9500000003436139,0.9246664297985587,0.9753334992222954
3.067406740674067,0.9500000003455303,0.9246664303814868,0.9753334988140457
3.067906790679068,0.9500000003474282,0.9246664309629802,0.9753334984068008
3.0684068406840685,0.9500000003493072,0.9246664315430425,0.9753334980005581
3.0689068906890693,0.9500000003511677,0.9246664321216773,0.9753334975953152
3.069406940694069,0.9500000003530098,0.9246664326988882,0.9753334971910694
3.06990699069907,0.9500000003548335,0.9246664332746786,0.9753334967878187
3.0704070407040707,0.9500000003566389,0.9246664338490519,0.9753334963855602
3.0709070907090705,0.950000000358426,0.9246664344220117,0.9753334959842918
3.0714071407140713,0.9500000003601952,0.9246664349935614,0.9753334955840107
3.071907190719072,0.9500000003619462,0.9246664355637046,0.9753334951847149
3.072407240724073,0.9500000003636793,0.9246664361324447,0.9753334947864016
3.0729072907290726,0.9500000003653946,0.9246664366997851,0.9753334943890687
3.0734073407340734,0.9500000003670921,0.9246664372657293,0.9753334939927135
3.073907390739074,0.950000000368772,0.9246664378302807,0.9753334935973338
3.074407440744074,0.9500000003704343,0.9246664383934428,0.9753334932029271
3.0749074907490748,0.9500000003720791,0.9246664389552189,0.975333492809491
3.0754075407540755,0.9500000003737065,0.9246664395156126,0.9753334924170232
3.0759075907590763,0.9500000003753166,0.9246664400746271,0.9753334920255211
3.076407640764076,0.9500000003769095,0.9246664406322658,0.9753334916349826
3.076907690769077,0.9500000003784852,0.9246664411885323,0.9753334912454052
3.0774077407740776,0.9500000003800438,0.9246664417434297,0.9753334908567866
3.0779077907790775,0.9500000003815856,0.9246664422969616,0.9753334904691243
3.0784078407840783,0.9500000003831104,0.9246664428491312,0.975333490082416
3.078907890789079,0.9500000003846184,0.9246664433999421,0.9753334896966595
3.0794079407940798,0.9500000003861098,0.9246664439493973,0.9753334893118523
3.0799079907990796,0.9500000003875845,0.9246664444975004,0.975333488927992
3.0804080408040804,0.9500000003890426,0.9246664450442545,0.9753334885450765
3.080908090809081,0.9500000003904844,0.9246664455896632,0.9753334881631033
3.081408140814081,0.9500000003919097,0.9246664461337295,0.9753334877820701
3.0819081908190817,0.9500000003933187,0.9246664466764569,0.9753334874019747
3.0824082408240825,0.9500000003947116,0.9246664472178487,0.9753334870228146
3.0829082908290832,0.9500000003960882,0.9246664477579082,0.9753334866445876
3.083408340834083,0.9500000003974489,0.9246664482966386,0.9753334862672915
3.083908390839084,0.9500000003987937,0.9246664488340431,0.975333485890924
3.0844084408440846,0.9500000004001226,0.9246664493701251,0.9753334855154825
3.0849084908490854,0.9500000004014356,0.9246664499048879,0.9753334851409651
3.0854085408540852,0.950000000402733,0.9246664504383345,0.9753334847673694
3.085908590859086,0.9500000004040148,0.9246664509704684,0.975333484394693
3.0864086408640867,0.950000000405281,0.9246664515012928,0.9753334840229338
3.0869086908690866,0.9500000004065317,0.9246664520308108,0.9753334836520895
3.0874087408740873,0.950000000407767,0.9246664525590256,0.9753334832821579
3.087908790879088,0.9500000004089871,0.9246664530859404,0.9753334829131366
3.088408840884089,0.950000000410192,0.9246664536115586,0.9753334825450235
3.0889088908890887,0.9500000004113817,0.9246664541358833,0.9753334821778163
3.0894089408940895,0.9500000004125563,0.9246664546589176,0.9753334818115128
3.08990899089909,0.9500000004137159,0.9246664551806647,0.9753334814461108
3.09040904090409,0.9500000004148607,0.9246664557011278,0.975333481081608
3.090909090909091,0.9500000004159906,0.9246664562203101,0.9753334807180023
3.0914091409140916,0.9500000004171059,0.9246664567382146,0.9753334803552913
3.0919091909190923,0.9500000004182063,0.9246664572548446,0.9753334799934731
3.092409240924092,0.9500000004192923,0.9246664577702032,0.9753334796325452
3.092909290929093,0.9500000004203637,0.9246664582842935,0.9753334792725056
3.0934093409340937,0.9500000004214207,0.9246664587971186,0.975333478913352
3.0939093909390936,0.9500000004224634,0.9246664593086816,0.9753334785550823
3.0944094409440943,0.9500000004234918,0.9246664598189858,0.9753334781976943
3.094909490949095,0.9500000004245059,0.9246664603280341,0.9753334778411858
3.095409540954096,0.950000000425506,0.9246664608358296,0.9753334774855547
3.0959095909590957,0.950000000426492,0.9246664613423754,0.9753334771307988
3.0964096409640964,0.950000000427464,0.9246664618476746,0.9753334767769158
3.096909690969097,0.9500000004284223,0.9246664623517304,0.9753334764239039
3.097409740974097,0.9500000004293665,0.9246664628545457,0.9753334760717607
3.097909790979098,0.9500000004302971,0.9246664633561235,0.975333475720484
3.0984098409840986,0.950000000431214,0.9246664638564669,0.975333475370072
3.0989098909890993,0.9500000004321174,0.9246664643555791,0.9753334750205221
3.099409940994099,0.9500000004330073,0.9246664648534628,0.9753334746718326
3.0999099909991,0.9500000004338836,0.9246664653501214,0.9753334743240013
3.1004100410041007,0.9500000004347466,0.9246664658455577,0.9753334739770259
3.1009100910091005,0.9500000004355963,0.9246664663397747,0.9753334736309044
3.1014101410141013,0.9500000004364327,0.9246664668327753,0.9753334732856347
3.101910191019102,0.9500000004372561,0.9246664673245628,0.9753334729412146
3.102410241024103,0.9500000004380664,0.9246664678151401,0.9753334725976422
3.1029102910291027,0.9500000004388637,0.9246664683045099,0.9753334722549154
3.1034103410341034,0.9500000004396479,0.9246664687926754,0.975333471913032
3.103910391039104,0.9500000004404194,0.9246664692796397,0.9753334715719899
3.104410441044104,0.9500000004411782,0.9246664697654055,0.9753334712317872
3.1049104910491048,0.9500000004419241,0.9246664702499758,0.9753334708924216
3.1054105410541055,0.9500000004426574,0.9246664707333536,0.9753334705538913
3.1059105910591063,0.9500000004433783,0.9246664712155418,0.9753334702161941
3.106410641064106,0.9500000004440865,0.9246664716965434,0.9753334698793279
3.106910691069107,0.9500000004447824,0.9246664721763612,0.9753334695432908
3.1074107410741076,0.9500000004454658,0.9246664726549982,0.9753334692080806
3.1079107910791075,0.950000000446137,0.9246664731324573,0.9753334688736954
3.1084108410841083,0.950000000446796,0.9246664736087414,0.9753334685401331
3.108910891089109,0.9500000004474428,0.9246664740838534,0.9753334682073916
3.1094109410941098,0.9500000004480775,0.924666474557796,0.9753334678754692
3.1099109910991096,0.9500000004487003,0.9246664750305724,0.9753334675443635
3.1104110411041104,0.9500000004493111,0.9246664755021853,0.9753334672140727
3.110911091109111,0.95000000044991,0.9246664759726375,0.9753334668845947
3.111411141114112,0.950000000450497,0.9246664764419319,0.9753334665559275
3.1119111911191117,0.9500000004510725,0.9246664769100714,0.9753334662280692
3.1124112411241125,0.9500000004516361,0.9246664773770589,0.9753334659010177
3.1129112911291132,0.9500000004521882,0.924666477842897,0.9753334655747711
3.113411341134113,0.9500000004527289,0.9246664783075889,0.9753334652493274
3.113911391139114,0.9500000004532579,0.9246664787711371,0.9753334649246845
3.1144114411441146,0.9500000004537758,0.9246664792335444,0.9753334646008407
3.1149114911491154,0.9500000004542821,0.9246664796948139,0.9753334642777939
3.1154115411541152,0.9500000004547772,0.924666480154948,0.975333463955542
3.115911591159116,0.9500000004552611,0.92466648061395,0.9753334636340831
3.1164116411641167,0.950000000455734,0.9246664810718221,0.9753334633134154
3.1169116911691166,0.9500000004561956,0.9246664815285677,0.9753334629935368
3.1174117411741173,0.9500000004566463,0.924666481984189,0.9753334626744455
3.117911791179118,0.9500000004570861,0.9246664824386892,0.9753334623561395
3.118411841184119,0.9500000004575151,0.9246664828920708,0.9753334620386167
3.1189118911891187,0.9500000004579332,0.9246664833443367,0.9753334617218754
3.1194119411941195,0.9500000004583405,0.9246664837954894,0.9753334614059137
3.11991199119912,0.9500000004587372,0.924666484245532,0.9753334610907294
3.12041204120412,0.9500000004591233,0.924666484694467,0.9753334607763209
3.120912091209121,0.9500000004594988,0.9246664851422972,0.9753334604626861
3.1214121412141216,0.9500000004598639,0.9246664855890253,0.9753334601498231
3.1219121912191223,0.9500000004602185,0.924666486034654,0.9753334598377301
3.122412241224122,0.9500000004605628,0.9246664864791859,0.9753334595264052
3.122912291229123,0.9500000004608967,0.924666486922624,0.9753334592158464
3.1234123412341237,0.9500000004612204,0.9246664873649707,0.9753334589060518
3.1239123912391236,0.950000000461534,0.9246664878062288,0.9753334585970197
3.1244124412441243,0.9500000004618374,0.9246664882464011,0.9753334582887481
3.124912491249125,0.9500000004621308,0.92466648868549,0.9753334579812352
3.125412541254126,0.9500000004624142,0.9246664891234984,0.975333457674479
3.1259125912591257,0.9500000004626877,0.9246664895604287,0.9753334573684778
3.1264126412641264,0.9500000004629513,0.9246664899962839,0.9753334570632296
3.126912691269127,0.9500000004632051,0.9246664904310664,0.9753334567587326
3.127412741274127,0.9500000004634492,0.9246664908647789,0.975333456454985
3.127912791279128,0.9500000004636836,0.9246664912974241,0.975333456151985
3.1284128412841286,0.9500000004639084,0.9246664917290045,0.9753334558497305
3.1289128912891293,0.9500000004641236,0.9246664921595229,0.9753334555482199
3.129412941294129,0.9500000004643293,0.9246664925889817,0.9753334552474514
3.12991299129913,0.9500000004645256,0.9246664930173836,0.9753334549474231
3.1304130413041307,0.9500000004647124,0.9246664934447313,0.975333454648133
3.1309130913091305,0.9500000004648901,0.9246664938710272,0.9753334543495796
3.1314131413141313,0.9500000004650583,0.924666494296274,0.9753334540517609
3.131913191319132,0.9500000004652174,0.9246664947204744,0.9753334537546751
3.132413241324133,0.9500000004653674,0.9246664951436308,0.9753334534583203
3.1329132913291327,0.9500000004655083,0.9246664955657458,0.975333453162695
3.1334133413341334,0.95000000046564,0.9246664959868219,0.9753334528677973
3.133913391339134,0.9500000004657629,0.9246664964068618,0.9753334525736251
3.134413441344134,0.9500000004658768,0.924666496825868,0.975333452280177
3.1349134913491348,0.950000000465982,0.9246664972438431,0.975333451987451
3.1354135413541355,0.9500000004660782,0.9246664976607895,0.9753334516954455
3.1359135913591363,0.9500000004661657,0.9246664980767098,0.9753334514041585
3.136413641364136,0.9500000004662446,0.9246664984916065,0.9753334511135884
3.136913691369137,0.9500000004663148,0.9246664989054821,0.9753334508237335
3.1374137413741376,0.9500000004663764,0.9246664993183393,0.9753334505345918
3.1379137913791375,0.9500000004664295,0.9246664997301804,0.9753334502461616
3.1384138413841383,0.9500000004664743,0.924666500141008,0.9753334499584414
3.138913891389139,0.9500000004665105,0.9246665005508246,0.9753334496714291
3.1394139413941398,0.9500000004665383,0.9246665009596325,0.9753334493851232
3.1399139913991396,0.950000000466558,0.9246665013674344,0.9753334490995219
3.1404140414041404,0.9500000004665693,0.9246665017742327,0.9753334488146236
3.140914091409141,0.9500000004665725,0.92466650218003,0.9753334485304263
3.141414141414142,0.9500000004665675,0.9246665025848285,0.9753334482469284
3.1419141914191417,0.9500000004665544,0.9246665029886308,0.9753334479641281
3.1424142414241425,0.9500000004665333,0.9246665033914394,0.9753334476820239
3.1429142914291432,0.9500000004665043,0.9246665037932567,0.9753334474006139
3.143414341434143,0.9500000004664674,0.9246665041940851,0.9753334471198964
3.143914391439144,0.9500000004664225,0.9246665045939271,0.9753334468398699
3.1444144414441446,0.9500000004663698,0.9246665049927851,0.9753334465605323
3.1449144914491454,0.9500000004663094,0.9246665053906615,0.9753334462818823
3.1454145414541452,0.9500000004662413,0.9246665057875587,0.975333446003918
3.145914591459146,0.9500000004661655,0.9246665061834792,0.9753334457266378
3.1464146414641467,0.9500000004660821,0.9246665065784253,0.9753334454500401
3.1469146914691466,0.9500000004659912,0.9246665069723995,0.9753334451741229
3.1474147414741473,0.9500000004658928,0.9246665073654041,0.9753334448988848
3.147914791479148,0.9500000004657869,0.9246665077574415,0.9753334446243241
3.148414841484149,0.9500000004656737,0.9246665081485141,0.975333444350439
3.1489148914891487,0.950000000465553,0.9246665085386244,0.975333444077228
3.1494149414941495,0.9500000004654251,0.9246665089277746,0.9753334438046893
3.14991499149915,0.95000000046529,0.9246665093159671,0.9753334435328214
3.15041504150415,0.9500000004651477,0.9246665097032042,0.9753334432616225
3.150915091509151,0.9500000004649981,0.9246665100894883,0.975333442991091
3.1514151415141516,0.9500000004648416,0.9246665104748218,0.9753334427212254
3.1519151915191523,0.9500000004646779,0.924666510859207,0.9753334424520238
3.152415241524152,0.9500000004645073,0.9246665112426463,0.9753334421834847
3.152915291529153,0.9500000004643298,0.9246665116251419,0.9753334419156066
3.1534153415341537,0.9500000004641452,0.9246665120066963,0.9753334416483876
3.1539153915391536,0.9500000004639539,0.9246665123873115,0.9753334413818263
3.1544154415441543,0.9500000004637559,0.9246665127669901,0.975333441115921
3.154915491549155,0.950000000463551,0.9246665131457343,0.9753334408506701
3.155415541554156,0.9500000004633394,0.9246665135235465,0.9753334405860719
3.1559155915591557,0.9500000004631213,0.9246665139004289,0.9753334403221249
3.1564156415641564,0.9500000004628965,0.9246665142763837,0.9753334400588275
3.156915691569157,0.9500000004626651,0.9246665146514134,0.975333439796178
3.157415741574157,0.9500000004624272,0.92466651502552,0.975333439534175
3.157915791579158,0.9500000004621829,0.924666515398706,0.9753334392728167
3.1584158415841586,0.9500000004619321,0.9246665157709737,0.9753334390121016
3.1589158915891593,0.950000000461675,0.9246665161423252,0.975333438752028
3.159415941594159,0.9500000004614116,0.9246665165127628,0.9753334384925947
3.15991599159916,0.9500000004611419,0.9246665168822887,0.9753334382337997
3.1604160416041607,0.950000000460866,0.9246665172509053,0.9753334379756415
3.1609160916091605,0.9500000004605839,0.9246665176186147,0.9753334377181189
3.1614161416141613,0.9500000004602956,0.9246665179854192,0.9753334374612298
3.161916191619162,0.9500000004600012,0.924666518351321,0.975333437204973
3.162416241624163,0.9500000004597009,0.9246665187163222,0.9753334369493468
3.1629162916291627,0.9500000004593945,0.9246665190804253,0.9753334366943498
3.1634163416341634,0.9500000004590822,0.9246665194436322,0.9753334364399803
3.163916391639164,0.950000000458764,0.9246665198059454,0.9753334361862367
3.164416441644164,0.9500000004584398,0.9246665201673668,0.9753334359331176
3.1649164916491648,0.95000000045811,0.9246665205278989,0.9753334356806215
3.1654165416541655,0.9500000004577742,0.9246665208875438,0.9753334354287467
3.1659165916591663,0.9500000004574328,0.9246665212463034,0.9753334351774918
3.166416641664166,0.9500000004570857,0.9246665216041802,0.9753334349268552
3.166916691669167,0.9500000004567329,0.9246665219611763,0.9753334346768354
3.1674167416741676,0.9500000004563746,0.9246665223172937,0.975333434427431
3.1679167916791675,0.9500000004560106,0.9246665226725349,0.9753334341786403
3.1684168416841683,0.9500000004556413,0.9246665230269018,0.9753334339304619
3.168916891689169,0.9500000004552663,0.9246665233803966,0.9753334336828943
3.1694169416941698,0.9500000004548861,0.9246665237330214,0.9753334334359358
3.1699169916991696,0.9500000004545004,0.9246665240847785,0.9753334331895852
3.1704170417041704,0.9500000004541094,0.9246665244356698,0.9753334329438409
3.170917091709171,0.950000000453713,0.9246665247856976,0.9753334326987012
3.171417141714172,0.9500000004533115,0.924666525134864,0.9753334324541649
3.1719171917191717,0.9500000004529046,0.9246665254831712,0.9753334322102304
3.1724172417241725,0.9500000004524927,0.924666525830621,0.9753334319668963
3.1729172917291733,0.9500000004520756,0.924666526177216,0.9753334317241609
3.173417341734173,0.9500000004516533,0.9246665265229579,0.9753334314820229
3.173917391739174,0.9500000004512261,0.9246665268678489,0.9753334312404808
3.1744174417441746,0.9500000004507938,0.9246665272118912,0.9753334309995331
3.1749174917491754,0.9500000004503566,0.9246665275550868,0.9753334307591784
3.1754175417541752,0.9500000004499144,0.9246665278974378,0.9753334305194152
3.175917591759176,0.9500000004494674,0.9246665282389462,0.9753334302802421
3.1764176417641767,0.9500000004490156,0.9246665285796143,0.9753334300416576
3.1769176917691766,0.9500000004485588,0.924666528919444,0.9753334298036602
3.1774177417741774,0.9500000004480974,0.9246665292584373,0.9753334295662486
3.177917791779178,0.9500000004476312,0.9246665295965963,0.9753334293294211
3.178417841784179,0.9500000004471604,0.9246665299339233,0.9753334290931766
3.1789178917891787,0.9500000004466849,0.92466653027042,0.9753334288575134
3.1794179417941795,0.9500000004462047,0.9246665306060886,0.9753334286224301
3.17991799179918,0.9500000004457201,0.9246665309409312,0.9753334283879255
3.18041804180418,0.9500000004452308,0.9246665312749497,0.9753334281539978
3.180918091809181,0.9500000004447371,0.9246665316081462,0.9753334279206459
3.1814181418141816,0.9500000004442389,0.9246665319405226,0.9753334276878683
3.1819181918191823,0.9500000004437363,0.9246665322720812,0.9753334274556636
3.182418241824182,0.9500000004432294,0.9246665326028237,0.9753334272240303
3.182918291829183,0.9500000004427182,0.9246665329327524,0.9753334269929671
3.1834183418341837,0.9500000004422026,0.924666533261869,0.9753334267624725
3.1839183918391836,0.9500000004416826,0.9246665335901757,0.9753334265325451
3.1844184418441843,0.9500000004411586,0.9246665339176745,0.9753334263031835
3.184918491849185,0.9500000004406304,0.9246665342443673,0.9753334260743866
3.185418541854186,0.9500000004400979,0.924666534570256,0.9753334258461525
3.1859185918591857,0.9500000004395613,0.9246665348953429,0.9753334256184802
3.1864186418641864,0.9500000004390208,0.9246665352196296,0.9753334253913681
3.186918691869187,0.9500000004384761,0.9246665355431184,0.975333425164815
3.187418741874187,0.9500000004379274,0.9246665358658109,0.9753334249388195
3.187918791879188,0.9500000004373748,0.9246665361877094,0.9753334247133801
3.1884188418841886,0.9500000004368182,0.9246665365088157,0.9753334244884955
3.1889188918891893,0.9500000004362578,0.9246665368291317,0.9753334242641644
3.189418941894189,0.9500000004356934,0.9246665371486595,0.9753334240403853
3.18991899189919,0.9500000004351252,0.9246665374674009,0.9753334238171569
3.1904190419041907,0.9500000004345533,0.9246665377853579,0.9753334235944779
3.1909190919091905,0.9500000004339776,0.9246665381025324,0.975333423372347
3.1914191419141913,0.9500000004333982,0.9246665384189263,0.9753334231507627
3.191919191919192,0.9500000004328151,0.9246665387345416,0.9753334229297236
3.192419241924193,0.9500000004322283,0.9246665390493801,0.9753334227092285
3.1929192919291927,0.9500000004316379,0.9246665393634439,0.9753334224892761
3.1934193419341934,0.9500000004310439,0.9246665396767347,0.9753334222698651
3.193919391939194,0.9500000004304464,0.9246665399892546,0.9753334220509939
3.194419441944194,0.9500000004298454,0.9246665403010054,0.9753334218326614
3.194919491949195,0.9500000004292409,0.9246665406119889,0.9753334216148661
3.1954195419541955,0.950000000428633,0.9246665409222071,0.9753334213976069
3.1959195919591963,0.9500000004280216,0.9246665412316619,0.9753334211808824
3.196419641964196,0.9500000004274068,0.9246665415403551,0.9753334209646912
3.196919691969197,0.9500000004267888,0.9246665418482886,0.9753334207490322
3.1974197419741976,0.9500000004261674,0.9246665421554643,0.9753334205339037
3.1979197919791975,0.9500000004255427,0.9246665424618841,0.9753334203193047
3.1984198419841983,0.9500000004249147,0.9246665427675497,0.9753334201052339
3.198919891989199,0.9500000004242836,0.9246665430724631,0.9753334198916899
3.1994199419941998,0.9500000004236492,0.9246665433766261,0.9753334196786714
3.1999199919991996,0.9500000004230117,0.9246665436800406,0.9753334194661771
3.2004200420042004,0.9500000004223711,0.9246665439827084,0.9753334192542058
3.200920092009201,0.9500000004217274,0.9246665442846314,0.9753334190427562
3.201420142014202,0.9500000004210807,0.9246665445858112,0.9753334188318269
3.2019201920192017,0.9500000004204309,0.92466654488625,0.9753334186214166
3.2024202420242025,0.9500000004197781,0.9246665451859493,0.9753334184115242
3.2029202920292033,0.9500000004191224,0.924666545484911,0.9753334182021485
3.203420342034203,0.9500000004184637,0.9246665457831371,0.9753334179932879
3.203920392039204,0.9500000004178021,0.9246665460806291,0.9753334177849413
3.2044204420442046,0.9500000004171377,0.9246665463773892,0.9753334175771075
3.2049204920492054,0.9500000004164704,0.9246665466734189,0.9753334173697851
3.2054205420542052,0.9500000004158003,0.92466654696872,0.975333417162973
3.205920592059206,0.9500000004151274,0.9246665472632944,0.9753334169566698
3.2064206420642067,0.9500000004144519,0.9246665475571438,0.9753334167508743
3.2069206920692066,0.9500000004137735,0.9246665478502701,0.9753334165455854
3.2074207420742074,0.9500000004130925,0.9246665481426751,0.9753334163408015
3.207920792079208,0.9500000004124088,0.9246665484343605,0.9753334161365217
3.208420842084209,0.9500000004117225,0.9246665487253279,0.9753334159327446
3.2089208920892087,0.9500000004110336,0.9246665490155794,0.975333415729469
3.2094209420942095,0.9500000004103422,0.9246665493051165,0.9753334155266936
3.2099209920992102,0.9500000004096482,0.9246665495939411,0.9753334153244173
3.21042104210421,0.9500000004089516,0.9246665498820549,0.9753334151226387
3.210921092109211,0.9500000004082526,0.9246665501694596,0.9753334149213568
3.2114211421142116,0.9500000004075512,0.9246665504561571,0.9753334147205702
3.2119211921192123,0.9500000004068473,0.924666550742149,0.9753334145202778
3.212421242124212,0.950000000406141,0.924666551027437,0.9753334143204782
3.212921292129213,0.9500000004054323,0.924666551312023,0.9753334141211704
3.2134213421342137,0.9500000004047213,0.9246665515959086,0.975333413922353
3.2139213921392136,0.950000000404008,0.9246665518790956,0.9753334137240249
3.2144214421442143,0.9500000004032924,0.9246665521615857,0.975333413526185
3.214921492149215,0.9500000004025746,0.9246665524433806,0.9753334133288318
3.215421542154216,0.9500000004018545,0.924666552724482,0.9753334131319644
3.2159215921592157,0.9500000004011322,0.9246665530048915,0.9753334129355814
3.2164216421642164,0.9500000004004077,0.924666553284611,0.9753334127396818
3.216921692169217,0.9500000003996811,0.9246665535636421,0.9753334125442642
3.217421742174217,0.9500000003989524,0.9246665538419866,0.9753334123493276
3.217921792179218,0.9500000003982215,0.924666554119646,0.9753334121548708
3.2184218421842186,0.9500000003974887,0.9246665543966222,0.9753334119608924
3.2189218921892193,0.9500000003967537,0.9246665546729166,0.9753334117673914
3.219421942194219,0.9500000003960167,0.9246665549485311,0.9753334115743667
3.21992199219922,0.9500000003952778,0.9246665552234674,0.975333411381817
3.2204220422042207,0.9500000003945369,0.924666555497727,0.9753334111897412
3.2209220922092205,0.9500000003937941,0.9246665557713117,0.975333410998138
3.2214221422142213,0.9500000003930493,0.9246665560442231,0.9753334108070063
3.221922192219222,0.9500000003923026,0.9246665563164629,0.975333410616345
3.222422242224223,0.9500000003915541,0.9246665565880327,0.975333410426153
3.2229222922292227,0.9500000003908038,0.9246665568589342,0.975333410236429
3.2234223422342234,0.9500000003900516,0.9246665571291689,0.9753334100471719
3.223922392239224,0.9500000003892977,0.9246665573987386,0.9753334098583806
3.224422442244224,0.950000000388542,0.9246665576676449,0.9753334096700539
3.224922492249225,0.9500000003877845,0.9246665579358895,0.9753334094821906
3.2254225422542255,0.9500000003870255,0.924666558203474,0.9753334092947897
3.2259225922592263,0.9500000003862646,0.9246665584703998,0.97533340910785
3.226422642264226,0.9500000003855021,0.9246665587366688,0.9753334089213703
3.226922692269227,0.950000000384738,0.9246665590022826,0.9753334087353496
3.2274227422742277,0.9500000003839723,0.9246665592672426,0.9753334085497867
3.2279227922792275,0.950000000383205,0.9246665595315505,0.9753334083646803
3.2284228422842283,0.950000000382436,0.9246665597952081,0.9753334081800296
3.228922892289229,0.9500000003816657,0.9246665600582168,0.9753334079958332
3.2294229422942298,0.9500000003808937,0.9246665603205781,0.9753334078120903
3.2299229922992296,0.9500000003801202,0.9246665605822939,0.9753334076287994
3.2304230423042304,0.9500000003793453,0.9246665608433655,0.9753334074459596
3.230923092309231,0.9500000003785689,0.9246665611037947,0.9753334072635699
3.231423142314232,0.9500000003777912,0.9246665613635829,0.975333407081629
3.2319231923192318,0.950000000377012,0.9246665616227319,0.9753334069001358
3.2324232423242325,0.9500000003762314,0.9246665618812431,0.9753334067190893
3.2329232923292333,0.9500000003754495,0.924666562139118,0.9753334065384883
3.233423342334233,0.9500000003746663,0.9246665623963584,0.9753334063583318
3.233923392339234,0.9500000003738817,0.9246665626529657,0.9753334061786186
3.2344234423442346,0.9500000003730958,0.9246665629089414,0.9753334059993477
3.2349234923492354,0.9500000003723087,0.9246665631642872,0.975333405820518
3.2354235423542352,0.9500000003715203,0.9246665634190047,0.9753334056421284
3.235923592359236,0.9500000003707307,0.9246665636730952,0.9753334054641778
3.2364236423642367,0.95000000036994,0.9246665639265605,0.9753334052866651
3.2369236923692366,0.950000000369148,0.924666564179402,0.9753334051095893
3.2374237423742374,0.9500000003683549,0.9246665644316212,0.9753334049329493
3.237923792379238,0.9500000003675606,0.9246665646832197,0.975333404756744
3.238423842384239,0.9500000003667652,0.9246665649341991,0.9753334045809723
3.2389238923892387,0.9500000003659689,0.9246665651845608,0.9753334044056332
3.2394239423942395,0.9500000003651713,0.9246665654343064,0.9753334042307256
3.2399239923992402,0.9500000003643727,0.9246665656834373,0.9753334040562485
3.24042404240424,0.9500000003635731,0.9246665659319552,0.9753334038822007
3.240924092409241,0.9500000003627724,0.9246665661798614,0.9753334037085812
3.2414241424142416,0.9500000003619709,0.9246665664271576,0.9753334035353891
3.2419241924192423,0.9500000003611683,0.9246665666738452,0.9753334033626231
3.242424242424242,0.9500000003603648,0.9246665669199255,0.9753334031902824
3.242924292429243,0.9500000003595603,0.9246665671654004,0.9753334030183657
3.2434243424342437,0.950000000358755,0.9246665674102712,0.9753334028468721
3.2439243924392436,0.9500000003579487,0.9246665676545394,0.9753334026758006
3.2444244424442443,0.9500000003571416,0.9246665678982063,0.9753334025051501
3.244924492449245,0.9500000003563336,0.9246665681412737,0.9753334023349195
3.245424542454246,0.9500000003555249,0.9246665683837428,0.9753334021651079
3.2459245924592457,0.9500000003547152,0.9246665686256152,0.9753334019957142
3.2464246424642464,0.9500000003539049,0.9246665688668925,0.9753334018267373
3.246924692469247,0.9500000003530937,0.9246665691075759,0.9753334016581764
3.247424742474247,0.9500000003522818,0.924666569347667,0.9753334014900302
3.247924792479248,0.9500000003514691,0.9246665695871672,0.9753334013222978
3.2484248424842486,0.9500000003506558,0.9246665698260781,0.9753334011549782
3.2489248924892493,0.9500000003498418,0.924666570064401,0.9753334009880705
3.249424942494249,0.9500000003490271,0.9246665703021373,0.9753334008215735
3.24992499249925,0.9500000003482117,0.9246665705392886,0.9753334006554861
3.2504250425042507,0.9500000003473957,0.9246665707758563,0.9753334004898075
3.2509250925092505,0.950000000346579,0.9246665710118418,0.9753334003245367
3.2514251425142513,0.9500000003457618,0.9246665712472465,0.9753334001596726
3.251925192519252,0.950000000344944,0.924666571482072,0.9753333999952143
3.252425242524253,0.9500000003441257,0.9246665717163195,0.9753333998311606
3.2529252925292527,0.9500000003433068,0.9246665719499905,0.9753333996675108
3.2534253425342534,0.9500000003424873,0.9246665721830865,0.9753333995042636
3.253925392539254,0.9500000003416673,0.9246665724156088,0.9753333993414182
3.254425442544254,0.9500000003408469,0.9246665726475589,0.9753333991789734
3.254925492549255,0.950000000340026,0.9246665728789382,0.9753333990169286
3.2554255425542555,0.9500000003392046,0.924666573109748,0.9753333988552825
3.2559255925592563,0.9500000003383827,0.9246665733399898,0.9753333986940342
3.256425642564256,0.9500000003375605,0.9246665735696651,0.9753333985331827
3.256925692569257,0.9500000003367379,0.924666573798775,0.9753333983727271
3.2574257425742577,0.9500000003359148,0.9246665740273212,0.9753333982126664
3.2579257925792575,0.9500000003350915,0.9246665742553049,0.9753333980529996
3.2584258425842583,0.9500000003342677,0.9246665744827275,0.9753333978937256
3.258925892589259,0.9500000003334436,0.9246665747095905,0.9753333977348437
3.2594259425942598,0.9500000003326191,0.9246665749358951,0.9753333975763528
3.2599259925992596,0.9500000003317943,0.9246665751616429,0.975333397418252
3.2604260426042604,0.9500000003309693,0.9246665753868349,0.9753333972605401
3.260926092609261,0.9500000003301441,0.9246665756114729,0.9753333971032165
3.261426142614262,0.9500000003293185,0.9246665758355581,0.97533339694628
3.2619261926192618,0.9500000003284927,0.9246665760590917,0.9753333967897297
3.2624262426242625,0.9500000003276666,0.9246665762820753,0.9753333966335648
3.2629262926292633,0.9500000003268404,0.9246665765045101,0.975333396477784
3.263426342634263,0.9500000003260141,0.9246665767263974,0.9753333963223867
3.263926392639264,0.9500000003251874,0.9246665769477388,0.9753333961673718
3.2644264426442646,0.9500000003243606,0.9246665771685354,0.9753333960127385
3.2649264926492654,0.9500000003235337,0.9246665773887887,0.9753333958584856
3.2654265426542652,0.9500000003227067,0.9246665776084998,0.9753333957046124
3.265926592659266,0.9500000003218796,0.9246665778276703,0.9753333955511179
3.2664266426642667,0.9500000003210523,0.9246665780463014,0.975333395398001
3.2669266926692666,0.9500000003202249,0.9246665782643945,0.975333395245261
3.2674267426742674,0.9500000003193976,0.9246665784819508,0.975333395092897
3.267926792679268,0.95000000031857,0.9246665786989717,0.9753333949409078
3.268426842684269,0.9500000003177426,0.9246665789154586,0.9753333947892927
3.2689268926892687,0.950000000316915,0.9246665791314127,0.9753333946380507
3.2694269426942695,0.9500000003160874,0.9246665793468353,0.9753333944871809
3.2699269926992702,0.9500000003152599,0.9246665795617278,0.9753333943366825
3.27042704270427,0.9500000003144324,0.9246665797760915,0.9753333941865544
3.270927092709271,0.9500000003136049,0.9246665799899275,0.9753333940367958
3.2714271427142716,0.9500000003127774,0.9246665802032373,0.9753333938874057
3.2719271927192723,0.95000000031195,0.9246665804160222,0.9753333937383832
3.272427242724272,0.9500000003111227,0.9246665806282834,0.9753333935897275
3.272927292729273,0.9500000003102955,0.9246665808400223,0.9753333934414377
3.2734273427342737,0.9500000003094683,0.9246665810512401,0.9753333932935128
3.2739273927392736,0.9500000003086413,0.924666581261938,0.9753333931459518
3.2744274427442743,0.9500000003078144,0.9246665814721174,0.9753333929987541
3.274927492749275,0.9500000003069877,0.9246665816817796,0.9753333928519187
3.275427542754276,0.950000000306161,0.9246665818909259,0.9753333927054445
3.2759275927592757,0.9500000003053347,0.9246665820995574,0.9753333925593308
3.2764276427642764,0.9500000003045084,0.9246665823076755,0.9753333924135767
3.276927692769277,0.9500000003036824,0.9246665825152813,0.9753333922681814
3.277427742774277,0.9500000003028566,0.9246665827223763,0.9753333921231438
3.277927792779278,0.9500000003020309,0.9246665829289616,0.9753333919784632
3.2784278427842786,0.9500000003012056,0.9246665831350386,0.9753333918341387
3.2789278927892793,0.9500000003003805,0.9246665833406084,0.9753333916901693
3.279427942794279,0.9500000002995556,0.9246665835456722,0.9753333915465542
3.27992799279928,0.9500000002987309,0.9246665837502315,0.9753333914032926
3.2804280428042807,0.9500000002979067,0.9246665839542872,0.9753333912603834
3.2809280928092805,0.9500000002970825,0.9246665841578409,0.975333391117826
3.2814281428142813,0.9500000002962589,0.9246665843608936,0.9753333909756194
3.281928192819282,0.9500000002954355,0.9246665845634465,0.9753333908337629
3.282428242824283,0.9500000002946124,0.924666584765501,0.9753333906922554
3.2829282928292827,0.9500000002937897,0.9246665849670583,0.9753333905510961
3.2834283428342834,0.9500000002929674,0.9246665851681195,0.9753333904102843
3.283928392839284,0.9500000002921454,0.924666585368686,0.975333390269819
3.284428442844284,0.9500000002913238,0.9246665855687587,0.9753333901296994
3.284928492849285,0.9500000002905026,0.9246665857683392,0.9753333899899246
3.2854285428542855,0.9500000002896818,0.9246665859674285,0.9753333898504938
3.2859285928592863,0.9500000002888613,0.9246665861660277,0.9753333897114062
3.286428642864286,0.9500000002880414,0.9246665863641383,0.9753333895726607
3.286928692869287,0.9500000002872219,0.9246665865617614,0.9753333894342567
3.2874287428742877,0.9500000002864029,0.924666586758898,0.9753333892961935
3.2879287928792875,0.9500000002855842,0.9246665869555495,0.9753333891584699
3.2884288428842883,0.950000000284766,0.9246665871517171,0.9753333890210852
3.288928892889289,0.9500000002839485,0.9246665873474019,0.9753333888840388
3.2894289428942898,0.9500000002831313,0.9246665875426051,0.9753333887473296
3.2899289928992896,0.9500000002823147,0.924666587737328,0.9753333886109568
3.2904290429042904,0.9500000002814986,0.9246665879315716,0.9753333884749196
3.290929092909291,0.9500000002806829,0.9246665881253372,0.9753333883392171
3.291429142914292,0.9500000002798679,0.9246665883186259,0.9753333882038486
3.2919291929192918,0.9500000002790534,0.924666588511439,0.9753333880688133
3.2924292429242925,0.9500000002782394,0.9246665887037776,0.9753333879341104
3.2929292929292933,0.950000000277426,0.9246665888956428,0.9753333877997389
3.293429342934293,0.9500000002766132,0.9246665890870358,0.975333387665698
3.293929392939294,0.950000000275801,0.9246665892779579,0.9753333875319871
3.2944294429442946,0.9500000002749894,0.92466658946841,0.9753333873986052
3.2949294929492954,0.9500000002741784,0.9246665896583934,0.9753333872655516
3.2954295429542952,0.9500000002733681,0.9246665898479094,0.9753333871328255
3.295929592959296,0.9500000002725583,0.924666590036959,0.9753333870004259
3.2964296429642967,0.9500000002717491,0.9246665902255432,0.9753333868683521
3.2969296929692966,0.9500000002709408,0.9246665904136634,0.9753333867366035
3.2974297429742974,0.950000000270133,0.9246665906013206,0.975333386605179
3.297929792979298,0.9500000002693259,0.924666590788516,0.975333386474078
3.298429842984299,0.9500000002685194,0.9246665909752507,0.9753333863432996
3.2989298929892987,0.9500000002677136,0.9246665911615258,0.975333386212843
3.2994299429942995,0.9500000002669086,0.9246665913473426,0.9753333860827076
3.2999299929993002,0.9500000002661042,0.924666591532702,0.9753333859528924
3.3004300430043,0.9500000002653006,0.9246665917176053,0.9753333858233967
3.300930093009301,0.9500000002644977,0.9246665919020536,0.9753333856942196
3.3014301430143016,0.9500000002636956,0.924666592086048,0.9753333855653604
3.3019301930193024,0.9500000002628941,0.9246665922695894,0.9753333854368184
3.302430243024302,0.9500000002620934,0.9246665924526792,0.9753333853085927
3.302930293029303,0.9500000002612935,0.9246665926353185,0.9753333851806825
3.3034303430343037,0.9500000002604944,0.9246665928175082,0.9753333850530872
3.3039303930393036,0.9500000002596961,0.9246665929992496,0.9753333849258058
3.3044304430443043,0.9500000002588985,0.9246665931805438,0.9753333847988377
3.304930493049305,0.9500000002581017,0.9246665933613918,0.975333384672182
3.305430543054306,0.9500000002573058,0.9246665935417947,0.9753333845458381
3.3059305930593057,0.9500000002565107,0.9246665937217536,0.9753333844198051
3.3064306430643065,0.9500000002557163,0.9246665939012697,0.9753333842940822
3.306930693069307,0.9500000002549228,0.9246665940803439,0.9753333841686688
3.307430743074307,0.9500000002541301,0.9246665942589776,0.975333384043564
3.307930793079308,0.9500000002533384,0.9246665944371715,0.975333383918767
3.3084308430843086,0.9500000002525474,0.924666594614927,0.9753333837942773
3.3089308930893093,0.9500000002517573,0.9246665947922449,0.9753333836700938
3.309430943094309,0.9500000002509681,0.9246665949691265,0.975333383546216
3.30993099309931,0.9500000002501798,0.9246665951455728,0.975333383422643
3.3104310431043107,0.9500000002493924,0.9246665953215849,0.9753333832993741
3.3109310931093106,0.9500000002486059,0.9246665954971638,0.9753333831764086
3.3114311431143113,0.9500000002478202,0.9246665956723107,0.9753333830537457
3.311931193119312,0.9500000002470355,0.9246665958470265,0.9753333829313847
3.312431243124313,0.9500000002462516,0.9246665960213123,0.9753333828093249
3.3129312931293127,0.9500000002454687,0.9246665961951691,0.9753333826875654
3.3134313431343134,0.9500000002446868,0.9246665963685982,0.9753333825661056
3.313931393139314,0.9500000002439057,0.9246665965416004,0.9753333824449446
3.314431443144314,0.9500000002431257,0.924666596714177,0.9753333823240818
3.314931493149315,0.9500000002423467,0.9246665968863287,0.9753333822035165
3.3154315431543155,0.9500000002415685,0.9246665970580568,0.9753333820832479
3.3159315931593163,0.9500000002407913,0.9246665972293623,0.9753333819632753
3.316431643164316,0.9500000002400151,0.9246665974002461,0.975333381843598
3.316931693169317,0.9500000002392399,0.9246665975707096,0.975333381724215
3.3174317431743177,0.9500000002384656,0.9246665977407534,0.9753333816051261
3.3179317931793175,0.9500000002376925,0.9246665979103788,0.9753333814863301
3.3184318431843183,0.9500000002369202,0.9246665980795867,0.9753333813678264
3.318931893189319,0.9500000002361491,0.9246665982483783,0.9753333812496144
3.31943194319432,0.9500000002353788,0.9246665984167544,0.9753333811316933
3.3199319931993196,0.9500000002346096,0.9246665985847161,0.9753333810140625
3.3204320432043204,0.9500000002338416,0.9246665987522645,0.9753333808967211
3.320932093209321,0.9500000002330744,0.9246665989194006,0.9753333807796685
3.321432143214322,0.9500000002323084,0.9246665990861254,0.975333380662904
3.3219321932193218,0.9500000002315434,0.9246665992524399,0.9753333805464267
3.3224322432243225,0.9500000002307795,0.924666599418345,0.9753333804302362
3.3229322932293233,0.9500000002300166,0.9246665995838419,0.9753333803143316
3.323432343234323,0.9500000002292548,0.9246665997489314,0.9753333801987123
3.323932393239324,0.9500000002284941,0.9246665999136148,0.9753333800833774
3.3244324432443246,0.9500000002277343,0.9246666000778927,0.9753333799683265
3.3249324932493254,0.9500000002269758,0.9246666002417665,0.9753333798535586
3.3254325432543252,0.9500000002262183,0.924666600405237,0.9753333797390732
3.325932593259326,0.9500000002254619,0.9246666005683051,0.9753333796248695
3.3264326432643267,0.9500000002247067,0.9246666007309718,0.9753333795109469
3.3269326932693266,0.9500000002239526,0.9246666008932384,0.9753333793973047
3.3274327432743274,0.9500000002231995,0.9246666010551056,0.9753333792839421
3.327932793279328,0.9500000002224476,0.9246666012165744,0.9753333791708585
3.328432843284329,0.9500000002216968,0.9246666013776459,0.9753333790580532
3.3289328932893287,0.9500000002209471,0.9246666015383209,0.9753333789455255
3.3294329432943295,0.9500000002201986,0.9246666016986006,0.9753333788332748
3.3299329932993302,0.9500000002194513,0.9246666018584857,0.9753333787213003
3.33043304330433,0.950000000218705,0.9246666020179775,0.9753333786096013
3.330933093309331,0.9500000002179599,0.9246666021770767,0.9753333784981773
3.3314331433143316,0.9500000002172161,0.9246666023357843,0.9753333783870275
3.3319331933193324,0.9500000002164734,0.9246666024941015,0.9753333782761512
3.332433243324332,0.9500000002157318,0.9246666026520289,0.9753333781655477
3.332933293329333,0.9500000002149914,0.9246666028095678,0.9753333780552165
3.3334333433343337,0.9500000002142522,0.9246666029667189,0.9753333779451567
3.3339333933393336,0.9500000002135142,0.9246666031234833,0.9753333778353679
3.3344334433443343,0.9500000002127773,0.9246666032798618,0.9753333777258492
3.334933493349335,0.9500000002120417,0.9246666034358556,0.9753333776166001
3.335433543354336,0.9500000002113073,0.9246666035914655,0.9753333775076197
3.3359335933593357,0.9500000002105741,0.9246666037466924,0.9753333773989077
3.3364336433643365,0.950000000209842,0.9246666039015372,0.9753333772904631
3.336933693369337,0.9500000002091112,0.9246666040560011,0.9753333771822854
3.337433743374337,0.9500000002083816,0.9246666042100847,0.975333377074374
3.337933793379338,0.9500000002076533,0.9246666043637892,0.9753333769667281
3.3384338433843386,0.9500000002069262,0.9246666045171155,0.9753333768593472
3.3389338933893393,0.9500000002062002,0.9246666046700643,0.9753333767522304
3.339433943394339,0.9500000002054756,0.9246666048226369,0.9753333766453773
3.33993399339934,0.9500000002047522,0.9246666049748338,0.9753333765387872
3.3404340434043407,0.9500000002040301,0.9246666051266562,0.9753333764324594
3.3409340934093406,0.9500000002033091,0.9246666052781051,0.9753333763263933
3.3414341434143413,0.9500000002025895,0.9246666054291812,0.9753333762205881
3.341934193419342,0.950000000201871,0.9246666055798854,0.9753333761150433
3.342434243424343,0.9500000002011539,0.9246666057302189,0.9753333760097584
3.3429342934293427,0.9500000002004381,0.9246666058801823,0.9753333759047325
3.3434343434343434,0.9500000001997234,0.9246666060297768,0.9753333757999652
3.343934393439344,0.9500000001990101,0.924666606179003,0.9753333756954555
3.344434443444344,0.9500000001982981,0.924666606327862,0.9753333755912031
3.344934493449345,0.9500000001975873,0.9246666064763547,0.9753333754872073
3.3454345434543455,0.9500000001968778,0.924666606624482,0.9753333753834674
3.3459345934593463,0.9500000001961696,0.9246666067722447,0.9753333752799828
3.346434643464346,0.9500000001954627,0.9246666069196436,0.9753333751767529
3.346934693469347,0.9500000001947572,0.92466660706668,0.975333375073777
3.3474347434743477,0.9500000001940528,0.9246666072133545,0.9753333749710545
3.3479347934793475,0.9500000001933498,0.924666607359668,0.9753333748685848
3.3484348434843483,0.9500000001926482,0.9246666075056214,0.9753333747663674
3.348934893489349,0.9500000001919479,0.9246666076512156,0.9753333746644015
3.34943494349435,0.9500000001912489,0.9246666077964515,0.9753333745626865
3.3499349934993496,0.9500000001905511,0.92466660794133,0.9753333744612218
3.3504350435043504,0.9500000001898546,0.924666608085852,0.9753333743600069
3.350935093509351,0.9500000001891596,0.9246666082300182,0.975333374259041
3.351435143514352,0.9500000001884659,0.9246666083738297,0.9753333741583236
3.3519351935193518,0.9500000001877734,0.9246666085172873,0.975333374057854
3.3524352435243525,0.9500000001870823,0.9246666086603919,0.9753333739576318
3.3529352935293533,0.9500000001863926,0.9246666088031442,0.9753333738576562
3.353435343534353,0.9500000001857042,0.9246666089455453,0.9753333737579265
3.353935393539354,0.9500000001850172,0.9246666090875959,0.9753333736584423
3.3544354435443546,0.9500000001843315,0.9246666092292969,0.975333373559203
3.3549354935493554,0.950000000183647,0.9246666093706492,0.9753333734602079
3.3554355435543552,0.9500000001829642,0.9246666095116536,0.9753333733614564
3.355935593559356,0.9500000001822825,0.9246666096523111,0.975333373262948
3.3564356435643568,0.9500000001816021,0.9246666097926223,0.9753333731646819
3.3569356935693566,0.9500000001809232,0.9246666099325883,0.9753333730666577
3.3574357435743574,0.9500000001802457,0.9246666100722097,0.9753333729688748
3.357935793579358,0.9500000001795695,0.9246666102114877,0.9753333728713324
3.358435843584359,0.9500000001788947,0.9246666103504229,0.9753333727740301
3.3589358935893587,0.9500000001782213,0.924666610489016,0.9753333726769673
3.3594359435943595,0.9500000001775492,0.9246666106272682,0.9753333725801434
3.3599359935993602,0.9500000001768785,0.9246666107651801,0.9753333724835577
3.36043604360436,0.9500000001762092,0.9246666109027526,0.9753333723872097
3.360936093609361,0.9500000001755413,0.9246666110399866,0.9753333722910988
3.3614361436143616,0.9500000001748747,0.9246666111768828,0.9753333721952245
3.3619361936193624,0.9500000001742096,0.9246666113134421,0.9753333720995861
3.362436243624362,0.9500000001735458,0.9246666114496653,0.9753333720041831
3.362936293629363,0.9500000001728834,0.9246666115855534,0.9753333719090149
3.3634363436343637,0.9500000001722225,0.924666611721107,0.9753333718140809
3.3639363936393636,0.9500000001715629,0.9246666118563269,0.9753333717193804
3.3644364436443643,0.9500000001709047,0.9246666119912141,0.9753333716249131
3.364936493649365,0.950000000170248,0.9246666121257694,0.9753333715306782
3.365436543654366,0.9500000001695926,0.9246666122599936,0.9753333714366753
3.3659365936593657,0.9500000001689386,0.9246666123938874,0.9753333713429037
3.3664366436643665,0.950000000168286,0.9246666125274516,0.9753333712493628
3.366936693669367,0.9500000001676349,0.9246666126606873,0.9753333711560522
3.367436743674367,0.9500000001669852,0.924666612793595,0.9753333710629712
3.367936793679368,0.9500000001663369,0.9246666129261756,0.9753333709701193
3.3684368436843686,0.95000000016569,0.92466661305843,0.9753333708774958
3.3689368936893693,0.9500000001650445,0.9246666131903588,0.9753333707851003
3.369436943694369,0.9500000001644004,0.924666613321963,0.9753333706929322
3.36993699369937,0.9500000001637577,0.9246666134532433,0.975333370600991
3.3704370437043707,0.9500000001631165,0.9246666135842005,0.9753333705092759
3.3709370937093706,0.9500000001624768,0.9246666137148355,0.9753333704177867
3.3714371437143713,0.9500000001618384,0.924666613845149,0.9753333703265226
3.371937193719372,0.9500000001612015,0.9246666139751418,0.9753333702354829
3.372437243724373,0.9500000001605658,0.9246666141048147,0.9753333701446675
3.3729372937293727,0.9500000001599318,0.9246666142341684,0.9753333700540755
3.3734373437343734,0.9500000001592992,0.9246666143632037,0.9753333699637063
3.373937393739374,0.9500000001586679,0.9246666144919216,0.9753333698735598
3.374437443744374,0.9500000001580381,0.9246666146203227,0.9753333697836349
3.374937493749375,0.9500000001574098,0.9246666147484077,0.9753333696939314
3.3754375437543755,0.9500000001567829,0.9246666148761776,0.9753333696044486
3.3759375937593763,0.9500000001561574,0.924666615003633,0.9753333695151861
3.376437643764376,0.9500000001555334,0.9246666151307749,0.9753333694261432
3.376937693769377,0.9500000001549108,0.9246666152576036,0.9753333693373195
3.3774377437743777,0.9500000001542896,0.9246666153841204,0.9753333692487144
3.3779377937793775,0.9500000001536699,0.9246666155103258,0.9753333691603273
3.3784378437843783,0.9500000001530517,0.9246666156362207,0.9753333690721577
3.378937893789379,0.9500000001524349,0.9246666157618056,0.9753333689842052
3.37943794379438,0.9500000001518195,0.9246666158870815,0.975333368896469
3.3799379937993796,0.9500000001512057,0.9246666160120491,0.9753333688089488
3.3804380438043804,0.9500000001505932,0.9246666161367092,0.975333368721644
3.380938093809381,0.9500000001499822,0.9246666162610625,0.975333368634554
3.381438143814382,0.9500000001493726,0.9246666163851097,0.9753333685476784
3.3819381938193818,0.9500000001487645,0.9246666165088517,0.9753333684610165
3.3824382438243825,0.9500000001481579,0.9246666166322891,0.975333368374568
3.3829382938293833,0.9500000001475527,0.9246666167554228,0.9753333682883322
3.383438343834383,0.950000000146949,0.9246666168782535,0.9753333682023085
3.383938393839384,0.9500000001463467,0.9246666170007818,0.9753333681164966
3.3844384438443846,0.9500000001457458,0.9246666171230086,0.9753333680308959
3.3849384938493854,0.9500000001451464,0.9246666172449346,0.9753333679455058
3.3854385438543853,0.9500000001445486,0.9246666173665606,0.975333367860326
3.385938593859386,0.950000000143952,0.9246666174878873,0.9753333677753556
3.3864386438643868,0.9500000001433571,0.9246666176089153,0.9753333676905945
3.3869386938693866,0.9500000001427635,0.9246666177296455,0.975333367606042
3.3874387438743874,0.9500000001421715,0.9246666178500786,0.9753333675216974
3.387938793879388,0.9500000001415809,0.9246666179702153,0.9753333674375605
3.388438843884389,0.9500000001409917,0.9246666180900563,0.9753333673536306
3.3889388938893887,0.9500000001404041,0.9246666182096025,0.9753333672699073
3.3894389438943895,0.9500000001398179,0.9246666183288544,0.9753333671863901
3.3899389938993902,0.9500000001392331,0.9246666184478128,0.9753333671030783
3.39043904390439,0.9500000001386498,0.9246666185664786,0.9753333670199715
3.390939093909391,0.950000000138068,0.9246666186848522,0.9753333669370694
3.3914391439143916,0.9500000001374876,0.9246666188029345,0.9753333668543712
3.3919391939193924,0.9500000001369088,0.9246666189207263,0.9753333667718765
3.3924392439243922,0.9500000001363313,0.9246666190382282,0.9753333666895849
3.392939293929393,0.9500000001357554,0.9246666191554409,0.9753333666074958
3.3934393439343937,0.9500000001351809,0.9246666192723652,0.9753333665256088
3.3939393939393936,0.9500000001346078,0.9246666193890016,0.9753333664439232
3.3944394439443943,0.9500000001340363,0.9246666195053511,0.9753333663624386
3.394939493949395,0.9500000001334662,0.9246666196214142,0.9753333662811546
3.395439543954396,0.9500000001328975,0.9246666197371917,0.9753333662000706
3.3959395939593957,0.9500000001323304,0.9246666198526843,0.9753333661191862
3.3964396439643965,0.9500000001317648,0.9246666199678926,0.9753333660385008
3.396939693969397,0.9500000001312006,0.9246666200828174,0.975333365958014
3.397439743974397,0.9500000001306378,0.9246666201974594,0.9753333658777253
3.397939793979398,0.9500000001300765,0.9246666203118192,0.9753333657976342
3.3984398439843986,0.9500000001295167,0.9246666204258976,0.9753333657177401
3.3989398939893993,0.9500000001289584,0.9246666205396953,0.9753333656380427
3.399439943994399,0.9500000001284015,0.9246666206532129,0.9753333655585414
3.3999399939994,0.950000000127846,0.9246666207664511,0.9753333654792358
3.4004400440044007,0.950000000127292,0.9246666208794108,0.9753333654001253
3.4009400940094006,0.9500000001267396,0.9246666209920923,0.9753333653212095
3.4014401440144013,0.9500000001261886,0.9246666211044966,0.975333365242488
3.401940194019402,0.950000000125639,0.9246666212166242,0.9753333651639602
3.402440244024403,0.950000000125091,0.924666621328476,0.9753333650856255
3.4029402940294027,0.9500000001245443,0.9246666214400524,0.9753333650074838
3.4034403440344034,0.9500000001239992,0.9246666215513543,0.9753333649295343
3.403940394039404,0.9500000001234555,0.9246666216623822,0.9753333648517766
3.404440444044404,0.9500000001229133,0.9246666217731369,0.9753333647742103
3.404940494049405,0.9500000001223725,0.924666621883619,0.975333364696835
3.4054405440544055,0.9500000001218333,0.9246666219938293,0.9753333646196499
3.4059405940594063,0.9500000001212955,0.9246666221037683,0.9753333645426548
3.406440644064406,0.9500000001207591,0.9246666222134368,0.9753333644658493
3.406940694069407,0.9500000001202242,0.9246666223228354,0.9753333643892328
3.4074407440744077,0.9500000001196908,0.9246666224319646,0.9753333643128048
3.4079407940794075,0.9500000001191589,0.9246666225408254,0.9753333642365649
3.4084408440844083,0.9500000001186284,0.9246666226494183,0.9753333641605126
3.408940894089409,0.9500000001180993,0.9246666227577439,0.9753333640846475
3.40944094409441,0.9500000001175717,0.9246666228658029,0.9753333640089691
3.4099409940994097,0.9500000001170457,0.924666622973596,0.9753333639334769
3.4104410441044104,0.950000000116521,0.9246666230811239,0.9753333638581705
3.410941094109411,0.9500000001159978,0.9246666231883871,0.9753333637830495
3.411441144114412,0.950000000115476,0.9246666232953864,0.9753333637081133
3.4119411941194118,0.9500000001149558,0.9246666234021222,0.9753333636333615
3.4124412441244125,0.950000000114437,0.9246666235085955,0.9753333635587937
3.4129412941294133,0.9500000001139196,0.9246666236148067,0.9753333634844095
3.413441344134413,0.9500000001134037,0.9246666237207566,0.9753333634102082
3.413941394139414,0.9500000001128892,0.9246666238264456,0.9753333633361896
3.4144414441444146,0.9500000001123763,0.9246666239318746,0.9753333632623531
3.4149414941494154,0.9500000001118647,0.9246666240370441,0.9753333631886983
3.4154415441544153,0.9500000001113547,0.9246666241419549,0.9753333631152249
3.415941594159416,0.9500000001108461,0.9246666242466074,0.9753333630419322
3.4164416441644168,0.9500000001103388,0.9246666243510023,0.9753333629688199
3.4169416941694166,0.9500000001098331,0.9246666244551404,0.9753333628958875
3.4174417441744174,0.9500000001093288,0.9246666245590222,0.9753333628231345
3.417941794179418,0.950000000108826,0.9246666246626483,0.9753333627505607
3.418441844184419,0.9500000001083246,0.9246666247660194,0.9753333626781655
3.4189418941894187,0.9500000001078247,0.9246666248691361,0.9753333626059484
3.4194419441944195,0.9500000001073262,0.924666624971999,0.975333362533909
3.4199419941994202,0.9500000001068293,0.9246666250746088,0.9753333624620469
3.42044204420442,0.9500000001063337,0.9246666251769661,0.9753333623903617
3.420942094209421,0.9500000001058395,0.9246666252790715,0.9753333623188529
3.4214421442144216,0.9500000001053468,0.9246666253809256,0.9753333622475201
3.4219421942194224,0.9500000001048555,0.9246666254825291,0.9753333621763629
3.4224422442244222,0.9500000001043657,0.9246666255838825,0.9753333621053807
3.422942294229423,0.9500000001038773,0.9246666256849864,0.9753333620345732
3.4234423442344237,0.9500000001033904,0.9246666257858416,0.97533336196394
3.4239423942394236,0.9500000001029049,0.9246666258864485,0.9753333618934806
3.4244424442444243,0.9500000001024208,0.9246666259868078,0.9753333618231946
3.424942494249425,0.9500000001019382,0.9246666260869202,0.9753333617530816
3.425442544254426,0.950000000101457,0.9246666261867862,0.9753333616831411
3.4259425942594257,0.9500000001009773,0.9246666262864065,0.9753333616133728
3.4264426442644265,0.9500000001004989,0.9246666263857816,0.9753333615437761
3.426942694269427,0.9500000001000221,0.924666626484912,0.9753333614743508
3.427442744274427,0.9500000000995465,0.9246666265837986,0.9753333614050963
3.427942794279428,0.9500000000990725,0.9246666266824417,0.9753333613360122
3.4284428442844286,0.9500000000985999,0.9246666267808422,0.9753333612670981
3.4289428942894293,0.9500000000981287,0.9246666268790005,0.9753333611983537
3.429442944294429,0.950000000097659,0.9246666269769171,0.9753333611297783
3.42994299429943,0.9500000000971907,0.9246666270745929,0.9753333610613718
3.4304430443044307,0.9500000000967237,0.9246666271720283,0.9753333609931336
3.4309430943094306,0.9500000000962582,0.9246666272692238,0.9753333609250634
3.4314431443144313,0.9500000000957941,0.9246666273661802,0.9753333608571606
3.431943194319432,0.9500000000953315,0.924666627462898,0.975333360789425
3.432443244324433,0.9500000000948703,0.9246666275593777,0.9753333607218561
3.4329432943294327,0.9500000000944104,0.92466662765562,0.9753333606544534
3.4334433443344334,0.950000000093952,0.9246666277516254,0.9753333605872166
3.433943394339434,0.950000000093495,0.9246666278473946,0.9753333605201454
3.434443444344434,0.9500000000930394,0.9246666279429282,0.9753333604532392
3.434943494349435,0.9500000000925852,0.9246666280382265,0.9753333603864975
3.4354435443544356,0.9500000000921325,0.9246666281332904,0.9753333603199202
3.4359435943594363,0.9500000000916811,0.9246666282281203,0.9753333602535067
3.436443644364436,0.9500000000912311,0.9246666283227168,0.9753333601872567
3.436943694369437,0.9500000000907826,0.9246666284170806,0.9753333601211697
3.4374437443744377,0.9500000000903355,0.9246666285112122,0.9753333600552453
3.4379437943794375,0.9500000000898897,0.924666628605112,0.9753333599894832
3.4384438443844383,0.9500000000894453,0.9246666286987808,0.9753333599238829
3.438943894389439,0.9500000000890023,0.9246666287922191,0.975333359858444
3.43944394439444,0.9500000000885608,0.9246666288854274,0.9753333597931663
3.4399439943994397,0.9500000000881206,0.9246666289784062,0.9753333597280491
3.4404440444044404,0.9500000000876818,0.9246666290711564,0.9753333596630922
3.440944094409441,0.9500000000872445,0.9246666291636783,0.9753333595982951
3.441444144414442,0.9500000000868085,0.9246666292559724,0.9753333595336576
3.4419441944194418,0.9500000000863739,0.9246666293480394,0.9753333594691791
3.4424442444244425,0.9500000000859407,0.9246666294398799,0.9753333594048592
3.4429442944294433,0.9500000000855088,0.9246666295314943,0.9753333593406976
3.443444344434443,0.9500000000850783,0.9246666296228833,0.9753333592766941
3.443944394439444,0.9500000000846492,0.9246666297140473,0.9753333592128479
3.4444444444444446,0.9500000000842216,0.924666629804987,0.975333359149159
3.4449444944494454,0.9500000000837953,0.9246666298957029,0.9753333590856267
3.4454445444544453,0.9500000000833704,0.9246666299861955,0.9753333590222507
3.445944594459446,0.9500000000829467,0.9246666300764655,0.9753333589590308
3.4464446444644468,0.9500000000825246,0.9246666301665133,0.9753333588959665
3.4469446944694466,0.9500000000821037,0.9246666302563396,0.9753333588330573
3.4474447444744474,0.9500000000816843,0.9246666303459447,0.9753333587703029
3.447944794479448,0.9500000000812662,0.9246666304353293,0.975333358707703
3.448444844484449,0.9500000000808495,0.9246666305244939,0.9753333586452572
3.4489448944894487,0.9500000000804342,0.9246666306134391,0.975333358582965
3.4494449444944495,0.9500000000800202,0.9246666307021655,0.9753333585208261
3.4499449944994502,0.9500000000796075,0.9246666307906735,0.9753333584588402
3.45044504450445,0.9500000000791962,0.9246666308789635,0.9753333583970067
3.450945094509451,0.9500000000787863,0.9246666309670364,0.9753333583353255
3.4514451445144516,0.9500000000783777,0.9246666310548926,0.9753333582737961
3.4519451945194524,0.9500000000779705,0.9246666311425324,0.9753333582124181
3.4524452445244522,0.9500000000775646,0.9246666312299567,0.9753333581511912
3.452945294529453,0.9500000000771601,0.9246666313171658,0.9753333580901149
3.4534453445344537,0.9500000000767569,0.9246666314041603,0.9753333580291889
3.4539453945394536,0.9500000000763551,0.9246666314909406,0.9753333579684128
3.4544454445444543,0.9500000000759546,0.9246666315775074,0.9753333579077864
3.454945494549455,0.9500000000755554,0.9246666316638612,0.9753333578473091
3.455445544554456,0.9500000000751576,0.9246666317500024,0.9753333577869807
3.4559455945594557,0.9500000000747612,0.9246666318359317,0.9753333577268007
3.4564456445644565,0.950000000074366,0.9246666319216494,0.9753333576667689
3.456945694569457,0.9500000000739722,0.9246666320071563,0.9753333576068847
3.457445744574457,0.9500000000735798,0.9246666320924527,0.9753333575471479
3.457945794579458,0.9500000000731886,0.9246666321775392,0.9753333574875582
3.4584458445844586,0.9500000000727987,0.9246666322624163,0.9753333574281151
3.4589458945894593,0.9500000000724103,0.9246666323470846,0.9753333573688183
3.459445944594459,0.9500000000720231,0.9246666324315443,0.9753333573096674
3.45994599459946,0.9500000000716372,0.9246666325157964,0.9753333572506621
3.4604460446044607,0.9500000000712527,0.924666632599841,0.975333357191802
3.4609460946094606,0.9500000000708695,0.9246666326836789,0.9753333571330868
3.4614461446144613,0.9500000000704876,0.9246666327673103,0.975333357074516
3.461946194619462,0.950000000070107,0.924666632850736,0.9753333570160894
3.462446244624463,0.9500000000697277,0.9246666329339565,0.9753333569578065
3.4629462946294627,0.9500000000693497,0.9246666330169719,0.9753333568996672
3.4634463446344634,0.9500000000689731,0.9246666330997833,0.9753333568416709
3.463946394639464,0.9500000000685977,0.9246666331823907,0.9753333567838173
3.464446444644464,0.9500000000682236,0.9246666332647949,0.9753333567261061
3.464946494649465,0.9500000000678509,0.9246666333469963,0.9753333566685369
3.4654465446544656,0.9500000000674794,0.9246666334289954,0.9753333566111094
3.4659465946594663,0.9500000000671093,0.9246666335107927,0.9753333565538232
3.466446644664466,0.9500000000667403,0.9246666335923887,0.9753333564966781
3.466946694669467,0.9500000000663728,0.9246666336737838,0.9753333564396734
3.4674467446744677,0.9500000000660065,0.9246666337549787,0.9753333563828093
3.4679467946794675,0.9500000000656414,0.9246666338359737,0.9753333563260849
3.4684468446844683,0.9500000000652777,0.9246666339167695,0.9753333562695001
3.468946894689469,0.9500000000649153,0.9246666339973664,0.9753333562130547
3.46944694469447,0.9500000000645541,0.9246666340777648,0.9753333561567481
3.4699469946994697,0.9500000000641943,0.9246666341579656,0.9753333561005801
3.4704470447044704,0.9500000000638356,0.9246666342379689,0.9753333560445504
3.470947094709471,0.9500000000634783,0.9246666343177753,0.9753333559886584
3.471447144714472,0.9500000000631222,0.9246666343973853,0.9753333559329042
3.4719471947194718,0.9500000000627674,0.9246666344767994,0.975333355877287
3.4724472447244725,0.9500000000624138,0.924666634556018,0.9753333558218068
3.4729472947294733,0.9500000000620615,0.9246666346350417,0.9753333557664631
3.473447344734473,0.9500000000617106,0.924666634713871,0.9753333557112556
3.473947394739474,0.9500000000613608,0.9246666347925062,0.9753333556561838
3.4744474447444746,0.9500000000610124,0.9246666348709479,0.9753333556012478
3.4749474947494754,0.9500000000606651,0.9246666349491967,0.9753333555464468
3.4754475447544753,0.950000000060319,0.9246666350272528,0.9753333554917808
3.475947594759476,0.9500000000599743,0.9246666351051167,0.9753333554372493
3.4764476447644768,0.9500000000596308,0.9246666351827891,0.9753333553828519
3.4769476947694766,0.9500000000592886,0.9246666352602704,0.9753333553285884
3.4774477447744774,0.9500000000589476,0.9246666353375609,0.9753333552744585
3.477947794779478,0.9500000000586079,0.9246666354146612,0.9753333552204618
3.478447844784479,0.9500000000582693,0.9246666354915718,0.975333355166598
3.4789478947894787,0.9500000000579321,0.9246666355682932,0.9753333551128668
3.4794479447944795,0.950000000057596,0.9246666356448257,0.9753333550592678
3.4799479947994802,0.9500000000572612,0.9246666357211699,0.9753333550058007
3.48044804480448,0.9500000000569276,0.9246666357973261,0.9753333549524651
3.480948094809481,0.9500000000565952,0.924666635873295,0.9753333548992609
3.4814481448144816,0.9500000000562641,0.9246666359490769,0.9753333548461876
3.4819481948194824,0.9500000000559342,0.9246666360246724,0.9753333547932448
3.4824482448244822,0.9500000000556055,0.9246666361000817,0.9753333547404324
3.482948294829483,0.950000000055278,0.9246666361753055,0.9753333546877498
3.4834483448344837,0.9500000000549518,0.9246666362503442,0.975333354635197
3.4839483948394836,0.9500000000546267,0.9246666363251982,0.9753333545827736
3.4844484448444843,0.9500000000543029,0.924666636399868,0.9753333545304791
3.484948494849485,0.9500000000539802,0.924666636474354,0.9753333544783133
3.485448544854486,0.9500000000536588,0.9246666365486568,0.9753333544262759
3.4859485948594857,0.9500000000533385,0.9246666366227766,0.9753333543743665
3.4864486448644865,0.9500000000530195,0.924666636696714,0.9753333543225849
3.486948694869487,0.9500000000527017,0.9246666367704696,0.9753333542709308
3.487448744874487,0.950000000052385,0.9246666368440435,0.9753333542194038
3.487948794879488,0.9500000000520696,0.9246666369174364,0.9753333541680036
3.4884488448844886,0.9500000000517553,0.9246666369906488,0.9753333541167298
3.4889488948894893,0.9500000000514423,0.9246666370636809,0.9753333540655823
3.489448944894489,0.9500000000511304,0.9246666371365333,0.9753333540145606
3.48994899489949,0.9500000000508197,0.9246666372092064,0.9753333539636645
3.4904490449044907,0.9500000000505102,0.9246666372817006,0.9753333539128936
3.4909490949094906,0.9500000000502019,0.9246666373540164,0.9753333538622477
3.4914491449144913,0.9500000000498947,0.9246666374261544,0.9753333538117264
3.491949194919492,0.9500000000495887,0.9246666374981147,0.9753333537613295
3.492449244924493,0.950000000049284,0.924666637569898,0.9753333537110566
3.4929492949294927,0.9500000000489803,0.9246666376415046,0.9753333536609073
3.4934493449344934,0.9500000000486778,0.924666637712935,0.9753333536108816
3.493949394939494,0.9500000000483765,0.9246666377841896,0.9753333535609789
3.494449444944494,0.9500000000480764,0.9246666378552688,0.9753333535111991
3.494949494949495,0.9500000000477773,0.9246666379261731,0.9753333534615417
3.4954495449544956,0.9500000000474795,0.924666637996903,0.9753333534120066
3.4959495949594963,0.9500000000471828,0.9246666380674586,0.9753333533625933
3.496449644964496,0.9500000000468872,0.9246666381378408,0.9753333533133017
3.496949694969497,0.9500000000465929,0.9246666382080497,0.9753333532641314
3.4974497449744977,0.9500000000462997,0.9246666382780858,0.9753333532150821
3.4979497949794975,0.9500000000460076,0.9246666383479496,0.9753333531661534
3.4984498449844983,0.9500000000457166,0.9246666384176414,0.9753333531173453
3.498949894989499,0.9500000000454267,0.9246666384871618,0.9753333530686571
3.4994499449945,0.9500000000451381,0.924666638556511,0.9753333530200888
3.4999499949994997,0.9500000000448505,0.9246666386256895,0.9753333529716401
3.5004500450045004,0.9500000000445641,0.9246666386946979,0.9753333529233106
3.500950095009501,0.9500000000442789,0.9246666387635364,0.9753333528751
3.501450145014502,0.9500000000439947,0.9246666388322055,0.9753333528270082
3.5019501950195018,0.9500000000437117,0.9246666389007056,0.9753333527790345
3.5024502450245025,0.9500000000434298,0.924666638969037,0.975333352731179
3.5029502950295033,0.9500000000431489,0.9246666390372004,0.9753333526834413
3.503450345034503,0.9500000000428692,0.924666639105196,0.9753333526358211
3.503950395039504,0.9500000000425907,0.9246666391730243,0.975333352588318
3.5044504450445046,0.9500000000423132,0.9246666392406856,0.9753333525409319
3.5049504950495054,0.9500000000420369,0.9246666393081804,0.9753333524936623
3.5054505450545053,0.9500000000417615,0.9246666393755092,0.9753333524465091
3.505950595059506,0.9500000000414874,0.9246666394426721,0.9753333523994719
3.5064506450645068,0.9500000000412144,0.9246666395096699,0.9753333523525505
3.5069506950695066,0.9500000000409424,0.9246666395765027,0.9753333523057446
3.5074507450745074,0.9500000000406716,0.9246666396431712,0.9753333522590538
3.507950795079508,0.9500000000404019,0.9246666397096754,0.975333352212478
3.508450845084509,0.9500000000401332,0.9246666397760162,0.9753333521660168
3.5089508950895087,0.9500000000398656,0.9246666398421935,0.9753333521196699
3.5094509450945095,0.9500000000395991,0.9246666399082081,0.9753333520734371
3.5099509950995103,0.9500000000393337,0.9246666399740601,0.975333352027318
3.51045104510451,0.9500000000390694,0.9246666400397501,0.9753333519813124
3.510951095109511,0.9500000000388061,0.9246666401052784,0.9753333519354201
3.5114511451145116,0.9500000000385439,0.9246666401706456,0.9753333518896408
3.5119511951195124,0.9500000000382828,0.9246666402358518,0.9753333518439741
3.5124512451245122,0.9500000000380228,0.9246666403008975,0.9753333517984197
3.512951295129513,0.9500000000377637,0.9246666403657832,0.9753333517529774
3.5134513451345137,0.9500000000375058,0.9246666404305092,0.975333351707647
3.5139513951395136,0.950000000037249,0.9246666404950759,0.9753333516624282
3.5144514451445144,0.9500000000369933,0.9246666405594837,0.9753333516173206
3.514951495149515,0.9500000000367385,0.9246666406237329,0.975333351572324
3.515451545154516,0.9500000000364848,0.9246666406878241,0.9753333515274383
3.5159515951595157,0.9500000000362322,0.9246666407517575,0.9753333514826629
3.5164516451645165,0.9500000000359806,0.9246666408155336,0.9753333514379977
3.5169516951695172,0.95000000003573,0.9246666408791528,0.9753333513934426
3.517451745174517,0.9500000000354806,0.9246666409426154,0.9753333513489969
3.517951795179518,0.9500000000352321,0.9246666410059218,0.9753333513046607
3.5184518451845186,0.9500000000349847,0.9246666410690725,0.9753333512604336
3.5189518951895193,0.9500000000347384,0.9246666411320676,0.9753333512163154
3.519451945194519,0.950000000034493,0.9246666411949078,0.9753333511723057
3.51995199519952,0.9500000000342487,0.9246666412575933,0.9753333511284042
3.5204520452045207,0.9500000000340054,0.9246666413201245,0.9753333510846109
3.5209520952095206,0.9500000000337632,0.924666641382502,0.9753333510409254
3.5214521452145213,0.9500000000335219,0.9246666414447258,0.9753333509973473
3.521952195219522,0.9500000000332817,0.9246666415067966,0.9753333509538765
3.522452245224523,0.9500000000330425,0.9246666415687145,0.9753333509105127
3.5229522952295227,0.9500000000328043,0.9246666416304801,0.9753333508672556
3.5234523452345234,0.9500000000325671,0.9246666416920937,0.9753333508241049
3.523952395239524,0.950000000032331,0.9246666417535556,0.9753333507810604
3.524452445244524,0.9500000000320958,0.9246666418148664,0.975333350738122
3.524952495249525,0.9500000000318617,0.9246666418760261,0.975333350695289
3.5254525452545256,0.9500000000316285,0.9246666419370354,0.9753333506525617
3.5259525952595263,0.9500000000313964,0.9246666419978946,0.9753333506099393
3.526452645264526,0.9500000000311652,0.924666642058604,0.975333350567422
3.526952695269527,0.9500000000309351,0.9246666421191639,0.9753333505250091
3.5274527452745277,0.9500000000307058,0.924666642179575,0.9753333504827008
3.5279527952795275,0.9500000000304777,0.9246666422398372,0.9753333504404965
3.5284528452845283,0.9500000000302505,0.9246666422999512,0.9753333503983961
3.528952895289529,0.9500000000300243,0.9246666423599172,0.9753333503563992
3.52945294529453,0.9500000000297991,0.9246666424197356,0.9753333503145059
3.5299529952995297,0.9500000000295749,0.9246666424794069,0.9753333502727155
3.5304530453045304,0.9500000000293516,0.9246666425389313,0.975333350231028
3.530953095309531,0.9500000000291293,0.9246666425983092,0.9753333501894431
3.531453145314532,0.9500000000289079,0.924666642657541,0.9753333501479605
3.531953195319532,0.9500000000286876,0.924666642716627,0.9753333501065801
3.5324532453245325,0.9500000000284682,0.9246666427755676,0.9753333500653014
3.5329532953295333,0.9500000000282498,0.9246666428343632,0.9753333500241244
3.533453345334533,0.9500000000280323,0.924666642893014,0.9753333499830485
3.533953395339534,0.9500000000278158,0.9246666429515206,0.975333349942074
3.5344534453445347,0.9500000000276002,0.924666643009883,0.9753333499012001
3.5349534953495354,0.9500000000273856,0.924666643068102,0.975333349860427
3.5354535453545353,0.9500000000271719,0.9246666431261775,0.9753333498197541
3.535953595359536,0.9500000000269593,0.9246666431841103,0.9753333497791813
3.5364536453645368,0.9500000000267474,0.9246666432419004,0.9753333497387083
3.5369536953695366,0.9500000000265366,0.9246666432995483,0.9753333496983351
3.5374537453745374,0.9500000000263268,0.9246666433570544,0.9753333496580611
3.537953795379538,0.9500000000261178,0.9246666434144188,0.9753333496178862
3.538453845384539,0.9500000000259098,0.9246666434716422,0.9753333495778103
3.5389538953895388,0.9500000000257027,0.9246666435287247,0.9753333495378329
3.5394539453945395,0.9500000000254966,0.9246666435856667,0.9753333494979539
3.5399539953995403,0.9500000000252914,0.9246666436424688,0.9753333494581731
3.54045404540454,0.950000000025087,0.9246666436991309,0.9753333494184901
3.540954095409541,0.9500000000248837,0.9246666437556536,0.9753333493789049
3.5414541454145416,0.9500000000246812,0.9246666438120371,0.9753333493394171
3.5419541954195424,0.9500000000244797,0.9246666438682819,0.9753333493000264
3.5424542454245422,0.950000000024279,0.9246666439243882,0.9753333492607327
3.542954295429543,0.9500000000240794,0.9246666439803566,0.9753333492215356
3.5434543454345437,0.9500000000238805,0.9246666440361873,0.9753333491824351
3.5439543954395436,0.9500000000236826,0.9246666440918804,0.9753333491434307
3.5444544454445444,0.9500000000234856,0.9246666441474365,0.9753333491045223
3.544954495449545,0.9500000000232894,0.9246666442028559,0.9753333490657098
3.545454545454546,0.9500000000230943,0.9246666442581389,0.9753333490269926
3.5459545954595457,0.9500000000229,0.9246666443132859,0.9753333489883709
3.5464546454645465,0.9500000000227066,0.9246666443682972,0.9753333489498441
3.5469546954695472,0.9500000000225141,0.924666644423173,0.9753333489114121
3.547454745474547,0.9500000000223224,0.9246666444779139,0.9753333488730748
3.547954795479548,0.9500000000221317,0.92466664453252,0.9753333488348318
3.5484548454845486,0.9500000000219417,0.9246666445869917,0.9753333487966829
3.5489548954895493,0.9500000000217528,0.9246666446413293,0.9753333487586279
3.549454945494549,0.9500000000215647,0.9246666446955333,0.9753333487206665
3.54995499549955,0.9500000000213774,0.9246666447496038,0.9753333486827985
3.5504550455045507,0.9500000000211911,0.9246666448035413,0.9753333486450239
3.5509550955095506,0.9500000000210056,0.9246666448573461,0.975333348607342
3.5514551455145513,0.950000000020821,0.9246666449110184,0.975333348569753
3.551955195519552,0.9500000000206372,0.9246666449645586,0.9753333485322564
3.552455245524553,0.9500000000204543,0.9246666450179671,0.9753333484948522
3.5529552955295527,0.9500000000202723,0.9246666450712442,0.9753333484575399
3.5534553455345534,0.9500000000200911,0.9246666451243901,0.9753333484203196
3.553955395539554,0.9500000000199107,0.9246666451774053,0.9753333483831907
3.554455445544554,0.9500000000197313,0.92466664523029,0.9753333483461534
3.554955495549555,0.9500000000195526,0.9246666452830444,0.975333348309207
3.5554555455545556,0.9500000000193749,0.9246666453356691,0.9753333482723517
3.5559555955595563,0.9500000000191979,0.9246666453881643,0.9753333482355871
3.556455645564556,0.9500000000190219,0.9246666454405303,0.9753333481989129
3.556955695569557,0.9500000000188465,0.9246666454927674,0.975333348162329
3.5574557455745577,0.9500000000186721,0.924666645544876,0.9753333481258352
3.5579557955795575,0.9500000000184986,0.9246666455968563,0.9753333480894311
3.5584558455845583,0.9500000000183259,0.9246666456487087,0.9753333480531166
3.558955895589559,0.9500000000181539,0.9246666457004336,0.9753333480168914
3.55945594559456,0.9500000000179828,0.9246666457520311,0.9753333479807555
3.5599559955995597,0.9500000000178126,0.9246666458035016,0.9753333479447085
3.5604560456045604,0.9500000000176431,0.9246666458548455,0.9753333479087501
3.560956095609561,0.9500000000174744,0.924666645906063,0.9753333478728803
3.561456145614562,0.9500000000173067,0.9246666459571544,0.9753333478370988
3.561956195619562,0.9500000000171397,0.9246666460081201,0.9753333478014052
3.5624562456245625,0.9500000000169735,0.9246666460589604,0.9753333477657996
3.5629562956295633,0.9500000000168081,0.9246666461096756,0.9753333477302816
3.563456345634563,0.9500000000166435,0.924666646160266,0.9753333476948509
3.563956395639564,0.9500000000164798,0.9246666462107318,0.9753333476595075
3.5644564456445647,0.9500000000163168,0.9246666462610735,0.9753333476242511
3.5649564956495654,0.9500000000161546,0.9246666463112914,0.9753333475890814
3.5654565456545653,0.9500000000159933,0.9246666463613855,0.9753333475539983
3.565956595659566,0.9500000000158326,0.9246666464113564,0.9753333475190015
3.5664566456645668,0.9500000000156729,0.9246666464612043,0.9753333474840908
3.5669566956695666,0.9500000000155139,0.9246666465109297,0.975333347449266
3.5674567456745674,0.9500000000153557,0.9246666465605325,0.975333347414527
3.567956795679568,0.9500000000151982,0.9246666466100133,0.9753333473798734
3.568456845684569,0.9500000000150416,0.9246666466593724,0.9753333473453052
3.5689568956895688,0.9500000000148857,0.92466664670861,0.975333347310822
3.5694569456945695,0.9500000000147307,0.9246666467577264,0.9753333472764236
3.5699569956995703,0.9500000000145764,0.924666646806722,0.97533334724211
3.57045704570457,0.9500000000144229,0.9246666468555969,0.9753333472078808
3.570957095709571,0.9500000000142701,0.9246666469043515,0.9753333471737358
3.5714571457145716,0.9500000000141181,0.9246666469529862,0.9753333471396748
3.5719571957195724,0.9500000000139668,0.9246666470015013,0.9753333471056976
3.5724572457245722,0.9500000000138163,0.9246666470498969,0.9753333470718041
3.572957295729573,0.9500000000136666,0.9246666470981734,0.975333347037994
3.5734573457345737,0.9500000000135177,0.9246666471463311,0.9753333470042671
3.5739573957395736,0.9500000000133695,0.9246666471943702,0.9753333469706231
3.5744574457445744,0.950000000013222,0.9246666472422912,0.975333346937062
3.574957495749575,0.9500000000130753,0.9246666472900942,0.9753333469035835
3.575457545754576,0.9500000000129294,0.9246666473377796,0.9753333468701874
3.5759575957595757,0.9500000000127842,0.9246666473853477,0.9753333468368734
3.5764576457645765,0.9500000000126396,0.9246666474327986,0.9753333468036415
3.5769576957695772,0.950000000012496,0.9246666474801327,0.9753333467704913
3.577457745774577,0.950000000012353,0.9246666475273505,0.9753333467374227
3.577957795779578,0.9500000000122107,0.9246666475744519,0.9753333467044355
3.5784578457845786,0.9500000000120692,0.9246666476214376,0.9753333466715295
3.5789578957895793,0.9500000000119284,0.9246666476683075,0.9753333466387044
3.579457945794579,0.9500000000117883,0.9246666477150621,0.9753333466059602
3.57995799579958,0.950000000011649,0.9246666477617016,0.9753333465732964
3.5804580458045807,0.9500000000115104,0.9246666478082264,0.9753333465407131
3.5809580958095806,0.9500000000113725,0.9246666478546367,0.97533334650821
3.5814581458145813,0.9500000000112353,0.9246666479009328,0.9753333464757868
3.581958195819582,0.9500000000110989,0.9246666479471148,0.9753333464434436
3.582458245824583,0.9500000000109631,0.9246666479931833,0.9753333464111799
3.5829582958295827,0.9500000000108281,0.9246666480391385,0.9753333463789955
3.5834583458345834,0.9500000000106937,0.9246666480849804,0.9753333463468904
3.583958395839584,0.9500000000105602,0.9246666481307096,0.9753333463148642
3.584458445844584,0.9500000000104273,0.9246666481763263,0.9753333462829169
3.584958495849585,0.950000000010295,0.9246666482218306,0.9753333462510483
3.5854585458545856,0.9500000000101635,0.924666648267223,0.9753333462192579
3.5859585958595863,0.9500000000100327,0.9246666483125037,0.975333346187546
3.586458645864586,0.9500000000099026,0.924666648357673,0.9753333461559119
3.586958695869587,0.9500000000097731,0.924666648402731,0.9753333461243558
3.5874587458745877,0.9500000000096445,0.9246666484476782,0.9753333460928774
3.5879587958795875,0.9500000000095163,0.9246666484925149,0.9753333460614764
3.5884588458845883,0.950000000009389,0.9246666485372411,0.9753333460301526
3.588958895889589,0.9500000000092623,0.9246666485818573,0.9753333459989061
3.58945894589459,0.9500000000091363,0.9246666486263636,0.9753333459677364
3.5899589958995897,0.950000000009011,0.9246666486707605,0.9753333459366432
3.5904590459045904,0.9500000000088864,0.9246666487150481,0.9753333459056268
3.590959095909591,0.9500000000087624,0.9246666487592267,0.9753333458746866
3.591459145914592,0.950000000008639,0.9246666488032965,0.9753333458438226
3.591959195919592,0.9500000000085165,0.924666648847258,0.9753333458130344
3.5924592459245925,0.9500000000083945,0.9246666488911112,0.9753333457823221
3.5929592959295933,0.9500000000082732,0.9246666489348565,0.9753333457516854
3.593459345934593,0.9500000000081525,0.9246666489784942,0.9753333457211241
3.593959395939594,0.9500000000080326,0.9246666490220244,0.975333345690638
3.5944594459445947,0.9500000000079133,0.9246666490654476,0.9753333456602269
3.5949594959495954,0.9500000000077946,0.9246666491087638,0.9753333456298906
3.5954595459545953,0.9500000000076766,0.9246666491519735,0.975333345599629
3.595959595959596,0.9500000000075592,0.9246666491950768,0.9753333455694418
3.5964596459645968,0.9500000000074426,0.9246666492380741,0.975333345539329
3.5969596959695966,0.9500000000073264,0.9246666492809655,0.9753333455092903
3.5974597459745974,0.9500000000072111,0.9246666493237514,0.9753333454793255
3.597959795979598,0.9500000000070963,0.9246666493664321,0.9753333454494345
3.598459845984599,0.9500000000069821,0.9246666494090076,0.975333345419617
3.5989598959895988,0.9500000000068686,0.9246666494514784,0.9753333453898728
3.5994599459945995,0.9500000000067558,0.9246666494938446,0.9753333453602019
3.5999599959996003,0.9500000000066435,0.9246666495361066,0.975333345330604
3.6004600460046,0.950000000006532,0.9246666495782646,0.975333345301079
3.600960096009601,0.9500000000064209,0.9246666496203189,0.9753333452716266
3.6014601460146016,0.9500000000063106,0.9246666496622695,0.9753333452422467
3.6019601960196024,0.9500000000062009,0.924666649704117,0.975333345212939
3.6024602460246022,0.9500000000060917,0.9246666497458615,0.9753333451837035
3.602960296029603,0.9500000000059833,0.9246666497875033,0.9753333451545401
3.6034603460346037,0.9500000000058754,0.9246666498290427,0.9753333451254482
3.6039603960396036,0.9500000000057681,0.9246666498704798,0.9753333450964281
3.6044604460446044,0.9500000000056614,0.9246666499118149,0.9753333450674794
3.604960496049605,0.9500000000055554,0.9246666499530483,0.9753333450386018
3.605460546054606,0.95000000000545,0.9246666499941801,0.9753333450097954
3.6059605960596057,0.9500000000053452,0.9246666500352109,0.9753333449810598
3.6064606460646065,0.950000000005241,0.9246666500761406,0.975333344952395
3.6069606960696072,0.9500000000051374,0.9246666501169695,0.9753333449238006
3.607460746074607,0.9500000000050344,0.924666650157698,0.9753333448952768
3.607960796079608,0.9500000000049319,0.9246666501983263,0.975333344866823
3.6084608460846086,0.9500000000048301,0.9246666502388545,0.9753333448384394
3.6089608960896093,0.9500000000047288,0.9246666502792831,0.9753333448101255
3.609460946094609,0.9500000000046283,0.9246666503196121,0.9753333447818813
3.60996099609961,0.9500000000045282,0.924666650359842,0.9753333447537066
3.6104610461046107,0.9500000000044287,0.9246666503999728,0.9753333447256013
3.6109610961096106,0.9500000000043298,0.9246666504400047,0.9753333446975652
3.6114611461146113,0.9500000000042316,0.9246666504799382,0.975333344669598
3.611961196119612,0.9500000000041338,0.9246666505197735,0.9753333446416996
3.612461246124613,0.9500000000040366,0.9246666505595107,0.97533334461387
3.6129612961296127,0.9500000000039401,0.9246666505991501,0.9753333445861088
3.6134613461346134,0.9500000000038441,0.9246666506386919,0.9753333445584159
3.613961396139614,0.9500000000037486,0.9246666506781365,0.9753333445307912
3.614461446144614,0.9500000000036538,0.924666650717484,0.9753333445032345
3.614961496149615,0.9500000000035596,0.9246666507567346,0.9753333444757455
3.6154615461546156,0.9500000000034658,0.9246666507958886,0.9753333444483243
3.6159615961596163,0.9500000000033726,0.9246666508349464,0.9753333444209705
3.616461646164616,0.95000000000328,0.9246666508739079,0.975333344393684
3.616961696169617,0.950000000003188,0.9246666509127736,0.9753333443664647
3.6174617461746177,0.9500000000030965,0.9246666509515437,0.9753333443393124
3.6179617961796176,0.9500000000030056,0.9246666509902183,0.9753333443122268
3.6184618461846183,0.9500000000029152,0.9246666510287977,0.975333344285208
3.618961896189619,0.9500000000028254,0.9246666510672822,0.9753333442582557
3.61946194619462,0.9500000000027361,0.924666651105672,0.9753333442313696
3.6199619961996197,0.9500000000026474,0.9246666511439673,0.9753333442045498
3.6204620462046204,0.9500000000025591,0.9246666511821684,0.9753333441777959
3.620962096209621,0.9500000000024715,0.9246666512202755,0.9753333441511078
3.621462146214622,0.9500000000023844,0.9246666512582887,0.9753333441244856
3.621962196219622,0.9500000000022978,0.9246666512962085,0.9753333440979287
3.6224622462246225,0.9500000000022117,0.9246666513340349,0.9753333440714372
3.6229622962296233,0.9500000000021263,0.9246666513717682,0.9753333440450109
3.623462346234623,0.9500000000020413,0.9246666514094086,0.9753333440186497
3.623962396239624,0.9500000000019568,0.9246666514469565,0.9753333439923534
3.6244624462446247,0.9500000000018729,0.924666651484412,0.9753333439661217
3.6249624962496254,0.9500000000017895,0.9246666515217752,0.9753333439399546
3.6254625462546253,0.9500000000017067,0.9246666515590465,0.975333343913852
3.625962596259626,0.9500000000016243,0.9246666515962261,0.9753333438878135
3.6264626462646268,0.9500000000015425,0.9246666516333141,0.9753333438618391
3.6269626962696266,0.9500000000014611,0.9246666516703109,0.9753333438359286
3.6274627462746274,0.9500000000013804,0.9246666517072166,0.975333343810082
3.627962796279628,0.9500000000013001,0.9246666517440316,0.9753333437842988
3.628462846284629,0.9500000000012203,0.9246666517807559,0.9753333437585793
3.6289628962896288,0.950000000001141,0.9246666518173898,0.9753333437329229
3.6294629462946295,0.9500000000010623,0.9246666518539336,0.9753333437073297
3.6299629962996303,0.9500000000009841,0.9246666518903875,0.9753333436817995
3.63046304630463,0.9500000000009062,0.9246666519267517,0.9753333436563321
3.630963096309631,0.9500000000008291,0.9246666519630263,0.9753333436309274
3.6314631463146316,0.9500000000007522,0.9246666519992117,0.9753333436055852
3.6319631963196324,0.950000000000676,0.9246666520353081,0.9753333435803054
3.6324632463246322,0.9500000000006003,0.9246666520713155,0.9753333435550878
3.632963296329633,0.950000000000525,0.9246666521072344,0.9753333435299323
3.6334633463346337,0.9500000000004503,0.9246666521430649,0.9753333435048386
3.6339633963396336,0.950000000000376,0.9246666521788072,0.9753333434798067
3.6344634463446344,0.9500000000003022,0.9246666522144615,0.9753333434548365
3.634963496349635,0.9500000000002288,0.9246666522500282,0.9753333434299276
3.635463546354636,0.9500000000001559,0.9246666522855073,0.97533334340508
3.6359635963596357,0.9500000000000837,0.9246666523208991,0.9753333433802936
3.6364636463646365,0.9500000000000117,0.9246666523562037,0.9753333433555683
3.6369636963696372,0.9499999999999403,0.9246666523914214,0.9753333433309038
3.637463746374637,0.9499999999998695,0.9246666524265525,0.9753333433063
3.637963796379638,0.949999999999799,0.9246666524615972,0.9753333432817567
3.6384638463846386,0.9499999999997291,0.9246666524965557,0.9753333432572737
3.6389638963896394,0.9499999999996596,0.924666652531428,0.9753333432328511
3.639463946394639,0.9499999999995905,0.9246666525662146,0.9753333432084886
3.63996399639964,0.9499999999995219,0.9246666526009155,0.9753333431841861
3.6404640464046407,0.9499999999994538,0.924666652635531,0.9753333431599432
3.6409640964096406,0.9499999999993862,0.9246666526700614,0.9753333431357601
3.6414641464146413,0.9499999999993191,0.9246666527045069,0.9753333431116366
3.641964196419642,0.9499999999992523,0.9246666527388674,0.9753333430875724
3.642464246424643,0.949999999999186,0.9246666527731435,0.9753333430635673
3.6429642964296427,0.9499999999991202,0.9246666528073352,0.9753333430396214
3.6434643464346435,0.9499999999990548,0.9246666528414428,0.9753333430157345
3.643964396439644,0.9499999999989899,0.9246666528754663,0.9753333429919062
3.644464446444644,0.9499999999989255,0.9246666529094062,0.9753333429681367
3.644964496449645,0.9499999999988614,0.9246666529432626,0.9753333429444256
3.6454645464546456,0.9499999999987979,0.9246666529770357,0.9753333429207729
3.6459645964596463,0.9499999999987347,0.9246666530107256,0.9753333428971783
3.646464646464646,0.949999999998672,0.9246666530443326,0.9753333428736419
3.646964696469647,0.9499999999986098,0.9246666530778569,0.9753333428501634
3.6474647464746477,0.949999999998548,0.9246666531112987,0.9753333428267427
3.6479647964796476,0.9499999999984866,0.9246666531446582,0.9753333428033796
3.6484648464846483,0.9499999999984257,0.9246666531779356,0.975333342780074
3.648964896489649,0.9499999999983652,0.9246666532111312,0.9753333427568257
3.64946494649465,0.9499999999983051,0.9246666532442449,0.9753333427336347
3.6499649964996497,0.9499999999982455,0.9246666532772773,0.9753333427105007
3.6504650465046504,0.9499999999981863,0.9246666533102283,0.9753333426874237
3.650965096509651,0.9499999999981275,0.9246666533430983,0.9753333426644034
3.651465146514652,0.9499999999980691,0.9246666533758874,0.9753333426414398
3.651965196519652,0.9499999999980111,0.9246666534085957,0.9753333426185328
3.6524652465246525,0.9499999999979536,0.9246666534412236,0.975333342595682
3.6529652965296533,0.9499999999978965,0.9246666534737711,0.9753333425728876
3.653465346534653,0.9499999999978398,0.9246666535062386,0.9753333425501493
3.653965396539654,0.9499999999977835,0.9246666535386262,0.9753333425274668
3.6544654465446547,0.9499999999977277,0.924666653570934,0.9753333425048402
3.6549654965496554,0.9499999999976723,0.9246666536031624,0.9753333424822693
3.6554655465546553,0.9499999999976172,0.9246666536353114,0.9753333424597539
3.655965596559656,0.9499999999975626,0.9246666536673813,0.975333342437294
3.656465646564657,0.9499999999975083,0.9246666536993723,0.9753333424148893
3.6569656965696566,0.9499999999974544,0.9246666537312846,0.9753333423925398
3.6574657465746574,0.949999999997401,0.9246666537631183,0.9753333423702453
3.657965796579658,0.949999999997348,0.9246666537948738,0.9753333423480055
3.658465846584659,0.9499999999972953,0.924666653826551,0.9753333423258206
3.6589658965896588,0.9499999999972432,0.9246666538581503,0.9753333423036903
3.6594659465946595,0.9499999999971913,0.9246666538896717,0.9753333422816144
3.6599659965996603,0.9499999999971398,0.9246666539211157,0.9753333422595929
3.66046604660466,0.9499999999970888,0.9246666539524823,0.9753333422376255
3.660966096609661,0.9499999999970381,0.9246666539837717,0.9753333422157122
3.6614661466146616,0.9499999999969878,0.924666654014984,0.9753333421938528
3.6619661966196624,0.949999999996938,0.9246666540461196,0.9753333421720473
3.6624662466246622,0.9499999999968884,0.9246666540771785,0.9753333421502953
3.662966296629663,0.9499999999968394,0.924666654108161,0.975333342128597
3.6634663466346638,0.9499999999967906,0.9246666541390672,0.975333342106952
3.6639663966396636,0.9499999999967422,0.9246666541698975,0.9753333420853603
3.6644664466446644,0.9499999999966943,0.9246666542006517,0.9753333420638217
3.664966496649665,0.9499999999966466,0.9246666542313304,0.9753333420423361
3.665466546654666,0.9499999999965995,0.9246666542619335,0.9753333420209034
3.6659665966596657,0.9499999999965525,0.9246666542924613,0.9753333419995235
3.6664666466646665,0.9499999999965061,0.9246666543229141,0.9753333419781961
3.6669666966696672,0.9499999999964599,0.9246666543532918,0.9753333419569213
3.667466746674667,0.9499999999964142,0.9246666543835947,0.9753333419356988
3.667966796679668,0.9499999999963687,0.9246666544138231,0.9753333419145286
3.6684668466846686,0.9499999999963238,0.9246666544439772,0.9753333418934104
3.6689668966896694,0.9499999999962792,0.9246666544740569,0.9753333418723442
3.669466946694669,0.9499999999962349,0.9246666545040628,0.9753333418513298
3.66996699669967,0.9499999999961909,0.9246666545339947,0.9753333418303672
3.6704670467046707,0.9499999999961474,0.924666654563853,0.9753333418094562
3.6709670967096706,0.9499999999961041,0.9246666545936378,0.9753333417885967
3.6714671467146713,0.9499999999960612,0.9246666546233493,0.9753333417677884
3.671967196719672,0.9499999999960187,0.9246666546529877,0.9753333417470313
3.672467246724673,0.9499999999959766,0.9246666546825532,0.9753333417263254
3.6729672967296727,0.9499999999959348,0.9246666547120458,0.9753333417056703
3.6734673467346735,0.9499999999958934,0.9246666547414659,0.9753333416850662
3.673967396739674,0.9499999999958522,0.9246666547708136,0.9753333416645128
3.674467446744674,0.9499999999958114,0.924666654800089,0.9753333416440099
3.674967496749675,0.949999999995771,0.9246666548292924,0.9753333416235574
3.6754675467546756,0.9499999999957309,0.924666654858424,0.9753333416031553
3.6759675967596763,0.9499999999956912,0.9246666548874839,0.9753333415828035
3.676467646764676,0.9499999999956518,0.9246666549164723,0.9753333415625017
3.676967696769677,0.9499999999956127,0.9246666549453892,0.9753333415422498
3.6774677467746777,0.9499999999955739,0.9246666549742351,0.9753333415220479
3.6779677967796776,0.9499999999955355,0.9246666550030099,0.9753333415018957
3.6784678467846783,0.9499999999954976,0.924666655031714,0.975333341481793
3.678967896789679,0.9499999999954598,0.9246666550603474,0.9753333414617397
3.67946794679468,0.9499999999954224,0.9246666550889103,0.9753333414417359
3.6799679967996797,0.9499999999953853,0.924666655117403,0.9753333414217812
3.6804680468046804,0.9499999999953486,0.9246666551458255,0.9753333414018757
3.680968096809681,0.9499999999953121,0.9246666551741781,0.9753333413820192
3.681468146814682,0.9499999999952761,0.9246666552024608,0.9753333413622115
3.681968196819682,0.9499999999952402,0.924666655230674,0.9753333413424526
3.6824682468246825,0.9499999999952048,0.9246666552588179,0.9753333413227423
3.6829682968296833,0.9499999999951697,0.9246666552868923,0.9753333413030805
3.683468346834683,0.9499999999951348,0.9246666553148978,0.9753333412834672
3.683968396839684,0.9499999999951003,0.9246666553428342,0.975333341263902
3.6844684468446847,0.9499999999950661,0.924666655370702,0.975333341244385
3.6849684968496854,0.9499999999950323,0.9246666553985011,0.9753333412249161
3.6854685468546853,0.9499999999949987,0.9246666554262318,0.975333341205495
3.685968596859686,0.9499999999949654,0.9246666554538944,0.9753333411861218
3.686468646864687,0.9499999999949325,0.9246666554814889,0.9753333411667962
3.6869686968696866,0.9499999999948998,0.9246666555090153,0.9753333411475182
3.6874687468746874,0.9499999999948675,0.9246666555364741,0.9753333411282876
3.687968796879688,0.9499999999948355,0.9246666555638653,0.9753333411091044
3.688468846884689,0.9499999999948038,0.9246666555911891,0.9753333410899684
3.6889688968896888,0.9499999999947724,0.9246666556184456,0.9753333410708794
3.6894689468946895,0.9499999999947413,0.9246666556456351,0.9753333410518374
3.6899689968996903,0.9499999999947104,0.9246666556727576,0.9753333410328424
3.69046904690469,0.9499999999946799,0.9246666556998134,0.975333341013894
3.690969096909691,0.9499999999946497,0.9246666557268026,0.9753333409949924
3.6914691469146916,0.9499999999946197,0.9246666557537254,0.9753333409761371
3.6919691969196924,0.9499999999945901,0.924666655780582,0.9753333409573284
3.6924692469246922,0.9499999999945606,0.9246666558073725,0.9753333409385658
3.692969296929693,0.9499999999945317,0.924666655834097,0.9753333409198495
3.6934693469346938,0.9499999999945028,0.9246666558607557,0.9753333409011792
3.6939693969396936,0.9499999999944744,0.9246666558873489,0.9753333408825549
3.6944694469446944,0.9499999999944462,0.9246666559138765,0.9753333408639764
3.694969496949695,0.9499999999944182,0.924666655940339,0.9753333408454437
3.695469546954696,0.9499999999943906,0.9246666559667363,0.9753333408269564
3.6959695969596957,0.9499999999943632,0.9246666559930686,0.9753333408085147
3.6964696469646965,0.9499999999943362,0.9246666560193362,0.9753333407901185
3.6969696969696972,0.9499999999943093,0.924666656045539,0.9753333407717675
3.697469746974697,0.9499999999942829,0.9246666560716774,0.9753333407534617
3.697969796979698,0.9499999999942565,0.9246666560977514,0.9753333407352008
3.6984698469846986,0.9499999999942306,0.9246666561237614,0.975333340716985
3.6989698969896994,0.9499999999942049,0.9246666561497072,0.9753333406988139
3.699469946994699,0.9499999999941795,0.9246666561755893,0.9753333406806877
3.6999699969997,0.9499999999941543,0.9246666562014076,0.9753333406626059
3.7004700470047007,0.9499999999941294,0.9246666562271625,0.9753333406445688
3.7009700970097006,0.9499999999941048,0.9246666562528539,0.975333340626576
3.7014701470147013,0.9499999999940805,0.9246666562784821,0.9753333406086274
3.701970197019702,0.9499999999940564,0.9246666563040472,0.9753333405907231
3.702470247024703,0.9499999999940325,0.9246666563295495,0.9753333405728627
3.7029702970297027,0.949999999994009,0.9246666563549889,0.9753333405550464
3.7034703470347035,0.9499999999939857,0.9246666563803657,0.9753333405372739
3.703970397039704,0.9499999999939626,0.9246666564056801,0.9753333405195451
3.704470447044704,0.9499999999939398,0.9246666564309323,0.9753333405018599
3.704970497049705,0.9499999999939173,0.9246666564561222,0.9753333404842184
3.7054705470547056,0.949999999993895,0.9246666564812501,0.9753333404666202
3.7059705970597063,0.949999999993873,0.9246666565063163,0.9753333404490653
3.706470647064706,0.9499999999938512,0.9246666565313207,0.9753333404315536
3.706970697069707,0.9499999999938297,0.9246666565562636,0.975333340414085
3.7074707470747077,0.9499999999938085,0.9246666565811451,0.9753333403966594
3.7079707970797076,0.9499999999937874,0.9246666566059654,0.9753333403792768
3.7084708470847083,0.9499999999937666,0.9246666566307246,0.9753333403619368
3.708970897089709,0.9499999999937461,0.9246666566554228,0.9753333403446395
3.70947094709471,0.9499999999937259,0.9246666566800603,0.9753333403273848
3.7099709970997097,0.9499999999937058,0.9246666567046372,0.9753333403101726
3.7104710471047104,0.949999999993686,0.9246666567291535,0.9753333402930027
3.710971097109711,0.9499999999936665,0.9246666567536096,0.9753333402758751
3.711471147114712,0.9499999999936471,0.9246666567780054,0.9753333402587896
3.711971197119712,0.949999999993628,0.9246666568023413,0.9753333402417462
3.7124712471247125,0.9499999999936092,0.9246666568266172,0.9753333402247447
3.7129712971297133,0.9499999999935906,0.9246666568508334,0.9753333402077851
3.713471347134713,0.9499999999935723,0.92466665687499,0.9753333401908673
3.713971397139714,0.9499999999935541,0.924666656899087,0.975333340173991
3.7144714471447147,0.9499999999935362,0.9246666569231249,0.9753333401571562
3.7149714971497154,0.9499999999935186,0.9246666569471036,0.9753333401403629
3.7154715471547153,0.9499999999935012,0.9246666569710232,0.975333340123611
3.715971597159716,0.949999999993484,0.924666656994884,0.9753333401069002
3.716471647164717,0.949999999993467,0.9246666570186861,0.9753333400902305
3.7169716971697166,0.9499999999934502,0.9246666570424296,0.975333340073602
3.7174717471747174,0.9499999999934337,0.9246666570661146,0.9753333400570143
3.717971797179718,0.9499999999934173,0.9246666570897415,0.9753333400404675
3.718471847184719,0.9499999999934012,0.9246666571133101,0.9753333400239613
3.7189718971897188,0.9499999999933855,0.9246666571368207,0.9753333400074958
3.7194719471947195,0.9499999999933698,0.9246666571602735,0.9753333399910709
3.7199719971997203,0.9499999999933544,0.9246666571836686,0.9753333399746863
3.72047204720472,0.9499999999933392,0.924666657207006,0.975333339958342
3.720972097209721,0.9499999999933242,0.9246666572302861,0.975333339942038
3.7214721472147216,0.9499999999933094,0.9246666572535088,0.9753333399257741
3.7219721972197224,0.9499999999932949,0.9246666572766744,0.9753333399095502
3.7224722472247223,0.9499999999932806,0.924666657299783,0.9753333398933662
3.722972297229723,0.9499999999932663,0.9246666573228347,0.9753333398772221
3.7234723472347238,0.9499999999932525,0.9246666573458298,0.9753333398611178
3.7239723972397236,0.9499999999932388,0.9246666573687682,0.975333339845053
3.7244724472447244,0.9499999999932253,0.9246666573916501,0.9753333398290278
3.724972497249725,0.9499999999932119,0.9246666574144757,0.975333339813042
3.725472547254726,0.9499999999931988,0.9246666574372452,0.9753333397970956
3.7259725972597257,0.949999999993186,0.9246666574599587,0.9753333397811883
3.7264726472647265,0.9499999999931733,0.9246666574826162,0.9753333397653203
3.7269726972697272,0.9499999999931609,0.9246666575052179,0.9753333397494913
3.727472747274727,0.9499999999931485,0.9246666575277641,0.9753333397337013
3.727972797279728,0.9499999999931366,0.9246666575502548,0.9753333397179501
3.7284728472847286,0.9499999999931247,0.9246666575726901,0.9753333397022377
3.7289728972897294,0.949999999993113,0.9246666575950702,0.9753333396865639
3.7294729472947292,0.9499999999931015,0.9246666576173952,0.9753333396709287
3.72997299729973,0.9499999999930903,0.9246666576396654,0.975333339655332
3.7304730473047307,0.9499999999930792,0.9246666576618806,0.9753333396397736
3.7309730973097306,0.9499999999930683,0.9246666576840412,0.9753333396242536
3.7314731473147313,0.9499999999930575,0.9246666577061473,0.9753333396087718
3.731973197319732,0.9499999999930471,0.924666657728199,0.9753333395933281
3.732473247324733,0.9499999999930367,0.9246666577501964,0.9753333395779223
3.7329732973297327,0.9499999999930266,0.9246666577721396,0.9753333395625545
3.7334733473347335,0.9499999999930167,0.9246666577940289,0.9753333395472246
3.733973397339734,0.9499999999930069,0.9246666578158643,0.9753333395319322
3.734473447344734,0.9499999999929973,0.9246666578376459,0.9753333395166777
3.734973497349735,0.949999999992988,0.924666657859374,0.9753333395014605
3.7354735473547356,0.9499999999929788,0.9246666578810486,0.9753333394862809
3.7359735973597363,0.9499999999929698,0.9246666579026699,0.9753333394711386
3.736473647364736,0.9499999999929609,0.9246666579242379,0.9753333394560336
3.736973697369737,0.9499999999929523,0.9246666579457529,0.9753333394409658
3.7374737473747377,0.9499999999929438,0.9246666579672148,0.9753333394259349
3.7379737973797376,0.9499999999929356,0.924666657988624,0.9753333394109411
3.7384738473847383,0.9499999999929274,0.9246666580099805,0.9753333393959843
3.738973897389739,0.9499999999929195,0.9246666580312844,0.9753333393810643
3.73947394739474,0.9499999999929117,0.924666658052536,0.9753333393661808
3.7399739973997397,0.9499999999929042,0.9246666580737352,0.9753333393513341
3.7404740474047404,0.9499999999928967,0.9246666580948822,0.975333339336524
3.740974097409741,0.9499999999928895,0.9246666581159773,0.9753333393217503
3.741474147414742,0.9499999999928824,0.9246666581370203,0.9753333393070128
3.741974197419742,0.9499999999928755,0.9246666581580116,0.9753333392923117
3.7424742474247426,0.9499999999928689,0.9246666581789512,0.9753333392776468
3.7429742974297433,0.9499999999928623,0.9246666581998394,0.9753333392630179
3.743474347434743,0.9499999999928559,0.9246666582206761,0.9753333392484251
3.743974397439744,0.9499999999928497,0.9246666582414615,0.9753333392338682
3.7444744474447447,0.9499999999928437,0.9246666582621957,0.9753333392193471
3.7449744974497454,0.9499999999928377,0.924666658282879,0.9753333392048616
3.7454745474547453,0.949999999992832,0.9246666583035114,0.975333339190412
3.745974597459746,0.9499999999928265,0.9246666583240929,0.9753333391759978
3.746474647464747,0.949999999992821,0.9246666583446238,0.9753333391616191
3.7469746974697467,0.9499999999928158,0.9246666583651042,0.9753333391472758
3.7474747474747474,0.9499999999928107,0.9246666583855342,0.9753333391329678
3.747974797479748,0.9499999999928058,0.9246666584059139,0.975333339118695
3.748474847484749,0.949999999992801,0.9246666584262435,0.9753333391044574
3.7489748974897488,0.9499999999927964,0.9246666584465231,0.9753333390902548
3.7494749474947495,0.9499999999927919,0.9246666584667527,0.9753333390760871
3.7499749974997503,0.9499999999927877,0.9246666584869325,0.9753333390619543
3.75047504750475,0.9499999999927835,0.9246666585070626,0.9753333390478562
3.750975097509751,0.9499999999927795,0.9246666585271432,0.9753333390337929
3.7514751475147516,0.9499999999927757,0.9246666585471746,0.9753333390197642
3.7519751975197524,0.9499999999927721,0.9246666585671565,0.9753333390057699
3.7524752475247523,0.9499999999927685,0.9246666585870892,0.9753333389918102
3.752975297529753,0.9499999999927651,0.9246666586069728,0.9753333389778848
3.7534753475347538,0.9499999999927619,0.9246666586268076,0.9753333389639937
3.7539753975397536,0.9499999999927587,0.9246666586465936,0.9753333389501367
3.7544754475447544,0.9499999999927559,0.9246666586663308,0.9753333389363139
3.754975497549755,0.949999999992753,0.9246666586860195,0.975333338922525
3.755475547554756,0.9499999999927504,0.9246666587056597,0.9753333389087702
3.7559755975597557,0.9499999999927479,0.9246666587252516,0.9753333388950491
3.7564756475647565,0.9499999999927455,0.9246666587447953,0.9753333388813618
3.7569756975697572,0.9499999999927432,0.9246666587642909,0.9753333388677082
3.757475747574757,0.9499999999927412,0.9246666587837384,0.9753333388540882
3.757975797579758,0.9499999999927392,0.9246666588031381,0.9753333388405018
3.7584758475847586,0.9499999999927374,0.9246666588224902,0.9753333388269487
3.7589758975897594,0.9499999999927358,0.9246666588417946,0.975333338813429
3.7594759475947592,0.9499999999927342,0.9246666588610514,0.9753333387999426
3.75997599759976,0.9499999999927329,0.9246666588802609,0.9753333387864894
3.7604760476047607,0.9499999999927315,0.9246666588994231,0.9753333387730693
3.7609760976097606,0.9499999999927304,0.9246666589185382,0.9753333387596822
3.7614761476147613,0.9499999999927294,0.9246666589376061,0.975333338746328
3.761976197619762,0.9499999999927285,0.9246666589566273,0.9753333387330068
3.762476247624763,0.9499999999927279,0.9246666589756014,0.9753333387197183
3.7629762976297627,0.9499999999927273,0.924666658994529,0.9753333387064624
3.7634763476347635,0.9499999999927268,0.92466665901341,0.9753333386932393
3.763976397639764,0.9499999999927264,0.9246666590322445,0.9753333386800487
3.764476447644764,0.9499999999927263,0.9246666590510327,0.9753333386668905
3.764976497649765,0.9499999999927262,0.9246666590697746,0.9753333386537647
3.7654765476547656,0.9499999999927262,0.9246666590884705,0.9753333386406713
3.7659765976597663,0.9499999999927264,0.9246666591071202,0.97533333862761
3.766476647664766,0.9499999999927268,0.9246666591257242,0.9753333386145808
3.766976697669767,0.9499999999927271,0.9246666591442823,0.9753333386015838
3.7674767476747677,0.9499999999927277,0.9246666591627947,0.9753333385886187
3.7679767976797676,0.9499999999927283,0.9246666591812616,0.9753333385756856
3.7684768476847683,0.9499999999927292,0.924666659199683,0.9753333385627843
3.768976897689769,0.9499999999927301,0.9246666592180591,0.9753333385499147
3.76947694769477,0.9499999999927311,0.92466665923639,0.9753333385370767
3.7699769976997697,0.9499999999927323,0.9246666592546758,0.9753333385242704
3.7704770477047704,0.9499999999927335,0.9246666592729166,0.9753333385114956
3.770977097709771,0.949999999992735,0.9246666592911125,0.9753333384987523
3.771477147714772,0.9499999999927364,0.9246666593092636,0.9753333384860403
3.771977197719772,0.9499999999927381,0.92466665932737,0.9753333384733596
3.7724772477247726,0.9499999999927399,0.9246666593454319,0.97533333846071
3.7729772977297733,0.9499999999927417,0.9246666593634493,0.9753333384480917
3.773477347734773,0.9499999999927436,0.9246666593814223,0.9753333384355044
3.773977397739774,0.9499999999927458,0.9246666593993512,0.975333338422948
3.7744774477447747,0.949999999992748,0.9246666594172359,0.9753333384104226
3.7749774977497754,0.9499999999927502,0.9246666594350766,0.9753333383979279
3.7754775477547753,0.9499999999927526,0.9246666594528735,0.9753333383854641
3.775977597759776,0.9499999999927552,0.9246666594706265,0.9753333383730308
3.776477647764777,0.9499999999927579,0.9246666594883358,0.9753333383606283
3.7769776977697767,0.9499999999927605,0.9246666595060016,0.9753333383482562
3.7774777477747774,0.9499999999927634,0.9246666595236238,0.9753333383359145
3.777977797779778,0.9499999999927664,0.9246666595412028,0.9753333383236032
3.778477847784779,0.9499999999927694,0.9246666595587383,0.9753333383113223
3.7789778977897788,0.9499999999927726,0.9246666595762308,0.9753333382990717
3.7794779477947795,0.9499999999927758,0.9246666595936802,0.975333338286851
3.7799779977997803,0.9499999999927793,0.9246666596110867,0.9753333382746605
3.78047804780478,0.9499999999927827,0.9246666596284504,0.9753333382625
3.780978097809781,0.9499999999927863,0.9246666596457713,0.9753333382503694
3.7814781478147816,0.9499999999927901,0.9246666596630496,0.9753333382382686
3.7819781978197824,0.9499999999927938,0.9246666596802854,0.9753333382261977
3.7824782478247823,0.9499999999927977,0.9246666596974787,0.9753333382141565
3.782978297829783,0.9499999999928017,0.9246666597146298,0.9753333382021449
3.7834783478347838,0.9499999999928057,0.9246666597317386,0.9753333381901628
3.7839783978397836,0.9499999999928099,0.9246666597488054,0.9753333381782102
3.7844784478447844,0.9499999999928143,0.9246666597658301,0.9753333381662871
3.784978497849785,0.9499999999928186,0.9246666597828129,0.9753333381543933
3.785478547854786,0.949999999992823,0.9246666597997539,0.9753333381425288
3.7859785978597857,0.9499999999928277,0.9246666598166533,0.9753333381306933
3.7864786478647865,0.9499999999928324,0.924666659833511,0.9753333381188871
3.7869786978697872,0.949999999992837,0.9246666598503273,0.97533333810711
3.787478747874787,0.9499999999928419,0.9246666598671022,0.9753333380953618
3.787978797879788,0.9499999999928469,0.9246666598838358,0.9753333380836425
3.7884788478847886,0.9499999999928519,0.9246666599005282,0.9753333380719521
3.7889788978897894,0.949999999992857,0.9246666599171796,0.9753333380602905
3.7894789478947892,0.9499999999928622,0.9246666599337899,0.9753333380486575
3.78997899789979,0.9499999999928675,0.9246666599503593,0.9753333380370532
3.7904790479047907,0.9499999999928729,0.9246666599668881,0.9753333380254775
3.7909790979097906,0.9499999999928784,0.9246666599833762,0.9753333380139302
3.7914791479147913,0.949999999992884,0.9246666599998236,0.9753333380024113
3.791979197919792,0.9499999999928896,0.9246666600162305,0.9753333379909208
3.792479247924793,0.9499999999928953,0.9246666600325971,0.9753333379794585
3.7929792979297927,0.9499999999929012,0.9246666600489235,0.9753333379680246
3.7934793479347935,0.9499999999929071,0.9246666600652096,0.9753333379566187
3.793979397939794,0.9499999999929131,0.9246666600814557,0.9753333379452408
3.794479447944794,0.9499999999929192,0.9246666600976617,0.975333337933891
3.794979497949795,0.9499999999929253,0.9246666601138279,0.9753333379225692
3.7954795479547956,0.9499999999929316,0.9246666601299544,0.9753333379112751
3.7959795979597963,0.9499999999929379,0.924666660146041,0.9753333379000089
3.796479647964796,0.9499999999929443,0.9246666601620882,0.9753333378887704
3.796979697969797,0.9499999999929508,0.9246666601780958,0.9753333378775595
3.7974797479747977,0.9499999999929574,0.9246666601940641,0.9753333378663762
3.7979797979797976,0.949999999992964,0.9246666602099931,0.9753333378552206
3.7984798479847983,0.9499999999929707,0.9246666602258828,0.9753333378440923
3.798979897989799,0.9499999999929775,0.9246666602417335,0.9753333378329914
3.7994799479948,0.9499999999929843,0.9246666602575451,0.9753333378219178
3.7999799979997997,0.9499999999929913,0.9246666602733178,0.9753333378108715
3.8004800480048004,0.9499999999929983,0.9246666602890518,0.9753333377998523
3.800980098009801,0.9499999999930054,0.924666660304747,0.9753333377888603
3.801480148014802,0.9499999999930127,0.9246666603204035,0.9753333377778953
3.801980198019802,0.9499999999930199,0.9246666603360215,0.9753333377669573
3.8024802480248026,0.9499999999930272,0.9246666603516012,0.9753333377560462
3.8029802980298033,0.9499999999930346,0.9246666603671424,0.9753333377451621
3.803480348034803,0.9499999999930421,0.9246666603826454,0.9753333377343046
3.803980398039804,0.9499999999930496,0.9246666603981103,0.975333337723474
3.8044804480448047,0.9499999999930573,0.9246666604135371,0.9753333377126698
3.8049804980498054,0.949999999993065,0.9246666604289259,0.9753333377018925
3.8054805480548053,0.9499999999930727,0.9246666604442769,0.9753333376911415
3.805980598059806,0.9499999999930805,0.92466666045959,0.975333337680417
3.806480648064807,0.9499999999930884,0.9246666604748656,0.9753333376697189
3.8069806980698067,0.9499999999930964,0.9246666604901035,0.9753333376590472
3.8074807480748074,0.9499999999931044,0.9246666605053039,0.9753333376484016
3.807980798079808,0.9499999999931125,0.9246666605204669,0.9753333376377823
3.808480848084809,0.9499999999931206,0.9246666605355925,0.9753333376271891
3.8089808980898088,0.9499999999931288,0.924666660550681,0.9753333376166221
3.8094809480948095,0.9499999999931371,0.9246666605657323,0.975333337606081
3.8099809980998103,0.9499999999931454,0.9246666605807466,0.9753333375955658
3.81048104810481,0.9499999999931539,0.924666660595724,0.9753333375850766
3.810981098109811,0.9499999999931623,0.9246666606106644,0.975333337574613
3.8114811481148116,0.9499999999931709,0.9246666606255681,0.9753333375641754
3.8119811981198124,0.9499999999931795,0.9246666606404351,0.9753333375537634
3.8124812481248123,0.9499999999931882,0.9246666606552656,0.9753333375433769
3.812981298129813,0.9499999999931968,0.9246666606700595,0.9753333375330161
3.8134813481348138,0.9499999999932057,0.9246666606848171,0.9753333375226808
3.8139813981398136,0.9499999999932145,0.9246666606995383,0.9753333375123708
3.8144814481448144,0.9499999999932234,0.9246666607142233,0.9753333375020863
3.814981498149815,0.9499999999932324,0.9246666607288722,0.9753333374918272
3.815481548154816,0.9499999999932414,0.9246666607434849,0.9753333374815931
3.8159815981598157,0.9499999999932505,0.9246666607580618,0.9753333374713843
3.8164816481648165,0.9499999999932597,0.9246666607726027,0.9753333374612007
3.8169816981698172,0.9499999999932688,0.9246666607871079,0.9753333374510421
3.817481748174817,0.9499999999932781,0.9246666608015774,0.9753333374409084
3.817981798179818,0.9499999999932873,0.9246666608160113,0.9753333374307998
3.8184818481848186,0.9499999999932968,0.9246666608304097,0.975333337420716
3.8189818981898194,0.9499999999933061,0.9246666608447726,0.9753333374106571
3.8194819481948192,0.9499999999933156,0.9246666608591001,0.9753333374006228
3.81998199819982,0.9499999999933251,0.9246666608733924,0.9753333373906133
3.8204820482048207,0.9499999999933347,0.9246666608876496,0.9753333373806284
3.8209820982098206,0.9499999999933443,0.9246666609018717,0.9753333373706681
3.8214821482148214,0.949999999993354,0.9246666609160588,0.9753333373607322
3.821982198219822,0.9499999999933637,0.9246666609302109,0.975333337350821
3.822482248224823,0.9499999999933735,0.9246666609443281,0.975333337340934
3.8229822982298227,0.9499999999933834,0.9246666609584108,0.9753333373310713
3.8234823482348235,0.9499999999933932,0.9246666609724586,0.975333337321233
3.823982398239824,0.9499999999934031,0.924666660986472,0.9753333373114188
3.824482448244824,0.9499999999934131,0.9246666610004508,0.9753333373016289
3.824982498249825,0.9499999999934231,0.9246666610143953,0.9753333372918629
3.8254825482548256,0.9499999999934332,0.9246666610283054,0.975333337282121
3.8259825982598263,0.9499999999934433,0.9246666610421813,0.9753333372724031
3.826482648264826,0.9499999999934535,0.924666661056023,0.9753333372627092
3.826982698269827,0.9499999999934637,0.9246666610698308,0.9753333372530391
3.8274827482748277,0.949999999993474,0.9246666610836045,0.9753333372433928
3.8279827982798276,0.9499999999934843,0.9246666610973443,0.9753333372337701
3.8284828482848283,0.9499999999934946,0.9246666611110502,0.9753333372241713
3.828982898289829,0.949999999993505,0.9246666611247225,0.975333337214596
3.82948294829483,0.9499999999935155,0.9246666611383612,0.9753333372050442
3.8299829982998297,0.9499999999935259,0.9246666611519663,0.9753333371955161
3.8304830483048304,0.9499999999935365,0.9246666611655378,0.9753333371860113
3.830983098309831,0.949999999993547,0.9246666611790759,0.9753333371765299
3.831483148314832,0.9499999999935577,0.9246666611925808,0.9753333371670719
3.831983198319832,0.9499999999935683,0.9246666612060525,0.9753333371576371
3.8324832483248326,0.949999999993579,0.9246666612194909,0.9753333371482256
3.8329832983298333,0.9499999999935897,0.9246666612328963,0.9753333371388372
3.833483348334833,0.9499999999936005,0.9246666612462687,0.9753333371294719
3.833983398339834,0.9499999999936113,0.9246666612596083,0.9753333371201297
3.8344834483448347,0.9499999999936222,0.9246666612729149,0.9753333371108105
3.8349834983498354,0.949999999993633,0.9246666612861888,0.9753333371015142
3.8354835483548353,0.9499999999936439,0.9246666612994301,0.9753333370922408
3.835983598359836,0.9499999999936549,0.9246666613126387,0.9753333370829902
3.836483648364837,0.9499999999936659,0.9246666613258149,0.9753333370737624
3.8369836983698367,0.9499999999936769,0.9246666613389587,0.9753333370645572
3.8374837483748374,0.949999999993688,0.92466666135207,0.9753333370553747
3.837983798379838,0.9499999999936991,0.9246666613651492,0.9753333370462148
3.838483848384839,0.9499999999937103,0.9246666613781961,0.9753333370370775
3.838983898389839,0.9499999999937215,0.9246666613912109,0.9753333370279627
3.8394839483948395,0.9499999999937327,0.9246666614041937,0.9753333370188703
3.8399839983998403,0.949999999993744,0.9246666614171446,0.9753333370098002
3.84048404840484,0.9499999999937553,0.9246666614300635,0.9753333370007525
3.840984098409841,0.9499999999937666,0.9246666614429507,0.9753333369917271
3.8414841484148416,0.9499999999937779,0.9246666614558062,0.9753333369827238
3.8419841984198424,0.9499999999937893,0.92466666146863,0.9753333369737427
3.8424842484248423,0.9499999999938007,0.9246666614814223,0.9753333369647837
3.842984298429843,0.9499999999938121,0.9246666614941831,0.9753333369558468
3.8434843484348438,0.9499999999938237,0.9246666615069125,0.9753333369469319
3.8439843984398436,0.9499999999938351,0.9246666615196105,0.9753333369380389
3.8444844484448444,0.9499999999938467,0.9246666615322773,0.9753333369291678
3.844984498449845,0.9499999999938583,0.924666661544913,0.9753333369203185
3.845484548454846,0.9499999999938699,0.9246666615575175,0.9753333369114909
3.8459845984598457,0.9499999999938815,0.924666661570091,0.9753333369026852
3.8464846484648465,0.9499999999938932,0.9246666615826336,0.9753333368939011
3.8469846984698473,0.9499999999939048,0.9246666615951453,0.9753333368851386
3.847484748474847,0.9499999999939166,0.9246666616076262,0.9753333368763977
3.847984798479848,0.9499999999939284,0.9246666616200765,0.9753333368676783
3.8484848484848486,0.9499999999939401,0.924666661632496,0.9753333368589803
3.8489848984898494,0.9499999999939519,0.924666661644885,0.9753333368503038
3.8494849484948492,0.9499999999939638,0.9246666616572435,0.9753333368416486
3.84998499849985,0.9499999999939756,0.9246666616695716,0.9753333368330147
3.8504850485048507,0.9499999999939874,0.9246666616818694,0.975333336824402
3.8509850985098506,0.9499999999939994,0.9246666616941369,0.9753333368158106
3.8514851485148514,0.9499999999940113,0.9246666617063741,0.9753333368072402
3.851985198519852,0.9499999999940233,0.9246666617185814,0.975333336798691
3.852485248524853,0.9499999999940353,0.9246666617307585,0.9753333367901629
3.8529852985298527,0.9499999999940473,0.9246666617429057,0.9753333367816557
3.8534853485348535,0.9499999999940593,0.924666661755023,0.9753333367731694
3.8539853985398542,0.9499999999940714,0.9246666617671104,0.975333336764704
3.854485448544854,0.9499999999940835,0.9246666617791681,0.9753333367562594
3.854985498549855,0.9499999999940956,0.9246666617911962,0.9753333367478357
3.8554855485548556,0.9499999999941077,0.9246666618031947,0.9753333367394327
3.8559855985598563,0.9499999999941198,0.9246666618151635,0.9753333367310504
3.856485648564856,0.949999999994132,0.924666661827103,0.9753333367226886
3.856985698569857,0.9499999999941441,0.924666661839013,0.9753333367143475
3.8574857485748577,0.9499999999941563,0.9246666618508939,0.9753333367060268
3.8579857985798576,0.9499999999941686,0.9246666618627454,0.9753333366977267
3.8584858485848583,0.9499999999941808,0.9246666618745677,0.975333336689447
3.858985898589859,0.949999999994193,0.924666661886361,0.9753333366811877
3.85948594859486,0.9499999999942054,0.9246666618981252,0.9753333366729487
3.8599859985998597,0.9499999999942177,0.9246666619098606,0.97533333666473
3.8604860486048604,0.94999999999423,0.9246666619215669,0.9753333366565314
3.860986098609861,0.9499999999942423,0.9246666619332445,0.9753333366483531
3.861486148614862,0.9499999999942547,0.9246666619448934,0.975333336640195
3.861986198619862,0.9499999999942671,0.9246666619565136,0.9753333366320568
3.8624862486248626,0.9499999999942794,0.9246666619681052,0.9753333366239387
3.8629862986298633,0.9499999999942919,0.9246666619796683,0.9753333366158405
3.863486348634863,0.9499999999943043,0.9246666619912028,0.9753333366077624
3.863986398639864,0.9499999999943167,0.9246666620027091,0.9753333365997041
3.8644864486448647,0.9499999999943293,0.924666662014187,0.9753333365916657
3.8649864986498654,0.9499999999943417,0.9246666620256367,0.975333336583647
3.8654865486548653,0.9499999999943542,0.9246666620370582,0.9753333365756479
3.865986598659866,0.9499999999943667,0.9246666620484516,0.9753333365676686
3.866486648664867,0.9499999999943792,0.9246666620598168,0.975333336559709
3.8669866986698667,0.9499999999943918,0.9246666620711542,0.975333336551769
3.8674867486748674,0.9499999999944043,0.9246666620824637,0.9753333365438485
3.867986798679868,0.9499999999944169,0.9246666620937454,0.9753333365359474
3.868486848684869,0.9499999999944294,0.9246666621049993,0.9753333365280659
3.868986898689869,0.9499999999944421,0.9246666621162254,0.9753333365202037
3.8694869486948695,0.9499999999944546,0.924666662127424,0.9753333365123609
3.8699869986998703,0.9499999999944673,0.9246666621385949,0.9753333365045374
3.87048704870487,0.9499999999944799,0.9246666621497385,0.975333336496733
3.870987098709871,0.9499999999944926,0.9246666621608546,0.975333336488948
3.8714871487148717,0.9499999999945052,0.9246666621719433,0.9753333364811821
3.8719871987198724,0.9499999999945179,0.9246666621830046,0.9753333364734353
3.8724872487248723,0.9499999999945306,0.9246666621940389,0.9753333364657075
3.872987298729873,0.9499999999945432,0.924666662205046,0.9753333364579989
3.8734873487348738,0.949999999994556,0.9246666622160259,0.9753333364503092
3.8739873987398736,0.9499999999945686,0.9246666622269789,0.9753333364426383
3.8744874487448744,0.9499999999945814,0.9246666622379048,0.9753333364349863
3.874987498749875,0.9499999999945941,0.924666662248804,0.9753333364273532
3.875487548754876,0.9499999999946068,0.9246666622596762,0.975333336419739
3.8759875987598758,0.9499999999946196,0.9246666622705217,0.9753333364121434
3.8764876487648765,0.9499999999946324,0.9246666622813405,0.9753333364045664
3.8769876987698773,0.9499999999946451,0.9246666622921328,0.9753333363970081
3.877487748774877,0.9499999999946579,0.9246666623028984,0.9753333363894685
3.877987798779878,0.9499999999946707,0.9246666623136376,0.9753333363819474
3.8784878487848786,0.9499999999946834,0.9246666623243504,0.9753333363744449
3.8789878987898794,0.9499999999946962,0.9246666623350367,0.9753333363669607
3.8794879487948792,0.9499999999947091,0.9246666623456967,0.975333336359495
3.87998799879988,0.9499999999947218,0.9246666623563305,0.9753333363520478
3.8804880488048807,0.9499999999947347,0.9246666623669382,0.9753333363446187
3.8809880988098806,0.9499999999947475,0.9246666623775197,0.975333336337208
3.8814881488148814,0.9499999999947604,0.9246666623880753,0.9753333363298156
3.881988198819882,0.9499999999947731,0.9246666623986048,0.9753333363224412
3.882488248824883,0.949999999994786,0.9246666624091084,0.9753333363150851
3.8829882988298827,0.9499999999947989,0.9246666624195862,0.9753333363077471
3.8834883488348835,0.9499999999948117,0.9246666624300381,0.9753333363004271
3.8839883988398842,0.9499999999948245,0.9246666624404645,0.9753333362931251
3.884488448844884,0.9499999999948374,0.924666662450865,0.9753333362858412
3.884988498849885,0.9499999999948503,0.9246666624612401,0.9753333362785751
3.8854885488548856,0.9499999999948632,0.9246666624715896,0.9753333362713269
3.8859885988598863,0.949999999994876,0.9246666624819135,0.9753333362640966
3.886488648864886,0.9499999999948889,0.9246666624922122,0.975333336256884
3.886988698869887,0.9499999999949018,0.9246666625024854,0.9753333362496892
3.8874887488748877,0.9499999999949147,0.9246666625127333,0.9753333362425121
3.8879887988798876,0.9499999999949276,0.9246666625229562,0.9753333362353527
3.8884888488848883,0.9499999999949404,0.9246666625331537,0.9753333362282108
3.888988898889889,0.9499999999949533,0.9246666625433262,0.9753333362210866
3.88948894889489,0.9499999999949662,0.9246666625534736,0.9753333362139799
3.8899889988998897,0.9499999999949791,0.9246666625635962,0.9753333362068907
3.8904890489048904,0.9499999999949921,0.9246666625736938,0.9753333361998189
3.890989098909891,0.949999999995005,0.9246666625837665,0.9753333361927645
3.891489148914892,0.9499999999950178,0.9246666625938145,0.9753333361857275
3.891989198919892,0.9499999999950307,0.9246666626038377,0.9753333361787079
3.8924892489248926,0.9499999999950436,0.9246666626138362,0.9753333361717054
3.8929892989298933,0.9499999999950565,0.9246666626238101,0.9753333361647203
3.893489348934893,0.9499999999950695,0.9246666626337595,0.9753333361577522
3.893989398939894,0.9499999999950823,0.9246666626436845,0.9753333361508014
3.8944894489448947,0.9499999999950952,0.9246666626535849,0.9753333361438676
3.8949894989498954,0.9499999999951081,0.924666662663461,0.975333336136951
3.8954895489548953,0.949999999995121,0.9246666626733129,0.9753333361300514
3.895989598959896,0.949999999995134,0.9246666626831405,0.9753333361231686
3.896489648964897,0.9499999999951468,0.9246666626929438,0.9753333361163029
3.8969896989698967,0.9499999999951597,0.924666662702723,0.975333336109454
3.8974897489748974,0.9499999999951726,0.9246666627124782,0.9753333361026221
3.897989798979898,0.9499999999951855,0.9246666627222094,0.975333336095807
3.898489848984899,0.9499999999951984,0.9246666627319167,0.9753333360890085
3.898989898989899,0.9499999999952113,0.9246666627416,0.9753333360822269
3.8994899489948995,0.9499999999952242,0.9246666627512595,0.9753333360754619
3.8999899989999003,0.9499999999952371,0.9246666627608953,0.9753333360687136
3.9004900490049,0.94999999999525,0.9246666627705074,0.9753333360619819
3.900990099009901,0.9499999999952629,0.9246666627800957,0.9753333360552667
3.9014901490149017,0.9499999999952757,0.9246666627896605,0.9753333360485681
3.9019901990199024,0.9499999999952886,0.9246666627992017,0.975333336041886
3.9024902490249023,0.9499999999953014,0.9246666628087195,0.9753333360352202
3.902990299029903,0.9499999999953143,0.9246666628182137,0.975333336028571
3.9034903490349038,0.9499999999953271,0.9246666628276847,0.9753333360219381
3.9039903990399036,0.94999999999534,0.9246666628371324,0.9753333360153215
3.9044904490449044,0.9499999999953529,0.9246666628465569,0.9753333360087211
3.904990499049905,0.9499999999953657,0.924666662855958,0.975333336002137
3.905490549054906,0.9499999999953785,0.9246666628653362,0.9753333359955692
3.9059905990599058,0.9499999999953914,0.9246666628746911,0.9753333359890174
3.9064906490649065,0.9499999999954042,0.9246666628840231,0.9753333359824818
3.9069906990699073,0.9499999999954171,0.9246666628933321,0.9753333359759624
3.907490749074907,0.9499999999954298,0.9246666629026182,0.9753333359694589
3.907990799079908,0.9499999999954427,0.9246666629118815,0.9753333359629714
3.9084908490849086,0.9499999999954555,0.924666662921122,0.9753333359565
3.9089908990899094,0.9499999999954684,0.9246666629303396,0.9753333359500443
3.9094909490949092,0.9499999999954811,0.9246666629395347,0.9753333359436047
3.90999099909991,0.9499999999954939,0.9246666629487071,0.9753333359371809
3.9104910491049107,0.9499999999955067,0.9246666629578569,0.9753333359307729
3.9109910991099106,0.9499999999955194,0.9246666629669842,0.9753333359243805
3.9114911491149114,0.9499999999955322,0.9246666629760891,0.9753333359180041
3.911991199119912,0.949999999995545,0.9246666629851715,0.9753333359116433
3.912491249124913,0.9499999999955577,0.9246666629942316,0.975333335905298
3.9129912991299127,0.9499999999955705,0.9246666630032694,0.9753333358989685
3.9134913491349135,0.9499999999955833,0.924666663012285,0.9753333358926546
3.9139913991399142,0.9499999999955959,0.9246666630212783,0.9753333358863561
3.914491449144914,0.9499999999956087,0.9246666630302496,0.9753333358800732
3.914991499149915,0.9499999999956215,0.9246666630391988,0.9753333358738057
3.9154915491549156,0.9499999999956341,0.9246666630481258,0.9753333358675537
3.9159915991599163,0.9499999999956468,0.924666663057031,0.975333335861317
3.916491649164916,0.9499999999956595,0.9246666630659143,0.9753333358550956
3.916991699169917,0.9499999999956722,0.9246666630747756,0.9753333358488896
3.9174917491749177,0.9499999999956849,0.9246666630836152,0.9753333358426989
3.9179917991799176,0.9499999999956975,0.9246666630924331,0.9753333358365234
3.9184918491849183,0.9499999999957102,0.9246666631012291,0.9753333358303631
3.918991899189919,0.9499999999957228,0.9246666631100037,0.9753333358242179
3.91949194919492,0.9499999999957355,0.9246666631187566,0.9753333358180879
3.9199919991999197,0.9499999999957481,0.9246666631274879,0.975333335811973
3.9204920492049204,0.9499999999957607,0.9246666631361977,0.9753333358058731
3.920992099209921,0.9499999999957733,0.9246666631448861,0.9753333357997882
3.921492149214922,0.9499999999957859,0.9246666631535532,0.9753333357937183
3.921992199219922,0.9499999999957985,0.9246666631621989,0.9753333357876633
3.9224922492249226,0.9499999999958111,0.9246666631708234,0.9753333357816233
3.9229922992299233,0.9499999999958236,0.9246666631794265,0.9753333357755981
3.923492349234923,0.9499999999958362,0.9246666631880085,0.9753333357695877
3.923992399239924,0.9499999999958487,0.9246666631965694,0.9753333357635922
3.9244924492449247,0.9499999999958613,0.9246666632051093,0.9753333357576113
3.9249924992499254,0.9499999999958738,0.9246666632136281,0.9753333357516453
3.9254925492549253,0.9499999999958862,0.924666663222126,0.9753333357456938
3.925992599259926,0.9499999999958988,0.924666663230603,0.975333335739757
3.926492649264927,0.9499999999959112,0.924666663239059,0.9753333357338348
3.9269926992699267,0.9499999999959238,0.9246666632474942,0.9753333357279272
3.9274927492749274,0.9499999999959362,0.9246666632559088,0.9753333357220342
3.927992799279928,0.9499999999959486,0.9246666632643026,0.9753333357161557
3.928492849284929,0.9499999999959611,0.9246666632726758,0.9753333357102916
3.928992899289929,0.9499999999959735,0.9246666632810283,0.9753333357044419
3.9294929492949295,0.9499999999959859,0.9246666632893603,0.9753333356986067
3.9299929992999303,0.9499999999959983,0.9246666632976718,0.9753333356927858
3.93049304930493,0.9499999999960107,0.9246666633059628,0.9753333356869792
3.930993099309931,0.949999999996023,0.9246666633142335,0.975333335681187
3.9314931493149317,0.9499999999960355,0.9246666633224837,0.9753333356754089
3.9319931993199324,0.9499999999960478,0.9246666633307137,0.9753333356696451
3.9324932493249323,0.9499999999960601,0.9246666633389234,0.9753333356638955
3.932993299329933,0.9499999999960724,0.924666663347113,0.97533333565816
3.9334933493349338,0.9499999999960848,0.9246666633552824,0.9753333356524387
3.9339933993399336,0.9499999999960971,0.9246666633634316,0.9753333356467314
3.9344934493449344,0.9499999999961093,0.9246666633715608,0.9753333356410382
3.934993499349935,0.9499999999961216,0.92466666337967,0.975333335635359
3.935493549354936,0.9499999999961338,0.9246666633877592,0.9753333356296937
3.9359935993599358,0.949999999996146,0.9246666633958285,0.9753333356240425
3.9364936493649365,0.9499999999961583,0.924666663403878,0.9753333356184051
3.9369936993699373,0.9499999999961705,0.9246666634119076,0.9753333356127815
3.937493749374937,0.9499999999961827,0.9246666634199175,0.9753333356071718
3.937993799379938,0.9499999999961949,0.9246666634279077,0.975333335601576
3.9384938493849386,0.949999999996207,0.9246666634358782,0.9753333355959939
3.9389938993899394,0.9499999999962192,0.9246666634438292,0.9753333355904255
3.9394939493949392,0.9499999999962313,0.9246666634517605,0.9753333355848708
3.93999399939994,0.9499999999962434,0.9246666634596723,0.9753333355793299
3.9404940494049407,0.9499999999962555,0.9246666634675647,0.9753333355738025
3.9409940994099406,0.9499999999962676,0.9246666634754377,0.9753333355682887
3.9414941494149414,0.9499999999962797,0.9246666634832912,0.9753333355627886
3.941994199419942,0.9499999999962918,0.9246666634911255,0.9753333355573018
3.942494249424943,0.9499999999963038,0.9246666634989403,0.9753333355518288
3.9429942994299427,0.9499999999963158,0.9246666635067361,0.975333335546369
3.9434943494349435,0.9499999999963279,0.9246666635145127,0.9753333355409228
3.9439943994399442,0.9499999999963399,0.92466666352227,0.97533333553549
3.944494449444944,0.9499999999963519,0.9246666635300083,0.9753333355300705
3.944994499449945,0.9499999999963638,0.9246666635377275,0.9753333355246644
3.9454945494549456,0.9499999999963757,0.9246666635454278,0.9753333355192716
3.9459945994599464,0.9499999999963876,0.9246666635531091,0.975333335513892
3.946494649464946,0.9499999999963996,0.9246666635607715,0.9753333355085257
3.946994699469947,0.9499999999964115,0.9246666635684151,0.9753333355031726
3.9474947494749477,0.9499999999964234,0.9246666635760399,0.9753333354978326
3.9479947994799476,0.9499999999964353,0.9246666635836458,0.9753333354925059
3.9484948494849483,0.949999999996447,0.9246666635912331,0.9753333354871921
3.948994899489949,0.9499999999964589,0.9246666635988017,0.9753333354818916
3.94949494949495,0.9499999999964707,0.9246666636063516,0.9753333354766041
3.9499949994999497,0.9499999999964825,0.9246666636138829,0.9753333354713295
3.9504950495049505,0.9499999999964943,0.9246666636213958,0.9753333354660679
3.950995099509951,0.9499999999965061,0.9246666636288902,0.9753333354608192
3.951495149514952,0.9499999999965177,0.9246666636363661,0.9753333354555835
3.951995199519952,0.9499999999965295,0.9246666636438237,0.9753333354503607
3.9524952495249526,0.9499999999965412,0.9246666636512628,0.9753333354451508
3.9529952995299533,0.9499999999965529,0.9246666636586837,0.9753333354399536
3.953495349534953,0.9499999999965646,0.9246666636660862,0.9753333354347693
3.953995399539954,0.9499999999965762,0.9246666636734706,0.9753333354295977
3.9544954495449547,0.9499999999965879,0.9246666636808368,0.9753333354244388
3.9549954995499554,0.9499999999965995,0.9246666636881848,0.9753333354192927
3.9554955495549553,0.9499999999966111,0.9246666636955149,0.9753333354141591
3.955995599559956,0.9499999999966227,0.9246666637028268,0.9753333354090383
3.956495649564957,0.9499999999966342,0.9246666637101207,0.97533333540393
3.9569956995699567,0.9499999999966457,0.9246666637173967,0.9753333353988343
3.9574957495749574,0.9499999999966573,0.9246666637246549,0.9753333353937511
3.957995799579958,0.9499999999966688,0.9246666637318951,0.9753333353886805
3.958495849584959,0.9499999999966803,0.9246666637391175,0.9753333353836223
3.958995899589959,0.9499999999966918,0.9246666637463221,0.9753333353785766
3.9594959495949595,0.9499999999967033,0.924666663753509,0.9753333353735433
3.9599959995999603,0.9499999999967147,0.9246666637606783,0.9753333353685224
3.96049604960496,0.9499999999967261,0.9246666637678299,0.9753333353635139
3.960996099609961,0.9499999999967375,0.9246666637749639,0.9753333353585176
3.9614961496149617,0.9499999999967489,0.9246666637820803,0.9753333353535336
3.9619961996199624,0.9499999999967602,0.9246666637891792,0.9753333353485619
3.9624962496249623,0.9499999999967715,0.9246666637962606,0.9753333353436026
3.962996299629963,0.9499999999967829,0.9246666638033246,0.9753333353386553
3.9634963496349638,0.9499999999967942,0.9246666638103713,0.9753333353337202
3.9639963996399636,0.9499999999968055,0.9246666638174006,0.9753333353287973
3.9644964496449644,0.9499999999968167,0.9246666638244125,0.9753333353238866
3.964996499649965,0.9499999999968279,0.9246666638314073,0.9753333353189878
3.965496549654966,0.9499999999968392,0.9246666638383848,0.9753333353141012
3.9659965996599658,0.9499999999968504,0.9246666638453451,0.9753333353092265
3.9664966496649665,0.9499999999968616,0.9246666638522884,0.9753333353043638
3.9669966996699673,0.9499999999968728,0.9246666638592145,0.9753333352995132
3.967496749674967,0.9499999999968839,0.9246666638661236,0.9753333352946745
3.967996799679968,0.949999999996895,0.9246666638730157,0.9753333352898477
3.9684968496849686,0.9499999999969061,0.9246666638798908,0.9753333352850327
3.9689968996899694,0.9499999999969172,0.924666663886749,0.9753333352802296
3.9694969496949692,0.9499999999969283,0.9246666638935903,0.9753333352754383
3.96999699969997,0.9499999999969393,0.9246666639004149,0.9753333352706588
3.9704970497049707,0.9499999999969504,0.9246666639072225,0.9753333352658912
3.9709970997099706,0.9499999999969614,0.9246666639140134,0.9753333352611351
3.9714971497149714,0.9499999999969724,0.9246666639207877,0.9753333352563909
3.971997199719972,0.9499999999969833,0.9246666639275453,0.9753333352516582
3.972497249724973,0.9499999999969942,0.9246666639342862,0.9753333352469373
3.9729972997299727,0.9499999999970051,0.9246666639410105,0.975333335242228
3.9734973497349735,0.949999999997016,0.9246666639477183,0.9753333352375302
3.9739973997399742,0.949999999997027,0.9246666639544096,0.975333335232844
3.974497449744974,0.9499999999970378,0.9246666639610844,0.9753333352281693
3.974997499749975,0.9499999999970486,0.9246666639677428,0.9753333352235062
3.9754975497549756,0.9499999999970594,0.9246666639743848,0.9753333352188545
3.9759975997599764,0.9499999999970703,0.9246666639810104,0.9753333352142143
3.976497649764976,0.9499999999970811,0.9246666639876198,0.9753333352095854
3.976997699769977,0.9499999999970918,0.9246666639942128,0.975333335204968
3.9774977497749777,0.9499999999971025,0.9246666640007897,0.9753333352003619
3.9779977997799776,0.9499999999971133,0.9246666640073504,0.9753333351957673
3.9784978497849783,0.9499999999971239,0.924666664013895,0.9753333351911838
3.978997899789979,0.9499999999971346,0.9246666640204233,0.9753333351866117
3.97949794979498,0.9499999999971452,0.9246666640269358,0.9753333351820508
3.9799979997999797,0.9499999999971559,0.924666664033432,0.9753333351775012
3.9804980498049805,0.9499999999971666,0.9246666640399124,0.9753333351729627
3.980998099809981,0.9499999999971771,0.9246666640463768,0.9753333351684353
3.981498149814982,0.9499999999971876,0.9246666640528253,0.9753333351639193
3.981998199819982,0.9499999999971982,0.9246666640592579,0.9753333351594142
3.9824982498249826,0.9499999999972087,0.9246666640656747,0.9753333351549203
3.9829982998299833,0.9499999999972193,0.9246666640720757,0.9753333351504374
3.983498349834983,0.9499999999972297,0.9246666640784609,0.9753333351459655
3.983998399839984,0.9499999999972402,0.9246666640848304,0.9753333351415047
3.9844984498449847,0.9499999999972506,0.9246666640911843,0.9753333351370548
3.9849984998499854,0.949999999997261,0.9246666640975225,0.9753333351326159
3.9854985498549853,0.9499999999972715,0.9246666641038451,0.9753333351281879
3.985998599859986,0.9499999999972818,0.9246666641101522,0.9753333351237707
3.986498649864987,0.9499999999972921,0.9246666641164437,0.9753333351193645
3.9869986998699867,0.9499999999973024,0.9246666641227197,0.9753333351149691
3.9874987498749874,0.9499999999973128,0.9246666641289804,0.9753333351105845
3.987998799879988,0.9499999999973231,0.9246666641352256,0.9753333351062108
3.988498849884989,0.9499999999973333,0.9246666641414554,0.9753333351018477
3.988998899889989,0.9499999999973436,0.9246666641476698,0.9753333350974954
3.9894989498949895,0.9499999999973539,0.9246666641538691,0.9753333350931539
3.9899989998999903,0.9499999999973641,0.924666664160053,0.975333335088823
3.99049904990499,0.9499999999973742,0.9246666641662218,0.9753333350845028
3.990999099909991,0.9499999999973844,0.9246666641723753,0.9753333350801932
3.9914991499149917,0.9499999999973945,0.9246666641785137,0.9753333350758941
3.9919991999199924,0.9499999999974046,0.9246666641846369,0.9753333350716058
3.9924992499249923,0.9499999999974147,0.9246666641907453,0.9753333350673279
3.992999299929993,0.9499999999974248,0.9246666641968384,0.9753333350630606
3.993499349934994,0.9499999999974348,0.9246666642029167,0.9753333350588038
3.9939993999399936,0.9499999999974449,0.9246666642089799,0.9753333350545574
3.9944994499449944,0.9499999999974549,0.9246666642150282,0.9753333350503215
3.994999499949995,0.9499999999974648,0.9246666642210616,0.9753333350460961
3.995499549954996,0.9499999999974748,0.9246666642270802,0.975333335041881
3.9959995999599958,0.9499999999974847,0.924666664233084,0.9753333350376763
3.9964996499649965,0.9499999999974946,0.924666664239073,0.975333335033482
3.9969996999699973,0.9499999999975045,0.9246666642450473,0.9753333350292979
3.997499749974997,0.9499999999975144,0.9246666642510069,0.9753333350251241
3.997999799979998,0.9499999999975243,0.9246666642569517,0.9753333350209606
3.9984998499849986,0.949999999997534,0.924666664262882,0.9753333350168074
3.9989998999899994,0.9499999999975438,0.9246666642687976,0.9753333350126645
3.9994999499949992,0.9499999999975536,0.9246666642746988,0.9753333350085317
4.0,0.9499999999975633,0.9246666642805853,0.975333335004409
